Frame,aggregate_count,total_peptides_in_aggregate,avg_aggregate_size
0,13,823,63.3
1,15,1083,72.2
2,14,1044,74.6
3,18,1190,66.1
4,14,1049,74.9
5,15,1112,74.1
6,22,1572,71.4
7,21,1551,73.9
8,22,1470,66.8
9,23,1753,76.2
10,24,1768,73.7
11,23,1648,71.6
12,22,1590,72.3
13,23,1729,75.2
14,22,1717,78.0
15,26,1871,72.0
16,25,1803,72.1
17,25,1841,73.6
18,25,1909,76.4
19,25,1926,77.0
20,21,1594,75.9
21,31,2220,71.6
22,29,2293,79.1
23,30,2313,77.1
24,30,2330,77.7
25,33,2445,74.1
26,25,1996,79.8
27,31,2395,77.3
28,31,2432,78.4
29,29,2327,80.2
30,28,2169,77.5
31,25,2110,84.4
32,29,2503,86.3
33,28,2489,88.9
34,31,2576,83.1
35,33,2855,86.5
36,34,2881,84.7
37,36,2991,83.1
38,37,2885,78.0
39,28,2529,90.3
40,35,3030,86.6
41,30,2682,89.4
42,34,2947,86.7
43,31,2909,93.8
44,31,2783,89.8
45,32,2953,92.3
46,31,2864,92.4
47,36,3226,89.6
48,34,3311,97.4
49,32,3004,93.9
50,31,3107,100.2
51,34,3253,95.7
52,35,3274,93.5
53,39,3481,89.3
54,36,3619,100.5
55,37,3563,96.3
56,36,3546,98.5
57,34,3576,105.2
58,36,3574,99.3
59,39,3570,91.5
60,39,3823,98.0
61,37,3629,98.1
62,38,3643,95.9
63,33,3622,109.8
64,31,3446,111.2
65,34,3479,102.3
66,35,3561,101.7
67,34,3551,104.4
68,33,3714,112.6
69,37,3721,100.6
70,36,3874,107.6
71,36,3736,103.8
72,34,3752,110.4
73,35,3909,111.7
74,35,3988,113.9
75,36,4020,111.7
76,32,3812,119.1
77,35,3885,111.0
78,34,3742,110.1
79,35,3936,112.5
80,36,4190,116.4
81,35,3971,113.5
82,36,3889,108.0
83,33,3854,116.8
84,35,3913,111.8
85,33,3808,115.4
86,37,3951,106.8
87,33,3768,114.2
88,34,3717,109.3
89,36,3908,108.6
90,35,4019,114.8
91,35,3878,110.8
92,34,4020,118.2
93,36,4268,118.6
94,34,3995,117.5
95,33,3830,116.1
96,32,4111,128.5
97,34,4067,119.6
98,33,3932,119.2
99,36,4206,116.8
100,34,4181,123.0
101,31,4005,129.2
102,32,4071,127.2
103,34,4301,126.5
104,32,3920,122.5
105,32,4047,126.5
106,32,4042,126.3
107,35,4016,114.7
108,34,4163,122.4
109,32,3923,122.6
110,32,3830,119.7
111,32,4197,131.2
112,35,4278,122.2
113,32,4185,130.8
114,34,4245,124.8
115,34,4248,124.9
116,35,4272,122.1
117,35,4306,123.0
118,33,4110,124.6
119,35,4318,123.4
120,31,4264,137.6
121,31,4270,137.7
122,36,4196,116.6
123,34,4077,119.9
124,31,4216,136.0
125,33,4118,124.8
126,29,4086,140.9
127,30,4246,141.5
128,31,4361,140.7
129,36,4310,119.7
130,35,4396,125.6
131,30,4281,142.7
132,34,4232,124.5
133,36,4301,119.5
134,33,4140,125.4
135,29,4272,147.3
136,30,4092,136.4
137,35,4276,122.2
138,33,4263,129.2
139,30,4450,148.3
140,28,4455,159.1
141,29,4345,149.8
142,28,4415,157.7
143,30,4486,149.5
144,28,4409,157.5
145,29,4447,153.3
146,31,4506,145.4
147,29,4275,147.4
148,30,4465,148.8
149,32,4588,143.4
150,26,4532,174.3
151,27,4571,169.3
152,26,4530,174.2
153,24,4408,183.7
154,26,4390,168.8
155,29,4398,151.7
156,27,4503,166.8
157,24,4455,185.6
158,27,4429,164.0
159,29,4458,153.7
160,28,4588,163.9
161,28,4706,168.1
162,26,4536,174.5
163,26,4565,175.6
164,26,4474,172.1
165,26,4594,176.7
166,25,4538,181.5
167,26,4365,167.9
168,24,4360,181.7
169,25,4316,172.6
170,25,4306,172.2
171,26,4409,169.6
172,29,4607,158.9
173,28,4432,158.3
174,26,4487,172.6
175,27,4423,163.8
176,31,4642,149.7
177,30,4585,152.8
178,27,4667,172.8
179,25,4470,178.8
180,25,4693,187.7
181,25,4352,174.1
182,29,4475,154.3
183,28,4516,161.3
184,28,4483,160.1
185,30,4568,152.3
186,25,4465,178.6
187,24,4615,192.3
188,27,4590,170.0
189,25,4551,182.0
190,23,4578,199.0
191,23,4676,203.3
192,26,4705,181.0
193,29,4674,161.2
194,24,4705,196.0
195,28,4564,163.0
196,25,4714,188.6
197,25,4731,189.2
198,25,4775,191.0
199,23,4716,205.0
200,24,4715,196.5
201,26,4754,182.8
202,23,4746,206.4
203,25,4736,189.4
204,24,4699,195.8
205,24,4685,195.2
206,24,4631,193.0
207,23,4660,202.6
208,23,4685,203.7
209,24,4654,193.9
210,25,4659,186.4
211,25,4682,187.3
212,25,4717,188.7
213,23,4630,201.3
214,23,4596,199.8
215,23,4641,201.8
216,26,4848,186.5
217,22,4691,213.2
218,22,4600,209.1
219,22,4589,208.6
220,23,4663,202.7
221,24,4775,199.0
222,22,4717,214.4
223,24,4844,201.8
224,21,4721,224.8
225,23,4785,208.0
226,25,4861,194.4
227,26,4646,178.7
228,27,4759,176.3
229,25,4526,181.0
230,24,4740,197.5
231,23,4693,204.0
232,26,4667,179.5
233,26,4812,185.1
234,27,4653,172.3
235,23,4705,204.6
236,27,4792,177.5
237,26,4797,184.5
238,28,4914,175.5
239,28,4879,174.2
240,26,4800,184.6
241,26,4814,185.2
242,28,4863,173.7
243,26,4804,184.8
244,27,4818,178.4
245,26,4783,184.0
246,26,4898,188.4
247,27,4793,177.5
248,26,4782,183.9
249,24,4759,198.3
250,25,4860,194.4
251,24,4735,197.3
252,25,4797,191.9
253,26,4812,185.1
254,26,4796,184.5
255,25,4700,188.0
256,24,4855,202.3
257,26,4899,188.4
258,26,4857,186.8
259,22,4840,220.0
260,22,4812,218.7
261,27,4970,184.1
262,25,4860,194.4
263,24,4811,200.5
264,21,4766,227.0
265,24,4917,204.9
266,21,4769,227.1
267,21,4741,225.8
268,24,4804,200.2
269,24,4912,204.7
270,26,4989,191.9
271,24,4950,206.2
272,22,4930,224.1
273,22,4866,221.2
274,21,4909,233.8
275,22,4801,218.2
276,21,4857,231.3
277,21,4851,231.0
278,23,4925,214.1
279,25,5032,201.3
280,25,4983,199.3
281,25,5022,200.9
282,25,5056,202.2
283,24,4979,207.5
284,25,4891,195.6
285,24,4912,204.7
286,26,4990,191.9
287,26,4896,188.3
288,26,4902,188.5
289,26,5046,194.1
290,24,5082,211.8
291,23,5008,217.7
292,24,4931,205.5
293,24,5023,209.3
294,25,4995,199.8
295,26,5064,194.8
296,26,4875,187.5
297,26,4878,187.6
298,27,4889,181.1
299,25,4992,199.7
300,24,5021,209.2
301,25,5123,204.9
302,26,5095,196.0
303,23,4941,214.8
304,27,5038,186.6
305,23,4900,213.0
306,23,4926,214.2
307,23,4900,213.0
308,22,4909,223.1
309,23,4873,211.9
310,24,4892,203.8
311,25,5062,202.5
312,24,4920,205.0
313,24,5021,209.2
314,21,4848,230.9
315,21,4924,234.5
316,21,4942,235.3
317,23,5086,221.1
318,25,5128,205.1
319,24,5105,212.7
320,27,5184,192.0
321,23,5044,219.3
322,24,5181,215.9
323,25,5098,203.9
324,21,4924,234.5
325,23,4980,216.5
326,24,5104,212.7
327,24,5055,210.6
328,22,4987,226.7
329,24,5066,211.1
330,23,5021,218.3
331,22,4920,223.6
332,27,5125,189.8
333,25,4966,198.6
334,25,4975,199.0
335,26,5121,197.0
336,25,5028,201.1
337,23,5119,222.6
338,22,5110,232.3
339,23,5166,224.6
340,23,5189,225.6
341,24,5220,217.5
342,23,5257,228.6
343,23,5299,230.4
344,23,5328,231.6
345,24,5265,219.4
346,22,5283,240.1
347,21,5263,250.6
348,24,5224,217.7
349,23,5163,224.5
350,26,5210,200.4
351,23,5243,228.0
352,24,5287,220.3
353,25,5336,213.4
354,24,5268,219.5
355,25,5302,212.1
356,23,5218,226.9
357,22,5131,233.2
358,25,5286,211.4
359,22,5131,233.2
360,24,5099,212.5
361,23,5083,221.0
362,24,5189,216.2
363,24,5126,213.6
364,23,5078,220.8
365,25,5209,208.4
366,25,5224,209.0
367,25,5226,209.0
368,25,5201,208.0
369,25,5187,207.5
370,23,5102,221.8
371,24,5164,215.2
372,23,5188,225.6
373,24,5221,217.5
374,24,5303,221.0
375,23,5296,230.3
376,24,5229,217.9
377,26,5412,208.2
378,24,5271,219.6
379,23,5207,226.4
380,22,5303,241.0
381,22,5302,241.0
382,21,5332,253.9
383,24,5336,222.3
384,25,5334,213.4
385,21,5345,254.5
386,26,5354,205.9
387,24,5262,219.2
388,25,5240,209.6
389,22,5277,239.9
390,22,5382,244.6
391,22,5398,245.4
392,26,5396,207.5
393,26,5400,207.7
394,22,5388,244.9
395,22,5352,243.3
396,24,5331,222.1
397,21,5391,256.7
398,20,5190,259.5
399,23,5191,225.7
400,24,5341,222.5
401,22,5320,241.8
402,23,5319,231.3
403,21,5182,246.8
404,21,5190,247.1
405,20,5163,258.2
406,21,5236,249.3
407,21,5289,251.9
408,22,5268,239.4
409,21,5302,252.5
410,21,5308,252.8
411,25,5236,209.4
412,22,5348,243.1
413,22,5357,243.5
414,23,5360,233.0
415,23,5346,232.4
416,23,5337,232.0
417,22,5338,242.6
418,21,5246,249.8
419,21,5341,254.3
420,24,5347,222.8
421,22,5257,239.0
422,22,5241,238.2
423,22,5320,241.8
424,22,5281,240.0
425,22,5367,244.0
426,21,5284,251.6
427,22,5258,239.0
428,22,5278,239.9
429,24,5326,221.9
430,25,5406,216.2
431,25,5379,215.2
432,21,5263,250.6
433,23,5258,228.6
434,22,5275,239.8
435,21,5171,246.2
436,24,5380,224.2
437,24,5498,229.1
438,23,5479,238.2
439,22,5418,246.3
440,21,5360,255.2
441,22,5511,250.5
442,23,5514,239.7
443,22,5465,248.4
444,22,5415,246.1
445,21,5365,255.5
446,20,5344,267.2
447,20,5350,267.5
448,19,5218,274.6
449,19,5258,276.7
450,21,5400,257.1
451,22,5386,244.8
452,19,5262,277.0
453,20,5294,264.7
454,21,5344,254.5
455,21,5483,261.1
456,21,5426,258.4
457,21,5442,259.1
458,21,5503,262.0
459,22,5501,250.0
460,21,5487,261.3
461,22,5496,249.8
462,19,5349,281.5
463,20,5394,269.7
464,20,5444,272.2
465,21,5503,262.0
466,19,5402,284.3
467,20,5538,276.9
468,22,5553,252.4
469,24,5576,232.3
470,22,5619,255.4
471,21,5575,265.5
472,24,5524,230.2
473,24,5519,230.0
474,23,5458,237.3
475,23,5575,242.4
476,24,5425,226.0
477,19,5548,292.0
478,20,5541,277.0
479,20,5437,271.8
480,20,5426,271.3
481,20,5541,277.0
482,20,5592,279.6
483,21,5641,268.6
484,22,5616,255.3
485,22,5520,250.9
486,21,5559,264.7
487,21,5510,262.4
488,19,5439,286.3
489,20,5473,273.6
490,22,5551,252.3
491,19,5527,290.9
492,20,5509,275.4
493,19,5575,293.4
494,19,5461,287.4
495,18,5596,310.9
496,20,5605,280.2
497,18,5640,313.3
498,18,5646,313.7
499,18,5641,313.4
500,19,5644,297.0
501,18,5598,311.0
502,19,5562,292.7
503,19,5626,296.1
504,21,5634,268.3
505,18,5634,313.0
506,23,5597,243.4
507,20,5681,284.0
508,21,5648,269.0
509,19,5593,294.4
510,16,5508,344.2
511,18,5601,311.2
512,18,5637,313.2
513,20,5655,282.8
514,20,5590,279.5
515,20,5681,284.0
516,23,5537,240.7
517,23,5498,239.0
518,23,5568,242.1
519,24,5648,235.3
520,22,5605,254.8
521,19,5572,293.3
522,22,5663,257.4
523,23,5599,243.4
524,19,5553,292.3
525,23,5600,243.5
526,20,5680,284.0
527,18,5454,303.0
528,23,5569,242.1
529,23,5555,241.5
530,21,5666,269.8
531,21,5474,260.7
532,19,5430,285.8
533,19,5386,283.5
534,20,5351,267.6
535,22,5713,259.7
536,22,5687,258.5
537,20,5650,282.5
538,21,5587,266.0
539,19,5597,294.6
540,19,5555,292.4
541,19,5480,288.4
542,21,5563,264.9
543,18,5517,306.5
544,20,5566,278.3
545,20,5571,278.6
546,19,5515,290.3
547,17,5498,323.4
548,17,5570,327.6
549,19,5609,295.2
550,19,5634,296.5
551,20,5704,285.2
552,19,5652,297.5
553,19,5665,298.2
554,21,5706,271.7
555,18,5629,312.7
556,18,5615,311.9
557,17,5630,331.2
558,19,5723,301.2
559,23,5726,249.0
560,18,5666,314.8
561,19,5703,300.2
562,19,5664,298.1
563,18,5657,314.3
564,18,5708,317.1
565,18,5646,313.7
566,17,5592,328.9
567,20,5647,282.4
568,19,5640,296.8
569,19,5645,297.1
570,19,5689,299.4
571,18,5679,315.5
572,18,5702,316.8
573,18,5718,317.7
574,18,5697,316.5
575,18,5677,315.4
576,18,5671,315.1
577,18,5682,315.7
578,18,5677,315.4
579,18,5696,316.4
580,18,5681,315.6
581,19,5715,300.8
582,16,5575,348.4
583,19,5672,298.5
584,18,5674,315.2
585,18,5615,311.9
586,18,5609,311.6
587,20,5658,282.9
588,17,5570,327.6
589,20,5684,284.2
590,19,5678,298.8
591,19,5659,297.8
592,18,5662,314.6
593,20,5699,285.0
594,21,5763,274.4
595,21,5818,277.0
596,19,5682,299.0
597,19,5700,300.0
598,18,5673,315.2
599,17,5632,331.3
600,17,5608,329.9
601,19,5729,301.5
602,18,5701,316.7
603,19,5692,299.6
604,18,5661,314.5
605,18,5586,310.3
606,17,5632,331.3
607,17,5612,330.1
608,17,5559,327.0
609,18,5635,313.1
610,18,5685,315.8
611,17,5694,334.9
612,18,5635,313.1
613,18,5628,312.7
614,18,5591,310.6
615,17,5541,325.9
616,17,5573,327.8
617,16,5557,347.3
618,18,5639,313.3
619,18,5583,310.2
620,17,5596,329.2
621,17,5540,325.9
622,18,5594,310.8
623,18,5557,308.7
624,19,5636,296.6
625,18,5573,309.6
626,19,5659,297.8
627,19,5730,301.6
628,20,5667,283.4
629,19,5601,294.8
630,20,5680,284.0
631,20,5679,284.0
632,19,5638,296.7
633,17,5640,331.8
634,18,5663,314.6
635,19,5673,298.6
636,17,5545,326.2
637,17,5604,329.6
638,16,5543,346.4
639,16,5609,350.6
640,12,5562,463.5
641,17,5587,328.6
642,16,5575,348.4
643,17,5629,331.1
644,18,5687,315.9
645,17,5561,327.1
646,19,5696,299.8
647,15,5475,365.0
648,15,5466,364.4
649,14,5464,390.3
650,13,5606,431.2
651,13,5648,434.5
652,13,5605,431.2
653,13,5598,430.6
654,13,5625,432.7
655,13,5590,430.0
656,13,5614,431.8
657,13,5566,428.2
658,15,5567,371.1
659,14,5562,397.3
660,13,5609,431.5
661,13,5521,424.7
662,13,5521,424.7
663,14,5519,394.2
664,14,5538,395.6
665,14,5591,399.4
666,14,5600,400.0
667,14,5607,400.5
668,14,5640,402.9
669,17,5637,331.6
670,13,5521,424.7
671,18,5588,310.4
672,14,5687,406.2
673,14,5620,401.4
674,14,5569,397.8
675,16,5624,351.5
676,16,5702,356.4
677,14,5569,397.8
678,15,5639,375.9
679,15,5632,375.5
680,15,5661,377.4
681,15,5601,373.4
682,16,5630,351.9
683,15,5568,371.2
684,16,5660,353.8
685,15,5616,374.4
686,15,5583,372.2
687,15,5555,370.3
688,18,5601,311.2
689,19,5605,295.0
690,15,5584,372.3
691,14,5540,395.7
692,14,5523,394.5
693,15,5611,374.1
694,14,5531,395.1
695,14,5548,396.3
696,15,5597,373.1
697,14,5508,393.4
698,14,5561,397.2
699,14,5563,397.4
700,14,5550,396.4
701,15,5610,374.0
702,14,5567,397.6
703,13,5481,421.6
704,14,5518,394.1
705,14,5568,397.7
706,14,5544,396.0
707,13,5494,422.6
708,14,5564,397.4
709,13,5547,426.7
710,12,5513,459.4
711,15,5688,379.2
712,15,5680,378.7
713,13,5529,425.3
714,10,5464,546.4
715,11,5453,495.7
716,14,5488,392.0
717,16,5695,355.9
718,14,5593,399.5
719,12,5518,459.8
720,12,5506,458.8
721,14,5552,396.6
722,13,5670,436.2
723,12,5586,465.5
724,12,5568,464.0
725,13,5567,428.2
726,12,5585,465.4
727,13,5576,428.9
728,14,5670,405.0
729,12,5497,458.1
730,12,5489,457.4
731,11,5524,502.2
732,11,5564,505.8
733,12,5578,464.8
734,11,5595,508.6
735,12,5575,464.6
736,14,5650,403.6
737,12,5632,469.3
738,12,5614,467.8
739,14,5656,404.0
740,13,5683,437.2
741,15,5717,381.1
742,13,5745,441.9
743,15,5764,384.3
744,13,5721,440.1
745,13,5648,434.5
746,14,5680,405.7
747,13,5675,436.5
748,12,5606,467.2
749,12,5622,468.5
750,14,5719,408.5
751,14,5642,403.0
752,13,5650,434.6
753,14,5736,409.7
754,13,5668,436.0
755,12,5618,468.2
756,13,5694,438.0
757,13,5692,437.8
758,13,5709,439.2
759,12,5650,470.8
760,12,5697,474.8
761,12,5650,470.8
762,12,5676,473.0
763,12,5723,476.9
764,12,5704,475.3
765,12,5706,475.5
766,12,5776,481.3
767,12,5738,478.2
768,12,5744,478.7
769,12,5736,478.0
770,12,5737,478.1
771,11,5740,521.8
772,11,5742,522.0
773,11,5722,520.2
774,11,5756,523.3
775,11,5735,521.4
776,11,5705,518.6
777,10,5597,559.7
778,10,5640,564.0
779,9,5630,625.6
780,9,5589,621.0
781,8,5568,696.0
782,9,5596,621.8
783,8,5634,704.2
784,9,5592,621.3
785,9,5619,624.3
786,9,5667,629.7
787,9,5697,633.0
788,9,5633,625.9
789,9,5639,626.6
790,9,5717,635.2
791,10,5725,572.5
792,11,5757,523.4
793,10,5675,567.5
794,9,5623,624.8
795,11,5696,517.8
796,10,5660,566.0
797,9,5593,621.4
798,9,5539,615.4
799,11,5677,516.1
800,11,5689,517.2
801,11,5687,517.0
802,11,5686,516.9
803,11,5620,510.9
804,11,5757,523.4
805,11,5702,518.4
806,11,5701,518.3
807,11,5718,519.8
808,12,5766,480.5
809,12,5756,479.7
810,11,5789,526.3
811,11,5792,526.6
812,11,5802,527.4
813,11,5803,527.6
814,11,5815,528.6
815,11,5766,524.2
816,11,5800,527.3
817,10,5771,577.1
818,10,5816,581.6
819,10,5770,577.0
820,10,5772,577.2
821,11,5776,525.1
822,10,5727,572.7
823,11,5736,521.4
824,11,5726,520.6
825,12,5781,481.8
826,11,5701,518.3
827,10,5640,564.0
828,11,5738,521.6
829,11,5755,523.2
830,10,5720,572.0
831,9,5724,636.0
832,9,5715,635.0
833,9,5713,634.8
834,9,5698,633.1
835,8,5700,712.5
836,9,5777,641.9
837,10,5845,584.5
838,10,5797,579.7
839,11,5803,527.6
840,10,5741,574.1
841,10,5801,580.1
842,11,5807,527.9
843,11,5841,531.0
844,10,5804,580.4
845,10,5778,577.8
846,10,5729,572.9
847,10,5746,574.6
848,10,5753,575.3
849,8,5683,710.4
850,9,5760,640.0
851,9,5809,645.4
852,9,5800,644.4
853,9,5772,641.3
854,10,5776,577.6
855,10,5843,584.3
856,9,5772,641.3
857,9,5798,644.2
858,8,5766,720.8
859,9,5812,645.8
860,9,5807,645.2
861,9,5852,650.2
862,9,5857,650.8
863,9,5878,653.1
864,9,5906,656.2
865,9,5847,649.7
866,9,5855,650.6
867,9,5881,653.4
868,9,5852,650.2
869,9,5874,652.7
870,9,5770,641.1
871,10,5782,578.2
872,11,5857,532.4
873,11,5833,530.3
874,10,5822,582.2
875,12,5959,496.6
876,9,5787,643.0
877,10,5858,585.8
878,10,5857,585.7
879,10,5878,587.8
880,11,5938,539.8
881,10,5860,586.0
882,9,5823,647.0
883,9,5816,646.2
884,11,5859,532.6
885,11,5873,533.9
886,10,5816,581.6
887,10,5824,582.4
888,10,5823,582.3
889,10,5856,585.6
890,10,5862,586.2
891,10,5878,587.8
892,10,5783,578.3
893,10,5797,579.7
894,10,5784,578.4
895,11,5878,534.4
896,10,5809,580.9
897,10,5799,579.9
898,11,5780,525.4
899,11,5800,527.3
900,11,5799,527.2
901,11,5784,525.8
902,10,5715,571.5
903,10,5794,579.4
904,10,5772,577.2
905,10,5808,580.8
906,10,5787,578.7
907,10,5812,581.2
908,11,5833,530.3
909,11,5845,531.4
910,11,5875,534.1
911,10,5807,580.7
912,10,5819,581.9
913,10,5788,578.8
914,10,5775,577.5
915,9,5779,642.1
916,9,5814,646.0
917,9,5814,646.0
918,9,5883,653.7
919,9,5886,654.0
920,9,5884,653.8
921,9,5923,658.1
922,10,6008,600.8
923,9,5932,659.1
924,9,5934,659.3
925,9,5936,659.6
926,10,5997,599.7
927,10,5982,598.2
928,10,5979,597.9
929,10,5983,598.3
930,9,5938,659.8
931,9,5897,655.2
932,9,5900,655.6
933,9,5920,657.8
934,9,5895,655.0
935,9,5923,658.1
936,9,5937,659.7
937,9,5903,655.9
938,9,5871,652.3
939,9,5895,655.0
940,9,5931,659.0
941,9,5872,652.4
942,9,5853,650.3
943,10,5889,588.9
944,10,5885,588.5
945,10,5886,588.6
946,10,5871,587.1
947,10,5847,584.7
948,11,5878,534.4
949,12,5936,494.7
950,9,5838,648.7
951,12,6025,502.1
952,11,5966,542.4
953,11,5849,531.7
954,11,5944,540.4
955,11,5882,534.7
956,10,5883,588.3
957,10,5898,589.8
958,10,5877,587.7
959,11,5901,536.4
960,10,5817,581.7
961,11,5843,531.2
962,12,5920,493.3
963,13,5911,454.7
964,12,5908,492.3
965,11,5864,533.1
966,11,5857,532.4
967,11,5907,537.0
968,11,5905,536.8
969,11,5914,537.6
970,11,5880,534.6
971,11,5874,534.0
972,11,5851,531.9
973,11,5817,528.8
974,11,5801,527.4
975,11,5830,530.0
976,11,5819,529.0
977,11,5815,528.6
978,11,5766,524.2
979,12,5851,487.6
980,12,5909,492.4
981,12,5887,490.6
982,11,5874,534.0
983,11,5885,535.0
984,11,5856,532.4
985,11,5841,531.0
986,11,5824,529.4
987,12,5888,490.7
988,12,5909,492.4
989,12,5861,488.4
990,12,5843,486.9
991,12,5876,489.7
992,12,5855,487.9
993,12,5879,489.9
994,12,5886,490.5
995,12,5867,488.9
996,12,5848,487.3
997,12,5850,487.5
998,12,5826,485.5
999,12,5849,487.4
1000,12,5835,486.2
1001,12,5831,485.9
1002,12,5837,486.4
1003,11,5864,533.1
1004,12,5854,487.8
1005,12,5847,487.2
1006,12,5874,489.5
1007,12,5878,489.8
1008,12,5880,490.0
1009,12,5852,487.7
1010,12,5891,490.9
1011,12,5892,491.0
1012,12,5926,493.8
1013,12,5915,492.9
1014,12,5904,492.0
1015,12,5882,490.2
1016,11,5805,527.7
1017,12,5785,482.1
1018,12,5853,487.8
1019,13,5865,451.2
1020,13,5870,451.5
1021,13,5925,455.8
1022,13,5874,451.8
1023,12,5903,491.9
1024,12,5901,491.8
1025,13,5923,455.6
1026,12,5863,488.6
1027,12,5899,491.6
1028,12,5882,490.2
1029,12,5880,490.0
1030,12,5873,489.4
1031,12,5881,490.1
1032,12,5865,488.8
1033,13,5921,455.5
1034,13,5892,453.2
1035,13,5908,454.5
1036,13,5882,452.5
1037,14,5954,425.3
1038,14,5966,426.1
1039,13,5942,457.1
1040,13,5954,458.0
1041,13,5967,459.0
1042,13,5959,458.4
1043,13,5960,458.5
1044,12,5878,489.8
1045,12,5916,493.0
1046,12,5883,490.2
1047,12,5897,491.4
1048,12,5860,488.3
1049,14,5965,426.1
1050,13,5934,456.5
1051,13,5942,457.1
1052,12,5836,486.3
1053,12,5872,489.3
1054,13,5929,456.1
1055,13,5938,456.8
1056,13,5902,454.0
1057,14,5932,423.7
1058,13,5837,449.0
1059,13,5906,454.3
1060,15,5965,397.7
1061,13,5901,453.9
1062,13,5876,452.0
1063,13,5905,454.2
1064,13,5881,452.4
1065,14,5916,422.6
1066,15,5918,394.5
1067,15,5955,397.0
1068,15,5946,396.4
1069,14,5934,423.9
1070,14,5930,423.6
1071,13,5945,457.3
1072,13,5939,456.8
1073,13,5955,458.1
1074,13,5965,458.8
1075,13,5926,455.8
1076,14,6017,429.8
1077,13,5921,455.5
1078,13,5934,456.5
1079,12,5888,490.7
1080,12,5877,489.8
1081,12,5901,491.8
1082,12,5884,490.3
1083,13,5898,453.7
1084,11,5796,526.9
1085,14,5942,424.4
1086,11,5834,530.4
1087,10,5802,580.2
1088,11,5854,532.2
1089,11,5860,532.7
1090,11,5775,525.0
1091,11,5787,526.1
1092,10,5751,575.1
1093,11,5761,523.7
1094,11,5771,524.6
1095,11,5809,528.1
1096,11,5807,527.9
1097,10,5773,577.3
1098,11,5854,532.2
1099,10,5761,576.1
1100,11,5832,530.2
1101,11,5879,534.4
1102,11,5847,531.6
1103,11,5822,529.3
1104,11,5825,529.6
1105,10,5765,576.5
1106,11,5791,526.4
1107,11,5801,527.4
1108,11,5824,529.4
1109,11,5848,531.6
1110,12,5879,489.9
1111,12,5891,490.9
1112,11,5839,530.8
1113,12,5878,489.8
1114,12,5833,486.1
1115,11,5805,527.7
1116,11,5820,529.1
1117,11,5771,524.6
1118,12,5761,480.1
1119,11,5810,528.2
1120,12,5782,481.8
1121,12,5757,479.8
1122,12,5749,479.1
1123,13,5792,445.5
1124,11,5755,523.2
1125,11,5784,525.8
1126,12,5809,484.1
1127,12,5800,483.3
1128,13,5788,445.2
1129,12,5780,481.7
1130,13,5772,444.0
1131,12,5849,487.4
1132,11,5813,528.4
1133,12,5845,487.1
1134,12,5849,487.4
1135,12,5838,486.5
1136,12,5822,485.2
1137,12,5833,486.1
1138,11,5782,525.6
1139,12,5734,477.8
1140,14,5767,411.9
1141,12,5773,481.1
1142,12,5830,485.8
1143,14,5815,415.4
1144,14,5772,412.3
1145,14,5818,415.6
1146,13,5747,442.1
1147,13,5787,445.2
1148,14,5782,413.0
1149,13,5771,443.9
1150,13,5726,440.5
1151,11,5689,517.2
1152,12,5753,479.4
1153,14,5761,411.5
1154,14,5781,412.9
1155,10,5705,570.5
1156,13,5784,444.9
1157,11,5679,516.3
1158,13,5783,444.8
1159,11,5692,517.4
1160,12,5780,481.7
1161,11,5739,521.7
1162,11,5771,524.6
1163,11,5767,524.3
1164,11,5766,524.2
1165,11,5770,524.6
1166,11,5804,527.6
1167,11,5813,528.4
1168,11,5830,530.0
1169,11,5840,530.9
1170,11,5811,528.3
1171,10,5740,574.0
1172,10,5714,571.4
1173,11,5799,527.2
1174,11,5773,524.8
1175,11,5766,524.2
1176,10,5720,572.0
1177,11,5798,527.1
1178,10,5753,575.3
1179,10,5725,572.5
1180,10,5752,575.2
1181,10,5763,576.3
1182,10,5737,573.7
1183,10,5732,573.2
1184,10,5678,567.8
1185,12,5715,476.2
1186,11,5694,517.6
1187,13,5772,444.0
1188,12,5782,481.8
1189,13,5803,446.4
1190,13,5779,444.5
1191,12,5762,480.2
1192,12,5744,478.7
1193,12,5751,479.2
1194,12,5763,480.2
1195,12,5722,476.8
1196,11,5695,517.7
1197,12,5724,477.0
1198,11,5695,517.7
1199,12,5789,482.4
1200,12,5756,479.7
1201,13,5811,447.0
1202,13,5814,447.2
1203,13,5819,447.6
1204,13,5816,447.4
1205,11,5804,527.6
1206,11,5780,525.4
1207,12,5715,476.2
1208,12,5725,477.1
1209,13,5716,439.7
1210,12,5716,476.3
1211,12,5812,484.3
1212,12,5713,476.1
1213,11,5647,513.4
1214,11,5646,513.3
1215,12,5671,472.6
1216,12,5681,473.4
1217,13,5713,439.5
1218,13,5778,444.5
1219,13,5776,444.3
1220,12,5706,475.5
1221,14,5700,407.1
1222,12,5796,483.0
1223,12,5749,479.1
1224,11,5733,521.2
1225,10,5707,570.7
1226,10,5659,565.9
1227,10,5706,570.6
1228,10,5747,574.7
1229,10,5726,572.6
1230,10,5739,573.9
1231,11,5779,525.4
1232,11,5725,520.4
1233,11,5680,516.4
1234,11,5684,516.7
1235,11,5727,520.6
1236,11,5727,520.6
1237,11,5757,523.4
1238,11,5731,521.0
1239,11,5750,522.7
1240,11,5717,519.7
1241,11,5700,518.2
1242,11,5676,516.0
1243,12,5765,480.4
1244,12,5766,480.5
1245,12,5726,477.2
1246,13,5716,439.7
1247,11,5649,513.6
1248,13,5782,444.8
1249,14,5824,416.0
1250,13,5766,443.5
1251,13,5805,446.5
1252,13,5797,445.9
1253,12,5703,475.2
1254,11,5758,523.4
1255,12,5825,485.4
1256,12,5839,486.6
1257,11,5804,527.6
1258,12,5847,487.2
1259,12,5799,483.2
1260,12,5802,483.5
1261,12,5766,480.5
1262,13,5824,448.0
1263,12,5845,487.1
1264,11,5711,519.2
1265,12,5775,481.2
1266,12,5727,477.2
1267,11,5760,523.6
1268,12,5815,484.6
1269,13,5830,448.5
1270,11,5696,517.8
1271,12,5746,478.8
1272,13,5815,447.3
1273,13,5806,446.6
1274,12,5722,476.8
1275,13,5785,445.0
1276,13,5825,448.1
1277,12,5791,482.6
1278,13,5819,447.6
1279,13,5804,446.5
1280,12,5781,481.8
1281,12,5779,481.6
1282,12,5774,481.2
1283,12,5806,483.8
1284,12,5741,478.4
1285,12,5714,476.2
1286,11,5679,516.3
1287,12,5748,479.0
1288,12,5735,477.9
1289,12,5730,477.5
1290,12,5754,479.5
1291,12,5764,480.3
1292,12,5759,479.9
1293,12,5759,479.9
1294,12,5728,477.3
1295,12,5704,475.3
1296,12,5725,477.1
1297,13,5765,443.5
1298,13,5747,442.1
1299,12,5701,475.1
1300,12,5705,475.4
1301,13,5756,442.8
1302,12,5676,473.0
1303,13,5756,442.8
1304,12,5758,479.8
1305,13,5770,443.8
1306,13,5812,447.1
1307,12,5752,479.3
1308,13,5775,444.2
1309,12,5756,479.7
1310,12,5758,479.8
1311,12,5774,481.2
1312,12,5802,483.5
1313,12,5807,483.9
1314,12,5861,488.4
1315,12,5862,488.5
1316,12,5818,484.8
1317,13,5851,450.1
1318,13,5857,450.5
1319,13,5899,453.8
1320,13,5872,451.7
1321,14,5900,421.4
1322,14,5884,420.3
1323,14,5894,421.0
1324,13,5824,448.0
1325,13,5835,448.8
1326,13,5863,451.0
1327,13,5816,447.4
1328,13,5809,446.8
1329,13,5840,449.2
1330,13,5842,449.4
1331,12,5752,479.3
1332,12,5796,483.0
1333,12,5737,478.1
1334,12,5764,480.3
1335,12,5830,485.8
1336,12,5816,484.7
1337,13,5849,449.9
1338,13,5832,448.6
1339,13,5829,448.4
1340,12,5769,480.8
1341,13,5824,448.0
1342,13,5822,447.8
1343,13,5850,450.0
1344,10,5694,569.4
1345,11,5763,523.9
1346,10,5678,567.8
1347,10,5726,572.6
1348,11,5730,520.9
1349,10,5691,569.1
1350,13,5818,447.5
1351,10,5730,573.0
1352,13,5787,445.2
1353,11,5693,517.6
1354,12,5778,481.5
1355,12,5798,483.2
1356,12,5790,482.5
1357,12,5800,483.3
1358,11,5782,525.6
1359,11,5748,522.6
1360,10,5726,572.6
1361,10,5730,573.0
1362,10,5702,570.2
1363,11,5725,520.4
1364,12,5813,484.4
1365,12,5769,480.8
1366,12,5758,479.8
1367,12,5757,479.8
1368,11,5836,530.6
1369,11,5855,532.3
1370,11,5856,532.4
1371,11,5858,532.6
1372,11,5820,529.1
1373,12,5849,487.4
1374,12,5839,486.6
1375,12,5853,487.8
1376,12,5875,489.6
1377,11,5870,533.6
1378,12,5893,491.1
1379,12,5865,488.8
1380,12,5859,488.2
1381,12,5814,484.5
1382,10,5793,579.3
1383,11,5850,531.8
1384,12,5872,489.3
1385,12,5882,490.2
1386,12,5883,490.2
1387,11,5812,528.4
1388,12,5837,486.4
1389,12,5855,487.9
1390,11,5892,535.6
1391,11,5897,536.1
1392,11,5916,537.8
1393,11,5857,532.4
1394,11,5894,535.8
1395,11,5841,531.0
1396,11,5848,531.6
1397,12,5888,490.7
1398,11,5823,529.4
1399,11,5840,530.9
1400,12,5857,488.1
1401,13,5893,453.3
1402,13,5901,453.9
1403,11,5811,528.3
1404,11,5826,529.6
1405,13,5893,453.3
1406,11,5795,526.8
1407,12,5773,481.1
1408,11,5817,528.8
1409,10,5838,583.8
1410,11,5881,534.6
1411,12,5864,488.7
1412,11,5855,532.3
1413,12,5870,489.2
1414,12,5891,490.9
1415,12,5894,491.2
1416,12,5895,491.2
1417,11,5857,532.4
1418,10,5829,582.9
1419,12,5901,491.8
1420,11,5906,536.9
1421,11,5917,537.9
1422,10,5847,584.7
1423,11,5871,533.7
1424,11,5913,537.6
1425,10,5889,588.9
1426,11,5859,532.6
1427,11,5865,533.2
1428,11,5892,535.6
1429,11,5894,535.8
1430,11,5888,535.3
1431,13,5940,456.9
1432,11,5833,530.3
1433,13,5905,454.2
1434,12,5877,489.8
1435,12,5917,493.1
1436,12,5925,493.8
1437,12,5921,493.4
1438,12,5901,491.8
1439,12,5867,488.9
1440,13,5873,451.8
1441,12,5833,486.1
1442,13,5882,452.5
1443,13,5878,452.2
1444,12,5836,486.3
1445,13,5911,454.7
1446,13,5916,455.1
1447,13,5868,451.4
1448,12,5834,486.2
1449,13,5870,451.5
1450,13,5851,450.1
1451,13,5841,449.3
1452,13,5863,451.0
1453,13,5885,452.7
1454,13,5846,449.7
1455,12,5789,482.4
1456,12,5818,484.8
1457,12,5766,480.5
1458,12,5808,484.0
1459,13,5862,450.9
1460,13,5860,450.8
1461,12,5856,488.0
1462,12,5874,489.5
1463,12,5888,490.7
1464,13,5952,457.8
1465,12,5843,486.9
1466,11,5837,530.6
1467,11,5856,532.4
1468,11,5892,535.6
1469,12,5939,494.9
1470,12,5934,494.5
1471,12,5945,495.4
1472,14,5889,420.6
1473,12,5949,495.8
1474,12,5938,494.8
1475,13,6024,463.4
1476,14,5921,422.9
1477,14,5927,423.4
1478,11,5946,540.6
1479,10,5900,590.0
1480,11,5952,541.1
1481,11,5999,545.4
1482,11,6007,546.1
1483,10,5912,591.2
1484,13,5938,456.8
1485,14,5983,427.4
1486,14,5968,426.3
1487,11,5988,544.4
1488,13,5936,456.6
1489,14,5978,427.0
1490,11,6039,549.0
1491,11,5980,543.6
1492,11,6007,546.1
1493,11,6009,546.3
1494,13,6091,468.5
1495,13,6128,471.4
1496,13,6122,470.9
1497,13,6061,466.2
1498,13,6069,466.8
1499,13,6088,468.3
1500,11,5993,544.8
1501,12,6053,504.4
1502,11,5983,543.9
1503,11,6041,549.2
1504,13,5941,457.0
1505,13,5986,460.5
1506,14,6001,428.6
1507,14,5908,422.0
1508,17,5986,352.1
1509,14,5885,420.4
1510,13,5919,455.3
1511,16,6060,378.8
1512,14,6025,430.4
1513,14,5987,427.6
1514,15,6003,400.2
1515,15,6040,402.7
1516,14,6059,432.8
1517,14,6010,429.3
1518,14,6039,431.4
1519,14,6031,430.8
1520,14,6073,433.8
1521,14,6054,432.4
1522,14,6087,434.8
1523,15,6051,403.4
1524,14,6051,432.2
1525,14,6045,431.8
1526,14,5990,427.9
1527,13,6016,462.8
1528,13,5994,461.1
1529,14,6000,428.6
1530,14,6017,429.8
1531,13,6037,464.4
1532,13,6001,461.6
1533,14,6009,429.2
1534,13,5961,458.5
1535,13,5897,453.6
1536,15,6013,400.9
1537,15,6035,402.3
1538,15,6045,403.0
1539,14,6000,428.6
1540,13,6054,465.7
1541,13,5977,459.8
1542,13,5987,460.5
1543,14,6000,428.6
1544,14,6061,432.9
1545,17,6032,354.8
1546,14,6045,431.8
1547,13,6002,461.7
1548,13,6017,462.8
1549,13,6040,464.6
1550,13,6012,462.5
1551,14,5930,423.6
1552,13,6006,462.0
1553,13,6005,461.9
1554,13,5981,460.1
1555,13,5981,460.1
1556,14,6000,428.6
1557,13,5972,459.4
1558,13,5972,459.4
1559,13,5949,457.6
1560,13,5961,458.5
1561,12,5891,490.9
1562,13,5958,458.3
1563,13,5954,458.0
1564,13,5965,458.8
1565,13,5986,460.5
1566,14,6017,429.8
1567,13,5957,458.2
1568,13,5995,461.2
1569,14,6034,431.0
1570,14,6049,432.1
1571,13,6018,462.9
1572,13,5994,461.1
1573,14,6035,431.1
1574,13,5975,459.6
1575,14,6065,433.2
1576,14,6083,434.5
1577,13,5998,461.4
1578,12,5932,494.3
1579,13,5978,459.8
1580,13,6002,461.7
1581,12,5950,495.8
1582,12,5970,497.5
1583,13,6006,462.0
1584,12,5934,494.5
1585,12,5946,495.5
1586,12,5945,495.4
1587,13,5980,460.0
1588,11,5876,534.2
1589,11,5868,533.4
1590,12,5919,493.2
1591,12,5910,492.5
1592,12,5885,490.4
1593,12,5910,492.5
1594,11,5846,531.4
1595,11,5842,531.1
1596,12,5839,486.6
1597,11,5761,523.7
1598,12,5844,487.0
1599,13,5873,451.8
1600,12,5881,490.1
1601,13,5854,450.3
1602,12,5843,486.9
1603,12,5855,487.9
1604,13,5900,453.8
1605,13,5891,453.2
1606,13,5925,455.8
1607,11,5933,539.4
1608,11,5917,537.9
1609,12,5934,494.5
1610,14,6044,431.7
1611,14,6051,432.2
1612,14,6016,429.7
1613,14,6026,430.4
1614,14,6032,430.9
1615,14,6056,432.6
1616,13,6019,463.0
1617,13,5986,460.5
1618,13,6003,461.8
1619,14,6086,434.7
1620,14,6066,433.3
1621,14,5985,427.5
1622,14,5972,426.6
1623,14,5989,427.8
1624,13,5968,459.1
1625,14,6043,431.6
1626,14,6002,428.7
1627,13,6089,468.4
1628,13,6113,470.2
1629,13,6080,467.7
1630,13,6110,470.0
1631,13,6122,470.9
1632,13,6142,472.5
1633,13,6114,470.3
1634,13,6094,468.8
1635,14,6091,435.1
1636,12,6058,504.8
1637,14,6127,437.6
1638,14,6114,436.7
1639,14,6134,438.1
1640,14,6141,438.6
1641,14,6125,437.5
1642,14,6088,434.9
1643,13,6118,470.6
1644,13,6120,470.8
1645,14,6105,436.1
1646,13,6146,472.8
1647,13,6118,470.6
1648,13,6154,473.4
1649,12,6072,506.0
1650,13,6102,469.4
1651,13,6042,464.8
1652,13,6032,464.0
1653,12,6008,500.7
1654,12,6025,502.1
1655,12,5995,499.6
1656,12,6041,503.4
1657,13,6051,465.5
1658,13,6046,465.1
1659,13,6025,463.5
1660,13,6011,462.4
1661,12,5958,496.5
1662,13,6006,462.0
1663,13,5988,460.6
1664,13,6014,462.6
1665,13,6023,463.3
1666,13,6008,462.2
1667,13,5994,461.1
1668,13,6005,461.9
1669,13,6035,464.2
1670,13,6042,464.8
1671,13,6034,464.2
1672,13,6047,465.2
1673,12,6033,502.8
1674,13,6039,464.5
1675,13,6045,465.0
1676,12,6076,506.3
1677,13,6063,466.4
1678,11,5956,541.4
1679,10,5958,595.8
1680,13,6048,465.2
1681,13,6047,465.2
1682,13,6086,468.2
1683,12,6048,504.0
1684,12,6039,503.2
1685,13,6063,466.4
1686,13,6045,465.0
1687,13,6111,470.1
1688,13,6083,467.9
1689,13,6061,466.2
1690,13,6067,466.7
1691,13,6109,469.9
1692,13,6051,465.5
1693,13,6029,463.8
1694,13,6023,463.3
1695,13,6010,462.3
1696,13,5985,460.4
1697,13,5995,461.2
1698,13,5986,460.5
1699,14,5998,428.4
1700,13,5943,457.2
1701,14,6011,429.4
1702,14,6009,429.2
1703,13,5937,456.7
1704,12,5985,498.8
1705,14,6023,430.2
1706,13,5978,459.8
1707,14,6038,431.3
1708,14,5993,428.1
1709,13,5966,458.9
1710,13,5983,460.2
1711,13,5957,458.2
1712,13,5970,459.2
1713,13,5994,461.1
1714,13,5988,460.6
1715,13,5978,459.8
1716,13,5990,460.8
1717,13,5945,457.3
1718,13,5968,459.1
1719,12,5946,495.5
1720,13,5954,458.0
1721,12,5895,491.2
1722,12,5900,491.7
1723,12,5931,494.2
1724,12,5951,495.9
1725,12,5997,499.8
1726,13,5938,456.8
1727,12,5906,492.2
1728,12,5895,491.2
1729,12,5916,493.0
1730,12,5915,492.9
1731,12,5905,492.1
1732,13,5939,456.8
1733,12,5920,493.3
1734,13,5977,459.8
1735,12,5963,496.9
1736,13,5985,460.4
1737,12,5962,496.8
1738,12,5944,495.3
1739,12,5884,490.3
1740,12,5838,486.5
1741,14,5989,427.8
1742,12,5870,489.2
1743,12,5927,493.9
1744,12,5915,492.9
1745,12,5939,494.9
1746,12,5927,493.9
1747,12,5956,496.3
1748,11,5923,538.4
1749,11,5932,539.3
1750,10,5890,589.0
1751,10,5897,589.7
1752,9,5879,653.2
1753,10,5948,594.8
1754,9,5948,660.9
1755,10,5982,598.2
1756,9,5937,659.7
1757,10,5977,597.7
1758,10,5972,597.2
1759,9,5909,656.6
1760,10,5959,595.9
1761,9,5927,658.6
1762,10,5976,597.6
1763,10,6007,600.7
1764,10,5988,598.8
1765,10,5957,595.7
1766,10,5967,596.7
1767,10,5981,598.1
1768,10,5959,595.9
1769,10,5965,596.5
1770,10,6019,601.9
1771,10,6020,602.0
1772,10,5991,599.1
1773,9,5987,665.2
1774,10,5993,599.3
1775,10,6020,602.0
1776,10,6004,600.4
1777,10,5990,599.0
1778,9,5996,666.2
1779,10,6010,601.0
1780,10,5983,598.3
1781,11,6004,545.8
1782,11,5980,543.6
1783,11,5994,544.9
1784,10,5948,594.8
1785,10,5987,598.7
1786,10,5961,596.1
1787,10,5952,595.2
1788,11,5967,542.4
1789,10,5917,591.7
1790,10,5916,591.6
1791,10,5896,589.6
1792,10,5914,591.4
1793,10,5895,589.5
1794,11,5924,538.6
1795,10,5933,593.3
1796,10,5954,595.4
1797,10,5972,597.2
1798,10,5938,593.8
1799,10,5921,592.1
1800,10,5878,587.8
1801,10,5920,592.0
1802,10,5887,588.7
1803,11,5940,540.0
1804,11,5996,545.1
1805,11,5973,543.0
1806,10,5891,589.1
1807,12,6011,500.9
1808,11,5932,539.3
1809,10,5885,588.5
1810,10,5922,592.2
1811,10,5849,584.9
1812,12,5973,497.8
1813,12,5982,498.5
1814,12,5979,498.2
1815,11,5940,540.0
1816,11,5977,543.4
1817,11,5973,543.0
1818,11,5950,540.9
1819,10,5916,591.6
1820,11,5985,544.1
1821,11,6016,546.9
1822,11,6008,546.2
1823,10,5974,597.4
1824,11,6005,545.9
1825,11,6025,547.7
1826,11,6005,545.9
1827,11,6037,548.8
1828,11,6036,548.7
1829,11,6042,549.3
1830,11,6050,550.0
1831,11,6007,546.1
1832,11,6035,548.6
1833,11,6031,548.3
1834,11,6022,547.4
1835,11,6022,547.4
1836,11,6000,545.4
1837,11,6008,546.2
1838,12,6061,505.1
1839,11,5985,544.1
1840,12,6056,504.7
1841,12,6055,504.6
1842,12,6059,504.9
1843,12,6073,506.1
1844,12,6026,502.2
1845,12,6054,504.5
1846,12,6054,504.5
1847,12,6057,504.8
1848,12,6110,509.2
1849,12,6084,507.0
1850,11,6028,548.0
1851,11,6022,547.4
1852,11,6019,547.2
1853,10,5981,598.1
1854,10,5976,597.6
1855,11,6069,551.7
1856,11,6075,552.3
1857,11,6021,547.4
1858,11,5997,545.2
1859,11,6033,548.4
1860,11,6031,548.3
1861,12,6048,504.0
1862,12,6072,506.0
1863,12,6047,503.9
1864,11,5988,544.4
1865,11,5999,545.4
1866,11,5974,543.1
1867,12,6034,502.8
1868,12,6032,502.7
1869,12,6030,502.5
1870,12,6050,504.2
1871,12,6009,500.8
1872,12,6016,501.3
1873,12,6031,502.6
1874,12,6069,505.8
1875,12,6077,506.4
1876,12,6045,503.8
1877,12,6036,503.0
1878,12,6055,504.6
1879,12,6072,506.0
1880,12,6076,506.3
1881,12,6066,505.5
1882,12,6085,507.1
1883,12,6106,508.8
1884,12,6081,506.8
1885,12,6096,508.0
1886,12,6077,506.4
1887,12,6081,506.8
1888,12,6074,506.2
1889,11,6039,549.0
1890,10,5977,597.7
1891,10,5974,597.4
1892,11,6019,547.2
1893,11,6039,549.0
1894,12,6081,506.8
1895,12,6053,504.4
1896,10,5973,597.3
1897,10,5930,593.0
1898,10,5972,597.2
1899,11,6013,546.6
1900,9,5961,662.3
1901,10,6031,603.1
1902,10,6010,601.0
1903,11,6086,553.3
1904,10,6035,603.5
1905,10,6047,604.7
1906,10,6024,602.4
1907,10,5993,599.3
1908,11,6018,547.1
1909,10,6026,602.6
1910,10,6016,601.6
1911,10,5997,599.7
1912,8,6024,753.0
1913,8,6043,755.4
1914,8,6068,758.5
1915,8,6058,757.2
1916,8,6067,758.4
1917,8,6074,759.2
1918,8,6045,755.6
1919,8,6035,754.4
1920,8,6051,756.4
1921,8,6073,759.1
1922,8,6074,759.2
1923,8,6073,759.1
1924,8,6042,755.2
1925,8,6041,755.1
1926,8,6029,753.6
1927,8,6017,752.1
1928,8,6025,753.1
1929,8,6033,754.1
1930,8,6005,750.6
1931,9,5977,664.1
1932,9,5997,666.3
1933,8,6065,758.1
1934,8,6052,756.5
1935,8,6077,759.6
1936,8,6015,751.9
1937,9,6049,672.1
1938,10,6076,607.6
1939,10,6079,607.9
1940,8,6030,753.8
1941,9,6053,672.6
1942,9,6087,676.3
1943,8,6050,756.2
1944,8,6021,752.6
1945,9,6116,679.6
1946,9,6128,680.9
1947,8,6059,757.4
1948,8,6084,760.5
1949,8,6057,757.1
1950,8,6061,757.6
1951,8,6038,754.8
1952,8,6048,756.0
1953,8,6056,757.0
1954,9,6098,677.6
1955,9,6070,674.4
1956,9,6066,674.0
1957,9,6059,673.2
1958,9,6068,674.2
1959,9,6044,671.6
1960,9,6060,673.3
1961,9,6068,674.2
1962,9,6046,671.8
1963,9,6062,673.6
1964,9,6061,673.4
1965,9,6053,672.6
1966,9,6078,675.3
1967,10,6102,610.2
1968,8,6051,756.4
1969,8,6051,756.4
1970,8,6047,755.9
1971,9,6130,681.1
1972,9,6155,683.9
1973,9,6113,679.2
1974,9,6125,680.6
1975,8,6104,763.0
1976,8,6129,766.1
1977,8,6155,769.4
1978,8,6147,768.4
1979,8,6102,762.8
1980,8,6063,757.9
1981,8,6101,762.6
1982,8,6085,760.6
1983,8,6018,752.2
1984,10,6102,610.2
1985,9,6071,674.6
1986,8,6009,751.1
1987,7,5947,849.6
1988,8,6011,751.4
1989,9,6004,667.1
1990,10,6066,606.6
1991,10,6059,605.9
1992,10,6078,607.8
1993,9,6061,673.4
1994,9,6043,671.4
1995,9,6041,671.2
1996,9,5991,665.7
1997,9,6080,675.6
1998,8,6005,750.6
1999,8,6001,750.1
2000,8,5984,748.0
2001,9,6013,668.1
2002,10,6051,605.1
2003,10,6049,604.9
2004,9,6054,672.7
2005,10,6076,607.6
2006,8,5997,749.6
2007,9,6047,671.9
2008,7,5986,855.1
2009,7,6008,858.3
2010,9,6056,672.9
2011,9,6048,672.0
2012,9,6084,676.0
2013,8,6063,757.9
2014,8,6057,757.1
2015,8,6061,757.6
2016,8,6031,753.9
2017,9,6055,672.8
2018,9,6058,673.1
2019,9,6068,674.2
2020,9,6041,671.2
2021,9,6045,671.7
2022,9,6076,675.1
2023,9,6099,677.7
2024,9,6090,676.7
2025,9,6098,677.6
2026,9,6087,676.3
2027,9,6086,676.2
2028,8,5998,749.8
2029,8,6004,750.5
2030,9,6060,673.3
2031,9,6113,679.2
2032,9,6091,676.8
2033,8,6060,757.5
2034,9,6051,672.3
2035,9,6082,675.8
2036,8,6029,753.6
2037,8,5990,748.8
2038,9,6044,671.6
2039,8,6034,754.2
2040,8,6034,754.2
2041,9,6072,674.7
2042,9,6091,676.8
2043,9,6108,678.7
2044,9,6124,680.4
2045,9,6128,680.9
2046,8,6075,759.4
2047,8,6077,759.6
2048,8,6096,762.0
2049,8,6078,759.8
2050,8,6030,753.8
2051,8,6030,753.8
2052,9,6064,673.8
2053,9,6061,673.4
2054,8,6013,751.6
2055,9,6075,675.0
2056,9,6082,675.8
2057,8,6088,761.0
2058,8,6072,759.0
2059,7,6083,869.0
2060,7,6062,866.0
2061,6,6025,1004.2
2062,7,6069,867.0
2063,6,6046,1007.7
2064,6,6030,1005.0
2065,6,6035,1005.8
2066,7,6058,865.4
2067,7,6025,860.7
2068,7,6050,864.3
2069,6,5970,995.0
2070,6,6018,1003.0
2071,7,6065,866.4
2072,6,6016,1002.7
2073,6,6031,1005.2
2074,7,5994,856.3
2075,6,5967,994.5
2076,7,6053,864.7
2077,9,6043,671.4
2078,7,6022,860.3
2079,7,6017,859.6
2080,8,6018,752.2
2081,8,6045,755.6
2082,7,6029,861.3
2083,7,6066,866.6
2084,8,6114,764.2
2085,8,6097,762.1
2086,8,6087,760.9
2087,7,6071,867.3
2088,8,6098,762.2
2089,7,6079,868.4
2090,7,6113,873.3
2091,7,6094,870.6
2092,7,6071,867.3
2093,7,6105,872.1
2094,7,6105,872.1
2095,7,6132,876.0
2096,7,6108,872.6
2097,6,6065,1010.8
2098,7,6096,870.9
2099,7,6132,876.0
2100,7,6121,874.4
2101,7,6102,871.7
2102,7,6088,869.7
2103,7,6076,868.0
2104,6,6079,1013.2
2105,7,6074,867.7
2106,6,6044,1007.3
2107,6,6038,1006.3
2108,6,6018,1003.0
2109,6,6034,1005.7
2110,7,6068,866.9
2111,6,6039,1006.5
2112,6,6019,1003.2
2113,6,6072,1012.0
2114,6,6105,1017.5
2115,6,6091,1015.2
2116,6,6095,1015.8
2117,6,6057,1009.5
2118,6,6040,1006.7
2119,6,6042,1007.0
2120,6,6035,1005.8
2121,6,6072,1012.0
2122,6,6058,1009.7
2123,6,6046,1007.7
2124,6,6060,1010.0
2125,6,6081,1013.5
2126,6,6038,1006.3
2127,6,6059,1009.8
2128,6,6073,1012.2
2129,6,6065,1010.8
2130,6,6063,1010.5
2131,7,6074,867.7
2132,6,6113,1018.8
2133,7,6099,871.3
2134,6,5998,999.7
2135,7,6025,860.7
2136,7,6082,868.9
2137,6,6105,1017.5
2138,7,6150,878.6
2139,7,6153,879.0
2140,8,6146,768.2
2141,7,6141,877.3
2142,7,6133,876.1
2143,7,6155,879.3
2144,7,6164,880.6
2145,8,6176,772.0
2146,8,6179,772.4
2147,8,6172,771.5
2148,7,6120,874.3
2149,7,6151,878.7
2150,8,6205,775.6
2151,8,6183,772.9
2152,8,6177,772.1
2153,8,6178,772.2
2154,8,6172,771.5
2155,8,6182,772.8
2156,7,6134,876.3
2157,8,6193,774.1
2158,8,6183,772.9
2159,8,6173,771.6
2160,8,6189,773.6
2161,7,6165,880.7
2162,8,6231,778.9
2163,8,6214,776.8
2164,7,6188,884.0
2165,7,6193,884.7
2166,7,6198,885.4
2167,7,6158,879.7
2168,7,6200,885.7
2169,7,6179,882.7
2170,7,6209,887.0
2171,8,6224,778.0
2172,7,6165,880.7
2173,7,6183,883.3
2174,8,6210,776.2
2175,6,6132,1022.0
2176,8,6206,775.8
2177,7,6137,876.7
2178,8,6171,771.4
2179,7,6136,876.6
2180,7,6145,877.9
2181,7,6185,883.6
2182,7,6161,880.1
2183,7,6171,881.6
2184,7,6181,883.0
2185,7,6212,887.4
2186,7,6205,886.4
2187,7,6180,882.9
2188,6,6145,1024.2
2189,6,6138,1023.0
2190,6,6150,1025.0
2191,6,6190,1031.7
2192,7,6200,885.7
2193,7,6186,883.7
2194,7,6175,882.1
2195,7,6111,873.0
2196,7,6122,874.6
2197,7,6131,875.9
2198,7,6149,878.4
2199,7,6097,871.0
2200,7,6093,870.4
2201,7,6086,869.4
2202,8,6172,771.5
2203,8,6155,769.4
2204,8,6135,766.9
2205,8,6125,765.6
2206,7,6093,870.4
2207,8,6143,767.9
2208,8,6153,769.1
2209,8,6149,768.6
2210,8,6164,770.5
2211,8,6154,769.2
2212,8,6170,771.2
2213,8,6162,770.2
2214,8,6165,770.6
2215,8,6121,765.1
2216,8,6147,768.4
2217,7,6106,872.3
2218,7,6162,880.3
2219,7,6152,878.9
2220,7,6177,882.4
2221,7,6178,882.6
2222,6,6139,1023.2
2223,7,6198,885.4
2224,7,6178,882.6
2225,7,6210,887.1
2226,7,6174,882.0
2227,7,6135,876.4
2228,7,6131,875.9
2229,7,6123,874.7
2230,7,6106,872.3
2231,8,6179,772.4
2232,8,6196,774.5
2233,8,6183,772.9
2234,8,6175,771.9
2235,8,6167,770.9
2236,8,6168,771.0
2237,8,6183,772.9
2238,8,6177,772.1
2239,8,6205,775.6
2240,8,6199,774.9
2241,8,6205,775.6
2242,8,6200,775.0
2243,8,6234,779.2
2244,8,6230,778.8
2245,8,6209,776.1
2246,8,6231,778.9
2247,7,6171,881.6
2248,7,6167,881.0
2249,7,6174,882.0
2250,7,6173,881.9
2251,7,6163,880.4
2252,7,6146,878.0
2253,7,6145,877.9
2254,7,6122,874.6
2255,7,6130,875.7
2256,7,6118,874.0
2257,7,6128,875.4
2258,8,6163,770.4
2259,8,6177,772.1
2260,8,6189,773.6
2261,8,6166,770.8
2262,8,6150,768.8
2263,8,6169,771.1
2264,7,6112,873.1
2265,7,6092,870.3
2266,8,6154,769.2
2267,8,6157,769.6
2268,7,6117,873.9
2269,7,6126,875.1
2270,7,6113,873.3
2271,7,6126,875.1
2272,6,6092,1015.3
2273,7,6126,875.1
2274,6,6092,1015.3
2275,6,6085,1014.2
2276,8,6190,773.8
2277,7,6130,875.7
2278,7,6159,879.9
2279,7,6161,880.1
2280,7,6173,881.9
2281,6,6122,1020.3
2282,6,6088,1014.7
2283,6,6082,1013.7
2284,7,6096,870.9
2285,6,6052,1008.7
2286,6,6060,1010.0
2287,6,6080,1013.3
2288,5,6005,1201.0
2289,7,6103,871.9
2290,7,6095,870.7
2291,7,6098,871.1
2292,7,6117,873.9
2293,7,6104,872.0
2294,6,6061,1010.2
2295,6,6050,1008.3
2296,6,6039,1006.5
2297,7,6100,871.4
2298,7,6083,869.0
2299,6,6040,1006.7
2300,6,6099,1016.5
2301,5,6044,1208.8
2302,5,6037,1207.4
2303,6,6124,1020.7
2304,6,6133,1022.2
2305,6,6169,1028.2
2306,6,6144,1024.0
2307,7,6174,882.0
2308,5,6111,1222.2
2309,6,6158,1026.3
2310,5,6074,1214.8
2311,5,6107,1221.4
2312,6,6156,1026.0
2313,6,6134,1022.3
2314,5,6102,1220.4
2315,5,6151,1230.2
2316,5,6130,1226.0
2317,4,6064,1516.0
2318,4,6068,1517.0
2319,4,6075,1518.8
2320,5,6103,1220.6
2321,5,6123,1224.6
2322,5,6127,1225.4
2323,6,6176,1029.3
2324,6,6166,1027.7
2325,5,6134,1226.8
2326,5,6146,1229.2
2327,5,6171,1234.2
2328,5,6166,1233.2
2329,5,6193,1238.6
2330,5,6200,1240.0
2331,5,6162,1232.4
2332,5,6145,1229.0
2333,5,6163,1232.6
2334,5,6135,1227.0
2335,6,6168,1028.0
2336,5,6129,1225.8
2337,6,6138,1023.0
2338,5,6094,1218.8
2339,5,6100,1220.0
2340,5,6116,1223.2
2341,5,6134,1226.8
2342,5,6128,1225.6
2343,5,6135,1227.0
2344,5,6182,1236.4
2345,5,6149,1229.8
2346,5,6136,1227.2
2347,5,6127,1225.4
2348,5,6122,1224.4
2349,5,6150,1230.0
2350,5,6120,1224.0
2351,5,6158,1231.6
2352,5,6158,1231.6
2353,6,6151,1025.2
2354,6,6188,1031.3
2355,6,6178,1029.7
2356,6,6164,1027.3
2357,6,6160,1026.7
2358,6,6137,1022.8
2359,6,6145,1024.2
2360,6,6138,1023.0
2361,6,6166,1027.7
2362,5,6137,1227.4
2363,5,6165,1233.0
2364,6,6195,1032.5
2365,6,6173,1028.8
2366,6,6187,1031.2
2367,6,6171,1028.5
2368,6,6154,1025.7
2369,6,6143,1023.8
2370,6,6155,1025.8
2371,6,6160,1026.7
2372,5,6117,1223.4
2373,5,6105,1221.0
2374,6,6129,1021.5
2375,5,6097,1219.4
2376,6,6135,1022.5
2377,6,6158,1026.3
2378,6,6150,1025.0
2379,5,6095,1219.0
2380,6,6137,1022.8
2381,5,6128,1225.6
2382,5,6107,1221.4
2383,5,6086,1217.2
2384,5,6090,1218.0
2385,5,6095,1219.0
2386,4,6062,1515.5
2387,4,6073,1518.2
2388,4,6099,1524.8
2389,4,6076,1519.0
2390,4,6109,1527.2
2391,4,6099,1524.8
2392,4,6057,1514.2
2393,4,6039,1509.8
2394,5,6058,1211.6
2395,5,6074,1214.8
2396,5,6095,1219.0
2397,6,6167,1027.8
2398,6,6130,1021.7
2399,5,6086,1217.2
2400,5,6080,1216.0
2401,6,6131,1021.8
2402,6,6125,1020.8
2403,6,6150,1025.0
2404,6,6200,1033.3
2405,6,6162,1027.0
2406,6,6189,1031.5
2407,6,6164,1027.3
2408,6,6196,1032.7
2409,6,6181,1030.2
2410,6,6185,1030.8
2411,6,6191,1031.8
2412,6,6204,1034.0
2413,6,6209,1034.8
2414,5,6149,1229.8
2415,5,6164,1232.8
2416,5,6116,1223.2
2417,5,6140,1228.0
2418,5,6139,1227.8
2419,5,6149,1229.8
2420,5,6114,1222.8
2421,5,6119,1223.8
2422,5,6087,1217.4
2423,5,6092,1218.4
2424,5,6091,1218.2
2425,5,6100,1220.0
2426,5,6100,1220.0
2427,5,6107,1221.4
2428,5,6100,1220.0
2429,5,6113,1222.6
2430,5,6115,1223.0
2431,5,6111,1222.2
2432,5,6119,1223.8
2433,5,6118,1223.6
2434,5,6121,1224.2
2435,5,6133,1226.6
2436,5,6125,1225.0
2437,5,6126,1225.2
2438,5,6160,1232.0
2439,5,6148,1229.6
2440,5,6136,1227.2
2441,5,6147,1229.4
2442,5,6140,1228.0
2443,5,6180,1236.0
2444,5,6197,1239.4
2445,5,6195,1239.0
2446,5,6193,1238.6
2447,5,6182,1236.4
2448,5,6192,1238.4
2449,5,6150,1230.0
2450,5,6137,1227.4
2451,5,6166,1233.2
2452,5,6183,1236.6
2453,5,6165,1233.0
2454,5,6165,1233.0
2455,5,6133,1226.6
2456,5,6119,1223.8
2457,5,6106,1221.2
2458,5,6109,1221.8
2459,5,6116,1223.2
2460,5,6125,1225.0
2461,5,6100,1220.0
2462,5,6135,1227.0
2463,5,6114,1222.8
2464,5,6113,1222.6
2465,5,6096,1219.2
2466,5,6119,1223.8
2467,5,6113,1222.6
2468,5,6104,1220.8
2469,5,6089,1217.8
2470,5,6079,1215.8
2471,5,6096,1219.2
2472,5,6117,1223.4
2473,5,6133,1226.6
2474,4,6098,1524.5
2475,4,6103,1525.8
2476,5,6102,1220.4
2477,5,6105,1221.0
2478,5,6113,1222.6
2479,5,6106,1221.2
2480,5,6102,1220.4
2481,5,6114,1222.8
2482,5,6096,1219.2
2483,5,6131,1226.2
2484,5,6113,1222.6
2485,4,6081,1520.2
2486,4,6082,1520.5
2487,4,6113,1528.2
2488,4,6138,1534.5
2489,4,6107,1526.8
2490,4,6109,1527.2
2491,4,6074,1518.5
2492,4,6058,1514.5
2493,4,6070,1517.5
2494,4,6069,1517.2
2495,4,6063,1515.8
2496,4,6050,1512.5
2497,4,6059,1514.8
2498,5,6094,1218.8
2499,5,6082,1216.4
2500,5,6090,1218.0
2501,5,6123,1224.6
2502,5,6109,1221.8
2503,5,6129,1225.8
2504,5,6081,1216.2
2505,5,6113,1222.6
2506,5,6113,1222.6
2507,5,6094,1218.8
2508,5,6103,1220.6
2509,5,6114,1222.8
2510,5,6096,1219.2
2511,5,6116,1223.2
2512,5,6127,1225.4
2513,5,6113,1222.6
2514,4,6082,1520.5
2515,5,6102,1220.4
2516,4,6054,1513.5
2517,4,6067,1516.8
2518,4,6043,1510.8
2519,4,6079,1519.8
2520,4,6077,1519.2
2521,4,6070,1517.5
2522,3,6087,2029.0
2523,3,6071,2023.7
2524,3,6086,2028.7
2525,3,6120,2040.0
2526,3,6117,2039.0
2527,3,6098,2032.7
2528,3,6074,2024.7
2529,5,6087,1217.4
2530,5,6099,1219.8
2531,4,6071,1517.8
2532,4,6086,1521.5
2533,4,6091,1522.8
2534,4,6043,1510.8
2535,4,6020,1505.0
2536,4,6049,1512.2
2537,4,6013,1503.2
2538,3,6047,2015.7
2539,3,6019,2006.3
2540,5,6074,1214.8
2541,3,6035,2011.7
2542,5,6091,1218.2
2543,5,6081,1216.2
2544,5,6049,1209.8
2545,5,6081,1216.2
2546,5,6082,1216.4
2547,5,6091,1218.2
2548,5,6099,1219.8
2549,5,6111,1222.2
2550,4,6080,1520.0
2551,4,6114,1528.5
2552,4,6098,1524.5
2553,4,6092,1523.0
2554,4,6095,1523.8
2555,4,6099,1524.8
2556,4,6119,1529.8
2557,4,6131,1532.8
2558,4,6105,1526.2
2559,4,6118,1529.5
2560,4,6125,1531.2
2561,4,6112,1528.0
2562,4,6116,1529.0
2563,5,6125,1225.0
2564,4,6150,1537.5
2565,4,6143,1535.8
2566,5,6136,1227.2
2567,5,6126,1225.2
2568,5,6115,1223.0
2569,5,6110,1222.0
2570,5,6102,1220.4
2571,5,6092,1218.4
2572,5,6072,1214.4
2573,5,6135,1227.0
2574,5,6118,1223.6
2575,5,6136,1227.2
2576,5,6125,1225.0
2577,5,6091,1218.2
2578,4,6090,1522.5
2579,5,6088,1217.6
2580,5,6072,1214.4
2581,5,6089,1217.8
2582,5,6098,1219.6
2583,5,6092,1218.4
2584,5,6062,1212.4
2585,5,6063,1212.6
2586,5,6054,1210.8
2587,4,6058,1514.5
2588,4,6058,1514.5
2589,5,6056,1211.2
2590,5,6056,1211.2
2591,5,6011,1202.2
2592,5,6029,1205.8
2593,5,6027,1205.4
2594,5,6051,1210.2
2595,5,6061,1212.2
2596,5,6074,1214.8
2597,5,6088,1217.6
2598,5,6126,1225.2
2599,5,6103,1220.6
2600,5,6106,1221.2
2601,5,6117,1223.4
2602,5,6104,1220.8
2603,5,6067,1213.4
2604,5,6087,1217.4
2605,5,6085,1217.0
2606,5,6058,1211.6
2607,5,6069,1213.8
2608,5,6080,1216.0
2609,5,6088,1217.6
2610,5,6107,1221.4
2611,5,6105,1221.0
2612,5,6111,1222.2
2613,5,6113,1222.6
2614,5,6092,1218.4
2615,5,6098,1219.6
2616,5,6089,1217.8
2617,5,6097,1219.4
2618,5,6077,1215.4
2619,5,6103,1220.6
2620,4,6096,1524.0
2621,5,6114,1222.8
2622,5,6121,1224.2
2623,4,6126,1531.5
2624,4,6130,1532.5
2625,4,6125,1531.2
2626,4,6108,1527.0
2627,4,6114,1528.5
2628,4,6148,1537.0
2629,5,6156,1231.2
2630,4,6136,1534.0
2631,5,6143,1228.6
2632,5,6148,1229.6
2633,5,6136,1227.2
2634,5,6135,1227.0
2635,5,6137,1227.4
2636,4,6107,1526.8
2637,4,6122,1530.5
2638,5,6126,1225.2
2639,5,6125,1225.0
2640,5,6137,1227.4
2641,5,6163,1232.6
2642,4,6138,1534.5
2643,5,6145,1229.0
2644,5,6125,1225.0
2645,5,6114,1222.8
2646,5,6124,1224.8
2647,4,6126,1531.5
2648,4,6127,1531.8
2649,5,6123,1224.6
2650,5,6141,1228.2
2651,5,6147,1229.4
2652,5,6129,1225.8
2653,5,6130,1226.0
2654,5,6168,1233.6
2655,4,6163,1540.8
2656,5,6157,1231.4
2657,4,6175,1543.8
2658,4,6188,1547.0
2659,4,6188,1547.0
2660,4,6167,1541.8
2661,4,6202,1550.5
2662,5,6192,1238.4
2663,5,6177,1235.4
2664,5,6185,1237.0
2665,5,6187,1237.4
2666,5,6174,1234.8
2667,5,6203,1240.6
2668,4,6227,1556.8
2669,5,6185,1237.0
2670,5,6222,1244.4
2671,5,6209,1241.8
2672,5,6191,1238.2
2673,5,6200,1240.0
2674,5,6190,1238.0
2675,5,6195,1239.0
2676,5,6195,1239.0
2677,5,6204,1240.8
2678,5,6210,1242.0
2679,5,6233,1246.6
2680,5,6198,1239.6
2681,5,6192,1238.4
2682,5,6192,1238.4
2683,5,6222,1244.4
2684,5,6210,1242.0
2685,5,6226,1245.2
2686,5,6219,1243.8
2687,5,6249,1249.8
2688,5,6240,1248.0
2689,5,6201,1240.2
2690,5,6198,1239.6
2691,5,6216,1243.2
2692,5,6222,1244.4
2693,5,6174,1234.8
2694,5,6210,1242.0
2695,5,6215,1243.0
2696,5,6202,1240.4
2697,5,6210,1242.0
2698,5,6216,1243.2
2699,5,6222,1244.4
2700,5,6210,1242.0
2701,5,6216,1243.2
2702,5,6210,1242.0
2703,5,6186,1237.2
2704,5,6163,1232.6
2705,5,6193,1238.6
2706,5,6167,1233.4
2707,5,6183,1236.6
2708,5,6197,1239.4
2709,5,6174,1234.8
2710,5,6179,1235.8
2711,5,6167,1233.4
2712,4,6126,1531.5
2713,4,6147,1536.8
2714,4,6156,1539.0
2715,4,6178,1544.5
2716,4,6170,1542.5
2717,4,6164,1541.0
2718,4,6164,1541.0
2719,4,6174,1543.5
2720,4,6177,1544.2
2721,4,6171,1542.8
2722,4,6168,1542.0
2723,4,6171,1542.8
2724,4,6167,1541.8
2725,4,6143,1535.8
2726,5,6178,1235.6
2727,5,6204,1240.8
2728,4,6131,1532.8
2729,4,6164,1541.0
2730,5,6148,1229.6
2731,5,6156,1231.2
2732,5,6168,1233.6
2733,5,6180,1236.0
2734,5,6174,1234.8
2735,5,6162,1232.4
2736,5,6168,1233.6
2737,5,6162,1232.4
2738,5,6138,1227.6
2739,5,6168,1233.6
2740,5,6156,1231.2
2741,5,6174,1234.8
2742,5,6167,1233.4
2743,5,6186,1237.2
2744,5,6156,1231.2
2745,5,6153,1230.6
2746,5,6161,1232.2
2747,5,6173,1234.6
2748,5,6162,1232.4
2749,5,6167,1233.4
2750,5,6176,1235.2
2751,5,6186,1237.2
2752,5,6168,1233.6
2753,5,6186,1237.2
2754,5,6162,1232.4
2755,5,6154,1230.8
2756,5,6162,1232.4
2757,5,6167,1233.4
2758,5,6144,1228.8
2759,5,6137,1227.4
2760,5,6138,1227.6
2761,5,6153,1230.6
2762,5,6129,1225.8
2763,5,6137,1227.4
2764,5,6162,1232.4
2765,5,6136,1227.2
2766,5,6121,1224.2
2767,5,6155,1231.0
2768,5,6155,1231.0
2769,5,6132,1226.4
2770,5,6138,1227.6
2771,5,6150,1230.0
2772,5,6141,1228.2
2773,5,6162,1232.4
2774,5,6120,1224.0
2775,5,6132,1226.4
2776,5,6096,1219.2
2777,5,6107,1221.4
2778,5,6113,1222.6
2779,5,6114,1222.8
2780,5,6088,1217.6
2781,5,6076,1215.2
2782,5,6093,1218.6
2783,5,6094,1218.8
2784,5,6097,1219.4
2785,5,6078,1215.6
2786,5,6034,1206.8
2787,5,6057,1211.4
2788,5,6060,1212.0
2789,5,6049,1209.8
2790,5,6060,1212.0
2791,5,6050,1210.0
2792,5,6042,1208.4
2793,5,6030,1206.0
2794,5,6056,1211.2
2795,5,6071,1214.2
2796,5,6066,1213.2
2797,5,6042,1208.4
2798,5,6080,1216.0
2799,5,6089,1217.8
2800,5,6083,1216.6
2801,5,6091,1218.2
2802,5,6120,1224.0
2803,5,6113,1222.6
2804,5,6120,1224.0
2805,5,6104,1220.8
2806,5,6130,1226.0
2807,5,6128,1225.6
2808,5,6124,1224.8
2809,5,6120,1224.0
2810,5,6130,1226.0
2811,5,6141,1228.2
2812,5,6135,1227.0
2813,5,6133,1226.6
2814,5,6093,1218.6
2815,5,6122,1224.4
2816,5,6096,1219.2
2817,5,6064,1212.8
2818,6,6110,1018.3
2819,5,6088,1217.6
2820,7,6135,876.4
2821,6,6147,1024.5
2822,6,6149,1024.8
2823,7,6178,882.6
2824,6,6092,1015.3
2825,5,6140,1228.0
2826,5,6125,1225.0
2827,5,6128,1225.6
2828,5,6088,1217.6
2829,6,6140,1023.3
2830,6,6083,1013.8
2831,5,6092,1218.4
2832,5,6075,1215.0
2833,5,6026,1205.2
2834,5,6065,1213.0
2835,6,6073,1012.2
2836,5,6075,1215.0
2837,5,6032,1206.4
2838,5,6048,1209.6
2839,5,6040,1208.0
2840,5,6053,1210.6
2841,5,6077,1215.4
2842,5,6065,1213.0
2843,5,6093,1218.6
2844,5,6072,1214.4
2845,5,6107,1221.4
2846,5,6075,1215.0
2847,5,6052,1210.4
2848,5,6059,1211.8
2849,5,6043,1208.6
2850,5,6057,1211.4
2851,5,6074,1214.8
2852,5,6092,1218.4
2853,5,6061,1212.2
2854,5,6061,1212.2
2855,6,6101,1016.8
2856,6,6069,1011.5
2857,5,6070,1214.0
2858,5,6031,1206.2
2859,5,6057,1211.4
2860,5,6045,1209.0
2861,6,6101,1016.8
2862,5,6044,1208.8
2863,5,6052,1210.4
2864,5,6053,1210.6
2865,5,6049,1209.8
2866,5,6057,1211.4
2867,6,6126,1021.0
2868,5,6140,1228.0
2869,4,6082,1520.5
2870,4,6103,1525.8
2871,4,6087,1521.8
2872,4,6113,1528.2
2873,4,6070,1517.5
2874,5,6089,1217.8
2875,5,6071,1214.2
2876,5,6090,1218.0
2877,4,6071,1517.8
2878,4,6089,1522.2
2879,4,6094,1523.5
2880,4,6070,1517.5
2881,5,6139,1227.8
2882,5,6140,1228.0
2883,6,6146,1024.3
2884,5,6087,1217.4
2885,5,6066,1213.2
2886,6,6148,1024.7
2887,6,6080,1013.3
2888,6,6120,1020.0
2889,5,6071,1214.2
2890,5,6036,1207.2
2891,5,6073,1214.6
2892,5,6124,1224.8
2893,4,6140,1535.0
2894,4,6186,1546.5
2895,4,6153,1538.2
2896,5,6105,1221.0
2897,6,6140,1023.3
2898,6,6148,1024.7
2899,4,6125,1531.2
2900,6,6118,1019.7
2901,4,6137,1534.2
2902,6,6165,1027.5
2903,4,6191,1547.8
2904,3,6165,2055.0
2905,3,6153,2051.0
2906,6,6140,1023.3
2907,3,6155,2051.7
2908,4,6147,1536.8
2909,6,6160,1026.7
2910,4,6192,1548.0
2911,4,6197,1549.2
2912,5,6189,1237.8
2913,5,6124,1224.8
2914,5,6210,1242.0
2915,5,6174,1234.8
2916,5,6182,1236.4
2917,5,6139,1227.8
2918,5,6131,1226.2
2919,6,6166,1027.7
2920,6,6184,1030.7
2921,6,6198,1033.0
2922,6,6180,1030.0
2923,6,6175,1029.2
2924,5,6209,1241.8
2925,5,6152,1230.4
2926,5,6143,1228.6
2927,5,6179,1235.8
2928,5,6182,1236.4
2929,5,6184,1236.8
2930,5,6183,1236.6
2931,5,6181,1236.2
2932,5,6191,1238.2
2933,5,6193,1238.6
2934,5,6195,1239.0
2935,5,6216,1243.2
2936,5,6200,1240.0
2937,5,6237,1247.4
2938,5,6190,1238.0
2939,5,6196,1239.2
2940,5,6190,1238.0
2941,5,6161,1232.2
2942,5,6163,1232.6
2943,5,6190,1238.0
2944,5,6183,1236.6
2945,5,6168,1233.6
2946,5,6167,1233.4
2947,5,6216,1243.2
2948,5,6223,1244.6
2949,5,6210,1242.0
2950,5,6190,1238.0
2951,5,6182,1236.4
2952,6,6227,1037.8
2953,6,6218,1036.3
2954,6,6209,1034.8
2955,6,6200,1033.3
2956,6,6188,1031.3
2957,6,6229,1038.2
2958,6,6186,1031.0
2959,6,6180,1030.0
2960,6,6190,1031.7
2961,4,6186,1546.5
2962,3,6160,2053.3
2963,3,6177,2059.0
2964,3,6168,2056.0
2965,3,6172,2057.3
2966,3,6166,2055.3
2967,6,6155,1025.8
2968,6,6156,1026.0
2969,6,6162,1027.0
2970,6,6138,1023.0
2971,4,6148,1537.0
2972,6,6144,1024.0
2973,6,6146,1024.3
2974,6,6176,1029.3
2975,4,6166,1541.5
2976,4,6159,1539.8
2977,4,6149,1537.2
2978,4,6144,1536.0
2979,6,6161,1026.8
2980,6,6168,1028.0
2981,6,6179,1029.8
2982,6,6165,1027.5
2983,6,6144,1024.0
2984,6,6161,1026.8
2985,6,6172,1028.7
2986,6,6192,1032.0
2987,6,6162,1027.0
2988,6,6151,1025.2
2989,6,6162,1027.0
2990,6,6179,1029.8
2991,6,6168,1028.0
2992,6,6179,1029.8
2993,6,6160,1026.7
2994,6,6149,1024.8
2995,6,6156,1026.0
2996,6,6165,1027.5
2997,6,6156,1026.0
2998,6,6150,1025.0
2999,6,6167,1027.8
3000,6,6162,1027.0
3001,6,6180,1030.0
3002,6,6162,1027.0
3003,6,6161,1026.8
3004,6,6174,1029.0
3005,6,6173,1028.8
3006,6,6167,1027.8
3007,6,6155,1025.8
3008,6,6143,1023.8
3009,6,6174,1029.0
3010,6,6178,1029.7
3011,6,6185,1030.8
3012,6,6161,1026.8
3013,6,6209,1034.8
3014,6,6179,1029.8
3015,6,6191,1031.8
3016,6,6190,1031.7
3017,6,6203,1033.8
3018,6,6221,1036.8
3019,6,6215,1035.8
3020,6,6222,1037.0
3021,4,6180,1545.0
3022,6,6186,1031.0
3023,4,6174,1543.5
3024,6,6186,1031.0
3025,6,6177,1029.5
3026,4,6172,1543.0
3027,4,6174,1543.5
3028,4,6166,1541.5
3029,4,6148,1537.0
3030,6,6174,1029.0
3031,4,6184,1546.0
3032,4,6216,1554.0
3033,4,6222,1555.5
3034,4,6197,1549.2
3035,4,6191,1547.8
3036,6,6214,1035.7
3037,6,6227,1037.8
3038,4,6219,1554.8
3039,3,6236,2078.7
3040,4,6225,1556.2
3041,6,6234,1039.0
3042,4,6246,1561.5
3043,4,6235,1558.8
3044,4,6230,1557.5
3045,3,6258,2086.0
3046,4,6228,1557.0
3047,6,6225,1037.5
3048,4,6205,1551.2
3049,6,6174,1029.0
3050,6,6200,1033.3
3051,6,6213,1035.5
3052,4,6175,1543.8
3053,4,6174,1543.5
3054,6,6191,1031.8
3055,6,6198,1033.0
3056,6,6209,1034.8
3057,6,6216,1036.0
3058,6,6216,1036.0
3059,6,6227,1037.8
3060,6,6242,1040.3
3061,6,6237,1039.5
3062,4,6165,1541.2
3063,6,6202,1033.7
3064,6,6212,1035.3
3065,6,6198,1033.0
3066,6,6213,1035.5
3067,6,6222,1037.0
3068,6,6213,1035.5
3069,6,6234,1039.0
3070,6,6216,1036.0
3071,6,6262,1043.7
3072,6,6234,1039.0
3073,6,6245,1040.8
3074,6,6244,1040.7
3075,6,6253,1042.2
3076,6,6240,1040.0
3077,5,6204,1240.8
3078,6,6239,1039.8
3079,5,6202,1240.4
3080,5,6215,1243.0
3081,5,6199,1239.8
3082,5,6216,1243.2
3083,5,6234,1246.8
3084,4,6225,1556.2
3085,4,6228,1557.0
3086,4,6226,1556.5
3087,5,6268,1253.6
3088,5,6263,1252.6
3089,5,6281,1256.2
3090,5,6243,1248.6
3091,4,6165,1541.2
3092,4,6167,1541.8
3093,4,6168,1542.0
3094,4,6155,1538.8
3095,4,6213,1553.2
3096,4,6209,1552.2
3097,4,6137,1534.2
3098,4,6161,1540.2
3099,4,6134,1533.5
3100,5,6211,1242.2
3101,5,6210,1242.0
3102,5,6203,1240.6
3103,6,6232,1038.7
3104,5,6203,1240.6
3105,5,6189,1237.8
3106,5,6176,1235.2
3107,5,6197,1239.4
3108,5,6173,1234.6
3109,5,6190,1238.0
3110,5,6196,1239.2
3111,5,6173,1234.6
3112,6,6238,1039.7
3113,6,6237,1039.5
3114,6,6228,1038.0
3115,6,6244,1040.7
3116,6,6248,1041.3
3117,6,6236,1039.3
3118,6,6233,1038.8
3119,6,6230,1038.3
3120,6,6228,1038.0
3121,6,6260,1043.3
3122,6,6259,1043.2
3123,6,6238,1039.7
3124,6,6243,1040.5
3125,7,6224,889.1
3126,7,6228,889.7
3127,7,6230,890.0
3128,7,6191,884.4
3129,7,6207,886.7
3130,8,6242,780.2
3131,8,6250,781.2
3132,8,6261,782.6
3133,7,6214,887.7
3134,7,6244,892.0
3135,7,6229,889.9
3136,7,6211,887.3
3137,7,6197,885.3
3138,7,6199,885.6
3139,6,6170,1028.3
3140,7,6203,886.1
3141,7,6189,884.1
3142,6,6161,1026.8
3143,6,6137,1022.8
3144,6,6120,1020.0
3145,6,6110,1018.3
3146,7,6185,883.6
3147,8,6237,779.6
3148,8,6214,776.8
3149,8,6209,776.1
3150,8,6188,773.5
3151,7,6137,876.7
3152,7,6110,872.9
3153,7,6154,879.1
3154,7,6165,880.7
3155,8,6215,776.9
3156,7,6148,878.3
3157,7,6149,878.4
3158,7,6168,881.1
3159,6,6160,1026.7
3160,6,6179,1029.8
3161,6,6180,1030.0
3162,6,6151,1025.2
3163,6,6163,1027.2
3164,6,6140,1023.3
3165,6,6157,1026.2
3166,6,6133,1022.2
3167,6,6125,1020.8
3168,6,6110,1018.3
3169,7,6173,881.9
3170,8,6216,777.0
3171,6,6164,1027.3
3172,7,6216,888.0
3173,6,6145,1024.2
3174,6,6154,1025.7
3175,7,6195,885.0
3176,6,6179,1029.8
3177,6,6187,1031.2
3178,6,6185,1030.8
3179,6,6200,1033.3
3180,6,6188,1031.3
3181,6,6132,1022.0
3182,6,6141,1023.5
3183,6,6169,1028.2
3184,6,6192,1032.0
3185,6,6171,1028.5
3186,6,6172,1028.7
3187,6,6170,1028.3
3188,7,6203,886.1
3189,6,6156,1026.0
3190,5,6136,1227.2
3191,5,6158,1231.6
3192,5,6161,1232.2
3193,6,6205,1034.2
3194,6,6219,1036.5
3195,5,6213,1242.6
3196,5,6249,1249.8
3197,5,6242,1248.4
3198,5,6236,1247.2
3199,5,6205,1241.0
3200,6,6284,1047.3
3201,5,6232,1246.4
3202,5,6225,1245.0
3203,5,6231,1246.2
3204,5,6248,1249.6
3205,5,6251,1250.2
3206,5,6224,1244.8
3207,5,6252,1250.4
3208,5,6274,1254.8
3209,5,6245,1249.0
3210,5,6234,1246.8
3211,5,6224,1244.8
3212,5,6226,1245.2
3213,5,6226,1245.2
3214,5,6210,1242.0
3215,5,6217,1243.4
3216,5,6181,1236.2
3217,5,6201,1240.2
3218,5,6227,1245.4
3219,5,6222,1244.4
3220,4,6201,1550.2
3221,5,6244,1248.8
3222,5,6220,1244.0
3223,5,6242,1248.4
3224,5,6250,1250.0
3225,5,6246,1249.2
3226,5,6211,1242.2
3227,5,6233,1246.6
3228,6,6233,1038.8
3229,5,6211,1242.2
3230,5,6234,1246.8
3231,5,6242,1248.4
3232,5,6204,1240.8
3233,5,6217,1243.4
3234,5,6181,1236.2
3235,5,6183,1236.6
3236,5,6225,1245.0
3237,5,6218,1243.6
3238,5,6188,1237.6
3239,5,6247,1249.4
3240,5,6241,1248.2
3241,5,6259,1251.8
3242,5,6279,1255.8
3243,5,6272,1254.4
3244,5,6285,1257.0
3245,5,6283,1256.6
3246,5,6284,1256.8
3247,5,6274,1254.8
3248,5,6267,1253.4
3249,5,6265,1253.0
3250,5,6261,1252.2
3251,5,6240,1248.0
3252,5,6224,1244.8
3253,5,6250,1250.0
3254,5,6238,1247.6
3255,5,6232,1246.4
3256,5,6216,1243.2
3257,5,6228,1245.6
3258,5,6240,1248.0
3259,5,6200,1240.0
3260,5,6229,1245.8
3261,5,6225,1245.0
3262,5,6202,1240.4
3263,5,6226,1245.2
3264,5,6216,1243.2
3265,5,6224,1244.8
3266,5,6252,1250.4
3267,5,6253,1250.6
3268,5,6250,1250.0
3269,5,6251,1250.2
3270,5,6263,1252.6
3271,5,6243,1248.6
3272,5,6238,1247.6
3273,5,6233,1246.6
3274,5,6259,1251.8
3275,5,6238,1247.6
3276,5,6244,1248.8
3277,5,6210,1242.0
3278,5,6226,1245.2
3279,5,6217,1243.4
3280,5,6222,1244.4
3281,5,6211,1242.2
3282,5,6195,1239.0
3283,5,6187,1237.4
3284,6,6261,1043.5
3285,6,6265,1044.2
3286,6,6261,1043.5
3287,6,6271,1045.2
3288,6,6252,1042.0
3289,5,6208,1241.6
3290,5,6213,1242.6
3291,5,6230,1246.0
3292,5,6256,1251.2
3293,5,6258,1251.6
3294,5,6247,1249.4
3295,5,6230,1246.0
3296,5,6257,1251.4
3297,5,6222,1244.4
3298,5,6203,1240.6
3299,5,6227,1245.4
3300,5,6232,1246.4
3301,5,6272,1254.4
3302,5,6264,1252.8
3303,5,6258,1251.6
3304,5,6271,1254.2
3305,5,6254,1250.8
3306,5,6272,1254.4
3307,5,6261,1252.2
3308,5,6268,1253.6
3309,5,6257,1251.4
3310,5,6266,1253.2
3311,5,6265,1253.0
3312,5,6258,1251.6
3313,5,6270,1254.0
3314,5,6269,1253.8
3315,5,6258,1251.6
3316,5,6268,1253.6
3317,4,6209,1552.2
3318,5,6249,1249.8
3319,5,6282,1256.4
3320,4,6208,1552.0
3321,4,6228,1557.0
3322,4,6250,1562.5
3323,4,6227,1556.8
3324,4,6244,1561.0
3325,4,6247,1561.8
3326,4,6236,1559.0
3327,4,6254,1563.5
3328,4,6243,1560.8
3329,4,6230,1557.5
3330,4,6226,1556.5
3331,4,6201,1550.2
3332,5,6228,1245.6
3333,5,6202,1240.4
3334,5,6260,1252.0
3335,5,6214,1242.8
3336,5,6221,1244.2
3337,5,6231,1246.2
3338,6,6244,1040.7
3339,5,6183,1236.6
3340,6,6207,1034.5
3341,6,6206,1034.3
3342,6,6206,1034.3
3343,6,6220,1036.7
3344,6,6211,1035.2
3345,6,6255,1042.5
3346,6,6255,1042.5
3347,6,6246,1041.0
3348,6,6208,1034.7
3349,6,6195,1032.5
3350,6,6196,1032.7
3351,6,6238,1039.7
3352,6,6209,1034.8
3353,6,6261,1043.5
3354,6,6284,1047.3
3355,6,6300,1050.0
3356,6,6312,1052.0
3357,6,6280,1046.7
3358,6,6276,1046.0
3359,6,6291,1048.5
3360,6,6273,1045.5
3361,6,6255,1042.5
3362,6,6261,1043.5
3363,6,6253,1042.2
3364,6,6248,1041.3
3365,6,6225,1037.5
3366,6,6241,1040.2
3367,6,6243,1040.5
3368,6,6221,1036.8
3369,6,6240,1040.0
3370,6,6220,1036.7
3371,6,6232,1038.7
3372,6,6228,1038.0
3373,6,6220,1036.7
3374,6,6246,1041.0
3375,6,6233,1038.8
3376,6,6216,1036.0
3377,6,6231,1038.5
3378,6,6239,1039.8
3379,6,6247,1041.2
3380,6,6266,1044.3
3381,6,6247,1041.2
3382,5,6174,1234.8
3383,6,6255,1042.5
3384,5,6205,1241.0
3385,5,6237,1247.4
3386,6,6228,1038.0
3387,6,6246,1041.0
3388,6,6245,1040.8
3389,6,6270,1045.0
3390,6,6254,1042.3
3391,6,6266,1044.3
3392,5,6250,1250.0
3393,5,6254,1250.8
3394,5,6233,1246.6
3395,4,6202,1550.5
3396,5,6224,1244.8
3397,5,6225,1245.0
3398,5,6279,1255.8
3399,5,6272,1254.4
3400,5,6291,1258.2
3401,5,6280,1256.0
3402,5,6278,1255.6
3403,5,6275,1255.0
3404,5,6242,1248.4
3405,5,6287,1257.4
3406,5,6250,1250.0
3407,5,6287,1257.4
3408,5,6274,1254.8
3409,5,6282,1256.4
3410,5,6286,1257.2
3411,5,6261,1252.2
3412,5,6257,1251.4
3413,5,6249,1249.8
3414,5,6239,1247.8
3415,5,6252,1250.4
3416,5,6264,1252.8
3417,5,6274,1254.8
3418,5,6294,1258.8
3419,5,6286,1257.2
3420,5,6306,1261.2
3421,5,6286,1257.2
3422,5,6288,1257.6
3423,5,6274,1254.8
3424,5,6277,1255.4
3425,5,6266,1253.2
3426,5,6280,1256.0
3427,5,6301,1260.2
3428,5,6305,1261.0
3429,5,6299,1259.8
3430,5,6300,1260.0
3431,5,6294,1258.8
3432,5,6273,1254.6
3433,5,6292,1258.4
3434,5,6281,1256.2
3435,5,6246,1249.2
3436,5,6265,1253.0
3437,5,6280,1256.0
3438,5,6278,1255.6
3439,5,6298,1259.6
3440,5,6311,1262.2
3441,5,6274,1254.8
3442,5,6294,1258.8
3443,5,6287,1257.4
3444,5,6288,1257.6
3445,5,6279,1255.8
3446,5,6294,1258.8
3447,5,6274,1254.8
3448,5,6275,1255.0
3449,5,6296,1259.2
3450,5,6279,1255.8
3451,5,6276,1255.2
3452,5,6262,1252.4
3453,5,6276,1255.2
3454,5,6282,1256.4
3455,5,6264,1252.8
3456,5,6282,1256.4
3457,5,6267,1253.4
3458,5,6257,1251.4
3459,5,6258,1251.6
3460,5,6258,1251.6
3461,5,6268,1253.6
3462,5,6260,1252.0
3463,5,6274,1254.8
3464,5,6254,1250.8
3465,5,6251,1250.2
3466,5,6254,1250.8
3467,5,6238,1247.6
3468,5,6244,1248.8
3469,5,6258,1251.6
3470,5,6221,1244.2
3471,5,6234,1246.8
3472,5,6248,1249.6
3473,6,6289,1048.2
3474,5,6228,1245.6
3475,5,6274,1254.8
3476,5,6246,1249.2
3477,5,6245,1249.0
3478,5,6269,1253.8
3479,5,6238,1247.6
3480,5,6277,1255.4
3481,5,6269,1253.8
3482,5,6268,1253.6
3483,5,6264,1252.8
3484,5,6271,1254.2
3485,5,6249,1249.8
3486,5,6261,1252.2
3487,5,6264,1252.8
3488,5,6272,1254.4
3489,5,6276,1255.2
3490,5,6280,1256.0
3491,5,6267,1253.4
3492,5,6261,1252.2
3493,5,6242,1248.4
3494,5,6258,1251.6
3495,5,6251,1250.2
3496,5,6249,1249.8
3497,5,6278,1255.6
3498,5,6283,1256.6
3499,5,6265,1253.0
3500,5,6278,1255.6
3501,5,6278,1255.6
3502,5,6274,1254.8
3503,5,6274,1254.8
3504,5,6249,1249.8
3505,5,6245,1249.0
3506,6,6246,1041.0
3507,6,6283,1047.2
3508,6,6283,1047.2
3509,6,6281,1046.8
3510,6,6280,1046.7
3511,6,6287,1047.8
3512,6,6289,1048.2
3513,6,6290,1048.3
3514,6,6288,1048.0
3515,6,6306,1051.0
3516,6,6287,1047.8
3517,6,6294,1049.0
3518,6,6293,1048.8
3519,6,6296,1049.3
3520,6,6315,1052.5
3521,6,6338,1056.3
3522,6,6309,1051.5
3523,6,6326,1054.3
3524,6,6295,1049.2
3525,6,6288,1048.0
3526,6,6328,1054.7
3527,6,6322,1053.7
3528,6,6334,1055.7
3529,6,6293,1048.8
3530,6,6308,1051.3
3531,6,6289,1048.2
3532,6,6278,1046.3
3533,6,6276,1046.0
3534,6,6293,1048.8
3535,6,6298,1049.7
3536,6,6275,1045.8
3537,6,6268,1044.7
3538,7,6323,903.3
3539,7,6342,906.0
3540,6,6296,1049.3
3541,7,6341,905.9
3542,6,6310,1051.7
3543,6,6321,1053.5
3544,7,6366,909.4
3545,7,6353,907.6
3546,7,6373,910.4
3547,7,6347,906.7
3548,7,6362,908.9
3549,7,6356,908.0
3550,7,6388,912.6
3551,7,6384,912.0
3552,7,6386,912.3
3553,7,6393,913.3
3554,7,6390,912.9
3555,7,6387,912.4
3556,6,6333,1055.5
3557,7,6396,913.7
3558,7,6392,913.1
3559,7,6416,916.6
3560,7,6398,914.0
3561,7,6395,913.6
3562,7,6395,913.6
3563,7,6408,915.4
3564,7,6408,915.4
3565,7,6399,914.1
3566,7,6423,917.6
3567,7,6423,917.6
3568,7,6421,917.3
3569,7,6437,919.6
3570,7,6440,920.0
3571,7,6423,917.6
3572,7,6415,916.4
3573,7,6367,909.6
3574,7,6361,908.7
3575,7,6414,916.3
3576,7,6439,919.9
3577,7,6444,920.6
3578,7,6450,921.4
3579,7,6442,920.3
3580,7,6444,920.6
3581,7,6426,918.0
3582,7,6427,918.1
3583,7,6449,921.3
3584,7,6451,921.6
3585,7,6454,922.0
3586,7,6487,926.7
3587,7,6485,926.4
3588,7,6437,919.6
3589,7,6439,919.9
3590,7,6453,921.9
3591,6,6416,1069.3
3592,6,6405,1067.5
3593,7,6464,923.4
3594,7,6416,916.6
3595,6,6398,1066.3
3596,6,6404,1067.3
3597,7,6480,925.7
3598,7,6473,924.7
3599,6,6447,1074.5
3600,6,6427,1071.2
3601,6,6419,1069.8
3602,6,6447,1074.5
3603,6,6448,1074.7
3604,6,6432,1072.0
3605,6,6408,1068.0
3606,6,6415,1069.2
3607,6,6421,1070.2
3608,6,6441,1073.5
3609,6,6435,1072.5
3610,6,6432,1072.0
3611,6,6424,1070.7
3612,6,6426,1071.0
3613,6,6446,1074.3
3614,6,6439,1073.2
3615,6,6397,1066.2
3616,7,6441,920.1
3617,7,6459,922.7
3618,7,6446,920.9
3619,7,6448,921.1
3620,7,6428,918.3
3621,7,6462,923.1
3622,7,6446,920.9
3623,7,6446,920.9
3624,7,6458,922.6
3625,7,6463,923.3
3626,7,6473,924.7
3627,7,6434,919.1
3628,7,6443,920.4
3629,7,6465,923.6
3630,7,6446,920.9
3631,7,6448,921.1
3632,7,6447,921.0
3633,7,6464,923.4
3634,7,6462,923.1
3635,7,6457,922.4
3636,7,6458,922.6
3637,7,6460,922.9
3638,7,6478,925.4
3639,7,6485,926.4
3640,7,6480,925.7
3641,7,6473,924.7
3642,7,6467,923.9
3643,7,6475,925.0
3644,7,6464,923.4
3645,7,6466,923.7
3646,7,6443,920.4
3647,7,6432,918.9
3648,7,6471,924.4
3649,7,6438,919.7
3650,8,6445,805.6
3651,7,6457,922.4
3652,7,6459,922.7
3653,7,6464,923.4
3654,7,6468,924.0
3655,7,6510,930.0
3656,7,6491,927.3
3657,7,6469,924.1
3658,7,6465,923.6
3659,7,6440,920.0
3660,8,6476,809.5
3661,8,6478,809.8
3662,9,6503,722.6
3663,9,6512,723.6
3664,9,6503,722.6
3665,9,6508,723.1
3666,9,6506,722.9
3667,8,6451,806.4
3668,7,6453,921.9
3669,8,6468,808.5
3670,7,6473,924.7
3671,7,6491,927.3
3672,7,6446,920.9
3673,7,6394,913.4
3674,7,6389,912.7
3675,8,6434,804.2
3676,8,6408,801.0
3677,8,6417,802.1
3678,7,6401,914.4
3679,7,6420,917.1
3680,7,6415,916.4
3681,7,6393,913.3
3682,7,6413,916.1
3683,8,6442,805.2
3684,8,6438,804.8
3685,7,6437,919.6
3686,7,6444,920.6
3687,7,6432,918.9
3688,7,6397,913.9
3689,7,6449,921.3
3690,7,6415,916.4
3691,7,6414,916.3
3692,8,6448,806.0
3693,7,6393,913.3
3694,7,6421,917.3
3695,7,6454,922.0
3696,7,6452,921.7
3697,7,6451,921.6
3698,7,6443,920.4
3699,8,6482,810.2
3700,7,6437,919.6
3701,7,6453,921.9
3702,7,6459,922.7
3703,7,6474,924.9
3704,7,6462,923.1
3705,7,6485,926.4
3706,7,6478,925.4
3707,7,6471,924.4
3708,7,6448,921.1
3709,7,6454,922.0
3710,7,6452,921.7
3711,7,6451,921.6
3712,7,6446,920.9
3713,7,6423,917.6
3714,7,6451,921.6
3715,7,6462,923.1
3716,7,6468,924.0
3717,6,6393,1065.5
3718,7,6449,921.3
3719,7,6478,925.4
3720,6,6401,1066.8
3721,7,6441,920.1
3722,7,6460,922.9
3723,7,6480,925.7
3724,7,6494,927.7
3725,7,6483,926.1
3726,7,6484,926.3
3727,7,6470,924.3
3728,7,6488,926.9
3729,7,6491,927.3
3730,7,6502,928.9
3731,7,6501,928.7
3732,7,6509,929.9
3733,7,6509,929.9
3734,7,6509,929.9
3735,7,6465,923.6
3736,7,6483,926.1
3737,7,6483,926.1
3738,6,6441,1073.5
3739,6,6452,1075.3
3740,6,6415,1069.2
3741,6,6425,1070.8
3742,6,6434,1072.3
3743,7,6473,924.7
3744,6,6450,1075.0
3745,6,6445,1074.2
3746,6,6430,1071.7
3747,6,6435,1072.5
3748,7,6471,924.4
3749,7,6468,924.0
3750,7,6480,925.7
3751,7,6464,923.4
3752,7,6452,921.7
3753,7,6472,924.6
3754,7,6480,925.7
3755,6,6397,1066.2
3756,6,6401,1066.8
3757,6,6415,1069.2
3758,6,6425,1070.8
3759,6,6431,1071.8
3760,6,6439,1073.2
3761,6,6409,1068.2
3762,6,6428,1071.3
3763,6,6431,1071.8
3764,6,6425,1070.8
3765,6,6405,1067.5
3766,6,6424,1070.7
3767,6,6419,1069.8
3768,6,6429,1071.5
3769,6,6414,1069.0
3770,6,6421,1070.2
3771,6,6408,1068.0
3772,6,6408,1068.0
3773,6,6400,1066.7
3774,6,6425,1070.8
3775,6,6408,1068.0
3776,6,6400,1066.7
3777,6,6397,1066.2
3778,6,6424,1070.7
3779,6,6389,1064.8
3780,6,6413,1068.8
3781,6,6409,1068.2
3782,6,6396,1066.0
3783,6,6410,1068.3
3784,6,6424,1070.7
3785,6,6429,1071.5
3786,6,6424,1070.7
3787,6,6429,1071.5
3788,6,6420,1070.0
3789,6,6426,1071.0
3790,6,6423,1070.5
3791,6,6432,1072.0
3792,6,6412,1068.7
3793,6,6413,1068.8
3794,5,6366,1273.2
3795,5,6389,1277.8
3796,5,6370,1274.0
3797,5,6413,1282.6
3798,5,6417,1283.4
3799,5,6430,1286.0
3800,5,6415,1283.0
3801,5,6431,1286.2
3802,5,6431,1286.2
3803,5,6399,1279.8
3804,6,6434,1072.3
3805,5,6393,1278.6
3806,6,6417,1069.5
3807,6,6431,1071.8
3808,6,6431,1071.8
3809,6,6433,1072.2
3810,6,6446,1074.3
3811,6,6447,1074.5
3812,6,6432,1072.0
3813,6,6415,1069.2
3814,6,6440,1073.3
3815,6,6418,1069.7
3816,6,6438,1073.0
3817,6,6435,1072.5
3818,6,6428,1071.3
3819,6,6441,1073.5
3820,6,6442,1073.7
3821,6,6443,1073.8
3822,6,6438,1073.0
3823,6,6447,1074.5
3824,6,6442,1073.7
3825,6,6437,1072.8
3826,6,6426,1071.0
3827,6,6438,1073.0
3828,6,6432,1072.0
3829,6,6423,1070.5
3830,6,6445,1074.2
3831,6,6464,1077.3
3832,6,6458,1076.3
3833,6,6459,1076.5
3834,6,6457,1076.2
3835,6,6457,1076.2
3836,6,6449,1074.8
3837,6,6472,1078.7
3838,6,6459,1076.5
3839,6,6431,1071.8
3840,6,6416,1069.3
3841,6,6425,1070.8
3842,6,6437,1072.8
3843,6,6440,1073.3
3844,6,6410,1068.3
3845,6,6444,1074.0
3846,6,6425,1070.8
3847,6,6406,1067.7
3848,6,6400,1066.7
3849,6,6394,1065.7
3850,6,6390,1065.0
3851,6,6405,1067.5
3852,6,6380,1063.3
3853,6,6369,1061.5
3854,7,6419,917.0
3855,7,6438,919.7
3856,7,6439,919.9
3857,7,6441,920.1
3858,6,6400,1066.7
3859,6,6374,1062.3
3860,6,6376,1062.7
3861,6,6370,1061.7
3862,6,6385,1064.2
3863,6,6379,1063.2
3864,7,6412,916.0
3865,6,6310,1051.7
3866,6,6342,1057.0
3867,6,6350,1058.3
3868,7,6376,910.9
3869,7,6380,911.4
3870,7,6398,914.0
3871,7,6400,914.3
3872,7,6363,909.0
3873,7,6382,911.7
3874,7,6374,910.6
3875,7,6388,912.6
3876,7,6384,912.0
3877,7,6387,912.4
3878,7,6379,911.3
3879,7,6378,911.1
3880,7,6382,911.7
3881,7,6399,914.1
3882,7,6378,911.1
3883,7,6380,911.4
3884,7,6372,910.3
3885,7,6382,911.7
3886,7,6393,913.3
3887,7,6363,909.0
3888,7,6376,910.9
3889,7,6365,909.3
3890,7,6370,910.0
3891,7,6385,912.1
3892,7,6397,913.9
3893,7,6374,910.6
3894,7,6388,912.6
3895,7,6368,909.7
3896,7,6371,910.1
3897,7,6373,910.4
3898,7,6368,909.7
3899,7,6364,909.1
3900,7,6375,910.7
3901,7,6380,911.4
3902,7,6410,915.7
3903,7,6403,914.7
3904,7,6392,913.1
3905,7,6389,912.7
3906,7,6425,917.9
3907,7,6405,915.0
3908,7,6404,914.9
3909,7,6403,914.7
3910,7,6388,912.6
3911,7,6427,918.1
3912,7,6422,917.4
3913,7,6425,917.9
3914,7,6423,917.6
3915,7,6448,921.1
3916,7,6430,918.6
3917,7,6413,916.1
3918,7,6443,920.4
3919,7,6410,915.7
3920,7,6415,916.4
3921,7,6441,920.1
3922,7,6456,922.3
3923,7,6440,920.0
3924,7,6438,919.7
3925,7,6434,919.1
3926,7,6428,918.3
3927,7,6428,918.3
3928,7,6419,917.0
3929,7,6425,917.9
3930,7,6432,918.9
3931,7,6410,915.7
3932,7,6412,916.0
3933,7,6413,916.1
3934,7,6413,916.1
3935,7,6435,919.3
3936,7,6422,917.4
3937,7,6420,917.1
3938,7,6409,915.6
3939,7,6415,916.4
3940,7,6390,912.9
3941,7,6395,913.6
3942,7,6381,911.6
3943,7,6416,916.6
3944,7,6378,911.1
3945,7,6343,906.1
3946,7,6363,909.0
3947,7,6367,909.6
3948,7,6393,913.3
3949,7,6381,911.6
3950,7,6369,909.9
3951,7,6386,912.3
3952,7,6393,913.3
3953,7,6378,911.1
3954,7,6358,908.3
3955,7,6397,913.9
3956,7,6342,906.0
3957,7,6365,909.3
3958,7,6390,912.9
3959,7,6369,909.9
3960,7,6388,912.6
3961,7,6362,908.9
3962,7,6372,910.3
3963,7,6354,907.7
3964,7,6376,910.9
3965,7,6374,910.6
3966,7,6356,908.0
3967,7,6368,909.7
3968,7,6374,910.6
3969,7,6386,912.3
3970,7,6392,913.1
3971,7,6368,909.7
3972,7,6363,909.0
3973,6,6330,1055.0
3974,7,6371,910.1
3975,7,6377,911.0
3976,7,6361,908.7
3977,6,6337,1056.2
3978,7,6367,909.6
3979,7,6370,910.0
3980,6,6354,1059.0
3981,6,6350,1058.3
3982,6,6368,1061.3
3983,6,6336,1056.0
3984,6,6333,1055.5
3985,7,6357,908.1
3986,6,6324,1054.0
3987,6,6317,1052.8
3988,7,6368,909.7
3989,7,6366,909.4
3990,7,6356,908.0
3991,7,6354,907.7
3992,7,6359,908.4
3993,7,6351,907.3
3994,5,6242,1248.4
3995,5,6248,1249.6
3996,6,6304,1050.7
3997,5,6258,1251.6
3998,7,6309,901.3
3999,7,6362,908.9
4000,7,6332,904.6
4001,7,6358,908.3
4002,7,6375,910.7
4003,7,6381,911.6
4004,6,6338,1056.3
4005,6,6324,1054.0
4006,7,6383,911.9
4007,6,6312,1052.0
4008,6,6309,1051.5
4009,7,6374,910.6
4010,6,6341,1056.8
4011,6,6341,1056.8
4012,7,6386,912.3
4013,7,6377,911.0
4014,7,6365,909.3
4015,7,6360,908.6
4016,7,6345,906.4
4017,7,6357,908.1
4018,7,6364,909.1
4019,6,6332,1055.3
4020,7,6382,911.7
4021,7,6389,912.7
4022,7,6368,909.7
4023,7,6386,912.3
4024,7,6389,912.7
4025,7,6385,912.1
4026,7,6379,911.3
4027,7,6358,908.3
4028,7,6370,910.0
4029,7,6359,908.4
4030,7,6369,909.9
4031,7,6360,908.6
4032,7,6352,907.4
4033,7,6357,908.1
4034,7,6365,909.3
4035,7,6368,909.7
4036,7,6391,913.0
4037,7,6376,910.9
4038,7,6374,910.6
4039,6,6332,1055.3
4040,6,6318,1053.0
4041,6,6310,1051.7
4042,6,6323,1053.8
4043,6,6321,1053.5
4044,6,6346,1057.7
4045,6,6354,1059.0
4046,6,6365,1060.8
4047,6,6369,1061.5
4048,6,6327,1054.5
4049,6,6345,1057.5
4050,6,6336,1056.0
4051,7,6393,913.3
4052,6,6347,1057.8
4053,6,6329,1054.8
4054,6,6352,1058.7
4055,6,6333,1055.5
4056,6,6355,1059.2
4057,6,6343,1057.2
4058,6,6346,1057.7
4059,6,6335,1055.8
4060,6,6327,1054.5
4061,6,6312,1052.0
4062,6,6345,1057.5
4063,6,6333,1055.5
4064,6,6350,1058.3
4065,6,6343,1057.2
4066,6,6365,1060.8
4067,6,6367,1061.2
4068,6,6354,1059.0
4069,6,6339,1056.5
4070,6,6371,1061.8
4071,6,6352,1058.7
4072,6,6323,1053.8
4073,6,6315,1052.5
4074,6,6298,1049.7
4075,6,6314,1052.3
4076,6,6296,1049.3
4077,6,6313,1052.2
4078,6,6309,1051.5
4079,6,6339,1056.5
4080,6,6323,1053.8
4081,6,6351,1058.5
4082,6,6359,1059.8
4083,6,6352,1058.7
4084,6,6345,1057.5
4085,6,6340,1056.7
4086,6,6319,1053.2
4087,6,6337,1056.2
4088,6,6312,1052.0
4089,6,6297,1049.5
4090,6,6260,1043.3
4091,8,6341,792.6
4092,7,6263,894.7
4093,7,6259,894.1
4094,7,6288,898.3
4095,7,6286,898.0
4096,7,6297,899.6
4097,7,6299,899.9
4098,7,6323,903.3
4099,7,6336,905.1
4100,7,6315,902.1
4101,7,6360,908.6
4102,7,6327,903.9
4103,7,6315,902.1
4104,7,6292,898.9
4105,8,6347,793.4
4106,8,6351,793.9
4107,8,6354,794.2
4108,8,6364,795.5
4109,8,6349,793.6
4110,7,6315,902.1
4111,7,6327,903.9
4112,7,6349,907.0
4113,7,6336,905.1
4114,7,6354,907.7
4115,6,6387,1064.5
4116,6,6365,1060.8
4117,6,6404,1067.3
4118,6,6369,1061.5
4119,6,6368,1061.3
4120,6,6374,1062.3
4121,6,6369,1061.5
4122,6,6380,1063.3
4123,6,6401,1066.8
4124,5,6346,1269.2
4125,5,6373,1274.6
4126,5,6374,1274.8
4127,6,6419,1069.8
4128,6,6442,1073.7
4129,6,6439,1073.2
4130,6,6436,1072.7
4131,6,6412,1068.7
4132,5,6377,1275.4
4133,5,6342,1268.4
4134,5,6343,1268.6
4135,6,6386,1064.3
4136,5,6384,1276.8
4137,6,6403,1067.2
4138,7,6415,916.4
4139,6,6383,1063.8
4140,6,6410,1068.3
4141,5,6373,1274.6
4142,5,6373,1274.6
4143,5,6368,1273.6
4144,6,6423,1070.5
4145,5,6372,1274.4
4146,5,6380,1276.0
4147,5,6421,1284.2
4148,5,6400,1280.0
4149,5,6389,1277.8
4150,5,6406,1281.2
4151,5,6410,1282.0
4152,5,6399,1279.8
4153,5,6410,1282.0
4154,5,6395,1279.0
4155,5,6423,1284.6
4156,5,6416,1283.2
4157,5,6397,1279.4
4158,5,6429,1285.8
4159,5,6424,1284.8
4160,5,6414,1282.8
4161,5,6413,1282.6
4162,5,6395,1279.0
4163,5,6420,1284.0
4164,5,6430,1286.0
4165,5,6451,1290.2
4166,5,6439,1287.8
4167,5,6415,1283.0
4168,5,6414,1282.8
4169,5,6424,1284.8
4170,5,6432,1286.4
4171,5,6409,1281.8
4172,5,6421,1284.2
4173,5,6400,1280.0
4174,5,6427,1285.4
4175,5,6438,1287.6
4176,5,6447,1289.4
4177,5,6440,1288.0
4178,5,6443,1288.6
4179,5,6429,1285.8
4180,5,6392,1278.4
4181,5,6418,1283.6
4182,6,6446,1074.3
4183,5,6378,1275.6
4184,5,6391,1278.2
4185,5,6390,1278.0
4186,5,6392,1278.4
4187,5,6377,1275.4
4188,5,6415,1283.0
4189,5,6406,1281.2
4190,5,6393,1278.6
4191,5,6362,1272.4
4192,6,6419,1069.8
4193,6,6432,1072.0
4194,6,6426,1071.0
4195,5,6425,1285.0
4196,5,6408,1281.6
4197,6,6432,1072.0
4198,5,6426,1285.2
4199,5,6426,1285.2
4200,5,6402,1280.4
4201,5,6438,1287.6
4202,5,6430,1286.0
4203,5,6443,1288.6
4204,6,6407,1067.8
4205,6,6411,1068.5
4206,5,6416,1283.2
4207,5,6424,1284.8
4208,5,6449,1289.8
4209,5,6443,1288.6
4210,5,6454,1290.8
4211,5,6452,1290.4
4212,5,6427,1285.4
4213,5,6435,1287.0
4214,6,6409,1068.2
4215,6,6400,1066.7
4216,5,6408,1281.6
4217,5,6387,1277.4
4218,5,6395,1279.0
4219,5,6398,1279.6
4220,5,6396,1279.2
4221,5,6422,1284.4
4222,5,6438,1287.6
4223,5,6447,1289.4
4224,5,6440,1288.0
4225,5,6457,1291.4
4226,5,6457,1291.4
4227,5,6445,1289.0
4228,5,6440,1288.0
4229,4,6411,1602.8
4230,5,6449,1289.8
4231,5,6438,1287.6
4232,5,6430,1286.0
4233,5,6432,1286.4
4234,5,6420,1284.0
4235,4,6350,1587.5
4236,4,6367,1591.8
4237,4,6413,1603.2
4238,5,6427,1285.4
4239,4,6370,1592.5
4240,4,6389,1597.2
4241,4,6386,1596.5
4242,4,6385,1596.2
4243,5,6410,1282.0
4244,5,6433,1286.6
4245,4,6402,1600.5
4246,4,6402,1600.5
4247,4,6404,1601.0
4248,4,6399,1599.8
4249,4,6411,1602.8
4250,5,6427,1285.4
4251,4,6377,1594.2
4252,4,6375,1593.8
4253,4,6400,1600.0
4254,4,6417,1604.2
4255,4,6427,1606.8
4256,4,6460,1615.0
4257,4,6450,1612.5
4258,4,6466,1616.5
4259,4,6434,1608.5
4260,4,6424,1606.0
4261,4,6434,1608.5
4262,4,6436,1609.0
4263,4,6419,1604.8
4264,4,6435,1608.8
4265,4,6419,1604.8
4266,4,6416,1604.0
4267,4,6426,1606.5
4268,4,6414,1603.5
4269,4,6419,1604.8
4270,4,6432,1608.0
4271,4,6414,1603.5
4272,4,6391,1597.8
4273,4,6361,1590.2
4274,4,6367,1591.8
4275,4,6385,1596.2
4276,4,6387,1596.8
4277,4,6388,1597.0
4278,4,6381,1595.2
4279,4,6370,1592.5
4280,4,6372,1593.0
4281,4,6379,1594.8
4282,4,6379,1594.8
4283,3,6402,2134.0
4284,4,6375,1593.8
4285,4,6381,1595.2
4286,4,6372,1593.0
4287,4,6350,1587.5
4288,4,6374,1593.5
4289,4,6378,1594.5
4290,4,6355,1588.8
4291,4,6335,1583.8
4292,4,6304,1576.0
4293,6,6378,1063.0
4294,4,6279,1569.8
4295,4,6342,1585.5
4296,4,6349,1587.2
4297,5,6398,1279.6
4298,4,6336,1584.0
4299,4,6368,1592.0
4300,4,6344,1586.0
4301,4,6352,1588.0
4302,4,6338,1584.5
4303,4,6363,1590.8
4304,4,6388,1597.0
4305,4,6378,1594.5
4306,4,6376,1594.0
4307,4,6387,1596.8
4308,4,6347,1586.8
4309,4,6362,1590.5
4310,4,6388,1597.0
4311,4,6407,1601.8
4312,4,6389,1597.2
4313,4,6422,1605.5
4314,4,6391,1597.8
4315,4,6375,1593.8
4316,4,6383,1595.8
4317,4,6386,1596.5
4318,4,6366,1591.5
4319,4,6364,1591.0
4320,4,6352,1588.0
4321,4,6370,1592.5
4322,4,6378,1594.5
4323,4,6366,1591.5
4324,4,6358,1589.5
4325,4,6376,1594.0
4326,4,6378,1594.5
4327,4,6379,1594.8
4328,4,6387,1596.8
4329,4,6372,1593.0
4330,4,6375,1593.8
4331,4,6352,1588.0
4332,4,6334,1583.5
4333,4,6341,1585.2
4334,4,6328,1582.0
4335,4,6359,1589.8
4336,4,6342,1585.5
4337,4,6360,1590.0
4338,4,6338,1584.5
4339,4,6336,1584.0
4340,4,6360,1590.0
4341,4,6338,1584.5
4342,4,6340,1585.0
4343,4,6329,1582.2
4344,4,6348,1587.0
4345,4,6333,1583.2
4346,4,6348,1587.0
4347,4,6357,1589.2
4348,4,6378,1594.5
4349,4,6346,1586.5
4350,4,6377,1594.2
4351,4,6375,1593.8
4352,4,6335,1583.8
4353,4,6347,1586.8
4354,4,6345,1586.2
4355,4,6335,1583.8
4356,4,6335,1583.8
4357,4,6328,1582.0
4358,4,6348,1587.0
4359,4,6348,1587.0
4360,4,6365,1591.2
4361,4,6353,1588.2
4362,4,6348,1587.0
4363,4,6360,1590.0
4364,4,6359,1589.8
4365,4,6331,1582.8
4366,4,6342,1585.5
4367,4,6360,1590.0
4368,4,6330,1582.5
4369,4,6333,1583.2
4370,4,6340,1585.0
4371,4,6341,1585.2
4372,4,6322,1580.5
4373,4,6341,1585.2
4374,4,6332,1583.0
4375,4,6346,1586.5
4376,4,6333,1583.2
4377,4,6333,1583.2
4378,4,6330,1582.5
4379,4,6314,1578.5
4380,4,6325,1581.2
4381,4,6325,1581.2
4382,4,6328,1582.0
4383,4,6344,1586.0
4384,4,6337,1584.2
4385,4,6338,1584.5
4386,4,6338,1584.5
4387,4,6321,1580.2
4388,4,6332,1583.0
4389,4,6341,1585.2
4390,4,6340,1585.0
4391,4,6354,1588.5
4392,4,6362,1590.5
4393,4,6378,1594.5
4394,4,6360,1590.0
4395,4,6356,1589.0
4396,4,6370,1592.5
4397,4,6367,1591.8
4398,4,6399,1599.8
4399,4,6406,1601.5
4400,4,6372,1593.0
4401,4,6357,1589.2
4402,4,6374,1593.5
4403,4,6385,1596.2
4404,4,6385,1596.2
4405,4,6382,1595.5
4406,4,6374,1593.5
4407,4,6365,1591.2
4408,4,6357,1589.2
4409,4,6380,1595.0
4410,4,6371,1592.8
4411,4,6406,1601.5
4412,4,6426,1606.5
4413,4,6387,1596.8
4414,4,6382,1595.5
4415,4,6380,1595.0
4416,4,6390,1597.5
4417,4,6395,1598.8
4418,4,6404,1601.0
4419,4,6352,1588.0
4420,4,6353,1588.2
4421,4,6317,1579.2
4422,4,6326,1581.5
4423,4,6314,1578.5
4424,4,6290,1572.5
4425,6,6367,1061.2
4426,6,6378,1063.0
4427,6,6368,1061.3
4428,6,6350,1058.3
4429,6,6375,1062.5
4430,6,6366,1061.0
4431,5,6327,1265.4
4432,5,6332,1266.4
4433,6,6362,1060.3
4434,6,6367,1061.2
4435,5,6295,1259.0
4436,6,6346,1057.7
4437,6,6368,1061.3
4438,6,6361,1060.2
4439,6,6373,1062.2
4440,6,6363,1060.5
4441,6,6351,1058.5
4442,6,6383,1063.8
4443,6,6358,1059.7
4444,6,6357,1059.5
4445,6,6360,1060.0
4446,6,6369,1061.5
4447,6,6311,1051.8
4448,6,6353,1058.8
4449,5,6272,1254.4
4450,6,6341,1056.8
4451,6,6348,1058.0
4452,6,6352,1058.7
4453,6,6354,1059.0
4454,7,6277,896.7
4455,7,6267,895.3
4456,7,6262,894.6
4457,7,6271,895.9
4458,7,6299,899.9
4459,7,6294,899.1
4460,7,6269,895.6
4461,7,6242,891.7
4462,8,6310,788.8
4463,8,6334,791.8
4464,8,6316,789.5
4465,8,6290,786.2
4466,9,6340,704.4
4467,5,6331,1266.2
4468,7,6224,889.1
4469,7,6239,891.3
4470,7,6258,894.0
4471,8,6286,785.8
4472,8,6298,787.2
4473,8,6279,784.9
4474,8,6289,786.1
4475,8,6290,786.2
4476,8,6294,786.8
4477,8,6272,784.0
4478,8,6272,784.0
4479,8,6256,782.0
4480,8,6272,784.0
4481,8,6349,793.6
4482,8,6265,783.1
4483,8,6263,782.9
4484,8,6279,784.9
4485,8,6288,786.0
4486,8,6289,786.1
4487,7,6257,893.9
4488,7,6260,894.3
4489,7,6252,893.1
4490,7,6241,891.6
4491,6,6213,1035.5
4492,6,6207,1034.5
4493,7,6225,889.3
4494,7,6245,892.1
4495,5,6132,1226.4
4496,5,6181,1236.2
4497,5,6193,1238.6
4498,5,6209,1241.8
4499,5,6157,1231.4
4500,5,6138,1227.6
4501,6,6217,1036.2
4502,7,6248,892.6
4503,6,6225,1037.5
4504,8,6239,779.9
4505,6,6225,1037.5
4506,6,6218,1036.3
4507,6,6232,1038.7
4508,6,6176,1029.3
4509,9,6294,699.3
4510,9,6271,696.8
4511,9,6293,699.2
4512,9,6292,699.1
4513,7,6244,892.0
4514,9,6286,698.4
4515,6,6212,1035.3
4516,6,6202,1033.7
4517,6,6165,1027.5
4518,5,6135,1227.0
4519,6,6184,1030.7
4520,6,6175,1029.2
4521,6,6200,1033.3
4522,6,6186,1031.0
4523,6,6203,1033.8
4524,6,6199,1033.2
4525,6,6183,1030.5
4526,7,6198,885.4
4527,7,6186,883.7
4528,7,6200,885.7
4529,6,6132,1022.0
4530,7,6213,887.6
4531,7,6215,887.9
4532,9,6238,693.1
4533,8,6256,782.0
4534,9,6317,701.9
4535,9,6315,701.7
4536,9,6300,700.0
4537,9,6290,698.9
4538,9,6310,701.1
4539,8,6250,781.2
4540,8,6278,784.8
4541,8,6268,783.5
4542,9,6295,699.4
4543,6,6269,1044.8
4544,8,6321,790.1
4545,7,6321,903.0
4546,7,6290,898.6
4547,6,6239,1039.8
4548,9,6349,705.4
4549,9,6369,707.7
4550,8,6330,791.2
4551,8,6299,787.4
4552,8,6251,781.4
4553,9,6323,702.6
4554,9,6314,701.6
4555,8,6343,792.9
4556,10,6343,634.3
4557,9,6277,697.4
4558,7,6213,887.6
4559,10,6284,628.4
4560,8,6265,783.1
4561,8,6252,781.5
4562,8,6268,783.5
4563,8,6263,782.9
4564,7,6212,887.4
4565,9,6338,704.2
4566,8,6291,786.4
4567,8,6271,783.9
4568,8,6307,788.4
4569,8,6272,784.0
4570,8,6292,786.5
4571,8,6303,787.9
4572,7,6272,896.0
4573,5,6166,1233.2
4574,8,6324,790.5
4575,7,6327,903.9
4576,6,6238,1039.7
4577,7,6297,899.6
4578,6,6226,1037.7
4579,6,6209,1034.8
4580,5,6154,1230.8
4581,5,6159,1231.8
4582,5,6176,1235.2
4583,6,6226,1037.7
4584,6,6171,1028.5
4585,6,6277,1046.2
4586,6,6349,1058.2
4587,6,6340,1056.7
4588,8,6321,790.1
4589,6,6346,1057.7
4590,5,6288,1257.6
4591,6,6332,1055.3
4592,6,6339,1056.5
4593,6,6366,1061.0
4594,6,6352,1058.7
4595,6,6342,1057.0
4596,6,6349,1058.2
4597,6,6344,1057.3
4598,6,6345,1057.5
4599,6,6281,1046.8
4600,6,6288,1048.0
4601,6,6338,1056.3
4602,6,6357,1059.5
4603,6,6365,1060.8
4604,6,6346,1057.7
4605,6,6351,1058.5
4606,6,6356,1059.3
4607,6,6289,1048.2
4608,7,6309,901.3
4609,6,6357,1059.5
4610,6,6331,1055.2
4611,6,6294,1049.0
4612,7,6321,903.0
4613,7,6350,907.1
4614,7,6366,909.4
4615,7,6345,906.4
4616,6,6338,1056.3
4617,6,6330,1055.0
4618,6,6333,1055.5
4619,6,6341,1056.8
4620,6,6334,1055.7
4621,6,6303,1050.5
4622,6,6319,1053.2
4623,6,6340,1056.7
4624,6,6324,1054.0
4625,6,6348,1058.0
4626,6,6331,1055.2
4627,6,6320,1053.3
4628,7,6330,904.3
4629,6,6311,1051.8
4630,6,6319,1053.2
4631,6,6325,1054.2
4632,7,6310,901.4
4633,7,6318,902.6
4634,5,6235,1247.0
4635,6,6302,1050.3
4636,7,6328,904.0
4637,6,6316,1052.7
4638,6,6341,1056.8
4639,7,6322,903.1
4640,6,6303,1050.5
4641,6,6320,1053.3
4642,7,6329,904.1
4643,6,6322,1053.7
4644,5,6254,1250.8
4645,5,6269,1253.8
4646,5,6275,1255.0
4647,5,6256,1251.2
4648,6,6301,1050.2
4649,6,6306,1051.0
4650,6,6288,1048.0
4651,7,6283,897.6
4652,7,6308,901.1
4653,8,6312,789.0
4654,7,6334,904.9
4655,7,6329,904.1
4656,7,6294,899.1
4657,8,6319,789.9
4658,7,6261,894.4
4659,7,6285,897.9
4660,7,6256,893.7
4661,8,6303,787.9
4662,7,6270,895.7
4663,7,6286,898.0
4664,7,6294,899.1
4665,7,6297,899.6
4666,7,6267,895.3
4667,6,6280,1046.7
4668,6,6285,1047.5
4669,8,6326,790.8
4670,8,6308,788.5
4671,6,6308,1051.3
4672,6,6324,1054.0
4673,6,6317,1052.8
4674,6,6314,1052.3
4675,6,6301,1050.2
4676,6,6286,1047.7
4677,6,6311,1051.8
4678,6,6301,1050.2
4679,6,6307,1051.2
4680,5,6242,1248.4
4681,5,6264,1252.8
4682,5,6283,1256.6
4683,5,6261,1252.2
4684,5,6256,1251.2
4685,4,6250,1562.5
4686,5,6306,1261.2
4687,5,6313,1262.6
4688,5,6323,1264.6
4689,5,6308,1261.6
4690,5,6319,1263.8
4691,5,6216,1243.2
4692,5,6346,1269.2
4693,6,6305,1050.8
4694,5,6247,1249.4
4695,6,6299,1049.8
4696,5,6303,1260.6
4697,5,6262,1252.4
4698,5,6321,1264.2
4699,4,6276,1569.0
4700,4,6299,1574.8
4701,5,6318,1263.6
4702,5,6335,1267.0
4703,5,6294,1258.8
4704,5,6295,1259.0
4705,5,6291,1258.2
4706,5,6298,1259.6
4707,5,6301,1260.2
4708,4,6253,1563.2
4709,4,6267,1566.8
4710,4,6302,1575.5
4711,4,6294,1573.5
4712,4,6295,1573.8
4713,4,6276,1569.0
4714,4,6264,1566.0
4715,4,6280,1570.0
4716,4,6274,1568.5
4717,4,6287,1571.8
4718,4,6242,1560.5
4719,4,6237,1559.2
4720,4,6243,1560.8
4721,5,6260,1252.0
4722,5,6270,1254.0
4723,5,6282,1256.4
4724,5,6275,1255.0
4725,5,6279,1255.8
4726,5,6242,1248.4
4727,4,6234,1558.5
4728,4,6241,1560.2
4729,4,6212,1553.0
4730,5,6259,1251.8
4731,4,6233,1558.2
4732,4,6227,1556.8
4733,4,6254,1563.5
4734,4,6233,1558.2
4735,4,6220,1555.0
4736,4,6214,1553.5
4737,4,6239,1559.8
4738,4,6221,1555.2
4739,4,6244,1561.0
4740,4,6224,1556.0
4741,4,6257,1564.2
4742,4,6241,1560.2
4743,4,6251,1562.8
4744,4,6276,1569.0
4745,4,6278,1569.5
4746,4,6293,1573.2
4747,4,6291,1572.8
4748,4,6299,1574.8
4749,4,6289,1572.2
4750,4,6270,1567.5
4751,4,6280,1570.0
4752,4,6260,1565.0
4753,4,6289,1572.2
4754,4,6285,1571.2
4755,4,6295,1573.8
4756,4,6268,1567.0
4757,4,6278,1569.5
4758,4,6260,1565.0
4759,4,6271,1567.8
4760,4,6260,1565.0
4761,4,6250,1562.5
4762,4,6254,1563.5
4763,4,6271,1567.8
4764,4,6268,1567.0
4765,4,6263,1565.8
4766,4,6278,1569.5
4767,4,6272,1568.0
4768,4,6267,1566.8
4769,4,6261,1565.2
4770,4,6279,1569.8
4771,4,6253,1563.2
4772,4,6265,1566.2
4773,4,6261,1565.2
4774,3,6201,2067.0
4775,3,6209,2069.7
4776,3,6201,2067.0
4777,3,6206,2068.7
4778,3,6186,2062.0
4779,4,6262,1565.5
4780,4,6261,1565.2
4781,4,6240,1560.0
4782,4,6276,1569.0
4783,3,6233,2077.7
4784,3,6255,2085.0
4785,3,6260,2086.7
4786,3,6266,2088.7
4787,4,6290,1572.5
4788,4,6272,1568.0
4789,4,6267,1566.8
4790,4,6257,1564.2
4791,4,6250,1562.5
4792,4,6243,1560.8
4793,4,6229,1557.2
4794,4,6263,1565.8
4795,4,6250,1562.5
4796,4,6241,1560.2
4797,4,6238,1559.5
4798,4,6243,1560.8
4799,4,6234,1558.5
4800,4,6246,1561.5
4801,4,6221,1555.2
4802,4,6223,1555.8
4803,4,6254,1563.5
4804,4,6251,1562.8
4805,4,6218,1554.5
4806,4,6237,1559.2
4807,4,6233,1558.2
4808,4,6258,1564.5
4809,4,6270,1567.5
4810,4,6241,1560.2
4811,4,6243,1560.8
4812,4,6247,1561.8
4813,4,6222,1555.5
4814,4,6230,1557.5
4815,5,6242,1248.4
4816,4,6227,1556.8
4817,4,6202,1550.5
4818,4,6198,1549.5
4819,4,6212,1553.0
4820,4,6195,1548.8
4821,4,6203,1550.8
4822,4,6170,1542.5
4823,4,6166,1541.5
4824,4,6183,1545.8
4825,4,6181,1545.2
4826,4,6175,1543.8
4827,4,6197,1549.2
4828,4,6198,1549.5
4829,4,6187,1546.8
4830,4,6171,1542.8
4831,4,6200,1550.0
4832,4,6195,1548.8
4833,4,6191,1547.8
4834,4,6172,1543.0
4835,4,6194,1548.5
4836,4,6166,1541.5
4837,4,6166,1541.5
4838,4,6182,1545.5
4839,4,6165,1541.2
4840,5,6204,1240.8
4841,5,6191,1238.2
4842,5,6181,1236.2
4843,5,6147,1229.4
4844,4,6094,1523.5
4845,4,6107,1526.8
4846,4,6138,1534.5
4847,4,6148,1537.0
4848,4,6114,1528.5
4849,5,6195,1239.0
4850,5,6166,1233.2
4851,5,6176,1235.2
4852,4,6112,1528.0
4853,4,6139,1534.8
4854,4,6120,1530.0
4855,5,6139,1227.8
4856,5,6145,1229.0
4857,4,6101,1525.2
4858,5,6156,1231.2
4859,5,6149,1229.8
4860,5,6168,1233.6
4861,5,6180,1236.0
4862,5,6158,1231.6
4863,5,6172,1234.4
4864,5,6159,1231.8
4865,5,6135,1227.0
4866,5,6161,1232.2
4867,5,6165,1233.0
4868,5,6153,1230.6
4869,5,6154,1230.8
4870,5,6164,1232.8
4871,5,6162,1232.4
4872,5,6163,1232.6
4873,5,6159,1231.8
4874,5,6155,1231.0
4875,5,6158,1231.6
4876,5,6139,1227.8
4877,5,6141,1228.2
4878,5,6121,1224.2
4879,5,6111,1222.2
4880,5,6102,1220.4
4881,5,6077,1215.4
4882,5,6082,1216.4
4883,5,6076,1215.2
4884,5,6098,1219.6
4885,5,6082,1216.4
4886,5,6093,1218.6
4887,5,6077,1215.4
4888,6,6110,1018.3
4889,6,6108,1018.0
4890,5,6099,1219.8
4891,5,6108,1221.6
4892,5,6098,1219.6
4893,5,6119,1223.8
4894,5,6109,1221.8
4895,5,6110,1222.0
4896,5,6090,1218.0
4897,5,6127,1225.4
4898,5,6119,1223.8
4899,5,6113,1222.6
4900,5,6161,1232.2
4901,5,6084,1216.8
4902,5,6089,1217.8
4903,5,6100,1220.0
4904,5,6140,1228.0
4905,5,6140,1228.0
4906,5,6102,1220.4
4907,5,6126,1225.2
4908,5,6113,1222.6
4909,5,6100,1220.0
4910,5,6057,1211.4
4911,6,6124,1020.7
4912,5,6063,1212.6
4913,7,6172,881.7
4914,6,6119,1019.8
4915,6,6113,1018.8
4916,6,6119,1019.8
4917,5,6099,1219.8
4918,6,6098,1016.3
4919,6,6095,1015.8
4920,7,6135,876.4
4921,7,6137,876.7
4922,6,6112,1018.7
4923,5,6079,1215.8
4924,5,6097,1219.4
4925,5,6092,1218.4
4926,5,6104,1220.8
4927,5,6110,1222.0
4928,5,6102,1220.4
4929,5,6118,1223.6
4930,5,6117,1223.4
4931,5,6061,1212.2
4932,7,6138,876.9
4933,7,6154,879.1
4934,6,6074,1012.3
4935,6,6110,1018.3
4936,5,6113,1222.6
4937,5,6075,1215.0
4938,6,6101,1016.8
4939,7,6131,875.9
4940,7,6176,882.3
4941,6,6141,1023.5
4942,6,6142,1023.7
4943,5,6118,1223.6
4944,5,6075,1215.0
4945,5,6107,1221.4
4946,5,6108,1221.6
4947,4,6087,1521.8
4948,5,6118,1223.6
4949,4,6113,1528.2
4950,4,6160,1540.0
4951,5,6188,1237.6
4952,5,6191,1238.2
4953,5,6197,1239.4
4954,5,6210,1242.0
4955,4,6145,1536.2
4956,5,6185,1237.0
4957,4,6135,1533.8
4958,4,6129,1532.2
4959,5,6156,1231.2
4960,5,6161,1232.2
4961,5,6194,1238.8
4962,5,6171,1234.2
4963,4,6131,1532.8
4964,4,6165,1541.2
4965,4,6166,1541.5
4966,4,6226,1556.5
4967,4,6154,1538.5
4968,4,6184,1546.0
4969,4,6155,1538.8
4970,4,6198,1549.5
4971,4,6187,1546.8
4972,4,6187,1546.8
4973,4,6212,1553.0
4974,4,6221,1555.2
4975,4,6246,1561.5
4976,4,6254,1563.5
4977,4,6240,1560.0
4978,4,6226,1556.5
4979,5,6259,1251.8
4980,5,6255,1251.0
4981,5,6258,1251.6
4982,5,6258,1251.6
4983,5,6235,1247.0
4984,5,6221,1244.2
4985,5,6236,1247.2
4986,5,6260,1252.0
4987,5,6242,1248.4
4988,5,6225,1245.0
4989,5,6218,1243.6
4990,5,6227,1245.4
4991,5,6221,1244.2
4992,5,6212,1242.4
4993,5,6231,1246.2
4994,5,6214,1242.8
4995,5,6224,1244.8
4996,4,6187,1546.8
4997,4,6169,1542.2
4998,4,6173,1543.2
4999,4,6174,1543.5
5000,4,6173,1543.2
5001,5,6193,1238.6
5002,4,6182,1545.5
5003,4,6178,1544.5
5004,4,6166,1541.5
5005,4,6186,1546.5
5006,4,6188,1547.0
5007,4,6202,1550.5
5008,4,6191,1547.8
5009,5,6222,1244.4
5010,5,6221,1244.2
5011,5,6210,1242.0
5012,5,6204,1240.8
5013,5,6202,1240.4
5014,5,6217,1243.4
5015,5,6222,1244.4
5016,5,6237,1247.4
5017,5,6237,1247.4
5018,5,6227,1245.4
5019,5,6234,1246.8
5020,5,6223,1244.6
5021,5,6218,1243.6
5022,5,6226,1245.2
5023,5,6228,1245.6
5024,5,6209,1241.8
5025,5,6209,1241.8
5026,5,6185,1237.0
5027,5,6172,1234.4
5028,5,6187,1237.4
5029,5,6194,1238.8
5030,5,6188,1237.6
5031,5,6158,1231.6
5032,5,6189,1237.8
5033,5,6203,1240.6
5034,4,6181,1545.2
5035,4,6206,1551.5
5036,4,6184,1546.0
5037,4,6188,1547.0
5038,4,6172,1543.0
5039,4,6156,1539.0
5040,4,6165,1541.2
5041,4,6142,1535.5
5042,4,6135,1533.8
5043,5,6170,1234.0
5044,5,6182,1236.4
5045,5,6210,1242.0
5046,5,6199,1239.8
5047,5,6192,1238.4
5048,5,6181,1236.2
5049,4,6124,1531.0
5050,4,6129,1532.2
5051,4,6135,1533.8
5052,5,6192,1238.4
5053,4,6148,1537.0
5054,4,6129,1532.2
5055,4,6126,1531.5
5056,4,6166,1541.5
5057,4,6191,1547.8
5058,4,6173,1543.2
5059,3,6142,2047.3
5060,3,6122,2040.7
5061,3,6120,2040.0
5062,3,6120,2040.0
5063,4,6196,1549.0
5064,4,6150,1537.5
5065,4,6164,1541.0
5066,4,6169,1542.2
5067,4,6181,1545.2
5068,3,6138,2046.0
5069,3,6152,2050.7
5070,4,6222,1555.5
5071,3,6198,2066.0
5072,3,6184,2061.3
5073,3,6187,2062.3
5074,3,6176,2058.7
5075,3,6183,2061.0
5076,3,6183,2061.0
5077,3,6187,2062.3
5078,4,6219,1554.8
5079,4,6223,1555.8
5080,4,6211,1552.8
5081,4,6221,1555.2
5082,4,6211,1552.8
5083,4,6210,1552.5
5084,4,6174,1543.5
5085,4,6187,1546.8
5086,4,6211,1552.8
5087,4,6187,1546.8
5088,4,6187,1546.8
5089,4,6193,1548.2
5090,4,6183,1545.8
5091,4,6205,1551.2
5092,4,6162,1540.5
5093,4,6160,1540.0
5094,4,6162,1540.5
5095,5,6211,1242.2
5096,5,6219,1243.8
5097,4,6154,1538.5
5098,4,6185,1546.2
5099,4,6186,1546.5
5100,4,6182,1545.5
5101,4,6197,1549.2
5102,4,6201,1550.2
5103,4,6187,1546.8
5104,4,6198,1549.5
5105,4,6190,1547.5
5106,4,6227,1556.8
5107,4,6226,1556.5
5108,4,6209,1552.2
5109,4,6206,1551.5
5110,3,6140,2046.7
5111,3,6161,2053.7
5112,4,6186,1546.5
5113,3,6165,2055.0
5114,4,6218,1554.5
5115,4,6198,1549.5
5116,4,6181,1545.2
5117,4,6195,1548.8
5118,4,6204,1551.0
5119,4,6222,1555.5
5120,3,6152,2050.7
5121,4,6196,1549.0
5122,3,6120,2040.0
5123,3,6179,2059.7
5124,3,6190,2063.3
5125,3,6204,2068.0
5126,3,6186,2062.0
5127,3,6185,2061.7
5128,3,6217,2072.3
5129,3,6223,2074.3
5130,3,6202,2067.3
5131,3,6225,2075.0
5132,3,6222,2074.0
5133,3,6189,2063.0
5134,3,6203,2067.7
5135,3,6182,2060.7
5136,3,6188,2062.7
5137,3,6206,2068.7
5138,3,6231,2077.0
5139,3,6203,2067.7
5140,3,6200,2066.7
5141,3,6195,2065.0
5142,3,6200,2066.7
5143,3,6212,2070.7
5144,3,6228,2076.0
5145,3,6229,2076.3
5146,3,6233,2077.7
5147,3,6239,2079.7
5148,3,6230,2076.7
5149,3,6217,2072.3
5150,3,6237,2079.0
5151,3,6221,2073.7
5152,3,6227,2075.7
5153,3,6218,2072.7
5154,3,6221,2073.7
5155,3,6204,2068.0
5156,3,6240,2080.0
5157,3,6252,2084.0
5158,3,6236,2078.7
5159,3,6247,2082.3
5160,3,6243,2081.0
5161,3,6212,2070.7
5162,3,6200,2066.7
5163,3,6231,2077.0
5164,3,6236,2078.7
5165,3,6239,2079.7
5166,3,6246,2082.0
5167,3,6257,2085.7
5168,3,6263,2087.7
5169,3,6248,2082.7
5170,3,6257,2085.7
5171,3,6242,2080.7
5172,3,6242,2080.7
5173,3,6240,2080.0
5174,3,6250,2083.3
5175,3,6212,2070.7
5176,3,6221,2073.7
5177,3,6240,2080.0
5178,3,6226,2075.3
5179,3,6214,2071.3
5180,3,6233,2077.7
5181,3,6197,2065.7
5182,3,6221,2073.7
5183,3,6241,2080.3
5184,3,6224,2074.7
5185,3,6213,2071.0
5186,3,6209,2069.7
5187,3,6236,2078.7
5188,3,6218,2072.7
5189,3,6227,2075.7
5190,3,6230,2076.7
5191,3,6246,2082.0
5192,3,6242,2080.7
5193,3,6247,2082.3
5194,3,6248,2082.7
5195,3,6252,2084.0
5196,3,6234,2078.0
5197,3,6225,2075.0
5198,3,6235,2078.3
5199,3,6251,2083.7
5200,3,6226,2075.3
5201,3,6240,2080.0
5202,3,6273,2091.0
5203,3,6265,2088.3
5204,3,6236,2078.7
5205,3,6239,2079.7
5206,3,6238,2079.3
5207,3,6228,2076.0
5208,3,6249,2083.0
5209,3,6235,2078.3
5210,3,6246,2082.0
5211,3,6246,2082.0
5212,3,6237,2079.0
5213,3,6246,2082.0
5214,3,6236,2078.7
5215,3,6239,2079.7
5216,3,6250,2083.3
5217,3,6257,2085.7
5218,3,6245,2081.7
5219,3,6248,2082.7
5220,3,6238,2079.3
5221,3,6234,2078.0
5222,3,6235,2078.3
5223,3,6222,2074.0
5224,3,6238,2079.3
5225,3,6237,2079.0
5226,3,6250,2083.3
5227,3,6240,2080.0
5228,3,6256,2085.3
5229,3,6239,2079.7
5230,3,6241,2080.3
5231,3,6270,2090.0
5232,3,6237,2079.0
5233,3,6263,2087.7
5234,3,6258,2086.0
5235,3,6252,2084.0
5236,3,6236,2078.7
5237,3,6252,2084.0
5238,3,6239,2079.7
5239,3,6238,2079.3
5240,3,6234,2078.0
5241,3,6240,2080.0
5242,3,6213,2071.0
5243,3,6205,2068.3
5244,3,6223,2074.3
5245,3,6242,2080.7
5246,3,6193,2064.3
5247,3,6210,2070.0
5248,3,6213,2071.0
5249,3,6243,2081.0
5250,3,6212,2070.7
5251,3,6230,2076.7
5252,3,6222,2074.0
5253,3,6228,2076.0
5254,3,6227,2075.7
5255,3,6235,2078.3
5256,3,6230,2076.7
5257,3,6221,2073.7
5258,3,6224,2074.7
5259,3,6226,2075.3
5260,3,6228,2076.0
5261,3,6246,2082.0
5262,3,6238,2079.3
5263,3,6225,2075.0
5264,3,6230,2076.7
5265,3,6234,2078.0
5266,3,6217,2072.3
5267,3,6207,2069.0
5268,3,6225,2075.0
5269,3,6229,2076.3
5270,3,6258,2086.0
5271,3,6254,2084.7
5272,3,6268,2089.3
5273,3,6260,2086.7
5274,3,6233,2077.7
5275,3,6224,2074.7
5276,3,6224,2074.7
5277,3,6240,2080.0
5278,3,6222,2074.0
5279,3,6239,2079.7
5280,3,6249,2083.0
5281,3,6230,2076.7
5282,3,6220,2073.3
5283,3,6227,2075.7
5284,3,6237,2079.0
5285,3,6242,2080.7
5286,3,6241,2080.3
5287,3,6252,2084.0
5288,3,6266,2088.7
5289,3,6259,2086.3
5290,3,6251,2083.7
5291,2,6177,3088.5
5292,2,6200,3100.0
5293,3,6224,2074.7
5294,2,6171,3085.5
5295,3,6229,2076.3
5296,3,6218,2072.7
5297,3,6220,2073.3
5298,3,6213,2071.0
5299,3,6224,2074.7
5300,3,6232,2077.3
5301,3,6214,2071.3
5302,3,6210,2070.0
5303,3,6230,2076.7
5304,3,6253,2084.3
5305,3,6247,2082.3
5306,3,6246,2082.0
5307,2,6175,3087.5
5308,3,6251,2083.7
5309,3,6236,2078.7
5310,3,6237,2079.0
5311,3,6232,2077.3
5312,3,6239,2079.7
5313,3,6218,2072.7
5314,3,6222,2074.0
5315,3,6242,2080.7
5316,3,6252,2084.0
5317,3,6261,2087.0
5318,3,6236,2078.7
5319,3,6219,2073.0
5320,4,6255,1563.8
5321,4,6246,1561.5
5322,3,6194,2064.7
5323,4,6232,1558.0
5324,4,6223,1555.8
5325,4,6210,1552.5
5326,3,6208,2069.3
5327,3,6226,2075.3
5328,3,6214,2071.3
5329,3,6218,2072.7
5330,3,6246,2082.0
5331,3,6204,2068.0
5332,3,6207,2069.0
5333,3,6236,2078.7
5334,3,6251,2083.7
5335,3,6249,2083.0
5336,3,6238,2079.3
5337,3,6258,2086.0
5338,3,6254,2084.7
5339,3,6248,2082.7
5340,3,6235,2078.3
5341,3,6260,2086.7
5342,3,6250,2083.3
5343,3,6266,2088.7
5344,3,6267,2089.0
5345,3,6257,2085.7
5346,3,6242,2080.7
5347,3,6267,2089.0
5348,3,6278,2092.7
5349,3,6262,2087.3
5350,3,6246,2082.0
5351,3,6269,2089.7
5352,3,6245,2081.7
5353,3,6279,2093.0
5354,3,6292,2097.3
5355,3,6305,2101.7
5356,3,6292,2097.3
5357,3,6280,2093.3
5358,3,6270,2090.0
5359,3,6270,2090.0
5360,3,6268,2089.3
5361,3,6274,2091.3
5362,3,6272,2090.7
5363,3,6302,2100.7
5364,3,6280,2093.3
5365,3,6300,2100.0
5366,3,6289,2096.3
5367,3,6295,2098.3
5368,3,6297,2099.0
5369,3,6290,2096.7
5370,3,6301,2100.3
5371,3,6303,2101.0
5372,3,6307,2102.3
5373,3,6297,2099.0
5374,2,6257,3128.5
5375,2,6247,3123.5
5376,2,6249,3124.5
5377,2,6288,3144.0
5378,2,6252,3126.0
5379,2,6280,3140.0
5380,2,6273,3136.5
5381,2,6243,3121.5
5382,3,6297,2099.0
5383,3,6304,2101.3
5384,3,6288,2096.0
5385,3,6311,2103.7
5386,3,6320,2106.7
5387,3,6333,2111.0
5388,2,6246,3123.0
5389,2,6244,3122.0
5390,3,6310,2103.3
5391,3,6316,2105.3
5392,3,6316,2105.3
5393,3,6299,2099.7
5394,2,6220,3110.0
5395,3,6266,2088.7
5396,3,6268,2089.3
5397,3,6289,2096.3
5398,3,6272,2090.7
5399,4,6311,1577.8
5400,3,6273,2091.0
5401,3,6281,2093.7
5402,3,6292,2097.3
5403,3,6296,2098.7
5404,3,6296,2098.7
5405,3,6302,2100.7
5406,4,6324,1581.0
5407,4,6324,1581.0
5408,4,6321,1580.2
5409,3,6274,2091.3
5410,3,6278,2092.7
5411,3,6277,2092.3
5412,3,6275,2091.7
5413,3,6285,2095.0
5414,3,6292,2097.3
5415,3,6319,2106.3
5416,3,6325,2108.3
5417,3,6333,2111.0
5418,3,6328,2109.3
5419,3,6345,2115.0
5420,3,6328,2109.3
5421,3,6336,2112.0
5422,2,6278,3139.0
5423,3,6316,2105.3
5424,2,6280,3140.0
5425,3,6333,2111.0
5426,3,6286,2095.3
5427,3,6331,2110.3
5428,3,6333,2111.0
5429,3,6334,2111.3
5430,3,6330,2110.0
5431,3,6327,2109.0
5432,3,6353,2117.7
5433,3,6340,2113.3
5434,3,6340,2113.3
5435,3,6327,2109.0
5436,3,6327,2109.0
5437,3,6334,2111.3
5438,3,6333,2111.0
5439,3,6339,2113.0
5440,3,6345,2115.0
5441,3,6345,2115.0
5442,3,6354,2118.0
5443,3,6336,2112.0
5444,3,6328,2109.3
5445,3,6347,2115.7
5446,3,6364,2121.3
5447,3,6363,2121.0
5448,3,6378,2126.0
5449,3,6368,2122.7
5450,3,6369,2123.0
5451,3,6372,2124.0
5452,3,6378,2126.0
5453,3,6372,2124.0
5454,3,6365,2121.7
5455,3,6352,2117.3
5456,3,6347,2115.7
5457,3,6348,2116.0
5458,3,6363,2121.0
5459,3,6365,2121.7
5460,3,6362,2120.7
5461,3,6357,2119.0
5462,3,6341,2113.7
5463,3,6339,2113.0
5464,3,6343,2114.3
5465,3,6339,2113.0
5466,3,6331,2110.3
5467,3,6342,2114.0
5468,3,6313,2104.3
5469,3,6316,2105.3
5470,3,6324,2108.0
5471,3,6327,2109.0
5472,3,6336,2112.0
5473,3,6315,2105.0
5474,3,6327,2109.0
5475,3,6306,2102.0
5476,3,6312,2104.0
5477,3,6311,2103.7
5478,3,6309,2103.0
5479,3,6330,2110.0
5480,3,6329,2109.7
5481,3,6317,2105.7
5482,3,6324,2108.0
5483,3,6324,2108.0
5484,3,6304,2101.3
5485,3,6309,2103.0
5486,3,6318,2106.0
5487,3,6324,2108.0
5488,3,6311,2103.7
5489,3,6304,2101.3
5490,3,6286,2095.3
5491,3,6304,2101.3
5492,3,6284,2094.7
5493,3,6287,2095.7
5494,3,6282,2094.0
5495,3,6294,2098.0
5496,3,6291,2097.0
5497,3,6309,2103.0
5498,3,6292,2097.3
5499,3,6276,2092.0
5500,3,6283,2094.3
5501,3,6300,2100.0
5502,3,6276,2092.0
5503,3,6249,2083.0
5504,3,6285,2095.0
5505,3,6286,2095.3
5506,3,6267,2089.0
5507,3,6249,2083.0
5508,3,6266,2088.7
5509,3,6266,2088.7
5510,3,6262,2087.3
5511,3,6263,2087.7
5512,3,6263,2087.7
5513,3,6275,2091.7
5514,3,6261,2087.0
5515,3,6276,2092.0
5516,3,6285,2095.0
5517,3,6289,2096.3
5518,2,6171,3085.5
5519,3,6236,2078.7
5520,2,6206,3103.0
5521,2,6180,3090.0
5522,3,6232,2077.3
5523,3,6221,2073.7
5524,3,6275,2091.7
5525,3,6262,2087.3
5526,3,6249,2083.0
5527,3,6260,2086.7
5528,3,6250,2083.3
5529,3,6253,2084.3
5530,3,6256,2085.3
5531,3,6270,2090.0
5532,3,6293,2097.7
5533,3,6284,2094.7
5534,3,6303,2101.0
5535,3,6279,2093.0
5536,3,6299,2099.7
5537,3,6319,2106.3
5538,3,6322,2107.3
5539,3,6321,2107.0
5540,3,6315,2105.0
5541,3,6306,2102.0
5542,3,6314,2104.7
5543,3,6313,2104.3
5544,3,6316,2105.3
5545,3,6317,2105.7
5546,3,6305,2101.7
5547,3,6302,2100.7
5548,3,6295,2098.3
5549,3,6292,2097.3
5550,3,6283,2094.3
5551,3,6298,2099.3
5552,3,6303,2101.0
5553,3,6293,2097.7
5554,3,6293,2097.7
5555,3,6294,2098.0
5556,3,6283,2094.3
5557,3,6282,2094.0
5558,3,6312,2104.0
5559,3,6312,2104.0
5560,3,6321,2107.0
5561,3,6326,2108.7
5562,3,6328,2109.3
5563,3,6318,2106.0
5564,3,6318,2106.0
5565,3,6312,2104.0
5566,3,6294,2098.0
5567,3,6322,2107.3
5568,3,6301,2100.3
5569,3,6306,2102.0
5570,3,6327,2109.0
5571,3,6310,2103.3
5572,3,6313,2104.3
5573,3,6309,2103.0
5574,3,6312,2104.0
5575,3,6288,2096.0
5576,3,6300,2100.0
5577,3,6288,2096.0
5578,3,6275,2091.7
5579,3,6280,2093.3
5580,3,6288,2096.0
5581,3,6281,2093.7
5582,3,6251,2083.7
5583,3,6266,2088.7
5584,3,6270,2090.0
5585,3,6269,2089.7
5586,3,6285,2095.0
5587,3,6296,2098.7
5588,3,6310,2103.3
5589,3,6297,2099.0
5590,3,6311,2103.7
5591,3,6288,2096.0
5592,3,6297,2099.0
5593,3,6290,2096.7
5594,3,6284,2094.7
5595,3,6290,2096.7
5596,3,6293,2097.7
5597,3,6297,2099.0
5598,3,6296,2098.7
5599,3,6305,2101.7
5600,3,6300,2100.0
5601,3,6281,2093.7
5602,3,6290,2096.7
5603,3,6281,2093.7
5604,3,6284,2094.7
5605,3,6293,2097.7
5606,3,6275,2091.7
5607,3,6281,2093.7
5608,3,6274,2091.3
5609,3,6271,2090.3
5610,3,6286,2095.3
5611,3,6282,2094.0
5612,3,6278,2092.7
5613,3,6254,2084.7
5614,3,6254,2084.7
5615,3,6266,2088.7
5616,3,6247,2082.3
5617,3,6253,2084.3
5618,3,6217,2072.3
5619,4,6282,1570.5
5620,4,6284,1571.0
5621,4,6274,1568.5
5622,4,6287,1571.8
5623,4,6298,1574.5
5624,3,6253,2084.3
5625,3,6258,2086.0
5626,3,6262,2087.3
5627,3,6249,2083.0
5628,4,6279,1569.8
5629,3,6241,2080.3
5630,4,6285,1571.2
5631,4,6298,1574.5
5632,4,6311,1577.8
5633,4,6318,1579.5
5634,4,6312,1578.0
5635,4,6285,1571.2
5636,4,6270,1567.5
5637,4,6293,1573.2
5638,4,6282,1570.5
5639,4,6295,1573.8
5640,4,6262,1565.5
5641,4,6292,1573.0
5642,4,6297,1574.2
5643,4,6309,1577.2
5644,4,6299,1574.8
5645,4,6310,1577.5
5646,4,6310,1577.5
5647,4,6326,1581.5
5648,4,6316,1579.0
5649,4,6298,1574.5
5650,4,6281,1570.2
5651,4,6268,1567.0
5652,4,6244,1561.0
5653,4,6259,1564.8
5654,4,6254,1563.5
5655,4,6243,1560.8
5656,4,6179,1544.8
5657,6,6266,1044.3
5658,5,6264,1252.8
5659,5,6210,1242.0
5660,5,6273,1254.6
5661,5,6289,1257.8
5662,5,6303,1260.6
5663,5,6292,1258.4
5664,5,6280,1256.0
5665,5,6277,1255.4
5666,5,6275,1255.0
5667,5,6284,1256.8
5668,5,6284,1256.8
5669,5,6275,1255.0
5670,5,6279,1255.8
5671,5,6306,1261.2
5672,5,6306,1261.2
5673,5,6312,1262.4
5674,5,6322,1264.4
5675,5,6310,1262.0
5676,5,6314,1262.8
5677,5,6328,1265.6
5678,5,6332,1266.4
5679,5,6341,1268.2
5680,5,6329,1265.8
5681,5,6329,1265.8
5682,5,6332,1266.4
5683,5,6316,1263.2
5684,5,6336,1267.2
5685,5,6288,1257.6
5686,5,6310,1262.0
5687,5,6329,1265.8
5688,5,6315,1263.0
5689,5,6306,1261.2
5690,5,6333,1266.6
5691,5,6305,1261.0
5692,5,6324,1264.8
5693,5,6323,1264.6
5694,5,6331,1266.2
5695,5,6342,1268.4
5696,5,6347,1269.4
5697,5,6332,1266.4
5698,5,6345,1269.0
5699,5,6332,1266.4
5700,5,6330,1266.0
5701,5,6336,1267.2
5702,5,6334,1266.8
5703,5,6329,1265.8
5704,5,6324,1264.8
5705,5,6312,1262.4
5706,5,6317,1263.4
5707,5,6317,1263.4
5708,5,6296,1259.2
5709,5,6300,1260.0
5710,5,6295,1259.0
5711,5,6287,1257.4
5712,5,6299,1259.8
5713,5,6292,1258.4
5714,5,6284,1256.8
5715,5,6276,1255.2
5716,5,6281,1256.2
5717,5,6302,1260.4
5718,5,6294,1258.8
5719,5,6275,1255.0
5720,5,6276,1255.2
5721,5,6316,1263.2
5722,5,6268,1253.6
5723,5,6297,1259.4
5724,5,6275,1255.0
5725,5,6288,1257.6
5726,5,6275,1255.0
5727,5,6280,1256.0
5728,5,6258,1251.6
5729,5,6275,1255.0
5730,5,6276,1255.2
5731,5,6270,1254.0
5732,5,6270,1254.0
5733,5,6251,1250.2
5734,5,6249,1249.8
5735,5,6266,1253.2
5736,5,6285,1257.0
5737,5,6287,1257.4
5738,5,6306,1261.2
5739,5,6276,1255.2
5740,5,6267,1253.4
5741,5,6279,1255.8
5742,5,6291,1258.2
5743,5,6298,1259.6
5744,5,6288,1257.6
5745,5,6309,1261.8
5746,5,6299,1259.8
5747,5,6287,1257.4
5748,5,6295,1259.0
5749,5,6297,1259.4
5750,5,6292,1258.4
5751,5,6280,1256.0
5752,5,6277,1255.4
5753,5,6283,1256.6
5754,5,6287,1257.4
5755,5,6295,1259.0
5756,5,6301,1260.2
5757,5,6308,1261.6
5758,5,6290,1258.0
5759,5,6292,1258.4
5760,5,6262,1252.4
5761,5,6253,1250.6
5762,5,6255,1251.0
5763,5,6248,1249.6
5764,5,6258,1251.6
5765,5,6276,1255.2
5766,5,6278,1255.6
5767,5,6292,1258.4
5768,5,6288,1257.6
5769,5,6269,1253.8
5770,5,6264,1252.8
5771,5,6277,1255.4
5772,5,6249,1249.8
5773,5,6249,1249.8
5774,5,6257,1251.4
5775,5,6267,1253.4
5776,5,6267,1253.4
5777,5,6290,1258.0
5778,5,6283,1256.6
5779,5,6275,1255.0
5780,5,6272,1254.4
5781,5,6260,1252.0
5782,5,6272,1254.4
5783,5,6265,1253.0
5784,5,6276,1255.2
5785,5,6290,1258.0
5786,5,6285,1257.0
5787,5,6314,1262.8
5788,5,6265,1253.0
5789,5,6284,1256.8
5790,5,6279,1255.8
5791,5,6288,1257.6
5792,5,6298,1259.6
5793,5,6318,1263.6
5794,5,6299,1259.8
5795,5,6311,1262.2
5796,5,6326,1265.2
5797,5,6325,1265.0
5798,5,6287,1257.4
5799,5,6250,1250.0
5800,5,6316,1263.2
5801,5,6284,1256.8
5802,5,6321,1264.2
5803,5,6317,1263.4
5804,5,6311,1262.2
5805,5,6313,1262.6
5806,5,6304,1260.8
5807,5,6326,1265.2
5808,5,6314,1262.8
5809,5,6326,1265.2
5810,5,6311,1262.2
5811,5,6314,1262.8
5812,5,6297,1259.4
5813,5,6312,1262.4
5814,5,6280,1256.0
5815,5,6286,1257.2
5816,5,6283,1256.6
5817,5,6276,1255.2
5818,5,6236,1247.2
5819,6,6293,1048.8
5820,6,6297,1049.5
5821,6,6288,1048.0
5822,6,6290,1048.3
5823,6,6266,1044.3
5824,6,6263,1043.8
5825,6,6261,1043.5
5826,6,6251,1041.8
5827,6,6247,1041.2
5828,6,6259,1043.2
5829,6,6249,1041.5
5830,5,6196,1239.2
5831,6,6250,1041.7
5832,6,6234,1039.0
5833,6,6233,1038.8
5834,5,6208,1241.6
5835,6,6245,1040.8
5836,6,6244,1040.7
5837,5,6185,1237.0
5838,5,6183,1236.6
5839,5,6183,1236.6
5840,5,6182,1236.4
5841,5,6180,1236.0
5842,6,6241,1040.2
5843,6,6238,1039.7
5844,6,6276,1046.0
5845,6,6235,1039.2
5846,6,6227,1037.8
5847,7,6252,893.1
5848,7,6233,890.4
5849,7,6239,891.3
5850,7,6237,891.0
5851,8,6310,788.8
5852,7,6280,897.1
5853,7,6254,893.4
5854,6,6227,1037.8
5855,6,6217,1036.2
5856,6,6228,1038.0
5857,6,6213,1035.5
5858,5,6191,1238.2
5859,6,6225,1037.5
5860,6,6248,1041.3
5861,6,6259,1043.2
5862,7,6280,897.1
5863,5,6195,1239.0
5864,5,6214,1242.8
5865,5,6224,1244.8
5866,4,6162,1540.5
5867,5,6179,1235.8
5868,5,6167,1233.4
5869,5,6167,1233.4
5870,5,6178,1235.6
5871,5,6188,1237.6
5872,5,6194,1238.8
5873,5,6217,1243.4
5874,5,6221,1244.2
5875,4,6227,1556.8
5876,3,6200,2066.7
5877,3,6220,2073.3
5878,3,6205,2068.3
5879,3,6207,2069.0
5880,3,6236,2078.7
5881,3,6214,2071.3
5882,4,6239,1559.8
5883,3,6221,2073.7
5884,4,6249,1562.2
5885,4,6258,1564.5
5886,3,6217,2072.3
5887,4,6254,1563.5
5888,4,6243,1560.8
5889,4,6241,1560.2
5890,4,6263,1565.8
5891,4,6231,1557.8
5892,4,6212,1553.0
5893,5,6273,1254.6
5894,4,6234,1558.5
5895,4,6243,1560.8
5896,4,6252,1563.0
5897,4,6248,1562.0
5898,4,6265,1566.2
5899,4,6262,1565.5
5900,3,6238,2079.3
5901,4,6268,1567.0
5902,4,6266,1566.5
5903,3,6226,2075.3
5904,3,6254,2084.7
5905,3,6245,2081.7
5906,3,6238,2079.3
5907,3,6241,2080.3
5908,3,6219,2073.0
5909,4,6274,1568.5
5910,3,6230,2076.7
5911,3,6202,2067.3
5912,3,6205,2068.3
5913,4,6264,1566.0
5914,4,6232,1558.0
5915,3,6168,2056.0
5916,3,6202,2067.3
5917,3,6235,2078.3
5918,3,6214,2071.3
5919,3,6274,2091.3
5920,3,6280,2093.3
5921,3,6267,2089.0
5922,3,6259,2086.3
5923,3,6250,2083.3
5924,3,6240,2080.0
5925,3,6236,2078.7
5926,3,6238,2079.3
5927,3,6231,2077.0
5928,3,6235,2078.3
5929,3,6227,2075.7
5930,3,6213,2071.0
5931,3,6225,2075.0
5932,3,6204,2068.0
5933,3,6170,2056.7
5934,3,6155,2051.7
5935,4,6209,1552.2
5936,4,6188,1547.0
5937,4,6223,1555.8
5938,4,6226,1556.5
5939,4,6206,1551.5
5940,4,6226,1556.5
5941,4,6274,1568.5
5942,4,6245,1561.2
5943,4,6268,1567.0
5944,5,6316,1263.2
5945,5,6282,1256.4
5946,5,6276,1255.2
5947,4,6234,1558.5
5948,4,6251,1562.8
5949,4,6249,1562.2
5950,4,6229,1557.2
5951,5,6268,1253.6
5952,5,6275,1255.0
5953,5,6274,1254.8
5954,5,6266,1253.2
5955,5,6276,1255.2
5956,5,6260,1252.0
5957,5,6252,1250.4
5958,5,6269,1253.8
5959,5,6288,1257.6
5960,5,6273,1254.6
5961,5,6273,1254.6
5962,5,6263,1252.6
5963,5,6261,1252.2
5964,5,6285,1257.0
5965,5,6280,1256.0
5966,5,6309,1261.8
5967,5,6275,1255.0
5968,5,6316,1263.2
5969,5,6282,1256.4
5970,5,6266,1253.2
5971,5,6295,1259.0
5972,5,6262,1252.4
5973,5,6277,1255.4
5974,5,6275,1255.0
5975,5,6274,1254.8
5976,5,6293,1258.6
5977,5,6294,1258.8
5978,5,6282,1256.4
5979,5,6282,1256.4
5980,5,6297,1259.4
5981,5,6300,1260.0
5982,5,6293,1258.6
5983,5,6298,1259.6
5984,5,6289,1257.8
5985,5,6283,1256.6
5986,5,6281,1256.2
5987,5,6290,1258.0
5988,5,6291,1258.2
5989,5,6295,1259.0
5990,5,6306,1261.2
5991,5,6280,1256.0
5992,5,6297,1259.4
5993,4,6263,1565.8
5994,5,6323,1264.6
5995,5,6315,1263.0
5996,5,6318,1263.6
5997,5,6314,1262.8
5998,5,6306,1261.2
5999,5,6300,1260.0
6000,5,6291,1258.2
6001,5,6321,1264.2
6002,5,6330,1266.0
6003,5,6344,1268.8
6004,5,6345,1269.0
6005,5,6335,1267.0
6006,5,6321,1264.2
6007,5,6325,1265.0
6008,5,6312,1262.4
6009,5,6322,1264.4
6010,5,6312,1262.4
6011,5,6310,1262.0
6012,5,6289,1257.8
6013,5,6324,1264.8
6014,5,6321,1264.2
6015,5,6337,1267.4
6016,5,6318,1263.6
6017,5,6347,1269.4
6018,5,6324,1264.8
6019,5,6293,1258.6
6020,5,6312,1262.4
6021,4,6244,1561.0
6022,4,6257,1564.2
6023,5,6318,1263.6
6024,5,6297,1259.4
6025,5,6317,1263.4
6026,5,6318,1263.6
6027,5,6317,1263.4
6028,5,6337,1267.4
6029,5,6313,1262.6
6030,5,6304,1260.8
6031,5,6312,1262.4
6032,5,6300,1260.0
6033,5,6294,1258.8
6034,5,6298,1259.6
6035,5,6321,1264.2
6036,5,6320,1264.0
6037,5,6319,1263.8
6038,5,6328,1265.6
6039,5,6321,1264.2
6040,5,6324,1264.8
6041,5,6338,1267.6
6042,5,6330,1266.0
6043,5,6323,1264.6
6044,5,6336,1267.2
6045,5,6327,1265.4
6046,5,6324,1264.8
6047,5,6330,1266.0
6048,5,6335,1267.0
6049,5,6336,1267.2
6050,5,6326,1265.2
6051,5,6327,1265.4
6052,5,6330,1266.0
6053,5,6335,1267.0
6054,5,6333,1266.6
6055,5,6330,1266.0
6056,5,6348,1269.6
6057,5,6326,1265.2
6058,5,6320,1264.0
6059,5,6341,1268.2
6060,5,6335,1267.0
6061,5,6336,1267.2
6062,5,6318,1263.6
6063,5,6320,1264.0
6064,5,6324,1264.8
6065,5,6337,1267.4
6066,5,6336,1267.2
6067,5,6331,1266.2
6068,5,6322,1264.4
6069,5,6340,1268.0
6070,5,6328,1265.6
6071,5,6351,1270.2
6072,5,6359,1271.8
6073,5,6348,1269.6
6074,5,6370,1274.0
6075,5,6346,1269.2
6076,5,6381,1276.2
6077,5,6353,1270.6
6078,5,6363,1272.6
6079,5,6367,1273.4
6080,5,6376,1275.2
6081,5,6378,1275.6
6082,5,6371,1274.2
6083,5,6359,1271.8
6084,5,6356,1271.2
6085,5,6374,1274.8
6086,5,6368,1273.6
6087,5,6382,1276.4
6088,5,6362,1272.4
6089,5,6336,1267.2
6090,5,6339,1267.8
6091,5,6349,1269.8
6092,5,6348,1269.6
6093,5,6353,1270.6
6094,5,6358,1271.6
6095,5,6368,1273.6
6096,5,6372,1274.4
6097,5,6363,1272.6
6098,5,6372,1274.4
6099,5,6362,1272.4
6100,5,6370,1274.0
6101,5,6365,1273.0
6102,5,6367,1273.4
6103,5,6382,1276.4
6104,5,6366,1273.2
6105,5,6367,1273.4
6106,5,6365,1273.0
6107,5,6370,1274.0
6108,5,6384,1276.8
6109,5,6372,1274.4
6110,5,6366,1273.2
6111,5,6371,1274.2
6112,5,6356,1271.2
6113,5,6336,1267.2
6114,5,6341,1268.2
6115,5,6340,1268.0
6116,5,6343,1268.6
6117,5,6318,1263.6
6118,5,6305,1261.0
6119,5,6334,1266.8
6120,5,6324,1264.8
6121,5,6334,1266.8
6122,5,6339,1267.8
6123,5,6330,1266.0
6124,5,6333,1266.6
6125,5,6325,1265.0
6126,5,6334,1266.8
6127,5,6337,1267.4
6128,5,6324,1264.8
6129,5,6328,1265.6
6130,5,6340,1268.0
6131,5,6326,1265.2
6132,5,6338,1267.6
6133,5,6342,1268.4
6134,5,6335,1267.0
6135,5,6355,1271.0
6136,5,6359,1271.8
6137,5,6354,1270.8
6138,5,6378,1275.6
6139,5,6348,1269.6
6140,5,6364,1272.8
6141,5,6362,1272.4
6142,5,6358,1271.6
6143,5,6344,1268.8
6144,5,6348,1269.6
6145,5,6351,1270.2
6146,5,6349,1269.8
6147,5,6365,1273.0
6148,5,6372,1274.4
6149,5,6377,1275.4
6150,5,6372,1274.4
6151,5,6378,1275.6
6152,5,6371,1274.2
6153,5,6371,1274.2
6154,4,6322,1580.5
6155,4,6340,1585.0
6156,4,6348,1587.0
6157,4,6328,1582.0
6158,4,6335,1583.8
6159,4,6351,1587.8
6160,4,6328,1582.0
6161,4,6348,1587.0
6162,3,6304,2101.3
6163,3,6320,2106.7
6164,3,6343,2114.3
6165,3,6323,2107.7
6166,3,6305,2101.7
6167,4,6347,1586.8
6168,4,6336,1584.0
6169,5,6382,1276.4
6170,3,6297,2099.0
6171,3,6310,2103.3
6172,3,6293,2097.7
6173,3,6351,2117.0
6174,3,6347,2115.7
6175,3,6341,2113.7
6176,3,6336,2112.0
6177,3,6350,2116.7
6178,3,6357,2119.0
6179,3,6367,2122.3
6180,3,6354,2118.0
6181,3,6352,2117.3
6182,3,6356,2118.7
6183,3,6378,2126.0
6184,3,6368,2122.7
6185,3,6375,2125.0
6186,3,6370,2123.3
6187,3,6352,2117.3
6188,3,6354,2118.0
6189,3,6344,2114.7
6190,3,6326,2108.7
6191,3,6331,2110.3
6192,3,6329,2109.7
6193,3,6307,2102.3
6194,3,6307,2102.3
6195,3,6325,2108.3
6196,4,6360,1590.0
6197,3,6310,2103.3
6198,3,6294,2098.0
6199,3,6287,2095.7
6200,3,6292,2097.3
6201,3,6287,2095.7
6202,3,6295,2098.3
6203,3,6281,2093.7
6204,4,6315,1578.8
6205,4,6316,1579.0
6206,4,6315,1578.8
6207,4,6319,1579.8
6208,4,6308,1577.0
6209,4,6329,1582.2
6210,3,6263,2087.7
6211,3,6254,2084.7
6212,3,6282,2094.0
6213,3,6250,2083.3
6214,4,6303,1575.8
6215,4,6349,1587.2
6216,3,6303,2101.0
6217,4,6346,1586.5
6218,3,6311,2103.7
6219,3,6341,2113.7
6220,3,6343,2114.3
6221,3,6317,2105.7
6222,4,6351,1587.8
6223,4,6354,1588.5
6224,4,6354,1588.5
6225,4,6346,1586.5
6226,4,6347,1586.8
6227,4,6347,1586.8
6228,4,6336,1584.0
6229,4,6351,1587.8
6230,4,6361,1590.2
6231,4,6349,1587.2
6232,4,6326,1581.5
6233,4,6336,1584.0
6234,4,6333,1583.2
6235,4,6324,1581.0
6236,4,6305,1576.2
6237,4,6312,1578.0
6238,4,6298,1574.5
6239,4,6314,1578.5
6240,4,6332,1583.0
6241,4,6333,1583.2
6242,4,6369,1592.2
6243,4,6345,1586.2
6244,4,6349,1587.2
6245,4,6359,1589.8
6246,3,6325,2108.3
6247,3,6353,2117.7
6248,3,6363,2121.0
6249,3,6333,2111.0
6250,3,6338,2112.7
6251,3,6357,2119.0
6252,3,6368,2122.7
6253,3,6356,2118.7
6254,3,6367,2122.3
6255,3,6377,2125.7
6256,3,6344,2114.7
6257,3,6348,2116.0
6258,3,6338,2112.7
6259,3,6339,2113.0
6260,3,6355,2118.3
6261,3,6360,2120.0
6262,3,6375,2125.0
6263,3,6361,2120.3
6264,3,6351,2117.0
6265,3,6313,2104.3
6266,4,6305,1576.2
6267,4,6308,1577.0
6268,5,6356,1271.2
6269,5,6341,1268.2
6270,4,6305,1576.2
6271,5,6342,1268.4
6272,3,6281,2093.7
6273,3,6329,2109.7
6274,3,6338,2112.7
6275,3,6331,2110.3
6276,3,6305,2101.7
6277,3,6278,2092.7
6278,3,6281,2093.7
6279,3,6309,2103.0
6280,3,6271,2090.3
6281,3,6308,2102.7
6282,3,6295,2098.3
6283,3,6303,2101.0
6284,3,6307,2102.3
6285,3,6298,2099.3
6286,4,6345,1586.2
6287,3,6276,2092.0
6288,4,6329,1582.2
6289,4,6312,1578.0
6290,4,6324,1581.0
6291,3,6265,2088.3
6292,3,6296,2098.7
6293,4,6341,1585.2
6294,3,6307,2102.3
6295,4,6337,1584.2
6296,4,6343,1585.8
6297,3,6326,2108.7
6298,3,6336,2112.0
6299,3,6294,2098.0
6300,3,6294,2098.0
6301,4,6328,1582.0
6302,4,6332,1583.0
6303,3,6288,2096.0
6304,3,6265,2088.3
6305,3,6279,2093.0
6306,4,6312,1578.0
6307,4,6315,1578.8
6308,4,6321,1580.2
6309,4,6284,1571.0
6310,4,6284,1571.0
6311,4,6288,1572.0
6312,4,6278,1569.5
6313,4,6267,1566.8
6314,4,6274,1568.5
6315,5,6295,1259.0
6316,4,6234,1558.5
6317,5,6295,1259.0
6318,5,6289,1257.8
6319,5,6295,1259.0
6320,5,6284,1256.8
6321,5,6287,1257.4
6322,4,6248,1562.0
6323,4,6236,1559.0
6324,4,6277,1569.2
6325,4,6252,1563.0
6326,5,6274,1254.8
6327,5,6287,1257.4
6328,5,6286,1257.2
6329,4,6234,1558.5
6330,5,6270,1254.0
6331,5,6271,1254.2
6332,5,6254,1250.8
6333,5,6264,1252.8
6334,5,6320,1264.0
6335,5,6294,1258.8
6336,5,6272,1254.4
6337,5,6299,1259.8
6338,5,6307,1261.4
6339,4,6227,1556.8
6340,4,6295,1573.8
6341,4,6224,1556.0
6342,5,6300,1260.0
6343,5,6294,1258.8
6344,5,6249,1249.8
6345,5,6277,1255.4
6346,5,6270,1254.0
6347,4,6229,1557.2
6348,4,6216,1554.0
6349,5,6300,1260.0
6350,5,6299,1259.8
6351,5,6337,1267.4
6352,5,6290,1258.0
6353,5,6303,1260.6
6354,5,6281,1256.2
6355,5,6264,1252.8
6356,5,6292,1258.4
6357,5,6253,1250.6
6358,5,6250,1250.0
6359,5,6274,1254.8
6360,5,6282,1256.4
6361,5,6273,1254.6
6362,5,6281,1256.2
6363,5,6275,1255.0
6364,5,6251,1250.2
6365,5,6261,1252.2
6366,5,6234,1246.8
6367,5,6238,1247.6
6368,5,6242,1248.4
6369,5,6248,1249.6
6370,5,6258,1251.6
6371,5,6226,1245.2
6372,5,6259,1251.8
6373,4,6218,1554.5
6374,4,6229,1557.2
6375,3,6165,2055.0
6376,3,6173,2057.7
6377,3,6172,2057.3
6378,4,6193,1548.2
6379,5,6244,1248.8
6380,4,6206,1551.5
6381,4,6231,1557.8
6382,4,6249,1562.2
6383,4,6212,1553.0
6384,4,6217,1554.2
6385,4,6228,1557.0
6386,4,6222,1555.5
6387,4,6220,1555.0
6388,5,6277,1255.4
6389,4,6226,1556.5
6390,4,6241,1560.2
6391,4,6243,1560.8
6392,4,6243,1560.8
6393,5,6276,1255.2
6394,4,6225,1556.2
6395,5,6284,1256.8
6396,5,6287,1257.4
6397,4,6251,1562.8
6398,4,6223,1555.8
6399,4,6242,1560.5
6400,4,6233,1558.2
6401,5,6269,1253.8
6402,4,6204,1551.0
6403,5,6279,1255.8
6404,4,6239,1559.8
6405,4,6272,1568.0
6406,4,6243,1560.8
6407,4,6247,1561.8
6408,4,6275,1568.8
6409,4,6267,1566.8
6410,4,6244,1561.0
6411,4,6231,1557.8
6412,4,6235,1558.8
6413,4,6231,1557.8
6414,4,6230,1557.5
6415,5,6241,1248.2
6416,5,6260,1252.0
6417,5,6266,1253.2
6418,5,6239,1247.8
6419,5,6232,1246.4
6420,5,6210,1242.0
6421,5,6196,1239.2
6422,6,6202,1033.7
6423,5,6151,1230.2
6424,6,6250,1041.7
6425,5,6217,1243.4
6426,6,6279,1046.5
6427,5,6207,1241.4
6428,5,6211,1242.2
6429,5,6225,1245.0
6430,4,6195,1548.8
6431,5,6212,1242.4
6432,6,6271,1045.2
6433,4,6218,1554.5
6434,4,6211,1552.8
6435,4,6211,1552.8
6436,5,6256,1251.2
6437,5,6270,1254.0
6438,5,6244,1248.8
6439,4,6218,1554.5
6440,4,6229,1557.2
6441,4,6258,1564.5
6442,4,6255,1563.8
6443,4,6273,1568.2
6444,4,6270,1567.5
6445,4,6289,1572.2
6446,4,6271,1567.8
6447,3,6237,2079.0
6448,3,6228,2076.0
6449,3,6238,2079.3
6450,3,6240,2080.0
6451,3,6241,2080.3
6452,3,6240,2080.0
6453,4,6281,1570.2
6454,3,6233,2077.7
6455,3,6212,2070.7
6456,4,6247,1561.8
6457,3,6209,2069.7
6458,3,6224,2074.7
6459,3,6231,2077.0
6460,3,6238,2079.3
6461,3,6232,2077.3
6462,3,6234,2078.0
6463,3,6229,2076.3
6464,3,6244,2081.3
6465,3,6227,2075.7
6466,3,6253,2084.3
6467,3,6223,2074.3
6468,3,6219,2073.0
6469,3,6218,2072.7
6470,3,6199,2066.3
6471,4,6239,1559.8
6472,3,6165,2055.0
6473,3,6153,2051.0
6474,3,6157,2052.3
6475,4,6204,1551.0
6476,5,6246,1249.2
6477,4,6188,1547.0
6478,4,6201,1550.2
6479,5,6222,1244.4
6480,5,6228,1245.6
6481,5,6207,1241.4
6482,3,6129,2043.0
6483,4,6205,1551.2
6484,4,6205,1551.2
6485,4,6215,1553.8
6486,4,6205,1551.2
6487,4,6211,1552.8
6488,5,6233,1246.6
6489,5,6252,1250.4
6490,4,6203,1550.8
6491,4,6208,1552.0
6492,4,6202,1550.5
6493,4,6194,1548.5
6494,4,6200,1550.0
6495,4,6255,1563.8
6496,4,6218,1554.5
6497,4,6197,1549.2
6498,4,6208,1552.0
6499,4,6189,1547.2
6500,4,6192,1548.0
6501,4,6221,1555.2
6502,4,6228,1557.0
6503,4,6239,1559.8
6504,4,6204,1551.0
6505,4,6237,1559.2
6506,4,6227,1556.8
6507,4,6224,1556.0
6508,4,6241,1560.2
6509,4,6225,1556.2
6510,4,6233,1558.2
6511,4,6232,1558.0
6512,4,6253,1563.2
6513,4,6242,1560.5
6514,4,6223,1555.8
6515,4,6207,1551.8
6516,4,6188,1547.0
6517,4,6230,1557.5
6518,4,6210,1552.5
6519,4,6232,1558.0
6520,4,6237,1559.2
6521,4,6201,1550.2
6522,4,6210,1552.5
6523,4,6212,1553.0
6524,4,6164,1541.0
6525,4,6171,1542.8
6526,5,6223,1244.6
6527,5,6207,1241.4
6528,5,6207,1241.4
6529,5,6220,1244.0
6530,5,6218,1243.6
6531,5,6186,1237.2
6532,5,6229,1245.8
6533,5,6230,1246.0
6534,5,6203,1240.6
6535,5,6188,1237.6
6536,5,6205,1241.0
6537,5,6215,1243.0
6538,5,6226,1245.2
6539,5,6230,1246.0
6540,5,6215,1243.0
6541,5,6215,1243.0
6542,5,6194,1238.8
6543,5,6179,1235.8
6544,5,6216,1243.2
6545,4,6182,1545.5
6546,4,6193,1548.2
6547,4,6204,1551.0
6548,4,6196,1549.0
6549,4,6208,1552.0
6550,4,6207,1551.8
6551,4,6184,1546.0
6552,4,6196,1549.0
6553,4,6179,1544.8
6554,5,6208,1241.6
6555,5,6208,1241.6
6556,5,6194,1238.8
6557,5,6207,1241.4
6558,5,6213,1242.6
6559,5,6214,1242.8
6560,5,6201,1240.2
6561,6,6244,1040.7
6562,5,6212,1242.4
6563,5,6214,1242.8
6564,5,6209,1241.8
6565,5,6191,1238.2
6566,5,6194,1238.8
6567,6,6280,1046.7
6568,5,6225,1245.0
6569,5,6247,1249.4
6570,5,6245,1249.0
6571,5,6213,1242.6
6572,5,6193,1238.6
6573,5,6175,1235.0
6574,6,6231,1038.5
6575,6,6237,1039.5
6576,6,6231,1038.5
6577,6,6232,1038.7
6578,6,6233,1038.8
6579,7,6261,894.4
6580,7,6243,891.9
6581,7,6229,889.9
6582,7,6246,892.3
6583,7,6223,889.0
6584,7,6230,890.0
6585,7,6255,893.6
6586,7,6248,892.6
6587,7,6250,892.9
6588,7,6258,894.0
6589,6,6214,1035.7
6590,7,6260,894.3
6591,7,6261,894.4
6592,6,6222,1037.0
6593,6,6208,1034.7
6594,6,6211,1035.2
6595,6,6211,1035.2
6596,7,6252,893.1
6597,6,6200,1033.3
6598,7,6253,893.3
6599,6,6202,1033.7
6600,6,6221,1036.8
6601,7,6262,894.6
6602,6,6242,1040.3
6603,6,6235,1039.2
6604,6,6236,1039.3
6605,6,6255,1042.5
6606,6,6237,1039.5
6607,6,6228,1038.0
6608,7,6267,895.3
6609,8,6302,787.8
6610,8,6302,787.8
6611,7,6285,897.9
6612,7,6281,897.3
6613,7,6278,896.9
6614,7,6301,900.1
6615,7,6277,896.7
6616,7,6285,897.9
6617,7,6276,896.6
6618,7,6272,896.0
6619,7,6270,895.7
6620,8,6321,790.1
6621,8,6309,788.6
6622,8,6304,788.0
6623,8,6308,788.5
6624,8,6288,786.0
6625,8,6304,788.0
6626,8,6301,787.6
6627,7,6266,895.1
6628,8,6281,785.1
6629,8,6290,786.2
6630,8,6300,787.5
6631,8,6278,784.8
6632,7,6243,891.9
6633,7,6254,893.4
6634,7,6279,897.0
6635,7,6274,896.3
6636,7,6262,894.6
6637,7,6278,896.9
6638,8,6313,789.1
6639,8,6315,789.4
6640,8,6301,787.6
6641,8,6303,787.9
6642,8,6300,787.5
6643,8,6305,788.1
6644,8,6314,789.2
6645,8,6286,785.8
6646,8,6271,783.9
6647,9,6309,701.0
6648,9,6304,700.4
6649,9,6305,700.6
6650,9,6304,700.4
6651,9,6310,701.1
6652,9,6302,700.2
6653,9,6289,698.8
6654,9,6283,698.1
6655,9,6288,698.7
6656,9,6297,699.7
6657,8,6245,780.6
6658,8,6251,781.4
6659,8,6249,781.1
6660,9,6298,699.8
6661,8,6280,785.0
6662,7,6239,891.3
6663,8,6282,785.2
6664,8,6285,785.6
6665,9,6308,700.9
6666,9,6331,703.4
6667,8,6277,784.6
6668,8,6294,786.8
6669,8,6291,786.4
6670,8,6286,785.8
6671,8,6290,786.2
6672,8,6304,788.0
6673,7,6277,896.7
6674,7,6280,897.1
6675,7,6292,898.9
6676,7,6275,896.4
6677,7,6285,897.9
6678,7,6270,895.7
6679,7,6269,895.6
6680,7,6249,892.7
6681,7,6253,893.3
6682,6,6174,1029.0
6683,6,6229,1038.2
6684,7,6267,895.3
6685,7,6248,892.6
6686,6,6198,1033.0
6687,6,6220,1036.7
6688,6,6223,1037.2
6689,7,6244,892.0
6690,8,6306,788.2
6691,7,6271,895.9
6692,8,6307,788.4
6693,8,6287,785.9
6694,8,6261,782.6
6695,8,6247,780.9
6696,7,6240,891.4
6697,8,6295,786.9
6698,8,6313,789.1
6699,8,6290,786.2
6700,9,6328,703.1
6701,8,6277,784.6
6702,8,6251,781.4
6703,8,6264,783.0
6704,8,6250,781.2
6705,8,6264,783.0
6706,8,6274,784.2
6707,7,6223,889.0
6708,8,6261,782.6
6709,8,6270,783.8
6710,8,6262,782.8
6711,8,6257,782.1
6712,8,6274,784.2
6713,8,6244,780.5
6714,8,6258,782.2
6715,8,6252,781.5
6716,8,6275,784.4
6717,8,6255,781.9
6718,8,6293,786.6
6719,8,6293,786.6
6720,8,6266,783.2
6721,7,6256,893.7
6722,7,6255,893.6
6723,7,6245,892.1
6724,7,6219,888.4
6725,7,6253,893.3
6726,7,6253,893.3
6727,7,6261,894.4
6728,7,6241,891.6
6729,8,6282,785.2
6730,8,6272,784.0
6731,7,6194,884.9
6732,7,6206,886.6
6733,7,6221,888.7
6734,7,6224,889.1
6735,7,6232,890.3
6736,7,6203,886.1
6737,7,6215,887.9
6738,8,6235,779.4
6739,8,6232,779.0
6740,8,6239,779.9
6741,9,6275,697.2
6742,8,6248,781.0
6743,8,6213,776.6
6744,9,6249,694.3
6745,7,6223,889.0
6746,8,6240,780.0
6747,7,6195,885.0
6748,7,6205,886.4
6749,9,6272,696.9
6750,9,6251,694.6
6751,9,6242,693.6
6752,8,6210,776.2
6753,7,6188,884.0
6754,7,6213,887.6
6755,7,6214,887.7
6756,9,6246,694.0
6757,9,6268,696.4
6758,9,6270,696.7
6759,9,6271,696.8
6760,8,6242,780.2
6761,7,6183,883.3
6762,7,6204,886.3
6763,8,6249,781.1
6764,7,6198,885.4
6765,7,6218,888.3
6766,8,6264,783.0
6767,8,6276,784.5
6768,8,6297,787.1
6769,8,6245,780.6
6770,8,6280,785.0
6771,7,6197,885.3
6772,6,6130,1021.7
6773,5,6132,1226.4
6774,5,6175,1235.0
6775,5,6154,1230.8
6776,6,6216,1036.0
6777,6,6171,1028.5
6778,5,6155,1231.0
6779,5,6179,1235.8
6780,5,6193,1238.6
6781,6,6210,1035.0
6782,6,6210,1035.0
6783,4,6110,1527.5
6784,6,6215,1035.8
6785,5,6229,1245.8
6786,5,6211,1242.2
6787,5,6189,1237.8
6788,6,6232,1038.7
6789,5,6194,1238.8
6790,5,6211,1242.2
6791,5,6218,1243.6
6792,5,6200,1240.0
6793,5,6175,1235.0
6794,5,6173,1234.6
6795,5,6153,1230.6
6796,5,6234,1246.8
6797,5,6209,1241.8
6798,5,6196,1239.2
6799,6,6260,1043.3
6800,6,6243,1040.5
6801,6,6243,1040.5
6802,6,6218,1036.3
6803,6,6245,1040.8
6804,6,6201,1033.5
6805,6,6201,1033.5
6806,6,6214,1035.7
6807,5,6161,1232.2
6808,5,6172,1234.4
6809,5,6150,1230.0
6810,6,6184,1030.7
6811,5,6171,1234.2
6812,5,6187,1237.4
6813,5,6199,1239.8
6814,7,6242,891.7
6815,5,6147,1229.4
6816,5,6182,1236.4
6817,5,6160,1232.0
6818,5,6162,1232.4
6819,5,6176,1235.2
6820,5,6209,1241.8
6821,5,6202,1240.4
6822,5,6218,1243.6
6823,5,6212,1242.4
6824,5,6220,1244.0
6825,5,6237,1247.4
6826,5,6245,1249.0
6827,5,6226,1245.2
6828,5,6214,1242.8
6829,5,6201,1240.2
6830,4,6164,1541.0
6831,4,6148,1537.0
6832,4,6161,1540.2
6833,4,6158,1539.5
6834,5,6195,1239.0
6835,4,6154,1538.5
6836,4,6192,1548.0
6837,4,6164,1541.0
6838,4,6135,1533.8
6839,4,6153,1538.2
6840,4,6154,1538.5
6841,4,6179,1544.8
6842,4,6195,1548.8
6843,4,6183,1545.8
6844,4,6185,1546.2
6845,4,6194,1548.5
6846,4,6151,1537.8
6847,4,6141,1535.2
6848,4,6146,1536.5
6849,4,6157,1539.2
6850,4,6172,1543.0
6851,5,6225,1245.0
6852,5,6218,1243.6
6853,5,6199,1239.8
6854,5,6222,1244.4
6855,5,6204,1240.8
6856,5,6203,1240.6
6857,5,6192,1238.4
6858,6,6246,1041.0
6859,5,6193,1238.6
6860,4,6164,1541.0
6861,5,6195,1239.0
6862,5,6186,1237.2
6863,5,6165,1233.0
6864,5,6156,1231.2
6865,5,6180,1236.0
6866,5,6229,1245.8
6867,5,6214,1242.8
6868,5,6200,1240.0
6869,5,6199,1239.8
6870,5,6198,1239.6
6871,5,6202,1240.4
6872,5,6165,1233.0
6873,5,6178,1235.6
6874,5,6175,1235.0
6875,6,6215,1035.8
6876,6,6203,1033.8
6877,6,6220,1036.7
6878,7,6247,892.4
6879,7,6265,895.0
6880,6,6183,1030.5
6881,4,6203,1550.8
6882,6,6198,1033.0
6883,5,6172,1234.4
6884,5,6226,1245.2
6885,4,6207,1551.8
6886,4,6164,1541.0
6887,4,6161,1540.2
6888,5,6260,1252.0
6889,5,6270,1254.0
6890,5,6272,1254.4
6891,5,6270,1254.0
6892,5,6292,1258.4
6893,5,6277,1255.4
6894,5,6267,1253.4
6895,5,6258,1251.6
6896,5,6260,1252.0
6897,4,6223,1555.8
6898,4,6203,1550.8
6899,5,6228,1245.6
6900,5,6245,1249.0
6901,5,6261,1252.2
6902,5,6246,1249.2
6903,5,6258,1251.6
6904,5,6281,1256.2
6905,5,6262,1252.4
6906,5,6287,1257.4
6907,5,6280,1256.0
6908,5,6271,1254.2
6909,5,6271,1254.2
6910,4,6233,1558.2
6911,5,6257,1251.4
6912,4,6217,1554.2
6913,3,6163,2054.3
6914,4,6238,1559.5
6915,3,6215,2071.7
6916,4,6274,1568.5
6917,3,6192,2064.0
6918,3,6201,2067.0
6919,3,6206,2068.7
6920,3,6206,2068.7
6921,3,6195,2065.0
6922,3,6215,2071.7
6923,4,6240,1560.0
6924,3,6199,2066.3
6925,4,6255,1563.8
6926,4,6247,1561.8
6927,4,6177,1544.2
6928,5,6192,1238.4
6929,4,6168,1542.0
6930,6,6256,1042.7
6931,5,6178,1235.6
6932,5,6179,1235.8
6933,5,6174,1234.8
6934,5,6145,1229.0
6935,6,6171,1028.5
6936,5,6158,1231.6
6937,5,6144,1228.8
6938,5,6181,1236.2
6939,5,6211,1242.2
6940,5,6168,1233.6
6941,5,6200,1240.0
6942,5,6223,1244.6
6943,5,6206,1241.2
6944,5,6188,1237.6
6945,5,6210,1242.0
6946,4,6178,1544.5
6947,3,6170,2056.7
6948,3,6159,2053.0
6949,5,6216,1243.2
6950,4,6205,1551.2
6951,4,6202,1550.5
6952,4,6175,1543.8
6953,5,6256,1251.2
6954,5,6219,1243.8
6955,5,6214,1242.8
6956,3,6261,2087.0
6957,5,6203,1240.6
6958,5,6254,1250.8
6959,5,6281,1256.2
6960,5,6271,1254.2
6961,5,6265,1253.0
6962,5,6273,1254.6
6963,5,6293,1258.6
6964,4,6247,1561.8
6965,5,6300,1260.0
6966,5,6305,1261.0
6967,5,6315,1263.0
6968,3,6307,2102.3
6969,3,6305,2101.7
6970,3,6316,2105.3
6971,5,6298,1259.6
6972,3,6312,2104.0
6973,3,6318,2106.0
6974,3,6302,2100.7
6975,3,6295,2098.3
6976,3,6308,2102.7
6977,3,6303,2101.0
6978,3,6297,2099.0
6979,3,6300,2100.0
6980,3,6310,2103.3
6981,3,6308,2102.7
6982,3,6314,2104.7
6983,3,6319,2106.3
6984,2,6283,3141.5
6985,2,6281,3140.5
6986,2,6276,3138.0
6987,2,6292,3146.0
6988,2,6284,3142.0
6989,3,6332,2110.7
6990,3,6326,2108.7
6991,3,6325,2108.3
6992,3,6316,2105.3
6993,3,6330,2110.0
6994,3,6333,2111.0
6995,5,6319,1263.8
6996,5,6308,1261.6
6997,5,6320,1264.0
6998,5,6312,1262.4
6999,5,6312,1262.4
7000,5,6304,1260.8
7001,5,6305,1261.0
7002,5,6314,1262.8
7003,4,6315,1578.8
7004,4,6292,1573.0
7005,4,6314,1578.5
7006,4,6293,1573.2
7007,4,6311,1577.8
7008,5,6335,1267.0
7009,5,6335,1267.0
7010,5,6335,1267.0
7011,5,6340,1268.0
7012,5,6338,1267.6
7013,5,6338,1267.6
7014,5,6317,1263.4
7015,4,6259,1564.8
7016,5,6304,1260.8
7017,5,6297,1259.4
7018,5,6308,1261.6
7019,5,6308,1261.6
7020,5,6298,1259.6
7021,5,6307,1261.4
7022,5,6311,1262.2
7023,5,6321,1264.2
7024,5,6304,1260.8
7025,5,6295,1259.0
7026,5,6336,1267.2
7027,5,6333,1266.6
7028,5,6322,1264.4
7029,5,6320,1264.0
7030,5,6308,1261.6
7031,5,6297,1259.4
7032,5,6289,1257.8
7033,5,6316,1263.2
7034,5,6314,1262.8
7035,5,6292,1258.4
7036,5,6285,1257.0
7037,5,6295,1259.0
7038,5,6270,1254.0
7039,5,6266,1253.2
7040,5,6283,1256.6
7041,5,6276,1255.2
7042,5,6300,1260.0
7043,5,6281,1256.2
7044,5,6294,1258.8
7045,5,6276,1255.2
7046,5,6263,1252.6
7047,5,6254,1250.8
7048,5,6240,1248.0
7049,6,6257,1042.8
7050,5,6215,1243.0
7051,5,6226,1245.2
7052,5,6230,1246.0
7053,4,6193,1548.2
7054,4,6191,1547.8
7055,4,6230,1557.5
7056,4,6225,1556.2
7057,4,6191,1547.8
7058,4,6195,1548.8
7059,5,6245,1249.0
7060,5,6247,1249.4
7061,4,6186,1546.5
7062,4,6223,1555.8
7063,4,6229,1557.2
7064,4,6226,1556.5
7065,4,6233,1558.2
7066,4,6181,1545.2
7067,5,6199,1239.8
7068,4,6150,1537.5
7069,5,6245,1249.0
7070,4,6204,1551.0
7071,5,6204,1240.8
7072,4,6180,1545.0
7073,6,6265,1044.2
7074,5,6217,1243.4
7075,6,6266,1044.3
7076,6,6252,1042.0
7077,6,6260,1043.3
7078,6,6237,1039.5
7079,6,6280,1046.7
7080,6,6280,1046.7
7081,6,6276,1046.0
7082,6,6259,1043.2
7083,6,6270,1045.0
7084,6,6305,1050.8
7085,6,6300,1050.0
7086,6,6297,1049.5
7087,5,6231,1246.2
7088,6,6280,1046.7
7089,5,6246,1249.2
7090,4,6208,1552.0
7091,4,6212,1553.0
7092,3,6195,2065.0
7093,4,6222,1555.5
7094,5,6265,1253.0
7095,5,6248,1249.6
7096,5,6236,1247.2
7097,5,6262,1252.4
7098,5,6249,1249.8
7099,5,6282,1256.4
7100,6,6319,1053.2
7101,6,6327,1054.5
7102,6,6328,1054.7
7103,5,6250,1250.0
7104,6,6278,1046.3
7105,5,6259,1251.8
7106,6,6275,1045.8
7107,6,6227,1037.8
7108,6,6225,1037.5
7109,5,6203,1240.6
7110,5,6251,1250.2
7111,5,6285,1257.0
7112,5,6302,1260.4
7113,5,6300,1260.0
7114,5,6304,1260.8
7115,5,6297,1259.4
7116,5,6302,1260.4
7117,5,6274,1254.8
7118,5,6292,1258.4
7119,5,6275,1255.0
7120,5,6264,1252.8
7121,5,6314,1262.8
7122,5,6300,1260.0
7123,5,6289,1257.8
7124,5,6300,1260.0
7125,5,6293,1258.6
7126,5,6330,1266.0
7127,5,6303,1260.6
7128,5,6281,1256.2
7129,5,6278,1255.6
7130,5,6347,1269.4
7131,5,6299,1259.8
7132,5,6251,1250.2
7133,5,6286,1257.2
7134,5,6298,1259.6
7135,5,6315,1263.0
7136,5,6343,1268.6
7137,5,6357,1271.4
7138,5,6333,1266.6
7139,5,6364,1272.8
7140,5,6338,1267.6
7141,5,6321,1264.2
7142,5,6337,1267.4
7143,5,6346,1269.2
7144,5,6352,1270.4
7145,5,6343,1268.6
7146,5,6292,1258.4
7147,5,6316,1263.2
7148,6,6345,1057.5
7149,5,6316,1263.2
7150,5,6322,1264.4
7151,6,6370,1061.7
7152,6,6356,1059.3
7153,6,6314,1052.3
7154,6,6315,1052.5
7155,6,6325,1054.2
7156,6,6330,1055.0
7157,6,6304,1050.7
7158,6,6284,1047.3
7159,6,6323,1053.8
7160,6,6301,1050.2
7161,9,6387,709.7
7162,7,6309,901.3
7163,8,6318,789.8
7164,7,6295,899.3
7165,7,6307,901.0
7166,8,6352,794.0
7167,8,6389,798.6
7168,8,6359,794.9
7169,9,6397,710.8
7170,7,6304,900.6
7171,5,6255,1251.0
7172,5,6272,1254.4
7173,5,6269,1253.8
7174,5,6332,1266.4
7175,5,6295,1259.0
7176,5,6315,1263.0
7177,5,6300,1260.0
7178,5,6320,1264.0
7179,5,6353,1270.6
7180,5,6384,1276.8
7181,5,6361,1272.2
7182,5,6343,1268.6
7183,5,6315,1263.0
7184,5,6293,1258.6
7185,5,6301,1260.2
7186,5,6290,1258.0
7187,5,6294,1258.8
7188,6,6342,1057.0
7189,5,6308,1261.6
7190,5,6330,1266.0
7191,5,6326,1265.2
7192,5,6322,1264.4
7193,5,6335,1267.0
7194,5,6334,1266.8
7195,5,6320,1264.0
7196,5,6331,1266.2
7197,5,6346,1269.2
7198,5,6345,1269.0
7199,5,6355,1271.0
7200,5,6317,1263.4
7201,5,6333,1266.6
7202,5,6336,1267.2
7203,5,6323,1264.6
7204,5,6322,1264.4
7205,5,6316,1263.2
7206,5,6349,1269.8
7207,5,6336,1267.2
7208,6,6385,1064.2
7209,6,6375,1062.5
7210,6,6366,1061.0
7211,6,6377,1062.8
7212,6,6385,1064.2
7213,5,6349,1269.8
7214,5,6351,1270.2
7215,5,6339,1267.8
7216,5,6362,1272.4
7217,5,6385,1277.0
7218,5,6375,1275.0
7219,5,6359,1271.8
7220,5,6380,1276.0
7221,5,6379,1275.8
7222,5,6382,1276.4
7223,5,6397,1279.4
7224,5,6383,1276.6
7225,5,6399,1279.8
7226,5,6416,1283.2
7227,5,6426,1285.2
7228,5,6413,1282.6
7229,5,6406,1281.2
7230,5,6411,1282.2
7231,5,6412,1282.4
7232,4,6382,1595.5
7233,4,6390,1597.5
7234,4,6425,1606.2
7235,4,6428,1607.0
7236,4,6412,1603.0
7237,4,6416,1604.0
7238,4,6410,1602.5
7239,4,6422,1605.5
7240,4,6411,1602.8
7241,4,6424,1606.0
7242,4,6399,1599.8
7243,4,6435,1608.8
7244,4,6417,1604.2
7245,4,6408,1602.0
7246,4,6422,1605.5
7247,4,6426,1606.5
7248,4,6406,1601.5
7249,4,6407,1601.8
7250,4,6416,1604.0
7251,4,6413,1603.2
7252,4,6418,1604.5
7253,3,6395,2131.7
7254,3,6397,2132.3
7255,3,6405,2135.0
7256,3,6423,2141.0
7257,3,6397,2132.3
7258,3,6404,2134.7
7259,3,6413,2137.7
7260,3,6422,2140.7
7261,3,6412,2137.3
7262,3,6414,2138.0
7263,3,6412,2137.3
7264,3,6390,2130.0
7265,3,6360,2120.0
7266,3,6376,2125.3
7267,3,6378,2126.0
7268,3,6349,2116.3
7269,3,6374,2124.7
7270,3,6352,2117.3
7271,3,6349,2116.3
7272,3,6350,2116.7
7273,4,6329,1582.2
7274,5,6380,1276.0
7275,4,6329,1582.2
7276,5,6397,1279.4
7277,5,6394,1278.8
7278,5,6357,1271.4
7279,5,6393,1278.6
7280,5,6393,1278.6
7281,5,6412,1282.4
7282,5,6385,1277.0
7283,5,6381,1276.2
7284,5,6373,1274.6
7285,5,6375,1275.0
7286,5,6382,1276.4
7287,5,6370,1274.0
7288,4,6336,1584.0
7289,5,6349,1269.8
7290,5,6379,1275.8
7291,5,6383,1276.6
7292,5,6399,1279.8
7293,5,6394,1278.8
7294,5,6384,1276.8
7295,5,6371,1274.2
7296,5,6354,1270.8
7297,5,6375,1275.0
7298,5,6365,1273.0
7299,5,6374,1274.8
7300,5,6390,1278.0
7301,5,6382,1276.4
7302,5,6410,1282.0
7303,5,6395,1279.0
7304,5,6378,1275.6
7305,5,6414,1282.8
7306,5,6408,1281.6
7307,5,6399,1279.8
7308,5,6389,1277.8
7309,5,6388,1277.6
7310,5,6387,1277.4
7311,5,6380,1276.0
7312,5,6402,1280.4
7313,5,6386,1277.2
7314,5,6396,1279.2
7315,5,6417,1283.4
7316,5,6401,1280.2
7317,4,6346,1586.5
7318,4,6357,1589.2
7319,4,6359,1589.8
7320,4,6377,1594.2
7321,5,6405,1281.0
7322,4,6364,1591.0
7323,5,6450,1290.0
7324,5,6431,1286.2
7325,5,6439,1287.8
7326,5,6418,1283.6
7327,5,6401,1280.2
7328,5,6430,1286.0
7329,5,6415,1283.0
7330,5,6411,1282.2
7331,5,6419,1283.8
7332,5,6414,1282.8
7333,5,6405,1281.0
7334,5,6413,1282.6
7335,5,6410,1282.0
7336,5,6390,1278.0
7337,5,6399,1279.8
7338,5,6404,1280.8
7339,5,6399,1279.8
7340,5,6394,1278.8
7341,5,6413,1282.6
7342,5,6414,1282.8
7343,5,6407,1281.4
7344,5,6391,1278.2
7345,5,6391,1278.2
7346,5,6397,1279.4
7347,5,6393,1278.6
7348,5,6405,1281.0
7349,5,6392,1278.4
7350,5,6419,1283.8
7351,5,6410,1282.0
7352,5,6388,1277.6
7353,5,6385,1277.0
7354,5,6394,1278.8
7355,5,6370,1274.0
7356,5,6402,1280.4
7357,5,6408,1281.6
7358,5,6412,1282.4
7359,5,6398,1279.6
7360,5,6410,1282.0
7361,5,6411,1282.2
7362,5,6408,1281.6
7363,5,6408,1281.6
7364,5,6389,1277.8
7365,5,6396,1279.2
7366,5,6424,1284.8
7367,5,6404,1280.8
7368,5,6368,1273.6
7369,5,6383,1276.6
7370,5,6410,1282.0
7371,5,6395,1279.0
7372,5,6386,1277.2
7373,5,6408,1281.6
7374,5,6417,1283.4
7375,5,6409,1281.8
7376,5,6419,1283.8
7377,5,6407,1281.4
7378,5,6415,1283.0
7379,5,6428,1285.6
7380,5,6428,1285.6
7381,5,6440,1288.0
7382,5,6431,1286.2
7383,5,6443,1288.6
7384,5,6447,1289.4
7385,5,6421,1284.2
7386,5,6442,1288.4
7387,5,6441,1288.2
7388,5,6440,1288.0
7389,5,6443,1288.6
7390,5,6422,1284.4
7391,5,6406,1281.2
7392,5,6404,1280.8
7393,5,6401,1280.2
7394,5,6428,1285.6
7395,5,6414,1282.8
7396,5,6417,1283.4
7397,5,6417,1283.4
7398,5,6425,1285.0
7399,5,6424,1284.8
7400,5,6414,1282.8
7401,5,6427,1285.4
7402,5,6443,1288.6
7403,5,6441,1288.2
7404,5,6446,1289.2
7405,5,6432,1286.4
7406,5,6417,1283.4
7407,5,6440,1288.0
7408,5,6471,1294.2
7409,5,6472,1294.4
7410,5,6460,1292.0
7411,5,6459,1291.8
7412,5,6447,1289.4
7413,5,6437,1287.4
7414,5,6448,1289.6
7415,5,6437,1287.4
7416,4,6410,1602.5
7417,5,6455,1291.0
7418,5,6445,1289.0
7419,5,6443,1288.6
7420,5,6460,1292.0
7421,5,6437,1287.4
7422,5,6442,1288.4
7423,5,6438,1287.6
7424,5,6434,1286.8
7425,5,6441,1288.2
7426,5,6422,1284.4
7427,5,6435,1287.0
7428,5,6433,1286.6
7429,5,6429,1285.8
7430,5,6422,1284.4
7431,5,6426,1285.2
7432,5,6425,1285.0
7433,5,6411,1282.2
7434,5,6427,1285.4
7435,4,6382,1595.5
7436,4,6373,1593.2
7437,5,6425,1285.0
7438,5,6430,1286.0
7439,5,6422,1284.4
7440,5,6436,1287.2
7441,5,6437,1287.4
7442,5,6424,1284.8
7443,5,6415,1283.0
7444,5,6394,1278.8
7445,5,6404,1280.8
7446,5,6453,1290.6
7447,5,6460,1292.0
7448,5,6454,1290.8
7449,5,6460,1292.0
7450,5,6471,1294.2
7451,5,6456,1291.2
7452,5,6450,1290.0
7453,5,6426,1285.2
7454,5,6453,1290.6
7455,5,6470,1294.0
7456,5,6482,1296.4
7457,5,6479,1295.8
7458,5,6469,1293.8
7459,5,6472,1294.4
7460,5,6465,1293.0
7461,5,6465,1293.0
7462,5,6439,1287.8
7463,5,6433,1286.6
7464,5,6439,1287.8
7465,5,6451,1290.2
7466,5,6447,1289.4
7467,5,6452,1290.4
7468,5,6452,1290.4
7469,5,6441,1288.2
7470,5,6449,1289.8
7471,5,6441,1288.2
7472,5,6452,1290.4
7473,5,6449,1289.8
7474,5,6457,1291.4
7475,5,6447,1289.4
7476,5,6454,1290.8
7477,5,6454,1290.8
7478,5,6441,1288.2
7479,5,6448,1289.6
7480,5,6448,1289.6
7481,5,6436,1287.2
7482,5,6450,1290.0
7483,5,6435,1287.0
7484,5,6443,1288.6
7485,5,6427,1285.4
7486,5,6441,1288.2
7487,5,6450,1290.0
7488,5,6450,1290.0
7489,5,6452,1290.4
7490,5,6451,1290.2
7491,5,6442,1288.4
7492,4,6375,1593.8
7493,4,6386,1596.5
7494,5,6452,1290.4
7495,5,6460,1292.0
7496,4,6413,1603.2
7497,4,6396,1599.0
7498,5,6449,1289.8
7499,4,6408,1602.0
7500,4,6405,1601.2
7501,5,6456,1291.2
7502,5,6468,1293.6
7503,4,6425,1606.2
7504,5,6459,1291.8
7505,5,6479,1295.8
7506,5,6480,1296.0
7507,5,6480,1296.0
7508,4,6423,1605.8
7509,4,6416,1604.0
7510,5,6474,1294.8
7511,5,6478,1295.6
7512,5,6478,1295.6
7513,5,6464,1292.8
7514,5,6456,1291.2
7515,5,6459,1291.8
7516,5,6462,1292.4
7517,5,6466,1293.2
7518,5,6465,1293.0
7519,5,6475,1295.0
7520,5,6468,1293.6
7521,5,6462,1292.4
7522,5,6476,1295.2
7523,5,6485,1297.0
7524,5,6463,1292.6
7525,4,6412,1603.0
7526,4,6424,1606.0
7527,4,6419,1604.8
7528,4,6426,1606.5
7529,4,6413,1603.2
7530,4,6431,1607.8
7531,4,6416,1604.0
7532,4,6416,1604.0
7533,4,6435,1608.8
7534,4,6433,1608.2
7535,4,6419,1604.8
7536,4,6398,1599.5
7537,5,6455,1291.0
7538,4,6419,1604.8
7539,4,6411,1602.8
7540,4,6392,1598.0
7541,4,6413,1603.2
7542,5,6462,1292.4
7543,5,6451,1290.2
7544,4,6420,1605.0
7545,5,6478,1295.6
7546,5,6478,1295.6
7547,4,6406,1601.5
7548,5,6453,1290.6
7549,5,6464,1292.8
7550,5,6459,1291.8
7551,4,6411,1602.8
7552,5,6465,1293.0
7553,4,6415,1603.8
7554,3,6383,2127.7
7555,3,6396,2132.0
7556,3,6371,2123.7
7557,3,6384,2128.0
7558,3,6391,2130.3
7559,3,6405,2135.0
7560,3,6429,2143.0
7561,3,6425,2141.7
7562,3,6413,2137.7
7563,3,6398,2132.7
7564,3,6390,2130.0
7565,3,6407,2135.7
7566,3,6392,2130.7
7567,3,6390,2130.0
7568,3,6395,2131.7
7569,3,6389,2129.7
7570,4,6449,1612.2
7571,4,6446,1611.5
7572,4,6440,1610.0
7573,3,6407,2135.7
7574,3,6387,2129.0
7575,3,6417,2139.0
7576,3,6415,2138.3
7577,3,6407,2135.7
7578,3,6402,2134.0
7579,3,6391,2130.3
7580,3,6346,2115.3
7581,4,6383,1595.8
7582,4,6397,1599.2
7583,4,6396,1599.0
7584,4,6357,1589.2
7585,4,6358,1589.5
7586,3,6329,2109.7
7587,3,6321,2107.0
7588,3,6327,2109.0
7589,3,6326,2108.7
7590,4,6372,1593.0
7591,5,6404,1280.8
7592,4,6382,1595.5
7593,4,6369,1592.2
7594,4,6361,1590.2
7595,4,6364,1591.0
7596,3,6310,2103.3
7597,3,6295,2098.3
7598,4,6360,1590.0
7599,3,6314,2104.7
7600,4,6352,1588.0
7601,4,6333,1583.2
7602,4,6300,1575.0
7603,3,6281,2093.7
7604,3,6282,2094.0
7605,3,6290,2096.7
7606,3,6308,2102.7
7607,3,6299,2099.7
7608,3,6286,2095.3
7609,3,6270,2090.0
7610,4,6335,1583.8
7611,3,6266,2088.7
7612,3,6284,2094.7
7613,3,6328,2109.3
7614,3,6332,2110.7
7615,3,6333,2111.0
7616,3,6329,2109.7
7617,3,6334,2111.3
7618,3,6322,2107.3
7619,3,6335,2111.7
7620,3,6335,2111.7
7621,3,6340,2113.3
7622,3,6348,2116.0
7623,3,6367,2122.3
7624,3,6345,2115.0
7625,3,6366,2122.0
7626,3,6352,2117.3
7627,3,6336,2112.0
7628,3,6351,2117.0
7629,3,6363,2121.0
7630,3,6363,2121.0
7631,3,6355,2118.3
7632,3,6347,2115.7
7633,3,6380,2126.7
7634,3,6365,2121.7
7635,3,6372,2124.0
7636,3,6364,2121.3
7637,3,6342,2114.0
7638,3,6341,2113.7
7639,3,6348,2116.0
7640,3,6347,2115.7
7641,3,6335,2111.7
7642,3,6330,2110.0
7643,3,6354,2118.0
7644,3,6360,2120.0
7645,3,6384,2128.0
7646,3,6348,2116.0
7647,3,6342,2114.0
7648,3,6346,2115.3
7649,3,6343,2114.3
7650,3,6324,2108.0
7651,3,6330,2110.0
7652,3,6354,2118.0
7653,3,6330,2110.0
7654,3,6329,2109.7
7655,3,6336,2112.0
7656,3,6348,2116.0
7657,3,6330,2110.0
7658,3,6326,2108.7
7659,3,6320,2106.7
7660,3,6324,2108.0
7661,3,6345,2115.0
7662,3,6333,2111.0
7663,3,6342,2114.0
7664,3,6349,2116.3
7665,3,6350,2116.7
7666,3,6329,2109.7
7667,3,6328,2109.3
7668,3,6330,2110.0
7669,3,6324,2108.0
7670,3,6301,2100.3
7671,3,6307,2102.3
7672,3,6284,2094.7
7673,3,6295,2098.3
7674,3,6306,2102.0
7675,3,6306,2102.0
7676,3,6313,2104.3
7677,3,6281,2093.7
7678,3,6285,2095.0
7679,3,6258,2086.0
7680,3,6224,2074.7
7681,3,6247,2082.3
7682,3,6200,2066.7
7683,3,6182,2060.7
7684,3,6197,2065.7
7685,4,6234,1558.5
7686,3,6186,2062.0
7687,4,6255,1563.8
7688,3,6232,2077.3
7689,3,6251,2083.7
7690,3,6206,2068.7
7691,4,6260,1565.0
7692,4,6262,1565.5
7693,4,6249,1562.2
7694,5,6271,1254.2
7695,5,6265,1253.0
7696,4,6222,1555.5
7697,5,6279,1255.8
7698,5,6282,1256.4
7699,4,6258,1564.5
7700,4,6274,1568.5
7701,4,6277,1569.2
7702,4,6249,1562.2
7703,4,6242,1560.5
7704,5,6301,1260.2
7705,5,6290,1258.0
7706,5,6290,1258.0
7707,4,6242,1560.5
7708,5,6286,1257.2
7709,4,6230,1557.5
7710,5,6284,1256.8
7711,5,6278,1255.6
7712,5,6254,1250.8
7713,5,6269,1253.8
7714,5,6274,1254.8
7715,5,6264,1252.8
7716,5,6281,1256.2
7717,5,6273,1254.6
7718,4,6220,1555.0
7719,5,6268,1253.6
7720,5,6268,1253.6
7721,5,6286,1257.2
7722,5,6276,1255.2
7723,5,6262,1252.4
7724,5,6260,1252.0
7725,5,6257,1251.4
7726,5,6263,1252.6
7727,5,6281,1256.2
7728,5,6274,1254.8
7729,5,6266,1253.2
7730,5,6282,1256.4
7731,5,6270,1254.0
7732,5,6254,1250.8
7733,5,6261,1252.2
7734,5,6266,1253.2
7735,5,6246,1249.2
7736,5,6277,1255.4
7737,5,6284,1256.8
7738,5,6262,1252.4
7739,5,6268,1253.6
7740,5,6249,1249.8
7741,5,6246,1249.2
7742,5,6232,1246.4
7743,5,6228,1245.6
7744,5,6263,1252.6
7745,5,6250,1250.0
7746,5,6266,1253.2
7747,5,6258,1251.6
7748,5,6254,1250.8
7749,5,6272,1254.4
7750,5,6257,1251.4
7751,5,6291,1258.2
7752,5,6258,1251.6
7753,5,6240,1248.0
7754,5,6262,1252.4
7755,5,6276,1255.2
7756,5,6276,1255.2
7757,5,6281,1256.2
7758,5,6266,1253.2
7759,5,6279,1255.8
7760,5,6286,1257.2
7761,5,6280,1256.0
7762,5,6250,1250.0
7763,5,6264,1252.8
7764,5,6258,1251.6
7765,5,6270,1254.0
7766,5,6276,1255.2
7767,5,6302,1260.4
7768,5,6281,1256.2
7769,5,6300,1260.0
7770,5,6299,1259.8
7771,5,6281,1256.2
7772,5,6299,1259.8
7773,5,6294,1258.8
7774,5,6287,1257.4
7775,5,6270,1254.0
7776,5,6300,1260.0
7777,5,6275,1255.0
7778,5,6282,1256.4
7779,5,6288,1257.6
7780,5,6277,1255.4
7781,5,6287,1257.4
7782,5,6276,1255.2
7783,5,6275,1255.0
7784,5,6279,1255.8
7785,5,6285,1257.0
7786,5,6285,1257.0
7787,5,6295,1259.0
7788,5,6287,1257.4
7789,5,6277,1255.4
7790,5,6306,1261.2
7791,5,6281,1256.2
7792,5,6266,1253.2
7793,5,6270,1254.0
7794,5,6282,1256.4
7795,5,6275,1255.0
7796,5,6281,1256.2
7797,5,6285,1257.0
7798,5,6280,1256.0
7799,5,6263,1252.6
7800,5,6260,1252.0
7801,5,6258,1251.6
7802,5,6248,1249.6
7803,5,6227,1245.4
7804,5,6226,1245.2
7805,5,6260,1252.0
7806,5,6256,1251.2
7807,5,6255,1251.0
7808,5,6291,1258.2
7809,5,6264,1252.8
7810,5,6255,1251.0
7811,5,6263,1252.6
7812,5,6250,1250.0
7813,5,6275,1255.0
7814,5,6281,1256.2
7815,5,6291,1258.2
7816,5,6293,1258.6
7817,5,6264,1252.8
7818,5,6276,1255.2
7819,5,6270,1254.0
7820,5,6286,1257.2
7821,5,6272,1254.4
7822,5,6275,1255.0
7823,5,6267,1253.4
7824,5,6286,1257.2
7825,5,6293,1258.6
7826,5,6296,1259.2
7827,5,6310,1262.0
7828,5,6324,1264.8
7829,5,6322,1264.4
7830,5,6348,1269.6
7831,5,6341,1268.2
7832,5,6339,1267.8
7833,5,6334,1266.8
7834,5,6333,1266.6
7835,5,6339,1267.8
7836,5,6307,1261.4
7837,5,6324,1264.8
7838,5,6291,1258.2
7839,5,6319,1263.8
7840,5,6330,1266.0
7841,5,6310,1262.0
7842,5,6323,1264.6
7843,5,6330,1266.0
7844,5,6324,1264.8
7845,5,6306,1261.2
7846,5,6316,1263.2
7847,5,6305,1261.0
7848,5,6294,1258.8
7849,5,6284,1256.8
7850,5,6310,1262.0
7851,5,6298,1259.6
7852,5,6321,1264.2
7853,5,6306,1261.2
7854,5,6305,1261.0
7855,5,6302,1260.4
7856,5,6306,1261.2
7857,5,6293,1258.6
7858,5,6278,1255.6
7859,5,6300,1260.0
7860,5,6293,1258.6
7861,5,6312,1262.4
7862,5,6294,1258.8
7863,5,6335,1267.0
7864,5,6304,1260.8
7865,5,6306,1261.2
7866,5,6326,1265.2
7867,5,6335,1267.0
7868,5,6334,1266.8
7869,5,6324,1264.8
7870,5,6321,1264.2
7871,5,6347,1269.4
7872,5,6352,1270.4
7873,5,6366,1273.2
7874,5,6359,1271.8
7875,5,6371,1274.2
7876,5,6345,1269.0
7877,5,6360,1272.0
7878,5,6359,1271.8
7879,5,6358,1271.6
7880,5,6348,1269.6
7881,5,6319,1263.8
7882,5,6326,1265.2
7883,5,6348,1269.6
7884,5,6320,1264.0
7885,5,6334,1266.8
7886,5,6336,1267.2
7887,5,6330,1266.0
7888,5,6311,1262.2
7889,5,6333,1266.6
7890,5,6306,1261.2
7891,5,6307,1261.4
7892,5,6323,1264.6
7893,5,6314,1262.8
7894,5,6334,1266.8
7895,5,6316,1263.2
7896,5,6335,1267.0
7897,5,6334,1266.8
7898,5,6330,1266.0
7899,5,6300,1260.0
7900,5,6309,1261.8
7901,5,6306,1261.2
7902,5,6299,1259.8
7903,5,6300,1260.0
7904,5,6299,1259.8
7905,5,6298,1259.6
7906,5,6316,1263.2
7907,5,6305,1261.0
7908,5,6310,1262.0
7909,5,6312,1262.4
7910,5,6323,1264.6
7911,5,6318,1263.6
7912,5,6317,1263.4
7913,5,6298,1259.6
7914,5,6305,1261.0
7915,5,6312,1262.4
7916,5,6312,1262.4
7917,5,6312,1262.4
7918,5,6309,1261.8
7919,5,6299,1259.8
7920,5,6320,1264.0
7921,5,6304,1260.8
7922,5,6300,1260.0
7923,5,6288,1257.6
7924,5,6303,1260.6
7925,5,6285,1257.0
7926,5,6330,1266.0
7927,5,6311,1262.2
7928,5,6315,1263.0
7929,5,6330,1266.0
7930,5,6336,1267.2
7931,5,6352,1270.4
7932,5,6333,1266.6
7933,5,6359,1271.8
7934,5,6335,1267.0
7935,5,6335,1267.0
7936,5,6342,1268.4
7937,5,6320,1264.0
7938,5,6340,1268.0
7939,5,6324,1264.8
7940,5,6312,1262.4
7941,5,6313,1262.6
7942,5,6309,1261.8
7943,5,6312,1262.4
7944,5,6311,1262.2
7945,5,6316,1263.2
7946,5,6335,1267.0
7947,5,6312,1262.4
7948,5,6308,1261.6
7949,5,6315,1263.0
7950,5,6318,1263.6
7951,5,6305,1261.0
7952,5,6296,1259.2
7953,5,6291,1258.2
7954,5,6306,1261.2
7955,5,6306,1261.2
7956,5,6300,1260.0
7957,5,6287,1257.4
7958,5,6284,1256.8
7959,5,6291,1258.2
7960,5,6300,1260.0
7961,5,6288,1257.6
7962,5,6291,1258.2
7963,5,6280,1256.0
7964,5,6275,1255.0
7965,5,6265,1253.0
7966,5,6263,1252.6
7967,5,6257,1251.4
7968,5,6279,1255.8
7969,5,6292,1258.4
7970,5,6285,1257.0
7971,5,6288,1257.6
7972,5,6312,1262.4
7973,5,6293,1258.6
7974,5,6317,1263.4
7975,5,6296,1259.2
7976,5,6293,1258.6
7977,5,6283,1256.6
7978,5,6281,1256.2
7979,5,6276,1255.2
7980,5,6281,1256.2
7981,5,6284,1256.8
7982,5,6268,1253.6
7983,5,6278,1255.6
7984,5,6289,1257.8
7985,5,6251,1250.2
7986,5,6269,1253.8
7987,5,6267,1253.4
7988,5,6268,1253.6
7989,5,6280,1256.0
7990,5,6282,1256.4
7991,5,6288,1257.6
7992,5,6286,1257.2
7993,5,6293,1258.6
7994,5,6300,1260.0
7995,5,6302,1260.4
7996,5,6299,1259.8
7997,5,6297,1259.4
7998,5,6281,1256.2
7999,5,6284,1256.8
8000,5,6291,1258.2
8001,5,6290,1258.0
8002,5,6290,1258.0
8003,5,6300,1260.0
8004,5,6297,1259.4
8005,5,6309,1261.8
8006,5,6312,1262.4
8007,5,6313,1262.6
8008,5,6317,1263.4
8009,5,6309,1261.8
8010,5,6317,1263.4
8011,5,6321,1264.2
8012,5,6315,1263.0
8013,5,6328,1265.6
8014,5,6311,1262.2
8015,5,6317,1263.4
8016,5,6320,1264.0
8017,5,6325,1265.0
8018,5,6325,1265.0
8019,5,6318,1263.6
8020,5,6324,1264.8
8021,5,6301,1260.2
8022,5,6314,1262.8
8023,5,6316,1263.2
8024,5,6309,1261.8
8025,5,6314,1262.8
8026,5,6318,1263.6
8027,5,6309,1261.8
8028,5,6287,1257.4
8029,5,6300,1260.0
8030,5,6300,1260.0
8031,5,6298,1259.6
8032,5,6323,1264.6
8033,5,6305,1261.0
8034,5,6297,1259.4
8035,5,6294,1258.8
8036,5,6282,1256.4
8037,5,6295,1259.0
8038,5,6306,1261.2
8039,5,6285,1257.0
8040,5,6291,1258.2
8041,5,6267,1253.4
8042,5,6287,1257.4
8043,5,6291,1258.2
8044,5,6301,1260.2
8045,5,6300,1260.0
8046,5,6294,1258.8
8047,5,6299,1259.8
8048,5,6300,1260.0
8049,5,6292,1258.4
8050,5,6300,1260.0
8051,5,6287,1257.4
8052,5,6293,1258.6
8053,5,6298,1259.6
8054,5,6287,1257.4
8055,5,6275,1255.0
8056,5,6293,1258.6
8057,5,6312,1262.4
8058,5,6296,1259.2
8059,5,6287,1257.4
8060,5,6285,1257.0
8061,5,6296,1259.2
8062,5,6276,1255.2
8063,5,6265,1253.0
8064,5,6282,1256.4
8065,5,6300,1260.0
8066,5,6279,1255.8
8067,5,6282,1256.4
8068,5,6294,1258.8
8069,5,6279,1255.8
8070,5,6304,1260.8
8071,5,6302,1260.4
8072,5,6310,1262.0
8073,5,6277,1255.4
8074,5,6289,1257.8
8075,5,6261,1252.2
8076,5,6275,1255.0
8077,5,6293,1258.6
8078,5,6287,1257.4
8079,5,6266,1253.2
8080,5,6270,1254.0
8081,5,6272,1254.4
8082,5,6269,1253.8
8083,5,6272,1254.4
8084,5,6264,1252.8
8085,5,6288,1257.6
8086,5,6256,1251.2
8087,5,6269,1253.8
8088,5,6263,1252.6
8089,5,6264,1252.8
8090,5,6263,1252.6
8091,5,6257,1251.4
8092,5,6287,1257.4
8093,5,6277,1255.4
8094,5,6258,1251.6
8095,5,6245,1249.0
8096,5,6274,1254.8
8097,5,6262,1252.4
8098,5,6275,1255.0
8099,5,6276,1255.2
8100,5,6282,1256.4
8101,5,6268,1253.6
8102,5,6270,1254.0
8103,5,6264,1252.8
8104,5,6261,1252.2
8105,5,6258,1251.6
8106,5,6270,1254.0
8107,5,6270,1254.0
8108,5,6285,1257.0
8109,5,6286,1257.2
8110,5,6293,1258.6
8111,5,6286,1257.2
8112,5,6303,1260.6
8113,5,6294,1258.8
8114,5,6282,1256.4
8115,5,6282,1256.4
8116,5,6268,1253.6
8117,5,6270,1254.0
8118,5,6249,1249.8
8119,5,6270,1254.0
8120,5,6267,1253.4
8121,5,6258,1251.6
8122,5,6258,1251.6
8123,5,6251,1250.2
8124,5,6286,1257.2
8125,5,6264,1252.8
8126,5,6251,1250.2
8127,5,6255,1251.0
8128,5,6251,1250.2
8129,5,6257,1251.4
8130,5,6251,1250.2
8131,5,6258,1251.6
8132,5,6261,1252.2
8133,5,6258,1251.6
8134,5,6288,1257.6
8135,5,6264,1252.8
8136,5,6270,1254.0
8137,5,6260,1252.0
8138,5,6276,1255.2
8139,5,6258,1251.6
8140,5,6269,1253.8
8141,5,6257,1251.4
8142,5,6275,1255.0
8143,5,6281,1256.2
8144,5,6300,1260.0
8145,5,6279,1255.8
8146,5,6294,1258.8
8147,5,6298,1259.6
8148,5,6273,1254.6
8149,5,6273,1254.6
8150,5,6284,1256.8
8151,5,6244,1248.8
8152,5,6251,1250.2
8153,5,6258,1251.6
8154,5,6276,1255.2
8155,5,6270,1254.0
8156,5,6265,1253.0
8157,5,6313,1262.6
8158,5,6316,1263.2
8159,5,6313,1262.6
8160,5,6374,1274.8
8161,5,6321,1264.2
8162,5,6311,1262.2
8163,5,6277,1255.4
8164,5,6269,1253.8
8165,5,6292,1258.4
8166,5,6279,1255.8
8167,5,6255,1251.0
8168,5,6282,1256.4
8169,5,6254,1250.8
8170,5,6267,1253.4
8171,5,6252,1250.4
8172,5,6250,1250.0
8173,5,6259,1251.8
8174,5,6251,1250.2
8175,5,6243,1248.6
8176,5,6250,1250.0
8177,5,6247,1249.4
8178,5,6255,1251.0
8179,5,6252,1250.4
8180,5,6250,1250.0
8181,5,6257,1251.4
8182,5,6258,1251.6
8183,5,6247,1249.4
8184,5,6260,1252.0
8185,5,6261,1252.2
8186,5,6266,1253.2
8187,5,6259,1251.8
8188,5,6267,1253.4
8189,5,6260,1252.0
8190,5,6248,1249.6
8191,5,6267,1253.4
8192,5,6267,1253.4
8193,5,6242,1248.4
8194,5,6233,1246.6
8195,5,6243,1248.6
8196,5,6261,1252.2
8197,5,6260,1252.0
8198,5,6252,1250.4
8199,5,6268,1253.6
8200,5,6276,1255.2
8201,5,6260,1252.0
8202,5,6282,1256.4
8203,5,6282,1256.4
8204,5,6287,1257.4
8205,5,6288,1257.6
8206,5,6293,1258.6
8207,5,6279,1255.8
8208,5,6287,1257.4
8209,5,6281,1256.2
8210,5,6285,1257.0
8211,5,6281,1256.2
8212,5,6304,1260.8
8213,5,6284,1256.8
8214,5,6288,1257.6
8215,5,6289,1257.8
8216,5,6298,1259.6
8217,5,6290,1258.0
8218,5,6298,1259.6
8219,5,6301,1260.2
8220,5,6270,1254.0
8221,5,6300,1260.0
8222,5,6280,1256.0
8223,5,6286,1257.2
8224,5,6302,1260.4
8225,5,6280,1256.0
8226,5,6285,1257.0
8227,5,6297,1259.4
8228,5,6309,1261.8
8229,5,6305,1261.0
8230,5,6282,1256.4
8231,5,6293,1258.6
8232,5,6305,1261.0
8233,5,6298,1259.6
8234,5,6294,1258.8
8235,5,6300,1260.0
8236,5,6306,1261.2
8237,5,6312,1262.4
8238,5,6277,1255.4
8239,5,6303,1260.6
8240,5,6273,1254.6
8241,5,6262,1252.4
8242,5,6263,1252.6
8243,5,6276,1255.2
8244,5,6268,1253.6
8245,5,6282,1256.4
8246,5,6278,1255.6
8247,5,6288,1257.6
8248,5,6287,1257.4
8249,5,6292,1258.4
8250,5,6294,1258.8
8251,5,6300,1260.0
8252,5,6299,1259.8
8253,5,6297,1259.4
8254,5,6306,1261.2
8255,5,6283,1256.6
8256,5,6285,1257.0
8257,5,6294,1258.8
8258,5,6292,1258.4
8259,5,6303,1260.6
8260,5,6290,1258.0
8261,5,6286,1257.2
8262,5,6309,1261.8
8263,5,6294,1258.8
8264,5,6281,1256.2
8265,5,6298,1259.6
8266,5,6300,1260.0
8267,5,6298,1259.6
8268,5,6290,1258.0
8269,5,6274,1254.8
8270,5,6282,1256.4
8271,5,6288,1257.6
8272,5,6279,1255.8
8273,5,6287,1257.4
8274,5,6286,1257.2
8275,5,6285,1257.0
8276,5,6298,1259.6
8277,5,6307,1261.4
8278,5,6272,1254.4
8279,5,6304,1260.8
8280,5,6288,1257.6
8281,5,6279,1255.8
8282,5,6300,1260.0
8283,5,6294,1258.8
8284,5,6297,1259.4
8285,5,6308,1261.6
8286,5,6297,1259.4
8287,5,6298,1259.6
8288,5,6311,1262.2
8289,5,6315,1263.0
8290,5,6299,1259.8
8291,5,6292,1258.4
8292,5,6321,1264.2
8293,5,6306,1261.2
8294,5,6306,1261.2
8295,5,6300,1260.0
8296,5,6313,1262.6
8297,5,6304,1260.8
8298,5,6311,1262.2
8299,5,6297,1259.4
8300,4,6254,1563.5
8301,4,6257,1564.2
8302,4,6257,1564.2
8303,4,6249,1562.2
8304,4,6274,1568.5
8305,4,6272,1568.0
8306,4,6261,1565.2
8307,4,6276,1569.0
8308,4,6282,1570.5
8309,4,6240,1560.0
8310,4,6263,1565.8
8311,4,6243,1560.8
8312,4,6263,1565.8
8313,4,6258,1564.5
8314,4,6265,1566.2
8315,4,6278,1569.5
8316,4,6281,1570.2
8317,3,6263,2087.7
8318,4,6286,1571.5
8319,3,6244,2081.3
8320,3,6231,2077.0
8321,3,6211,2070.3
8322,3,6236,2078.7
8323,4,6293,1573.2
8324,3,6238,2079.3
8325,3,6267,2089.0
8326,3,6271,2090.3
8327,3,6263,2087.7
8328,4,6317,1579.2
8329,4,6282,1570.5
8330,4,6312,1578.0
8331,4,6291,1572.8
8332,4,6312,1578.0
8333,4,6304,1576.0
8334,4,6292,1573.0
8335,4,6302,1575.5
8336,4,6300,1575.0
8337,4,6302,1575.5
8338,4,6305,1576.2
8339,4,6306,1576.5
8340,4,6296,1574.0
8341,4,6285,1571.2
8342,4,6308,1577.0
8343,4,6293,1573.2
8344,4,6295,1573.8
8345,4,6303,1575.8
8346,4,6317,1579.2
8347,4,6313,1578.2
8348,3,6269,2089.7
8349,3,6267,2089.0
8350,3,6291,2097.0
8351,4,6316,1579.0
8352,4,6300,1575.0
8353,3,6283,2094.3
8354,3,6305,2101.7
8355,3,6285,2095.0
8356,3,6289,2096.3
8357,3,6292,2097.3
8358,4,6310,1577.5
8359,3,6251,2083.7
8360,4,6299,1574.8
8361,4,6335,1583.8
8362,4,6324,1581.0
8363,4,6308,1577.0
8364,4,6304,1576.0
8365,4,6307,1576.8
8366,4,6286,1571.5
8367,4,6281,1570.2
8368,4,6309,1577.2
8369,4,6281,1570.2
8370,5,6309,1261.8
8371,4,6280,1570.0
8372,4,6309,1577.2
8373,4,6300,1575.0
8374,4,6298,1574.5
8375,4,6272,1568.0
8376,4,6281,1570.2
8377,3,6215,2071.7
8378,3,6196,2065.3
8379,4,6278,1569.5
8380,4,6277,1569.2
8381,4,6285,1571.2
8382,4,6308,1577.0
8383,4,6302,1575.5
8384,4,6260,1565.0
8385,4,6269,1567.2
8386,4,6261,1565.2
8387,3,6261,2087.0
8388,4,6328,1582.0
8389,4,6305,1576.2
8390,4,6301,1575.2
8391,4,6313,1578.2
8392,4,6315,1578.8
8393,4,6334,1583.5
8394,4,6317,1579.2
8395,3,6281,2093.7
8396,3,6275,2091.7
8397,3,6291,2097.0
8398,3,6278,2092.7
8399,3,6296,2098.7
8400,3,6287,2095.7
8401,3,6266,2088.7
8402,3,6272,2090.7
8403,4,6344,1586.0
8404,4,6342,1585.5
8405,4,6354,1588.5
8406,4,6354,1588.5
8407,4,6351,1587.8
8408,3,6297,2099.0
8409,3,6273,2091.0
8410,4,6342,1585.5
8411,4,6317,1579.2
8412,4,6306,1576.5
8413,4,6309,1577.2
8414,4,6326,1581.5
8415,4,6320,1580.0
8416,4,6318,1579.5
8417,4,6311,1577.8
8418,4,6316,1579.0
8419,4,6300,1575.0
8420,4,6303,1575.8
8421,4,6296,1574.0
8422,4,6306,1576.5
8423,4,6311,1577.8
8424,4,6323,1580.8
8425,4,6295,1573.8
8426,4,6320,1580.0
8427,4,6336,1584.0
8428,4,6327,1581.8
8429,4,6321,1580.2
8430,4,6316,1579.0
8431,4,6340,1585.0
8432,4,6331,1582.8
8433,4,6314,1578.5
8434,4,6321,1580.2
8435,4,6308,1577.0
8436,4,6311,1577.8
8437,3,6272,2090.7
8438,3,6278,2092.7
8439,3,6268,2089.3
8440,3,6272,2090.7
8441,3,6273,2091.0
8442,3,6273,2091.0
8443,3,6281,2093.7
8444,3,6257,2085.7
8445,3,6268,2089.3
8446,3,6268,2089.3
8447,3,6288,2096.0
8448,3,6287,2095.7
8449,3,6296,2098.7
8450,3,6282,2094.0
8451,3,6269,2089.7
8452,3,6281,2093.7
8453,3,6282,2094.0
8454,3,6315,2105.0
8455,3,6311,2103.7
8456,3,6301,2100.3
8457,3,6310,2103.3
8458,3,6312,2104.0
8459,3,6317,2105.7
8460,3,6300,2100.0
8461,3,6317,2105.7
8462,3,6321,2107.0
8463,3,6295,2098.3
8464,3,6308,2102.7
8465,3,6317,2105.7
8466,3,6307,2102.3
8467,3,6298,2099.3
8468,3,6307,2102.3
8469,3,6304,2101.3
8470,3,6312,2104.0
8471,3,6313,2104.3
8472,3,6294,2098.0
8473,3,6281,2093.7
8474,3,6282,2094.0
8475,3,6289,2096.3
8476,3,6303,2101.0
8477,3,6301,2100.3
8478,3,6296,2098.7
8479,3,6291,2097.0
8480,3,6294,2098.0
8481,3,6273,2091.0
8482,3,6274,2091.3
8483,3,6282,2094.0
8484,3,6312,2104.0
8485,3,6283,2094.3
8486,3,6280,2093.3
8487,3,6268,2089.3
8488,3,6298,2099.3
8489,3,6311,2103.7
8490,3,6324,2108.0
8491,3,6324,2108.0
8492,3,6324,2108.0
8493,3,6321,2107.0
8494,3,6315,2105.0
8495,3,6322,2107.3
8496,3,6316,2105.3
8497,3,6301,2100.3
8498,3,6298,2099.3
8499,3,6295,2098.3
8500,3,6308,2102.7
8501,3,6314,2104.7
8502,3,6306,2102.0
8503,3,6290,2096.7
8504,3,6303,2101.0
8505,3,6312,2104.0
8506,3,6313,2104.3
8507,3,6309,2103.0
8508,3,6313,2104.3
8509,3,6318,2106.0
8510,3,6319,2106.3
8511,3,6308,2102.7
8512,3,6317,2105.7
8513,3,6311,2103.7
8514,3,6317,2105.7
8515,3,6317,2105.7
8516,3,6312,2104.0
8517,3,6317,2105.7
8518,3,6312,2104.0
8519,3,6310,2103.3
8520,3,6318,2106.0
8521,3,6324,2108.0
8522,3,6312,2104.0
8523,3,6311,2103.7
8524,3,6312,2104.0
8525,3,6318,2106.0
8526,3,6318,2106.0
8527,3,6342,2114.0
8528,3,6336,2112.0
8529,3,6354,2118.0
8530,3,6341,2113.7
8531,3,6345,2115.0
8532,3,6341,2113.7
8533,3,6363,2121.0
8534,3,6352,2117.3
8535,3,6368,2122.7
8536,3,6382,2127.3
8537,3,6323,2107.7
8538,3,6348,2116.0
8539,3,6312,2104.0
8540,3,6336,2112.0
8541,3,6318,2106.0
8542,3,6317,2105.7
8543,3,6334,2111.3
8544,3,6324,2108.0
8545,3,6354,2118.0
8546,3,6340,2113.3
8547,3,6330,2110.0
8548,3,6335,2111.7
8549,3,6334,2111.3
8550,3,6359,2119.7
8551,3,6355,2118.3
8552,3,6362,2120.7
8553,3,6359,2119.7
8554,3,6359,2119.7
8555,3,6350,2116.7
8556,3,6367,2122.3
8557,3,6363,2121.0
8558,3,6365,2121.7
8559,3,6366,2122.0
8560,3,6366,2122.0
8561,3,6372,2124.0
8562,3,6365,2121.7
8563,3,6354,2118.0
8564,3,6353,2117.7
8565,3,6358,2119.3
8566,3,6335,2111.7
8567,3,6359,2119.7
8568,3,6346,2115.3
8569,3,6372,2124.0
8570,3,6346,2115.3
8571,3,6347,2115.7
8572,3,6335,2111.7
8573,3,6321,2107.0
8574,3,6338,2112.7
8575,3,6356,2118.7
8576,3,6320,2106.7
8577,3,6318,2106.0
8578,3,6324,2108.0
8579,3,6309,2103.0
8580,3,6339,2113.0
8581,3,6331,2110.3
8582,3,6304,2101.3
8583,3,6298,2099.3
8584,3,6261,2087.0
8585,3,6317,2105.7
8586,3,6310,2103.3
8587,3,6298,2099.3
8588,4,6352,1588.0
8589,3,6299,2099.7
8590,3,6314,2104.7
8591,3,6286,2095.3
8592,4,6326,1581.5
8593,4,6325,1581.2
8594,4,6369,1592.2
8595,4,6388,1597.0
8596,4,6383,1595.8
8597,4,6393,1598.2
8598,4,6385,1596.2
8599,4,6398,1599.5
8600,4,6372,1593.0
8601,4,6376,1594.0
8602,4,6367,1591.8
8603,4,6362,1590.5
8604,4,6364,1591.0
8605,4,6371,1592.8
8606,4,6378,1594.5
8607,4,6367,1591.8
8608,3,6322,2107.3
8609,4,6369,1592.2
8610,4,6360,1590.0
8611,4,6375,1593.8
8612,4,6373,1593.2
8613,3,6327,2109.0
8614,3,6306,2102.0
8615,3,6315,2105.0
8616,3,6321,2107.0
8617,4,6357,1589.2
8618,4,6348,1587.0
8619,4,6341,1585.2
8620,4,6350,1587.5
8621,4,6321,1580.2
8622,4,6332,1583.0
8623,4,6334,1583.5
8624,4,6323,1580.8
8625,4,6340,1585.0
8626,4,6321,1580.2
8627,4,6325,1581.2
8628,4,6343,1585.8
8629,4,6346,1586.5
8630,4,6350,1587.5
8631,4,6350,1587.5
8632,4,6370,1592.5
8633,4,6335,1583.8
8634,4,6359,1589.8
8635,4,6337,1584.2
8636,4,6345,1586.2
8637,4,6337,1584.2
8638,4,6339,1584.8
8639,4,6320,1580.0
8640,4,6323,1580.8
8641,4,6298,1574.5
8642,4,6318,1579.5
8643,4,6345,1586.2
8644,4,6314,1578.5
8645,4,6293,1573.2
8646,4,6315,1578.8
8647,4,6300,1575.0
8648,4,6295,1573.8
8649,4,6294,1573.5
8650,4,6293,1573.2
8651,4,6323,1580.8
8652,4,6317,1579.2
8653,4,6315,1578.8
8654,4,6333,1583.2
8655,4,6337,1584.2
8656,4,6341,1585.2
8657,4,6341,1585.2
8658,4,6331,1582.8
8659,4,6345,1586.2
8660,4,6335,1583.8
8661,4,6317,1579.2
8662,4,6318,1579.5
8663,4,6339,1584.8
8664,4,6329,1582.2
8665,4,6339,1584.8
8666,4,6318,1579.5
8667,4,6314,1578.5
8668,4,6351,1587.8
8669,4,6365,1591.2
8670,4,6365,1591.2
8671,4,6356,1589.0
8672,4,6351,1587.8
8673,4,6352,1588.0
8674,4,6335,1583.8
8675,4,6309,1577.2
8676,4,6335,1583.8
8677,4,6331,1582.8
8678,4,6289,1572.2
8679,4,6305,1576.2
8680,4,6313,1578.2
8681,4,6320,1580.0
8682,4,6296,1574.0
8683,4,6273,1568.2
8684,4,6301,1575.2
8685,4,6296,1574.0
8686,4,6296,1574.0
8687,4,6298,1574.5
8688,4,6325,1581.2
8689,4,6313,1578.2
8690,4,6302,1575.5
8691,4,6306,1576.5
8692,4,6307,1576.8
8693,4,6297,1574.2
8694,4,6288,1572.0
8695,4,6302,1575.5
8696,4,6295,1573.8
8697,4,6302,1575.5
8698,4,6334,1583.5
8699,4,6330,1582.5
8700,4,6316,1579.0
8701,4,6294,1573.5
8702,3,6264,2088.0
8703,4,6317,1579.2
8704,4,6333,1583.2
8705,4,6317,1579.2
8706,4,6312,1578.0
8707,4,6311,1577.8
8708,3,6246,2082.0
8709,4,6306,1576.5
8710,4,6335,1583.8
8711,3,6276,2092.0
8712,4,6306,1576.5
8713,4,6302,1575.5
8714,3,6258,2086.0
8715,4,6311,1577.8
8716,4,6330,1582.5
8717,4,6312,1578.0
8718,4,6329,1582.2
8719,4,6305,1576.2
8720,4,6320,1580.0
8721,3,6257,2085.7
8722,3,6253,2084.3
8723,4,6303,1575.8
8724,4,6254,1563.5
8725,4,6281,1570.2
8726,4,6281,1570.2
8727,4,6280,1570.0
8728,4,6265,1566.2
8729,4,6262,1565.5
8730,4,6276,1569.0
8731,4,6269,1567.2
8732,4,6282,1570.5
8733,4,6272,1568.0
8734,4,6295,1573.8
8735,4,6293,1573.2
8736,4,6279,1569.8
8737,4,6287,1571.8
8738,4,6286,1571.5
8739,4,6294,1573.5
8740,4,6280,1570.0
8741,4,6297,1574.2
8742,4,6305,1576.2
8743,4,6302,1575.5
8744,4,6285,1571.2
8745,4,6281,1570.2
8746,4,6304,1576.0
8747,4,6312,1578.0
8748,4,6303,1575.8
8749,4,6301,1575.2
8750,4,6301,1575.2
8751,4,6307,1576.8
8752,4,6317,1579.2
8753,4,6310,1577.5
8754,3,6277,2092.3
8755,4,6289,1572.2
8756,3,6232,2077.3
8757,3,6236,2078.7
8758,3,6231,2077.0
8759,4,6287,1571.8
8760,4,6298,1574.5
8761,4,6298,1574.5
8762,4,6299,1574.8
8763,4,6303,1575.8
8764,4,6304,1576.0
8765,4,6284,1571.0
8766,4,6286,1571.5
8767,4,6259,1564.8
8768,4,6284,1571.0
8769,4,6266,1566.5
8770,4,6274,1568.5
8771,4,6284,1571.0
8772,4,6290,1572.5
8773,4,6275,1568.8
8774,4,6273,1568.2
8775,4,6294,1573.5
8776,4,6294,1573.5
8777,4,6268,1567.0
8778,4,6245,1561.2
8779,4,6250,1562.5
8780,4,6244,1561.0
8781,3,6227,2075.7
8782,3,6241,2080.3
8783,3,6229,2076.3
8784,3,6233,2077.7
8785,3,6213,2071.0
8786,3,6211,2070.3
8787,3,6225,2075.0
8788,3,6255,2085.0
8789,3,6269,2089.7
8790,3,6272,2090.7
8791,3,6264,2088.0
8792,3,6267,2089.0
8793,3,6263,2087.7
8794,3,6274,2091.3
8795,3,6265,2088.3
8796,3,6257,2085.7
8797,3,6279,2093.0
8798,3,6269,2089.7
8799,3,6276,2092.0
8800,3,6276,2092.0
8801,3,6264,2088.0
8802,3,6254,2084.7
8803,3,6246,2082.0
8804,4,6227,1556.8
8805,4,6260,1565.0
8806,4,6260,1565.0
8807,4,6253,1563.2
8808,4,6257,1564.2
8809,4,6257,1564.2
8810,4,6271,1567.8
8811,4,6248,1562.0
8812,4,6255,1563.8
8813,4,6246,1561.5
8814,3,6217,2072.3
8815,3,6212,2070.7
8816,3,6223,2074.3
8817,3,6212,2070.7
8818,3,6246,2082.0
8819,3,6228,2076.0
8820,3,6253,2084.3
8821,3,6264,2088.0
8822,3,6256,2085.3
8823,3,6233,2077.7
8824,3,6255,2085.0
8825,3,6263,2087.7
8826,3,6258,2086.0
8827,3,6269,2089.7
8828,3,6276,2092.0
8829,3,6262,2087.3
8830,3,6274,2091.3
8831,3,6276,2092.0
8832,3,6276,2092.0
8833,3,6252,2084.0
8834,3,6270,2090.0
8835,3,6270,2090.0
8836,3,6257,2085.7
8837,3,6257,2085.7
8838,3,6243,2081.0
8839,3,6251,2083.7
8840,3,6250,2083.3
8841,3,6252,2084.0
8842,3,6257,2085.7
8843,3,6264,2088.0
8844,3,6258,2086.0
8845,3,6269,2089.7
8846,3,6258,2086.0
8847,3,6263,2087.7
8848,3,6260,2086.7
8849,3,6255,2085.0
8850,3,6270,2090.0
8851,3,6262,2087.3
8852,3,6276,2092.0
8853,3,6275,2091.7
8854,3,6277,2092.3
8855,3,6276,2092.0
8856,3,6280,2093.3
8857,3,6275,2091.7
8858,3,6281,2093.7
8859,3,6268,2089.3
8860,3,6252,2084.0
8861,3,6249,2083.0
8862,3,6246,2082.0
8863,3,6242,2080.7
8864,3,6255,2085.0
8865,3,6267,2089.0
8866,3,6239,2079.7
8867,3,6251,2083.7
8868,3,6264,2088.0
8869,3,6275,2091.7
8870,3,6276,2092.0
8871,3,6288,2096.0
8872,3,6270,2090.0
8873,3,6282,2094.0
8874,3,6280,2093.3
8875,3,6294,2098.0
8876,3,6288,2096.0
8877,3,6285,2095.0
8878,3,6280,2093.3
8879,3,6281,2093.7
8880,3,6298,2099.3
8881,3,6298,2099.3
8882,3,6293,2097.7
8883,3,6297,2099.0
8884,3,6300,2100.0
8885,3,6285,2095.0
8886,3,6267,2089.0
8887,3,6294,2098.0
8888,3,6291,2097.0
8889,3,6255,2085.0
8890,3,6298,2099.3
8891,3,6291,2097.0
8892,3,6245,2081.7
8893,3,6254,2084.7
8894,3,6266,2088.7
8895,3,6269,2089.7
8896,3,6271,2090.3
8897,3,6277,2092.3
8898,3,6286,2095.3
8899,3,6301,2100.3
8900,3,6306,2102.0
8901,3,6292,2097.3
8902,3,6303,2101.0
8903,3,6285,2095.0
8904,3,6286,2095.3
8905,3,6289,2096.3
8906,3,6264,2088.0
8907,3,6273,2091.0
8908,3,6268,2089.3
8909,3,6251,2083.7
8910,3,6269,2089.7
8911,3,6258,2086.0
8912,3,6273,2091.0
8913,3,6248,2082.7
8914,3,6250,2083.3
8915,3,6243,2081.0
8916,3,6234,2078.0
8917,3,6211,2070.3
8918,3,6241,2080.3
8919,3,6215,2071.7
8920,3,6209,2069.7
8921,3,6212,2070.7
8922,3,6216,2072.0
8923,3,6215,2071.7
8924,3,6253,2084.3
8925,3,6219,2073.0
8926,3,6234,2078.0
8927,3,6251,2083.7
8928,3,6242,2080.7
8929,3,6215,2071.7
8930,3,6216,2072.0
8931,3,6203,2067.7
8932,3,6210,2070.0
8933,3,6204,2068.0
8934,3,6241,2080.3
8935,4,6240,1560.0
8936,4,6259,1564.8
8937,3,6192,2064.0
8938,3,6161,2053.7
8939,4,6204,1551.0
8940,4,6242,1560.5
8941,3,6200,2066.7
8942,3,6194,2064.7
8943,4,6200,1550.0
8944,4,6212,1553.0
8945,4,6207,1551.8
8946,4,6210,1552.5
8947,3,6185,2061.7
8948,3,6187,2062.3
8949,3,6162,2054.0
8950,3,6169,2056.3
8951,3,6190,2063.3
8952,4,6216,1554.0
8953,3,6183,2061.0
8954,4,6253,1563.2
8955,4,6265,1566.2
8956,4,6261,1565.2
8957,4,6255,1563.8
8958,4,6247,1561.8
8959,4,6271,1567.8
8960,4,6281,1570.2
8961,4,6260,1565.0
8962,4,6258,1564.5
8963,4,6274,1568.5
8964,4,6237,1559.2
8965,4,6273,1568.2
8966,4,6278,1569.5
8967,4,6280,1570.0
8968,4,6283,1570.8
8969,4,6266,1566.5
8970,4,6280,1570.0
8971,4,6278,1569.5
8972,4,6290,1572.5
8973,4,6285,1571.2
8974,4,6273,1568.2
8975,4,6275,1568.8
8976,4,6274,1568.5
8977,4,6287,1571.8
8978,4,6257,1564.2
8979,3,6220,2073.3
8980,3,6223,2074.3
8981,3,6200,2066.7
8982,4,6269,1567.2
8983,3,6197,2065.7
8984,3,6202,2067.3
8985,3,6215,2071.7
8986,3,6218,2072.7
8987,3,6253,2084.3
8988,3,6250,2083.3
8989,3,6251,2083.7
8990,3,6256,2085.3
8991,3,6235,2078.3
8992,3,6288,2096.0
8993,3,6293,2097.7
8994,3,6254,2084.7
8995,3,6257,2085.7
8996,3,6260,2086.7
8997,3,6280,2093.3
8998,3,6273,2091.0
8999,3,6269,2089.7
9000,3,6260,2086.7
9001,3,6288,2096.0
9002,3,6281,2093.7
9003,3,6296,2098.7
9004,3,6275,2091.7
9005,3,6279,2093.0
9006,3,6268,2089.3
9007,3,6248,2082.7
9008,3,6248,2082.7
9009,3,6213,2071.0
9010,4,6287,1571.8
9011,4,6259,1564.8
9012,4,6264,1566.0
9013,4,6252,1563.0
9014,4,6283,1570.8
9015,4,6282,1570.5
9016,4,6261,1565.2
9017,4,6253,1563.2
9018,4,6258,1564.5
9019,4,6263,1565.8
9020,4,6263,1565.8
9021,4,6237,1559.2
9022,4,6246,1561.5
9023,4,6234,1558.5
9024,4,6227,1556.8
9025,4,6230,1557.5
9026,4,6254,1563.5
9027,4,6237,1559.2
9028,4,6228,1557.0
9029,4,6237,1559.2
9030,4,6242,1560.5
9031,4,6248,1562.0
9032,4,6243,1560.8
9033,4,6275,1568.8
9034,4,6257,1564.2
9035,4,6244,1561.0
9036,4,6223,1555.8
9037,4,6209,1552.2
9038,4,6224,1556.0
9039,4,6227,1556.8
9040,4,6252,1563.0
9041,4,6251,1562.8
9042,4,6256,1564.0
9043,4,6255,1563.8
9044,4,6252,1563.0
9045,4,6264,1566.0
9046,4,6255,1563.8
9047,4,6249,1562.2
9048,4,6266,1566.5
9049,4,6267,1566.8
9050,4,6264,1566.0
9051,4,6219,1554.8
9052,4,6243,1560.8
9053,4,6236,1559.0
9054,3,6175,2058.3
9055,4,6250,1562.5
9056,3,6194,2064.7
9057,3,6211,2070.3
9058,3,6217,2072.3
9059,3,6205,2068.3
9060,3,6222,2074.0
9061,3,6243,2081.0
9062,3,6210,2070.0
9063,3,6219,2073.0
9064,3,6213,2071.0
9065,4,6263,1565.8
9066,4,6249,1562.2
9067,4,6263,1565.8
9068,4,6273,1568.2
9069,4,6276,1569.0
9070,3,6229,2076.3
9071,4,6300,1575.0
9072,4,6278,1569.5
9073,3,6223,2074.3
9074,3,6259,2086.3
9075,3,6290,2096.7
9076,4,6274,1568.5
9077,4,6295,1573.8
9078,4,6286,1571.5
9079,4,6304,1576.0
9080,3,6242,2080.7
9081,4,6314,1578.5
9082,4,6307,1576.8
9083,4,6289,1572.2
9084,4,6280,1570.0
9085,4,6298,1574.5
9086,4,6298,1574.5
9087,4,6314,1578.5
9088,4,6310,1577.5
9089,4,6330,1582.5
9090,4,6307,1576.8
9091,4,6304,1576.0
9092,4,6312,1578.0
9093,4,6294,1573.5
9094,4,6301,1575.2
9095,4,6320,1580.0
9096,4,6304,1576.0
9097,4,6301,1575.2
9098,3,6267,2089.0
9099,4,6301,1575.2
9100,4,6311,1577.8
9101,4,6298,1574.5
9102,4,6285,1571.2
9103,4,6287,1571.8
9104,4,6269,1567.2
9105,4,6310,1577.5
9106,4,6295,1573.8
9107,4,6304,1576.0
9108,4,6289,1572.2
9109,4,6293,1573.2
9110,4,6318,1579.5
9111,4,6329,1582.2
9112,4,6305,1576.2
9113,4,6303,1575.8
9114,4,6296,1574.0
9115,4,6324,1581.0
9116,4,6313,1578.2
9117,4,6325,1581.2
9118,4,6322,1580.5
9119,4,6329,1582.2
9120,4,6325,1581.2
9121,4,6313,1578.2
9122,4,6319,1579.8
9123,4,6307,1576.8
9124,4,6316,1579.0
9125,4,6313,1578.2
9126,4,6322,1580.5
9127,4,6311,1577.8
9128,4,6298,1574.5
9129,4,6282,1570.5
9130,4,6290,1572.5
9131,4,6289,1572.2
9132,4,6289,1572.2
9133,4,6269,1567.2
9134,4,6269,1567.2
9135,4,6273,1568.2
9136,4,6255,1563.8
9137,4,6250,1562.5
9138,4,6239,1559.8
9139,4,6266,1566.5
9140,4,6273,1568.2
9141,4,6288,1572.0
9142,4,6280,1570.0
9143,3,6255,2085.0
9144,3,6301,2100.3
9145,3,6277,2092.3
9146,3,6237,2079.0
9147,4,6268,1567.0
9148,4,6253,1563.2
9149,4,6249,1562.2
9150,5,6283,1256.6
9151,4,6268,1567.0
9152,5,6302,1260.4
9153,5,6279,1255.8
9154,5,6314,1262.8
9155,4,6252,1563.0
9156,5,6309,1261.8
9157,4,6246,1561.5
9158,5,6287,1257.4
9159,5,6300,1260.0
9160,5,6294,1258.8
9161,5,6300,1260.0
9162,5,6300,1260.0
9163,5,6304,1260.8
9164,5,6276,1255.2
9165,5,6280,1256.0
9166,5,6283,1256.6
9167,5,6305,1261.0
9168,5,6309,1261.8
9169,5,6336,1267.2
9170,5,6305,1261.0
9171,5,6327,1265.4
9172,5,6288,1257.6
9173,5,6294,1258.8
9174,5,6304,1260.8
9175,5,6294,1258.8
9176,5,6288,1257.6
9177,5,6300,1260.0
9178,5,6306,1261.2
9179,5,6313,1262.6
9180,5,6317,1263.4
9181,5,6328,1265.6
9182,5,6326,1265.2
9183,5,6312,1262.4
9184,5,6319,1263.8
9185,5,6316,1263.2
9186,5,6317,1263.4
9187,5,6318,1263.6
9188,5,6336,1267.2
9189,5,6318,1263.6
9190,5,6321,1264.2
9191,4,6302,1575.5
9192,4,6285,1571.2
9193,4,6307,1576.8
9194,4,6294,1573.5
9195,4,6294,1573.5
9196,4,6320,1580.0
9197,4,6347,1586.8
9198,4,6348,1587.0
9199,4,6302,1575.5
9200,4,6330,1582.5
9201,4,6314,1578.5
9202,4,6331,1582.8
9203,4,6338,1584.5
9204,4,6279,1569.8
9205,5,6333,1266.6
9206,4,6283,1570.8
9207,4,6296,1574.0
9208,4,6288,1572.0
9209,4,6303,1575.8
9210,4,6290,1572.5
9211,4,6289,1572.2
9212,4,6298,1574.5
9213,4,6311,1577.8
9214,4,6271,1567.8
9215,4,6291,1572.8
9216,4,6301,1575.2
9217,4,6300,1575.0
9218,4,6289,1572.2
9219,4,6266,1566.5
9220,4,6269,1567.2
9221,4,6281,1570.2
9222,4,6302,1575.5
9223,4,6314,1578.5
9224,3,6274,2091.3
9225,3,6246,2082.0
9226,3,6238,2079.3
9227,4,6290,1572.5
9228,4,6269,1567.2
9229,4,6276,1569.0
9230,5,6310,1262.0
9231,5,6315,1263.0
9232,5,6332,1266.4
9233,4,6283,1570.8
9234,4,6295,1573.8
9235,4,6307,1576.8
9236,4,6308,1577.0
9237,3,6245,2081.7
9238,3,6299,2099.7
9239,3,6277,2092.3
9240,3,6304,2101.3
9241,3,6304,2101.3
9242,3,6307,2102.3
9243,3,6283,2094.3
9244,3,6286,2095.3
9245,3,6291,2097.0
9246,3,6298,2099.3
9247,3,6309,2103.0
9248,3,6317,2105.7
9249,3,6337,2112.3
9250,3,6313,2104.3
9251,3,6318,2106.0
9252,3,6314,2104.7
9253,3,6287,2095.7
9254,3,6275,2091.7
9255,3,6282,2094.0
9256,3,6297,2099.0
9257,3,6295,2098.3
9258,3,6282,2094.0
9259,3,6291,2097.0
9260,3,6294,2098.0
9261,3,6297,2099.0
9262,3,6312,2104.0
9263,3,6294,2098.0
9264,3,6293,2097.7
9265,3,6299,2099.7
9266,3,6288,2096.0
9267,3,6285,2095.0
9268,3,6273,2091.0
9269,3,6270,2090.0
9270,3,6262,2087.3
9271,3,6277,2092.3
9272,3,6280,2093.3
9273,3,6274,2091.3
9274,3,6305,2101.7
9275,3,6320,2106.7
9276,3,6314,2104.7
9277,3,6294,2098.0
9278,3,6290,2096.7
9279,3,6280,2093.3
9280,3,6268,2089.3
9281,3,6248,2082.7
9282,4,6286,1571.5
9283,3,6259,2086.3
9284,4,6307,1576.8
9285,5,6341,1268.2
9286,3,6262,2087.3
9287,3,6241,2080.3
9288,3,6253,2084.3
9289,3,6245,2081.7
9290,4,6281,1570.2
9291,5,6339,1267.8
9292,4,6288,1572.0
9293,4,6283,1570.8
9294,4,6286,1571.5
9295,3,6247,2082.3
9296,3,6256,2085.3
9297,4,6254,1563.5
9298,5,6308,1261.6
9299,5,6284,1256.8
9300,4,6278,1569.5
9301,4,6280,1570.0
9302,4,6256,1564.0
9303,4,6262,1565.5
9304,5,6297,1259.4
9305,5,6291,1258.2
9306,5,6287,1257.4
9307,5,6317,1263.4
9308,5,6323,1264.6
9309,5,6309,1261.8
9310,4,6232,1558.0
9311,4,6246,1561.5
9312,4,6246,1561.5
9313,5,6293,1258.6
9314,4,6262,1565.5
9315,3,6248,2082.7
9316,3,6252,2084.0
9317,3,6235,2078.3
9318,3,6244,2081.3
9319,3,6244,2081.3
9320,3,6249,2083.0
9321,3,6205,2068.3
9322,4,6277,1569.2
9323,3,6242,2080.7
9324,3,6264,2088.0
9325,3,6229,2076.3
9326,3,6254,2084.7
9327,3,6233,2077.7
9328,3,6218,2072.7
9329,3,6199,2066.3
9330,5,6292,1258.4
9331,3,6170,2056.7
9332,3,6245,2081.7
9333,3,6261,2087.0
9334,3,6257,2085.7
9335,4,6334,1583.5
9336,4,6298,1574.5
9337,4,6318,1579.5
9338,3,6277,2092.3
9339,3,6255,2085.0
9340,3,6227,2075.7
9341,4,6298,1574.5
9342,3,6261,2087.0
9343,4,6310,1577.5
9344,4,6300,1575.0
9345,4,6296,1574.0
9346,4,6302,1575.5
9347,4,6321,1580.2
9348,4,6288,1572.0
9349,4,6289,1572.2
9350,3,6251,2083.7
9351,4,6286,1571.5
9352,4,6295,1573.8
9353,4,6301,1575.2
9354,4,6308,1577.0
9355,4,6281,1570.2
9356,4,6279,1569.8
9357,4,6270,1567.5
9358,4,6267,1566.8
9359,5,6334,1266.8
9360,4,6279,1569.8
9361,5,6340,1268.0
9362,5,6339,1267.8
9363,5,6328,1265.6
9364,4,6280,1570.0
9365,4,6285,1571.2
9366,4,6280,1570.0
9367,4,6287,1571.8
9368,4,6274,1568.5
9369,4,6261,1565.2
9370,4,6262,1565.5
9371,5,6324,1264.8
9372,5,6309,1261.8
9373,5,6316,1263.2
9374,5,6326,1265.2
9375,4,6283,1570.8
9376,4,6294,1573.5
9377,4,6303,1575.8
9378,4,6323,1580.8
9379,4,6325,1581.2
9380,4,6344,1586.0
9381,4,6339,1584.8
9382,4,6346,1586.5
9383,4,6345,1586.2
9384,4,6326,1581.5
9385,4,6321,1580.2
9386,4,6310,1577.5
9387,4,6296,1574.0
9388,4,6299,1574.8
9389,4,6304,1576.0
9390,4,6305,1576.2
9391,4,6293,1573.2
9392,4,6303,1575.8
9393,4,6303,1575.8
9394,4,6310,1577.5
9395,4,6313,1578.2
9396,4,6313,1578.2
9397,4,6266,1566.5
9398,4,6273,1568.2
9399,4,6325,1581.2
9400,4,6316,1579.0
9401,5,6298,1259.6
9402,4,6252,1563.0
9403,4,6293,1573.2
9404,4,6301,1575.2
9405,4,6290,1572.5
9406,4,6262,1565.5
9407,4,6264,1566.0
9408,4,6271,1567.8
9409,4,6289,1572.2
9410,4,6281,1570.2
9411,4,6291,1572.8
9412,4,6298,1574.5
9413,4,6302,1575.5
9414,4,6284,1571.0
9415,4,6275,1568.8
9416,4,6277,1569.2
9417,4,6257,1564.2
9418,4,6284,1571.0
9419,4,6275,1568.8
9420,4,6254,1563.5
9421,4,6278,1569.5
9422,4,6265,1566.2
9423,4,6259,1564.8
9424,4,6259,1564.8
9425,4,6262,1565.5
9426,4,6282,1570.5
9427,4,6256,1564.0
9428,4,6250,1562.5
9429,3,6200,2066.7
9430,3,6225,2075.0
9431,3,6230,2076.7
9432,3,6209,2069.7
9433,3,6204,2068.0
9434,3,6197,2065.7
9435,2,6162,3081.0
9436,2,6177,3088.5
9437,2,6132,3066.0
9438,2,6163,3081.5
9439,2,6143,3071.5
9440,3,6201,2067.0
9441,2,6143,3071.5
9442,2,6165,3082.5
9443,2,6158,3079.0
9444,4,6239,1559.8
9445,4,6271,1567.8
9446,5,6275,1255.0
9447,4,6201,1550.2
9448,2,6151,3075.5
9449,3,6197,2065.7
9450,2,6170,3085.0
9451,4,6233,1558.2
9452,3,6171,2057.0
9453,4,6206,1551.5
9454,3,6195,2065.0
9455,3,6227,2075.7
9456,3,6189,2063.0
9457,3,6192,2064.0
9458,3,6183,2061.0
9459,3,6205,2068.3
9460,3,6206,2068.7
9461,3,6237,2079.0
9462,3,6222,2074.0
9463,3,6228,2076.0
9464,3,6218,2072.7
9465,3,6203,2067.7
9466,3,6215,2071.7
9467,3,6196,2065.3
9468,3,6203,2067.7
9469,3,6195,2065.0
9470,3,6191,2063.7
9471,3,6204,2068.0
9472,3,6173,2057.7
9473,3,6170,2056.7
9474,3,6201,2067.0
9475,3,6175,2058.3
9476,3,6182,2060.7
9477,3,6178,2059.3
9478,3,6197,2065.7
9479,3,6180,2060.0
9480,3,6180,2060.0
9481,3,6181,2060.3
9482,3,6166,2055.3
9483,3,6170,2056.7
9484,3,6127,2042.3
9485,3,6140,2046.7
9486,4,6170,1542.5
9487,4,6192,1548.0
9488,4,6201,1550.2
9489,3,6181,2060.3
9490,3,6190,2063.3
9491,3,6169,2056.3
9492,3,6179,2059.7
9493,3,6163,2054.3
9494,4,6173,1543.2
9495,4,6184,1546.0
9496,3,6148,2049.3
9497,3,6147,2049.0
9498,4,6194,1548.5
9499,4,6184,1546.0
9500,3,6153,2051.0
9501,3,6154,2051.3
9502,3,6140,2046.7
9503,4,6185,1546.2
9504,3,6140,2046.7
9505,3,6154,2051.3
9506,3,6150,2050.0
9507,3,6195,2065.0
9508,3,6197,2065.7
9509,3,6202,2067.3
9510,3,6206,2068.7
9511,3,6203,2067.7
9512,3,6184,2061.3
9513,3,6169,2056.3
9514,3,6196,2065.3
9515,3,6226,2075.3
9516,3,6210,2070.0
9517,3,6199,2066.3
9518,3,6225,2075.0
9519,3,6213,2071.0
9520,3,6217,2072.3
9521,3,6211,2070.3
9522,3,6225,2075.0
9523,3,6224,2074.7
9524,3,6211,2070.3
9525,3,6188,2062.7
9526,3,6209,2069.7
9527,3,6204,2068.0
9528,3,6208,2069.3
9529,3,6196,2065.3
9530,2,6169,3084.5
9531,2,6160,3080.0
9532,2,6188,3094.0
9533,2,6187,3093.5
9534,2,6148,3074.0
9535,2,6148,3074.0
9536,3,6217,2072.3
9537,3,6214,2071.3
9538,3,6191,2063.7
9539,3,6184,2061.3
9540,3,6214,2071.3
9541,2,6153,3076.5
9542,2,6168,3084.0
9543,2,6163,3081.5
9544,2,6157,3078.5
9545,2,6165,3082.5
9546,2,6145,3072.5
9547,2,6146,3073.0
9548,2,6136,3068.0
9549,2,6118,3059.0
9550,2,6159,3079.5
9551,2,6149,3074.5
9552,2,6150,3075.0
9553,2,6162,3081.0
9554,2,6176,3088.0
9555,2,6196,3098.0
9556,2,6184,3092.0
9557,2,6216,3108.0
9558,2,6221,3110.5
9559,2,6236,3118.0
9560,2,6231,3115.5
9561,2,6221,3110.5
9562,2,6208,3104.0
9563,2,6224,3112.0
9564,2,6222,3111.0
9565,2,6189,3094.5
9566,3,6220,2073.3
9567,3,6238,2079.3
9568,3,6249,2083.0
9569,3,6239,2079.7
9570,3,6245,2081.7
9571,3,6244,2081.3
9572,3,6250,2083.3
9573,3,6243,2081.0
9574,3,6248,2082.7
9575,3,6257,2085.7
9576,3,6246,2082.0
9577,3,6238,2079.3
9578,3,6239,2079.7
9579,3,6236,2078.7
9580,3,6248,2082.7
9581,3,6268,2089.3
9582,3,6257,2085.7
9583,3,6256,2085.3
9584,3,6253,2084.3
9585,3,6262,2087.3
9586,3,6257,2085.7
9587,3,6253,2084.3
9588,3,6259,2086.3
9589,3,6258,2086.0
9590,3,6248,2082.7
9591,3,6240,2080.0
9592,3,6244,2081.3
9593,3,6243,2081.0
9594,3,6242,2080.7
9595,3,6250,2083.3
9596,3,6245,2081.7
9597,3,6245,2081.7
9598,3,6254,2084.7
9599,3,6232,2077.3
9600,3,6223,2074.3
9601,3,6230,2076.7
9602,3,6229,2076.3
9603,3,6244,2081.3
9604,3,6222,2074.0
9605,3,6228,2076.0
9606,3,6234,2078.0
9607,3,6223,2074.3
9608,3,6207,2069.0
9609,3,6213,2071.0
9610,3,6213,2071.0
9611,3,6217,2072.3
9612,3,6162,2054.0
9613,3,6164,2054.7
9614,3,6203,2067.7
9615,3,6166,2055.3
9616,3,6160,2053.3
9617,3,6153,2051.0
9618,3,6156,2052.0
9619,3,6168,2056.0
9620,3,6162,2054.0
9621,3,6136,2045.3
9622,4,6175,1543.8
9623,4,6150,1537.5
9624,3,6122,2040.7
9625,3,6123,2041.0
9626,3,6146,2048.7
9627,3,6165,2055.0
9628,3,6169,2056.3
9629,3,6177,2059.0
9630,3,6143,2047.7
9631,3,6139,2046.3
9632,3,6157,2052.3
9633,3,6169,2056.3
9634,3,6137,2045.7
9635,3,6186,2062.0
9636,3,6164,2054.7
9637,3,6136,2045.3
9638,3,6143,2047.7
9639,4,6188,1547.0
9640,4,6185,1546.2
9641,4,6187,1546.8
9642,4,6199,1549.8
9643,4,6216,1554.0
9644,4,6223,1555.8
9645,4,6222,1555.5
9646,4,6238,1559.5
9647,3,6191,2063.7
9648,3,6199,2066.3
9649,4,6218,1554.5
9650,4,6186,1546.5
9651,3,6178,2059.3
9652,3,6130,2043.3
9653,4,6194,1548.5
9654,5,6245,1249.0
9655,5,6245,1249.0
9656,5,6245,1249.0
9657,5,6260,1252.0
9658,5,6263,1252.6
9659,5,6267,1253.4
9660,5,6264,1252.8
9661,5,6273,1254.6
9662,5,6285,1257.0
9663,5,6274,1254.8
9664,5,6286,1257.2
9665,5,6282,1256.4
9666,5,6254,1250.8
9667,5,6266,1253.2
9668,5,6250,1250.0
9669,5,6236,1247.2
9670,5,6240,1248.0
9671,5,6270,1254.0
9672,5,6267,1253.4
9673,5,6257,1251.4
9674,4,6176,1544.0
9675,4,6212,1553.0
9676,4,6232,1558.0
9677,4,6222,1555.5
9678,4,6226,1556.5
9679,5,6253,1250.6
9680,5,6250,1250.0
9681,4,6199,1549.8
9682,4,6221,1555.2
9683,4,6230,1557.5
9684,4,6234,1558.5
9685,4,6240,1560.0
9686,3,6191,2063.7
9687,4,6244,1561.0
9688,4,6230,1557.5
9689,4,6253,1563.2
9690,4,6249,1562.2
9691,3,6189,2063.0
9692,3,6196,2065.3
9693,3,6213,2071.0
9694,3,6185,2061.7
9695,3,6201,2067.0
9696,3,6197,2065.7
9697,4,6207,1551.8
9698,4,6263,1565.8
9699,4,6224,1556.0
9700,4,6216,1554.0
9701,3,6160,2053.3
9702,4,6193,1548.2
9703,3,6182,2060.7
9704,4,6227,1556.8
9705,4,6212,1553.0
9706,4,6193,1548.2
9707,4,6233,1558.2
9708,4,6229,1557.2
9709,3,6165,2055.0
9710,4,6182,1545.5
9711,4,6197,1549.2
9712,4,6195,1548.8
9713,4,6224,1556.0
9714,4,6210,1552.5
9715,3,6165,2055.0
9716,3,6213,2071.0
9717,3,6177,2059.0
9718,4,6221,1555.2
9719,4,6220,1555.0
9720,4,6221,1555.2
9721,4,6194,1548.5
9722,4,6194,1548.5
9723,4,6243,1560.8
9724,4,6242,1560.5
9725,4,6237,1559.2
9726,4,6240,1560.0
9727,4,6248,1562.0
9728,4,6239,1559.8
9729,4,6197,1549.2
9730,4,6218,1554.5
9731,5,6256,1251.2
9732,4,6215,1553.8
9733,4,6224,1556.0
9734,4,6224,1556.0
9735,4,6238,1559.5
9736,4,6235,1558.8
9737,4,6252,1563.0
9738,4,6250,1562.5
9739,4,6249,1562.2
9740,3,6176,2058.7
9741,4,6234,1558.5
9742,4,6271,1567.8
9743,3,6248,2082.7
9744,3,6227,2075.7
9745,3,6245,2081.7
9746,3,6259,2086.3
9747,3,6208,2069.3
9748,3,6188,2062.7
9749,3,6219,2073.0
9750,3,6209,2069.7
9751,3,6202,2067.3
9752,3,6232,2077.3
9753,3,6228,2076.0
9754,3,6246,2082.0
9755,2,6170,3085.0
9756,3,6229,2076.3
9757,3,6249,2083.0
9758,3,6194,2064.7
9759,4,6189,1547.2
9760,2,6130,3065.0
9761,2,6137,3068.5
9762,3,6224,2074.7
9763,3,6189,2063.0
9764,2,6141,3070.5
9765,2,6179,3089.5
9766,2,6204,3102.0
9767,2,6197,3098.5
9768,2,6175,3087.5
9769,2,6191,3095.5
9770,2,6176,3088.0
9771,2,6159,3079.5
9772,2,6193,3096.5
9773,2,6197,3098.5
9774,2,6222,3111.0
9775,2,6201,3100.5
9776,3,6253,2084.3
9777,3,6250,2083.3
9778,3,6253,2084.3
9779,3,6264,2088.0
9780,3,6234,2078.0
9781,3,6236,2078.7
9782,3,6250,2083.3
9783,3,6265,2088.3
9784,3,6271,2090.3
9785,3,6248,2082.7
9786,3,6251,2083.7
9787,3,6263,2087.7
9788,3,6248,2082.7
9789,3,6275,2091.7
9790,3,6294,2098.0
9791,3,6281,2093.7
9792,3,6273,2091.0
9793,3,6293,2097.7
9794,3,6268,2089.3
9795,3,6272,2090.7
9796,3,6286,2095.3
9797,3,6270,2090.0
9798,3,6266,2088.7
9799,3,6309,2103.0
9800,3,6291,2097.0
9801,3,6292,2097.3
9802,3,6297,2099.0
9803,3,6292,2097.3
9804,3,6301,2100.3
9805,3,6287,2095.7
9806,3,6295,2098.3
9807,3,6315,2105.0
9808,3,6307,2102.3
9809,3,6298,2099.3
9810,3,6279,2093.0
9811,3,6299,2099.7
9812,3,6284,2094.7
9813,3,6310,2103.3
9814,3,6294,2098.0
9815,3,6307,2102.3
9816,3,6290,2096.7
9817,3,6259,2086.3
9818,3,6275,2091.7
9819,3,6291,2097.0
9820,3,6271,2090.3
9821,3,6289,2096.3
9822,3,6279,2093.0
9823,3,6257,2085.7
9824,3,6269,2089.7
9825,3,6265,2088.3
9826,3,6274,2091.3
9827,3,6274,2091.3
9828,3,6268,2089.3
9829,3,6290,2096.7
9830,3,6287,2095.7
9831,3,6276,2092.0
9832,3,6262,2087.3
9833,3,6264,2088.0
9834,3,6285,2095.0
9835,3,6263,2087.7
9836,3,6282,2094.0
9837,3,6278,2092.7
9838,3,6294,2098.0
9839,3,6297,2099.0
9840,3,6295,2098.3
9841,3,6292,2097.3
9842,3,6294,2098.0
9843,3,6297,2099.0
9844,3,6305,2101.7
9845,3,6292,2097.3
9846,3,6296,2098.7
9847,3,6297,2099.0
9848,3,6305,2101.7
9849,3,6293,2097.7
9850,3,6300,2100.0
9851,3,6311,2103.7
9852,3,6288,2096.0
9853,3,6294,2098.0
9854,3,6288,2096.0
9855,3,6299,2099.7
9856,3,6288,2096.0
9857,3,6293,2097.7
9858,3,6288,2096.0
9859,3,6294,2098.0
9860,3,6299,2099.7
9861,3,6293,2097.7
9862,3,6300,2100.0
9863,3,6299,2099.7
9864,3,6294,2098.0
9865,3,6300,2100.0
9866,3,6299,2099.7
9867,3,6313,2104.3
9868,3,6317,2105.7
9869,3,6314,2104.7
9870,3,6318,2106.0
9871,3,6324,2108.0
9872,3,6302,2100.7
9873,3,6294,2098.0
9874,3,6298,2099.3
9875,3,6311,2103.7
9876,3,6320,2106.7
9877,3,6329,2109.7
9878,3,6324,2108.0
9879,3,6336,2112.0
9880,3,6320,2106.7
9881,3,6312,2104.0
9882,3,6308,2102.7
9883,3,6304,2101.3
9884,3,6293,2097.7
9885,3,6288,2096.0
9886,3,6288,2096.0
9887,3,6290,2096.7
9888,3,6294,2098.0
9889,3,6311,2103.7
9890,3,6284,2094.7
9891,3,6273,2091.0
9892,3,6272,2090.7
9893,3,6290,2096.7
9894,3,6276,2092.0
9895,3,6274,2091.3
9896,3,6268,2089.3
9897,3,6257,2085.7
9898,3,6258,2086.0
9899,3,6255,2085.0
9900,3,6258,2086.0
9901,3,6258,2086.0
9902,3,6242,2080.7
9903,3,6278,2092.7
9904,3,6239,2079.7
9905,3,6260,2086.7
9906,3,6270,2090.0
9907,3,6268,2089.3
9908,3,6248,2082.7
9909,3,6256,2085.3
9910,3,6264,2088.0
9911,3,6261,2087.0
9912,3,6240,2080.0
9913,3,6203,2067.7
9914,3,6222,2074.0
9915,3,6222,2074.0
9916,3,6214,2071.3
9917,3,6215,2071.7
9918,3,6213,2071.0
9919,3,6215,2071.7
9920,3,6214,2071.3
9921,3,6222,2074.0
9922,3,6225,2075.0
9923,3,6210,2070.0
9924,3,6201,2067.0
9925,3,6232,2077.3
9926,3,6186,2062.0
9927,3,6216,2072.0
9928,3,6233,2077.7
9929,3,6227,2075.7
9930,3,6211,2070.3
9931,3,6204,2068.0
9932,3,6235,2078.3
9933,3,6229,2076.3
9934,3,6234,2078.0
9935,3,6222,2074.0
9936,3,6203,2067.7
9937,3,6205,2068.3
9938,3,6227,2075.7
9939,3,6209,2069.7
9940,3,6228,2076.0
9941,3,6215,2071.7
9942,3,6209,2069.7
9943,3,6209,2069.7
9944,3,6197,2065.7
9945,3,6199,2066.3
9946,3,6211,2070.3
9947,3,6196,2065.3
9948,3,6210,2070.0
9949,3,6204,2068.0
9950,3,6201,2067.0
9951,3,6216,2072.0
9952,3,6191,2063.7
9953,3,6198,2066.0
9954,3,6210,2070.0
9955,3,6202,2067.3
9956,3,6228,2076.0
9957,3,6216,2072.0
9958,3,6199,2066.3
9959,3,6198,2066.0
9960,3,6204,2068.0
9961,3,6198,2066.0
9962,3,6198,2066.0
9963,3,6198,2066.0
9964,3,6214,2071.3
9965,3,6219,2073.0
9966,3,6216,2072.0
9967,3,6210,2070.0
9968,3,6204,2068.0
9969,3,6192,2064.0
9970,3,6208,2069.3
9971,3,6192,2064.0
9972,3,6186,2062.0
9973,3,6198,2066.0
9974,3,6186,2062.0
9975,3,6215,2071.7
9976,3,6204,2068.0
9977,3,6221,2073.7
9978,3,6227,2075.7
9979,3,6232,2077.3
9980,3,6234,2078.0
9981,3,6216,2072.0
9982,3,6221,2073.7
9983,3,6204,2068.0
9984,3,6214,2071.3
9985,3,6202,2067.3
9986,3,6210,2070.0
9987,3,6222,2074.0
9988,3,6228,2076.0
9989,3,6237,2079.0
9990,3,6228,2076.0
9991,3,6221,2073.7
9992,3,6228,2076.0
9993,3,6231,2077.0
9994,3,6230,2076.7
9995,3,6252,2084.0
9996,3,6240,2080.0
9997,3,6228,2076.0
9998,3,6232,2077.3
9999,3,6223,2074.3
10000,3,6227,2075.7
10001,3,6221,2073.7
10002,3,6225,2075.0
10003,3,6222,2074.0
10004,3,6258,2086.0
10005,3,6228,2076.0
10006,3,6220,2073.3
10007,3,6228,2076.0
10008,3,6229,2076.3
10009,3,6219,2073.0
10010,3,6225,2075.0
10011,3,6228,2076.0
10012,3,6216,2072.0
10013,3,6223,2074.3
10014,3,6228,2076.0
10015,3,6234,2078.0
10016,3,6232,2077.3
10017,3,6228,2076.0
10018,3,6246,2082.0
10019,3,6246,2082.0
10020,3,6235,2078.3
10021,3,6234,2078.0
10022,3,6237,2079.0
10023,3,6227,2075.7
10024,3,6234,2078.0
10025,3,6237,2079.0
10026,3,6237,2079.0
10027,3,6233,2077.7
10028,3,6240,2080.0
10029,3,6228,2076.0
10030,3,6216,2072.0
10031,3,6210,2070.0
10032,3,6210,2070.0
10033,3,6240,2080.0
10034,3,6215,2071.7
10035,3,6215,2071.7
10036,3,6222,2074.0
10037,3,6201,2067.0
10038,3,6196,2065.3
10039,3,6172,2057.3
10040,3,6222,2074.0
10041,3,6226,2075.3
10042,3,6222,2074.0
10043,3,6228,2076.0
10044,3,6226,2075.3
10045,3,6221,2073.7
10046,3,6222,2074.0
10047,3,6233,2077.7
10048,3,6228,2076.0
10049,3,6234,2078.0
10050,3,6228,2076.0
10051,3,6232,2077.3
10052,3,6208,2069.3
10053,3,6215,2071.7
10054,3,6222,2074.0
10055,3,6228,2076.0
10056,3,6228,2076.0
10057,3,6208,2069.3
10058,3,6210,2070.0
10059,3,6198,2066.0
10060,3,6186,2062.0
10061,3,6209,2069.7
10062,3,6204,2068.0
10063,3,6192,2064.0
10064,3,6198,2066.0
10065,3,6186,2062.0
10066,3,6192,2064.0
10067,3,6202,2067.3
10068,3,6178,2059.3
10069,3,6180,2060.0
10070,3,6174,2058.0
10071,3,6186,2062.0
10072,3,6180,2060.0
10073,3,6180,2060.0
10074,3,6185,2061.7
10075,3,6198,2066.0
10076,3,6198,2066.0
10077,3,6202,2067.3
10078,3,6222,2074.0
10079,3,6191,2063.7
10080,3,6192,2064.0
10081,3,6198,2066.0
10082,3,6205,2068.3
10083,3,6192,2064.0
10084,3,6192,2064.0
10085,3,6180,2060.0
10086,3,6192,2064.0
10087,3,6191,2063.7
10088,3,6198,2066.0
10089,3,6198,2066.0
10090,3,6198,2066.0
10091,3,6198,2066.0
10092,3,6204,2068.0
10093,3,6198,2066.0
10094,3,6216,2072.0
10095,3,6192,2064.0
10096,3,6198,2066.0
10097,3,6186,2062.0
10098,3,6184,2061.3
10099,3,6185,2061.7
10100,3,6174,2058.0
10101,3,6192,2064.0
10102,3,6186,2062.0
10103,3,6198,2066.0
10104,3,6185,2061.7
10105,3,6191,2063.7
10106,3,6168,2056.0
10107,3,6186,2062.0
10108,3,6186,2062.0
10109,3,6179,2059.7
10110,3,6186,2062.0
10111,3,6186,2062.0
10112,3,6185,2061.7
10113,3,6192,2064.0
10114,3,6210,2070.0
10115,3,6216,2072.0
10116,3,6210,2070.0
10117,3,6215,2071.7
10118,3,6232,2077.3
10119,3,6244,2081.3
10120,3,6252,2084.0
10121,3,6252,2084.0
10122,3,6258,2086.0
10123,3,6269,2089.7
10124,3,6275,2091.7
10125,3,6270,2090.0
10126,3,6270,2090.0
10127,3,6279,2093.0
10128,3,6281,2093.7
10129,3,6270,2090.0
10130,3,6252,2084.0
10131,3,6267,2089.0
10132,3,6262,2087.3
10133,3,6261,2087.0
10134,3,6258,2086.0
10135,3,6258,2086.0
10136,3,6263,2087.7
10137,3,6260,2086.7
10138,3,6268,2089.3
10139,3,6258,2086.0
10140,3,6279,2093.0
10141,3,6234,2078.0
10142,3,6264,2088.0
10143,3,6276,2092.0
10144,3,6270,2090.0
10145,3,6252,2084.0
10146,3,6250,2083.3
10147,3,6264,2088.0
10148,3,6252,2084.0
10149,3,6257,2085.7
10150,3,6258,2086.0
10151,3,6246,2082.0
10152,3,6246,2082.0
10153,3,6245,2081.7
10154,3,6270,2090.0
10155,3,6276,2092.0
10156,3,6282,2094.0
10157,3,6282,2094.0
10158,3,6274,2091.3
10159,3,6270,2090.0
10160,3,6264,2088.0
10161,3,6266,2088.7
10162,3,6267,2089.0
10163,3,6252,2084.0
10164,3,6258,2086.0
10165,3,6276,2092.0
10166,3,6270,2090.0
10167,3,6257,2085.7
10168,3,6256,2085.3
10169,3,6246,2082.0
10170,3,6265,2088.3
10171,3,6255,2085.0
10172,3,6240,2080.0
10173,3,6258,2086.0
10174,3,6270,2090.0
10175,3,6273,2091.0
10176,3,6276,2092.0
10177,3,6291,2097.0
10178,3,6284,2094.7
10179,3,6285,2095.0
10180,3,6300,2100.0
10181,3,6274,2091.3
10182,3,6282,2094.0
10183,3,6277,2092.3
10184,3,6291,2097.0
10185,3,6274,2091.3
10186,3,6286,2095.3
10187,3,6290,2096.7
10188,3,6263,2087.7
10189,3,6291,2097.0
10190,3,6300,2100.0
10191,3,6282,2094.0
10192,3,6288,2096.0
10193,3,6282,2094.0
10194,3,6281,2093.7
10195,3,6276,2092.0
10196,3,6264,2088.0
10197,3,6256,2085.3
10198,3,6245,2081.7
10199,3,6248,2082.7
10200,3,6278,2092.7
10201,3,6248,2082.7
10202,3,6235,2078.3
10203,3,6251,2083.7
10204,3,6252,2084.0
10205,3,6260,2086.7
10206,3,6261,2087.0
10207,3,6272,2090.7
10208,3,6267,2089.0
10209,3,6278,2092.7
10210,3,6270,2090.0
10211,3,6264,2088.0
10212,3,6266,2088.7
10213,3,6263,2087.7
10214,3,6276,2092.0
10215,3,6258,2086.0
10216,3,6256,2085.3
10217,3,6262,2087.3
10218,3,6262,2087.3
10219,3,6270,2090.0
10220,3,6263,2087.7
10221,3,6256,2085.3
10222,3,6264,2088.0
10223,3,6248,2082.7
10224,3,6270,2090.0
10225,3,6270,2090.0
10226,3,6275,2091.7
10227,3,6270,2090.0
10228,3,6269,2089.7
10229,3,6272,2090.7
10230,3,6283,2094.3
10231,3,6300,2100.0
10232,3,6297,2099.0
10233,3,6286,2095.3
10234,3,6294,2098.0
10235,3,6294,2098.0
10236,3,6294,2098.0
10237,3,6288,2096.0
10238,3,6293,2097.7
10239,3,6287,2095.7
10240,3,6312,2104.0
10241,3,6276,2092.0
10242,3,6293,2097.7
10243,3,6294,2098.0
10244,3,6300,2100.0
10245,3,6300,2100.0
10246,3,6304,2101.3
10247,3,6324,2108.0
10248,3,6300,2100.0
10249,3,6282,2094.0
10250,3,6287,2095.7
10251,3,6279,2093.0
10252,3,6258,2086.0
10253,3,6276,2092.0
10254,3,6256,2085.3
10255,3,6272,2090.7
10256,3,6275,2091.7
10257,3,6270,2090.0
10258,3,6276,2092.0
10259,3,6282,2094.0
10260,3,6268,2089.3
10261,3,6284,2094.7
10262,3,6291,2097.0
10263,3,6277,2092.3
10264,3,6270,2090.0
10265,3,6255,2085.0
10266,3,6251,2083.7
10267,3,6266,2088.7
10268,3,6279,2093.0
10269,3,6306,2102.0
10270,3,6304,2101.3
10271,3,6303,2101.0
10272,3,6302,2100.7
10273,3,6294,2098.0
10274,3,6292,2097.3
10275,3,6291,2097.0
10276,3,6267,2089.0
10277,3,6269,2089.7
10278,3,6288,2096.0
10279,3,6297,2099.0
10280,3,6299,2099.7
10281,3,6273,2091.0
10282,3,6270,2090.0
10283,3,6286,2095.3
10284,3,6274,2091.3
10285,3,6282,2094.0
10286,3,6281,2093.7
10287,3,6281,2093.7
10288,3,6264,2088.0
10289,3,6270,2090.0
10290,3,6282,2094.0
10291,3,6277,2092.3
10292,3,6274,2091.3
10293,3,6262,2087.3
10294,3,6288,2096.0
10295,3,6293,2097.7
10296,3,6299,2099.7
10297,3,6299,2099.7
10298,3,6300,2100.0
10299,3,6294,2098.0
10300,3,6306,2102.0
10301,3,6312,2104.0
10302,3,6305,2101.7
10303,3,6312,2104.0
10304,3,6305,2101.7
10305,3,6300,2100.0
10306,3,6305,2101.7
10307,3,6293,2097.7
10308,3,6288,2096.0
10309,3,6312,2104.0
10310,3,6312,2104.0
10311,3,6293,2097.7
10312,3,6300,2100.0
10313,3,6286,2095.3
10314,3,6268,2089.3
10315,3,6278,2092.7
10316,3,6276,2092.0
10317,3,6279,2093.0
10318,3,6311,2103.7
10319,3,6293,2097.7
10320,3,6276,2092.0
10321,3,6299,2099.7
10322,3,6270,2090.0
10323,3,6282,2094.0
10324,3,6264,2088.0
10325,3,6274,2091.3
10326,3,6268,2089.3
10327,3,6276,2092.0
10328,3,6268,2089.3
10329,3,6263,2087.7
10330,3,6273,2091.0
10331,3,6245,2081.7
10332,3,6258,2086.0
10333,3,6277,2092.3
10334,3,6288,2096.0
10335,3,6269,2089.7
10336,3,6239,2079.7
10337,3,6263,2087.7
10338,3,6274,2091.3
10339,3,6255,2085.0
10340,3,6262,2087.3
10341,3,6252,2084.0
10342,3,6261,2087.0
10343,3,6290,2096.7
10344,3,6270,2090.0
10345,3,6298,2099.3
10346,3,6294,2098.0
10347,3,6276,2092.0
10348,3,6281,2093.7
10349,3,6300,2100.0
10350,3,6270,2090.0
10351,3,6257,2085.7
10352,3,6270,2090.0
10353,3,6276,2092.0
10354,3,6267,2089.0
10355,3,6270,2090.0
10356,3,6263,2087.7
10357,3,6252,2084.0
10358,3,6264,2088.0
10359,3,6258,2086.0
10360,3,6252,2084.0
10361,3,6250,2083.3
10362,3,6251,2083.7
10363,3,6252,2084.0
10364,3,6249,2083.0
10365,3,6248,2082.7
10366,3,6255,2085.0
10367,3,6264,2088.0
10368,3,6246,2082.0
10369,3,6251,2083.7
10370,3,6243,2081.0
10371,3,6240,2080.0
10372,3,6259,2086.3
10373,3,6256,2085.3
10374,3,6246,2082.0
10375,3,6248,2082.7
10376,3,6243,2081.0
10377,3,6258,2086.0
10378,3,6262,2087.3
10379,3,6240,2080.0
10380,3,6237,2079.0
10381,3,6249,2083.0
10382,3,6265,2088.3
10383,3,6265,2088.3
10384,3,6264,2088.0
10385,3,6251,2083.7
10386,3,6253,2084.3
10387,3,6242,2080.7
10388,3,6270,2090.0
10389,3,6258,2086.0
10390,3,6276,2092.0
10391,3,6262,2087.3
10392,3,6248,2082.7
10393,3,6268,2089.3
10394,3,6258,2086.0
10395,3,6271,2090.3
10396,3,6270,2090.0
10397,3,6260,2086.7
10398,3,6276,2092.0
10399,3,6284,2094.7
10400,3,6264,2088.0
10401,3,6276,2092.0
10402,3,6285,2095.0
10403,3,6280,2093.3
10404,3,6267,2089.0
10405,3,6276,2092.0
10406,3,6282,2094.0
10407,3,6253,2084.3
10408,3,6276,2092.0
10409,3,6248,2082.7
10410,3,6238,2079.3
10411,3,6265,2088.3
10412,3,6276,2092.0
10413,3,6266,2088.7
10414,3,6224,2074.7
10415,3,6279,2093.0
10416,3,6274,2091.3
10417,3,6288,2096.0
10418,3,6292,2097.3
10419,3,6253,2084.3
10420,3,6289,2096.3
10421,3,6283,2094.3
10422,3,6291,2097.0
10423,3,6272,2090.7
10424,3,6272,2090.7
10425,3,6260,2086.7
10426,3,6272,2090.7
10427,3,6263,2087.7
10428,3,6258,2086.0
10429,3,6284,2094.7
10430,3,6268,2089.3
10431,3,6243,2081.0
10432,3,6244,2081.3
10433,3,6243,2081.0
10434,3,6226,2075.3
10435,3,6220,2073.3
10436,3,6187,2062.3
10437,3,6233,2077.7
10438,3,6234,2078.0
10439,3,6244,2081.3
10440,3,6241,2080.3
10441,3,6239,2079.7
10442,3,6258,2086.0
10443,3,6244,2081.3
10444,3,6255,2085.0
10445,3,6275,2091.7
10446,3,6263,2087.7
10447,3,6249,2083.0
10448,3,6241,2080.3
10449,3,6221,2073.7
10450,3,6235,2078.3
10451,3,6247,2082.3
10452,3,6239,2079.7
10453,3,6250,2083.3
10454,3,6264,2088.0
10455,3,6266,2088.7
10456,3,6238,2079.3
10457,3,6263,2087.7
10458,3,6248,2082.7
10459,3,6238,2079.3
10460,3,6237,2079.0
10461,3,6251,2083.7
10462,3,6254,2084.7
10463,3,6270,2090.0
10464,3,6265,2088.3
10465,3,6252,2084.0
10466,3,6246,2082.0
10467,3,6255,2085.0
10468,3,6258,2086.0
10469,3,6255,2085.0
10470,3,6237,2079.0
10471,3,6235,2078.3
10472,3,6247,2082.3
10473,3,6242,2080.7
10474,3,6251,2083.7
10475,3,6239,2079.7
10476,3,6250,2083.3
10477,3,6261,2087.0
10478,3,6276,2092.0
10479,3,6275,2091.7
10480,3,6279,2093.0
10481,3,6284,2094.7
10482,3,6288,2096.0
10483,3,6285,2095.0
10484,3,6287,2095.7
10485,3,6288,2096.0
10486,3,6282,2094.0
10487,3,6269,2089.7
10488,3,6267,2089.0
10489,3,6276,2092.0
10490,3,6279,2093.0
10491,3,6281,2093.7
10492,3,6266,2088.7
10493,3,6267,2089.0
10494,3,6268,2089.3
10495,3,6267,2089.0
10496,3,6241,2080.3
10497,3,6251,2083.7
10498,3,6240,2080.0
10499,3,6228,2076.0
10500,3,6227,2075.7
10501,3,6249,2083.0
10502,3,6241,2080.3
10503,3,6259,2086.3
10504,3,6258,2086.0
10505,3,6252,2084.0
10506,3,6259,2086.3
10507,3,6270,2090.0
10508,3,6264,2088.0
10509,3,6251,2083.7
10510,3,6258,2086.0
10511,3,6235,2078.3
10512,3,6238,2079.3
10513,3,6250,2083.3
10514,3,6236,2078.7
10515,3,6241,2080.3
10516,3,6231,2077.0
10517,3,6243,2081.0
10518,3,6253,2084.3
10519,3,6234,2078.0
10520,3,6235,2078.3
10521,3,6257,2085.7
10522,3,6229,2076.3
10523,3,6217,2072.3
10524,3,6223,2074.3
10525,3,6227,2075.7
10526,3,6222,2074.0
10527,3,6219,2073.0
10528,3,6226,2075.3
10529,3,6236,2078.7
10530,3,6240,2080.0
10531,3,6222,2074.0
10532,3,6225,2075.0
10533,3,6234,2078.0
10534,3,6228,2076.0
10535,3,6238,2079.3
10536,3,6229,2076.3
10537,3,6228,2076.0
10538,3,6238,2079.3
10539,3,6216,2072.0
10540,3,6239,2079.7
10541,3,6231,2077.0
10542,3,6240,2080.0
10543,3,6246,2082.0
10544,3,6246,2082.0
10545,3,6241,2080.3
10546,3,6252,2084.0
10547,3,6250,2083.3
10548,3,6246,2082.0
10549,3,6238,2079.3
10550,3,6253,2084.3
10551,3,6254,2084.7
10552,3,6252,2084.0
10553,3,6252,2084.0
10554,3,6240,2080.0
10555,3,6264,2088.0
10556,3,6244,2081.3
10557,3,6228,2076.0
10558,3,6263,2087.7
10559,3,6258,2086.0
10560,3,6252,2084.0
10561,3,6252,2084.0
10562,3,6258,2086.0
10563,3,6262,2087.3
10564,3,6244,2081.3
10565,3,6237,2079.0
10566,3,6251,2083.7
10567,3,6262,2087.3
10568,3,6265,2088.3
10569,3,6270,2090.0
10570,3,6252,2084.0
10571,3,6252,2084.0
10572,3,6234,2078.0
10573,3,6245,2081.7
10574,3,6258,2086.0
10575,3,6258,2086.0
10576,3,6255,2085.0
10577,3,6251,2083.7
10578,3,6252,2084.0
10579,3,6256,2085.3
10580,3,6249,2083.0
10581,3,6268,2089.3
10582,3,6264,2088.0
10583,3,6255,2085.0
10584,3,6262,2087.3
10585,3,6257,2085.7
10586,3,6257,2085.7
10587,3,6250,2083.3
10588,3,6252,2084.0
10589,3,6276,2092.0
10590,3,6246,2082.0
10591,3,6238,2079.3
10592,3,6254,2084.7
10593,3,6267,2089.0
10594,3,6258,2086.0
10595,3,6266,2088.7
10596,3,6269,2089.7
10597,3,6266,2088.7
10598,3,6265,2088.3
10599,3,6251,2083.7
10600,3,6270,2090.0
10601,3,6283,2094.3
10602,3,6264,2088.0
10603,3,6254,2084.7
10604,3,6269,2089.7
10605,3,6268,2089.3
10606,3,6270,2090.0
10607,3,6258,2086.0
10608,3,6263,2087.7
10609,3,6250,2083.3
10610,3,6245,2081.7
10611,3,6246,2082.0
10612,3,6258,2086.0
10613,3,6244,2081.3
10614,3,6239,2079.7
10615,3,6240,2080.0
10616,3,6245,2081.7
10617,3,6225,2075.0
10618,3,6242,2080.7
10619,3,6233,2077.7
10620,3,6225,2075.0
10621,3,6232,2077.3
10622,3,6231,2077.0
10623,3,6240,2080.0
10624,3,6244,2081.3
10625,3,6244,2081.3
10626,3,6252,2084.0
10627,3,6230,2076.7
10628,3,6218,2072.7
10629,3,6218,2072.7
10630,3,6243,2081.0
10631,3,6237,2079.0
10632,3,6231,2077.0
10633,3,6234,2078.0
10634,3,6233,2077.7
10635,3,6227,2075.7
10636,3,6240,2080.0
10637,3,6235,2078.3
10638,3,6238,2079.3
10639,3,6243,2081.0
10640,3,6252,2084.0
10641,3,6252,2084.0
10642,3,6222,2074.0
10643,3,6234,2078.0
10644,3,6240,2080.0
10645,3,6228,2076.0
10646,3,6246,2082.0
10647,3,6254,2084.7
10648,3,6252,2084.0
10649,3,6252,2084.0
10650,3,6233,2077.7
10651,3,6224,2074.7
10652,3,6235,2078.3
10653,3,6247,2082.3
10654,3,6252,2084.0
10655,3,6252,2084.0
10656,3,6250,2083.3
10657,3,6257,2085.7
10658,3,6242,2080.7
10659,3,6235,2078.3
10660,3,6241,2080.3
10661,3,6234,2078.0
10662,3,6242,2080.7
10663,3,6242,2080.7
10664,3,6241,2080.3
10665,3,6248,2082.7
10666,3,6246,2082.0
10667,3,6247,2082.3
10668,3,6264,2088.0
10669,3,6267,2089.0
10670,3,6271,2090.3
10671,3,6263,2087.7
10672,3,6274,2091.3
10673,3,6276,2092.0
10674,3,6267,2089.0
10675,3,6268,2089.3
10676,3,6272,2090.7
10677,3,6285,2095.0
10678,3,6263,2087.7
10679,3,6268,2089.3
10680,3,6247,2082.3
10681,3,6244,2081.3
10682,3,6230,2076.7
10683,3,6241,2080.3
10684,3,6227,2075.7
10685,3,6229,2076.3
10686,3,6245,2081.7
10687,3,6231,2077.0
10688,3,6222,2074.0
10689,3,6224,2074.7
10690,3,6213,2071.0
10691,3,6236,2078.7
10692,3,6236,2078.7
10693,3,6252,2084.0
10694,2,6186,3093.0
10695,3,6249,2083.0
10696,2,6210,3105.0
10697,3,6243,2081.0
10698,3,6251,2083.7
10699,3,6252,2084.0
10700,3,6236,2078.7
10701,3,6253,2084.3
10702,3,6266,2088.7
10703,3,6264,2088.0
10704,3,6269,2089.7
10705,3,6252,2084.0
10706,3,6275,2091.7
10707,3,6270,2090.0
10708,3,6287,2095.7
10709,3,6275,2091.7
10710,2,6232,3116.0
10711,2,6255,3127.5
10712,3,6267,2089.0
10713,3,6282,2094.0
10714,3,6260,2086.7
10715,3,6268,2089.3
10716,3,6265,2088.3
10717,3,6256,2085.3
10718,3,6259,2086.3
10719,3,6255,2085.0
10720,3,6264,2088.0
10721,3,6256,2085.3
10722,3,6252,2084.0
10723,3,6238,2079.3
10724,3,6252,2084.0
10725,3,6254,2084.7
10726,3,6261,2087.0
10727,3,6256,2085.3
10728,3,6263,2087.7
10729,3,6254,2084.7
10730,3,6256,2085.3
10731,3,6260,2086.7
10732,3,6271,2090.3
10733,3,6271,2090.3
10734,3,6252,2084.0
10735,3,6257,2085.7
10736,3,6255,2085.0
10737,3,6258,2086.0
10738,3,6273,2091.0
10739,3,6281,2093.7
10740,3,6272,2090.7
10741,3,6287,2095.7
10742,3,6275,2091.7
10743,3,6275,2091.7
10744,3,6245,2081.7
10745,3,6251,2083.7
10746,3,6239,2079.7
10747,3,6246,2082.0
10748,3,6238,2079.3
10749,3,6222,2074.0
10750,3,6227,2075.7
10751,3,6240,2080.0
10752,3,6240,2080.0
10753,3,6234,2078.0
10754,3,6223,2074.3
10755,3,6236,2078.7
10756,3,6240,2080.0
10757,3,6241,2080.3
10758,3,6238,2079.3
10759,3,6229,2076.3
10760,3,6226,2075.3
10761,3,6221,2073.7
10762,3,6222,2074.0
10763,3,6232,2077.3
10764,3,6225,2075.0
10765,3,6226,2075.3
10766,3,6238,2079.3
10767,3,6248,2082.7
10768,3,6251,2083.7
10769,3,6256,2085.3
10770,3,6265,2088.3
10771,3,6256,2085.3
10772,3,6257,2085.7
10773,3,6270,2090.0
10774,3,6276,2092.0
10775,3,6273,2091.0
10776,3,6277,2092.3
10777,3,6273,2091.0
10778,3,6259,2086.3
10779,3,6264,2088.0
10780,3,6231,2077.0
10781,3,6243,2081.0
10782,3,6246,2082.0
10783,3,6224,2074.7
10784,3,6209,2069.7
10785,3,6228,2076.0
10786,3,6244,2081.3
10787,3,6251,2083.7
10788,3,6243,2081.0
10789,3,6235,2078.3
10790,3,6232,2077.3
10791,3,6242,2080.7
10792,3,6244,2081.3
10793,3,6226,2075.3
10794,3,6242,2080.7
10795,3,6252,2084.0
10796,3,6239,2079.7
10797,3,6243,2081.0
10798,3,6255,2085.0
10799,3,6243,2081.0
10800,3,6269,2089.7
10801,3,6264,2088.0
10802,3,6249,2083.0
10803,3,6264,2088.0
10804,3,6256,2085.3
10805,3,6276,2092.0
10806,3,6253,2084.3
10807,3,6239,2079.7
10808,3,6264,2088.0
10809,3,6255,2085.0
10810,2,6194,3097.0
10811,2,6203,3101.5
10812,2,6192,3096.0
10813,3,6236,2078.7
10814,2,6206,3103.0
10815,2,6202,3101.0
10816,2,6213,3106.5
10817,2,6211,3105.5
10818,2,6199,3099.5
10819,3,6233,2077.7
10820,3,6232,2077.3
10821,2,6196,3098.0
10822,2,6198,3099.0
10823,2,6194,3097.0
10824,2,6212,3106.0
10825,2,6218,3109.0
10826,3,6260,2086.7
10827,3,6225,2075.0
10828,3,6223,2074.3
10829,3,6214,2071.3
10830,3,6227,2075.7
10831,3,6217,2072.3
10832,3,6247,2082.3
10833,3,6271,2090.3
10834,3,6257,2085.7
10835,3,6262,2087.3
10836,3,6253,2084.3
10837,3,6216,2072.0
10838,4,6238,1559.5
10839,3,6228,2076.0
10840,3,6205,2068.3
10841,3,6234,2078.0
10842,3,6242,2080.7
10843,3,6221,2073.7
10844,3,6232,2077.3
10845,3,6251,2083.7
10846,3,6225,2075.0
10847,3,6197,2065.7
10848,3,6212,2070.7
10849,2,6171,3085.5
10850,3,6208,2069.3
10851,2,6154,3077.0
10852,3,6204,2068.0
10853,2,6177,3088.5
10854,2,6195,3097.5
10855,2,6207,3103.5
10856,2,6202,3101.0
10857,2,6142,3071.0
10858,2,6138,3069.0
10859,3,6173,2057.7
10860,3,6191,2063.7
10861,3,6249,2083.0
10862,3,6226,2075.3
10863,3,6211,2070.3
10864,3,6224,2074.7
10865,3,6205,2068.3
10866,4,6234,1558.5
10867,4,6248,1562.0
10868,4,6256,1564.0
10869,4,6261,1565.2
10870,4,6241,1560.2
10871,4,6238,1559.5
10872,4,6246,1561.5
10873,4,6250,1562.5
10874,4,6236,1559.0
10875,4,6243,1560.8
10876,4,6249,1562.2
10877,4,6246,1561.5
10878,4,6255,1563.8
10879,3,6221,2073.7
10880,3,6216,2072.0
10881,3,6232,2077.3
10882,3,6224,2074.7
10883,4,6255,1563.8
10884,2,6175,3087.5
10885,3,6247,2082.3
10886,2,6181,3090.5
10887,3,6220,2073.3
10888,3,6235,2078.3
10889,3,6246,2082.0
10890,3,6247,2082.3
10891,3,6259,2086.3
10892,3,6274,2091.3
10893,3,6278,2092.7
10894,3,6280,2093.3
10895,3,6274,2091.3
10896,3,6281,2093.7
10897,3,6280,2093.3
10898,3,6268,2089.3
10899,3,6252,2084.0
10900,3,6264,2088.0
10901,3,6282,2094.0
10902,3,6282,2094.0
10903,3,6263,2087.7
10904,3,6263,2087.7
10905,3,6263,2087.7
10906,3,6274,2091.3
10907,3,6270,2090.0
10908,3,6264,2088.0
10909,3,6251,2083.7
10910,3,6273,2091.0
10911,3,6270,2090.0
10912,3,6252,2084.0
10913,3,6256,2085.3
10914,3,6257,2085.7
10915,3,6242,2080.7
10916,3,6237,2079.0
10917,3,6244,2081.3
10918,3,6224,2074.7
10919,3,6218,2072.7
10920,3,6225,2075.0
10921,3,6207,2069.0
10922,3,6207,2069.0
10923,3,6208,2069.3
10924,3,6196,2065.3
10925,3,6180,2060.0
10926,3,6203,2067.7
10927,3,6173,2057.7
10928,3,6197,2065.7
10929,3,6200,2066.7
10930,3,6177,2059.0
10931,3,6173,2057.7
10932,3,6197,2065.7
10933,3,6216,2072.0
10934,3,6213,2071.0
10935,3,6196,2065.3
10936,3,6178,2059.3
10937,3,6184,2061.3
10938,3,6184,2061.3
10939,3,6207,2069.0
10940,3,6204,2068.0
10941,3,6198,2066.0
10942,3,6161,2053.7
10943,3,6158,2052.7
10944,3,6173,2057.7
10945,3,6185,2061.7
10946,3,6188,2062.7
10947,3,6164,2054.7
10948,3,6167,2055.7
10949,3,6196,2065.3
10950,3,6195,2065.0
10951,3,6200,2066.7
10952,3,6203,2067.7
10953,3,6212,2070.7
10954,3,6222,2074.0
10955,3,6208,2069.3
10956,3,6191,2063.7
10957,3,6166,2055.3
10958,3,6182,2060.7
10959,3,6190,2063.3
10960,3,6174,2058.0
10961,3,6163,2054.3
10962,3,6172,2057.3
10963,3,6179,2059.7
10964,3,6204,2068.0
10965,3,6217,2072.3
10966,3,6198,2066.0
10967,3,6194,2064.7
10968,3,6196,2065.3
10969,3,6163,2054.3
10970,3,6166,2055.3
10971,3,6181,2060.3
10972,3,6176,2058.7
10973,3,6169,2056.3
10974,3,6194,2064.7
10975,3,6195,2065.0
10976,3,6188,2062.7
10977,3,6205,2068.3
10978,3,6193,2064.3
10979,3,6194,2064.7
10980,3,6186,2062.0
10981,3,6197,2065.7
10982,3,6189,2063.0
10983,3,6196,2065.3
10984,3,6216,2072.0
10985,3,6198,2066.0
10986,3,6189,2063.0
10987,3,6179,2059.7
10988,3,6166,2055.3
10989,3,6164,2054.7
10990,3,6123,2041.0
10991,4,6175,1543.8
10992,3,6160,2053.3
10993,3,6159,2053.0
10994,3,6174,2058.0
10995,3,6174,2058.0
10996,3,6157,2052.3
10997,3,6181,2060.3
10998,3,6175,2058.3
10999,4,6215,1553.8
11000,4,6235,1558.8
11001,4,6235,1558.8
11002,4,6234,1558.5
11003,4,6240,1560.0
11004,4,6250,1562.5
11005,3,6202,2067.3
11006,3,6201,2067.0
11007,3,6221,2073.7
11008,3,6226,2075.3
11009,2,6197,3098.5
11010,2,6215,3107.5
11011,3,6251,2083.7
11012,3,6252,2084.0
11013,3,6249,2083.0
11014,3,6240,2080.0
11015,3,6257,2085.7
11016,3,6250,2083.3
11017,3,6257,2085.7
11018,3,6242,2080.7
11019,3,6235,2078.3
11020,3,6241,2080.3
11021,2,6202,3101.0
11022,2,6205,3102.5
11023,2,6204,3102.0
11024,3,6214,2071.3
11025,3,6238,2079.3
11026,3,6229,2076.3
11027,3,6212,2070.7
11028,3,6207,2069.0
11029,3,6200,2066.7
11030,2,6133,3066.5
11031,2,6128,3064.0
11032,2,6125,3062.5
11033,2,6139,3069.5
11034,2,6139,3069.5
11035,2,6137,3068.5
11036,2,6142,3071.0
11037,2,6152,3076.0
11038,2,6169,3084.5
11039,2,6150,3075.0
11040,2,6139,3069.5
11041,2,6167,3083.5
11042,2,6164,3082.0
11043,2,6151,3075.5
11044,2,6124,3062.0
11045,2,6147,3073.5
11046,2,6136,3068.0
11047,3,6195,2065.0
11048,2,6169,3084.5
11049,2,6183,3091.5
11050,2,6169,3084.5
11051,2,6138,3069.0
11052,2,6159,3079.5
11053,2,6168,3084.0
11054,3,6205,2068.3
11055,2,6164,3082.0
11056,2,6158,3079.0
11057,2,6144,3072.0
11058,2,6177,3088.5
11059,2,6177,3088.5
11060,2,6185,3092.5
11061,2,6183,3091.5
11062,2,6201,3100.5
11063,2,6201,3100.5
11064,2,6205,3102.5
11065,2,6201,3100.5
11066,2,6183,3091.5
11067,2,6199,3099.5
11068,2,6204,3102.0
11069,2,6180,3090.0
11070,2,6204,3102.0
11071,2,6171,3085.5
11072,2,6188,3094.0
11073,2,6168,3084.0
11074,2,6159,3079.5
11075,2,6151,3075.5
11076,2,6154,3077.0
11077,2,6164,3082.0
11078,2,6156,3078.0
11079,2,6135,3067.5
11080,2,6161,3080.5
11081,2,6130,3065.0
11082,2,6128,3064.0
11083,2,6108,3054.0
11084,2,6114,3057.0
11085,3,6143,2047.7
11086,2,6095,3047.5
11087,2,6115,3057.5
11088,2,6128,3064.0
11089,2,6127,3063.5
11090,2,6106,3053.0
11091,2,6114,3057.0
11092,2,6059,3029.5
11093,2,6100,3050.0
11094,2,6106,3053.0
11095,2,6095,3047.5
11096,2,6101,3050.5
11097,2,6118,3059.0
11098,2,6119,3059.5
11099,2,6104,3052.0
11100,2,6092,3046.0
11101,2,6077,3038.5
11102,2,6103,3051.5
11103,2,6098,3049.0
11104,2,6084,3042.0
11105,2,6079,3039.5
11106,2,6060,3030.0
11107,2,6113,3056.5
11108,2,6126,3063.0
11109,2,6121,3060.5
11110,3,6128,2042.7
11111,4,6169,1542.2
11112,4,6137,1534.2
11113,4,6150,1537.5
11114,4,6168,1542.0
11115,4,6173,1543.2
11116,4,6134,1533.5
11117,4,6148,1537.0
11118,4,6115,1528.8
11119,4,6089,1522.2
11120,4,6081,1520.2
11121,5,6150,1230.0
11122,5,6144,1228.8
11123,4,6080,1520.0
11124,5,6128,1225.6
11125,4,6093,1523.2
11126,4,6085,1521.2
11127,5,6150,1230.0
11128,5,6134,1226.8
11129,5,6128,1225.6
11130,5,6123,1224.6
11131,5,6145,1229.0
11132,5,6121,1224.2
11133,5,6138,1227.6
11134,5,6129,1225.8
11135,5,6144,1228.8
11136,4,6097,1524.2
11137,3,6075,2025.0
11138,4,6105,1526.2
11139,4,6083,1520.8
11140,4,6091,1522.8
11141,3,6056,2018.7
11142,3,6034,2011.3
11143,3,6039,2013.0
11144,4,6084,1521.0
11145,5,6111,1222.2
11146,4,6064,1516.0
11147,4,6094,1523.5
11148,4,6080,1520.0
11149,4,6101,1525.2
11150,4,6103,1525.8
11151,3,6070,2023.3
11152,4,6113,1528.2
11153,3,6063,2021.0
11154,4,6123,1530.8
11155,3,6078,2026.0
11156,3,6071,2023.7
11157,4,6100,1525.0
11158,4,6119,1529.8
11159,4,6108,1527.0
11160,4,6087,1521.8
11161,4,6111,1527.8
11162,4,6141,1535.2
11163,4,6129,1532.2
11164,4,6116,1529.0
11165,4,6133,1533.2
11166,4,6133,1533.2
11167,4,6133,1533.2
11168,4,6149,1537.2
11169,4,6130,1532.5
11170,4,6135,1533.8
11171,4,6092,1523.0
11172,4,6081,1520.2
11173,5,6148,1229.6
11174,5,6144,1228.8
11175,5,6144,1228.8
11176,5,6154,1230.8
11177,5,6147,1229.4
11178,5,6161,1232.2
11179,5,6153,1230.6
11180,5,6145,1229.0
11181,5,6147,1229.4
11182,5,6154,1230.8
11183,5,6123,1224.6
11184,4,6080,1520.0
11185,4,6100,1525.0
11186,4,6108,1527.0
11187,4,6096,1524.0
11188,4,6100,1525.0
11189,4,6122,1530.5
11190,5,6156,1231.2
11191,4,6103,1525.8
11192,4,6094,1523.5
11193,4,6114,1528.5
11194,4,6098,1524.5
11195,4,6088,1522.0
11196,4,6102,1525.5
11197,4,6081,1520.2
11198,4,6080,1520.0
11199,4,6093,1523.2
11200,4,6092,1523.0
11201,4,6116,1529.0
11202,4,6121,1530.2
11203,4,6119,1529.8
11204,4,6140,1535.0
11205,4,6151,1537.8
11206,5,6155,1231.0
11207,5,6172,1234.4
11208,5,6155,1231.0
11209,5,6161,1232.2
11210,5,6161,1232.2
11211,5,6168,1233.6
11212,5,6160,1232.0
11213,5,6167,1233.4
11214,5,6167,1233.4
11215,4,6101,1525.2
11216,5,6154,1230.8
11217,5,6163,1232.6
11218,4,6132,1533.0
11219,5,6173,1234.6
11220,4,6127,1531.8
11221,5,6176,1235.2
11222,5,6158,1231.6
11223,5,6157,1231.4
11224,4,6100,1525.0
11225,4,6104,1526.0
11226,4,6113,1528.2
11227,4,6102,1525.5
11228,4,6107,1526.8
11229,4,6140,1535.0
11230,4,6117,1529.2
11231,4,6104,1526.0
11232,4,6115,1528.8
11233,4,6104,1526.0
11234,5,6156,1231.2
11235,5,6166,1233.2
11236,5,6164,1232.8
11237,5,6169,1233.8
11238,5,6207,1241.4
11239,5,6195,1239.0
11240,5,6210,1242.0
11241,5,6200,1240.0
11242,5,6185,1237.0
11243,5,6189,1237.8
11244,5,6185,1237.0
11245,4,6157,1539.2
11246,4,6146,1536.5
11247,4,6134,1533.5
11248,5,6189,1237.8
11249,5,6171,1234.2
11250,5,6185,1237.0
11251,5,6190,1238.0
11252,5,6194,1238.8
11253,5,6190,1238.0
11254,5,6162,1232.4
11255,5,6179,1235.8
11256,5,6172,1234.4
11257,5,6175,1235.0
11258,5,6222,1244.4
11259,5,6214,1242.8
11260,5,6215,1243.0
11261,5,6215,1243.0
11262,5,6205,1241.0
11263,5,6232,1246.4
11264,5,6197,1239.4
11265,5,6194,1238.8
11266,5,6222,1244.4
11267,5,6216,1243.2
11268,5,6249,1249.8
11269,5,6244,1248.8
11270,5,6222,1244.4
11271,5,6204,1240.8
11272,5,6208,1241.6
11273,5,6215,1243.0
11274,5,6221,1244.2
11275,5,6222,1244.4
11276,5,6214,1242.8
11277,5,6209,1241.8
11278,5,6202,1240.4
11279,5,6226,1245.2
11280,5,6210,1242.0
11281,5,6216,1243.2
11282,5,6207,1241.4
11283,5,6209,1241.8
11284,5,6210,1242.0
11285,5,6220,1244.0
11286,5,6202,1240.4
11287,5,6198,1239.6
11288,5,6204,1240.8
11289,5,6195,1239.0
11290,5,6184,1236.8
11291,5,6204,1240.8
11292,5,6202,1240.4
11293,5,6186,1237.2
11294,5,6195,1239.0
11295,5,6199,1239.8
11296,5,6185,1237.0
11297,5,6190,1238.0
11298,5,6190,1238.0
11299,5,6178,1235.6
11300,5,6198,1239.6
11301,5,6186,1237.2
11302,5,6186,1237.2
11303,5,6201,1240.2
11304,5,6194,1238.8
11305,5,6189,1237.8
11306,5,6215,1243.0
11307,5,6160,1232.0
11308,5,6166,1233.2
11309,5,6174,1234.8
11310,5,6159,1231.8
11311,5,6144,1228.8
11312,5,6136,1227.2
11313,5,6137,1227.4
11314,5,6116,1223.2
11315,5,6130,1226.0
11316,5,6138,1227.6
11317,3,6119,2039.7
11318,3,6094,2031.3
11319,3,6139,2046.3
11320,3,6131,2043.7
11321,3,6109,2036.3
11322,4,6145,1536.2
11323,4,6117,1529.2
11324,4,6127,1531.8
11325,5,6133,1226.6
11326,5,6150,1230.0
11327,5,6151,1230.2
11328,5,6130,1226.0
11329,5,6130,1226.0
11330,5,6126,1225.2
11331,5,6132,1226.4
11332,5,6128,1225.6
11333,5,6133,1226.6
11334,5,6112,1222.4
11335,5,6113,1222.6
11336,5,6144,1228.8
11337,5,6154,1230.8
11338,5,6130,1226.0
11339,5,6141,1228.2
11340,5,6159,1231.8
11341,5,6126,1225.2
11342,5,6137,1227.4
11343,5,6129,1225.8
11344,4,6068,1517.0
11345,4,6066,1516.5
11346,4,6057,1514.2
11347,4,6046,1511.5
11348,4,6051,1512.8
11349,5,6117,1223.4
11350,4,6078,1519.5
11351,5,6125,1225.0
11352,5,6130,1226.0
11353,5,6137,1227.4
11354,5,6138,1227.6
11355,5,6136,1227.2
11356,5,6134,1226.8
11357,5,6148,1229.6
11358,5,6137,1227.4
11359,5,6142,1228.4
11360,4,6099,1524.8
11361,5,6139,1227.8
11362,5,6136,1227.2
11363,5,6159,1231.8
11364,4,6110,1527.5
11365,5,6146,1229.2
11366,5,6133,1226.6
11367,4,6076,1519.0
11368,4,6080,1520.0
11369,4,6097,1524.2
11370,4,6086,1521.5
11371,4,6110,1527.5
11372,4,6121,1530.2
11373,4,6137,1534.2
11374,4,6106,1526.5
11375,4,6127,1531.8
11376,4,6122,1530.5
11377,4,6100,1525.0
11378,4,6102,1525.5
11379,4,6084,1521.0
11380,4,6089,1522.2
11381,4,6105,1526.2
11382,4,6113,1528.2
11383,4,6147,1536.8
11384,4,6148,1537.0
11385,4,6163,1540.8
11386,4,6148,1537.0
11387,4,6137,1534.2
11388,4,6138,1534.5
11389,4,6123,1530.8
11390,4,6127,1531.8
11391,4,6143,1535.8
11392,4,6137,1534.2
11393,4,6133,1533.2
11394,5,6185,1237.0
11395,4,6148,1537.0
11396,4,6133,1533.2
11397,4,6127,1531.8
11398,4,6100,1525.0
11399,4,6118,1529.5
11400,4,6108,1527.0
11401,4,6156,1539.0
11402,4,6131,1532.8
11403,4,6133,1533.2
11404,4,6157,1539.2
11405,4,6159,1539.8
11406,4,6180,1545.0
11407,4,6145,1536.2
11408,4,6132,1533.0
11409,4,6152,1538.0
11410,4,6150,1537.5
11411,4,6160,1540.0
11412,4,6166,1541.5
11413,4,6158,1539.5
11414,4,6157,1539.2
11415,4,6175,1543.8
11416,4,6172,1543.0
11417,4,6144,1536.0
11418,4,6149,1537.2
11419,4,6173,1543.2
11420,4,6149,1537.2
11421,4,6153,1538.2
11422,4,6158,1539.5
11423,4,6168,1542.0
11424,4,6168,1542.0
11425,4,6175,1543.8
11426,4,6157,1539.2
11427,4,6162,1540.5
11428,4,6180,1545.0
11429,4,6177,1544.2
11430,4,6144,1536.0
11431,4,6157,1539.2
11432,4,6119,1529.8
11433,4,6129,1532.2
11434,4,6151,1537.8
11435,4,6132,1533.0
11436,4,6135,1533.8
11437,5,6175,1235.0
11438,5,6184,1236.8
11439,5,6182,1236.4
11440,5,6191,1238.2
11441,4,6150,1537.5
11442,5,6177,1235.4
11443,5,6202,1240.4
11444,5,6203,1240.6
11445,5,6206,1241.2
11446,5,6205,1241.0
11447,4,6129,1532.2
11448,4,6179,1544.8
11449,4,6148,1537.0
11450,4,6196,1549.0
11451,4,6157,1539.2
11452,4,6161,1540.2
11453,4,6141,1535.2
11454,4,6166,1541.5
11455,4,6176,1544.0
11456,4,6169,1542.2
11457,5,6214,1242.8
11458,5,6206,1241.2
11459,5,6204,1240.8
11460,5,6195,1239.0
11461,4,6194,1548.5
11462,4,6212,1553.0
11463,4,6198,1549.5
11464,4,6213,1553.2
11465,4,6229,1557.2
11466,4,6239,1559.8
11467,4,6206,1551.5
11468,4,6200,1550.0
11469,4,6193,1548.2
11470,4,6196,1549.0
11471,4,6205,1551.2
11472,4,6220,1555.0
11473,4,6227,1556.8
11474,4,6210,1552.5
11475,4,6202,1550.5
11476,4,6189,1547.2
11477,4,6188,1547.0
11478,4,6167,1541.8
11479,4,6190,1547.5
11480,4,6159,1539.8
11481,4,6173,1543.2
11482,4,6171,1542.8
11483,4,6176,1544.0
11484,4,6202,1550.5
11485,4,6193,1548.2
11486,4,6187,1546.8
11487,4,6178,1544.5
11488,4,6176,1544.0
11489,4,6188,1547.0
11490,4,6177,1544.2
11491,4,6186,1546.5
11492,4,6173,1543.2
11493,4,6177,1544.2
11494,4,6174,1543.5
11495,4,6185,1546.2
11496,4,6221,1555.2
11497,4,6213,1553.2
11498,4,6235,1558.8
11499,4,6206,1551.5
11500,4,6179,1544.8
11501,4,6197,1549.2
11502,4,6203,1550.8
11503,4,6219,1554.8
11504,4,6203,1550.8
11505,4,6187,1546.8
11506,4,6155,1538.8
11507,4,6160,1540.0
11508,4,6169,1542.2
11509,4,6160,1540.0
11510,4,6166,1541.5
11511,4,6183,1545.8
11512,4,6179,1544.8
11513,4,6182,1545.5
11514,4,6191,1547.8
11515,4,6194,1548.5
11516,4,6190,1547.5
11517,4,6190,1547.5
11518,4,6197,1549.2
11519,4,6198,1549.5
11520,4,6187,1546.8
11521,4,6184,1546.0
11522,4,6174,1543.5
11523,4,6192,1548.0
11524,4,6200,1550.0
11525,4,6192,1548.0
11526,4,6201,1550.2
11527,4,6192,1548.0
11528,4,6195,1548.8
11529,4,6174,1543.5
11530,4,6184,1546.0
11531,4,6180,1545.0
11532,4,6181,1545.2
11533,4,6186,1546.5
11534,4,6183,1545.8
11535,4,6178,1544.5
11536,4,6167,1541.8
11537,4,6152,1538.0
11538,4,6152,1538.0
11539,4,6158,1539.5
11540,4,6122,1530.5
11541,4,6142,1535.5
11542,4,6128,1532.0
11543,4,6127,1531.8
11544,4,6133,1533.2
11545,4,6138,1534.5
11546,4,6133,1533.2
11547,4,6151,1537.8
11548,4,6154,1538.5
11549,4,6146,1536.5
11550,4,6154,1538.5
11551,4,6148,1537.0
11552,4,6164,1541.0
11553,4,6159,1539.8
11554,4,6150,1537.5
11555,4,6152,1538.0
11556,4,6136,1534.0
11557,4,6139,1534.8
11558,4,6141,1535.2
11559,4,6160,1540.0
11560,4,6137,1534.2
11561,4,6121,1530.2
11562,4,6123,1530.8
11563,4,6096,1524.0
11564,5,6137,1227.4
11565,5,6145,1229.0
11566,5,6143,1228.6
11567,5,6146,1229.2
11568,5,6137,1227.4
11569,5,6148,1229.6
11570,4,6110,1527.5
11571,5,6153,1230.6
11572,4,6104,1526.0
11573,4,6110,1527.5
11574,4,6116,1529.0
11575,5,6157,1231.4
11576,4,6113,1528.2
11577,5,6167,1233.4
11578,5,6154,1230.8
11579,5,6163,1232.6
11580,5,6168,1233.6
11581,5,6167,1233.4
11582,5,6168,1233.6
11583,5,6164,1232.8
11584,5,6163,1232.6
11585,5,6177,1235.4
11586,5,6166,1233.2
11587,5,6174,1234.8
11588,4,6139,1534.8
11589,4,6150,1537.5
11590,4,6162,1540.5
11591,4,6154,1538.5
11592,4,6126,1531.5
11593,4,6139,1534.8
11594,4,6153,1538.2
11595,4,6144,1536.0
11596,4,6140,1535.0
11597,4,6130,1532.5
11598,4,6135,1533.8
11599,5,6184,1236.8
11600,4,6156,1539.0
11601,4,6152,1538.0
11602,4,6132,1533.0
11603,4,6153,1538.2
11604,4,6147,1536.8
11605,4,6158,1539.5
11606,4,6164,1541.0
11607,4,6163,1540.8
11608,4,6155,1538.8
11609,4,6148,1537.0
11610,4,6126,1531.5
11611,4,6162,1540.5
11612,4,6144,1536.0
11613,4,6138,1534.5
11614,4,6139,1534.8
11615,4,6166,1541.5
11616,4,6163,1540.8
11617,4,6167,1541.8
11618,4,6174,1543.5
11619,4,6182,1545.5
11620,4,6172,1543.0
11621,4,6169,1542.2
11622,4,6193,1548.2
11623,4,6181,1545.2
11624,4,6179,1544.8
11625,4,6182,1545.5
11626,4,6180,1545.0
11627,4,6182,1545.5
11628,4,6186,1546.5
11629,4,6195,1548.8
11630,4,6197,1549.2
11631,4,6192,1548.0
11632,4,6169,1542.2
11633,4,6200,1550.0
11634,4,6191,1547.8
11635,4,6170,1542.5
11636,4,6181,1545.2
11637,4,6182,1545.5
11638,4,6182,1545.5
11639,4,6174,1543.5
11640,4,6155,1538.8
11641,4,6161,1540.2
11642,5,6178,1235.6
11643,5,6167,1233.4
11644,5,6164,1232.8
11645,5,6160,1232.0
11646,4,6123,1530.8
11647,4,6143,1535.8
11648,4,6140,1535.0
11649,5,6187,1237.4
11650,5,6208,1241.6
11651,5,6192,1238.4
11652,5,6189,1237.8
11653,5,6177,1235.4
11654,5,6170,1234.0
11655,4,6151,1537.8
11656,4,6140,1535.0
11657,5,6167,1233.4
11658,4,6150,1537.5
11659,4,6159,1539.8
11660,4,6139,1534.8
11661,4,6127,1531.8
11662,5,6179,1235.8
11663,5,6189,1237.8
11664,5,6177,1235.4
11665,5,6198,1239.6
11666,5,6201,1240.2
11667,5,6219,1243.8
11668,5,6193,1238.6
11669,5,6221,1244.2
11670,5,6209,1241.8
11671,5,6207,1241.4
11672,5,6226,1245.2
11673,5,6225,1245.0
11674,5,6226,1245.2
11675,5,6227,1245.4
11676,5,6243,1248.6
11677,5,6248,1249.6
11678,5,6242,1248.4
11679,5,6235,1247.0
11680,5,6226,1245.2
11681,5,6232,1246.4
11682,5,6226,1245.2
11683,5,6217,1243.4
11684,5,6217,1243.4
11685,5,6214,1242.8
11686,5,6220,1244.0
11687,5,6234,1246.8
11688,5,6225,1245.0
11689,5,6233,1246.6
11690,5,6223,1244.6
11691,5,6229,1245.8
11692,5,6232,1246.4
11693,5,6220,1244.0
11694,5,6214,1242.8
11695,5,6233,1246.6
11696,5,6252,1250.4
11697,5,6238,1247.6
11698,5,6221,1244.2
11699,5,6229,1245.8
11700,5,6253,1250.6
11701,5,6216,1243.2
11702,4,6198,1549.5
11703,4,6214,1553.5
11704,5,6227,1245.4
11705,4,6203,1550.8
11706,5,6227,1245.4
11707,4,6190,1547.5
11708,4,6195,1548.8
11709,5,6258,1251.6
11710,5,6247,1249.4
11711,5,6246,1249.2
11712,4,6194,1548.5
11713,4,6175,1543.8
11714,4,6184,1546.0
11715,4,6172,1543.0
11716,4,6180,1545.0
11717,4,6176,1544.0
11718,4,6205,1551.2
11719,4,6183,1545.8
11720,4,6203,1550.8
11721,4,6190,1547.5
11722,4,6201,1550.2
11723,4,6185,1546.2
11724,4,6199,1549.8
11725,4,6205,1551.2
11726,4,6227,1556.8
11727,4,6183,1545.8
11728,4,6220,1555.0
11729,4,6222,1555.5
11730,4,6211,1552.8
11731,4,6209,1552.2
11732,4,6197,1549.2
11733,4,6204,1551.0
11734,4,6204,1551.0
11735,4,6246,1561.5
11736,4,6215,1553.8
11737,4,6225,1556.2
11738,4,6206,1551.5
11739,4,6199,1549.8
11740,4,6224,1556.0
11741,4,6210,1552.5
11742,4,6215,1553.8
11743,4,6200,1550.0
11744,4,6221,1555.2
11745,4,6221,1555.2
11746,4,6213,1553.2
11747,4,6213,1553.2
11748,4,6215,1553.8
11749,4,6225,1556.2
11750,4,6205,1551.2
11751,4,6222,1555.5
11752,4,6199,1549.8
11753,4,6189,1547.2
11754,4,6174,1543.5
11755,4,6171,1542.8
11756,4,6200,1550.0
11757,4,6191,1547.8
11758,4,6159,1539.8
11759,4,6170,1542.5
11760,4,6148,1537.0
11761,4,6128,1532.0
11762,4,6133,1533.2
11763,4,6157,1539.2
11764,4,6168,1542.0
11765,4,6150,1537.5
11766,4,6174,1543.5
11767,4,6164,1541.0
11768,4,6162,1540.5
11769,4,6138,1534.5
11770,4,6148,1537.0
11771,4,6145,1536.2
11772,4,6122,1530.5
11773,4,6155,1538.8
11774,4,6156,1539.0
11775,4,6154,1538.5
11776,5,6205,1241.0
11777,5,6183,1236.6
11778,5,6219,1243.8
11779,5,6219,1243.8
11780,4,6174,1543.5
11781,4,6183,1545.8
11782,4,6194,1548.5
11783,5,6220,1244.0
11784,4,6190,1547.5
11785,4,6205,1551.2
11786,4,6204,1551.0
11787,4,6221,1555.2
11788,4,6222,1555.5
11789,4,6228,1557.0
11790,4,6231,1557.8
11791,4,6216,1554.0
11792,4,6218,1554.5
11793,4,6187,1546.8
11794,4,6200,1550.0
11795,4,6189,1547.2
11796,4,6202,1550.5
11797,4,6207,1551.8
11798,4,6203,1550.8
11799,4,6192,1548.0
11800,4,6197,1549.2
11801,4,6180,1545.0
11802,4,6193,1548.2
11803,4,6172,1543.0
11804,4,6197,1549.2
11805,4,6184,1546.0
11806,4,6190,1547.5
11807,4,6156,1539.0
11808,4,6170,1542.5
11809,4,6181,1545.2
11810,4,6172,1543.0
11811,4,6161,1540.2
11812,4,6139,1534.8
11813,4,6125,1531.2
11814,4,6127,1531.8
11815,4,6171,1542.8
11816,4,6156,1539.0
11817,4,6134,1533.5
11818,4,6150,1537.5
11819,4,6126,1531.5
11820,3,6099,2033.0
11821,3,6122,2040.7
11822,3,6103,2034.3
11823,3,6100,2033.3
11824,3,6141,2047.0
11825,3,6132,2044.0
11826,3,6174,2058.0
11827,3,6133,2044.3
11828,3,6099,2033.0
11829,3,6126,2042.0
11830,3,6095,2031.7
11831,3,6108,2036.0
11832,3,6137,2045.7
11833,3,6123,2041.0
11834,3,6121,2040.3
11835,3,6145,2048.3
11836,3,6143,2047.7
11837,3,6128,2042.7
11838,3,6159,2053.0
11839,3,6122,2040.7
11840,3,6156,2052.0
11841,3,6168,2056.0
11842,3,6168,2056.0
11843,3,6163,2054.3
11844,3,6159,2053.0
11845,3,6170,2056.7
11846,3,6192,2064.0
11847,3,6217,2072.3
11848,3,6185,2061.7
11849,3,6180,2060.0
11850,3,6162,2054.0
11851,3,6179,2059.7
11852,3,6201,2067.0
11853,3,6187,2062.3
11854,3,6188,2062.7
11855,3,6183,2061.0
11856,3,6188,2062.7
11857,3,6214,2071.3
11858,3,6183,2061.0
11859,3,6196,2065.3
11860,3,6159,2053.0
11861,3,6178,2059.3
11862,3,6174,2058.0
11863,3,6172,2057.3
11864,3,6172,2057.3
11865,3,6167,2055.7
11866,3,6156,2052.0
11867,3,6176,2058.7
11868,3,6161,2053.7
11869,3,6183,2061.0
11870,3,6176,2058.7
11871,3,6180,2060.0
11872,3,6178,2059.3
11873,3,6186,2062.0
11874,3,6174,2058.0
11875,3,6194,2064.7
11876,3,6194,2064.7
11877,3,6210,2070.0
11878,3,6202,2067.3
11879,3,6177,2059.0
11880,3,6173,2057.7
11881,3,6175,2058.3
11882,3,6164,2054.7
11883,3,6175,2058.3
11884,3,6184,2061.3
11885,3,6181,2060.3
11886,3,6176,2058.7
11887,3,6172,2057.3
11888,3,6163,2054.3
11889,3,6165,2055.0
11890,3,6153,2051.0
11891,3,6168,2056.0
11892,3,6172,2057.3
11893,3,6176,2058.7
11894,3,6181,2060.3
11895,3,6190,2063.3
11896,3,6182,2060.7
11897,3,6184,2061.3
11898,3,6164,2054.7
11899,3,6185,2061.7
11900,3,6173,2057.7
11901,3,6155,2051.7
11902,3,6151,2050.3
11903,3,6181,2060.3
11904,3,6200,2066.7
11905,3,6181,2060.3
11906,3,6177,2059.0
11907,3,6183,2061.0
11908,3,6152,2050.7
11909,3,6156,2052.0
11910,3,6169,2056.3
11911,3,6178,2059.3
11912,3,6158,2052.7
11913,3,6157,2052.3
11914,4,6225,1556.2
11915,4,6199,1549.8
11916,4,6210,1552.5
11917,4,6210,1552.5
11918,4,6206,1551.5
11919,3,6162,2054.0
11920,4,6213,1553.2
11921,4,6238,1559.5
11922,3,6157,2052.3
11923,4,6219,1554.8
11924,4,6220,1555.0
11925,3,6183,2061.0
11926,3,6164,2054.7
11927,4,6209,1552.2
11928,4,6195,1548.8
11929,4,6214,1553.5
11930,4,6225,1556.2
11931,4,6218,1554.5
11932,4,6207,1551.8
11933,3,6183,2061.0
11934,3,6185,2061.7
11935,3,6162,2054.0
11936,4,6239,1559.8
11937,4,6280,1570.0
11938,4,6263,1565.8
11939,4,6261,1565.2
11940,4,6236,1559.0
11941,4,6262,1565.5
11942,4,6257,1564.2
11943,4,6243,1560.8
11944,4,6249,1562.2
11945,4,6250,1562.5
11946,4,6259,1564.8
11947,4,6254,1563.5
11948,4,6257,1564.2
11949,4,6247,1561.8
11950,4,6244,1561.0
11951,4,6247,1561.8
11952,4,6254,1563.5
11953,4,6264,1566.0
11954,4,6258,1564.5
11955,3,6222,2074.0
11956,4,6257,1564.2
11957,4,6252,1563.0
11958,4,6267,1566.8
11959,4,6264,1566.0
11960,4,6267,1566.8
11961,4,6260,1565.0
11962,4,6247,1561.8
11963,4,6230,1557.5
11964,4,6233,1558.2
11965,4,6237,1559.2
11966,4,6267,1566.8
11967,4,6248,1562.0
11968,4,6250,1562.5
11969,4,6246,1561.5
11970,4,6249,1562.2
11971,4,6258,1564.5
11972,4,6248,1562.0
11973,4,6239,1559.8
11974,4,6223,1555.8
11975,4,6198,1549.5
11976,4,6219,1554.8
11977,4,6227,1556.8
11978,4,6222,1555.5
11979,4,6218,1554.5
11980,4,6208,1552.0
11981,4,6193,1548.2
11982,4,6224,1556.0
11983,4,6236,1559.0
11984,4,6228,1557.0
11985,4,6232,1558.0
11986,4,6233,1558.2
11987,4,6246,1561.5
11988,4,6237,1559.2
11989,4,6227,1556.8
11990,4,6211,1552.8
11991,4,6228,1557.0
11992,4,6237,1559.2
11993,4,6226,1556.5
11994,4,6225,1556.2
11995,4,6240,1560.0
11996,4,6240,1560.0
11997,4,6243,1560.8
11998,4,6243,1560.8
11999,4,6255,1563.8
12000,4,6234,1558.5
