Frame,sheet_count,total_peptides_in_sheets,avg_sheet_size
0,20,146,7.3
1,35,229,6.5
2,26,184,7.1
3,34,194,5.7
4,35,210,6.0
5,30,211,7.0
6,34,246,7.2
7,38,235,6.2
8,45,303,6.7
9,34,245,7.2
10,33,239,7.2
11,35,260,7.4
12,41,287,7.0
13,33,237,7.2
14,39,313,8.0
15,41,281,6.9
16,39,334,8.6
17,41,346,8.4
18,36,293,8.1
19,42,290,6.9
20,49,354,7.2
21,46,360,7.8
22,46,351,7.6
23,44,359,8.2
24,48,389,8.1
25,51,415,8.1
26,41,357,8.7
27,52,397,7.6
28,46,379,8.2
29,47,399,8.5
30,48,374,7.8
31,53,457,8.6
32,61,475,7.8
33,50,419,8.4
34,52,464,8.9
35,54,483,8.9
36,56,487,8.7
37,57,515,9.0
38,53,430,8.1
39,56,473,8.4
40,54,440,8.1
41,50,451,9.0
42,56,483,8.6
43,55,487,8.9
44,56,508,9.1
45,55,561,10.2
46,50,507,10.1
47,59,595,10.1
48,46,483,10.5
49,57,493,8.6
50,48,496,10.3
51,55,520,9.5
52,59,545,9.2
53,64,589,9.2
54,55,526,9.6
55,52,513,9.9
56,54,542,10.0
57,54,524,9.7
58,52,534,10.3
59,56,561,10.0
60,47,519,11.0
61,59,597,10.1
62,56,607,10.8
63,59,618,10.5
64,54,595,11.0
65,56,616,11.0
66,54,568,10.5
67,60,668,11.1
68,50,605,12.1
69,49,615,12.6
70,60,658,11.0
71,56,622,11.1
72,49,599,12.2
73,55,604,11.0
74,57,641,11.2
75,54,630,11.7
76,52,611,11.8
77,49,536,10.9
78,57,585,10.3
79,54,608,11.3
80,54,633,11.7
81,58,650,11.2
82,54,589,10.9
83,53,626,11.8
84,59,651,11.0
85,63,678,10.8
86,51,610,12.0
87,59,690,11.7
88,59,688,11.7
89,57,648,11.4
90,49,585,11.9
91,59,646,10.9
92,50,638,12.8
93,55,628,11.4
94,50,608,12.2
95,43,650,15.1
96,55,714,13.0
97,52,648,12.5
98,52,626,12.0
99,57,662,11.6
100,63,644,10.2
101,56,671,12.0
102,54,685,12.7
103,51,638,12.5
104,51,696,13.6
105,59,670,11.4
106,42,674,16.0
107,48,696,14.5
108,52,691,13.3
109,48,664,13.8
110,49,691,14.1
111,48,721,15.0
112,48,693,14.4
113,50,696,13.9
114,51,707,13.9
115,57,738,12.9
116,51,748,14.7
117,60,728,12.1
118,53,709,13.4
119,48,734,15.3
120,52,727,14.0
121,56,729,13.0
122,50,767,15.3
123,56,743,13.3
124,45,711,15.8
125,46,727,15.8
126,51,742,14.5
127,44,737,16.8
128,46,680,14.8
129,46,700,15.2
130,46,669,14.5
131,52,722,13.9
132,47,705,15.0
133,50,731,14.6
134,48,768,16.0
135,44,758,17.2
136,47,705,15.0
137,47,746,15.9
138,48,731,15.2
139,46,781,17.0
140,51,757,14.8
141,46,719,15.6
142,51,741,14.5
143,53,748,14.1
144,49,735,15.0
145,47,708,15.1
146,41,716,17.5
147,39,700,17.9
148,42,717,17.1
149,44,718,16.3
150,45,743,16.5
151,37,702,19.0
152,45,720,16.0
153,38,714,18.8
154,47,756,16.1
155,42,748,17.8
156,48,776,16.2
157,48,737,15.4
158,46,740,16.1
159,48,759,15.8
160,50,736,14.7
161,41,754,18.4
162,45,749,16.6
163,45,782,17.4
164,40,770,19.2
165,38,818,21.5
166,45,746,16.6
167,44,803,18.2
168,42,785,18.7
169,41,798,19.5
170,43,809,18.8
171,49,846,17.3
172,45,779,17.3
173,39,790,20.3
174,42,804,19.1
175,36,790,21.9
176,41,791,19.3
177,44,845,19.2
178,36,819,22.8
179,40,827,20.7
180,40,768,19.2
181,41,756,18.4
182,42,803,19.1
183,39,826,21.2
184,44,809,18.4
185,43,788,18.3
186,40,783,19.6
187,39,752,19.3
188,46,782,17.0
189,41,756,18.4
190,36,723,20.1
191,40,748,18.7
192,43,791,18.4
193,45,804,17.9
194,36,770,21.4
195,40,741,18.5
196,37,721,19.5
197,40,729,18.2
198,44,751,17.1
199,51,773,15.2
200,39,692,17.7
201,41,762,18.6
202,44,748,17.0
203,44,737,16.8
204,42,708,16.9
205,47,768,16.3
206,43,734,17.1
207,45,753,16.7
208,43,756,17.6
209,48,766,16.0
210,42,767,18.3
211,43,774,18.0
212,43,838,19.5
213,43,795,18.5
214,42,802,19.1
215,36,842,23.4
216,39,794,20.4
217,38,746,19.6
218,47,821,17.5
219,40,823,20.6
220,42,787,18.7
221,33,795,24.1
222,41,812,19.8
223,41,791,19.3
224,55,821,14.9
225,41,802,19.6
226,35,802,22.9
227,43,801,18.6
228,41,819,20.0
229,44,770,17.5
230,38,806,21.2
231,38,799,21.0
232,39,790,20.3
233,32,795,24.8
234,39,788,20.2
235,45,793,17.6
236,38,774,20.4
237,38,797,21.0
238,39,790,20.3
239,33,792,24.0
240,38,777,20.4
241,38,771,20.3
242,43,786,18.3
243,41,771,18.8
244,42,789,18.8
245,44,782,17.8
246,44,834,19.0
247,39,814,20.9
248,37,805,21.8
249,43,825,19.2
250,48,804,16.8
251,39,810,20.8
252,40,844,21.1
253,51,828,16.2
254,38,788,20.7
255,37,766,20.7
256,36,777,21.6
257,50,844,16.9
258,41,803,19.6
259,38,847,22.3
260,43,823,19.1
261,35,787,22.5
262,38,847,22.3
263,40,812,20.3
264,36,817,22.7
265,33,866,26.2
266,37,854,23.1
267,34,815,24.0
268,36,811,22.5
269,38,866,22.8
270,39,818,21.0
271,36,835,23.2
272,40,833,20.8
273,35,813,23.2
274,33,847,25.7
275,41,853,20.8
276,39,849,21.8
277,36,855,23.8
278,41,831,20.3
279,39,860,22.1
280,36,798,22.2
281,38,837,22.0
282,31,830,26.8
283,37,857,23.2
284,39,832,21.3
285,41,860,21.0
286,37,876,23.7
287,36,862,23.9
288,46,855,18.6
289,37,816,22.1
290,36,817,22.7
291,36,821,22.8
292,36,825,22.9
293,44,817,18.6
294,31,828,26.7
295,39,791,20.3
296,35,838,23.9
297,40,872,21.8
298,37,808,21.8
299,40,867,21.7
300,35,840,24.0
301,38,836,22.0
302,40,880,22.0
303,32,867,27.1
304,35,854,24.4
305,35,831,23.7
306,38,869,22.9
307,33,844,25.6
308,38,845,22.2
309,36,854,23.7
310,35,803,22.9
311,40,791,19.8
312,36,800,22.2
313,37,873,23.6
314,39,836,21.4
315,39,840,21.5
316,39,845,21.7
317,40,841,21.0
318,36,833,23.1
319,38,851,22.4
320,44,854,19.4
321,35,815,23.3
322,35,808,23.1
323,41,820,20.0
324,40,803,20.1
325,34,863,25.4
326,39,811,20.8
327,28,816,29.1
328,37,829,22.4
329,38,838,22.1
330,37,826,22.3
331,35,823,23.5
332,36,813,22.6
333,42,834,19.9
334,36,828,23.0
335,38,837,22.0
336,31,886,28.6
337,37,842,22.8
338,30,893,29.8
339,28,858,30.6
340,34,876,25.8
341,36,880,24.4
342,39,849,21.8
343,35,897,25.6
344,37,893,24.1
345,40,894,22.4
346,35,901,25.7
347,33,907,27.5
348,40,862,21.6
349,33,867,26.3
350,40,881,22.0
351,38,920,24.2
352,33,857,26.0
353,33,863,26.2
354,38,852,22.4
355,34,817,24.0
356,32,836,26.1
357,34,876,25.8
358,31,912,29.4
359,41,829,20.2
360,41,828,20.2
361,42,824,19.6
362,46,871,18.9
363,43,849,19.7
364,41,857,20.9
365,36,883,24.5
366,35,861,24.6
367,44,872,19.8
368,37,862,23.3
369,38,893,23.5
370,35,887,25.3
371,31,875,28.2
372,33,885,26.8
373,38,880,23.2
374,34,868,25.5
375,35,867,24.8
376,35,850,24.3
377,36,844,23.4
378,31,874,28.2
379,31,863,27.8
380,31,888,28.6
381,28,882,31.5
382,33,868,26.3
383,29,865,29.8
384,30,875,29.2
385,31,871,28.1
386,36,877,24.4
387,31,886,28.6
388,32,882,27.6
389,35,858,24.5
390,29,880,30.3
391,31,880,28.4
392,33,899,27.2
393,29,861,29.7
394,34,937,27.6
395,31,883,28.5
396,36,891,24.8
397,31,865,27.9
398,31,836,27.0
399,33,852,25.8
400,34,843,24.8
401,30,878,29.3
402,33,849,25.7
403,31,868,28.0
404,32,849,26.5
405,29,869,30.0
406,30,897,29.9
407,39,921,23.6
408,30,889,29.6
409,28,879,31.4
410,32,878,27.4
411,32,911,28.5
412,31,877,28.3
413,30,883,29.4
414,27,878,32.5
415,32,892,27.9
416,29,905,31.2
417,30,877,29.2
418,28,912,32.6
419,30,888,29.6
420,27,862,31.9
421,35,874,25.0
422,29,864,29.8
423,33,885,26.8
424,31,884,28.5
425,27,869,32.2
426,26,858,33.0
427,32,898,28.1
428,30,848,28.3
429,28,890,31.8
430,29,887,30.6
431,28,884,31.6
432,26,871,33.5
433,30,896,29.9
434,31,885,28.5
435,30,886,29.5
436,24,884,36.8
437,28,874,31.2
438,30,876,29.2
439,26,876,33.7
440,29,896,30.9
441,31,877,28.3
442,31,889,28.7
443,36,901,25.0
444,29,891,30.7
445,25,869,34.8
446,22,848,38.5
447,39,870,22.3
448,26,847,32.6
449,32,916,28.6
450,27,903,33.4
451,36,915,25.4
452,27,891,33.0
453,27,910,33.7
454,32,900,28.1
455,30,908,30.3
456,32,935,29.2
457,33,920,27.9
458,30,915,30.5
459,32,896,28.0
460,27,859,31.8
461,31,894,28.8
462,30,918,30.6
463,27,892,33.0
464,29,903,31.1
465,25,884,35.4
466,28,900,32.1
467,26,883,34.0
468,30,892,29.7
469,38,919,24.2
470,26,896,34.5
471,24,900,37.5
472,26,926,35.6
473,24,925,38.5
474,33,905,27.4
475,29,896,30.9
476,24,900,37.5
477,35,907,25.9
478,31,871,28.1
479,32,898,28.1
480,35,884,25.3
481,34,877,25.8
482,30,911,30.4
483,36,869,24.1
484,28,887,31.7
485,28,875,31.2
486,31,865,27.9
487,34,893,26.3
488,25,864,34.6
489,28,878,31.4
490,30,836,27.9
491,40,894,22.4
492,36,859,23.9
493,31,880,28.4
494,33,901,27.3
495,31,898,29.0
496,31,895,28.9
497,35,873,24.9
498,30,876,29.2
499,39,912,23.4
500,30,872,29.1
501,28,846,30.2
502,35,889,25.4
503,32,875,27.3
504,31,874,28.2
505,29,855,29.5
506,29,827,28.5
507,30,831,27.7
508,35,854,24.4
509,29,844,29.1
510,30,884,29.5
511,27,859,31.8
512,32,864,27.0
513,28,842,30.1
514,27,867,32.1
515,26,860,33.1
516,32,868,27.1
517,27,865,32.0
518,25,840,33.6
519,24,847,35.3
520,29,865,29.8
521,26,879,33.8
522,23,883,38.4
523,31,886,28.6
524,25,889,35.6
525,24,879,36.6
526,27,859,31.8
527,24,859,35.8
528,28,916,32.7
529,32,871,27.2
530,28,879,31.4
531,34,912,26.8
532,28,860,30.7
533,29,876,30.2
534,33,872,26.4
535,27,867,32.1
536,26,899,34.6
537,30,891,29.7
538,32,897,28.0
539,35,910,26.0
540,28,860,30.7
541,23,864,37.6
542,26,878,33.8
543,38,909,23.9
544,30,928,30.9
545,30,886,29.5
546,31,907,29.3
547,31,888,28.6
548,35,900,25.7
549,28,886,31.6
550,27,909,33.7
551,30,876,29.2
552,25,882,35.3
553,27,898,33.3
554,25,881,35.2
555,29,907,31.3
556,31,906,29.2
557,29,872,30.1
558,30,880,29.3
559,34,856,25.2
560,33,868,26.3
561,28,870,31.1
562,31,882,28.5
563,27,878,32.5
564,27,899,33.3
565,25,894,35.8
566,25,885,35.4
567,26,892,34.3
568,29,899,31.0
569,27,891,33.0
570,26,920,35.4
571,23,888,38.6
572,25,906,36.2
573,29,883,30.4
574,20,883,44.2
575,23,913,39.7
576,28,921,32.9
577,21,890,42.4
578,21,891,42.4
579,22,898,40.8
580,25,922,36.9
581,27,930,34.4
582,29,929,32.0
583,24,866,36.1
584,25,903,36.1
585,30,903,30.1
586,23,895,38.9
587,28,886,31.6
588,26,893,34.3
589,30,916,30.5
590,23,947,41.2
591,27,869,32.2
592,29,915,31.6
593,18,892,49.6
594,20,901,45.0
595,23,873,38.0
596,27,909,33.7
597,25,890,35.6
598,26,899,34.6
599,26,894,34.4
600,25,912,36.5
601,27,876,32.4
602,26,900,34.6
603,22,863,39.2
604,23,873,38.0
605,23,896,39.0
606,25,919,36.8
607,27,905,33.5
608,23,886,38.5
609,25,866,34.6
610,24,926,38.6
611,25,895,35.8
612,25,919,36.8
613,31,901,29.1
614,24,906,37.8
615,27,891,33.0
616,23,919,40.0
617,30,937,31.2
618,24,862,35.9
619,22,943,42.9
620,29,892,30.8
621,27,879,32.6
622,27,871,32.3
623,21,906,43.1
624,27,894,33.1
625,25,899,36.0
626,22,902,41.0
627,30,921,30.7
628,23,899,39.1
629,22,921,41.9
630,26,929,35.7
631,27,916,33.9
632,21,883,42.0
633,25,883,35.3
634,23,867,37.7
635,30,874,29.1
636,24,864,36.0
637,24,899,37.5
638,26,899,34.6
639,26,907,34.9
640,29,901,31.1
641,28,880,31.4
642,26,858,33.0
643,28,881,31.5
644,25,892,35.7
645,21,887,42.2
646,27,876,32.4
647,30,899,30.0
648,25,842,33.7
649,22,852,38.7
650,26,867,33.3
651,28,890,31.8
652,27,834,30.9
653,24,868,36.2
654,26,878,33.8
655,24,865,36.0
656,26,881,33.9
657,26,887,34.1
658,29,898,31.0
659,22,880,40.0
660,24,909,37.9
661,25,901,36.0
662,23,897,39.0
663,25,868,34.7
664,28,847,30.2
665,26,859,33.0
666,23,831,36.1
667,30,872,29.1
668,29,839,28.9
669,20,832,41.6
670,26,864,33.2
671,35,841,24.0
672,19,843,44.4
673,23,845,36.7
674,27,880,32.6
675,27,815,30.2
676,24,837,34.9
677,29,824,28.4
678,20,832,41.6
679,28,852,30.4
680,24,844,35.2
681,31,869,28.0
682,29,852,29.4
683,25,863,34.5
684,19,876,46.1
685,22,845,38.4
686,26,839,32.3
687,20,865,43.2
688,28,862,30.8
689,26,852,32.8
690,22,840,38.2
691,25,838,33.5
692,26,875,33.7
693,20,847,42.4
694,26,848,32.6
695,21,869,41.4
696,25,868,34.7
697,23,845,36.7
698,26,839,32.3
699,24,837,34.9
700,23,880,38.3
701,24,854,35.6
702,27,886,32.8
703,23,874,38.0
704,22,866,39.4
705,25,887,35.5
706,22,874,39.7
707,26,886,34.1
708,23,838,36.4
709,23,881,38.3
710,23,874,38.0
711,27,891,33.0
712,23,886,38.5
713,19,882,46.4
714,21,890,42.4
715,19,882,46.4
716,25,909,36.4
717,26,916,35.2
718,23,893,38.8
719,23,882,38.3
720,17,906,53.3
721,27,898,33.3
722,25,874,35.0
723,20,891,44.6
724,23,910,39.6
725,24,913,38.0
726,20,922,46.1
727,22,893,40.6
728,20,896,44.8
729,24,927,38.6
730,20,902,45.1
731,22,909,41.3
732,23,875,38.0
733,19,900,47.4
734,22,870,39.5
735,22,901,41.0
736,22,886,40.3
737,20,882,44.1
738,20,919,46.0
739,25,860,34.4
740,26,895,34.4
741,18,889,49.4
742,28,915,32.7
743,21,860,41.0
744,24,903,37.6
745,24,894,37.2
746,20,917,45.8
747,24,891,37.1
748,24,882,36.8
749,21,885,42.1
750,26,922,35.5
751,25,920,36.8
752,23,881,38.3
753,19,949,49.9
754,21,893,42.5
755,22,943,42.9
756,22,944,42.9
757,27,936,34.7
758,23,927,40.3
759,25,902,36.1
760,22,890,40.5
761,22,942,42.8
762,23,912,39.7
763,23,923,40.1
764,20,886,44.3
765,24,921,38.4
766,25,932,37.3
767,21,925,44.0
768,23,951,41.3
769,21,933,44.4
770,26,932,35.8
771,24,939,39.1
772,25,917,36.7
773,25,901,36.0
774,23,926,40.3
775,22,887,40.3
776,21,888,42.3
777,17,912,53.6
778,25,930,37.2
779,21,919,43.8
780,19,864,45.5
781,21,898,42.8
782,21,919,43.8
783,19,882,46.4
784,18,925,51.4
785,15,896,59.7
786,21,921,43.9
787,21,910,43.3
788,18,915,50.8
789,21,921,43.9
790,20,919,46.0
791,23,927,40.3
792,17,905,53.2
793,27,911,33.7
794,22,918,41.7
795,18,916,50.9
796,17,904,53.2
797,22,894,40.6
798,19,916,48.2
799,26,912,35.1
800,22,905,41.1
801,28,902,32.2
802,22,904,41.1
803,20,908,45.4
804,23,886,38.5
805,27,884,32.7
806,25,907,36.3
807,27,882,32.7
808,22,903,41.0
809,26,897,34.5
810,25,892,35.7
811,24,880,36.7
812,26,856,32.9
813,27,899,33.3
814,25,922,36.9
815,22,899,40.9
816,22,910,41.4
817,29,931,32.1
818,20,936,46.8
819,24,952,39.7
820,18,884,49.1
821,23,919,40.0
822,21,896,42.7
823,20,918,45.9
824,24,949,39.5
825,26,912,35.1
826,27,933,34.6
827,23,931,40.5
828,20,939,47.0
829,21,910,43.3
830,22,921,41.9
831,22,924,42.0
832,23,926,40.3
833,26,868,33.4
834,24,911,38.0
835,25,892,35.7
836,24,911,38.0
837,24,933,38.9
838,35,936,26.7
839,28,896,32.0
840,27,876,32.4
841,31,899,29.0
842,28,890,31.8
843,28,921,32.9
844,18,937,52.1
845,23,942,41.0
846,30,877,29.2
847,23,901,39.2
848,23,906,39.4
849,28,887,31.7
850,25,921,36.8
851,30,889,29.6
852,27,903,33.4
853,31,913,29.5
854,28,901,32.2
855,27,903,33.4
856,22,904,41.1
857,27,889,32.9
858,25,894,35.8
859,23,865,37.6
860,20,881,44.0
861,22,887,40.3
862,25,889,35.6
863,24,888,37.0
864,33,870,26.4
865,27,866,32.1
866,22,843,38.3
867,22,855,38.9
868,26,894,34.4
869,25,878,35.1
870,29,938,32.3
871,21,900,42.9
872,28,900,32.1
873,28,905,32.3
874,24,901,37.5
875,22,896,40.7
876,23,890,38.7
877,21,908,43.2
878,21,892,42.5
879,23,911,39.6
880,26,942,36.2
881,24,906,37.8
882,23,912,39.7
883,24,930,38.8
884,27,924,34.2
885,26,882,33.9
886,20,923,46.2
887,22,963,43.8
888,25,920,36.8
889,32,916,28.6
890,29,926,31.9
891,30,883,29.4
892,27,920,34.1
893,29,913,31.5
894,25,918,36.7
895,30,925,30.8
896,28,922,32.9
897,30,899,30.0
898,27,910,33.7
899,28,899,32.1
900,25,902,36.1
901,26,913,35.1
902,34,914,26.9
903,28,925,33.0
904,29,928,32.0
905,23,903,39.3
906,25,910,36.4
907,25,946,37.8
908,21,908,43.2
909,25,910,36.4
910,25,906,36.2
911,23,936,40.7
912,29,943,32.5
913,25,917,36.7
914,26,925,35.6
915,25,934,37.4
916,23,918,39.9
917,21,923,44.0
918,25,945,37.8
919,27,907,33.6
920,27,959,35.5
921,26,955,36.7
922,30,940,31.3
923,24,921,38.4
924,24,945,39.4
925,23,949,41.3
926,30,974,32.5
927,19,930,48.9
928,26,935,36.0
929,20,935,46.8
930,22,933,42.4
931,19,917,48.3
932,26,951,36.6
933,25,977,39.1
934,22,914,41.5
935,20,943,47.2
936,22,946,43.0
937,22,961,43.7
938,24,975,40.6
939,22,957,43.5
940,23,965,42.0
941,26,953,36.7
942,21,940,44.8
943,24,953,39.7
944,20,962,48.1
945,27,929,34.4
946,27,951,35.2
947,26,918,35.3
948,23,954,41.5
949,19,920,48.4
950,22,937,42.6
951,22,920,41.8
952,27,940,34.8
953,24,949,39.5
954,29,957,33.0
955,23,920,40.0
956,28,929,33.2
957,23,935,40.7
958,21,929,44.2
959,24,901,37.5
960,22,934,42.5
961,27,962,35.6
962,23,937,40.7
963,23,915,39.8
964,29,890,30.7
965,23,906,39.4
966,20,939,47.0
967,21,935,44.5
968,19,918,48.3
969,24,904,37.7
970,21,912,43.4
971,25,909,36.4
972,26,930,35.8
973,20,917,45.8
974,26,960,36.9
975,23,908,39.5
976,25,926,37.0
977,19,898,47.3
978,22,938,42.6
979,27,940,34.8
980,22,934,42.5
981,25,959,38.4
982,25,925,37.0
983,22,955,43.4
984,23,918,39.9
985,21,939,44.7
986,23,931,40.5
987,24,914,38.1
988,23,919,40.0
989,26,929,35.7
990,25,963,38.5
991,24,943,39.3
992,22,911,41.4
993,24,907,37.8
994,24,906,37.8
995,23,923,40.1
996,27,887,32.9
997,22,932,42.4
998,21,888,42.3
999,24,963,40.1
1000,23,916,39.8
1001,26,916,35.2
1002,25,920,36.8
1003,23,950,41.3
1004,19,916,48.2
1005,21,927,44.1
1006,28,934,33.4
1007,27,956,35.4
1008,25,925,37.0
1009,22,906,41.2
1010,26,894,34.4
1011,28,931,33.2
1012,25,897,35.9
1013,20,940,47.0
1014,18,951,52.8
1015,22,934,42.5
1016,24,933,38.9
1017,25,932,37.3
1018,20,922,46.1
1019,22,956,43.5
1020,26,933,35.9
1021,20,896,44.8
1022,19,962,50.6
1023,24,917,38.2
1024,28,926,33.1
1025,19,909,47.8
1026,25,939,37.6
1027,27,924,34.2
1028,26,937,36.0
1029,25,880,35.2
1030,19,913,48.1
1031,24,920,38.3
1032,24,914,38.1
1033,29,925,31.9
1034,21,932,44.4
1035,26,939,36.1
1036,20,958,47.9
1037,25,956,38.2
1038,25,929,37.2
1039,24,955,39.8
1040,21,931,44.3
1041,25,921,36.8
1042,26,935,36.0
1043,21,920,43.8
1044,23,948,41.2
1045,23,951,41.3
1046,22,965,43.9
1047,22,954,43.4
1048,22,966,43.9
1049,25,975,39.0
1050,22,890,40.5
1051,30,954,31.8
1052,29,946,32.6
1053,21,896,42.7
1054,23,892,38.8
1055,23,928,40.3
1056,27,921,34.1
1057,24,916,38.2
1058,24,942,39.2
1059,27,920,34.1
1060,25,927,37.1
1061,24,954,39.8
1062,20,928,46.4
1063,25,941,37.6
1064,20,898,44.9
1065,24,933,38.9
1066,22,913,41.5
1067,22,930,42.3
1068,26,945,36.3
1069,25,913,36.5
1070,27,936,34.7
1071,28,918,32.8
1072,28,901,32.2
1073,29,909,31.3
1074,27,897,33.2
1075,24,909,37.9
1076,31,912,29.4
1077,19,902,47.5
1078,25,907,36.3
1079,25,909,36.4
1080,27,911,33.7
1081,23,898,39.0
1082,27,891,33.0
1083,26,903,34.7
1084,27,886,32.8
1085,24,882,36.8
1086,27,881,32.6
1087,25,902,36.1
1088,22,896,40.7
1089,28,880,31.4
1090,22,920,41.8
1091,24,890,37.1
1092,21,893,42.5
1093,22,947,43.0
1094,29,920,31.7
1095,22,908,41.3
1096,20,881,44.0
1097,24,926,38.6
1098,22,888,40.4
1099,21,877,41.8
1100,25,874,35.0
1101,28,892,31.9
1102,26,907,34.9
1103,24,883,36.8
1104,21,889,42.3
1105,25,870,34.8
1106,22,869,39.5
1107,24,880,36.7
1108,24,917,38.2
1109,22,905,41.1
1110,24,902,37.6
1111,21,905,43.1
1112,29,883,30.4
1113,19,905,47.6
1114,21,904,43.0
1115,18,886,49.2
1116,22,926,42.1
1117,26,937,36.0
1118,24,940,39.2
1119,18,877,48.7
1120,21,911,43.4
1121,16,909,56.8
1122,20,881,44.0
1123,20,954,47.7
1124,17,932,54.8
1125,24,945,39.4
1126,21,926,44.1
1127,21,915,43.6
1128,28,960,34.3
1129,23,944,41.0
1130,24,894,37.2
1131,19,915,48.2
1132,21,926,44.1
1133,21,959,45.7
1134,19,932,49.1
1135,20,955,47.8
1136,23,961,41.8
1137,27,966,35.8
1138,23,956,41.6
1139,26,956,36.8
1140,26,979,37.7
1141,23,953,41.4
1142,19,947,49.8
1143,19,945,49.7
1144,21,918,43.7
1145,27,972,36.0
1146,20,917,45.8
1147,23,948,41.2
1148,19,967,50.9
1149,20,939,47.0
1150,25,935,37.4
1151,19,934,49.2
1152,21,967,46.0
1153,20,955,47.8
1154,24,927,38.6
1155,19,920,48.4
1156,22,949,43.1
1157,19,957,50.4
1158,27,951,35.2
1159,17,957,56.3
1160,21,944,45.0
1161,15,939,62.6
1162,20,927,46.4
1163,25,928,37.1
1164,21,954,45.4
1165,13,938,72.2
1166,16,951,59.4
1167,21,965,46.0
1168,20,958,47.9
1169,18,946,52.6
1170,20,968,48.4
1171,15,984,65.6
1172,17,963,56.6
1173,23,938,40.8
1174,21,934,44.5
1175,21,948,45.1
1176,23,969,42.1
1177,22,959,43.6
1178,24,975,40.6
1179,16,927,57.9
1180,19,959,50.5
1181,16,939,58.7
1182,19,899,47.3
1183,22,939,42.7
1184,23,952,41.4
1185,20,977,48.8
1186,19,923,48.6
1187,19,942,49.6
1188,22,951,43.2
1189,23,958,41.7
1190,17,967,56.9
1191,25,956,38.2
1192,19,942,49.6
1193,19,983,51.7
1194,16,926,57.9
1195,15,957,63.8
1196,16,935,58.4
1197,22,920,41.8
1198,16,924,57.8
1199,19,937,49.3
1200,16,944,59.0
1201,19,970,51.1
1202,17,965,56.8
1203,16,944,59.0
1204,15,943,62.9
1205,16,958,59.9
1206,17,959,56.4
1207,17,973,57.2
1208,17,941,55.4
1209,23,946,41.1
1210,18,951,52.8
1211,22,972,44.2
1212,20,945,47.2
1213,22,937,42.6
1214,19,955,50.3
1215,23,945,41.1
1216,17,959,56.4
1217,21,961,45.8
1218,21,987,47.0
1219,18,937,52.1
1220,18,954,53.0
1221,20,977,48.8
1222,21,932,44.4
1223,19,964,50.7
1224,15,956,63.7
1225,19,982,51.7
1226,18,944,52.4
1227,14,972,69.4
1228,18,964,53.6
1229,18,971,53.9
1230,16,1008,63.0
1231,15,970,64.7
1232,16,955,59.7
1233,17,963,56.6
1234,15,971,64.7
1235,18,947,52.6
1236,17,980,57.6
1237,19,993,52.3
1238,16,960,60.0
1239,14,967,69.1
1240,19,986,51.9
1241,18,941,52.3
1242,21,977,46.5
1243,17,961,56.5
1244,13,951,73.2
1245,13,969,74.5
1246,21,985,46.9
1247,18,971,53.9
1248,17,949,55.8
1249,15,931,62.1
1250,12,956,79.7
1251,19,981,51.6
1252,18,970,53.9
1253,18,953,52.9
1254,23,986,42.9
1255,15,983,65.5
1256,19,934,49.2
1257,17,960,56.5
1258,18,957,53.2
1259,17,961,56.5
1260,15,970,64.7
1261,20,981,49.0
1262,26,951,36.6
1263,24,999,41.6
1264,21,963,45.9
1265,21,958,45.6
1266,20,998,49.9
1267,21,992,47.2
1268,16,984,61.5
1269,19,959,50.5
1270,17,931,54.8
1271,18,872,48.4
1272,26,940,36.2
1273,22,941,42.8
1274,21,913,43.5
1275,22,935,42.5
1276,18,917,50.9
1277,13,913,70.2
1278,19,919,48.4
1279,20,979,49.0
1280,19,976,51.4
1281,23,963,41.9
1282,17,990,58.2
1283,13,983,75.6
1284,16,990,61.9
1285,19,981,51.6
1286,22,993,45.1
1287,14,974,69.6
1288,17,996,58.6
1289,21,961,45.8
1290,22,994,45.2
1291,18,994,55.2
1292,20,998,49.9
1293,20,921,46.0
1294,18,916,50.9
1295,19,951,50.1
1296,22,920,41.8
1297,20,924,46.2
1298,20,948,47.4
1299,27,1001,37.1
1300,20,1000,50.0
1301,20,964,48.2
1302,17,972,57.2
1303,21,994,47.3
1304,16,981,61.3
1305,14,940,67.1
1306,18,1011,56.2
1307,16,983,61.4
1308,15,1000,66.7
1309,15,963,64.2
1310,19,992,52.2
1311,16,977,61.1
1312,16,976,61.0
1313,16,960,60.0
1314,17,978,57.5
1315,18,972,54.0
1316,19,970,51.1
1317,20,979,49.0
1318,21,1001,47.7
1319,16,964,60.2
1320,18,966,53.7
1321,22,965,43.9
1322,18,970,53.9
1323,12,1035,86.2
1324,12,1026,85.5
1325,16,954,59.6
1326,21,972,46.3
1327,14,954,68.1
1328,19,978,51.5
1329,18,995,55.3
1330,21,997,47.5
1331,14,954,68.1
1332,13,1021,78.5
1333,15,981,65.4
1334,13,1070,82.3
1335,15,1047,69.8
1336,12,1040,86.7
1337,12,1035,86.2
1338,14,1063,75.9
1339,12,1042,86.8
1340,13,1046,80.5
1341,17,979,57.6
1342,17,969,57.0
1343,14,958,68.4
1344,17,965,56.8
1345,17,944,55.5
1346,13,987,75.9
1347,12,989,82.4
1348,20,979,49.0
1349,15,985,65.7
1350,20,956,47.8
1351,16,991,61.9
1352,20,959,48.0
1353,16,979,61.2
1354,19,984,51.8
1355,19,975,51.3
1356,17,966,56.8
1357,18,981,54.5
1358,20,992,49.6
1359,17,1016,59.8
1360,15,983,65.5
1361,10,1011,101.1
1362,17,1001,58.9
1363,12,1001,83.4
1364,9,1010,112.2
1365,13,1022,78.6
1366,14,1030,73.6
1367,22,994,45.2
1368,13,997,76.7
1369,14,1042,74.4
1370,11,1021,92.8
1371,15,1015,67.7
1372,16,1014,63.4
1373,14,1027,73.4
1374,9,999,111.0
1375,13,972,74.8
1376,14,1001,71.5
1377,17,1005,59.1
1378,11,997,90.6
1379,10,998,99.8
1380,16,1014,63.4
1381,10,982,98.2
1382,13,1014,78.0
1383,16,1001,62.6
1384,18,989,54.9
1385,16,991,61.9
1386,17,953,56.1
1387,14,977,69.8
1388,16,981,61.3
1389,14,950,67.9
1390,16,1001,62.6
1391,14,1039,74.2
1392,13,1002,77.1
1393,16,987,61.7
1394,13,989,76.1
1395,11,996,90.5
1396,15,1021,68.1
1397,16,1029,64.3
1398,13,999,76.8
1399,18,1015,56.4
1400,12,995,82.9
1401,15,997,66.5
1402,13,964,74.2
1403,12,981,81.8
1404,16,1000,62.5
1405,18,980,54.4
1406,14,993,70.9
1407,13,971,74.7
1408,19,979,51.5
1409,14,986,70.4
1410,16,996,62.2
1411,16,1023,63.9
1412,15,1020,68.0
1413,15,976,65.1
1414,15,1009,67.3
1415,11,1004,91.3
1416,15,995,66.3
1417,12,994,82.8
1418,18,1006,55.9
1419,9,1011,112.3
1420,12,983,81.9
1421,15,1040,69.3
1422,18,1016,56.4
1423,16,1010,63.1
1424,16,1015,63.4
1425,12,1011,84.2
1426,14,1010,72.1
1427,14,992,70.9
1428,13,1001,77.0
1429,16,1005,62.8
1430,21,994,47.3
1431,12,987,82.2
1432,12,1007,83.9
1433,13,992,76.3
1434,12,1013,84.4
1435,13,1036,79.7
1436,12,1018,84.8
1437,12,1021,85.1
1438,10,1006,100.6
1439,13,1006,77.4
1440,11,1019,92.6
1441,17,1022,60.1
1442,13,1008,77.5
1443,15,993,66.2
1444,18,1012,56.2
1445,16,1020,63.8
1446,12,1006,83.8
1447,15,1021,68.1
1448,14,1007,71.9
1449,11,1011,91.9
1450,11,1016,92.4
1451,9,976,108.4
1452,11,989,89.9
1453,13,1013,77.9
1454,15,1033,68.9
1455,10,978,97.8
1456,17,981,57.7
1457,14,1026,73.3
1458,13,1024,78.8
1459,14,995,71.1
1460,16,1017,63.6
1461,13,1031,79.3
1462,15,1023,68.2
1463,14,1038,74.1
1464,10,1014,101.4
1465,13,974,74.9
1466,12,938,78.2
1467,18,1021,56.7
1468,14,1023,73.1
1469,13,974,74.9
1470,14,1005,71.8
1471,12,1021,85.1
1472,13,989,76.1
1473,12,1027,85.6
1474,10,994,99.4
1475,13,1022,78.6
1476,10,1026,102.6
1477,14,1016,72.6
1478,12,1054,87.8
1479,14,934,66.7
1480,16,961,60.1
1481,13,975,75.0
1482,13,967,74.4
1483,14,1001,71.5
1484,13,971,74.7
1485,19,980,51.6
1486,12,989,82.4
1487,22,979,44.5
1488,13,1015,78.1
1489,12,1003,83.6
1490,12,1013,84.4
1491,20,958,47.9
1492,15,957,63.8
1493,12,1004,83.7
1494,14,992,70.9
1495,11,1003,91.2
1496,13,989,76.1
1497,12,987,82.2
1498,16,989,61.8
1499,12,1020,85.0
1500,14,1018,72.7
1501,14,1007,71.9
1502,15,992,66.1
1503,9,1011,112.3
1504,12,1009,84.1
1505,11,1006,91.5
1506,11,1001,91.0
1507,12,1025,85.4
1508,12,1015,84.6
1509,10,1028,102.8
1510,12,1007,83.9
1511,12,978,81.5
1512,15,1015,67.7
1513,15,1011,67.4
1514,17,1006,59.2
1515,14,1002,71.6
1516,11,999,90.8
1517,16,1002,62.6
1518,17,1009,59.4
1519,11,1004,91.3
1520,11,1009,91.7
1521,19,986,51.9
1522,12,1022,85.2
1523,12,1006,83.8
1524,14,1031,73.6
1525,13,1036,79.7
1526,12,1016,84.7
1527,17,1004,59.1
1528,19,1047,55.1
1529,12,1012,84.3
1530,11,1010,91.8
1531,20,964,48.2
1532,10,980,98.0
1533,12,982,81.8
1534,14,976,69.7
1535,11,961,87.4
1536,10,983,98.3
1537,13,994,76.5
1538,16,998,62.4
1539,12,1006,83.8
1540,13,984,75.7
1541,18,985,54.7
1542,13,1021,78.5
1543,17,996,58.6
1544,12,1000,83.3
1545,14,1006,71.9
1546,12,1021,85.1
1547,11,999,90.8
1548,18,1019,56.6
1549,15,1005,67.0
1550,14,1006,71.9
1551,14,976,69.7
1552,14,985,70.4
1553,18,1014,56.3
1554,11,1004,91.3
1555,12,987,82.2
1556,15,1018,67.9
1557,12,1010,84.2
1558,13,981,75.5
1559,17,1034,60.8
1560,11,1004,91.3
1561,15,1032,68.8
1562,14,1004,71.7
1563,12,978,81.5
1564,12,1031,85.9
1565,15,1001,66.7
1566,11,990,90.0
1567,15,1003,66.9
1568,14,1015,72.5
1569,10,1021,102.1
1570,13,1021,78.5
1571,15,1017,67.8
1572,9,1028,114.2
1573,13,1011,77.8
1574,8,1001,125.1
1575,14,992,70.9
1576,13,994,76.5
1577,12,1031,85.9
1578,13,981,75.5
1579,12,1000,83.3
1580,13,1028,79.1
1581,11,988,89.8
1582,11,1000,90.9
1583,11,1017,92.5
1584,8,1030,128.8
1585,11,1022,92.9
1586,10,1004,100.4
1587,8,1027,128.4
1588,8,1019,127.4
1589,10,1024,102.4
1590,9,1015,112.8
1591,9,1003,111.4
1592,12,1016,84.7
1593,7,1015,145.0
1594,11,1031,93.7
1595,12,1018,84.8
1596,9,1037,115.2
1597,9,1011,112.3
1598,8,1010,126.2
1599,9,1041,115.7
1600,11,1044,94.9
1601,8,998,124.8
1602,10,1022,102.2
1603,10,1040,104.0
1604,10,1002,100.2
1605,11,1026,93.3
1606,9,1015,112.8
1607,14,1006,71.9
1608,9,980,108.9
1609,9,1006,111.8
1610,11,997,90.6
1611,16,1009,63.1
1612,13,1027,79.0
1613,11,1029,93.5
1614,10,1007,100.7
1615,13,1047,80.5
1616,14,1024,73.1
1617,11,1004,91.3
1618,15,1026,68.4
1619,9,1022,113.6
1620,14,994,71.0
1621,10,1004,100.4
1622,10,1008,100.8
1623,14,1038,74.1
1624,9,1040,115.6
1625,12,1050,87.5
1626,13,1024,78.8
1627,10,1045,104.5
1628,14,1007,71.9
1629,7,1019,145.6
1630,14,1011,72.2
1631,9,1012,112.4
1632,11,1002,91.1
1633,14,1027,73.4
1634,9,1002,111.3
1635,14,1030,73.6
1636,12,1032,86.0
1637,10,988,98.8
1638,8,1023,127.9
1639,7,1010,144.3
1640,8,1021,127.6
1641,12,1017,84.8
1642,9,1012,112.4
1643,16,994,62.1
1644,12,1012,84.3
1645,12,986,82.2
1646,9,991,110.1
1647,11,1007,91.5
1648,15,1021,68.1
1649,10,1019,101.9
1650,12,1034,86.2
1651,11,1022,92.9
1652,12,1014,84.5
1653,10,1024,102.4
1654,14,1015,72.5
1655,10,1006,100.6
1656,11,1018,92.5
1657,10,1019,101.9
1658,11,1028,93.5
1659,10,1035,103.5
1660,12,1042,86.8
1661,11,1016,92.4
1662,11,1003,91.2
1663,13,1028,79.1
1664,13,1007,77.5
1665,11,1025,93.2
1666,10,1048,104.8
1667,13,988,76.0
1668,10,1036,103.6
1669,16,991,61.9
1670,10,1002,100.2
1671,15,1027,68.5
1672,9,1007,111.9
1673,13,1004,77.2
1674,10,1020,102.0
1675,7,998,142.6
1676,11,1021,92.8
1677,9,976,108.4
1678,9,990,110.0
1679,11,1000,90.9
1680,8,1019,127.4
1681,12,1025,85.4
1682,7,1027,146.7
1683,9,1032,114.7
1684,12,1020,85.0
1685,7,1022,146.0
1686,12,1019,84.9
1687,11,1016,92.4
1688,8,979,122.4
1689,11,1025,93.2
1690,11,1010,91.8
1691,15,1043,69.5
1692,8,1051,131.4
1693,13,1037,79.8
1694,16,1036,64.8
1695,7,1038,148.3
1696,13,1027,79.0
1697,9,1010,112.2
1698,12,1010,84.2
1699,14,1015,72.5
1700,12,1035,86.2
1701,13,1004,77.2
1702,14,1013,72.4
1703,13,1022,78.6
1704,11,1019,92.6
1705,10,1039,103.9
1706,12,1025,85.4
1707,9,1019,113.2
1708,11,1020,92.7
1709,8,1025,128.1
1710,11,997,90.6
1711,12,1019,84.9
1712,12,1013,84.4
1713,11,1002,91.1
1714,10,1016,101.6
1715,9,1010,112.2
1716,12,1009,84.1
1717,12,1012,84.3
1718,8,1024,128.0
1719,10,1000,100.0
1720,9,1009,112.1
1721,13,1012,77.8
1722,11,1014,92.2
1723,11,1001,91.0
1724,11,1056,96.0
1725,8,1005,125.6
1726,6,1032,172.0
1727,8,1018,127.2
1728,10,1017,101.7
1729,12,1030,85.8
1730,8,1051,131.4
1731,10,1023,102.3
1732,12,1017,84.8
1733,10,1025,102.5
1734,11,1002,91.1
1735,9,1036,115.1
1736,10,1027,102.7
1737,9,1008,112.0
1738,13,1020,78.5
1739,11,1000,90.9
1740,11,1023,93.0
1741,12,1040,86.7
1742,11,1006,91.5
1743,7,1009,144.1
1744,9,991,110.1
1745,8,1016,127.0
1746,9,1030,114.4
1747,11,1022,92.9
1748,14,1050,75.0
1749,12,1024,85.3
1750,14,1013,72.4
1751,10,1017,101.7
1752,6,1024,170.7
1753,10,1015,101.5
1754,9,1008,112.0
1755,10,1049,104.9
1756,11,1034,94.0
1757,10,1049,104.9
1758,11,1016,92.4
1759,10,1044,104.4
1760,10,1052,105.2
1761,9,1018,113.1
1762,11,1035,94.1
1763,14,1033,73.8
1764,13,1020,78.5
1765,15,991,66.1
1766,11,993,90.3
1767,16,1018,63.6
1768,12,994,82.8
1769,8,1008,126.0
1770,17,1009,59.4
1771,5,1015,203.0
1772,8,1033,129.1
1773,11,1000,90.9
1774,8,1000,125.0
1775,8,1008,126.0
1776,8,1027,128.4
1777,11,1010,91.8
1778,11,1031,93.7
1779,11,984,89.5
1780,11,1041,94.6
1781,15,1006,67.1
1782,13,1046,80.5
1783,12,1011,84.2
1784,16,1028,64.2
1785,14,1017,72.6
1786,7,1024,146.3
1787,10,1010,101.0
1788,10,1023,102.3
1789,9,1018,113.1
1790,10,1014,101.4
1791,12,1005,83.8
1792,10,1052,105.2
1793,9,1024,113.8
1794,14,1025,73.2
1795,9,998,110.9
1796,12,1030,85.8
1797,11,1014,92.2
1798,10,1011,101.1
1799,12,1006,83.8
1800,14,1035,73.9
1801,10,1007,100.7
1802,15,1030,68.7
1803,12,1016,84.7
1804,15,1024,68.3
1805,11,1011,91.9
1806,11,980,89.1
1807,13,1008,77.5
1808,12,1035,86.2
1809,10,1008,100.8
1810,12,1019,84.9
1811,12,1022,85.2
1812,16,1024,64.0
1813,14,1019,72.8
1814,10,1019,101.9
1815,10,988,98.8
1816,10,1000,100.0
1817,19,1012,53.3
1818,13,1024,78.8
1819,11,1000,90.9
1820,13,1016,78.2
1821,11,977,88.8
1822,10,1021,102.1
1823,18,1027,57.1
1824,15,978,65.2
1825,14,1027,73.4
1826,14,1009,72.1
1827,14,1002,71.6
1828,13,1004,77.2
1829,15,980,65.3
1830,11,1018,92.5
1831,10,1001,100.1
1832,11,1025,93.2
1833,12,1039,86.6
1834,12,1008,84.0
1835,11,1002,91.1
1836,13,1012,77.8
1837,11,985,89.5
1838,14,1003,71.6
1839,11,1022,92.9
1840,9,1008,112.0
1841,11,1009,91.7
1842,11,1006,91.5
1843,9,991,110.1
1844,8,1028,128.5
1845,12,1010,84.2
1846,13,1053,81.0
1847,9,1055,117.2
1848,12,1018,84.8
1849,10,1013,101.3
1850,7,1019,145.6
1851,11,1017,92.5
1852,13,1007,77.5
1853,10,991,99.1
1854,10,1006,100.6
1855,12,985,82.1
1856,12,1007,83.9
1857,12,1011,84.2
1858,9,995,110.6
1859,10,1023,102.3
1860,9,995,110.6
1861,10,993,99.3
1862,12,981,81.8
1863,14,981,70.1
1864,9,1001,111.2
1865,9,1011,112.3
1866,11,1005,91.4
1867,13,1012,77.8
1868,7,1003,143.3
1869,11,1012,92.0
1870,12,1029,85.8
1871,10,1016,101.6
1872,10,1008,100.8
1873,13,1028,79.1
1874,14,989,70.6
1875,15,1009,67.3
1876,13,1005,77.3
1877,9,994,110.4
1878,13,1010,77.7
1879,14,977,69.8
1880,16,1011,63.2
1881,9,988,109.8
1882,14,992,70.9
1883,14,1002,71.6
1884,17,1013,59.6
1885,11,986,89.6
1886,13,1000,76.9
1887,11,1005,91.4
1888,13,1010,77.7
1889,11,1005,91.4
1890,16,983,61.4
1891,17,960,56.5
1892,18,996,55.3
1893,9,1021,113.4
1894,9,1008,112.0
1895,11,965,87.7
1896,7,1019,145.6
1897,9,1022,113.6
1898,12,1024,85.3
1899,10,1028,102.8
1900,14,1021,72.9
1901,18,995,55.3
1902,16,996,62.2
1903,15,1002,66.8
1904,16,985,61.6
1905,13,1002,77.1
1906,15,964,64.3
1907,13,1000,76.9
1908,9,1006,111.8
1909,11,947,86.1
1910,14,973,69.5
1911,11,1018,92.5
1912,12,1001,83.4
1913,17,1008,59.3
1914,18,975,54.2
1915,10,956,95.6
1916,11,1029,93.5
1917,9,1028,114.2
1918,6,1018,169.7
1919,9,1035,115.0
1920,11,1033,93.9
1921,14,1017,72.6
1922,15,995,66.3
1923,8,1009,126.1
1924,10,1017,101.7
1925,12,1007,83.9
1926,12,999,83.2
1927,13,998,76.8
1928,8,993,124.1
1929,14,987,70.5
1930,15,1000,66.7
1931,10,1025,102.5
1932,13,997,76.7
1933,8,1022,127.8
1934,8,1031,128.9
1935,9,1027,114.1
1936,11,1006,91.5
1937,9,1030,114.4
1938,11,1009,91.7
1939,9,1017,113.0
1940,10,998,99.8
1941,12,1037,86.4
1942,11,1030,93.6
1943,14,1023,73.1
1944,9,1025,113.9
1945,11,1024,93.1
1946,12,1000,83.3
1947,11,1031,93.7
1948,10,1029,102.9
1949,12,1008,84.0
1950,14,1017,72.6
1951,11,998,90.7
1952,12,1027,85.6
1953,14,1033,73.8
1954,11,1006,91.5
1955,10,1026,102.6
1956,11,1019,92.6
1957,9,1014,112.7
1958,10,1005,100.5
1959,10,1024,102.4
1960,9,1014,112.7
1961,7,1033,147.6
1962,13,1057,81.3
1963,8,1014,126.8
1964,13,1012,77.8
1965,7,1043,149.0
1966,11,1037,94.3
1967,15,1054,70.3
1968,9,1022,113.6
1969,11,1059,96.3
1970,11,1027,93.4
1971,10,1023,102.3
1972,10,1031,103.1
1973,13,1006,77.4
1974,8,1004,125.5
1975,8,1003,125.4
1976,9,1015,112.8
1977,10,1006,100.6
1978,8,1015,126.9
1979,9,1029,114.3
1980,14,1009,72.1
1981,12,1015,84.6
1982,12,1005,83.8
1983,16,1001,62.6
1984,10,997,99.7
1985,9,1018,113.1
1986,12,1015,84.6
1987,9,1014,112.7
1988,15,1019,67.9
1989,13,997,76.7
1990,13,1015,78.1
1991,12,1032,86.0
1992,10,1021,102.1
1993,13,1028,79.1
1994,15,1017,67.8
1995,11,1017,92.5
1996,15,1041,69.4
1997,9,1025,113.9
1998,15,1037,69.1
1999,10,1018,101.8
2000,14,1027,73.4
2001,7,1021,145.9
2002,12,1007,83.9
2003,12,1029,85.8
2004,12,1017,84.8
2005,11,1022,92.9
2006,10,1036,103.6
2007,13,1047,80.5
2008,8,1020,127.5
2009,11,1025,93.2
2010,10,1029,102.9
2011,15,1042,69.5
2012,11,1020,92.7
2013,11,1018,92.5
2014,10,1024,102.4
2015,13,1019,78.4
2016,15,1048,69.9
2017,10,1004,100.4
2018,10,1013,101.3
2019,11,1031,93.7
2020,11,1029,93.5
2021,11,1022,92.9
2022,10,1035,103.5
2023,10,1015,101.5
2024,13,1033,79.5
2025,11,1012,92.0
2026,11,991,90.1
2027,13,1022,78.6
2028,15,1013,67.5
2029,12,1034,86.2
2030,14,1015,72.5
2031,13,997,76.7
2032,9,1031,114.6
2033,15,1047,69.8
2034,13,1017,78.2
2035,14,1024,73.1
2036,12,1023,85.2
2037,12,1035,86.2
2038,13,1020,78.5
2039,12,1020,85.0
2040,10,1005,100.5
2041,11,1020,92.7
2042,14,1016,72.6
2043,9,1007,111.9
2044,10,1015,101.5
2045,12,1008,84.0
2046,10,1017,101.7
2047,16,1010,63.1
2048,8,991,123.9
2049,14,996,71.1
2050,12,1016,84.7
2051,13,993,76.4
2052,11,994,90.4
2053,9,1009,112.1
2054,12,999,83.2
2055,10,1000,100.0
2056,8,1007,125.9
2057,15,1026,68.4
2058,10,1012,101.2
2059,13,1037,79.8
2060,14,999,71.4
2061,15,995,66.3
2062,10,1014,101.4
2063,19,1012,53.3
2064,12,1026,85.5
2065,11,1003,91.2
2066,10,1003,100.3
2067,13,1013,77.9
2068,13,986,75.8
2069,12,1024,85.3
2070,10,1000,100.0
2071,14,1001,71.5
2072,12,1032,86.0
2073,14,1009,72.1
2074,11,1011,91.9
2075,15,1027,68.5
2076,13,994,76.5
2077,13,1027,79.0
2078,12,1007,83.9
2079,14,1021,72.9
2080,12,1019,84.9
2081,13,1014,78.0
2082,13,994,76.5
2083,13,1005,77.3
2084,11,1007,91.5
2085,15,995,66.3
2086,14,1015,72.5
2087,12,1019,84.9
2088,15,1036,69.1
2089,17,1012,59.5
2090,12,1007,83.9
2091,14,1036,74.0
2092,14,1024,73.1
2093,14,1005,71.8
2094,11,990,90.0
2095,18,1003,55.7
2096,14,1010,72.1
2097,14,1008,72.0
2098,14,998,71.3
2099,14,1009,72.1
2100,11,972,88.4
2101,10,986,98.6
2102,16,986,61.6
2103,17,1003,59.0
2104,17,993,58.4
2105,15,1010,67.3
2106,17,983,57.8
2107,12,990,82.5
2108,16,1000,62.5
2109,14,1000,71.4
2110,13,968,74.5
2111,14,934,66.7
2112,17,972,57.2
2113,7,986,140.9
2114,19,913,48.1
2115,12,1005,83.8
2116,13,997,76.7
2117,14,1022,73.0
2118,17,942,55.4
2119,17,1014,59.6
2120,12,987,82.2
2121,16,1018,63.6
2122,13,1010,77.7
2123,17,927,54.5
2124,9,1003,111.4
2125,7,991,141.6
2126,11,1008,91.6
2127,12,1035,86.2
2128,17,1003,59.0
2129,10,1014,101.4
2130,12,1023,85.2
2131,14,1028,73.4
2132,10,984,98.4
2133,11,994,90.4
2134,11,974,88.5
2135,14,999,71.4
2136,10,1015,101.5
2137,12,1019,84.9
2138,11,994,90.4
2139,18,1012,56.2
2140,10,991,99.1
2141,14,1007,71.9
2142,10,973,97.3
2143,15,981,65.4
2144,10,1000,100.0
2145,15,910,60.7
2146,11,1022,92.9
2147,16,894,55.9
2148,23,958,41.7
2149,20,941,47.0
2150,18,938,52.1
2151,13,890,68.5
2152,18,1032,57.3
2153,10,990,99.0
2154,11,1007,91.5
2155,13,1023,78.7
2156,13,1016,78.2
2157,15,1025,68.3
2158,13,1015,78.1
2159,10,996,99.6
2160,15,1028,68.5
2161,17,949,55.8
2162,18,937,52.1
2163,16,928,58.0
2164,22,969,44.0
2165,20,921,46.0
2166,21,910,43.3
2167,18,899,49.9
2168,10,972,97.2
2169,17,1028,60.5
2170,13,966,74.3
2171,10,997,99.7
2172,13,928,71.4
2173,17,932,54.8
2174,15,986,65.7
2175,11,1008,91.6
2176,19,965,50.8
2177,20,944,47.2
2178,19,910,47.9
2179,20,934,46.7
2180,22,918,41.7
2181,17,929,54.6
2182,19,912,48.0
2183,22,947,43.0
2184,21,952,45.3
2185,14,923,65.9
2186,9,1037,115.2
2187,15,897,59.8
2188,13,926,71.2
2189,15,912,60.8
2190,14,909,64.9
2191,15,919,61.3
2192,20,925,46.2
2193,13,909,69.9
2194,18,927,51.5
2195,17,908,53.4
2196,16,949,59.3
2197,12,925,77.1
2198,18,939,52.2
2199,7,1007,143.9
2200,12,994,82.8
2201,10,999,99.9
2202,8,1015,126.9
2203,13,1020,78.5
2204,15,1010,67.3
2205,11,991,90.1
2206,11,1006,91.5
2207,15,1007,67.1
2208,11,970,88.2
2209,10,1004,100.4
2210,13,1011,77.8
2211,10,980,98.0
2212,11,999,90.8
2213,13,1006,77.4
2214,9,996,110.7
2215,13,1014,78.0
2216,11,982,89.3
2217,13,1010,77.7
2218,9,1004,111.6
2219,11,1029,93.5
2220,17,1023,60.2
2221,11,1012,92.0
2222,8,1010,126.2
2223,12,1031,85.9
2224,14,985,70.4
2225,13,990,76.2
2226,9,1010,112.2
2227,8,1037,129.6
2228,10,1025,102.5
2229,7,1031,147.3
2230,7,1039,148.4
2231,10,1040,104.0
2232,10,1029,102.9
2233,11,1008,91.6
2234,12,1037,86.4
2235,9,1028,114.2
2236,11,1022,92.9
2237,14,1018,72.7
2238,11,1020,92.7
2239,11,1029,93.5
2240,7,997,142.4
2241,8,1013,126.6
2242,12,1042,86.8
2243,16,1037,64.8
2244,7,1019,145.6
2245,8,1004,125.5
2246,9,1049,116.6
2247,10,1011,101.1
2248,9,1035,115.0
2249,10,1034,103.4
2250,11,1046,95.1
2251,8,1039,129.9
2252,11,1047,95.2
2253,11,1043,94.8
2254,9,1057,117.4
2255,8,1014,126.8
2256,11,1022,92.9
2257,10,1025,102.5
2258,11,1053,95.7
2259,7,1040,148.6
2260,10,1021,102.1
2261,12,1017,84.8
2262,10,1031,103.1
2263,12,1020,85.0
2264,9,1021,113.4
2265,10,1042,104.2
2266,10,1032,103.2
2267,9,1027,114.1
2268,7,1007,143.9
2269,9,1010,112.2
2270,9,997,110.8
2271,12,1020,85.0
2272,9,1013,112.6
2273,10,997,99.7
2274,10,987,98.7
2275,12,1012,84.3
2276,10,1016,101.6
2277,13,1005,77.3
2278,9,1043,115.9
2279,6,1017,169.5
2280,10,1007,100.7
2281,12,1025,85.4
2282,10,1034,103.4
2283,10,1039,103.9
2284,6,1025,170.8
2285,10,1046,104.6
2286,9,1036,115.1
2287,10,1030,103.0
2288,8,1006,125.8
2289,10,1043,104.3
2290,12,1011,84.2
2291,10,1012,101.2
2292,10,1023,102.3
2293,10,1044,104.4
2294,8,1042,130.2
2295,7,1021,145.9
2296,11,1038,94.4
2297,7,1032,147.4
2298,9,1024,113.8
2299,7,1012,144.6
2300,8,1033,129.1
2301,8,1015,126.9
2302,13,1043,80.2
2303,9,1028,114.2
2304,9,1054,117.1
2305,9,1037,115.2
2306,13,1022,78.6
2307,13,1011,77.8
2308,14,1007,71.9
2309,11,1017,92.5
2310,10,1002,100.2
2311,10,1023,102.3
2312,9,1031,114.6
2313,12,1002,83.5
2314,10,1008,100.8
2315,10,988,98.8
2316,15,1006,67.1
2317,11,1018,92.5
2318,12,993,82.8
2319,19,1007,53.0
2320,10,1016,101.6
2321,11,985,89.5
2322,14,1024,73.1
2323,11,1021,92.8
2324,15,1008,67.2
2325,12,986,82.2
2326,12,1042,86.8
2327,13,1024,78.8
2328,14,997,71.2
2329,12,1023,85.2
2330,12,1023,85.2
2331,9,1088,120.9
2332,6,1057,176.2
2333,10,1055,105.5
2334,8,1028,128.5
2335,6,1077,179.5
2336,17,1025,60.3
2337,7,1055,150.7
2338,15,1002,66.8
2339,5,1077,215.4
2340,9,1001,111.2
2341,13,981,75.5
2342,10,1000,100.0
2343,16,989,61.8
2344,6,1094,182.3
2345,5,1081,216.2
2346,10,1086,108.6
2347,7,1085,155.0
2348,10,1115,111.5
2349,10,1062,106.2
2350,8,1077,134.6
2351,4,1096,274.0
2352,4,1069,267.2
2353,8,1084,135.5
2354,8,1088,136.0
2355,9,1097,121.9
2356,9,1107,123.0
2357,7,1067,152.4
2358,6,1103,183.8
2359,6,1093,182.2
2360,8,1086,135.8
2361,7,1108,158.3
2362,7,1099,157.0
2363,7,1093,156.1
2364,6,1096,182.7
2365,7,1116,159.4
2366,5,1092,218.4
2367,4,1081,270.2
2368,5,1073,214.6
2369,5,1099,219.8
2370,8,1103,137.9
2371,4,1117,279.2
2372,8,1090,136.2
2373,4,1093,273.2
2374,7,1079,154.1
2375,6,1085,180.8
2376,7,1068,152.6
2377,7,1078,154.0
2378,5,1074,214.8
2379,10,1062,106.2
2380,9,1079,119.9
2381,7,1063,151.9
2382,8,1049,131.1
2383,8,1050,131.2
2384,6,1079,179.8
2385,7,1077,153.9
2386,8,1070,133.8
2387,9,1048,116.4
2388,6,1063,177.2
2389,11,1098,99.8
2390,8,1074,134.2
2391,8,1072,134.0
2392,8,1037,129.6
2393,8,1059,132.4
2394,8,1068,133.5
2395,9,1051,116.8
2396,12,1048,87.3
2397,9,1033,114.8
2398,9,1075,119.4
2399,7,1035,147.9
2400,5,1051,210.2
2401,6,1056,176.0
2402,8,1066,133.2
2403,6,1042,173.7
2404,8,1063,132.9
2405,8,1065,133.1
2406,8,1044,130.5
2407,7,1075,153.6
2408,7,1047,149.6
2409,7,1050,150.0
2410,4,1062,265.5
2411,5,1045,209.0
2412,6,1078,179.7
2413,4,1072,268.0
2414,7,1068,152.6
2415,4,1100,275.0
2416,10,1039,103.9
2417,5,1101,220.2
2418,11,1033,93.9
2419,10,994,99.4
2420,11,1026,93.3
2421,14,1021,72.9
2422,11,1011,91.9
2423,6,1065,177.5
2424,5,1077,215.4
2425,6,1060,176.7
2426,9,1011,112.3
2427,9,1018,113.1
2428,8,1002,125.2
2429,13,1009,77.6
2430,8,1020,127.5
2431,9,1020,113.3
2432,11,1013,92.1
2433,12,1045,87.1
2434,16,1023,63.9
2435,9,994,110.4
2436,7,1021,145.9
2437,9,1009,112.1
2438,10,1000,100.0
2439,10,1042,104.2
2440,8,1014,126.8
2441,9,1066,118.4
2442,8,1034,129.2
2443,9,1024,113.8
2444,10,1057,105.7
2445,4,1015,253.8
2446,6,1044,174.0
2447,7,1012,144.6
2448,7,1000,142.9
2449,8,1041,130.1
2450,7,1032,147.4
2451,6,1010,168.3
2452,8,1017,127.1
2453,8,1057,132.1
2454,9,1069,118.8
2455,9,1079,119.9
2456,7,1094,156.3
2457,7,1069,152.7
2458,8,1078,134.8
2459,7,1095,156.4
2460,4,1097,274.2
2461,3,1066,355.3
2462,7,1098,156.9
2463,6,1079,179.8
2464,6,1088,181.3
2465,7,1093,156.1
2466,7,1070,152.9
2467,7,1086,155.1
2468,6,1001,166.8
2469,6,1015,169.2
2470,7,1025,146.4
2471,5,1044,208.8
2472,9,1027,114.1
2473,7,1010,144.3
2474,6,1026,171.0
2475,7,1019,145.6
2476,8,1011,126.4
2477,7,1028,146.9
2478,10,1012,101.2
2479,7,1022,146.0
2480,7,1016,145.1
2481,9,1033,114.8
2482,5,1020,204.0
2483,10,1046,104.6
2484,9,1041,115.7
2485,9,1025,113.9
2486,11,1019,92.6
2487,8,1021,127.6
2488,9,995,110.6
2489,8,1012,126.5
2490,9,1003,111.4
2491,11,1039,94.5
2492,9,997,110.8
2493,9,1014,112.7
2494,11,1043,94.8
2495,10,1038,103.8
2496,10,1037,103.7
2497,16,1032,64.5
2498,7,1012,144.6
2499,8,1040,130.0
2500,9,1003,111.4
2501,13,996,76.6
2502,13,1026,78.9
2503,13,1030,79.2
2504,10,1035,103.5
2505,12,1009,84.1
2506,9,1023,113.7
2507,12,1012,84.3
2508,11,1032,93.8
2509,11,1024,93.1
2510,9,1001,111.2
2511,10,1028,102.8
2512,10,1017,101.7
2513,11,1054,95.8
2514,10,1009,100.9
2515,7,1002,143.1
2516,9,1024,113.8
2517,10,1056,105.6
2518,9,1042,115.8
2519,8,1031,128.9
2520,7,1006,143.7
2521,8,1058,132.2
2522,6,1055,175.8
2523,9,1055,117.2
2524,8,1062,132.8
2525,8,1052,131.5
2526,5,1042,208.4
2527,5,1036,207.2
2528,8,1060,132.5
2529,8,1030,128.8
2530,7,1063,151.9
2531,4,1045,261.2
2532,6,1052,175.3
2533,9,1044,116.0
2534,9,1056,117.3
2535,6,1038,173.0
2536,6,1073,178.8
2537,9,1049,116.6
2538,9,1064,118.2
2539,7,1016,145.1
2540,7,1063,151.9
2541,7,1045,149.3
2542,6,1038,173.0
2543,7,1032,147.4
2544,10,1037,103.7
2545,10,1046,104.6
2546,6,1030,171.7
2547,5,1023,204.6
2548,7,1031,147.3
2549,7,1036,148.0
2550,11,1022,92.9
2551,7,999,142.7
2552,4,1011,252.8
2553,4,1015,253.8
2554,6,1037,172.8
2555,7,1008,144.0
2556,8,1030,128.8
2557,5,1014,202.8
2558,10,1051,105.1
2559,5,1017,203.4
2560,4,1005,251.2
2561,7,1020,145.7
2562,9,1015,112.8
2563,7,1038,148.3
2564,8,1031,128.9
2565,6,1054,175.7
2566,8,1031,128.9
2567,8,1028,128.5
2568,10,1040,104.0
2569,7,1033,147.6
2570,5,1015,203.0
2571,6,1031,171.8
2572,5,1035,207.0
2573,7,1024,146.3
2574,6,1065,177.5
2575,6,1063,177.2
2576,10,1053,105.3
2577,8,1034,129.2
2578,8,1046,130.8
2579,6,1062,177.0
2580,8,1048,131.0
2581,5,1029,205.8
2582,5,1061,212.2
2583,5,1020,204.0
2584,9,1014,112.7
2585,12,1039,86.6
2586,11,1015,92.3
2587,11,1038,94.4
2588,10,1023,102.3
2589,9,1043,115.9
2590,11,1023,93.0
2591,9,1048,116.4
2592,7,1029,147.0
2593,7,1023,146.1
2594,8,1014,126.8
2595,10,1040,104.0
2596,8,1044,130.5
2597,10,1013,101.3
2598,7,1015,145.0
2599,5,1037,207.4
2600,7,1017,145.3
2601,10,1016,101.6
2602,13,1011,77.8
2603,9,1024,113.8
2604,9,1020,113.3
2605,9,1044,116.0
2606,9,1021,113.4
2607,6,1031,171.8
2608,5,1030,206.0
2609,6,1046,174.3
2610,8,1032,129.0
2611,12,1019,84.9
2612,8,1014,126.8
2613,7,1031,147.3
2614,9,1059,117.7
2615,7,1047,149.6
2616,7,1036,148.0
2617,5,1037,207.4
2618,7,1011,144.4
2619,11,1048,95.3
2620,8,1029,128.6
2621,7,1051,150.1
2622,10,1033,103.3
2623,8,1019,127.4
2624,9,1048,116.4
2625,8,1048,131.0
2626,9,1039,115.4
2627,6,1061,176.8
2628,7,1053,150.4
2629,9,1049,116.6
2630,5,1025,205.0
2631,6,1042,173.7
2632,8,1064,133.0
2633,9,1026,114.0
2634,11,1026,93.3
2635,8,1024,128.0
2636,5,1024,204.8
2637,9,1068,118.7
2638,11,1054,95.8
2639,7,1040,148.6
2640,6,1068,178.0
2641,14,1067,76.2
2642,12,1063,88.6
2643,8,1067,133.4
2644,8,1033,129.1
2645,5,1038,207.6
2646,8,1030,128.8
2647,8,1029,128.6
2648,7,1036,148.0
2649,7,1032,147.4
2650,9,1069,118.8
2651,6,1059,176.5
2652,4,1067,266.8
2653,8,1079,134.9
2654,4,1056,264.0
2655,6,1054,175.7
2656,6,1072,178.7
2657,7,1043,149.0
2658,6,1041,173.5
2659,7,1050,150.0
2660,7,1071,153.0
2661,8,1061,132.6
2662,8,1056,132.0
2663,9,1071,119.0
2664,4,1048,262.0
2665,6,1048,174.7
2666,6,1007,167.8
2667,8,1027,128.4
2668,7,1045,149.3
2669,10,1037,103.7
2670,11,1041,94.6
2671,9,1047,116.3
2672,7,1047,149.6
2673,7,1058,151.1
2674,7,1057,151.0
2675,9,1073,119.2
2676,6,1033,172.2
2677,12,1068,89.0
2678,9,1045,116.1
2679,10,1058,105.8
2680,9,1048,116.4
2681,9,1041,115.7
2682,7,1036,148.0
2683,9,1037,115.2
2684,7,1030,147.1
2685,5,1031,206.2
2686,11,1028,93.5
2687,9,1024,113.8
2688,9,1041,115.7
2689,13,1019,78.4
2690,8,1034,129.2
2691,14,1015,72.5
2692,9,1023,113.7
2693,12,1021,85.1
2694,10,1050,105.0
2695,5,1045,209.0
2696,6,1036,172.7
2697,9,1027,114.1
2698,7,1023,146.1
2699,8,1031,128.9
2700,8,999,124.9
2701,11,1020,92.7
2702,7,1022,146.0
2703,9,1017,113.0
2704,9,1017,113.0
2705,5,1039,207.8
2706,6,1020,170.0
2707,7,1051,150.1
2708,5,1031,206.2
2709,5,1022,204.4
2710,9,1026,114.0
2711,5,1053,210.6
2712,6,1062,177.0
2713,11,1064,96.7
2714,8,1033,129.1
2715,7,1043,149.0
2716,8,1020,127.5
2717,8,1033,129.1
2718,8,1050,131.2
2719,5,1021,204.2
2720,10,1020,102.0
2721,9,1043,115.9
2722,8,1021,127.6
2723,13,1037,79.8
2724,10,993,99.3
2725,12,1035,86.2
2726,9,1022,113.6
2727,9,1026,114.0
2728,7,1033,147.6
2729,9,1042,115.8
2730,9,1025,113.9
2731,9,1022,113.6
2732,12,1034,86.2
2733,11,1036,94.2
2734,9,1032,114.7
2735,13,1015,78.1
2736,10,1020,102.0
2737,7,1038,148.3
2738,7,1042,148.9
2739,12,1019,84.9
2740,6,1016,169.3
2741,9,1009,112.1
2742,8,1005,125.6
2743,9,1042,115.8
2744,8,1016,127.0
2745,5,1037,207.4
2746,3,1022,340.7
2747,9,1022,113.6
2748,7,1039,148.4
2749,9,1035,115.0
2750,10,1042,104.2
2751,6,1040,173.3
2752,6,1049,174.8
2753,7,1036,148.0
2754,8,1011,126.4
2755,13,1028,79.1
2756,11,990,90.0
2757,6,1019,169.8
2758,11,1042,94.7
2759,5,1033,206.6
2760,6,1069,178.2
2761,8,1048,131.0
2762,5,1048,209.6
2763,4,1070,267.5
2764,9,1071,119.0
2765,6,1047,174.5
2766,7,1054,150.6
2767,5,1074,214.8
2768,7,1089,155.6
2769,6,1055,175.8
2770,8,1064,133.0
2771,8,1041,130.1
2772,8,1078,134.8
2773,5,1070,214.0
2774,8,1062,132.8
2775,7,1033,147.6
2776,10,1057,105.7
2777,6,1054,175.7
2778,10,1057,105.7
2779,7,1029,147.0
2780,7,1077,153.9
2781,7,1062,151.7
2782,7,1034,147.7
2783,10,1043,104.3
2784,7,1030,147.1
2785,9,1057,117.4
2786,7,1058,151.1
2787,9,1059,117.7
2788,8,1068,133.5
2789,8,1054,131.8
2790,6,1061,176.8
2791,11,1044,94.9
2792,7,1052,150.3
2793,6,1046,174.3
2794,5,1059,211.8
2795,7,1037,148.1
2796,9,1031,114.6
2797,7,1036,148.0
2798,7,1033,147.6
2799,6,1031,171.8
2800,7,1015,145.0
2801,11,1045,95.0
2802,10,1042,104.2
2803,9,1056,117.3
2804,9,1046,116.2
2805,6,1047,174.5
2806,7,1048,149.7
2807,6,1052,175.3
2808,7,1041,148.7
2809,7,1039,148.4
2810,7,1060,151.4
2811,4,1033,258.2
2812,7,1064,152.0
2813,9,1065,118.3
2814,6,1048,174.7
2815,8,1050,131.2
2816,7,1045,149.3
2817,9,1053,117.0
2818,9,1053,117.0
2819,7,1031,147.3
2820,7,1051,150.1
2821,6,1051,175.2
2822,5,1024,204.8
2823,6,1040,173.3
2824,8,1064,133.0
2825,8,1035,129.4
2826,7,1066,152.3
2827,7,1062,151.7
2828,5,1035,207.0
2829,6,1059,176.5
2830,4,1030,257.5
2831,4,1028,257.0
2832,5,1049,209.8
2833,3,1054,351.3
2834,4,1037,259.2
2835,6,1058,176.3
2836,5,1060,212.0
2837,7,1045,149.3
2838,6,1057,176.2
2839,8,1063,132.9
2840,7,1046,149.4
2841,10,1065,106.5
2842,4,1041,260.2
2843,5,1052,210.4
2844,5,1047,209.4
2845,6,1038,173.0
2846,5,1065,213.0
2847,6,1041,173.5
2848,6,1056,176.0
2849,7,1075,153.6
2850,8,1052,131.5
2851,4,1066,266.5
2852,7,1033,147.6
2853,7,1065,152.1
2854,6,1041,173.5
2855,4,1057,264.2
2856,9,1053,117.0
2857,7,1052,150.3
2858,7,1065,152.1
2859,8,1075,134.4
2860,5,1043,208.6
2861,5,1022,204.4
2862,5,1038,207.6
2863,8,1041,130.1
2864,9,1047,116.3
2865,10,1051,105.1
2866,8,1057,132.1
2867,6,1044,174.0
2868,10,1069,106.9
2869,8,1045,130.6
2870,8,1054,131.8
2871,8,1045,130.6
2872,10,1052,105.2
2873,9,1060,117.8
2874,8,1045,130.6
2875,5,1037,207.4
2876,8,1048,131.0
2877,7,1054,150.6
2878,8,1038,129.8
2879,8,1063,132.9
2880,5,1040,208.0
2881,6,1052,175.3
2882,11,1054,95.8
2883,9,1053,117.0
2884,10,1048,104.8
2885,6,1047,174.5
2886,8,1069,133.6
2887,6,1048,174.7
2888,7,1064,152.0
2889,7,1053,150.4
2890,7,1074,153.4
2891,6,1054,175.7
2892,7,1051,150.1
2893,6,1061,176.8
2894,6,1037,172.8
2895,6,1037,172.8
2896,7,1059,151.3
2897,6,1052,175.3
2898,5,1060,212.0
2899,6,1067,177.8
2900,6,1057,176.2
2901,8,1054,131.8
2902,7,1062,151.7
2903,9,1053,117.0
2904,8,1062,132.8
2905,7,1035,147.9
2906,8,1047,130.9
2907,10,1040,104.0
2908,7,1064,152.0
2909,7,1056,150.9
2910,10,1068,106.8
2911,9,1033,114.8
2912,9,1057,117.4
2913,10,1065,106.5
2914,11,1062,96.5
2915,8,1028,128.5
2916,6,1031,171.8
2917,10,1054,105.4
2918,9,1033,114.8
2919,11,1064,96.7
2920,10,1026,102.6
2921,12,1036,86.3
2922,14,1036,74.0
2923,12,1049,87.4
2924,14,1047,74.8
2925,8,1038,129.8
2926,9,1062,118.0
2927,11,1046,95.1
2928,7,1053,150.4
2929,9,1058,117.6
2930,8,1058,132.2
2931,7,1050,150.0
2932,9,1055,117.2
2933,8,1059,132.4
2934,7,1057,151.0
2935,7,1051,150.1
2936,6,1055,175.8
2937,5,1067,213.4
2938,5,1019,203.8
2939,7,1050,150.0
2940,6,1052,175.3
2941,6,1053,175.5
2942,6,1061,176.8
2943,6,1081,180.2
2944,9,1057,117.4
2945,9,1070,118.9
2946,10,1054,105.4
2947,10,1053,105.3
2948,5,1059,211.8
2949,9,1060,117.8
2950,7,1065,152.1
2951,8,1039,129.9
2952,8,1067,133.4
2953,8,1058,132.2
2954,7,1073,153.3
2955,7,1067,152.4
2956,6,1068,178.0
2957,7,1072,153.1
2958,10,1055,105.5
2959,5,1073,214.6
2960,7,1074,153.4
2961,7,1040,148.6
2962,7,1064,152.0
2963,10,1060,106.0
2964,7,1059,151.3
2965,8,1041,130.1
2966,10,1059,105.9
2967,6,1050,175.0
2968,8,1072,134.0
2969,11,1080,98.2
2970,11,1063,96.6
2971,9,1080,120.0
2972,11,1047,95.2
2973,10,1071,107.1
2974,7,1046,149.4
2975,8,1042,130.2
2976,8,1045,130.6
2977,10,1022,102.2
2978,6,1023,170.5
2979,8,1055,131.9
2980,10,1063,106.3
2981,8,1087,135.9
2982,11,1072,97.5
2983,9,1064,118.2
2984,8,1059,132.4
2985,6,1060,176.7
2986,7,1031,147.3
2987,8,1054,131.8
2988,6,1059,176.5
2989,10,1066,106.6
2990,8,1061,132.6
2991,11,1040,94.5
2992,8,1055,131.9
2993,12,1093,91.1
2994,7,1062,151.7
2995,7,1035,147.9
2996,8,1026,128.2
2997,9,1042,115.8
2998,5,1057,211.4
2999,8,1062,132.8
3000,7,1042,148.9
3001,7,1056,150.9
3002,5,1046,209.2
3003,6,1049,174.8
3004,8,1060,132.5
3005,8,1063,132.9
3006,5,1045,209.0
3007,10,1057,105.7
3008,9,1053,117.0
3009,5,1058,211.6
3010,5,1074,214.8
3011,4,1049,262.2
3012,8,1079,134.9
3013,6,1071,178.5
3014,4,1075,268.8
3015,4,1079,269.8
3016,3,1051,350.3
3017,5,1099,219.8
3018,4,1065,266.2
3019,5,1109,221.8
3020,3,1071,357.0
3021,5,1086,217.2
3022,5,1097,219.4
3023,3,1066,355.3
3024,4,1094,273.5
3025,5,1084,216.8
3026,5,1079,215.8
3027,7,1078,154.0
3028,4,1067,266.8
3029,6,1073,178.8
3030,9,1068,118.7
3031,8,1098,137.2
3032,5,1051,210.2
3033,5,1070,214.0
3034,7,1079,154.1
3035,4,1051,262.8
3036,4,1087,271.8
3037,7,1064,152.0
3038,6,1078,179.7
3039,6,1071,178.5
3040,5,1057,211.4
3041,6,1076,179.3
3042,6,1052,175.3
3043,7,1082,154.6
3044,4,1074,268.5
3045,6,1089,181.5
3046,5,1099,219.8
3047,9,1105,122.8
3048,8,1079,134.9
3049,4,1073,268.2
3050,4,1050,262.5
3051,11,1069,97.2
3052,8,1068,133.5
3053,5,1052,210.4
3054,8,1082,135.2
3055,4,1070,267.5
3056,7,1067,152.4
3057,7,1078,154.0
3058,8,1075,134.4
3059,4,1065,266.2
3060,8,1082,135.2
3061,7,1082,154.6
3062,7,1081,154.4
3063,5,1066,213.2
3064,7,1093,156.1
3065,5,1075,215.0
3066,3,1076,358.7
3067,5,1076,215.2
3068,5,1072,214.4
3069,5,1066,213.2
3070,8,1094,136.8
3071,6,1083,180.5
3072,4,1083,270.8
3073,7,1063,151.9
3074,7,1073,153.3
3075,5,1069,213.8
3076,7,1068,152.6
3077,7,1068,152.6
3078,7,1042,148.9
3079,7,1074,153.4
3080,6,1065,177.5
3081,9,1065,118.3
3082,7,1073,153.3
3083,7,1048,149.7
3084,9,1080,120.0
3085,6,1076,179.3
3086,7,1087,155.3
3087,7,1063,151.9
3088,6,1084,180.7
3089,8,1045,130.6
3090,6,1061,176.8
3091,4,1079,269.8
3092,5,1076,215.2
3093,10,1096,109.6
3094,6,1071,178.5
3095,5,1078,215.6
3096,4,1087,271.8
3097,5,1067,213.4
3098,6,1067,177.8
3099,6,1085,180.8
3100,8,1045,130.6
3101,8,1058,132.2
3102,5,1072,214.4
3103,7,1079,154.1
3104,5,1072,214.4
3105,4,1082,270.5
3106,5,1084,216.8
3107,6,1080,180.0
3108,6,1101,183.5
3109,5,1088,217.6
3110,7,1092,156.0
3111,5,1075,215.0
3112,6,1070,178.3
3113,4,1093,273.2
3114,5,1085,217.0
3115,3,1077,359.0
3116,4,1072,268.0
3117,6,1078,179.7
3118,5,1070,214.0
3119,5,1082,216.4
3120,8,1078,134.8
3121,6,1081,180.2
3122,4,1075,268.8
3123,8,1058,132.2
3124,6,1065,177.5
3125,5,1080,216.0
3126,5,1082,216.4
3127,7,1049,149.9
3128,6,1090,181.7
3129,5,1083,216.6
3130,6,1054,175.7
3131,6,1049,174.8
3132,10,1069,106.9
3133,6,1053,175.5
3134,8,1060,132.5
3135,9,1105,122.8
3136,8,1068,133.5
3137,6,1074,179.0
3138,6,1072,178.7
3139,7,1066,152.3
3140,8,1062,132.8
3141,5,1053,210.6
3142,8,1072,134.0
3143,7,1061,151.6
3144,6,1069,178.2
3145,7,1057,151.0
3146,8,1053,131.6
3147,5,1052,210.4
3148,8,1083,135.4
3149,10,1081,108.1
3150,8,1071,133.9
3151,6,1052,175.3
3152,6,1026,171.0
3153,7,1062,151.7
3154,5,1046,209.2
3155,5,1055,211.0
3156,9,1082,120.2
3157,6,1065,177.5
3158,5,1052,210.4
3159,7,1018,145.4
3160,9,1038,115.3
3161,5,1065,213.0
3162,7,1073,153.3
3163,9,1053,117.0
3164,8,1062,132.8
3165,10,1071,107.1
3166,7,1086,155.1
3167,7,1069,152.7
3168,5,1076,215.2
3169,7,1048,149.7
3170,7,1061,151.6
3171,5,1057,211.4
3172,6,1040,173.3
3173,12,1048,87.3
3174,10,1036,103.6
3175,7,1051,150.1
3176,8,1043,130.4
3177,9,1048,116.4
3178,9,1041,115.7
3179,9,1064,118.2
3180,5,1040,208.0
3181,8,1061,132.6
3182,6,1052,175.3
3183,7,1061,151.6
3184,6,1043,173.8
3185,6,1040,173.3
3186,7,1055,150.7
3187,5,1078,215.6
3188,4,1043,260.8
3189,4,1028,257.0
3190,8,1062,132.8
3191,8,1071,133.9
3192,7,1070,152.9
3193,7,1058,151.1
3194,6,1060,176.7
3195,9,1034,114.9
3196,7,1065,152.1
3197,9,1054,117.1
3198,5,1019,203.8
3199,5,1028,205.6
3200,7,1039,148.4
3201,7,1039,148.4
3202,6,1043,173.8
3203,9,1046,116.2
3204,7,1054,150.6
3205,5,1044,208.8
3206,6,1049,174.8
3207,10,1068,106.8
3208,5,1060,212.0
3209,6,1057,176.2
3210,8,1033,129.1
3211,4,1023,255.8
3212,7,1036,148.0
3213,6,1026,171.0
3214,7,1046,149.4
3215,5,1020,204.0
3216,5,1066,213.2
3217,7,1063,151.9
3218,6,1044,174.0
3219,8,1065,133.1
3220,4,1028,257.0
3221,5,1047,209.4
3222,5,1033,206.6
3223,5,1029,205.8
3224,7,1037,148.1
3225,9,1057,117.4
3226,5,1042,208.4
3227,6,1049,174.8
3228,8,1055,131.9
3229,4,1047,261.8
3230,5,1072,214.4
3231,5,1085,217.0
3232,4,1071,267.8
3233,8,1068,133.5
3234,10,1064,106.4
3235,7,1054,150.6
3236,5,1052,210.4
3237,8,1073,134.1
3238,5,1078,215.6
3239,7,1040,148.6
3240,4,1050,262.5
3241,9,1069,118.8
3242,4,1062,265.5
3243,7,1056,150.9
3244,6,1051,175.2
3245,7,1067,152.4
3246,6,1083,180.5
3247,8,1086,135.8
3248,6,1062,177.0
3249,7,1080,154.3
3250,5,1073,214.6
3251,5,1072,214.4
3252,3,1071,357.0
3253,8,1071,133.9
3254,7,1061,151.6
3255,10,1061,106.1
3256,9,1078,119.8
3257,8,1080,135.0
3258,4,1092,273.0
3259,7,1077,153.9
3260,4,1060,265.0
3261,6,1059,176.5
3262,9,1079,119.9
3263,7,1094,156.3
3264,7,1058,151.1
3265,6,1110,185.0
3266,5,1059,211.8
3267,8,1075,134.4
3268,7,1095,156.4
3269,8,1074,134.2
3270,8,1081,135.1
3271,8,1088,136.0
3272,9,1082,120.2
3273,8,1098,137.2
3274,6,1081,180.2
3275,7,1071,153.0
3276,7,1079,154.1
3277,6,1065,177.5
3278,4,1066,266.5
3279,7,1081,154.4
3280,9,1072,119.1
3281,10,1090,109.0
3282,6,1059,176.5
3283,8,1077,134.6
3284,7,1084,154.9
3285,7,1085,155.0
3286,7,1089,155.6
3287,9,1084,120.4
3288,5,1101,220.2
3289,7,1086,155.1
3290,7,1082,154.6
3291,6,1082,180.3
3292,10,1073,107.3
3293,9,1076,119.6
3294,9,1053,117.0
3295,5,1073,214.6
3296,6,1057,176.2
3297,7,1048,149.7
3298,9,1079,119.9
3299,8,1062,132.8
3300,11,1084,98.5
3301,8,1064,133.0
3302,9,1068,118.7
3303,9,1053,117.0
3304,6,1051,175.2
3305,10,1069,106.9
3306,8,1069,133.6
3307,4,1094,273.5
3308,6,1068,178.0
3309,8,1067,133.4
3310,5,1066,213.2
3311,7,1045,149.3
3312,7,1089,155.6
3313,10,1059,105.9
3314,6,1075,179.2
3315,5,1056,211.2
3316,6,1059,176.5
3317,5,1071,214.2
3318,7,1074,153.4
3319,5,1053,210.6
3320,8,1057,132.1
3321,10,1045,104.5
3322,6,1059,176.5
3323,7,1040,148.6
3324,9,1045,116.1
3325,10,1053,105.3
3326,8,1041,130.1
3327,14,1057,75.5
3328,7,1037,148.1
3329,8,1072,134.0
3330,8,1057,132.1
3331,7,1028,146.9
3332,8,1045,130.6
3333,7,1070,152.9
3334,8,1038,129.8
3335,7,1062,151.7
3336,9,1061,117.9
3337,7,1029,147.0
3338,8,1026,128.2
3339,8,1060,132.5
3340,7,1052,150.3
3341,6,1052,175.3
3342,10,1064,106.4
3343,6,1068,178.0
3344,7,1090,155.7
3345,7,1085,155.0
3346,5,1055,211.0
3347,6,1095,182.5
3348,8,1072,134.0
3349,4,1072,268.0
3350,5,1076,215.2
3351,6,1091,181.8
3352,6,1081,180.2
3353,5,1084,216.8
3354,5,1095,219.0
3355,5,1073,214.6
3356,7,1094,156.3
3357,7,1096,156.6
3358,6,1069,178.2
3359,4,1079,269.8
3360,6,1084,180.7
3361,5,1059,211.8
3362,5,1086,217.2
3363,6,1058,176.3
3364,9,1088,120.9
3365,6,1073,178.8
3366,7,1086,155.1
3367,7,1083,154.7
3368,5,1053,210.6
3369,5,1068,213.6
3370,6,1087,181.2
3371,7,1084,154.9
3372,6,1074,179.0
3373,6,1073,178.8
3374,6,1087,181.2
3375,4,1074,268.5
3376,6,1095,182.5
3377,9,1091,121.2
3378,7,1077,153.9
3379,8,1087,135.9
3380,10,1083,108.3
3381,7,1083,154.7
3382,4,1084,271.0
3383,8,1052,131.5
3384,9,1067,118.6
3385,7,1062,151.7
3386,3,1058,352.7
3387,4,1073,268.2
3388,7,1079,154.1
3389,7,1076,153.7
3390,7,1063,151.9
3391,6,1075,179.2
3392,5,1061,212.2
3393,7,1053,150.4
3394,7,1066,152.3
3395,7,1056,150.9
3396,4,1048,262.0
3397,9,1065,118.3
3398,7,1065,152.1
3399,7,1087,155.3
3400,4,1061,265.2
3401,8,1061,132.6
3402,8,1069,133.6
3403,7,1074,153.4
3404,8,1058,132.2
3405,9,1072,119.1
3406,9,1070,118.9
3407,6,1066,177.7
3408,6,1063,177.2
3409,6,1067,177.8
3410,10,1075,107.5
3411,6,1055,175.8
3412,5,1079,215.8
3413,6,1099,183.2
3414,8,1068,133.5
3415,4,1062,265.5
3416,5,1056,211.2
3417,4,1071,267.8
3418,6,1068,178.0
3419,8,1075,134.4
3420,6,1080,180.0
3421,8,1090,136.2
3422,6,1074,179.0
3423,9,1095,121.7
3424,5,1067,213.4
3425,9,1056,117.3
3426,5,1085,217.0
3427,9,1090,121.1
3428,7,1064,152.0
3429,8,1081,135.1
3430,11,1072,97.5
3431,6,1059,176.5
3432,8,1086,135.8
3433,11,1093,99.4
3434,8,1055,131.9
3435,8,1060,132.5
3436,4,1053,263.2
3437,6,1058,176.3
3438,4,1078,269.5
3439,8,1093,136.6
3440,6,1075,179.2
3441,5,1068,213.6
3442,7,1061,151.6
3443,4,1071,267.8
3444,5,1079,215.8
3445,6,1079,179.8
3446,5,1063,212.6
3447,9,1054,117.1
3448,4,1061,265.2
3449,4,1060,265.0
3450,5,1081,216.2
3451,6,1073,178.8
3452,6,1078,179.7
3453,8,1078,134.8
3454,6,1070,178.3
3455,8,1082,135.2
3456,5,1075,215.0
3457,7,1066,152.3
3458,6,1072,178.7
3459,8,1063,132.9
3460,8,1077,134.6
3461,5,1064,212.8
3462,9,1103,122.6
3463,6,1070,178.3
3464,7,1069,152.7
3465,8,1060,132.5
3466,5,1083,216.6
3467,3,1079,359.7
3468,4,1092,273.0
3469,7,1083,154.7
3470,5,1092,218.4
3471,5,1077,215.4
3472,5,1105,221.0
3473,6,1078,179.7
3474,9,1062,118.0
3475,6,1080,180.0
3476,7,1114,159.1
3477,6,1065,177.5
3478,5,1083,216.6
3479,4,1104,276.0
3480,6,1071,178.5
3481,5,1077,215.4
3482,5,1077,215.4
3483,7,1066,152.3
3484,7,1072,153.1
3485,6,1068,178.0
3486,8,1101,137.6
3487,10,1098,109.8
3488,7,1093,156.1
3489,5,1077,215.4
3490,6,1091,181.8
3491,4,1078,269.5
3492,7,1079,154.1
3493,3,1095,365.0
3494,3,1082,360.7
3495,7,1101,157.3
3496,3,1075,358.3
3497,4,1098,274.5
3498,4,1097,274.2
3499,7,1084,154.9
3500,6,1093,182.2
3501,6,1087,181.2
3502,5,1078,215.6
3503,3,1081,360.3
3504,5,1070,214.0
3505,3,1084,361.3
3506,4,1088,272.0
3507,5,1076,215.2
3508,3,1111,370.3
3509,9,1085,120.6
3510,7,1114,159.1
3511,5,1091,218.2
3512,4,1109,277.2
3513,7,1094,156.3
3514,6,1085,180.8
3515,6,1089,181.5
3516,5,1091,218.2
3517,11,1097,99.7
3518,6,1110,185.0
3519,5,1087,217.4
3520,5,1095,219.0
3521,4,1088,272.0
3522,5,1115,223.0
3523,5,1100,220.0
3524,8,1112,139.0
3525,6,1085,180.8
3526,6,1109,184.8
3527,5,1107,221.4
3528,5,1079,215.8
3529,5,1110,222.0
3530,5,1088,217.6
3531,6,1098,183.0
3532,3,1088,362.7
3533,4,1095,273.8
3534,7,1118,159.7
3535,6,1116,186.0
3536,9,1087,120.8
3537,5,1090,218.0
3538,7,1089,155.6
3539,6,1071,178.5
3540,3,1094,364.7
3541,3,1093,364.3
3542,7,1078,154.0
3543,5,1099,219.8
3544,6,1089,181.5
3545,4,1070,267.5
3546,4,1087,271.8
3547,3,1107,369.0
3548,6,1103,183.8
3549,6,1110,185.0
3550,5,1073,214.6
3551,3,1089,363.0
3552,7,1093,156.1
3553,5,1072,214.4
3554,4,1100,275.0
3555,6,1099,183.2
3556,6,1091,181.8
3557,4,1071,267.8
3558,4,1066,266.5
3559,6,1087,181.2
3560,7,1056,150.9
3561,7,1062,151.7
3562,8,1096,137.0
3563,10,1104,110.4
3564,8,1089,136.1
3565,4,1089,272.2
3566,5,1085,217.0
3567,5,1092,218.4
3568,5,1089,217.8
3569,6,1102,183.7
3570,8,1076,134.5
3571,5,1126,225.2
3572,8,1113,139.1
3573,6,1065,177.5
3574,6,1087,181.2
3575,5,1083,216.6
3576,7,1085,155.0
3577,6,1098,183.0
3578,6,1088,181.3
3579,6,1061,176.8
3580,4,1078,269.5
3581,6,1092,182.0
3582,7,1082,154.6
3583,5,1063,212.6
3584,7,1086,155.1
3585,8,1087,135.9
3586,8,1100,137.5
3587,6,1114,185.7
3588,6,1093,182.2
3589,8,1074,134.2
3590,8,1045,130.6
3591,6,1044,174.0
3592,8,1074,134.2
3593,8,1065,133.1
3594,10,1075,107.5
3595,7,1072,153.1
3596,8,1064,133.0
3597,6,1042,173.7
3598,8,1067,133.4
3599,9,1090,121.1
3600,7,1071,153.0
3601,7,1067,152.4
3602,7,1075,153.6
3603,6,1084,180.7
3604,7,1066,152.3
3605,7,1072,153.1
3606,8,1081,135.1
3607,7,1076,153.7
3608,11,1074,97.6
3609,7,1060,151.4
3610,7,1045,149.3
3611,9,1069,118.8
3612,9,1091,121.2
3613,5,1049,209.8
3614,8,1066,133.2
3615,6,1070,178.3
3616,8,1073,134.1
3617,7,1069,152.7
3618,9,1066,118.4
3619,7,1050,150.0
3620,4,1069,267.2
3621,5,1052,210.4
3622,6,1076,179.3
3623,7,1074,153.4
3624,6,1062,177.0
3625,4,1064,266.0
3626,4,1089,272.2
3627,6,1051,175.2
3628,6,1053,175.5
3629,6,1053,175.5
3630,8,1029,128.6
3631,9,1055,117.2
3632,5,1013,202.6
3633,8,1061,132.6
3634,5,1076,215.2
3635,5,1072,214.4
3636,5,1067,213.4
3637,5,1042,208.4
3638,7,1064,152.0
3639,10,1081,108.1
3640,5,1039,207.8
3641,7,1068,152.6
3642,10,1043,104.3
3643,9,1042,115.8
3644,8,1056,132.0
3645,8,1030,128.8
3646,12,1036,86.3
3647,8,1023,127.9
3648,8,1057,132.1
3649,8,1046,130.8
3650,6,1053,175.5
3651,6,1057,176.2
3652,6,1057,176.2
3653,9,1090,121.1
3654,6,1066,177.7
3655,9,1064,118.2
3656,5,1051,210.2
3657,7,1066,152.3
3658,7,1075,153.6
3659,6,1048,174.7
3660,12,1062,88.5
3661,6,1059,176.5
3662,7,1072,153.1
3663,7,1082,154.6
3664,7,1065,152.1
3665,8,1065,133.1
3666,7,1076,153.7
3667,6,1055,175.8
3668,6,1050,175.0
3669,9,1062,118.0
3670,8,1045,130.6
3671,11,1047,95.2
3672,7,1029,147.0
3673,8,1077,134.6
3674,7,1077,153.9
3675,10,1074,107.4
3676,9,1056,117.3
3677,7,1088,155.4
3678,5,1073,214.6
3679,4,1056,264.0
3680,6,1081,180.2
3681,8,1058,132.2
3682,7,1063,151.9
3683,9,1069,118.8
3684,7,1070,152.9
3685,8,1050,131.2
3686,8,1090,136.2
3687,4,1030,257.5
3688,9,1072,119.1
3689,9,1062,118.0
3690,6,1071,178.5
3691,10,1055,105.5
3692,5,1039,207.8
3693,5,1065,213.0
3694,10,1077,107.7
3695,6,1057,176.2
3696,4,1067,266.8
3697,4,1086,271.5
3698,6,1068,178.0
3699,7,1062,151.7
3700,10,1050,105.0
3701,6,1058,176.3
3702,8,1048,131.0
3703,7,1054,150.6
3704,8,1066,133.2
3705,6,1071,178.5
3706,4,1072,268.0
3707,7,1061,151.6
3708,6,1053,175.5
3709,8,1061,132.6
3710,6,1050,175.0
3711,7,1065,152.1
3712,6,1031,171.8
3713,6,1051,175.2
3714,6,1058,176.3
3715,7,1067,152.4
3716,7,1059,151.3
3717,7,1057,151.0
3718,9,1045,116.1
3719,6,1047,174.5
3720,9,1063,118.1
3721,9,1075,119.4
3722,8,1049,131.1
3723,8,1040,130.0
3724,10,1060,106.0
3725,9,1039,115.4
3726,10,1028,102.8
3727,11,1073,97.5
3728,10,1055,105.5
3729,8,1068,133.5
3730,9,1072,119.1
3731,7,1047,149.6
3732,6,1078,179.7
3733,6,1075,179.2
3734,6,1069,178.2
3735,6,1066,177.7
3736,9,1090,121.1
3737,5,1070,214.0
3738,8,1080,135.0
3739,4,1101,275.2
3740,7,1084,154.9
3741,8,1082,135.2
3742,4,1075,268.8
3743,6,1096,182.7
3744,5,1075,215.0
3745,7,1084,154.9
3746,5,1058,211.6
3747,9,1104,122.7
3748,5,1088,217.6
3749,7,1082,154.6
3750,5,1075,215.0
3751,8,1071,133.9
3752,6,1094,182.3
3753,9,1067,118.6
3754,4,1053,263.2
3755,6,1075,179.2
3756,6,1047,174.5
3757,5,1091,218.2
3758,7,1083,154.7
3759,6,1079,179.8
3760,7,1049,149.9
3761,8,1104,138.0
3762,5,1075,215.0
3763,5,1082,216.4
3764,9,1089,121.0
3765,6,1059,176.5
3766,6,1066,177.7
3767,8,1060,132.5
3768,10,1066,106.6
3769,7,1070,152.9
3770,5,1073,214.6
3771,8,1063,132.9
3772,8,1068,133.5
3773,9,1087,120.8
3774,5,1084,216.8
3775,7,1074,153.4
3776,5,1069,213.8
3777,7,1075,153.6
3778,8,1088,136.0
3779,4,1079,269.8
3780,8,1068,133.5
3781,8,1086,135.8
3782,6,1091,181.8
3783,6,1092,182.0
3784,7,1084,154.9
3785,7,1102,157.4
3786,7,1077,153.9
3787,6,1071,178.5
3788,6,1084,180.7
3789,5,1091,218.2
3790,4,1095,273.8
3791,4,1073,268.2
3792,6,1086,181.0
3793,7,1074,153.4
3794,6,1064,177.3
3795,9,1076,119.6
3796,7,1074,153.4
3797,7,1052,150.3
3798,5,1070,214.0
3799,6,1053,175.5
3800,10,1079,107.9
3801,7,1067,152.4
3802,6,1031,171.8
3803,8,1077,134.6
3804,4,1045,261.2
3805,6,1057,176.2
3806,7,1062,151.7
3807,7,1052,150.3
3808,7,1063,151.9
3809,9,1067,118.6
3810,9,1067,118.6
3811,6,1098,183.0
3812,6,1083,180.5
3813,7,1099,157.0
3814,6,1040,173.3
3815,7,1065,152.1
3816,5,1089,217.8
3817,6,1073,178.8
3818,6,1077,179.5
3819,7,1073,153.3
3820,6,1085,180.8
3821,8,1068,133.5
3822,7,1064,152.0
3823,6,1061,176.8
3824,6,1072,178.7
3825,6,1074,179.0
3826,5,1079,215.8
3827,7,1068,152.6
3828,9,1069,118.8
3829,7,1074,153.4
3830,10,1072,107.2
3831,8,1030,128.8
3832,6,1060,176.7
3833,8,1050,131.2
3834,7,1054,150.6
3835,6,1068,178.0
3836,7,1051,150.1
3837,9,1042,115.8
3838,7,1072,153.1
3839,7,1076,153.7
3840,7,1075,153.6
3841,7,1060,151.4
3842,4,1077,269.2
3843,7,1069,152.7
3844,7,1060,151.4
3845,5,1045,209.0
3846,6,1060,176.7
3847,5,1087,217.4
3848,5,1092,218.4
3849,7,1084,154.9
3850,6,1079,179.8
3851,7,1079,154.1
3852,8,1096,137.0
3853,8,1078,134.8
3854,6,1078,179.7
3855,5,1069,213.8
3856,9,1111,123.4
3857,5,1073,214.6
3858,8,1085,135.6
3859,9,1085,120.6
3860,6,1090,181.7
3861,7,1045,149.3
3862,7,1051,150.1
3863,8,1070,133.8
3864,7,1062,151.7
3865,7,1066,152.3
3866,8,1055,131.9
3867,6,1085,180.8
3868,6,1086,181.0
3869,6,1079,179.8
3870,7,1079,154.1
3871,6,1056,176.0
3872,5,1054,210.8
3873,8,1065,133.1
3874,5,1068,213.6
3875,7,1080,154.3
3876,4,1074,268.5
3877,5,1056,211.2
3878,4,1065,266.2
3879,9,1073,119.2
3880,7,1054,150.6
3881,7,1070,152.9
3882,6,1063,177.2
3883,10,1070,107.0
3884,6,1060,176.7
3885,9,1039,115.4
3886,6,1075,179.2
3887,7,1053,150.4
3888,8,1084,135.5
3889,5,1043,208.6
3890,6,1068,178.0
3891,7,1035,147.9
3892,6,1051,175.2
3893,5,1016,203.2
3894,9,1051,116.8
3895,7,1068,152.6
3896,5,1067,213.4
3897,6,1070,178.3
3898,6,1069,178.2
3899,6,1049,174.8
3900,6,1091,181.8
3901,9,1079,119.9
3902,5,1090,218.0
3903,3,1090,363.3
3904,9,1093,121.4
3905,8,1079,134.9
3906,7,1079,154.1
3907,5,1057,211.4
3908,4,1058,264.5
3909,5,1054,210.8
3910,6,1058,176.3
3911,3,1075,358.3
3912,3,1074,358.0
3913,4,1060,265.0
3914,3,1057,352.3
3915,8,1098,137.2
3916,7,1084,154.9
3917,7,1063,151.9
3918,8,1081,135.1
3919,8,1075,134.4
3920,7,1081,154.4
3921,8,1077,134.6
3922,8,1085,135.6
3923,5,1084,216.8
3924,4,1077,269.2
3925,7,1112,158.9
3926,4,1083,270.8
3927,7,1080,154.3
3928,7,1074,153.4
3929,5,1077,215.4
3930,7,1071,153.0
3931,5,1101,220.2
3932,9,1071,119.0
3933,6,1061,176.8
3934,6,1090,181.7
3935,5,1070,214.0
3936,7,1060,151.4
3937,8,1089,136.1
3938,6,1085,180.8
3939,5,1072,214.4
3940,8,1074,134.2
3941,8,1070,133.8
3942,6,1081,180.2
3943,4,1084,271.0
3944,7,1089,155.6
3945,8,1074,134.2
3946,8,1089,136.1
3947,5,1086,217.2
3948,5,1058,211.6
3949,5,1063,212.6
3950,7,1090,155.7
3951,6,1067,177.8
3952,4,1070,267.5
3953,5,1067,213.4
3954,9,1077,119.7
3955,6,1063,177.2
3956,8,1062,132.8
3957,3,1069,356.3
3958,10,1071,107.1
3959,6,1065,177.5
3960,5,1069,213.8
3961,4,1056,264.0
3962,5,1063,212.6
3963,5,1046,209.2
3964,5,1062,212.4
3965,6,1081,180.2
3966,6,1076,179.3
3967,4,1061,265.2
3968,8,1062,132.8
3969,7,1055,150.7
3970,3,1067,355.7
3971,6,1071,178.5
3972,3,1059,353.0
3973,4,1053,263.2
3974,7,1078,154.0
3975,7,1068,152.6
3976,6,1055,175.8
3977,5,1057,211.4
3978,8,1050,131.2
3979,7,1039,148.4
3980,6,1055,175.8
3981,7,1043,149.0
3982,3,1057,352.3
3983,9,1071,119.0
3984,7,1059,151.3
3985,8,1043,130.4
3986,5,1055,211.0
3987,7,1067,152.4
3988,7,1083,154.7
3989,8,1073,134.1
3990,4,1052,263.0
3991,8,1076,134.5
3992,6,1083,180.5
3993,8,1066,133.2
3994,7,1049,149.9
3995,4,1068,267.0
3996,4,1064,266.0
3997,5,1067,213.4
3998,4,1045,261.2
3999,7,1082,154.6
4000,7,1083,154.7
4001,5,1076,215.2
4002,6,1075,179.2
4003,5,1067,213.4
4004,4,1088,272.0
4005,8,1067,133.4
4006,6,1045,174.2
4007,3,1055,351.7
4008,4,1077,269.2
4009,6,1079,179.8
4010,4,1041,260.2
4011,7,1058,151.1
4012,5,1079,215.8
4013,7,1075,153.6
4014,7,1073,153.3
4015,6,1062,177.0
4016,7,1058,151.1
4017,6,1057,176.2
4018,5,1062,212.4
4019,5,1076,215.2
4020,6,1064,177.3
4021,7,1073,153.3
4022,5,1071,214.2
4023,5,1053,210.6
4024,8,1057,132.1
4025,7,1071,153.0
4026,7,1087,155.3
4027,8,1094,136.8
4028,6,1071,178.5
4029,9,1065,118.3
4030,7,1088,155.4
4031,6,1104,184.0
4032,7,1105,157.9
4033,6,1085,180.8
4034,9,1080,120.0
4035,5,1073,214.6
4036,7,1078,154.0
4037,6,1052,175.3
4038,5,1079,215.8
4039,9,1090,121.1
4040,7,1061,151.6
4041,8,1083,135.4
4042,7,1062,151.7
4043,9,1055,117.2
4044,8,1047,130.9
4045,4,1053,263.2
4046,8,1035,129.4
4047,9,1049,116.6
4048,9,1065,118.3
4049,6,1055,175.8
4050,5,1071,214.2
4051,4,1087,271.8
4052,5,1066,213.2
4053,6,1062,177.0
4054,7,1072,153.1
4055,7,1077,153.9
4056,5,1079,215.8
4057,5,1070,214.0
4058,7,1088,155.4
4059,4,1045,261.2
4060,7,1073,153.3
4061,8,1101,137.6
4062,7,1070,152.9
4063,5,1079,215.8
4064,4,1092,273.0
4065,5,1100,220.0
4066,8,1095,136.9
4067,7,1064,152.0
4068,6,1082,180.3
4069,3,1092,364.0
4070,5,1061,212.2
4071,8,1093,136.6
4072,10,1087,108.7
4073,8,1053,131.6
4074,4,1055,263.8
4075,6,1069,178.2
4076,6,1062,177.0
4077,5,1078,215.6
4078,5,1076,215.2
4079,2,1078,539.0
4080,5,1093,218.6
4081,3,1066,355.3
4082,6,1091,181.8
4083,4,1100,275.0
4084,4,1072,268.0
4085,5,1077,215.4
4086,5,1088,217.6
4087,6,1080,180.0
4088,3,1059,353.0
4089,3,1075,358.3
4090,5,1082,216.4
4091,7,1099,157.0
4092,7,1080,154.3
4093,4,1072,268.0
4094,7,1073,153.3
4095,9,1077,119.7
4096,11,1075,97.7
4097,5,1056,211.2
4098,8,1072,134.0
4099,5,1085,217.0
4100,7,1081,154.4
4101,4,1086,271.5
4102,4,1077,269.2
4103,5,1076,215.2
4104,3,1090,363.3
4105,7,1083,154.7
4106,3,1093,364.3
4107,5,1072,214.4
4108,4,1077,269.2
4109,6,1092,182.0
4110,6,1101,183.5
4111,5,1088,217.6
4112,5,1063,212.6
4113,3,1087,362.3
4114,5,1068,213.6
4115,5,1064,212.8
4116,5,1078,215.6
4117,3,1072,357.3
4118,5,1082,216.4
4119,8,1062,132.8
4120,6,1072,178.7
4121,5,1083,216.6
4122,5,1042,208.4
4123,8,1082,135.2
4124,3,1077,359.0
4125,4,1084,271.0
4126,6,1075,179.2
4127,4,1073,268.2
4128,4,1071,267.8
4129,5,1057,211.4
4130,5,1055,211.0
4131,8,1040,130.0
4132,5,1052,210.4
4133,7,1064,152.0
4134,6,1049,174.8
4135,5,1042,208.4
4136,7,1059,151.3
4137,5,1044,208.8
4138,11,1056,96.0
4139,6,1083,180.5
4140,5,1085,217.0
4141,5,1081,216.2
4142,6,1086,181.0
4143,7,1087,155.3
4144,4,1077,269.2
4145,5,1078,215.6
4146,6,1090,181.7
4147,7,1083,154.7
4148,5,1084,216.8
4149,4,1096,274.0
4150,6,1077,179.5
4151,4,1096,274.0
4152,4,1066,266.5
4153,4,1078,269.5
4154,5,1051,210.2
4155,7,1100,157.1
4156,5,1081,216.2
4157,6,1079,179.8
4158,2,1060,530.0
4159,6,1083,180.5
4160,5,1072,214.4
4161,6,1095,182.5
4162,5,1092,218.4
4163,3,1073,357.7
4164,5,1113,222.6
4165,5,1078,215.6
4166,5,1108,221.6
4167,4,1104,276.0
4168,5,1116,223.2
4169,5,1089,217.8
4170,3,1107,369.0
4171,3,1103,367.7
4172,3,1105,368.3
4173,2,1088,544.0
4174,7,1099,157.0
4175,3,1091,363.7
4176,4,1085,271.2
4177,5,1094,218.8
4178,4,1098,274.5
4179,4,1084,271.0
4180,4,1087,271.8
4181,2,1104,552.0
4182,3,1082,360.7
4183,6,1115,185.8
4184,4,1082,270.5
4185,4,1088,272.0
4186,5,1100,220.0
4187,5,1115,223.0
4188,8,1117,139.6
4189,6,1092,182.0
4190,5,1099,219.8
4191,2,1100,550.0
4192,3,1091,363.7
4193,7,1094,156.3
4194,4,1089,272.2
4195,3,1101,367.0
4196,4,1116,279.0
4197,2,1116,558.0
4198,2,1097,548.5
4199,3,1086,362.0
4200,3,1091,363.7
4201,5,1091,218.2
4202,4,1109,277.2
4203,3,1102,367.3
4204,8,1097,137.1
4205,2,1118,559.0
4206,3,1103,367.7
4207,6,1085,180.8
4208,2,1102,551.0
4209,5,1107,221.4
4210,2,1096,548.0
4211,5,1110,222.0
4212,5,1096,219.2
4213,6,1093,182.2
4214,6,1097,182.8
4215,4,1113,278.2
4216,5,1083,216.6
4217,3,1112,370.7
4218,6,1076,179.3
4219,5,1088,217.6
4220,4,1079,269.8
4221,5,1101,220.2
4222,3,1089,363.0
4223,7,1092,156.0
4224,5,1086,217.2
4225,5,1098,219.6
4226,4,1093,273.2
4227,4,1084,271.0
4228,5,1100,220.0
4229,6,1086,181.0
4230,5,1098,219.6
4231,5,1103,220.6
4232,4,1072,268.0
4233,2,1090,545.0
4234,3,1098,366.0
4235,3,1089,363.0
4236,6,1101,183.5
4237,5,1105,221.0
4238,4,1106,276.5
4239,4,1105,276.2
4240,3,1089,363.0
4241,5,1102,220.4
4242,4,1113,278.2
4243,6,1107,184.5
4244,3,1118,372.7
4245,3,1114,371.3
4246,3,1106,368.7
4247,4,1097,274.2
4248,5,1103,220.6
4249,4,1090,272.5
4250,6,1102,183.7
4251,5,1104,220.8
4252,8,1108,138.5
4253,6,1103,183.8
4254,5,1108,221.6
4255,5,1097,219.4
4256,2,1109,554.5
4257,6,1098,183.0
4258,6,1101,183.5
4259,3,1112,370.7
4260,2,1078,539.0
4261,3,1109,369.7
4262,4,1095,273.8
4263,5,1113,222.6
4264,5,1123,224.6
4265,2,1090,545.0
4266,7,1109,158.4
4267,4,1097,274.2
4268,3,1094,364.7
4269,4,1104,276.0
4270,5,1101,220.2
4271,6,1116,186.0
4272,5,1103,220.6
4273,4,1093,273.2
4274,2,1107,553.5
4275,4,1096,274.0
4276,4,1091,272.8
4277,3,1105,368.3
4278,6,1085,180.8
4279,5,1091,218.2
4280,4,1083,270.8
4281,5,1058,211.6
4282,6,1066,177.7
4283,6,1088,181.3
4284,6,1067,177.8
4285,3,1093,364.3
4286,6,1056,176.0
4287,4,1067,266.8
4288,5,1054,210.8
4289,7,1060,151.4
4290,5,1054,210.8
4291,7,1061,151.6
4292,6,1076,179.3
4293,6,1054,175.7
4294,8,1056,132.0
4295,11,1055,95.9
4296,5,1079,215.8
4297,6,1067,177.8
4298,5,1054,210.8
4299,8,1073,134.1
4300,5,1068,213.6
4301,4,1063,265.8
4302,8,1077,134.6
4303,11,1067,97.0
4304,6,1094,182.3
4305,6,1093,182.2
4306,7,1069,152.7
4307,6,1060,176.7
4308,7,1062,151.7
4309,5,1079,215.8
4310,5,1050,210.0
4311,5,1079,215.8
4312,4,1053,263.2
4313,5,1067,213.4
4314,5,1081,216.2
4315,6,1052,175.3
4316,4,1075,268.8
4317,9,1067,118.6
4318,5,1094,218.8
4319,7,1065,152.1
4320,8,1074,134.2
4321,10,1078,107.8
4322,9,1069,118.8
4323,4,1047,261.8
4324,3,1061,353.7
4325,6,1084,180.7
4326,5,1058,211.6
4327,8,1099,137.4
4328,5,1056,211.2
4329,6,1081,180.2
4330,7,1067,152.4
4331,5,1083,216.6
4332,7,1059,151.3
4333,10,1047,104.7
4334,7,1061,151.6
4335,8,1073,134.1
4336,4,1065,266.2
4337,6,1066,177.7
4338,7,1061,151.6
4339,9,1072,119.1
4340,8,1041,130.1
4341,7,1055,150.7
4342,7,1061,151.6
4343,7,1086,155.1
4344,4,1062,265.5
4345,6,1034,172.3
4346,11,1052,95.6
4347,4,1068,267.0
4348,5,1093,218.6
4349,6,1076,179.3
4350,6,1053,175.5
4351,7,1079,154.1
4352,4,1092,273.0
4353,6,1070,178.3
4354,10,1067,106.7
4355,7,1058,151.1
4356,5,1065,213.0
4357,8,1071,133.9
4358,9,1068,118.7
4359,7,1094,156.3
4360,6,1040,173.3
4361,6,1076,179.3
4362,7,1076,153.7
4363,7,1036,148.0
4364,8,1072,134.0
4365,7,1067,152.4
4366,6,1072,178.7
4367,7,1104,157.7
4368,5,1068,213.6
4369,6,1065,177.5
4370,9,1059,117.7
4371,7,1075,153.6
4372,5,1073,214.6
4373,4,1071,267.8
4374,6,1049,174.8
4375,4,1055,263.8
4376,6,1065,177.5
4377,6,1064,177.3
4378,6,1065,177.5
4379,7,1068,152.6
4380,6,1078,179.7
4381,4,1053,263.2
4382,4,1048,262.0
4383,5,1043,208.6
4384,5,1069,213.8
4385,7,1047,149.6
4386,4,1043,260.8
4387,7,1076,153.7
4388,10,1073,107.3
4389,8,1078,134.8
4390,6,1076,179.3
4391,4,1054,263.5
4392,5,1050,210.0
4393,4,1059,264.8
4394,8,1031,128.9
4395,7,1066,152.3
4396,6,1079,179.8
4397,6,1081,180.2
4398,6,1052,175.3
4399,6,1081,180.2
4400,5,1051,210.2
4401,6,1081,180.2
4402,8,1076,134.5
4403,7,1067,152.4
4404,4,1063,265.8
4405,4,1066,266.5
4406,7,1038,148.3
4407,6,1057,176.2
4408,8,1059,132.4
4409,5,1068,213.6
4410,5,1065,213.0
4411,7,1063,151.9
4412,7,1074,153.4
4413,6,1062,177.0
4414,9,1085,120.6
4415,9,1066,118.4
4416,10,1056,105.6
4417,8,1056,132.0
4418,7,1043,149.0
4419,5,1054,210.8
4420,5,1066,213.2
4421,8,1060,132.5
4422,4,1051,262.8
4423,6,1038,173.0
4424,5,1057,211.4
4425,5,1033,206.6
4426,7,1054,150.6
4427,3,1034,344.7
4428,5,1049,209.8
4429,5,1075,215.0
4430,7,1054,150.6
4431,8,1067,133.4
4432,6,1040,173.3
4433,4,1060,265.0
4434,3,1047,349.0
4435,4,1050,262.5
4436,6,1035,172.5
4437,8,1075,134.4
4438,5,1067,213.4
4439,5,1043,208.6
4440,7,1064,152.0
4441,6,1084,180.7
4442,5,1058,211.6
4443,8,1041,130.1
4444,7,1042,148.9
4445,6,1070,178.3
4446,5,1066,213.2
4447,5,1063,212.6
4448,10,1061,106.1
4449,7,1059,151.3
4450,6,1040,173.3
4451,5,1066,213.2
4452,5,1075,215.0
4453,5,1046,209.2
4454,5,1037,207.4
4455,6,1070,178.3
4456,8,1070,133.8
4457,7,1053,150.4
4458,7,1091,155.9
4459,4,1068,267.0
4460,8,1090,136.2
4461,8,1060,132.5
4462,4,1075,268.8
4463,5,1066,213.2
4464,4,1074,268.5
4465,6,1051,175.2
4466,6,1093,182.2
4467,7,1064,152.0
4468,4,1061,265.2
4469,3,1058,352.7
4470,8,1059,132.4
4471,8,1061,132.6
4472,8,1071,133.9
4473,4,1064,266.0
4474,7,1029,147.0
4475,8,1062,132.8
4476,6,1053,175.5
4477,5,1048,209.6
4478,5,1073,214.6
4479,6,1065,177.5
4480,5,1067,213.4
4481,7,1045,149.3
4482,5,1070,214.0
4483,7,1070,152.9
4484,7,1065,152.1
4485,7,1051,150.1
4486,5,1062,212.4
4487,5,1071,214.2
4488,6,1069,178.2
4489,9,1060,117.8
4490,5,1026,205.2
4491,5,1055,211.0
4492,5,1071,214.2
4493,6,1077,179.5
4494,5,1058,211.6
4495,6,1045,174.2
4496,6,1058,176.3
4497,8,1052,131.5
4498,3,1034,344.7
4499,12,1052,87.7
4500,8,1051,131.4
4501,8,1032,129.0
4502,6,1052,175.3
4503,9,1046,116.2
4504,7,1038,148.3
4505,10,1004,100.4
4506,8,1034,129.2
4507,6,1035,172.5
4508,7,1022,146.0
4509,8,1046,130.8
4510,7,1062,151.7
4511,8,1033,129.1
4512,6,1026,171.0
4513,6,1040,173.3
4514,8,1037,129.6
4515,6,1034,172.3
4516,6,1015,169.2
4517,10,1022,102.2
4518,9,1029,114.3
4519,8,1022,127.8
4520,8,1031,128.9
4521,10,1022,102.2
4522,9,1028,114.2
4523,11,1021,92.8
4524,6,1005,167.5
4525,7,1007,143.9
4526,6,1047,174.5
4527,6,1036,172.7
4528,5,1039,207.8
4529,7,1042,148.9
4530,8,1042,130.2
4531,7,1054,150.6
4532,7,1029,147.0
4533,7,1031,147.3
4534,6,1046,174.3
4535,6,1026,171.0
4536,7,1042,148.9
4537,9,1032,114.7
4538,10,1043,104.3
4539,7,1033,147.6
4540,7,1026,146.6
4541,7,1016,145.1
4542,8,1031,128.9
4543,6,1022,170.3
4544,12,1008,84.0
4545,6,1041,173.5
4546,6,1012,168.7
4547,10,1050,105.0
4548,6,1046,174.3
4549,7,1027,146.7
4550,7,1018,145.4
4551,9,1042,115.8
4552,5,1051,210.2
4553,8,1054,131.8
4554,9,1069,118.8
4555,10,1037,103.7
4556,5,1037,207.4
4557,7,1030,147.1
4558,8,1038,129.8
4559,8,1030,128.8
4560,8,1049,131.1
4561,5,1060,212.0
4562,7,1043,149.0
4563,6,1040,173.3
4564,11,1052,95.6
4565,7,1025,146.4
4566,6,1030,171.7
4567,6,1029,171.5
4568,7,1041,148.7
4569,12,1026,85.5
4570,8,1031,128.9
4571,7,1039,148.4
4572,7,1026,146.6
4573,8,1020,127.5
4574,7,1009,144.1
4575,8,1043,130.4
4576,11,1047,95.2
4577,9,1049,116.6
4578,8,1029,128.6
4579,12,1060,88.3
4580,10,1063,106.3
4581,11,1053,95.7
4582,11,1034,94.0
4583,11,1027,93.4
4584,8,1049,131.1
4585,7,1035,147.9
4586,15,1045,69.7
4587,10,1043,104.3
4588,8,1028,128.5
4589,13,1057,81.3
4590,9,1055,117.2
4591,8,1045,130.6
4592,7,1030,147.1
4593,12,1039,86.6
4594,9,1062,118.0
4595,10,1038,103.8
4596,10,1044,104.4
4597,8,1046,130.8
4598,11,1038,94.4
4599,9,1025,113.9
4600,11,1059,96.3
4601,8,1016,127.0
4602,13,1032,79.4
4603,5,1027,205.4
4604,10,1015,101.5
4605,6,1030,171.7
4606,6,1010,168.3
4607,9,1045,116.1
4608,6,1042,173.7
4609,9,1058,117.6
4610,8,1014,126.8
4611,4,1017,254.2
4612,8,1028,128.5
4613,8,1030,128.8
4614,7,1019,145.6
4615,9,1037,115.2
4616,9,1040,115.6
4617,7,1035,147.9
4618,12,1037,86.4
4619,9,1004,111.6
4620,7,1019,145.6
4621,8,1025,128.1
4622,11,1018,92.5
4623,11,1052,95.6
4624,8,1060,132.5
4625,8,1057,132.1
4626,11,1035,94.1
4627,8,1023,127.9
4628,7,1033,147.6
4629,8,1032,129.0
4630,9,1044,116.0
4631,10,1039,103.9
4632,8,1029,128.6
4633,8,1024,128.0
4634,8,1030,128.8
4635,7,1033,147.6
4636,10,1057,105.7
4637,8,1035,129.4
4638,11,1055,95.9
4639,9,1026,114.0
4640,7,1043,149.0
4641,8,1039,129.9
4642,7,1021,145.9
4643,9,1024,113.8
4644,8,992,124.0
4645,10,1055,105.5
4646,8,1016,127.0
4647,9,1026,114.0
4648,6,1004,167.3
4649,6,1038,173.0
4650,5,1029,205.8
4651,7,1049,149.9
4652,5,1021,204.2
4653,11,1021,92.8
4654,9,1041,115.7
4655,8,1038,129.8
4656,6,1043,173.8
4657,9,1044,116.0
4658,7,1047,149.6
4659,8,1046,130.8
4660,8,1048,131.0
4661,8,1037,129.6
4662,9,1021,113.4
4663,12,1043,86.9
4664,11,1029,93.5
4665,5,1022,204.4
4666,7,1018,145.4
4667,8,1008,126.0
4668,9,1045,116.1
4669,5,1028,205.6
4670,5,1030,206.0
4671,6,1050,175.0
4672,9,1050,116.7
4673,8,1041,130.1
4674,6,1062,177.0
4675,6,1043,173.8
4676,7,1062,151.7
4677,7,1050,150.0
4678,5,1057,211.4
4679,6,1033,172.2
4680,9,1044,116.0
4681,8,1041,130.1
4682,8,1023,127.9
4683,9,1033,114.8
4684,9,1057,117.4
4685,10,1025,102.5
4686,10,1034,103.4
4687,9,1034,114.9
4688,12,1040,86.7
4689,12,1031,85.9
4690,6,1044,174.0
4691,6,1050,175.0
4692,11,1053,95.7
4693,10,1035,103.5
4694,8,1039,129.9
4695,7,1035,147.9
4696,8,1020,127.5
4697,9,1011,112.3
4698,13,1056,81.2
4699,6,1009,168.2
4700,9,1023,113.7
4701,9,1026,114.0
4702,6,1010,168.3
4703,13,1021,78.5
4704,11,999,90.8
4705,10,1032,103.2
4706,9,1007,111.9
4707,6,1027,171.2
4708,7,1027,146.7
4709,8,1027,128.4
4710,8,1007,125.9
4711,11,1036,94.2
4712,7,1023,146.1
4713,9,1023,113.7
4714,8,1027,128.4
4715,11,1023,93.0
4716,10,1027,102.7
4717,8,1023,127.9
4718,11,1039,94.5
4719,11,1023,93.0
4720,8,1023,127.9
4721,8,1002,125.2
4722,11,1050,95.5
4723,14,1041,74.4
4724,9,1022,113.6
4725,15,1031,68.7
4726,13,1023,78.7
4727,9,1041,115.7
4728,5,1007,201.4
4729,6,1034,172.3
4730,9,1024,113.8
4731,9,1030,114.4
4732,8,1050,131.2
4733,8,1017,127.1
4734,13,1038,79.8
4735,7,1018,145.4
4736,10,998,99.8
4737,12,1010,84.2
4738,9,1050,116.7
4739,6,1014,169.0
4740,7,1015,145.0
4741,7,1033,147.6
4742,7,1016,145.1
4743,6,1033,172.2
4744,7,1011,144.4
4745,11,1033,93.9
4746,8,1045,130.6
4747,12,1043,86.9
4748,9,991,110.1
4749,9,1024,113.8
4750,6,1041,173.5
4751,11,1039,94.5
4752,11,1021,92.8
4753,6,1012,168.7
4754,7,1033,147.6
4755,8,1032,129.0
4756,8,1023,127.9
4757,7,1017,145.3
4758,11,1059,96.3
4759,11,1031,93.7
4760,7,1034,147.7
4761,8,1011,126.4
4762,8,1029,128.6
4763,9,1016,112.9
4764,10,1035,103.5
4765,9,990,110.0
4766,9,1041,115.7
4767,5,1012,202.4
4768,9,1017,113.0
4769,7,1020,145.7
4770,8,1057,132.1
4771,9,1053,117.0
4772,9,1044,116.0
4773,10,1014,101.4
4774,7,1042,148.9
4775,7,1017,145.3
4776,4,1006,251.5
4777,9,1036,115.1
4778,6,1021,170.2
4779,8,1009,126.1
4780,7,1017,145.3
4781,9,1029,114.3
4782,9,1032,114.7
4783,7,1028,146.9
4784,6,1003,167.2
4785,6,1028,171.3
4786,11,1036,94.2
4787,7,1029,147.0
4788,6,1047,174.5
4789,13,1041,80.1
4790,9,1026,114.0
4791,8,1017,127.1
4792,10,1042,104.2
4793,5,1021,204.2
4794,9,1016,112.9
4795,8,1037,129.6
4796,9,1045,116.1
4797,13,1055,81.2
4798,9,1044,116.0
4799,8,1030,128.8
4800,9,1073,119.2
4801,9,1014,112.7
4802,8,1037,129.6
4803,10,1036,103.6
4804,9,1029,114.3
4805,11,1030,93.6
4806,8,1045,130.6
4807,8,1042,130.2
4808,9,1043,115.9
4809,11,1035,94.1
4810,7,1023,146.1
4811,7,1033,147.6
4812,7,1049,149.9
4813,9,1056,117.3
4814,9,1045,116.1
4815,5,1059,211.8
4816,5,1031,206.2
4817,9,1019,113.2
4818,10,1031,103.1
4819,6,1019,169.8
4820,7,1026,146.6
4821,15,1067,71.1
4822,5,1040,208.0
4823,9,1043,115.9
4824,7,1025,146.4
4825,8,1036,129.5
4826,10,1021,102.1
4827,9,1010,112.2
4828,9,1037,115.2
4829,7,1026,146.6
4830,12,1028,85.7
4831,7,1033,147.6
4832,8,1039,129.9
4833,11,1034,94.0
4834,8,1033,129.1
4835,10,1045,104.5
4836,9,1040,115.6
4837,8,1040,130.0
4838,13,1051,80.8
4839,9,1027,114.1
4840,13,1031,79.3
4841,11,1041,94.6
4842,12,1049,87.4
4843,9,1043,115.9
4844,11,1031,93.7
4845,11,1023,93.0
4846,11,1036,94.2
4847,11,1057,96.1
4848,11,1029,93.5
4849,12,1044,87.0
4850,9,1043,115.9
4851,12,1041,86.8
4852,10,1038,103.8
4853,12,1061,88.4
4854,9,1034,114.9
4855,11,1009,91.7
4856,16,1034,64.6
4857,9,1038,115.3
4858,10,1031,103.1
4859,7,1039,148.4
4860,9,1051,116.8
4861,9,1022,113.6
4862,8,1037,129.6
4863,7,1030,147.1
4864,7,1032,147.4
4865,8,1029,128.6
4866,7,1048,149.7
4867,9,1043,115.9
4868,9,1056,117.3
4869,11,1060,96.4
4870,9,1033,114.8
4871,9,1028,114.2
4872,11,1048,95.3
4873,10,1040,104.0
4874,7,1036,148.0
4875,8,1046,130.8
4876,11,1043,94.8
4877,8,1039,129.9
4878,9,1030,114.4
4879,7,1050,150.0
4880,10,1050,105.0
4881,9,1056,117.3
4882,6,1022,170.3
4883,9,1046,116.2
4884,8,1065,133.1
4885,9,1048,116.4
4886,6,1056,176.0
4887,11,1053,95.7
4888,7,1025,146.4
4889,5,1052,210.4
4890,7,1024,146.3
4891,9,1044,116.0
4892,10,1050,105.0
4893,8,1063,132.9
4894,11,1058,96.2
4895,9,1049,116.6
4896,10,1039,103.9
4897,6,1043,173.8
4898,11,1042,94.7
4899,11,1041,94.6
4900,7,1032,147.4
4901,7,1041,148.7
4902,5,1055,211.0
4903,7,1049,149.9
4904,8,1037,129.6
4905,6,1069,178.2
4906,9,1055,117.2
4907,9,1052,116.9
4908,10,1048,104.8
4909,7,1031,147.3
4910,8,1043,130.4
4911,10,1063,106.3
4912,9,1022,113.6
4913,11,1024,93.1
4914,7,1030,147.1
4915,11,1039,94.5
4916,12,1025,85.4
4917,8,1004,125.5
4918,10,1041,104.1
4919,7,1033,147.6
4920,8,1041,130.1
4921,13,1027,79.0
4922,12,1040,86.7
4923,7,1005,143.6
4924,11,1040,94.5
4925,10,1042,104.2
4926,9,1038,115.3
4927,6,1036,172.7
4928,6,1043,173.8
4929,5,1025,205.0
4930,5,1029,205.8
4931,11,1068,97.1
4932,7,1060,151.4
4933,5,1029,205.8
4934,7,1032,147.4
4935,8,1050,131.2
4936,11,1037,94.3
4937,5,1028,205.6
4938,7,1002,143.1
4939,7,1019,145.6
4940,6,1047,174.5
4941,7,1049,149.9
4942,7,1040,148.6
4943,6,1061,176.8
4944,8,1046,130.8
4945,9,1037,115.2
4946,7,1045,149.3
4947,4,1021,255.2
4948,5,1011,202.2
4949,9,1058,117.6
4950,7,1027,146.7
4951,9,1050,116.7
4952,11,1052,95.6
4953,7,1059,151.3
4954,9,1036,115.1
4955,9,1042,115.8
4956,5,1005,201.0
4957,6,1049,174.8
4958,8,1047,130.9
4959,8,1029,128.6
4960,6,1032,172.0
4961,6,1024,170.7
4962,7,1032,147.4
4963,8,1029,128.6
4964,7,1015,145.0
4965,6,1024,170.7
4966,7,1018,145.4
4967,5,997,199.4
4968,7,1022,146.0
4969,5,1025,205.0
4970,8,1032,129.0
4971,7,1014,144.9
4972,6,1024,170.7
4973,6,1034,172.3
4974,7,1051,150.1
4975,7,1041,148.7
4976,4,1057,264.2
4977,5,1024,204.8
4978,5,1028,205.6
4979,4,1034,258.5
4980,6,1058,176.3
4981,5,1060,212.0
4982,7,1064,152.0
4983,5,1061,212.2
4984,8,1053,131.6
4985,7,1054,150.6
4986,6,1036,172.7
4987,5,1040,208.0
4988,8,1068,133.5
4989,6,1051,175.2
4990,3,1070,356.7
4991,6,1075,179.2
4992,11,1083,98.5
4993,5,1054,210.8
4994,5,1061,212.2
4995,9,1089,121.0
4996,8,1078,134.8
4997,6,1071,178.5
4998,10,1070,107.0
4999,5,1081,216.2
5000,8,1076,134.5
5001,6,1057,176.2
5002,10,1065,106.5
5003,5,1088,217.6
5004,6,1068,178.0
5005,4,1079,269.8
5006,5,1062,212.4
5007,4,1060,265.0
5008,9,1076,119.6
5009,7,1072,153.1
5010,6,1073,178.8
5011,9,1074,119.3
5012,6,1061,176.8
5013,6,1068,178.0
5014,4,1076,269.0
5015,6,1079,179.8
5016,5,1086,217.2
5017,7,1079,154.1
5018,6,1067,177.8
5019,9,1058,117.6
5020,8,1077,134.6
5021,5,1049,209.8
5022,7,1080,154.3
5023,6,1070,178.3
5024,7,1088,155.4
5025,5,1066,213.2
5026,5,1071,214.2
5027,5,1058,211.6
5028,5,1055,211.0
5029,7,1078,154.0
5030,6,1077,179.5
5031,5,1060,212.0
5032,7,1077,153.9
5033,4,1093,273.2
5034,3,1053,351.0
5035,5,1091,218.2
5036,6,1069,178.2
5037,8,1090,136.2
5038,5,1070,214.0
5039,7,1072,153.1
5040,6,1073,178.8
5041,7,1067,152.4
5042,4,1086,271.5
5043,5,1079,215.8
5044,7,1071,153.0
5045,7,1054,150.6
5046,5,1046,209.2
5047,5,1056,211.2
5048,11,1069,97.2
5049,4,1057,264.2
5050,4,1082,270.5
5051,4,1066,266.5
5052,5,1075,215.0
5053,7,1074,153.4
5054,7,1068,152.6
5055,5,1066,213.2
5056,8,1069,133.6
5057,4,1059,264.8
5058,6,1066,177.7
5059,8,1097,137.1
5060,4,1077,269.2
5061,4,1078,269.5
5062,7,1072,153.1
5063,5,1068,213.6
5064,7,1067,152.4
5065,6,1072,178.7
5066,9,1083,120.3
5067,3,1032,344.0
5068,6,1068,178.0
5069,5,1060,212.0
5070,8,1035,129.4
5071,9,1076,119.6
5072,4,1044,261.0
5073,7,1047,149.6
5074,7,1075,153.6
5075,6,1073,178.8
5076,7,1072,153.1
5077,7,1073,153.3
5078,10,1066,106.6
5079,5,1050,210.0
5080,5,1066,213.2
5081,10,1080,108.0
5082,8,1071,133.9
5083,10,1047,104.7
5084,4,1075,268.8
5085,8,1074,134.2
5086,7,1070,152.9
5087,5,1079,215.8
5088,4,1066,266.5
5089,5,1072,214.4
5090,9,1071,119.0
5091,5,1075,215.0
5092,4,1094,273.5
5093,3,1072,357.3
5094,4,1058,264.5
5095,5,1091,218.2
5096,6,1093,182.2
5097,7,1064,152.0
5098,7,1068,152.6
5099,4,1086,271.5
5100,9,1087,120.8
5101,7,1046,149.4
5102,9,1074,119.3
5103,6,1089,181.5
5104,7,1088,155.4
5105,8,1090,136.2
5106,4,1083,270.8
5107,7,1072,153.1
5108,6,1079,179.8
5109,6,1068,178.0
5110,6,1069,178.2
5111,5,1079,215.8
5112,4,1092,273.0
5113,7,1089,155.6
5114,6,1090,181.7
5115,7,1089,155.6
5116,4,1076,269.0
5117,10,1086,108.6
5118,8,1079,134.9
5119,5,1070,214.0
5120,7,1081,154.4
5121,7,1078,154.0
5122,6,1070,178.3
5123,8,1063,132.9
5124,4,1069,267.2
5125,4,1053,263.2
5126,6,1060,176.7
5127,7,1055,150.7
5128,5,1078,215.6
5129,6,1067,177.8
5130,7,1074,153.4
5131,8,1087,135.9
5132,8,1071,133.9
5133,7,1086,155.1
5134,5,1077,215.4
5135,4,1061,265.2
5136,6,1055,175.8
5137,9,1071,119.0
5138,7,1081,154.4
5139,6,1082,180.3
5140,4,1067,266.8
5141,6,1075,179.2
5142,4,1060,265.0
5143,8,1057,132.1
5144,6,1066,177.7
5145,4,1072,268.0
5146,7,1069,152.7
5147,4,1057,264.2
5148,6,1059,176.5
5149,3,1061,353.7
5150,5,1054,210.8
5151,9,1047,116.3
5152,8,1072,134.0
5153,5,1071,214.2
5154,3,1039,346.3
5155,6,1028,171.3
5156,8,1060,132.5
5157,7,1048,149.7
5158,4,1054,263.5
5159,6,1069,178.2
5160,6,1033,172.2
5161,5,1052,210.4
5162,11,1044,94.9
5163,6,1056,176.0
5164,5,1062,212.4
5165,5,1052,210.4
5166,6,1058,176.3
5167,5,1041,208.2
5168,3,1075,358.3
5169,7,1082,154.6
5170,5,1048,209.6
5171,7,1085,155.0
5172,8,1059,132.4
5173,4,1051,262.8
5174,4,1052,263.0
5175,8,1047,130.9
5176,8,1061,132.6
5177,8,1058,132.2
5178,5,1051,210.2
5179,3,1057,352.3
5180,9,1052,116.9
5181,8,1049,131.1
5182,8,1036,129.5
5183,7,1048,149.7
5184,5,1074,214.8
5185,5,1051,210.2
5186,12,1072,89.3
5187,4,1060,265.0
5188,5,1042,208.4
5189,8,1074,134.2
5190,5,1054,210.8
5191,6,1042,173.7
5192,9,1049,116.6
5193,5,1047,209.4
5194,5,1063,212.6
5195,8,1086,135.8
5196,7,1075,153.6
5197,4,1042,260.5
5198,5,1058,211.6
5199,6,1069,178.2
5200,7,1061,151.6
5201,7,1078,154.0
5202,8,1051,131.4
5203,7,1038,148.3
5204,10,1072,107.2
5205,6,1064,177.3
5206,4,1071,267.8
5207,5,1056,211.2
5208,5,1064,212.8
5209,6,1069,178.2
5210,8,1070,133.8
5211,4,1067,266.8
5212,4,1053,263.2
5213,7,1047,149.6
5214,12,1083,90.2
5215,5,1075,215.0
5216,5,1071,214.2
5217,9,1052,116.9
5218,5,1057,211.4
5219,7,1059,151.3
5220,5,1072,214.4
5221,6,1097,182.8
5222,8,1026,128.2
5223,7,1068,152.6
5224,7,1066,152.3
5225,4,1053,263.2
5226,6,1053,175.5
5227,4,1096,274.0
5228,4,1070,267.5
5229,3,1071,357.0
5230,6,1092,182.0
5231,4,1072,268.0
5232,5,1073,214.6
5233,5,1052,210.4
5234,4,1065,266.2
5235,5,1061,212.2
5236,7,1079,154.1
5237,4,1085,271.2
5238,3,1048,349.3
5239,7,1074,153.4
5240,8,1070,133.8
5241,6,1077,179.5
5242,5,1083,216.6
5243,5,1059,211.8
5244,6,1065,177.5
5245,3,1062,354.0
5246,7,1076,153.7
5247,7,1081,154.4
5248,5,1078,215.6
5249,7,1094,156.3
5250,5,1070,214.0
5251,5,1073,214.6
5252,3,1078,359.3
5253,5,1050,210.0
5254,6,1075,179.2
5255,5,1092,218.4
5256,3,1069,356.3
5257,7,1074,153.4
5258,4,1074,268.5
5259,3,1036,345.3
5260,9,1070,118.9
5261,6,1056,176.0
5262,5,1050,210.0
5263,9,1036,115.1
5264,4,1057,264.2
5265,6,1054,175.7
5266,5,1040,208.0
5267,7,1014,144.9
5268,8,1039,129.9
5269,6,1022,170.3
5270,6,1025,170.8
5271,7,1025,146.4
5272,3,1008,336.0
5273,4,1042,260.5
5274,4,1028,257.0
5275,5,1044,208.8
5276,5,1045,209.0
5277,6,1033,172.2
5278,4,1078,269.5
5279,6,1054,175.7
5280,5,1034,206.8
5281,4,1067,266.8
5282,9,1067,118.6
5283,8,1066,133.2
5284,4,1086,271.5
5285,7,1061,151.6
5286,5,1058,211.6
5287,7,1063,151.9
5288,5,1064,212.8
5289,8,1066,133.2
5290,5,1063,212.6
5291,7,1062,151.7
5292,8,1059,132.4
5293,5,1094,218.8
5294,6,1077,179.5
5295,7,1054,150.6
5296,7,1059,151.3
5297,4,1065,266.2
5298,6,1065,177.5
5299,8,1068,133.5
5300,6,1053,175.5
5301,10,1060,106.0
5302,7,1075,153.6
5303,5,1063,212.6
5304,8,1069,133.6
5305,5,1054,210.8
5306,9,1065,118.3
5307,5,1073,214.6
5308,3,1050,350.0
5309,5,1070,214.0
5310,5,1074,214.8
5311,6,1068,178.0
5312,7,1045,149.3
5313,4,1031,257.8
5314,6,1056,176.0
5315,5,1076,215.2
5316,7,1058,151.1
5317,6,1065,177.5
5318,6,1055,175.8
5319,5,1065,213.0
5320,5,1075,215.0
5321,5,1057,211.4
5322,5,1030,206.0
5323,6,1067,177.8
5324,7,1054,150.6
5325,4,1040,260.0
5326,6,1048,174.7
5327,8,1015,126.9
5328,5,1040,208.0
5329,7,1031,147.3
5330,7,1035,147.9
5331,9,1062,118.0
5332,9,1036,115.1
5333,6,1033,172.2
5334,8,1038,129.8
5335,9,1026,114.0
5336,7,1037,148.1
5337,9,1022,113.6
5338,10,1050,105.0
5339,13,1039,79.9
5340,10,1042,104.2
5341,11,1058,96.2
5342,8,1024,128.0
5343,10,1030,103.0
5344,12,1049,87.4
5345,8,995,124.4
5346,6,1043,173.8
5347,7,1020,145.7
5348,11,1042,94.7
5349,10,1053,105.3
5350,11,1034,94.0
5351,8,1026,128.2
5352,8,1030,128.8
5353,9,1042,115.8
5354,12,1034,86.2
5355,10,1029,102.9
5356,9,1057,117.4
5357,10,1028,102.8
5358,7,1020,145.7
5359,12,1040,86.7
5360,7,1038,148.3
5361,13,1037,79.8
5362,8,1033,129.1
5363,11,1014,92.2
5364,13,1037,79.8
5365,11,1040,94.5
5366,10,1037,103.7
5367,12,1000,83.3
5368,9,1005,111.7
5369,8,1034,129.2
5370,12,988,82.3
5371,10,1019,101.9
5372,12,1040,86.7
5373,9,1047,116.3
5374,11,1022,92.9
5375,11,1046,95.1
5376,14,1034,73.9
5377,10,1034,103.4
5378,15,1050,70.0
5379,10,1030,103.0
5380,7,1030,147.1
5381,11,1023,93.0
5382,5,1014,202.8
5383,9,1023,113.7
5384,9,1036,115.1
5385,10,1005,100.5
5386,11,1034,94.0
5387,13,1027,79.0
5388,11,1017,92.5
5389,8,1051,131.4
5390,12,1039,86.6
5391,11,1021,92.8
5392,12,1053,87.8
5393,14,1020,72.9
5394,12,1057,88.1
5395,7,1017,145.3
5396,14,1035,73.9
5397,12,1047,87.2
5398,6,1034,172.3
5399,8,1051,131.4
5400,8,1055,131.9
5401,11,1038,94.4
5402,12,1041,86.8
5403,11,1047,95.2
5404,9,1045,116.1
5405,8,1058,132.2
5406,8,1037,129.6
5407,11,1061,96.5
5408,9,1030,114.4
5409,11,1031,93.7
5410,8,1025,128.1
5411,11,1034,94.0
5412,12,1068,89.0
5413,11,1046,95.1
5414,13,1036,79.7
5415,10,1034,103.4
5416,9,1044,116.0
5417,9,1047,116.3
5418,11,1059,96.3
5419,14,1039,74.2
5420,9,1040,115.6
5421,9,1040,115.6
5422,8,1033,129.1
5423,8,1012,126.5
5424,8,1054,131.8
5425,10,1041,104.1
5426,9,1019,113.2
5427,6,1050,175.0
5428,7,1035,147.9
5429,10,1051,105.1
5430,14,1067,76.2
5431,9,1054,117.1
5432,10,1041,104.1
5433,7,1035,147.9
5434,9,1058,117.6
5435,15,1040,69.3
5436,8,1040,130.0
5437,12,1017,84.8
5438,12,1053,87.8
5439,12,1020,85.0
5440,11,1024,93.1
5441,11,1048,95.3
5442,12,1058,88.2
5443,8,1025,128.1
5444,10,1013,101.3
5445,9,1043,115.9
5446,10,1032,103.2
5447,6,1028,171.3
5448,9,1021,113.4
5449,9,1018,113.1
5450,13,1044,80.3
5451,10,1050,105.0
5452,9,1057,117.4
5453,7,1043,149.0
5454,11,1028,93.5
5455,8,1034,129.2
5456,13,1050,80.8
5457,8,1050,131.2
5458,14,1055,75.4
5459,10,1033,103.3
5460,7,1066,152.3
5461,9,1038,115.3
5462,10,1050,105.0
5463,9,1036,115.1
5464,8,1030,128.8
5465,9,1026,114.0
5466,12,1029,85.8
5467,8,1042,130.2
5468,13,1057,81.3
5469,11,1054,95.8
5470,11,1039,94.5
5471,8,1048,131.0
5472,6,1033,172.2
5473,7,1042,148.9
5474,7,1043,149.0
5475,6,1039,173.2
5476,8,1059,132.4
5477,5,1052,210.4
5478,6,1043,173.8
5479,7,1032,147.4
5480,6,1050,175.0
5481,10,1027,102.7
5482,9,1044,116.0
5483,11,1038,94.4
5484,8,1041,130.1
5485,9,1062,118.0
5486,8,1022,127.8
5487,11,1043,94.8
5488,9,1029,114.3
5489,10,1018,101.8
5490,13,1032,79.4
5491,11,1041,94.6
5492,11,1032,93.8
5493,10,1024,102.4
5494,14,1023,73.1
5495,9,1035,115.0
5496,8,1024,128.0
5497,9,1021,113.4
5498,7,1019,145.6
5499,12,1026,85.5
5500,13,1025,78.8
5501,11,1024,93.1
5502,9,1033,114.8
5503,9,1041,115.7
5504,14,1045,74.6
5505,8,1027,128.4
5506,5,1018,203.6
5507,10,1038,103.8
5508,9,1000,111.1
5509,8,1030,128.8
5510,8,1054,131.8
5511,6,1043,173.8
5512,6,1033,172.2
5513,4,1057,264.2
5514,6,1054,175.7
5515,8,1066,133.2
5516,5,1088,217.6
5517,5,1066,213.2
5518,8,1070,133.8
5519,5,1066,213.2
5520,5,1055,211.0
5521,6,1060,176.7
5522,7,1039,148.4
5523,5,1032,206.4
5524,6,1046,174.3
5525,7,1050,150.0
5526,5,1048,209.6
5527,4,1063,265.8
5528,4,1027,256.8
5529,4,1029,257.2
5530,9,1065,118.3
5531,8,1030,128.8
5532,8,1059,132.4
5533,7,1012,144.6
5534,5,1037,207.4
5535,6,1037,172.8
5536,10,1058,105.8
5537,7,1044,149.1
5538,10,1059,105.9
5539,12,1020,85.0
5540,4,1063,265.8
5541,4,1047,261.8
5542,5,1054,210.8
5543,7,1042,148.9
5544,6,1075,179.2
5545,5,1055,211.0
5546,10,1056,105.6
5547,5,1035,207.0
5548,6,1046,174.3
5549,7,1025,146.4
5550,8,1034,129.2
5551,10,1019,101.9
5552,12,1033,86.1
5553,8,1058,132.2
5554,8,1022,127.8
5555,11,1021,92.8
5556,10,1046,104.6
5557,9,1037,115.2
5558,8,1025,128.1
5559,9,1054,117.1
5560,8,1030,128.8
5561,9,1049,116.6
5562,10,1026,102.6
5563,9,1066,118.4
5564,7,1014,144.9
5565,7,1056,150.9
5566,6,1059,176.5
5567,9,1041,115.7
5568,8,1025,128.1
5569,9,1040,115.6
5570,10,1031,103.1
5571,8,1042,130.2
5572,8,1006,125.8
5573,11,1020,92.7
5574,9,1064,118.2
5575,9,1051,116.8
5576,9,1043,115.9
5577,9,1039,115.4
5578,6,988,164.7
5579,10,1041,104.1
5580,11,1043,94.8
5581,10,1048,104.8
5582,13,1028,79.1
5583,9,1022,113.6
5584,12,1044,87.0
5585,9,1029,114.3
5586,9,1020,113.3
5587,12,1047,87.2
5588,10,1044,104.4
5589,10,1020,102.0
5590,6,1053,175.5
5591,10,1026,102.6
5592,7,1020,145.7
5593,9,1049,116.6
5594,9,1060,117.8
5595,12,1019,84.9
5596,8,1044,130.5
5597,7,1052,150.3
5598,10,1037,103.7
5599,9,1040,115.6
5600,11,1043,94.8
5601,10,1024,102.4
5602,9,1065,118.3
5603,10,1042,104.2
5604,8,1049,131.1
5605,8,1027,128.4
5606,11,1028,93.5
5607,11,1041,94.6
5608,7,1011,144.4
5609,9,1020,113.3
5610,7,1051,150.1
5611,9,1019,113.2
5612,8,1040,130.0
5613,10,1058,105.8
5614,9,1031,114.6
5615,12,1061,88.4
5616,8,1035,129.4
5617,14,1019,72.8
5618,9,1048,116.4
5619,12,1042,86.8
5620,7,1016,145.1
5621,7,1040,148.6
5622,7,1047,149.6
5623,12,1033,86.1
5624,12,1059,88.2
5625,8,1035,129.4
5626,9,1049,116.6
5627,7,1063,151.9
5628,8,1032,129.0
5629,11,1047,95.2
5630,6,1057,176.2
5631,6,1047,174.5
5632,5,1024,204.8
5633,11,1053,95.7
5634,7,1048,149.7
5635,7,1050,150.0
5636,6,1049,174.8
5637,6,1066,177.7
5638,8,1048,131.0
5639,6,1040,173.3
5640,10,1070,107.0
5641,9,1031,114.6
5642,7,1036,148.0
5643,8,1055,131.9
5644,11,1051,95.5
5645,7,1054,150.6
5646,8,1063,132.9
5647,6,1027,171.2
5648,10,1047,104.7
5649,8,1029,128.6
5650,7,1039,148.4
5651,8,1053,131.6
5652,10,1052,105.2
5653,10,1064,106.4
5654,11,1070,97.3
5655,9,1051,116.8
5656,11,1044,94.9
5657,7,1041,148.7
5658,8,1036,129.5
5659,9,1042,115.8
5660,5,1038,207.6
5661,8,1056,132.0
5662,7,1027,146.7
5663,8,1054,131.8
5664,11,1044,94.9
5665,7,1047,149.6
5666,4,1040,260.0
5667,7,1021,145.9
5668,9,1052,116.9
5669,8,1045,130.6
5670,14,1058,75.6
5671,10,1055,105.5
5672,6,1057,176.2
5673,10,1031,103.1
5674,11,1063,96.6
5675,5,1064,212.8
5676,6,1047,174.5
5677,10,1030,103.0
5678,10,1047,104.7
5679,7,1030,147.1
5680,9,1039,115.4
5681,7,1043,149.0
5682,7,1039,148.4
5683,10,1064,106.4
5684,6,1062,177.0
5685,10,1056,105.6
5686,7,1055,150.7
5687,10,1048,104.8
5688,9,1035,115.0
5689,8,1071,133.9
5690,7,1050,150.0
5691,6,1003,167.2
5692,11,1035,94.1
5693,7,1074,153.4
5694,7,1029,147.0
5695,8,1068,133.5
5696,5,1039,207.8
5697,6,1070,178.3
5698,6,1050,175.0
5699,11,1096,99.6
5700,6,1034,172.3
5701,5,1077,215.4
5702,9,1078,119.8
5703,6,1050,175.0
5704,8,1058,132.2
5705,7,1061,151.6
5706,4,1042,260.5
5707,5,1031,206.2
5708,7,1046,149.4
5709,7,1044,149.1
5710,5,1062,212.4
5711,6,1061,176.8
5712,7,1060,151.4
5713,7,1077,153.9
5714,5,1054,210.8
5715,9,1062,118.0
5716,7,1059,151.3
5717,5,1079,215.8
5718,10,1049,104.9
5719,6,1079,179.8
5720,5,1059,211.8
5721,4,1064,266.0
5722,9,1064,118.2
5723,4,1048,262.0
5724,5,1055,211.0
5725,6,1058,176.3
5726,7,1072,153.1
5727,6,1068,178.0
5728,6,1061,176.8
5729,6,1050,175.0
5730,7,1077,153.9
5731,5,1062,212.4
5732,6,1051,175.2
5733,6,1045,174.2
5734,4,1053,263.2
5735,5,1058,211.6
5736,5,1055,211.0
5737,4,1076,269.0
5738,7,1067,152.4
5739,7,1064,152.0
5740,7,1080,154.3
5741,6,1068,178.0
5742,6,1079,179.8
5743,6,1040,173.3
5744,5,1071,214.2
5745,6,1056,176.0
5746,6,1064,177.3
5747,5,1066,213.2
5748,5,1067,213.4
5749,5,1081,216.2
5750,8,1074,134.2
5751,6,1072,178.7
5752,5,1081,216.2
5753,6,1085,180.8
5754,3,1066,355.3
5755,4,1056,264.0
5756,6,1096,182.7
5757,3,1083,361.0
5758,5,1072,214.4
5759,3,1084,361.3
5760,6,1112,185.3
5761,6,1108,184.7
5762,5,1088,217.6
5763,4,1080,270.0
5764,5,1060,212.0
5765,4,1073,268.2
5766,5,1066,213.2
5767,8,1082,135.2
5768,7,1071,153.0
5769,8,1080,135.0
5770,8,1088,136.0
5771,6,1069,178.2
5772,7,1067,152.4
5773,8,1065,133.1
5774,4,1061,265.2
5775,6,1098,183.0
5776,7,1085,155.0
5777,7,1085,155.0
5778,6,1084,180.7
5779,6,1077,179.5
5780,3,1084,361.3
5781,4,1091,272.8
5782,6,1095,182.5
5783,8,1050,131.2
5784,5,1090,218.0
5785,5,1109,221.8
5786,4,1093,273.2
5787,6,1091,181.8
5788,4,1098,274.5
5789,6,1086,181.0
5790,3,1103,367.7
5791,2,1118,559.0
5792,5,1134,226.8
5793,5,1112,222.4
5794,5,1093,218.6
5795,7,1074,153.4
5796,4,1061,265.2
5797,7,1084,154.9
5798,4,1075,268.8
5799,4,1071,267.8
5800,8,1074,134.2
5801,8,1055,131.9
5802,6,1085,180.8
5803,4,1082,270.5
5804,4,1096,274.0
5805,3,1089,363.0
5806,5,1082,216.4
5807,8,1047,130.9
5808,5,1051,210.2
5809,6,1047,174.5
5810,6,1025,170.8
5811,6,1041,173.5
5812,8,1045,130.6
5813,6,1041,173.5
5814,9,1040,115.6
5815,10,1050,105.0
5816,10,1072,107.2
5817,6,1056,176.0
5818,11,1047,95.2
5819,9,1043,115.9
5820,10,1045,104.5
5821,8,1019,127.4
5822,7,1057,151.0
5823,6,1040,173.3
5824,6,1069,178.2
5825,9,1049,116.6
5826,8,1056,132.0
5827,8,1063,132.9
5828,14,1079,77.1
5829,6,1050,175.0
5830,5,1041,208.2
5831,9,1027,114.1
5832,8,1049,131.1
5833,4,1064,266.0
5834,5,1047,209.4
5835,5,1073,214.6
5836,6,1065,177.5
5837,7,1064,152.0
5838,8,1045,130.6
5839,4,1031,257.8
5840,13,1051,80.8
5841,6,1060,176.7
5842,9,1050,116.7
5843,5,1040,208.0
5844,8,1062,132.8
5845,6,1067,177.8
5846,8,1033,129.1
5847,7,1041,148.7
5848,6,1055,175.8
5849,9,1058,117.6
5850,7,1067,152.4
5851,4,1054,263.5
5852,7,1044,149.1
5853,7,1034,147.7
5854,10,1050,105.0
5855,8,1046,130.8
5856,5,1028,205.6
5857,5,1054,210.8
5858,5,1037,207.4
5859,7,1031,147.3
5860,7,1023,146.1
5861,4,1032,258.0
5862,7,1035,147.9
5863,9,1022,113.6
5864,9,1047,116.3
5865,12,1045,87.1
5866,8,1059,132.4
5867,5,1036,207.2
5868,7,1012,144.6
5869,5,1044,208.8
5870,4,1029,257.2
5871,9,1035,115.0
5872,11,1066,96.9
5873,8,1028,128.5
5874,8,1033,129.1
5875,11,1044,94.9
5876,6,1036,172.7
5877,5,1031,206.2
5878,7,1053,150.4
5879,11,1048,95.3
5880,6,1052,175.3
5881,7,1050,150.0
5882,7,1037,148.1
5883,7,1062,151.7
5884,10,1042,104.2
5885,5,1037,207.4
5886,8,1034,129.2
5887,8,1032,129.0
5888,8,1065,133.1
5889,6,1039,173.2
5890,8,1034,129.2
5891,4,1038,259.5
5892,6,1009,168.2
5893,5,1012,202.4
5894,9,1044,116.0
5895,7,1038,148.3
5896,4,1030,257.5
5897,7,1048,149.7
5898,5,1058,211.6
5899,10,1049,104.9
5900,8,1034,129.2
5901,8,1045,130.6
5902,13,1034,79.5
5903,10,1027,102.7
5904,8,1039,129.9
5905,11,1039,94.5
5906,8,1045,130.6
5907,7,1035,147.9
5908,8,1050,131.2
5909,9,1043,115.9
5910,9,1041,115.7
5911,9,1025,113.9
5912,7,1048,149.7
5913,5,1057,211.4
5914,7,1056,150.9
5915,7,1056,150.9
5916,3,1071,357.0
5917,5,1073,214.6
5918,6,1073,178.8
5919,5,1064,212.8
5920,7,1068,152.6
5921,10,1069,106.9
5922,5,1046,209.2
5923,10,1051,105.1
5924,8,1060,132.5
5925,4,1035,258.8
5926,5,1043,208.6
5927,5,1055,211.0
5928,3,1072,357.3
5929,5,1063,212.6
5930,6,1066,177.7
5931,3,1078,359.3
5932,3,1070,356.7
5933,4,1068,267.0
5934,4,1074,268.5
5935,6,1063,177.2
5936,6,1057,176.2
5937,9,1074,119.3
5938,8,1076,134.5
5939,6,1055,175.8
5940,8,1067,133.4
5941,5,1046,209.2
5942,8,1067,133.4
5943,8,1088,136.0
5944,6,1092,182.0
5945,4,1084,271.0
5946,5,1092,218.4
5947,3,1071,357.0
5948,8,1080,135.0
5949,7,1052,150.3
5950,7,1077,153.9
5951,7,1053,150.4
5952,4,1080,270.0
5953,7,1087,155.3
5954,5,1102,220.4
5955,6,1079,179.8
5956,6,1076,179.3
5957,5,1087,217.4
5958,6,1091,181.8
5959,5,1068,213.6
5960,7,1075,153.6
5961,5,1058,211.6
5962,6,1072,178.7
5963,5,1055,211.0
5964,11,1080,98.2
5965,3,1073,357.7
5966,5,1084,216.8
5967,5,1093,218.6
5968,5,1067,213.4
5969,7,1059,151.3
5970,4,1073,268.2
5971,6,1071,178.5
5972,6,1077,179.5
5973,8,1082,135.2
5974,3,1046,348.7
5975,6,1066,177.7
5976,6,1082,180.3
5977,5,1075,215.0
5978,6,1095,182.5
5979,6,1053,175.5
5980,7,1079,154.1
5981,7,1075,153.6
5982,5,1071,214.2
5983,5,1052,210.4
5984,5,1056,211.2
5985,8,1067,133.4
5986,4,1060,265.0
5987,5,1055,211.0
5988,8,1049,131.1
5989,6,1066,177.7
5990,5,1051,210.2
5991,6,1077,179.5
5992,8,1071,133.9
5993,4,1067,266.8
5994,6,1099,183.2
5995,5,1075,215.0
5996,4,1073,268.2
5997,7,1071,153.0
5998,3,1054,351.3
5999,7,1053,150.4
6000,5,1070,214.0
6001,4,1067,266.8
6002,9,1072,119.1
6003,10,1078,107.8
6004,8,1080,135.0
6005,4,1061,265.2
6006,5,1057,211.4
6007,6,1050,175.0
6008,7,1086,155.1
6009,7,1074,153.4
6010,6,1075,179.2
6011,6,1069,178.2
6012,8,1079,134.9
6013,5,1061,212.2
6014,7,1082,154.6
6015,9,1070,118.9
6016,5,1077,215.4
6017,6,1066,177.7
6018,6,1076,179.3
6019,4,1083,270.8
6020,6,1058,176.3
6021,6,1067,177.8
6022,6,1078,179.7
6023,5,1072,214.4
6024,5,1075,215.0
6025,6,1079,179.8
6026,5,1068,213.6
6027,6,1067,177.8
6028,6,1054,175.7
6029,6,1066,177.7
6030,8,1063,132.9
6031,9,1069,118.8
6032,7,1042,148.9
6033,7,1080,154.3
6034,10,1055,105.5
6035,7,1072,153.1
6036,6,1067,177.8
6037,4,1064,266.0
6038,5,1067,213.4
6039,8,1106,138.2
6040,6,1089,181.5
6041,10,1088,108.8
6042,7,1068,152.6
6043,9,1073,119.2
6044,10,1078,107.8
6045,7,1056,150.9
6046,8,1054,131.8
6047,9,1068,118.7
6048,4,1081,270.2
6049,7,1080,154.3
6050,7,1084,154.9
6051,9,1075,119.4
6052,7,1065,152.1
6053,6,1089,181.5
6054,7,1063,151.9
6055,7,1056,150.9
6056,5,1063,212.6
6057,8,1062,132.8
6058,5,1063,212.6
6059,6,1059,176.5
6060,6,1048,174.7
6061,6,1063,177.2
6062,4,1055,263.8
6063,6,1065,177.5
6064,10,1080,108.0
6065,5,1078,215.6
6066,7,1057,151.0
6067,9,1070,118.9
6068,7,1067,152.4
6069,7,1074,153.4
6070,6,1054,175.7
6071,7,1088,155.4
6072,8,1085,135.6
6073,6,1079,179.8
6074,5,1079,215.8
6075,4,1073,268.2
6076,6,1077,179.5
6077,6,1085,180.8
6078,11,1079,98.1
6079,7,1079,154.1
6080,5,1054,210.8
6081,6,1081,180.2
6082,6,1098,183.0
6083,8,1057,132.1
6084,6,1069,178.2
6085,10,1069,106.9
6086,7,1079,154.1
6087,5,1064,212.8
6088,7,1045,149.3
6089,7,1099,157.0
6090,7,1073,153.3
6091,8,1067,133.4
6092,9,1055,117.2
6093,7,1080,154.3
6094,5,1075,215.0
6095,7,1072,153.1
6096,8,1066,133.2
6097,7,1079,154.1
6098,8,1077,134.6
6099,7,1085,155.0
6100,5,1068,213.6
6101,6,1093,182.2
6102,7,1085,155.0
6103,4,1078,269.5
6104,9,1087,120.8
6105,5,1069,213.8
6106,9,1084,120.4
6107,6,1077,179.5
6108,5,1088,217.6
6109,7,1063,151.9
6110,8,1090,136.2
6111,4,1082,270.5
6112,5,1096,219.2
6113,7,1083,154.7
6114,6,1098,183.0
6115,3,1090,363.3
6116,5,1093,218.6
6117,6,1088,181.3
6118,7,1096,156.6
6119,5,1071,214.2
6120,5,1090,218.0
6121,3,1066,355.3
6122,6,1062,177.0
6123,7,1066,152.3
6124,6,1064,177.3
6125,7,1103,157.6
6126,5,1072,214.4
6127,4,1076,269.0
6128,6,1047,174.5
6129,7,1072,153.1
6130,6,1081,180.2
6131,10,1065,106.5
6132,5,1072,214.4
6133,5,1046,209.2
6134,6,1075,179.2
6135,7,1059,151.3
6136,3,1032,344.0
6137,7,1050,150.0
6138,12,1028,85.7
6139,6,1066,177.7
6140,4,1062,265.5
6141,6,1044,174.0
6142,8,1055,131.9
6143,9,1048,116.4
6144,11,1060,96.4
6145,9,1075,119.4
6146,5,1053,210.6
6147,10,1065,106.5
6148,4,1053,263.2
6149,7,1067,152.4
6150,10,1036,103.6
6151,5,1050,210.0
6152,10,1037,103.7
6153,6,1049,174.8
6154,5,1044,208.8
6155,7,1022,146.0
6156,9,1043,115.9
6157,7,1040,148.6
6158,8,1069,133.6
6159,5,1060,212.0
6160,7,1064,152.0
6161,6,1058,176.3
6162,7,1060,151.4
6163,6,1055,175.8
6164,8,1050,131.2
6165,6,1073,178.8
6166,9,1064,118.2
6167,9,1071,119.0
6168,10,1031,103.1
6169,4,1043,260.8
6170,6,1052,175.3
6171,9,1045,116.1
6172,6,1063,177.2
6173,5,1060,212.0
6174,8,1060,132.5
6175,8,1043,130.4
6176,7,1036,148.0
6177,5,1045,209.0
6178,5,1066,213.2
6179,5,1061,212.2
6180,6,1051,175.2
6181,9,1057,117.4
6182,5,1042,208.4
6183,4,1037,259.2
6184,7,1069,152.7
6185,5,1019,203.8
6186,8,1049,131.1
6187,6,1022,170.3
6188,8,1058,132.2
6189,9,1060,117.8
6190,7,1062,151.7
6191,8,1044,130.5
6192,8,1045,130.6
6193,7,1046,149.4
6194,12,1056,88.0
6195,7,1038,148.3
6196,12,1024,85.3
6197,5,1032,206.4
6198,7,1042,148.9
6199,7,1059,151.3
6200,8,1029,128.6
6201,8,1049,131.1
6202,7,1058,151.1
6203,8,1029,128.6
6204,7,1048,149.7
6205,6,1031,171.8
6206,6,1038,173.0
6207,6,1031,171.8
6208,6,1031,171.8
6209,4,1053,263.2
6210,8,1065,133.1
6211,6,1049,174.8
6212,9,1041,115.7
6213,7,1026,146.6
6214,6,1055,175.8
6215,13,1070,82.3
6216,7,1043,149.0
6217,8,1064,133.0
6218,6,1045,174.2
6219,6,1048,174.7
6220,11,1036,94.2
6221,7,1027,146.7
6222,11,1075,97.7
6223,7,1053,150.4
6224,9,1038,115.3
6225,10,1037,103.7
6226,9,1034,114.9
6227,9,1015,112.8
6228,10,1033,103.3
6229,8,1039,129.9
6230,11,1047,95.2
6231,9,1051,116.8
6232,9,1045,116.1
6233,8,1026,128.2
6234,6,1039,173.2
6235,10,1025,102.5
6236,6,1020,170.0
6237,6,1039,173.2
6238,6,1017,169.5
6239,6,1031,171.8
6240,8,1023,127.9
6241,9,1029,114.3
6242,7,1035,147.9
6243,7,1044,149.1
6244,5,1032,206.4
6245,6,1047,174.5
6246,7,1039,148.4
6247,4,1056,264.0
6248,5,1051,210.2
6249,4,1040,260.0
6250,9,1044,116.0
6251,9,1067,118.6
6252,8,1056,132.0
6253,10,1052,105.2
6254,9,1054,117.1
6255,10,1065,106.5
6256,11,1063,96.6
6257,11,1065,96.8
6258,12,1031,85.9
6259,7,1055,150.7
6260,11,1049,95.4
6261,9,1009,112.1
6262,8,1036,129.5
6263,9,1043,115.9
6264,13,1019,78.4
6265,10,1047,104.7
6266,7,1057,151.0
6267,7,1021,145.9
6268,8,1045,130.6
6269,7,1040,148.6
6270,7,1054,150.6
6271,7,1052,150.3
6272,6,1040,173.3
6273,10,1039,103.9
6274,10,1032,103.2
6275,7,1057,151.0
6276,7,1055,150.7
6277,4,1060,265.0
6278,8,1059,132.4
6279,7,1054,150.6
6280,7,1063,151.9
6281,10,1073,107.3
6282,7,1069,152.7
6283,8,1066,133.2
6284,8,1046,130.8
6285,11,1053,95.7
6286,5,1060,212.0
6287,8,1066,133.2
6288,5,1060,212.0
6289,7,1052,150.3
6290,6,1063,177.2
6291,7,1066,152.3
6292,8,1044,130.5
6293,6,1048,174.7
6294,6,1026,171.0
6295,7,1059,151.3
6296,6,1046,174.3
6297,5,1031,206.2
6298,7,1029,147.0
6299,10,1040,104.0
6300,6,1041,173.5
6301,9,1036,115.1
6302,8,1046,130.8
6303,6,1049,174.8
6304,7,1053,150.4
6305,8,1039,129.9
6306,7,1056,150.9
6307,6,1057,176.2
6308,8,1048,131.0
6309,7,1067,152.4
6310,6,1070,178.3
6311,7,1075,153.6
6312,3,1060,353.3
6313,7,1065,152.1
6314,7,1068,152.6
6315,8,1073,134.1
6316,9,1082,120.2
6317,4,1076,269.0
6318,7,1074,153.4
6319,7,1071,153.0
6320,4,1091,272.8
6321,4,1099,274.8
6322,5,1092,218.4
6323,6,1046,174.3
6324,8,1078,134.8
6325,7,1047,149.6
6326,6,1070,178.3
6327,8,1021,127.6
6328,9,1068,118.7
6329,6,1047,174.5
6330,7,1052,150.3
6331,3,1053,351.0
6332,7,1091,155.9
6333,6,1068,178.0
6334,8,1051,131.4
6335,5,1050,210.0
6336,6,1061,176.8
6337,6,1058,176.3
6338,6,1040,173.3
6339,5,1075,215.0
6340,11,1057,96.1
6341,7,1071,153.0
6342,7,1077,153.9
6343,7,1062,151.7
6344,8,1037,129.6
6345,11,1051,95.5
6346,13,1047,80.5
6347,9,1028,114.2
6348,9,1050,116.7
6349,5,1067,213.4
6350,7,1048,149.7
6351,8,1042,130.2
6352,11,1057,96.1
6353,8,1060,132.5
6354,10,1064,106.4
6355,7,1032,147.4
6356,6,1050,175.0
6357,9,1017,113.0
6358,6,1049,174.8
6359,10,1029,102.9
6360,11,1058,96.2
6361,7,1029,147.0
6362,10,1038,103.8
6363,10,1050,105.0
6364,8,1022,127.8
6365,6,1044,174.0
6366,10,1065,106.5
6367,6,1067,177.8
6368,8,1046,130.8
6369,7,1083,154.7
6370,7,1055,150.7
6371,9,1045,116.1
6372,8,1050,131.2
6373,5,1046,209.2
6374,6,1062,177.0
6375,5,1044,208.8
6376,7,1048,149.7
6377,8,1047,130.9
6378,6,1054,175.7
6379,9,1055,117.2
6380,5,1045,209.0
6381,7,1048,149.7
6382,8,1054,131.8
6383,8,1044,130.5
6384,5,1056,211.2
6385,10,1059,105.9
6386,8,1069,133.6
6387,7,1076,153.7
6388,5,1034,206.8
6389,8,1052,131.5
6390,9,1082,120.2
6391,8,1068,133.5
6392,8,1074,134.2
6393,4,1060,265.0
6394,5,1058,211.6
6395,4,1079,269.8
6396,11,1042,94.7
6397,10,1060,106.0
6398,8,1051,131.4
6399,9,1076,119.6
6400,9,1071,119.0
6401,8,1069,133.6
6402,6,1034,172.3
6403,6,1061,176.8
6404,7,1057,151.0
6405,12,1070,89.2
6406,7,1058,151.1
6407,6,1066,177.7
6408,6,1046,174.3
6409,6,1061,176.8
6410,7,1058,151.1
6411,10,1054,105.4
6412,5,1043,208.6
6413,6,1056,176.0
6414,6,1050,175.0
6415,9,1040,115.6
6416,7,1059,151.3
6417,8,1039,129.9
6418,12,1050,87.5
6419,7,1050,150.0
6420,9,1045,116.1
6421,6,1044,174.0
6422,7,1050,150.0
6423,10,1070,107.0
6424,10,1050,105.0
6425,7,1046,149.4
6426,7,1040,148.6
6427,6,1038,173.0
6428,8,1063,132.9
6429,8,1027,128.4
6430,9,1073,119.2
6431,6,1038,173.0
6432,6,1052,175.3
6433,8,1048,131.0
6434,6,1023,170.5
6435,4,1051,262.8
6436,7,1047,149.6
6437,9,1047,116.3
6438,8,1059,132.4
6439,7,1051,150.1
6440,7,1041,148.7
6441,8,1059,132.4
6442,5,1023,204.6
6443,7,1052,150.3
6444,8,1047,130.9
6445,10,1034,103.4
6446,5,1052,210.4
6447,7,1044,149.1
6448,7,1023,146.1
6449,9,1033,114.8
6450,6,1055,175.8
6451,7,1059,151.3
6452,11,1039,94.5
6453,8,1052,131.5
6454,7,1051,150.1
6455,7,1056,150.9
6456,7,1027,146.7
6457,7,1027,146.7
6458,7,1038,148.3
6459,8,1035,129.4
6460,9,1051,116.8
6461,8,1036,129.5
6462,8,1051,131.4
6463,8,1048,131.0
6464,8,1029,128.6
6465,7,1029,147.0
6466,11,1045,95.0
6467,8,1040,130.0
6468,8,1050,131.2
6469,10,1037,103.7
6470,8,1023,127.9
6471,14,1043,74.5
6472,7,1042,148.9
6473,9,1045,116.1
6474,5,1033,206.6
6475,9,1035,115.0
6476,11,1060,96.4
6477,8,1039,129.9
6478,10,1064,106.4
6479,11,1054,95.8
6480,7,1049,149.9
6481,11,1035,94.1
6482,11,1047,95.2
6483,11,1059,96.3
6484,11,1049,95.4
6485,9,1045,116.1
6486,10,1058,105.8
6487,14,1048,74.9
6488,14,1044,74.6
6489,13,1051,80.8
6490,11,1049,95.4
6491,11,1052,95.6
6492,10,1015,101.5
6493,11,1032,93.8
6494,11,1042,94.7
6495,14,1070,76.4
6496,8,1019,127.4
6497,10,1050,105.0
6498,11,1053,95.7
6499,14,1045,74.6
6500,12,1056,88.0
6501,11,1046,95.1
6502,8,1053,131.6
6503,10,1045,104.5
6504,10,1068,106.8
6505,10,1048,104.8
6506,9,1055,117.2
6507,9,1046,116.2
6508,9,1063,118.1
6509,13,1050,80.8
6510,8,1058,132.2
6511,8,1054,131.8
6512,7,1055,150.7
6513,9,1027,114.1
6514,10,1064,106.4
6515,9,1065,118.3
6516,12,1039,86.6
6517,8,1049,131.1
6518,13,1058,81.4
6519,8,1044,130.5
6520,8,1045,130.6
6521,8,1026,128.2
6522,10,1065,106.5
6523,7,1065,152.1
6524,8,1026,128.2
6525,7,1023,146.1
6526,8,1052,131.5
6527,8,1049,131.1
6528,6,1094,182.3
6529,6,1043,173.8
6530,12,1032,86.0
6531,7,1030,147.1
6532,12,1043,86.9
6533,6,1052,175.3
6534,11,1024,93.1
6535,9,1027,114.1
6536,6,1042,173.7
6537,10,1027,102.7
6538,13,1027,79.0
6539,6,1060,176.7
6540,12,1036,86.3
6541,6,1044,174.0
6542,10,1046,104.6
6543,10,1050,105.0
6544,6,1047,174.5
6545,13,1045,80.4
6546,10,1067,106.7
6547,9,1043,115.9
6548,7,1064,152.0
6549,10,1063,106.3
6550,10,1048,104.8
6551,7,1049,149.9
6552,8,1030,128.8
6553,9,1052,116.9
6554,7,1048,149.7
6555,7,1059,151.3
6556,10,1059,105.9
6557,6,1048,174.7
6558,8,1036,129.5
6559,11,1040,94.5
6560,9,1069,118.8
6561,9,1048,116.4
6562,7,1053,150.4
6563,5,1036,207.2
6564,6,1073,178.8
6565,3,1068,356.0
6566,8,1087,135.9
6567,5,1103,220.6
6568,5,1072,214.4
6569,6,1078,179.7
6570,4,1086,271.5
6571,5,1079,215.8
6572,6,1098,183.0
6573,4,1121,280.2
6574,6,1089,181.5
6575,8,1087,135.9
6576,9,1085,120.6
6577,4,1086,271.5
6578,5,1071,214.2
6579,4,1084,271.0
6580,4,1085,271.2
6581,5,1086,217.2
6582,10,1092,109.2
6583,8,1081,135.1
6584,7,1086,155.1
6585,3,1100,366.7
6586,7,1080,154.3
6587,3,1085,361.7
6588,7,1064,152.0
6589,6,1067,177.8
6590,4,1092,273.0
6591,4,1081,270.2
6592,7,1083,154.7
6593,8,1074,134.2
6594,4,1072,268.0
6595,7,1086,155.1
6596,4,1077,269.2
6597,7,1092,156.0
6598,6,1086,181.0
6599,5,1074,214.8
6600,4,1093,273.2
6601,9,1104,122.7
6602,5,1101,220.2
6603,5,1102,220.4
6604,6,1079,179.8
6605,8,1069,133.6
6606,5,1074,214.8
6607,6,1093,182.2
6608,8,1068,133.5
6609,7,1083,154.7
6610,6,1074,179.0
6611,5,1085,217.0
6612,10,1088,108.8
6613,10,1088,108.8
6614,7,1101,157.3
6615,5,1068,213.6
6616,8,1099,137.4
6617,4,1091,272.8
6618,5,1072,214.4
6619,3,1082,360.7
6620,5,1090,218.0
6621,9,1092,121.3
6622,6,1058,176.3
6623,5,1109,221.8
6624,5,1109,221.8
6625,4,1072,268.0
6626,8,1089,136.1
6627,5,1093,218.6
6628,6,1109,184.8
6629,4,1076,269.0
6630,6,1079,179.8
6631,6,1086,181.0
6632,4,1090,272.5
6633,8,1098,137.2
6634,5,1076,215.2
6635,5,1079,215.8
6636,4,1089,272.2
6637,6,1081,180.2
6638,5,1091,218.2
6639,8,1082,135.2
6640,5,1086,217.2
6641,6,1063,177.2
6642,6,1104,184.0
6643,8,1098,137.2
6644,4,1078,269.5
6645,5,1078,215.6
6646,6,1095,182.5
6647,7,1066,152.3
6648,6,1074,179.0
6649,5,1096,219.2
6650,6,1069,178.2
6651,4,1097,274.2
6652,6,1088,181.3
6653,4,1084,271.0
6654,4,1102,275.5
6655,7,1083,154.7
6656,5,1084,216.8
6657,5,1085,217.0
6658,4,1083,270.8
6659,7,1091,155.9
6660,4,1081,270.2
6661,4,1099,274.8
6662,5,1090,218.0
6663,5,1091,218.2
6664,5,1073,214.6
6665,2,1110,555.0
6666,4,1095,273.8
6667,7,1085,155.0
6668,4,1107,276.8
6669,5,1098,219.6
6670,5,1098,219.6
6671,3,1082,360.7
6672,3,1097,365.7
6673,5,1115,223.0
6674,2,1097,548.5
6675,2,1109,554.5
6676,4,1099,274.8
6677,5,1099,219.8
6678,5,1107,221.4
6679,4,1102,275.5
6680,3,1092,364.0
6681,2,1084,542.0
6682,5,1096,219.2
6683,3,1109,369.7
6684,5,1111,222.2
6685,3,1112,370.7
6686,6,1104,184.0
6687,3,1116,372.0
6688,2,1103,551.5
6689,4,1116,279.0
6690,4,1118,279.5
6691,4,1092,273.0
6692,4,1123,280.8
6693,3,1121,373.7
6694,3,1102,367.3
6695,5,1113,222.6
6696,3,1093,364.3
6697,3,1108,369.3
6698,3,1101,367.0
6699,5,1124,224.8
6700,2,1118,559.0
6701,5,1108,221.6
6702,4,1093,273.2
6703,5,1105,221.0
6704,5,1104,220.8
6705,2,1093,546.5
6706,4,1093,273.2
6707,3,1106,368.7
6708,7,1131,161.6
6709,2,1108,554.0
6710,3,1124,374.7
6711,3,1111,370.3
6712,5,1083,216.6
6713,5,1104,220.8
6714,3,1118,372.7
6715,3,1112,370.7
6716,3,1112,370.7
6717,3,1122,374.0
6718,7,1114,159.1
6719,3,1091,363.7
6720,3,1105,368.3
6721,2,1114,557.0
6722,3,1080,360.0
6723,4,1118,279.5
6724,4,1106,276.5
6725,6,1109,184.8
6726,3,1115,371.7
6727,4,1097,274.2
6728,2,1093,546.5
6729,4,1097,274.2
6730,4,1101,275.2
6731,4,1116,279.0
6732,4,1106,276.5
6733,4,1125,281.2
6734,4,1118,279.5
6735,4,1140,285.0
6736,5,1114,222.8
6737,2,1108,554.0
6738,4,1134,283.5
6739,3,1148,382.7
6740,4,1140,285.0
6741,5,1124,224.8
6742,6,1113,185.5
6743,6,1112,185.3
6744,3,1129,376.3
6745,4,1129,282.2
6746,2,1126,563.0
6747,3,1122,374.0
6748,5,1140,228.0
6749,2,1112,556.0
6750,4,1119,279.8
6751,5,1118,223.6
6752,3,1123,374.3
6753,3,1099,366.3
6754,5,1102,220.4
6755,7,1107,158.1
6756,4,1108,277.0
6757,3,1124,374.7
6758,5,1109,221.8
6759,3,1078,359.3
6760,3,1119,373.0
6761,5,1101,220.2
6762,2,1116,558.0
6763,3,1110,370.0
6764,4,1115,278.8
6765,2,1122,561.0
6766,5,1123,224.6
6767,7,1112,158.9
6768,4,1119,279.8
6769,3,1100,366.7
6770,2,1093,546.5
6771,5,1100,220.0
6772,3,1113,371.0
6773,4,1123,280.8
6774,3,1102,367.3
6775,5,1102,220.4
6776,2,1098,549.0
6777,2,1122,561.0
6778,5,1107,221.4
6779,7,1140,162.9
6780,2,1118,559.0
6781,3,1097,365.7
6782,4,1103,275.8
6783,3,1124,374.7
6784,4,1123,280.8
6785,2,1126,563.0
6786,6,1112,185.3
6787,4,1120,280.0
6788,5,1126,225.2
6789,2,1099,549.5
6790,7,1109,158.4
6791,3,1112,370.7
6792,5,1137,227.4
6793,3,1129,376.3
6794,5,1118,223.6
6795,4,1120,280.0
6796,5,1124,224.8
6797,4,1123,280.8
6798,3,1109,369.7
6799,5,1125,225.0
6800,4,1116,279.0
6801,5,1095,219.0
6802,4,1123,280.8
6803,3,1137,379.0
6804,2,1117,558.5
6805,4,1135,283.8
6806,5,1118,223.6
6807,4,1121,280.2
6808,3,1127,375.7
6809,4,1111,277.8
6810,6,1125,187.5
6811,3,1118,372.7
6812,5,1117,223.4
6813,5,1118,223.6
6814,4,1119,279.8
6815,4,1113,278.2
6816,4,1135,283.8
6817,3,1109,369.7
6818,3,1103,367.7
6819,4,1109,277.2
6820,7,1127,161.0
6821,3,1110,370.0
6822,5,1117,223.4
6823,3,1125,375.0
6824,5,1132,226.4
6825,2,1117,558.5
6826,3,1119,373.0
6827,2,1111,555.5
6828,3,1113,371.0
6829,5,1114,222.8
6830,5,1126,225.2
6831,6,1110,185.0
6832,6,1106,184.3
6833,4,1132,283.0
6834,2,1139,569.5
6835,5,1120,224.0
6836,4,1112,278.0
6837,5,1131,226.2
6838,7,1140,162.9
6839,2,1126,563.0
6840,2,1104,552.0
6841,4,1122,280.5
6842,7,1131,161.6
6843,3,1110,370.0
6844,4,1125,281.2
6845,4,1129,282.2
6846,4,1140,285.0
6847,6,1133,188.8
6848,4,1100,275.0
6849,4,1112,278.0
6850,2,1119,559.5
6851,5,1119,223.8
6852,4,1121,280.2
6853,2,1111,555.5
6854,2,1120,560.0
6855,2,1121,560.5
6856,3,1127,375.7
6857,3,1117,372.3
6858,6,1113,185.5
6859,6,1105,184.2
6860,2,1120,560.0
6861,7,1122,160.3
6862,3,1115,371.7
6863,6,1110,185.0
6864,6,1142,190.3
6865,4,1136,284.0
6866,4,1120,280.0
6867,4,1119,279.8
6868,3,1131,377.0
6869,3,1129,376.3
6870,3,1133,377.7
6871,6,1130,188.3
6872,4,1109,277.2
6873,4,1119,279.8
6874,5,1123,224.6
6875,5,1120,224.0
6876,4,1118,279.5
6877,4,1096,274.0
6878,4,1119,279.8
6879,6,1111,185.2
6880,6,1115,185.8
6881,4,1099,274.8
6882,6,1108,184.7
6883,3,1113,371.0
6884,4,1107,276.8
6885,4,1093,273.2
6886,3,1103,367.7
6887,2,1101,550.5
6888,2,1109,554.5
6889,3,1124,374.7
6890,2,1122,561.0
6891,5,1122,224.4
6892,4,1113,278.2
6893,4,1134,283.5
6894,3,1117,372.3
6895,5,1091,218.2
6896,5,1125,225.0
6897,3,1101,367.0
6898,3,1116,372.0
6899,6,1116,186.0
6900,4,1101,275.2
6901,6,1036,172.7
6902,8,1039,129.9
6903,7,1035,147.9
6904,7,1032,147.4
6905,6,1014,169.0
6906,4,1030,257.5
6907,7,1039,148.4
6908,5,1061,212.2
6909,7,1032,147.4
6910,8,1043,130.4
6911,9,1016,112.9
6912,8,1032,129.0
6913,7,1041,148.7
6914,7,1019,145.6
6915,7,1044,149.1
6916,6,1027,171.2
6917,7,1019,145.6
6918,7,1023,146.1
6919,7,1023,146.1
6920,8,1044,130.5
6921,7,1026,146.6
6922,9,1029,114.3
6923,6,1036,172.7
6924,7,1031,147.3
6925,5,1040,208.0
6926,7,1022,146.0
6927,10,1046,104.6
6928,5,1028,205.6
6929,11,1053,95.7
6930,9,1059,117.7
6931,9,1064,118.2
6932,7,1030,147.1
6933,10,1051,105.1
6934,7,998,142.6
6935,5,1022,204.4
6936,5,1023,204.6
6937,7,1052,150.3
6938,8,1043,130.4
6939,5,1040,208.0
6940,5,1041,208.2
6941,8,1060,132.5
6942,9,1042,115.8
6943,10,1038,103.8
6944,8,1035,129.4
6945,6,1024,170.7
6946,4,1031,257.8
6947,7,1033,147.6
6948,10,1048,104.8
6949,12,1065,88.8
6950,7,1047,149.6
6951,7,1036,148.0
6952,6,1045,174.2
6953,6,1050,175.0
6954,6,1041,173.5
6955,4,1082,270.5
6956,8,1050,131.2
6957,6,1053,175.5
6958,5,1033,206.6
6959,6,1042,173.7
6960,6,1058,176.3
6961,8,1046,130.8
6962,7,1067,152.4
6963,4,1044,261.0
6964,6,1045,174.2
6965,5,1041,208.2
6966,8,1049,131.1
6967,6,1024,170.7
6968,6,1029,171.5
6969,11,1051,95.5
6970,7,1050,150.0
6971,6,1050,175.0
6972,9,1062,118.0
6973,7,1041,148.7
6974,10,1061,106.1
6975,7,1040,148.6
6976,7,1042,148.9
6977,5,1046,209.2
6978,11,1070,97.3
6979,9,1060,117.8
6980,6,1077,179.5
6981,9,1062,118.0
6982,9,1052,116.9
6983,6,1080,180.0
6984,5,1091,218.2
6985,7,1083,154.7
6986,6,1070,178.3
6987,7,1076,153.7
6988,5,1085,217.0
6989,6,1066,177.7
6990,7,1083,154.7
6991,7,1041,148.7
6992,3,1045,348.3
6993,5,1093,218.6
6994,8,1043,130.4
6995,5,1069,213.8
6996,4,1067,266.8
6997,6,1072,178.7
6998,4,1091,272.8
6999,7,1089,155.6
7000,7,1096,156.6
7001,8,1083,135.4
7002,4,1082,270.5
7003,5,1079,215.8
7004,6,1054,175.7
7005,3,1094,364.7
7006,4,1092,273.0
7007,8,1081,135.1
7008,6,1060,176.7
7009,7,1072,153.1
7010,4,1061,265.2
7011,6,1076,179.3
7012,8,1069,133.6
7013,4,1077,269.2
7014,7,1061,151.6
7015,8,1057,132.1
7016,8,1075,134.4
7017,7,1100,157.1
7018,6,1091,181.8
7019,7,1098,156.9
7020,7,1085,155.0
7021,5,1080,216.0
7022,8,1070,133.8
7023,9,1070,118.9
7024,5,1057,211.4
7025,4,1081,270.2
7026,3,1075,358.3
7027,6,1068,178.0
7028,7,1068,152.6
7029,5,1054,210.8
7030,7,1059,151.3
7031,6,1060,176.7
7032,7,1083,154.7
7033,9,1098,122.0
7034,7,1075,153.6
7035,4,1106,276.5
7036,7,1079,154.1
7037,7,1077,153.9
7038,5,1080,216.0
7039,8,1068,133.5
7040,5,1049,209.8
7041,5,1086,217.2
7042,8,1060,132.5
7043,9,1066,118.4
7044,7,1087,155.3
7045,4,1094,273.5
7046,4,1043,260.8
7047,9,1062,118.0
7048,6,1069,178.2
7049,8,1082,135.2
7050,5,1050,210.0
7051,4,1073,268.2
7052,7,1075,153.6
7053,6,1097,182.8
7054,8,1080,135.0
7055,8,1077,134.6
7056,7,1081,154.4
7057,7,1078,154.0
7058,8,1081,135.1
7059,6,1078,179.7
7060,7,1097,156.7
7061,5,1077,215.4
7062,6,1072,178.7
7063,4,1096,274.0
7064,4,1077,269.2
7065,7,1064,152.0
7066,6,1060,176.7
7067,11,1073,97.5
7068,8,1045,130.6
7069,8,1076,134.5
7070,4,1102,275.5
7071,4,1063,265.8
7072,9,1059,117.7
7073,6,1088,181.3
7074,5,1089,217.8
7075,4,1093,273.2
7076,4,1063,265.8
7077,6,1073,178.8
7078,5,1077,215.4
7079,6,1083,180.5
7080,6,1074,179.0
7081,4,1061,265.2
7082,6,1075,179.2
7083,9,1074,119.3
7084,6,1064,177.3
7085,5,1062,212.4
7086,7,1078,154.0
7087,5,1054,210.8
7088,6,1072,178.7
7089,4,1072,268.0
7090,6,1075,179.2
7091,6,1074,179.0
7092,7,1090,155.7
7093,4,1086,271.5
7094,8,1054,131.8
7095,8,1051,131.4
7096,5,1066,213.2
7097,5,1079,215.8
7098,8,1069,133.6
7099,6,1077,179.5
7100,7,1075,153.6
7101,9,1073,119.2
7102,8,1076,134.5
7103,6,1057,176.2
7104,8,1080,135.0
7105,5,1059,211.8
7106,9,1072,119.1
7107,4,1072,268.0
7108,4,1088,272.0
7109,8,1063,132.9
7110,7,1076,153.7
7111,6,1058,176.3
7112,9,1073,119.2
7113,4,1078,269.5
7114,6,1066,177.7
7115,9,1067,118.6
7116,11,1069,97.2
7117,7,1069,152.7
7118,4,1059,264.8
7119,6,1072,178.7
7120,7,1072,153.1
7121,5,1092,218.4
7122,6,1054,175.7
7123,6,1067,177.8
7124,4,1063,265.8
7125,5,1077,215.4
7126,4,1086,271.5
7127,6,1102,183.7
7128,3,1084,361.3
7129,4,1079,269.8
7130,6,1097,182.8
7131,5,1095,219.0
7132,4,1074,268.5
7133,6,1085,180.8
7134,6,1084,180.7
7135,5,1074,214.8
7136,7,1072,153.1
7137,4,1053,263.2
7138,6,1083,180.5
7139,7,1074,153.4
7140,5,1060,212.0
7141,6,1069,178.2
7142,6,1081,180.2
7143,6,1061,176.8
7144,4,1089,272.2
7145,7,1066,152.3
7146,7,1074,153.4
7147,6,1063,177.2
7148,6,1059,176.5
7149,4,1079,269.8
7150,5,1092,218.4
7151,9,1081,120.1
7152,5,1090,218.0
7153,5,1085,217.0
7154,5,1099,219.8
7155,5,1087,217.4
7156,7,1087,155.3
7157,5,1073,214.6
7158,5,1063,212.6
7159,9,1085,120.6
7160,5,1085,217.0
7161,9,1112,123.6
7162,8,1076,134.5
7163,9,1059,117.7
7164,10,1090,109.0
7165,5,1084,216.8
7166,4,1064,266.0
7167,5,1093,218.6
7168,8,1087,135.9
7169,6,1065,177.5
7170,9,1089,121.0
7171,4,1082,270.5
7172,5,1080,216.0
7173,6,1087,181.2
7174,7,1083,154.7
7175,4,1080,270.0
7176,8,1078,134.8
7177,5,1081,216.2
7178,6,1066,177.7
7179,6,1077,179.5
7180,7,1077,153.9
7181,5,1075,215.0
7182,9,1069,118.8
7183,7,1088,155.4
7184,6,1071,178.5
7185,5,1086,217.2
7186,4,1070,267.5
7187,4,1097,274.2
7188,8,1082,135.2
7189,6,1094,182.3
7190,5,1084,216.8
7191,3,1051,350.3
7192,5,1069,213.8
7193,6,1082,180.3
7194,8,1092,136.5
7195,7,1068,152.6
7196,4,1069,267.2
7197,6,1113,185.5
7198,5,1065,213.0
7199,7,1081,154.4
7200,4,1065,266.2
7201,7,1091,155.9
7202,7,1086,155.1
7203,6,1076,179.3
7204,5,1094,218.8
7205,4,1062,265.5
7206,7,1078,154.0
7207,7,1076,153.7
7208,7,1100,157.1
7209,8,1091,136.4
7210,9,1084,120.4
7211,6,1093,182.2
7212,8,1072,134.0
7213,6,1078,179.7
7214,9,1089,121.0
7215,5,1084,216.8
7216,7,1111,158.7
7217,5,1084,216.8
7218,4,1081,270.2
7219,6,1082,180.3
7220,6,1071,178.5
7221,7,1074,153.4
7222,7,1089,155.6
7223,4,1075,268.8
7224,7,1082,154.6
7225,5,1082,216.4
7226,5,1071,214.2
7227,5,1075,215.0
7228,9,1066,118.4
7229,6,1072,178.7
7230,4,1102,275.5
7231,11,1099,99.9
7232,5,1095,219.0
7233,7,1064,152.0
7234,7,1073,153.3
7235,9,1075,119.4
7236,7,1094,156.3
7237,8,1093,136.6
7238,8,1091,136.4
7239,3,1100,366.7
7240,6,1104,184.0
7241,3,1081,360.3
7242,4,1088,272.0
7243,5,1097,219.4
7244,6,1076,179.3
7245,6,1089,181.5
7246,6,1080,180.0
7247,7,1083,154.7
7248,6,1089,181.5
7249,3,1091,363.7
7250,6,1084,180.7
7251,5,1100,220.0
7252,4,1067,266.8
7253,3,1089,363.0
7254,4,1073,268.2
7255,3,1091,363.7
7256,5,1068,213.6
7257,4,1095,273.8
7258,3,1081,360.3
7259,6,1087,181.2
7260,6,1090,181.7
7261,3,1092,364.0
7262,8,1092,136.5
7263,3,1094,364.7
7264,5,1086,217.2
7265,5,1097,219.4
7266,4,1079,269.8
7267,4,1079,269.8
7268,5,1093,218.6
7269,5,1075,215.0
7270,6,1063,177.2
7271,6,1079,179.8
7272,6,1097,182.8
7273,5,1091,218.2
7274,4,1096,274.0
7275,4,1083,270.8
7276,6,1074,179.0
7277,6,1087,181.2
7278,6,1095,182.5
7279,5,1081,216.2
7280,5,1083,216.6
7281,4,1066,266.5
7282,9,1095,121.7
7283,5,1075,215.0
7284,6,1078,179.7
7285,6,1088,181.3
7286,5,1067,213.4
7287,7,1045,149.3
7288,7,1053,150.4
7289,8,1083,135.4
7290,5,1060,212.0
7291,7,1090,155.7
7292,9,1073,119.2
7293,6,1078,179.7
7294,5,1072,214.4
7295,8,1089,136.1
7296,6,1062,177.0
7297,4,1068,267.0
7298,7,1062,151.7
7299,5,1080,216.0
7300,8,1065,133.1
7301,9,1064,118.2
7302,5,1094,218.8
7303,8,1078,134.8
7304,6,1081,180.2
7305,6,1076,179.3
7306,6,1072,178.7
7307,6,1081,180.2
7308,11,1083,98.5
7309,7,1084,154.9
7310,6,1069,178.2
7311,7,1055,150.7
7312,4,1083,270.8
7313,9,1068,118.7
7314,8,1076,134.5
7315,4,1073,268.2
7316,6,1076,179.3
7317,6,1083,180.5
7318,5,1081,216.2
7319,9,1078,119.8
7320,10,1087,108.7
7321,4,1075,268.8
7322,6,1068,178.0
7323,4,1076,269.0
7324,5,1086,217.2
7325,8,1067,133.4
7326,5,1046,209.2
7327,7,1051,150.1
7328,4,1072,268.0
7329,7,1100,157.1
7330,6,1078,179.7
7331,6,1079,179.8
7332,7,1096,156.6
7333,8,1089,136.1
7334,4,1093,273.2
7335,5,1057,211.4
7336,10,1098,109.8
7337,6,1105,184.2
7338,3,1070,356.7
7339,7,1076,153.7
7340,7,1092,156.0
7341,5,1069,213.8
7342,3,1073,357.7
7343,8,1060,132.5
7344,4,1068,267.0
7345,6,1053,175.5
7346,7,1069,152.7
7347,9,1083,120.3
7348,5,1074,214.8
7349,4,1073,268.2
7350,9,1083,120.3
7351,7,1093,156.1
7352,3,1094,364.7
7353,6,1051,175.2
7354,3,1065,355.0
7355,7,1072,153.1
7356,4,1088,272.0
7357,8,1097,137.1
7358,7,1080,154.3
7359,3,1074,358.0
7360,4,1097,274.2
7361,6,1073,178.8
7362,3,1068,356.0
7363,5,1092,218.4
7364,4,1097,274.2
7365,7,1087,155.3
7366,8,1089,136.1
7367,6,1090,181.7
7368,4,1058,264.5
7369,6,1085,180.8
7370,5,1076,215.2
7371,7,1060,151.4
7372,4,1075,268.8
7373,6,1068,178.0
7374,4,1088,272.0
7375,4,1074,268.5
7376,3,1091,363.7
7377,8,1097,137.1
7378,7,1060,151.4
7379,5,1073,214.6
7380,4,1060,265.0
7381,4,1066,266.5
7382,6,1069,178.2
7383,4,1076,269.0
7384,5,1092,218.4
7385,7,1056,150.9
7386,3,1082,360.7
7387,8,1082,135.2
7388,7,1074,153.4
7389,7,1095,156.4
7390,7,1090,155.7
7391,6,1077,179.5
7392,3,1055,351.7
7393,5,1043,208.6
7394,7,1077,153.9
7395,4,1075,268.8
7396,3,1065,355.0
7397,6,1066,177.7
7398,9,1084,120.4
7399,4,1074,268.5
7400,3,1087,362.3
7401,5,1071,214.2
7402,10,1076,107.6
7403,6,1088,181.3
7404,5,1077,215.4
7405,5,1066,213.2
7406,5,1073,214.6
7407,9,1087,120.8
7408,4,1082,270.5
7409,6,1090,181.7
7410,5,1085,217.0
7411,3,1070,356.7
7412,7,1079,154.1
7413,7,1082,154.6
7414,8,1083,135.4
7415,7,1069,152.7
7416,4,1081,270.2
7417,7,1072,153.1
7418,4,1075,268.8
7419,4,1070,267.5
7420,8,1072,134.0
7421,4,1059,264.8
7422,3,1053,351.0
7423,5,1067,213.4
7424,3,1085,361.7
7425,7,1067,152.4
7426,5,1068,213.6
7427,4,1074,268.5
7428,7,1044,149.1
7429,6,1070,178.3
7430,8,1083,135.4
7431,4,1049,262.2
7432,4,1062,265.5
7433,6,1053,175.5
7434,5,1065,213.0
7435,5,1091,218.2
7436,5,1071,214.2
7437,5,1065,213.0
7438,3,1060,353.3
7439,5,1056,211.2
7440,6,1067,177.8
7441,7,1080,154.3
7442,5,1082,216.4
7443,7,1066,152.3
7444,7,1060,151.4
7445,6,1074,179.0
7446,4,1065,266.2
7447,5,1063,212.6
7448,7,1065,152.1
7449,8,1081,135.1
7450,7,1083,154.7
7451,6,1097,182.8
7452,6,1068,178.0
7453,7,1079,154.1
7454,6,1061,176.8
7455,5,1052,210.4
7456,7,1074,153.4
7457,6,1080,180.0
7458,7,1075,153.6
7459,4,1051,262.8
7460,3,1049,349.7
7461,7,1091,155.9
7462,6,1057,176.2
7463,7,1075,153.6
7464,6,1040,173.3
7465,7,1071,153.0
7466,4,1049,262.2
7467,6,1044,174.0
7468,5,1097,219.4
7469,4,1073,268.2
7470,5,1054,210.8
7471,5,1072,214.4
7472,6,1074,179.0
7473,5,1073,214.6
7474,4,1079,269.8
7475,6,1065,177.5
7476,8,1062,132.8
7477,2,1055,527.5
7478,4,1071,267.8
7479,7,1081,154.4
7480,9,1053,117.0
7481,3,1072,357.3
7482,6,1069,178.2
7483,7,1085,155.0
7484,5,1058,211.6
7485,6,1059,176.5
7486,7,1085,155.0
7487,5,1060,212.0
7488,5,1084,216.8
7489,6,1068,178.0
7490,10,1070,107.0
7491,5,1055,211.0
7492,6,1070,178.3
7493,5,1089,217.8
7494,4,1074,268.5
7495,5,1059,211.8
7496,5,1074,214.8
7497,4,1068,267.0
7498,5,1076,215.2
7499,4,1051,262.8
7500,4,1061,265.2
7501,11,1075,97.7
7502,4,1063,265.8
7503,3,1046,348.7
7504,4,1087,271.8
7505,4,1078,269.5
7506,3,1068,356.0
7507,3,1094,364.7
7508,4,1072,268.0
7509,7,1080,154.3
7510,3,1077,359.0
7511,4,1079,269.8
7512,3,1077,359.0
7513,5,1082,216.4
7514,2,1077,538.5
7515,4,1082,270.5
7516,6,1092,182.0
7517,4,1078,269.5
7518,3,1090,363.3
7519,3,1075,358.3
7520,5,1064,212.8
7521,6,1077,179.5
7522,7,1070,152.9
7523,6,1074,179.0
7524,5,1054,210.8
7525,6,1063,177.2
7526,4,1026,256.5
7527,8,1090,136.2
7528,6,1071,178.5
7529,7,1064,152.0
7530,5,1062,212.4
7531,4,1071,267.8
7532,6,1059,176.5
7533,5,1079,215.8
7534,7,1057,151.0
7535,5,1060,212.0
7536,6,1071,178.5
7537,6,1078,179.7
7538,8,1044,130.5
7539,6,1047,174.5
7540,3,1067,355.7
7541,4,1056,264.0
7542,9,1064,118.2
7543,5,1090,218.0
7544,2,1064,532.0
7545,3,1089,363.0
7546,5,1077,215.4
7547,3,1080,360.0
7548,8,1081,135.1
7549,7,1073,153.3
7550,6,1098,183.0
7551,7,1065,152.1
7552,8,1086,135.8
7553,3,1081,360.3
7554,5,1105,221.0
7555,7,1081,154.4
7556,4,1075,268.8
7557,4,1098,274.5
7558,3,1093,364.3
7559,3,1106,368.7
7560,7,1089,155.6
7561,4,1121,280.2
7562,2,1099,549.5
7563,3,1112,370.7
7564,6,1102,183.7
7565,3,1086,362.0
7566,2,1087,543.5
7567,5,1061,212.2
7568,2,1084,542.0
7569,2,1122,561.0
7570,4,1099,274.8
7571,4,1109,277.2
7572,4,1068,267.0
7573,3,1074,358.0
7574,6,1091,181.8
7575,3,1084,361.3
7576,3,1082,360.7
7577,7,1093,156.1
7578,6,1087,181.2
7579,2,1069,534.5
7580,6,1104,184.0
7581,6,1074,179.0
7582,4,1057,264.2
7583,3,1083,361.0
7584,3,1090,363.3
7585,5,1078,215.6
7586,5,1091,218.2
7587,3,1074,358.0
7588,3,1090,363.3
7589,3,1075,358.3
7590,9,1094,121.6
7591,2,1092,546.0
7592,4,1098,274.5
7593,3,1059,353.0
7594,3,1093,364.3
7595,6,1062,177.0
7596,5,1067,213.4
7597,6,1071,178.5
7598,4,1072,268.0
7599,6,1055,175.8
7600,5,1070,214.0
7601,7,1067,152.4
7602,5,1051,210.2
7603,7,1075,153.6
7604,4,1053,263.2
7605,3,1087,362.3
7606,6,1082,180.3
7607,6,1075,179.2
7608,4,1072,268.0
7609,7,1061,151.6
7610,5,1061,212.2
7611,4,1062,265.5
7612,4,1079,269.8
7613,5,1058,211.6
7614,5,1083,216.6
7615,5,1086,217.2
7616,4,1083,270.8
7617,6,1077,179.5
7618,4,1059,264.8
7619,6,1065,177.5
7620,5,1084,216.8
7621,8,1067,133.4
7622,4,1067,266.8
7623,8,1088,136.0
7624,7,1075,153.6
7625,6,1080,180.0
7626,6,1091,181.8
7627,9,1066,118.4
7628,7,1061,151.6
7629,7,1087,155.3
7630,7,1081,154.4
7631,5,1051,210.2
7632,4,1082,270.5
7633,5,1069,213.8
7634,8,1056,132.0
7635,6,1071,178.5
7636,4,1087,271.8
7637,8,1073,134.1
7638,4,1048,262.0
7639,8,1083,135.4
7640,5,1062,212.4
7641,6,1055,175.8
7642,5,1073,214.6
7643,10,1093,109.3
7644,5,1079,215.8
7645,5,1072,214.4
7646,5,1078,215.6
7647,6,1085,180.8
7648,5,1055,211.0
7649,6,1080,180.0
7650,6,1085,180.8
7651,6,1065,177.5
7652,7,1088,155.4
7653,6,1083,180.5
7654,6,1058,176.3
7655,4,1081,270.2
7656,6,1095,182.5
7657,7,1074,153.4
7658,10,1088,108.8
7659,6,1066,177.7
7660,5,1055,211.0
7661,6,1080,180.0
7662,6,1066,177.7
7663,5,1073,214.6
7664,6,1056,176.0
7665,6,1066,177.7
7666,9,1052,116.9
7667,7,1070,152.9
7668,9,1088,120.9
7669,5,1088,217.6
7670,5,1088,217.6
7671,5,1069,213.8
7672,7,1084,154.9
7673,4,1060,265.0
7674,7,1072,153.1
7675,6,1076,179.3
7676,8,1088,136.0
7677,8,1057,132.1
7678,5,1080,216.0
7679,3,1085,361.7
7680,5,1072,214.4
7681,4,1063,265.8
7682,5,1067,213.4
7683,3,1044,348.0
7684,4,1064,266.0
7685,7,1067,152.4
7686,5,1085,217.0
7687,6,1084,180.7
7688,7,1058,151.1
7689,8,1061,132.6
7690,7,1069,152.7
7691,4,1077,269.2
7692,7,1082,154.6
7693,8,1044,130.5
7694,7,1076,153.7
7695,7,1077,153.9
7696,7,1082,154.6
7697,6,1056,176.0
7698,4,1066,266.5
7699,7,1043,149.0
7700,4,1072,268.0
7701,6,1065,177.5
7702,8,1056,132.0
7703,6,1043,173.8
7704,6,1072,178.7
7705,6,1060,176.7
7706,7,1050,150.0
7707,5,1085,217.0
7708,8,1069,133.6
7709,5,1078,215.6
7710,7,1100,157.1
7711,7,1085,155.0
7712,4,1068,267.0
7713,7,1060,151.4
7714,5,1086,217.2
7715,5,1098,219.6
7716,3,1068,356.0
7717,4,1067,266.8
7718,7,1069,152.7
7719,7,1074,153.4
7720,4,1085,271.2
7721,9,1082,120.2
7722,5,1077,215.4
7723,5,1085,217.0
7724,7,1098,156.9
7725,10,1092,109.2
7726,8,1080,135.0
7727,7,1100,157.1
7728,5,1062,212.4
7729,8,1078,134.8
7730,7,1085,155.0
7731,6,1070,178.3
7732,4,1061,265.2
7733,5,1086,217.2
7734,5,1067,213.4
7735,5,1062,212.4
7736,4,1072,268.0
7737,7,1083,154.7
7738,4,1067,266.8
7739,5,1044,208.8
7740,8,1072,134.0
7741,6,1070,178.3
7742,5,1074,214.8
7743,7,1064,152.0
7744,8,1067,133.4
7745,5,1075,215.0
7746,6,1087,181.2
7747,8,1064,133.0
7748,7,1068,152.6
7749,6,1066,177.7
7750,5,1053,210.6
7751,7,1068,152.6
7752,5,1042,208.4
7753,7,1070,152.9
7754,7,1078,154.0
7755,11,1061,96.5
7756,3,1065,355.0
7757,5,1075,215.0
7758,5,1079,215.8
7759,4,1070,267.5
7760,7,1065,152.1
7761,8,1089,136.1
7762,5,1079,215.8
7763,4,1072,268.0
7764,5,1069,213.8
7765,5,1073,214.6
7766,6,1077,179.5
7767,5,1073,214.6
7768,7,1098,156.9
7769,7,1067,152.4
7770,8,1074,134.2
7771,5,1067,213.4
7772,6,1076,179.3
7773,7,1081,154.4
7774,6,1070,178.3
7775,5,1064,212.8
7776,8,1078,134.8
7777,7,1062,151.7
7778,4,1064,266.0
7779,5,1050,210.0
7780,6,1067,177.8
7781,4,1059,264.8
7782,5,1059,211.8
7783,6,1096,182.7
7784,5,1052,210.4
7785,5,1089,217.8
7786,5,1043,208.6
7787,6,1092,182.0
7788,6,1079,179.8
7789,5,1092,218.4
7790,5,1092,218.4
7791,3,1074,358.0
7792,4,1072,268.0
7793,5,1069,213.8
7794,7,1072,153.1
7795,7,1071,153.0
7796,5,1094,218.8
7797,6,1051,175.2
7798,4,1083,270.8
7799,5,1061,212.2
7800,8,1075,134.4
7801,8,1060,132.5
7802,5,1059,211.8
7803,6,1039,173.2
7804,6,1082,180.3
7805,6,1068,178.0
7806,7,1073,153.3
7807,5,1078,215.6
7808,4,1081,270.2
7809,8,1074,134.2
7810,4,1082,270.5
7811,5,1040,208.0
7812,6,1044,174.0
7813,5,1074,214.8
7814,6,1065,177.5
7815,8,1071,133.9
7816,7,1069,152.7
7817,6,1051,175.2
7818,5,1063,212.6
7819,5,1067,213.4
7820,6,1064,177.3
7821,4,1052,263.0
7822,4,1049,262.2
7823,6,1051,175.2
7824,4,1052,263.0
7825,5,1047,209.4
7826,6,1045,174.2
7827,4,1063,265.8
7828,8,1048,131.0
7829,4,1069,267.2
7830,4,1071,267.8
7831,5,1090,218.0
7832,8,1089,136.1
7833,4,1057,264.2
7834,8,1089,136.1
7835,6,1070,178.3
7836,5,1068,213.6
7837,7,1059,151.3
7838,6,1070,178.3
7839,5,1063,212.6
7840,6,1075,179.2
7841,9,1086,120.7
7842,7,1066,152.3
7843,5,1077,215.4
7844,8,1079,134.9
7845,5,1080,216.0
7846,7,1065,152.1
7847,5,1077,215.4
7848,7,1076,153.7
7849,5,1053,210.6
7850,5,1058,211.6
7851,5,1062,212.4
7852,3,1086,362.0
7853,7,1086,155.1
7854,6,1078,179.7
7855,4,1076,269.0
7856,6,1076,179.3
7857,3,1056,352.0
7858,4,1062,265.5
7859,4,1079,269.8
7860,4,1056,264.0
7861,4,1062,265.5
7862,6,1054,175.7
7863,5,1067,213.4
7864,4,1069,267.2
7865,5,1068,213.6
7866,7,1058,151.1
7867,6,1063,177.2
7868,9,1074,119.3
7869,8,1040,130.0
7870,6,1078,179.7
7871,5,1079,215.8
7872,6,1091,181.8
7873,7,1091,155.9
7874,8,1088,136.0
7875,7,1069,152.7
7876,7,1086,155.1
7877,5,1059,211.8
7878,6,1065,177.5
7879,5,1079,215.8
7880,6,1074,179.0
7881,8,1069,133.6
7882,5,1083,216.6
7883,5,1080,216.0
7884,5,1080,216.0
7885,4,1067,266.8
7886,5,1075,215.0
7887,5,1072,214.4
7888,6,1070,178.3
7889,4,1075,268.8
7890,5,1059,211.8
7891,5,1082,216.4
7892,8,1070,133.8
7893,8,1066,133.2
7894,4,1074,268.5
7895,4,1066,266.5
7896,6,1069,178.2
7897,7,1072,153.1
7898,8,1060,132.5
7899,9,1061,117.9
7900,7,1045,149.3
7901,5,1066,213.2
7902,5,1062,212.4
7903,6,1073,178.8
7904,6,1073,178.8
7905,4,1072,268.0
7906,4,1090,272.5
7907,3,1063,354.3
7908,7,1075,153.6
7909,8,1065,133.1
7910,6,1081,180.2
7911,4,1061,265.2
7912,6,1071,178.5
7913,6,1084,180.7
7914,7,1089,155.6
7915,4,1077,269.2
7916,7,1082,154.6
7917,7,1070,152.9
7918,5,1064,212.8
7919,7,1062,151.7
7920,6,1065,177.5
7921,7,1077,153.9
7922,6,1057,176.2
7923,5,1074,214.8
7924,4,1093,273.2
7925,7,1072,153.1
7926,7,1097,156.7
7927,6,1057,176.2
7928,4,1079,269.8
7929,6,1076,179.3
7930,6,1051,175.2
7931,6,1082,180.3
7932,4,1070,267.5
7933,4,1055,263.8
7934,8,1068,133.5
7935,9,1070,118.9
7936,5,1070,214.0
7937,5,1090,218.0
7938,6,1067,177.8
7939,10,1086,108.6
7940,5,1076,215.2
7941,5,1085,217.0
7942,6,1074,179.0
7943,4,1079,269.8
7944,8,1087,135.9
7945,5,1081,216.2
7946,7,1088,155.4
7947,8,1091,136.4
7948,7,1079,154.1
7949,6,1082,180.3
7950,8,1070,133.8
7951,8,1068,133.5
7952,9,1073,119.2
7953,6,1074,179.0
7954,6,1071,178.5
7955,8,1072,134.0
7956,5,1054,210.8
7957,7,1086,155.1
7958,6,1075,179.2
7959,6,1063,177.2
7960,7,1086,155.1
7961,6,1053,175.5
7962,3,1056,352.0
7963,4,1066,266.5
7964,6,1067,177.8
7965,5,1059,211.8
7966,5,1054,210.8
7967,3,1060,353.3
7968,7,1068,152.6
7969,8,1069,133.6
7970,7,1043,149.0
7971,4,1075,268.8
7972,8,1075,134.4
7973,5,1058,211.6
7974,4,1095,273.8
7975,8,1085,135.6
7976,7,1075,153.6
7977,5,1079,215.8
7978,4,1058,264.5
7979,5,1083,216.6
7980,7,1051,150.1
7981,6,1094,182.3
7982,6,1091,181.8
7983,9,1071,119.0
7984,3,1100,366.7
7985,6,1072,178.7
7986,5,1068,213.6
7987,8,1069,133.6
7988,6,1077,179.5
7989,6,1078,179.7
7990,6,1074,179.0
7991,4,1059,264.8
7992,6,1052,175.3
7993,5,1052,210.4
7994,6,1073,178.8
7995,6,1077,179.5
7996,7,1073,153.3
7997,7,1085,155.0
7998,3,1071,357.0
7999,6,1060,176.7
8000,4,1080,270.0
8001,4,1050,262.5
8002,5,1078,215.6
8003,5,1095,219.0
8004,6,1052,175.3
8005,5,1084,216.8
8006,4,1101,275.2
8007,4,1076,269.0
8008,5,1076,215.2
8009,7,1068,152.6
8010,5,1079,215.8
8011,5,1077,215.4
8012,6,1068,178.0
8013,5,1030,206.0
8014,7,1072,153.1
8015,5,1069,213.8
8016,3,1047,349.0
8017,7,1078,154.0
8018,7,1053,150.4
8019,6,1078,179.7
8020,7,1064,152.0
8021,7,1058,151.1
8022,5,1065,213.0
8023,3,1065,355.0
8024,9,1083,120.3
8025,6,1087,181.2
8026,7,1092,156.0
8027,5,1106,221.2
8028,9,1091,121.2
8029,3,1070,356.7
8030,5,1069,213.8
8031,3,1074,358.0
8032,5,1055,211.0
8033,6,1072,178.7
8034,5,1069,213.8
8035,6,1089,181.5
8036,4,1076,269.0
8037,5,1077,215.4
8038,5,1084,216.8
8039,5,1065,213.0
8040,6,1065,177.5
8041,4,1085,271.2
8042,5,1067,213.4
8043,5,1046,209.2
8044,4,1084,271.0
8045,4,1070,267.5
8046,6,1093,182.2
8047,6,1069,178.2
8048,5,1073,214.6
8049,3,1062,354.0
8050,3,1065,355.0
8051,7,1073,153.3
8052,6,1063,177.2
8053,6,1056,176.0
8054,6,1093,182.2
8055,5,1073,214.6
8056,6,1077,179.5
8057,5,1098,219.6
8058,6,1064,177.3
8059,4,1068,267.0
8060,6,1103,183.8
8061,5,1088,217.6
8062,5,1088,217.6
8063,6,1068,178.0
8064,6,1075,179.2
8065,7,1074,153.4
8066,8,1101,137.6
8067,9,1082,120.2
8068,5,1065,213.0
8069,5,1085,217.0
8070,6,1067,177.8
8071,5,1079,215.8
8072,3,1086,362.0
8073,5,1096,219.2
8074,4,1096,274.0
8075,8,1090,136.2
8076,6,1061,176.8
8077,5,1084,216.8
8078,5,1081,216.2
8079,4,1078,269.5
8080,4,1079,269.8
8081,6,1099,183.2
8082,5,1096,219.2
8083,5,1084,216.8
8084,3,1082,360.7
8085,5,1077,215.4
8086,6,1103,183.8
8087,7,1109,158.4
8088,5,1068,213.6
8089,6,1072,178.7
8090,6,1064,177.3
8091,6,1093,182.2
8092,6,1078,179.7
8093,9,1074,119.3
8094,7,1093,156.1
8095,5,1053,210.6
8096,6,1082,180.3
8097,4,1086,271.5
8098,7,1085,155.0
8099,7,1073,153.3
8100,5,1086,217.2
8101,7,1078,154.0
8102,5,1074,214.8
8103,5,1067,213.4
8104,7,1070,152.9
8105,5,1086,217.2
8106,6,1067,177.8
8107,7,1063,151.9
8108,7,1069,152.7
8109,4,1070,267.5
8110,7,1087,155.3
8111,6,1096,182.7
8112,5,1082,216.4
8113,5,1071,214.2
8114,4,1093,273.2
8115,6,1097,182.8
8116,6,1067,177.8
8117,5,1094,218.8
8118,6,1058,176.3
8119,6,1087,181.2
8120,5,1088,217.6
8121,5,1088,217.6
8122,5,1085,217.0
8123,5,1080,216.0
8124,6,1087,181.2
8125,5,1074,214.8
8126,5,1086,217.2
8127,9,1077,119.7
8128,5,1073,214.6
8129,6,1050,175.0
8130,5,1087,217.4
8131,5,1075,215.0
8132,7,1071,153.0
8133,4,1076,269.0
8134,7,1076,153.7
8135,6,1069,178.2
8136,6,1070,178.3
8137,8,1078,134.8
8138,9,1081,120.1
8139,6,1066,177.7
8140,6,1065,177.5
8141,7,1066,152.3
8142,6,1081,180.2
8143,6,1072,178.7
8144,5,1070,214.0
8145,7,1072,153.1
8146,5,1085,217.0
8147,7,1072,153.1
8148,6,1077,179.5
8149,6,1061,176.8
8150,7,1074,153.4
8151,6,1078,179.7
8152,7,1085,155.0
8153,7,1086,155.1
8154,6,1062,177.0
8155,4,1066,266.5
8156,9,1094,121.6
8157,4,1072,268.0
8158,6,1072,178.7
8159,6,1069,178.2
8160,3,1081,360.3
8161,6,1075,179.2
8162,8,1075,134.4
8163,4,1077,269.2
8164,5,1076,215.2
8165,5,1070,214.0
8166,5,1071,214.2
8167,7,1071,153.0
8168,4,1070,267.5
8169,5,1031,206.2
8170,5,1061,212.2
8171,7,1061,151.6
8172,6,1059,176.5
8173,6,1060,176.7
8174,8,1077,134.6
8175,4,1066,266.5
8176,4,1064,266.0
8177,7,1059,151.3
8178,7,1047,149.6
8179,5,1056,211.2
8180,6,1069,178.2
8181,6,1065,177.5
8182,9,1085,120.6
8183,6,1086,181.0
8184,7,1062,151.7
8185,4,1074,268.5
8186,3,1071,357.0
8187,3,1038,346.0
8188,7,1075,153.6
8189,4,1075,268.8
8190,5,1075,215.0
8191,5,1063,212.6
8192,4,1076,269.0
8193,4,1063,265.8
8194,9,1075,119.4
8195,7,1084,154.9
8196,9,1101,122.3
8197,6,1067,177.8
8198,3,1061,353.7
8199,10,1078,107.8
8200,4,1079,269.8
8201,5,1065,213.0
8202,8,1086,135.8
8203,4,1065,266.2
8204,5,1084,216.8
8205,7,1071,153.0
8206,9,1070,118.9
8207,5,1081,216.2
8208,8,1064,133.0
8209,4,1054,263.5
8210,8,1065,133.1
8211,4,1066,266.5
8212,4,1063,265.8
8213,6,1069,178.2
8214,6,1073,178.8
8215,4,1064,266.0
8216,7,1086,155.1
8217,5,1065,213.0
8218,6,1053,175.5
8219,10,1068,106.8
8220,6,1039,173.2
8221,7,1076,153.7
8222,4,1076,269.0
8223,5,1063,212.6
8224,7,1029,147.0
8225,7,1088,155.4
8226,9,1077,119.7
8227,6,1043,173.8
8228,6,1070,178.3
8229,6,1056,176.0
8230,6,1061,176.8
8231,11,1050,95.5
8232,6,1076,179.3
8233,5,1074,214.8
8234,5,1069,213.8
8235,4,1058,264.5
8236,5,1061,212.2
8237,4,1072,268.0
8238,6,1079,179.8
8239,4,1061,265.2
8240,8,1091,136.4
8241,7,1077,153.9
8242,4,1069,267.2
8243,4,1078,269.5
8244,7,1053,150.4
8245,7,1064,152.0
8246,7,1052,150.3
8247,6,1074,179.0
8248,6,1060,176.7
8249,4,1051,262.8
8250,7,1065,152.1
8251,7,1056,150.9
8252,5,1055,211.0
8253,7,1065,152.1
8254,5,1064,212.8
8255,5,1053,210.6
8256,6,1054,175.7
8257,8,1075,134.4
8258,4,1079,269.8
8259,6,1055,175.8
8260,9,1063,118.1
8261,5,1065,213.0
8262,6,1060,176.7
8263,7,1074,153.4
8264,4,1080,270.0
8265,6,1072,178.7
8266,4,1071,267.8
8267,4,1066,266.5
8268,6,1071,178.5
8269,3,1068,356.0
8270,5,1053,210.6
8271,6,1058,176.3
8272,6,1085,180.8
8273,8,1084,135.5
8274,5,1042,208.4
8275,4,1053,263.2
8276,6,1064,177.3
8277,5,1062,212.4
8278,5,1082,216.4
8279,4,1049,262.2
8280,8,1091,136.4
8281,5,1090,218.0
8282,7,1046,149.4
8283,9,1068,118.7
8284,6,1075,179.2
8285,7,1074,153.4
8286,5,1057,211.4
8287,7,1092,156.0
8288,4,1059,264.8
8289,4,1065,266.2
8290,6,1086,181.0
8291,6,1058,176.3
8292,6,1066,177.7
8293,8,1090,136.2
8294,8,1075,134.4
8295,6,1090,181.7
8296,5,1081,216.2
8297,6,1058,176.3
8298,5,1079,215.8
8299,7,1081,154.4
8300,5,1067,213.4
8301,6,1087,181.2
8302,7,1066,152.3
8303,6,1049,174.8
8304,5,1046,209.2
8305,6,1080,180.0
8306,9,1074,119.3
8307,8,1059,132.4
8308,10,1060,106.0
8309,6,1043,173.8
8310,7,1058,151.1
8311,7,1075,153.6
8312,5,1047,209.4
8313,5,1078,215.6
8314,4,1066,266.5
8315,6,1068,178.0
8316,5,1055,211.0
8317,8,1062,132.8
8318,6,1055,175.8
8319,11,1072,97.5
8320,7,1052,150.3
8321,4,1079,269.8
8322,5,1062,212.4
8323,6,1071,178.5
8324,12,1064,88.7
8325,5,1039,207.8
8326,8,1080,135.0
8327,5,1048,209.6
8328,7,1058,151.1
8329,6,1069,178.2
8330,5,1062,212.4
8331,4,1076,269.0
8332,5,1072,214.4
8333,6,1074,179.0
8334,8,1069,133.6
8335,5,1089,217.8
8336,4,1064,266.0
8337,6,1058,176.3
8338,4,1076,269.0
8339,5,1058,211.6
8340,7,1072,153.1
8341,5,1076,215.2
8342,5,1060,212.0
8343,6,1081,180.2
8344,7,1085,155.0
8345,4,1080,270.0
8346,7,1100,157.1
8347,4,1071,267.8
8348,7,1076,153.7
8349,4,1072,268.0
8350,7,1075,153.6
8351,4,1052,263.0
8352,4,1052,263.0
8353,6,1072,178.7
8354,6,1072,178.7
8355,5,1088,217.6
8356,7,1080,154.3
8357,4,1078,269.5
8358,7,1070,152.9
8359,6,1074,179.0
8360,6,1092,182.0
8361,7,1091,155.9
8362,6,1064,177.3
8363,6,1054,175.7
8364,3,1068,356.0
8365,6,1075,179.2
8366,5,1074,214.8
8367,5,1082,216.4
8368,8,1050,131.2
8369,4,1083,270.8
8370,5,1066,213.2
8371,6,1091,181.8
8372,5,1070,214.0
8373,6,1077,179.5
8374,6,1067,177.8
8375,7,1070,152.9
8376,6,1074,179.0
8377,4,1050,262.5
8378,4,1076,269.0
8379,7,1060,151.4
8380,6,1069,178.2
8381,5,1043,208.6
8382,5,1066,213.2
8383,5,1069,213.8
8384,5,1058,211.6
8385,6,1082,180.3
8386,6,1087,181.2
8387,5,1078,215.6
8388,5,1079,215.8
8389,6,1083,180.5
8390,5,1088,217.6
8391,5,1068,213.6
8392,6,1073,178.8
8393,9,1057,117.4
8394,6,1062,177.0
8395,5,1057,211.4
8396,4,1072,268.0
8397,8,1048,131.0
8398,8,1044,130.5
8399,6,1051,175.2
8400,8,1066,133.2
8401,5,1076,215.2
8402,5,1071,214.2
8403,6,1071,178.5
8404,9,1076,119.6
8405,5,1071,214.2
8406,6,1081,180.2
8407,4,1070,267.5
8408,5,1057,211.4
8409,4,1064,266.0
8410,9,1061,117.9
8411,5,1073,214.6
8412,6,1051,175.2
8413,5,1056,211.2
8414,6,1068,178.0
8415,7,1065,152.1
8416,5,1034,206.8
8417,7,1049,149.9
8418,9,1076,119.6
8419,5,1068,213.6
8420,5,1085,217.0
8421,5,1084,216.8
8422,4,1086,271.5
8423,4,1054,263.5
8424,5,1072,214.4
8425,8,1083,135.4
8426,7,1054,150.6
8427,9,1074,119.3
8428,7,1066,152.3
8429,5,1086,217.2
8430,7,1073,153.3
8431,7,1073,153.3
8432,5,1063,212.6
8433,7,1063,151.9
8434,4,1068,267.0
8435,6,1063,177.2
8436,7,1067,152.4
8437,4,1061,265.2
8438,7,1059,151.3
8439,4,1053,263.2
8440,6,1069,178.2
8441,5,1055,211.0
8442,4,1067,266.8
8443,4,1064,266.0
8444,3,1049,349.7
8445,5,1065,213.0
8446,3,1067,355.7
8447,4,1073,268.2
8448,9,1068,118.7
8449,4,1065,266.2
8450,6,1065,177.5
8451,7,1056,150.9
8452,11,1062,96.5
8453,5,1070,214.0
8454,7,1092,156.0
8455,5,1050,210.0
8456,5,1066,213.2
8457,9,1042,115.8
8458,3,1066,355.3
8459,6,1062,177.0
8460,6,1068,178.0
8461,4,1062,265.5
8462,5,1072,214.4
8463,5,1053,210.6
8464,4,1080,270.0
8465,6,1051,175.2
8466,4,1067,266.8
8467,6,1061,176.8
8468,4,1066,266.5
8469,7,1051,150.1
8470,3,1072,357.3
8471,5,1069,213.8
8472,6,1053,175.5
8473,5,1072,214.4
8474,6,1052,175.3
8475,5,1060,212.0
8476,5,1056,211.2
8477,7,1057,151.0
8478,5,1055,211.0
8479,4,1045,261.2
8480,6,1077,179.5
8481,4,1065,266.2
8482,3,1067,355.7
8483,3,1066,355.3
8484,4,1096,274.0
8485,5,1059,211.8
8486,4,1080,270.0
8487,5,1046,209.2
8488,7,1057,151.0
8489,6,1073,178.8
8490,8,1075,134.4
8491,6,1089,181.5
8492,6,1075,179.2
8493,4,1090,272.5
8494,5,1073,214.6
8495,5,1061,212.2
8496,4,1072,268.0
8497,8,1064,133.0
8498,5,1059,211.8
8499,5,1053,210.6
8500,5,1066,213.2
8501,5,1064,212.8
8502,3,1079,359.7
8503,7,1054,150.6
8504,9,1066,118.4
8505,7,1068,152.6
8506,4,1057,264.2
8507,5,1052,210.4
8508,8,1056,132.0
8509,8,1061,132.6
8510,5,1066,213.2
8511,6,1059,176.5
8512,8,1082,135.2
8513,7,1071,153.0
8514,7,1076,153.7
8515,4,1072,268.0
8516,3,1080,360.0
8517,10,1074,107.4
8518,6,1075,179.2
8519,4,1082,270.5
8520,6,1047,174.5
8521,8,1043,130.4
8522,6,1060,176.7
8523,4,1076,269.0
8524,5,1056,211.2
8525,4,1069,267.2
8526,6,1033,172.2
8527,5,1070,214.0
8528,5,1069,213.8
8529,6,1074,179.0
8530,4,1074,268.5
8531,8,1099,137.4
8532,8,1094,136.8
8533,7,1065,152.1
8534,6,1084,180.7
8535,10,1071,107.1
8536,6,1082,180.3
8537,6,1067,177.8
8538,8,1064,133.0
8539,8,1069,133.6
8540,6,1086,181.0
8541,4,1082,270.5
8542,8,1073,134.1
8543,6,1083,180.5
8544,5,1057,211.4
8545,7,1076,153.7
8546,4,1097,274.2
8547,5,1073,214.6
8548,3,1067,355.7
8549,5,1063,212.6
8550,7,1083,154.7
8551,5,1096,219.2
8552,5,1067,213.4
8553,7,1087,155.3
8554,9,1072,119.1
8555,5,1081,216.2
8556,10,1075,107.5
8557,6,1076,179.3
8558,6,1083,180.5
8559,4,1064,266.0
8560,3,1078,359.3
8561,3,1066,355.3
8562,3,1088,362.7
8563,6,1087,181.2
8564,4,1059,264.8
8565,6,1053,175.5
8566,7,1060,151.4
8567,7,1064,152.0
8568,6,1059,176.5
8569,8,1074,134.2
8570,5,1074,214.8
8571,6,1053,175.5
8572,7,1063,151.9
8573,9,1076,119.6
8574,7,1069,152.7
8575,7,1062,151.7
8576,6,1073,178.8
8577,6,1071,178.5
8578,5,1058,211.6
8579,5,1065,213.0
8580,10,1093,109.3
8581,5,1066,213.2
8582,6,1078,179.7
8583,8,1063,132.9
8584,4,1079,269.8
8585,5,1076,215.2
8586,4,1066,266.5
8587,3,1079,359.7
8588,4,1063,265.8
8589,5,1088,217.6
8590,6,1082,180.3
8591,4,1087,271.8
8592,7,1084,154.9
8593,3,1049,349.7
8594,6,1062,177.0
8595,8,1096,137.0
8596,4,1106,276.5
8597,5,1064,212.8
8598,4,1071,267.8
8599,10,1081,108.1
8600,4,1078,269.5
8601,4,1077,269.2
8602,6,1076,179.3
8603,6,1067,177.8
8604,5,1082,216.4
8605,5,1087,217.4
8606,7,1080,154.3
8607,5,1057,211.4
8608,6,1062,177.0
8609,4,1074,268.5
8610,6,1062,177.0
8611,4,1062,265.5
8612,7,1053,150.4
8613,10,1068,106.8
8614,9,1065,118.3
8615,8,1071,133.9
8616,3,1074,358.0
8617,7,1060,151.4
8618,4,1066,266.5
8619,8,1083,135.4
8620,8,1070,133.8
8621,9,1049,116.6
8622,7,1090,155.7
8623,7,1066,152.3
8624,6,1079,179.8
8625,10,1064,106.4
8626,7,1086,155.1
8627,7,1070,152.9
8628,4,1069,267.2
8629,7,1076,153.7
8630,7,1092,156.0
8631,6,1062,177.0
8632,7,1058,151.1
8633,6,1086,181.0
8634,5,1069,213.8
8635,7,1070,152.9
8636,5,1088,217.6
8637,6,1100,183.3
8638,4,1070,267.5
8639,8,1074,134.2
8640,7,1075,153.6
8641,6,1084,180.7
8642,4,1087,271.8
8643,6,1067,177.8
8644,5,1097,219.4
8645,3,1067,355.7
8646,4,1071,267.8
8647,5,1055,211.0
8648,3,1059,353.0
8649,7,1068,152.6
8650,5,1067,213.4
8651,7,1093,156.1
8652,7,1070,152.9
8653,7,1066,152.3
8654,8,1072,134.0
8655,6,1061,176.8
8656,6,1060,176.7
8657,5,1071,214.2
8658,3,1057,352.3
8659,7,1089,155.6
8660,8,1078,134.8
8661,9,1073,119.2
8662,8,1077,134.6
8663,4,1075,268.8
8664,7,1051,150.1
8665,5,1070,214.0
8666,6,1093,182.2
8667,8,1068,133.5
8668,10,1075,107.5
8669,8,1056,132.0
8670,9,1071,119.0
8671,5,1058,211.6
8672,7,1076,153.7
8673,7,1072,153.1
8674,5,1060,212.0
8675,6,1067,177.8
8676,5,1064,212.8
8677,7,1065,152.1
8678,4,1053,263.2
8679,7,1077,153.9
8680,3,1073,357.7
8681,6,1073,178.8
8682,3,1077,359.0
8683,4,1088,272.0
8684,3,1067,355.7
8685,5,1060,212.0
8686,4,1067,266.8
8687,5,1071,214.2
8688,5,1074,214.8
8689,5,1065,213.0
8690,7,1076,153.7
8691,5,1076,215.2
8692,4,1084,271.0
8693,3,1086,362.0
8694,5,1080,216.0
8695,4,1092,273.0
8696,5,1083,216.6
8697,3,1101,367.0
8698,6,1072,178.7
8699,5,1062,212.4
8700,8,1079,134.9
8701,3,1069,356.3
8702,4,1039,259.8
8703,4,1065,266.2
8704,7,1074,153.4
8705,6,1053,175.5
8706,6,1061,176.8
8707,5,1066,213.2
8708,6,1086,181.0
8709,4,1089,272.2
8710,8,1048,131.0
8711,5,1087,217.4
8712,7,1059,151.3
8713,6,1079,179.8
8714,5,1086,217.2
8715,6,1080,180.0
8716,5,1069,213.8
8717,7,1082,154.6
8718,5,1085,217.0
8719,9,1065,118.3
8720,4,1062,265.5
8721,4,1073,268.2
8722,7,1043,149.0
8723,7,1092,156.0
8724,4,1075,268.8
8725,5,1058,211.6
8726,6,1065,177.5
8727,4,1067,266.8
8728,5,1073,214.6
8729,8,1083,135.4
8730,5,1048,209.6
8731,7,1071,153.0
8732,3,1076,358.7
8733,6,1063,177.2
8734,7,1063,151.9
8735,10,1076,107.6
8736,5,1090,218.0
8737,3,1086,362.0
8738,4,1087,271.8
8739,6,1082,180.3
8740,4,1087,271.8
8741,5,1071,214.2
8742,5,1083,216.6
8743,3,1050,350.0
8744,4,1069,267.2
8745,4,1071,267.8
8746,5,1059,211.8
8747,4,1049,262.2
8748,7,1076,153.7
8749,4,1046,261.5
8750,7,1075,153.6
8751,5,1075,215.0
8752,5,1076,215.2
8753,4,1064,266.0
8754,5,1103,220.6
8755,7,1063,151.9
8756,6,1087,181.2
8757,7,1086,155.1
8758,5,1095,219.0
8759,4,1068,267.0
8760,6,1080,180.0
8761,6,1067,177.8
8762,5,1065,213.0
8763,4,1078,269.5
8764,7,1089,155.6
8765,5,1065,213.0
8766,5,1062,212.4
8767,5,1062,212.4
8768,5,1077,215.4
8769,6,1074,179.0
8770,7,1082,154.6
8771,7,1071,153.0
8772,6,1065,177.5
8773,6,1058,176.3
8774,6,1072,178.7
8775,5,1064,212.8
8776,8,1083,135.4
8777,3,1070,356.7
8778,6,1077,179.5
8779,6,1083,180.5
8780,8,1093,136.6
8781,6,1076,179.3
8782,6,1074,179.0
8783,7,1085,155.0
8784,6,1055,175.8
8785,3,1052,350.7
8786,7,1089,155.6
8787,8,1109,138.6
8788,7,1079,154.1
8789,5,1070,214.0
8790,5,1090,218.0
8791,5,1069,213.8
8792,5,1096,219.2
8793,5,1070,214.0
8794,5,1061,212.2
8795,4,1076,269.0
8796,3,1055,351.7
8797,4,1071,267.8
8798,6,1073,178.8
8799,5,1092,218.4
8800,4,1076,269.0
8801,6,1086,181.0
8802,4,1078,269.5
8803,5,1069,213.8
8804,3,1095,365.0
8805,4,1089,272.2
8806,4,1092,273.0
8807,9,1097,121.9
8808,3,1087,362.3
8809,3,1079,359.7
8810,3,1059,353.0
8811,7,1072,153.1
8812,7,1094,156.3
8813,5,1098,219.6
8814,7,1078,154.0
8815,4,1076,269.0
8816,5,1088,217.6
8817,3,1080,360.0
8818,8,1081,135.1
8819,4,1092,273.0
8820,3,1103,367.7
8821,4,1076,269.0
8822,5,1095,219.0
8823,7,1078,154.0
8824,5,1094,218.8
8825,5,1077,215.4
8826,5,1068,213.6
8827,5,1066,213.2
8828,3,1086,362.0
8829,4,1079,269.8
8830,6,1083,180.5
8831,4,1084,271.0
8832,5,1059,211.8
8833,4,1070,267.5
8834,4,1084,271.0
8835,6,1060,176.7
8836,6,1065,177.5
8837,6,1073,178.8
8838,6,1076,179.3
8839,4,1062,265.5
8840,7,1063,151.9
8841,8,1086,135.8
8842,7,1083,154.7
8843,6,1086,181.0
8844,7,1083,154.7
8845,4,1064,266.0
8846,4,1087,271.8
8847,4,1080,270.0
8848,4,1067,266.8
8849,5,1063,212.6
8850,5,1075,215.0
8851,7,1075,153.6
8852,7,1060,151.4
8853,6,1081,180.2
8854,6,1071,178.5
8855,3,1069,356.3
8856,3,1066,355.3
8857,4,1079,269.8
8858,4,1079,269.8
8859,6,1095,182.5
8860,8,1077,134.6
8861,7,1073,153.3
8862,5,1087,217.4
8863,5,1075,215.0
8864,6,1073,178.8
8865,4,1061,265.2
8866,8,1077,134.6
8867,5,1090,218.0
8868,4,1093,273.2
8869,6,1064,177.3
8870,7,1056,150.9
8871,4,1070,267.5
8872,3,1084,361.3
8873,5,1081,216.2
8874,6,1069,178.2
8875,5,1084,216.8
8876,4,1083,270.8
8877,4,1092,273.0
8878,7,1103,157.6
8879,8,1068,133.5
8880,7,1109,158.4
8881,5,1079,215.8
8882,5,1083,216.6
8883,5,1084,216.8
8884,4,1098,274.5
8885,3,1061,353.7
8886,9,1091,121.2
8887,6,1074,179.0
8888,5,1071,214.2
8889,4,1081,270.2
8890,7,1061,151.6
8891,5,1084,216.8
8892,6,1101,183.5
8893,7,1076,153.7
8894,6,1078,179.7
8895,4,1083,270.8
8896,6,1071,178.5
8897,5,1087,217.4
8898,6,1088,181.3
8899,6,1100,183.3
8900,10,1074,107.4
8901,3,1095,365.0
8902,6,1082,180.3
8903,2,1121,560.5
8904,8,1062,132.8
8905,6,1117,186.2
8906,3,1105,368.3
8907,4,1105,276.2
8908,7,1075,153.6
8909,7,1083,154.7
8910,4,1068,267.0
8911,6,1071,178.5
8912,7,1048,149.7
8913,4,1084,271.0
8914,8,1072,134.0
8915,5,1089,217.8
8916,6,1087,181.2
8917,7,1080,154.3
8918,5,1078,215.6
8919,8,1090,136.2
8920,8,1075,134.4
8921,6,1067,177.8
8922,10,1073,107.3
8923,8,1056,132.0
8924,5,1082,216.4
8925,6,1049,174.8
8926,5,1093,218.6
8927,4,1072,268.0
8928,4,1080,270.0
8929,7,1082,154.6
8930,4,1091,272.8
8931,6,1078,179.7
8932,4,1084,271.0
8933,5,1093,218.6
8934,4,1079,269.8
8935,5,1094,218.8
8936,6,1086,181.0
8937,7,1105,157.9
8938,8,1094,136.8
8939,5,1071,214.2
8940,4,1080,270.0
8941,8,1082,135.2
8942,3,1077,359.0
8943,6,1078,179.7
8944,5,1098,219.6
8945,6,1068,178.0
8946,4,1094,273.5
8947,7,1084,154.9
8948,6,1080,180.0
8949,5,1100,220.0
8950,4,1092,273.0
8951,6,1100,183.3
8952,4,1071,267.8
8953,5,1068,213.6
8954,10,1091,109.1
8955,6,1056,176.0
8956,6,1060,176.7
8957,7,1076,153.7
8958,7,1078,154.0
8959,4,1100,275.0
8960,7,1073,153.3
8961,3,1062,354.0
8962,8,1086,135.8
8963,4,1086,271.5
8964,4,1098,274.5
8965,6,1099,183.2
8966,3,1074,358.0
8967,4,1085,271.2
8968,6,1074,179.0
8969,6,1089,181.5
8970,4,1082,270.5
8971,4,1085,271.2
8972,9,1072,119.1
8973,5,1086,217.2
8974,9,1082,120.2
8975,5,1078,215.6
8976,4,1087,271.8
8977,5,1068,213.6
8978,3,1073,357.7
8979,7,1097,156.7
8980,7,1089,155.6
8981,6,1081,180.2
8982,3,1078,359.3
8983,4,1091,272.8
8984,3,1105,368.3
8985,3,1096,365.3
8986,5,1087,217.4
8987,3,1095,365.0
8988,2,1092,546.0
8989,7,1115,159.3
8990,3,1089,363.0
8991,4,1112,278.0
8992,3,1082,360.7
8993,4,1088,272.0
8994,5,1105,221.0
8995,3,1123,374.3
8996,4,1103,275.8
8997,4,1085,271.2
8998,2,1074,537.0
8999,5,1099,219.8
9000,4,1107,276.8
9001,3,1086,362.0
9002,4,1068,267.0
9003,2,1105,552.5
9004,2,1107,553.5
9005,3,1127,375.7
9006,6,1105,184.2
9007,4,1109,277.2
9008,5,1120,224.0
9009,2,1105,552.5
9010,3,1122,374.0
9011,4,1113,278.2
9012,4,1108,277.0
9013,2,1103,551.5
9014,5,1106,221.2
9015,1,1101,1101.0
9016,4,1113,278.2
9017,4,1108,277.0
9018,2,1106,553.0
9019,6,1110,185.0
9020,3,1108,369.3
9021,3,1108,369.3
9022,2,1103,551.5
9023,2,1100,550.0
9024,3,1096,365.3
9025,2,1111,555.5
9026,2,1106,553.0
9027,5,1122,224.4
9028,4,1101,275.2
9029,3,1118,372.7
9030,3,1112,370.7
9031,1,1107,1107.0
9032,4,1107,276.8
9033,2,1104,552.0
9034,3,1105,368.3
9035,5,1084,216.8
9036,5,1125,225.0
9037,3,1107,369.0
9038,2,1114,557.0
9039,4,1104,276.0
9040,2,1114,557.0
9041,4,1117,279.2
9042,2,1086,543.0
9043,4,1099,274.8
9044,5,1124,224.8
9045,3,1112,370.7
9046,2,1102,551.0
9047,4,1112,278.0
9048,4,1118,279.5
9049,3,1122,374.0
9050,2,1086,543.0
9051,2,1102,551.0
9052,2,1083,541.5
9053,6,1091,181.8
9054,1,1105,1105.0
9055,2,1091,545.5
9056,1,1099,1099.0
9057,3,1109,369.7
9058,3,1107,369.0
9059,6,1102,183.7
9060,2,1107,553.5
9061,1,1089,1089.0
9062,4,1113,278.2
9063,2,1091,545.5
9064,4,1112,278.0
9065,4,1093,273.2
9066,6,1100,183.3
9067,1,1092,1092.0
9068,6,1097,182.8
9069,2,1121,560.5
9070,4,1122,280.5
9071,1,1119,1119.0
9072,3,1115,371.7
9073,1,1099,1099.0
9074,3,1108,369.3
9075,3,1098,366.0
9076,4,1117,279.2
9077,3,1114,371.3
9078,4,1106,276.5
9079,4,1100,275.0
9080,3,1117,372.3
9081,2,1104,552.0
9082,1,1113,1113.0
9083,5,1110,222.0
9084,1,1101,1101.0
9085,5,1109,221.8
9086,4,1118,279.5
9087,3,1093,364.3
9088,3,1122,374.0
9089,3,1133,377.7
9090,2,1133,566.5
9091,3,1110,370.0
9092,3,1111,370.3
9093,2,1101,550.5
9094,5,1118,223.6
9095,2,1105,552.5
9096,1,1096,1096.0
9097,2,1107,553.5
9098,2,1105,552.5
9099,5,1127,225.4
9100,1,1103,1103.0
9101,2,1112,556.0
9102,2,1107,553.5
9103,2,1102,551.0
9104,5,1103,220.6
9105,1,1117,1117.0
9106,2,1117,558.5
9107,3,1109,369.7
9108,2,1119,559.5
9109,4,1105,276.2
9110,2,1110,555.0
9111,3,1108,369.3
9112,4,1101,275.2
9113,3,1112,370.7
9114,3,1109,369.7
9115,3,1095,365.0
9116,1,1115,1115.0
9117,2,1087,543.5
9118,3,1103,367.7
9119,3,1107,369.0
9120,3,1100,366.7
9121,1,1105,1105.0
9122,2,1124,562.0
9123,3,1099,366.3
9124,2,1114,557.0
9125,2,1113,556.5
9126,4,1113,278.2
9127,4,1101,275.2
9128,2,1106,553.0
9129,3,1126,375.3
9130,1,1120,1120.0
9131,4,1109,277.2
9132,2,1115,557.5
9133,2,1111,555.5
9134,3,1137,379.0
9135,4,1110,277.5
9136,2,1097,548.5
9137,4,1112,278.0
9138,3,1106,368.7
9139,4,1094,273.5
9140,3,1107,369.0
9141,3,1132,377.3
9142,3,1121,373.7
9143,1,1107,1107.0
9144,1,1122,1122.0
9145,4,1130,282.5
9146,2,1098,549.0
9147,3,1123,374.3
9148,4,1098,274.5
9149,1,1121,1121.0
9150,1,1108,1108.0
9151,1,1102,1102.0
9152,2,1111,555.5
9153,3,1088,362.7
9154,1,1108,1108.0
9155,3,1125,375.0
9156,4,1097,274.2
9157,1,1096,1096.0
9158,4,1113,278.2
9159,3,1108,369.3
9160,3,1107,369.0
9161,3,1106,368.7
9162,3,1122,374.0
9163,3,1095,365.0
9164,4,1114,278.5
9165,4,1107,276.8
9166,4,1101,275.2
9167,1,1103,1103.0
9168,4,1118,279.5
9169,2,1111,555.5
9170,3,1115,371.7
9171,5,1115,223.0
9172,4,1124,281.0
9173,1,1108,1108.0
9174,3,1090,363.3
9175,3,1112,370.7
9176,2,1104,552.0
9177,2,1082,541.0
9178,1,1096,1096.0
9179,1,1103,1103.0
9180,3,1100,366.7
9181,4,1120,280.0
9182,5,1089,217.8
9183,6,1092,182.0
9184,4,1102,275.5
9185,3,1101,367.0
9186,1,1111,1111.0
9187,2,1095,547.5
9188,2,1095,547.5
9189,1,1098,1098.0
9190,2,1125,562.5
9191,2,1094,547.0
9192,4,1099,274.8
9193,3,1094,364.7
9194,1,1104,1104.0
9195,2,1092,546.0
9196,4,1101,275.2
9197,4,1115,278.8
9198,2,1113,556.5
9199,1,1109,1109.0
9200,2,1114,557.0
9201,1,1102,1102.0
9202,5,1114,222.8
9203,1,1099,1099.0
9204,2,1114,557.0
9205,4,1118,279.5
9206,5,1118,223.6
9207,1,1112,1112.0
9208,3,1107,369.0
9209,2,1112,556.0
9210,2,1120,560.0
9211,3,1091,363.7
9212,2,1116,558.0
9213,3,1096,365.3
9214,6,1115,185.8
9215,2,1097,548.5
9216,3,1100,366.7
9217,2,1121,560.5
9218,3,1113,371.0
9219,2,1104,552.0
9220,5,1102,220.4
9221,4,1103,275.8
9222,6,1122,187.0
9223,3,1119,373.0
9224,3,1108,369.3
9225,2,1092,546.0
9226,4,1116,279.0
9227,2,1103,551.5
9228,2,1106,553.0
9229,2,1109,554.5
9230,3,1096,365.3
9231,5,1107,221.4
9232,4,1120,280.0
9233,3,1119,373.0
9234,2,1110,555.0
9235,5,1123,224.6
9236,2,1100,550.0
9237,2,1101,550.5
9238,1,1120,1120.0
9239,5,1115,223.0
9240,2,1093,546.5
9241,2,1100,550.0
9242,2,1099,549.5
9243,3,1118,372.7
9244,1,1117,1117.0
9245,3,1132,377.3
9246,3,1113,371.0
9247,3,1120,373.3
9248,3,1122,374.0
9249,3,1103,367.7
9250,2,1099,549.5
9251,1,1099,1099.0
9252,2,1101,550.5
9253,3,1120,373.3
9254,1,1107,1107.0
9255,6,1093,182.2
9256,2,1110,555.0
9257,2,1119,559.5
9258,2,1093,546.5
9259,1,1076,1076.0
9260,3,1088,362.7
9261,4,1103,275.8
9262,2,1119,559.5
9263,4,1099,274.8
9264,2,1096,548.0
9265,3,1114,371.3
9266,1,1120,1120.0
9267,2,1077,538.5
9268,1,1093,1093.0
9269,5,1110,222.0
9270,2,1086,543.0
9271,2,1131,565.5
9272,1,1108,1108.0
9273,3,1090,363.3
9274,4,1083,270.8
9275,2,1122,561.0
9276,3,1104,368.0
9277,1,1112,1112.0
9278,3,1101,367.0
9279,2,1122,561.0
9280,1,1115,1115.0
9281,6,1114,185.7
9282,2,1098,549.0
9283,3,1096,365.3
9284,4,1123,280.8
9285,3,1117,372.3
9286,4,1098,274.5
9287,2,1109,554.5
9288,4,1115,278.8
9289,2,1116,558.0
9290,4,1128,282.0
9291,5,1107,221.4
9292,2,1106,553.0
9293,2,1105,552.5
9294,2,1099,549.5
9295,2,1093,546.5
9296,3,1130,376.7
9297,3,1106,368.7
9298,3,1105,368.3
9299,3,1100,366.7
9300,1,1098,1098.0
9301,3,1120,373.3
9302,2,1108,554.0
9303,4,1116,279.0
9304,4,1118,279.5
9305,2,1128,564.0
9306,4,1101,275.2
9307,4,1117,279.2
9308,2,1102,551.0
9309,3,1110,370.0
9310,2,1115,557.5
9311,2,1108,554.0
9312,2,1106,553.0
9313,3,1111,370.3
9314,3,1108,369.3
9315,2,1101,550.5
9316,3,1106,368.7
9317,2,1104,552.0
9318,2,1104,552.0
9319,4,1105,276.2
9320,3,1118,372.7
9321,3,1104,368.0
9322,4,1108,277.0
9323,1,1125,1125.0
9324,4,1095,273.8
9325,4,1095,273.8
9326,2,1114,557.0
9327,3,1112,370.7
9328,4,1118,279.5
9329,4,1114,278.5
9330,4,1124,281.0
9331,3,1115,371.7
9332,1,1111,1111.0
9333,6,1132,188.7
9334,3,1108,369.3
9335,3,1128,376.0
9336,4,1112,278.0
9337,2,1109,554.5
9338,3,1126,375.3
9339,3,1124,374.7
9340,2,1105,552.5
9341,2,1119,559.5
9342,2,1117,558.5
9343,2,1114,557.0
9344,1,1084,1084.0
9345,2,1105,552.5
9346,4,1095,273.8
9347,2,1098,549.0
9348,1,1097,1097.0
9349,4,1106,276.5
9350,2,1114,557.0
9351,2,1100,550.0
9352,1,1109,1109.0
9353,1,1102,1102.0
9354,2,1114,557.0
9355,4,1127,281.8
9356,4,1100,275.0
9357,2,1111,555.5
9358,4,1105,276.2
9359,1,1114,1114.0
9360,3,1112,370.7
9361,2,1074,537.0
9362,1,1103,1103.0
9363,2,1097,548.5
9364,1,1086,1086.0
9365,1,1086,1086.0
9366,3,1102,367.3
9367,5,1108,221.6
9368,3,1102,367.3
9369,5,1116,223.2
9370,1,1112,1112.0
9371,1,1125,1125.0
9372,4,1109,277.2
9373,5,1087,217.4
9374,3,1110,370.0
9375,3,1105,368.3
9376,4,1138,284.5
9377,1,1115,1115.0
9378,2,1091,545.5
9379,3,1125,375.0
9380,3,1094,364.7
9381,2,1092,546.0
9382,3,1102,367.3
9383,5,1119,223.8
9384,2,1100,550.0
9385,6,1112,185.3
9386,3,1112,370.7
9387,2,1116,558.0
9388,3,1100,366.7
9389,6,1117,186.2
9390,4,1115,278.8
9391,4,1108,277.0
9392,5,1108,221.6
9393,5,1097,219.4
9394,2,1097,548.5
9395,3,1125,375.0
9396,3,1090,363.3
9397,2,1096,548.0
9398,1,1094,1094.0
9399,2,1111,555.5
9400,3,1107,369.0
9401,2,1109,554.5
9402,2,1106,553.0
9403,3,1111,370.3
9404,4,1108,277.0
9405,2,1099,549.5
9406,2,1100,550.0
9407,3,1091,363.7
9408,1,1112,1112.0
9409,3,1121,373.7
9410,4,1115,278.8
9411,2,1108,554.0
9412,3,1111,370.3
9413,3,1122,374.0
9414,3,1124,374.7
9415,4,1116,279.0
9416,4,1094,273.5
9417,3,1114,371.3
9418,3,1106,368.7
9419,2,1120,560.0
9420,4,1109,277.2
9421,1,1118,1118.0
9422,3,1097,365.7
9423,3,1091,363.7
9424,1,1114,1114.0
9425,2,1117,558.5
9426,3,1115,371.7
9427,4,1109,277.2
9428,3,1122,374.0
9429,1,1124,1124.0
9430,4,1103,275.8
9431,2,1102,551.0
9432,1,1117,1117.0
9433,3,1124,374.7
9434,3,1113,371.0
9435,3,1112,370.7
9436,2,1134,567.0
9437,2,1090,545.0
9438,2,1116,558.0
9439,6,1123,187.2
9440,2,1094,547.0
9441,1,1107,1107.0
9442,4,1099,274.8
9443,3,1109,369.7
9444,1,1107,1107.0
9445,3,1112,370.7
9446,4,1091,272.8
9447,2,1090,545.0
9448,4,1095,273.8
9449,3,1091,363.7
9450,3,1104,368.0
9451,2,1114,557.0
9452,3,1111,370.3
9453,2,1110,555.0
9454,3,1107,369.0
9455,4,1097,274.2
9456,1,1114,1114.0
9457,3,1108,369.3
9458,3,1097,365.7
9459,4,1106,276.5
9460,1,1102,1102.0
9461,1,1104,1104.0
9462,4,1107,276.8
9463,2,1102,551.0
9464,5,1080,216.0
9465,3,1099,366.3
9466,2,1101,550.5
9467,3,1117,372.3
9468,2,1093,546.5
9469,1,1101,1101.0
9470,2,1103,551.5
9471,3,1100,366.7
9472,1,1113,1113.0
9473,2,1097,548.5
9474,3,1102,367.3
9475,2,1113,556.5
9476,3,1105,368.3
9477,3,1140,380.0
9478,1,1118,1118.0
9479,2,1118,559.0
9480,3,1088,362.7
9481,2,1101,550.5
9482,3,1103,367.7
9483,3,1102,367.3
9484,3,1114,371.3
9485,3,1099,366.3
9486,1,1095,1095.0
9487,3,1097,365.7
9488,2,1083,541.5
9489,3,1113,371.0
9490,1,1104,1104.0
9491,2,1098,549.0
9492,3,1106,368.7
9493,2,1115,557.5
9494,3,1084,361.3
9495,4,1120,280.0
9496,2,1121,560.5
9497,1,1116,1116.0
9498,2,1113,556.5
9499,1,1096,1096.0
9500,1,1112,1112.0
9501,2,1127,563.5
9502,3,1107,369.0
9503,2,1113,556.5
9504,2,1107,553.5
9505,3,1110,370.0
9506,3,1120,373.3
9507,6,1116,186.0
9508,1,1118,1118.0
9509,3,1096,365.3
9510,2,1121,560.5
9511,3,1118,372.7
9512,4,1119,279.8
9513,1,1095,1095.0
9514,2,1114,557.0
9515,3,1096,365.3
9516,4,1112,278.0
9517,2,1118,559.0
9518,1,1110,1110.0
9519,3,1116,372.0
9520,3,1100,366.7
9521,4,1104,276.0
9522,2,1085,542.5
9523,2,1100,550.0
9524,3,1113,371.0
9525,3,1119,373.0
9526,4,1121,280.2
9527,4,1120,280.0
9528,2,1095,547.5
9529,2,1107,553.5
9530,2,1109,554.5
9531,4,1119,279.8
9532,1,1108,1108.0
9533,2,1093,546.5
9534,2,1111,555.5
9535,3,1107,369.0
9536,4,1102,275.5
9537,2,1117,558.5
9538,4,1117,279.2
9539,2,1093,546.5
9540,2,1119,559.5
9541,4,1108,277.0
9542,4,1101,275.2
9543,4,1103,275.8
9544,2,1110,555.0
9545,2,1112,556.0
9546,2,1092,546.0
9547,5,1101,220.2
9548,2,1080,540.0
9549,2,1097,548.5
9550,1,1118,1118.0
9551,2,1079,539.5
9552,3,1085,361.7
9553,1,1114,1114.0
9554,4,1104,276.0
9555,2,1108,554.0
9556,5,1097,219.4
9557,1,1102,1102.0
9558,2,1115,557.5
9559,3,1111,370.3
9560,1,1101,1101.0
9561,3,1124,374.7
9562,5,1105,221.0
9563,4,1106,276.5
9564,2,1108,554.0
9565,2,1109,554.5
9566,3,1122,374.0
9567,2,1081,540.5
9568,2,1103,551.5
9569,4,1103,275.8
9570,4,1101,275.2
9571,1,1101,1101.0
9572,3,1108,369.3
9573,2,1116,558.0
9574,4,1111,277.8
9575,2,1114,557.0
9576,2,1097,548.5
9577,4,1123,280.8
9578,3,1105,368.3
9579,4,1106,276.5
9580,1,1120,1120.0
9581,1,1099,1099.0
9582,2,1122,561.0
9583,3,1113,371.0
9584,1,1098,1098.0
9585,4,1093,273.2
9586,1,1096,1096.0
9587,3,1095,365.0
9588,2,1086,543.0
9589,3,1087,362.3
9590,1,1096,1096.0
9591,1,1114,1114.0
9592,2,1091,545.5
9593,2,1102,551.0
9594,2,1101,550.5
9595,4,1101,275.2
9596,3,1108,369.3
9597,3,1122,374.0
9598,3,1084,361.3
9599,5,1098,219.6
9600,4,1079,269.8
9601,4,1079,269.8
9602,2,1099,549.5
9603,1,1101,1101.0
9604,4,1098,274.5
9605,4,1121,280.2
9606,3,1090,363.3
9607,1,1090,1090.0
9608,2,1097,548.5
9609,3,1111,370.3
9610,3,1100,366.7
9611,5,1124,224.8
9612,3,1110,370.0
9613,3,1106,368.7
9614,2,1106,553.0
9615,2,1103,551.5
9616,4,1118,279.5
9617,2,1106,553.0
9618,1,1098,1098.0
9619,1,1120,1120.0
9620,2,1112,556.0
9621,3,1123,374.3
9622,3,1089,363.0
9623,4,1113,278.2
9624,2,1113,556.5
9625,4,1106,276.5
9626,3,1115,371.7
9627,4,1111,277.8
9628,4,1121,280.2
9629,4,1114,278.5
9630,5,1117,223.4
9631,4,1113,278.2
9632,2,1122,561.0
9633,2,1110,555.0
9634,3,1125,375.0
9635,4,1111,277.8
9636,3,1110,370.0
9637,3,1107,369.0
9638,2,1111,555.5
9639,5,1098,219.6
9640,3,1101,367.0
9641,1,1111,1111.0
9642,3,1103,367.7
9643,3,1102,367.3
9644,3,1111,370.3
9645,2,1113,556.5
9646,3,1117,372.3
9647,2,1117,558.5
9648,2,1116,558.0
9649,1,1099,1099.0
9650,3,1119,373.0
9651,2,1114,557.0
9652,2,1092,546.0
9653,3,1093,364.3
9654,3,1098,366.0
9655,3,1107,369.0
9656,3,1113,371.0
9657,1,1112,1112.0
9658,1,1120,1120.0
9659,3,1109,369.7
9660,5,1118,223.6
9661,2,1128,564.0
9662,1,1101,1101.0
9663,3,1105,368.3
9664,4,1102,275.5
9665,2,1091,545.5
9666,2,1116,558.0
9667,1,1096,1096.0
9668,3,1115,371.7
9669,4,1090,272.5
9670,3,1118,372.7
9671,6,1112,185.3
9672,3,1125,375.0
9673,3,1128,376.0
9674,3,1097,365.7
9675,3,1108,369.3
9676,2,1122,561.0
9677,4,1102,275.5
9678,2,1115,557.5
9679,3,1100,366.7
9680,2,1113,556.5
9681,3,1109,369.7
9682,2,1120,560.0
9683,3,1115,371.7
9684,3,1097,365.7
9685,1,1114,1114.0
9686,3,1104,368.0
9687,2,1112,556.0
9688,3,1100,366.7
9689,3,1100,366.7
9690,5,1098,219.6
9691,2,1119,559.5
9692,1,1108,1108.0
9693,1,1112,1112.0
9694,3,1094,364.7
9695,2,1112,556.0
9696,3,1123,374.3
9697,3,1119,373.0
9698,1,1105,1105.0
9699,1,1113,1113.0
9700,3,1120,373.3
9701,4,1111,277.8
9702,4,1108,277.0
9703,2,1116,558.0
9704,2,1112,556.0
9705,3,1105,368.3
9706,3,1103,367.7
9707,3,1125,375.0
9708,4,1119,279.8
9709,4,1119,279.8
9710,2,1103,551.5
9711,3,1108,369.3
9712,2,1099,549.5
9713,4,1097,274.2
9714,2,1110,555.0
9715,3,1111,370.3
9716,3,1096,365.3
9717,4,1110,277.5
9718,2,1106,553.0
9719,3,1102,367.3
9720,5,1110,222.0
9721,2,1113,556.5
9722,3,1097,365.7
9723,2,1094,547.0
9724,4,1105,276.2
9725,4,1108,277.0
9726,3,1117,372.3
9727,3,1099,366.3
9728,2,1117,558.5
9729,5,1120,224.0
9730,5,1124,224.8
9731,3,1099,366.3
9732,2,1111,555.5
9733,4,1118,279.5
9734,3,1101,367.0
9735,1,1111,1111.0
9736,3,1111,370.3
9737,2,1132,566.0
9738,3,1123,374.3
9739,3,1102,367.3
9740,2,1126,563.0
9741,4,1100,275.0
9742,6,1109,184.8
9743,4,1109,277.2
9744,2,1097,548.5
9745,3,1094,364.7
9746,6,1101,183.5
9747,4,1115,278.8
9748,3,1109,369.7
9749,1,1079,1079.0
9750,3,1098,366.0
9751,3,1106,368.7
9752,3,1106,368.7
9753,1,1102,1102.0
9754,3,1116,372.0
9755,4,1118,279.5
9756,4,1104,276.0
9757,6,1109,184.8
9758,3,1095,365.0
9759,5,1090,218.0
9760,2,1100,550.0
9761,3,1087,362.3
9762,2,1111,555.5
9763,4,1098,274.5
9764,4,1107,276.8
9765,3,1113,371.0
9766,5,1110,222.0
9767,4,1086,271.5
9768,2,1130,565.0
9769,3,1107,369.0
9770,5,1097,219.4
9771,1,1107,1107.0
9772,1,1115,1115.0
9773,2,1096,548.0
9774,4,1122,280.5
9775,1,1104,1104.0
9776,1,1102,1102.0
9777,3,1100,366.7
9778,3,1122,374.0
9779,3,1092,364.0
9780,3,1122,374.0
9781,2,1099,549.5
9782,3,1108,369.3
9783,4,1121,280.2
9784,1,1113,1113.0
9785,2,1115,557.5
9786,5,1111,222.2
9787,3,1108,369.3
9788,2,1117,558.5
9789,3,1100,366.7
9790,2,1102,551.0
9791,5,1110,222.0
9792,3,1122,374.0
9793,4,1117,279.2
9794,2,1094,547.0
9795,4,1110,277.5
9796,4,1116,279.0
9797,2,1106,553.0
9798,7,1107,158.1
9799,1,1113,1113.0
9800,2,1118,559.0
9801,3,1120,373.3
9802,2,1118,559.0
9803,3,1105,368.3
9804,3,1133,377.7
9805,3,1110,370.0
9806,2,1088,544.0
9807,2,1094,547.0
9808,2,1092,546.0
9809,5,1139,227.8
9810,5,1102,220.4
9811,4,1117,279.2
9812,1,1110,1110.0
9813,2,1097,548.5
9814,3,1096,365.3
9815,5,1111,222.2
9816,5,1092,218.4
9817,3,1104,368.0
9818,5,1113,222.6
9819,3,1114,371.3
9820,5,1106,221.2
9821,3,1114,371.3
9822,3,1093,364.3
9823,2,1101,550.5
9824,1,1113,1113.0
9825,2,1122,561.0
9826,2,1111,555.5
9827,3,1103,367.7
9828,2,1127,563.5
9829,3,1123,374.3
9830,2,1115,557.5
9831,3,1110,370.0
9832,3,1099,366.3
9833,1,1127,1127.0
9834,3,1124,374.7
9835,3,1128,376.0
9836,3,1117,372.3
9837,3,1101,367.0
9838,3,1118,372.7
9839,3,1120,373.3
9840,4,1114,278.5
9841,2,1105,552.5
9842,1,1128,1128.0
9843,3,1107,369.0
9844,3,1125,375.0
9845,3,1117,372.3
9846,4,1125,281.2
9847,1,1099,1099.0
9848,5,1115,223.0
9849,2,1106,553.0
9850,4,1129,282.2
9851,2,1120,560.0
9852,2,1114,557.0
9853,3,1116,372.0
9854,5,1109,221.8
9855,3,1124,374.7
9856,3,1106,368.7
9857,2,1106,553.0
9858,3,1133,377.7
9859,3,1113,371.0
9860,2,1109,554.5
9861,2,1110,555.0
9862,2,1116,558.0
9863,2,1124,562.0
9864,2,1114,557.0
9865,4,1105,276.2
9866,4,1103,275.8
9867,1,1117,1117.0
9868,4,1128,282.0
9869,6,1117,186.2
9870,4,1102,275.5
9871,2,1114,557.0
9872,1,1114,1114.0
9873,6,1097,182.8
9874,3,1108,369.3
9875,2,1100,550.0
9876,3,1108,369.3
9877,3,1114,371.3
9878,6,1125,187.5
9879,3,1112,370.7
9880,4,1116,279.0
9881,3,1117,372.3
9882,6,1104,184.0
9883,3,1118,372.7
9884,2,1118,559.0
9885,3,1118,372.7
9886,5,1109,221.8
9887,5,1089,217.8
9888,2,1102,551.0
9889,2,1113,556.5
9890,4,1128,282.0
9891,5,1103,220.6
9892,3,1099,366.3
9893,3,1108,369.3
9894,2,1114,557.0
9895,2,1109,554.5
9896,4,1121,280.2
9897,1,1117,1117.0
9898,2,1099,549.5
9899,4,1118,279.5
9900,3,1127,375.7
9901,3,1117,372.3
9902,5,1122,224.4
9903,3,1123,374.3
9904,4,1104,276.0
9905,4,1096,274.0
9906,3,1115,371.7
9907,3,1101,367.0
9908,3,1133,377.7
9909,4,1098,274.5
9910,2,1112,556.0
9911,1,1106,1106.0
9912,4,1112,278.0
9913,2,1109,554.5
9914,3,1112,370.7
9915,2,1070,535.0
9916,4,1089,272.2
9917,4,1123,280.8
9918,3,1126,375.3
9919,3,1100,366.7
9920,3,1111,370.3
9921,4,1133,283.2
9922,3,1115,371.7
9923,3,1101,367.0
9924,2,1119,559.5
9925,2,1096,548.0
9926,3,1124,374.7
9927,3,1102,367.3
9928,4,1107,276.8
9929,1,1108,1108.0
9930,5,1104,220.8
9931,3,1095,365.0
9932,7,1115,159.3
9933,4,1086,271.5
9934,2,1124,562.0
9935,7,1105,157.9
9936,1,1107,1107.0
9937,2,1116,558.0
9938,3,1122,374.0
9939,6,1107,184.5
9940,3,1113,371.0
9941,4,1113,278.2
9942,2,1104,552.0
9943,3,1099,366.3
9944,2,1112,556.0
9945,5,1124,224.8
9946,2,1110,555.0
9947,4,1127,281.8
9948,3,1087,362.3
9949,2,1098,549.0
9950,3,1121,373.7
9951,5,1098,219.6
9952,6,1118,186.3
9953,3,1098,366.0
9954,2,1105,552.5
9955,2,1119,559.5
9956,3,1111,370.3
9957,2,1093,546.5
9958,5,1119,223.8
9959,7,1110,158.6
9960,5,1096,219.2
9961,5,1103,220.6
9962,4,1116,279.0
9963,1,1119,1119.0
9964,4,1125,281.2
9965,2,1123,561.5
9966,4,1072,268.0
9967,2,1094,547.0
9968,3,1087,362.3
9969,2,1101,550.5
9970,3,1102,367.3
9971,5,1106,221.2
9972,2,1117,558.5
9973,2,1099,549.5
9974,4,1120,280.0
9975,2,1095,547.5
9976,4,1099,274.8
9977,1,1096,1096.0
9978,5,1100,220.0
9979,2,1105,552.5
9980,6,1098,183.0
9981,3,1116,372.0
9982,5,1077,215.4
9983,2,1103,551.5
9984,2,1100,550.0
9985,5,1103,220.6
9986,3,1121,373.7
9987,5,1121,224.2
9988,4,1099,274.8
9989,5,1103,220.6
9990,5,1105,221.0
9991,2,1105,552.5
9992,2,1114,557.0
9993,5,1129,225.8
9994,5,1114,222.8
9995,1,1100,1100.0
9996,1,1101,1101.0
9997,5,1117,223.4
9998,4,1115,278.8
9999,3,1101,367.0
10000,6,1103,183.8
10001,2,1125,562.5
10002,4,1122,280.5
10003,2,1097,548.5
10004,6,1113,185.5
10005,4,1102,275.5
10006,3,1107,369.0
10007,3,1110,370.0
10008,5,1101,220.2
10009,3,1107,369.0
10010,3,1110,370.0
10011,2,1111,555.5
10012,2,1106,553.0
10013,3,1110,370.0
10014,2,1108,554.0
10015,4,1107,276.8
10016,2,1087,543.5
10017,3,1094,364.7
10018,4,1111,277.8
10019,2,1091,545.5
10020,4,1094,273.5
10021,2,1098,549.0
10022,6,1101,183.5
10023,4,1099,274.8
10024,2,1102,551.0
10025,1,1093,1093.0
10026,3,1096,365.3
10027,4,1108,277.0
10028,6,1090,181.7
10029,6,1105,184.2
10030,4,1097,274.2
10031,4,1104,276.0
10032,3,1122,374.0
10033,10,1092,109.2
10034,3,1092,364.0
10035,4,1103,275.8
10036,3,1098,366.0
10037,3,1095,365.0
10038,5,1100,220.0
10039,4,1085,271.2
10040,2,1104,552.0
10041,4,1119,279.8
10042,4,1117,279.2
10043,2,1086,543.0
10044,2,1088,544.0
10045,2,1091,545.5
10046,2,1104,552.0
10047,2,1095,547.5
10048,2,1084,542.0
10049,1,1108,1108.0
10050,3,1126,375.3
10051,5,1112,222.4
10052,3,1108,369.3
10053,3,1114,371.3
10054,8,1110,138.8
10055,3,1106,368.7
10056,3,1083,361.0
10057,2,1127,563.5
10058,2,1109,554.5
10059,3,1103,367.7
10060,4,1104,276.0
10061,6,1103,183.8
10062,3,1108,369.3
10063,6,1125,187.5
10064,2,1109,554.5
10065,3,1115,371.7
10066,3,1104,368.0
10067,3,1136,378.7
10068,1,1115,1115.0
10069,2,1107,553.5
10070,2,1125,562.5
10071,3,1096,365.3
10072,4,1114,278.5
10073,1,1117,1117.0
10074,1,1109,1109.0
10075,1,1115,1115.0
10076,3,1086,362.0
10077,2,1095,547.5
10078,2,1120,560.0
10079,2,1121,560.5
10080,2,1113,556.5
10081,1,1097,1097.0
10082,3,1103,367.7
10083,2,1096,548.0
10084,2,1098,549.0
10085,1,1111,1111.0
10086,3,1100,366.7
10087,3,1126,375.3
10088,4,1114,278.5
10089,1,1108,1108.0
10090,3,1097,365.7
10091,3,1117,372.3
10092,1,1110,1110.0
10093,2,1078,539.0
10094,4,1133,283.2
10095,3,1111,370.3
10096,3,1102,367.3
10097,4,1115,278.8
10098,4,1117,279.2
10099,5,1105,221.0
10100,3,1107,369.0
10101,2,1097,548.5
10102,4,1082,270.5
10103,3,1088,362.7
10104,4,1076,269.0
10105,3,1118,372.7
10106,4,1102,275.5
10107,5,1102,220.4
10108,4,1094,273.5
10109,2,1091,545.5
10110,2,1116,558.0
10111,2,1110,555.0
10112,2,1103,551.5
10113,3,1111,370.3
10114,3,1110,370.0
10115,4,1106,276.5
10116,4,1111,277.8
10117,2,1085,542.5
10118,7,1121,160.1
10119,3,1112,370.7
10120,4,1115,278.8
10121,2,1095,547.5
10122,2,1112,556.0
10123,3,1097,365.7
10124,2,1141,570.5
10125,2,1087,543.5
10126,3,1106,368.7
10127,2,1093,546.5
10128,2,1112,556.0
10129,1,1109,1109.0
10130,3,1114,371.3
10131,3,1095,365.0
10132,3,1109,369.7
10133,2,1113,556.5
10134,2,1100,550.0
10135,2,1093,546.5
10136,3,1112,370.7
10137,3,1103,367.7
10138,2,1102,551.0
10139,3,1089,363.0
10140,3,1114,371.3
10141,2,1123,561.5
10142,3,1129,376.3
10143,1,1085,1085.0
10144,3,1088,362.7
10145,3,1104,368.0
10146,2,1116,558.0
10147,4,1108,277.0
10148,2,1090,545.0
10149,6,1115,185.8
10150,2,1120,560.0
10151,3,1110,370.0
10152,2,1106,553.0
10153,5,1110,222.0
10154,1,1117,1117.0
10155,3,1098,366.0
10156,1,1095,1095.0
10157,4,1119,279.8
10158,6,1102,183.7
10159,1,1127,1127.0
10160,2,1119,559.5
10161,2,1100,550.0
10162,2,1106,553.0
10163,1,1107,1107.0
10164,3,1099,366.3
10165,3,1125,375.0
10166,4,1099,274.8
10167,3,1125,375.0
10168,1,1118,1118.0
10169,2,1089,544.5
10170,3,1110,370.0
10171,4,1111,277.8
10172,3,1120,373.3
10173,3,1092,364.0
10174,2,1125,562.5
10175,3,1117,372.3
10176,2,1109,554.5
10177,2,1115,557.5
10178,6,1111,185.2
10179,3,1102,367.3
10180,2,1090,545.0
10181,2,1090,545.0
10182,2,1109,554.5
10183,4,1103,275.8
10184,3,1117,372.3
10185,3,1119,373.0
10186,3,1112,370.7
10187,2,1115,557.5
10188,1,1097,1097.0
10189,3,1112,370.7
10190,2,1118,559.0
10191,3,1109,369.7
10192,2,1100,550.0
10193,2,1113,556.5
10194,3,1118,372.7
10195,2,1093,546.5
10196,1,1106,1106.0
10197,1,1118,1118.0
10198,3,1098,366.0
10199,1,1135,1135.0
10200,2,1098,549.0
10201,4,1114,278.5
10202,5,1116,223.2
10203,3,1099,366.3
10204,3,1110,370.0
10205,2,1113,556.5
10206,1,1103,1103.0
10207,3,1120,373.3
10208,4,1109,277.2
10209,3,1115,371.7
10210,2,1092,546.0
10211,3,1101,367.0
10212,1,1106,1106.0
10213,3,1099,366.3
10214,3,1133,377.7
10215,2,1107,553.5
10216,3,1125,375.0
10217,8,1115,139.4
10218,3,1101,367.0
10219,4,1106,276.5
10220,3,1093,364.3
10221,2,1111,555.5
10222,2,1094,547.0
10223,2,1109,554.5
10224,3,1107,369.0
10225,2,1109,554.5
10226,3,1107,369.0
10227,3,1096,365.3
10228,3,1106,368.7
10229,3,1097,365.7
10230,2,1109,554.5
10231,6,1119,186.5
10232,3,1103,367.7
10233,2,1101,550.5
10234,3,1098,366.0
10235,4,1114,278.5
10236,2,1093,546.5
10237,9,1117,124.1
10238,3,1109,369.7
10239,1,1102,1102.0
10240,3,1121,373.7
10241,1,1113,1113.0
10242,2,1101,550.5
10243,5,1101,220.2
10244,3,1119,373.0
10245,2,1112,556.0
10246,2,1123,561.5
10247,5,1103,220.6
10248,3,1080,360.0
10249,5,1111,222.2
10250,1,1100,1100.0
10251,4,1105,276.2
10252,3,1105,368.3
10253,4,1111,277.8
10254,2,1103,551.5
10255,5,1128,225.6
10256,3,1124,374.7
10257,4,1125,281.2
10258,4,1115,278.8
10259,1,1112,1112.0
10260,3,1102,367.3
10261,3,1116,372.0
10262,4,1132,283.0
10263,3,1114,371.3
10264,3,1117,372.3
10265,2,1108,554.0
10266,3,1117,372.3
10267,4,1118,279.5
10268,2,1097,548.5
10269,3,1115,371.7
10270,3,1100,366.7
10271,4,1101,275.2
10272,1,1096,1096.0
10273,3,1139,379.7
10274,3,1132,377.3
10275,5,1128,225.6
10276,2,1104,552.0
10277,4,1109,277.2
10278,2,1112,556.0
10279,4,1129,282.2
10280,5,1096,219.2
10281,3,1104,368.0
10282,4,1126,281.5
10283,2,1098,549.0
10284,1,1113,1113.0
10285,5,1129,225.8
10286,1,1108,1108.0
10287,4,1129,282.2
10288,1,1125,1125.0
10289,2,1129,564.5
10290,3,1109,369.7
10291,3,1122,374.0
10292,3,1093,364.3
10293,5,1103,220.6
10294,4,1103,275.8
10295,3,1127,375.7
10296,2,1117,558.5
10297,1,1098,1098.0
10298,2,1111,555.5
10299,6,1119,186.5
10300,2,1104,552.0
10301,3,1114,371.3
10302,4,1092,273.0
10303,2,1105,552.5
10304,3,1118,372.7
10305,4,1125,281.2
10306,5,1111,222.2
10307,2,1121,560.5
10308,6,1122,187.0
10309,3,1121,373.7
10310,3,1104,368.0
10311,3,1111,370.3
10312,4,1128,282.0
10313,1,1102,1102.0
10314,5,1115,223.0
10315,1,1132,1132.0
10316,4,1095,273.8
10317,2,1098,549.0
10318,2,1094,547.0
10319,3,1116,372.0
10320,4,1131,282.8
10321,4,1133,283.2
10322,1,1099,1099.0
10323,5,1110,222.0
10324,3,1119,373.0
10325,3,1118,372.7
10326,2,1112,556.0
10327,5,1107,221.4
10328,7,1126,160.9
10329,3,1110,370.0
10330,2,1097,548.5
10331,1,1091,1091.0
10332,4,1128,282.0
10333,4,1108,277.0
10334,2,1097,548.5
10335,4,1103,275.8
10336,4,1121,280.2
10337,2,1117,558.5
10338,5,1116,223.2
10339,5,1107,221.4
10340,3,1093,364.3
10341,4,1114,278.5
10342,4,1118,279.5
10343,1,1117,1117.0
10344,3,1106,368.7
10345,2,1101,550.5
10346,3,1112,370.7
10347,2,1123,561.5
10348,5,1130,226.0
10349,3,1121,373.7
10350,3,1108,369.3
10351,3,1124,374.7
10352,2,1111,555.5
10353,2,1102,551.0
10354,2,1103,551.5
10355,4,1104,276.0
10356,4,1096,274.0
10357,3,1111,370.3
10358,1,1110,1110.0
10359,2,1122,561.0
10360,3,1118,372.7
10361,4,1111,277.8
10362,3,1121,373.7
10363,3,1130,376.7
10364,3,1109,369.7
10365,5,1136,227.2
10366,2,1098,549.0
10367,3,1101,367.0
10368,3,1122,374.0
10369,2,1109,554.5
10370,1,1115,1115.0
10371,4,1120,280.0
10372,3,1096,365.3
10373,1,1124,1124.0
10374,2,1121,560.5
10375,4,1120,280.0
10376,2,1108,554.0
10377,3,1103,367.7
10378,2,1125,562.5
10379,2,1117,558.5
10380,1,1141,1141.0
10381,2,1126,563.0
10382,3,1115,371.7
10383,4,1137,284.2
10384,4,1132,283.0
10385,2,1127,563.5
10386,2,1141,570.5
10387,2,1114,557.0
10388,2,1113,556.5
10389,4,1112,278.0
10390,3,1130,376.7
10391,2,1133,566.5
10392,6,1106,184.3
10393,2,1112,556.0
10394,3,1116,372.0
10395,3,1122,374.0
10396,4,1100,275.0
10397,5,1129,225.8
10398,2,1105,552.5
10399,3,1127,375.7
10400,3,1104,368.0
10401,2,1114,557.0
10402,4,1111,277.8
10403,1,1117,1117.0
10404,1,1118,1118.0
10405,4,1124,281.0
10406,2,1111,555.5
10407,3,1114,371.3
10408,2,1104,552.0
10409,2,1111,555.5
10410,2,1113,556.5
10411,2,1121,560.5
10412,3,1123,374.3
10413,3,1117,372.3
10414,1,1106,1106.0
10415,1,1121,1121.0
10416,3,1121,373.7
10417,2,1098,549.0
10418,2,1113,556.5
10419,5,1107,221.4
10420,5,1098,219.6
10421,6,1107,184.5
10422,5,1107,221.4
10423,2,1119,559.5
10424,4,1115,278.8
10425,2,1096,548.0
10426,2,1124,562.0
10427,4,1117,279.2
10428,4,1113,278.2
10429,2,1130,565.0
10430,4,1124,281.0
10431,2,1114,557.0
10432,3,1124,374.7
10433,3,1120,373.3
10434,2,1119,559.5
10435,2,1095,547.5
10436,3,1113,371.0
10437,2,1115,557.5
10438,2,1109,554.5
10439,4,1108,277.0
10440,5,1115,223.0
10441,2,1113,556.5
10442,4,1134,283.5
10443,3,1122,374.0
10444,1,1130,1130.0
10445,3,1104,368.0
10446,2,1103,551.5
10447,3,1107,369.0
10448,2,1125,562.5
10449,2,1118,559.0
10450,3,1127,375.7
10451,5,1106,221.2
10452,3,1126,375.3
10453,4,1129,282.2
10454,2,1108,554.0
10455,3,1120,373.3
10456,1,1109,1109.0
10457,1,1107,1107.0
10458,3,1133,377.7
10459,1,1106,1106.0
10460,1,1104,1104.0
10461,2,1107,553.5
10462,2,1117,558.5
10463,2,1106,553.0
10464,6,1122,187.0
10465,1,1110,1110.0
10466,3,1130,376.7
10467,2,1127,563.5
10468,1,1136,1136.0
10469,2,1112,556.0
10470,2,1118,559.0
10471,4,1127,281.8
10472,3,1114,371.3
10473,6,1130,188.3
10474,2,1127,563.5
10475,2,1121,560.5
10476,5,1117,223.4
10477,2,1112,556.0
10478,3,1114,371.3
10479,1,1109,1109.0
10480,5,1108,221.6
10481,4,1109,277.2
10482,2,1140,570.0
10483,2,1136,568.0
10484,3,1114,371.3
10485,1,1120,1120.0
10486,2,1101,550.5
10487,2,1127,563.5
10488,3,1116,372.0
10489,5,1096,219.2
10490,2,1109,554.5
10491,4,1116,279.0
10492,3,1106,368.7
10493,4,1124,281.0
10494,1,1119,1119.0
10495,6,1132,188.7
10496,4,1122,280.5
10497,2,1096,548.0
10498,2,1118,559.0
10499,4,1125,281.2
10500,3,1133,377.7
10501,6,1109,184.8
10502,4,1112,278.0
10503,3,1115,371.7
10504,4,1137,284.2
10505,3,1112,370.7
10506,5,1121,224.2
10507,2,1099,549.5
10508,3,1103,367.7
10509,2,1105,552.5
10510,2,1101,550.5
10511,1,1104,1104.0
10512,3,1108,369.3
10513,3,1102,367.3
10514,3,1113,371.0
10515,2,1132,566.0
10516,2,1101,550.5
10517,5,1115,223.0
10518,1,1124,1124.0
10519,2,1108,554.0
10520,2,1112,556.0
10521,2,1094,547.0
10522,3,1127,375.7
10523,2,1113,556.5
10524,4,1111,277.8
10525,1,1105,1105.0
10526,3,1107,369.0
10527,4,1125,281.2
10528,3,1126,375.3
10529,5,1110,222.0
10530,1,1112,1112.0
10531,2,1108,554.0
10532,3,1103,367.7
10533,2,1113,556.5
10534,1,1131,1131.0
10535,2,1122,561.0
10536,1,1118,1118.0
10537,1,1102,1102.0
10538,2,1114,557.0
10539,3,1124,374.7
10540,6,1126,187.7
10541,5,1120,224.0
10542,2,1130,565.0
10543,5,1108,221.6
10544,1,1119,1119.0
10545,4,1102,275.5
10546,3,1105,368.3
10547,1,1106,1106.0
10548,3,1128,376.0
10549,2,1126,563.0
10550,4,1131,282.8
10551,4,1103,275.8
10552,2,1111,555.5
10553,1,1104,1104.0
10554,3,1117,372.3
10555,3,1108,369.3
10556,5,1103,220.6
10557,4,1108,277.0
10558,3,1107,369.0
10559,2,1110,555.0
10560,4,1123,280.8
10561,2,1115,557.5
10562,4,1110,277.5
10563,4,1089,272.2
10564,3,1109,369.7
10565,3,1111,370.3
10566,3,1120,373.3
10567,3,1120,373.3
10568,2,1112,556.0
10569,3,1114,371.3
10570,3,1091,363.7
10571,1,1133,1133.0
10572,2,1085,542.5
10573,4,1111,277.8
10574,4,1089,272.2
10575,6,1114,185.7
10576,4,1112,278.0
10577,1,1125,1125.0
10578,5,1086,217.2
10579,2,1125,562.5
10580,6,1109,184.8
10581,2,1113,556.5
10582,4,1123,280.8
10583,5,1129,225.8
10584,3,1120,373.3
10585,6,1129,188.2
10586,3,1119,373.0
10587,3,1126,375.3
10588,3,1129,376.3
10589,5,1135,227.0
10590,3,1133,377.7
10591,5,1120,224.0
10592,3,1100,366.7
10593,3,1105,368.3
10594,5,1117,223.4
10595,7,1120,160.0
10596,4,1112,278.0
10597,4,1112,278.0
10598,2,1133,566.5
10599,3,1116,372.0
10600,4,1133,283.2
10601,5,1130,226.0
10602,4,1115,278.8
10603,3,1118,372.7
10604,2,1128,564.0
10605,5,1118,223.6
10606,2,1118,559.0
10607,4,1116,279.0
10608,2,1117,558.5
10609,3,1117,372.3
10610,4,1111,277.8
10611,4,1125,281.2
10612,3,1108,369.3
10613,1,1109,1109.0
10614,2,1100,550.0
10615,3,1090,363.3
10616,1,1115,1115.0
10617,3,1122,374.0
10618,2,1116,558.0
10619,2,1112,556.0
10620,2,1132,566.0
10621,4,1090,272.5
10622,5,1120,224.0
10623,3,1106,368.7
10624,3,1127,375.7
10625,3,1124,374.7
10626,3,1119,373.0
10627,2,1115,557.5
10628,1,1121,1121.0
10629,1,1109,1109.0
10630,3,1138,379.3
10631,2,1123,561.5
10632,3,1098,366.0
10633,2,1112,556.0
10634,4,1119,279.8
10635,2,1114,557.0
10636,3,1122,374.0
10637,1,1117,1117.0
10638,1,1117,1117.0
10639,1,1114,1114.0
10640,2,1100,550.0
10641,3,1133,377.7
10642,2,1123,561.5
10643,4,1135,283.8
10644,2,1129,564.5
10645,2,1118,559.0
10646,1,1085,1085.0
10647,3,1117,372.3
10648,4,1116,279.0
10649,4,1128,282.0
10650,3,1126,375.3
10651,1,1131,1131.0
10652,3,1125,375.0
10653,3,1109,369.7
10654,4,1132,283.0
10655,4,1100,275.0
10656,3,1127,375.7
10657,2,1125,562.5
10658,5,1114,222.8
10659,4,1116,279.0
10660,5,1121,224.2
10661,1,1114,1114.0
10662,4,1120,280.0
10663,2,1127,563.5
10664,3,1122,374.0
10665,4,1118,279.5
10666,2,1104,552.0
10667,2,1125,562.5
10668,3,1125,375.0
10669,3,1124,374.7
10670,1,1126,1126.0
10671,3,1123,374.3
10672,4,1125,281.2
10673,2,1127,563.5
10674,2,1114,557.0
10675,3,1116,372.0
10676,5,1119,223.8
10677,4,1123,280.8
10678,8,1117,139.6
10679,4,1126,281.5
10680,1,1100,1100.0
10681,1,1084,1084.0
10682,2,1105,552.5
10683,1,1127,1127.0
10684,1,1122,1122.0
10685,4,1103,275.8
10686,2,1116,558.0
10687,3,1123,374.3
10688,4,1110,277.5
10689,2,1097,548.5
10690,6,1125,187.5
10691,2,1121,560.5
10692,2,1114,557.0
10693,4,1138,284.5
10694,5,1103,220.6
10695,3,1132,377.3
10696,2,1128,564.0
10697,2,1110,555.0
10698,2,1108,554.0
10699,2,1117,558.5
10700,3,1114,371.3
10701,2,1109,554.5
10702,1,1111,1111.0
10703,5,1108,221.6
10704,2,1108,554.0
10705,1,1126,1126.0
10706,2,1142,571.0
10707,5,1125,225.0
10708,1,1125,1125.0
10709,3,1125,375.0
10710,2,1109,554.5
10711,3,1113,371.0
10712,1,1120,1120.0
10713,2,1122,561.0
10714,3,1116,372.0
10715,4,1122,280.5
10716,3,1113,371.0
10717,3,1125,375.0
10718,2,1097,548.5
10719,5,1117,223.4
10720,2,1129,564.5
10721,1,1107,1107.0
10722,3,1115,371.7
10723,2,1104,552.0
10724,3,1119,373.0
10725,3,1100,366.7
10726,2,1094,547.0
10727,3,1117,372.3
10728,2,1082,541.0
10729,2,1093,546.5
10730,4,1091,272.8
10731,1,1109,1109.0
10732,2,1103,551.5
10733,3,1117,372.3
10734,4,1113,278.2
10735,1,1110,1110.0
10736,4,1092,273.0
10737,3,1104,368.0
10738,1,1114,1114.0
10739,4,1106,276.5
10740,4,1107,276.8
10741,3,1094,364.7
10742,1,1098,1098.0
10743,3,1110,370.0
10744,2,1109,554.5
10745,2,1119,559.5
10746,2,1119,559.5
10747,3,1118,372.7
10748,2,1119,559.5
10749,5,1142,228.4
10750,3,1122,374.0
10751,6,1124,187.3
10752,4,1121,280.2
10753,4,1124,281.0
10754,5,1119,223.8
10755,4,1121,280.2
10756,2,1125,562.5
10757,2,1088,544.0
10758,3,1122,374.0
10759,2,1101,550.5
10760,1,1123,1123.0
10761,1,1087,1087.0
10762,4,1111,277.8
10763,1,1112,1112.0
10764,3,1096,365.3
10765,1,1109,1109.0
10766,4,1106,276.5
10767,2,1121,560.5
10768,3,1110,370.0
10769,1,1107,1107.0
10770,4,1138,284.5
10771,3,1105,368.3
10772,2,1122,561.0
10773,2,1127,563.5
10774,4,1106,276.5
10775,3,1110,370.0
10776,2,1109,554.5
10777,1,1121,1121.0
10778,3,1118,372.7
10779,3,1111,370.3
10780,3,1104,368.0
10781,2,1116,558.0
10782,3,1106,368.7
10783,1,1119,1119.0
10784,3,1127,375.7
10785,4,1124,281.0
10786,3,1117,372.3
10787,2,1116,558.0
10788,3,1114,371.3
10789,3,1106,368.7
10790,3,1110,370.0
10791,1,1114,1114.0
10792,3,1117,372.3
10793,4,1114,278.5
10794,2,1125,562.5
10795,2,1117,558.5
10796,4,1119,279.8
10797,2,1108,554.0
10798,2,1114,557.0
10799,2,1112,556.0
10800,3,1113,371.0
10801,2,1097,548.5
10802,3,1119,373.0
10803,4,1108,277.0
10804,2,1122,561.0
10805,7,1114,159.1
10806,2,1116,558.0
10807,2,1135,567.5
10808,3,1105,368.3
10809,3,1095,365.0
10810,3,1099,366.3
10811,2,1112,556.0
10812,5,1105,221.0
10813,4,1119,279.8
10814,1,1118,1118.0
10815,2,1108,554.0
10816,3,1126,375.3
10817,2,1092,546.0
10818,2,1122,561.0
10819,3,1109,369.7
10820,3,1120,373.3
10821,3,1096,365.3
10822,1,1119,1119.0
10823,2,1117,558.5
10824,1,1119,1119.0
10825,5,1125,225.0
10826,5,1114,222.8
10827,3,1120,373.3
10828,6,1114,185.7
10829,2,1130,565.0
10830,1,1131,1131.0
10831,1,1101,1101.0
10832,2,1095,547.5
10833,4,1112,278.0
10834,4,1119,279.8
10835,5,1104,220.8
10836,1,1112,1112.0
10837,2,1115,557.5
10838,4,1106,276.5
10839,3,1122,374.0
10840,2,1119,559.5
10841,2,1123,561.5
10842,1,1109,1109.0
10843,3,1134,378.0
10844,1,1122,1122.0
10845,2,1129,564.5
10846,1,1110,1110.0
10847,4,1104,276.0
10848,3,1104,368.0
10849,4,1118,279.5
10850,3,1112,370.7
10851,3,1108,369.3
10852,2,1118,559.0
10853,5,1125,225.0
10854,3,1123,374.3
10855,5,1092,218.4
10856,3,1098,366.0
10857,2,1110,555.0
10858,3,1109,369.7
10859,4,1109,277.2
10860,1,1104,1104.0
10861,2,1110,555.0
10862,3,1118,372.7
10863,2,1123,561.5
10864,3,1123,374.3
10865,2,1104,552.0
10866,3,1118,372.7
10867,2,1110,555.0
10868,3,1120,373.3
10869,3,1128,376.0
10870,3,1086,362.0
10871,4,1108,277.0
10872,3,1113,371.0
10873,2,1109,554.5
10874,2,1112,556.0
10875,3,1109,369.7
10876,5,1111,222.2
10877,3,1110,370.0
10878,2,1116,558.0
10879,1,1120,1120.0
10880,2,1106,553.0
10881,3,1116,372.0
10882,3,1118,372.7
10883,4,1114,278.5
10884,3,1117,372.3
10885,2,1121,560.5
10886,2,1125,562.5
10887,5,1102,220.4
10888,4,1111,277.8
10889,4,1120,280.0
10890,1,1107,1107.0
10891,1,1126,1126.0
10892,2,1103,551.5
10893,2,1122,561.0
10894,3,1095,365.0
10895,4,1121,280.2
10896,4,1124,281.0
10897,3,1098,366.0
10898,2,1123,561.5
10899,1,1103,1103.0
10900,3,1102,367.3
10901,1,1098,1098.0
10902,4,1113,278.2
10903,4,1124,281.0
10904,3,1104,368.0
10905,2,1119,559.5
10906,4,1110,277.5
10907,2,1102,551.0
10908,2,1108,554.0
10909,2,1096,548.0
10910,5,1118,223.6
10911,1,1104,1104.0
10912,2,1111,555.5
10913,3,1092,364.0
10914,1,1113,1113.0
10915,3,1114,371.3
10916,2,1107,553.5
10917,1,1129,1129.0
10918,4,1124,281.0
10919,2,1102,551.0
10920,2,1103,551.5
10921,2,1107,553.5
10922,3,1116,372.0
10923,5,1119,223.8
10924,3,1103,367.7
10925,3,1103,367.7
10926,3,1119,373.0
10927,4,1111,277.8
10928,1,1121,1121.0
10929,4,1127,281.8
10930,2,1117,558.5
10931,3,1116,372.0
10932,2,1111,555.5
10933,1,1119,1119.0
10934,2,1098,549.0
10935,2,1093,546.5
10936,1,1085,1085.0
10937,2,1120,560.0
10938,2,1108,554.0
10939,2,1097,548.5
10940,1,1105,1105.0
10941,6,1099,183.2
10942,3,1116,372.0
10943,1,1110,1110.0
10944,3,1102,367.3
10945,1,1115,1115.0
10946,5,1128,225.6
10947,3,1110,370.0
10948,3,1090,363.3
10949,3,1134,378.0
10950,3,1126,375.3
10951,3,1112,370.7
10952,4,1111,277.8
10953,5,1107,221.4
10954,1,1124,1124.0
10955,2,1115,557.5
10956,3,1100,366.7
10957,2,1120,560.0
10958,4,1109,277.2
10959,2,1096,548.0
10960,2,1099,549.5
10961,1,1104,1104.0
10962,1,1104,1104.0
10963,2,1104,552.0
10964,2,1097,548.5
10965,3,1102,367.3
10966,1,1096,1096.0
10967,3,1097,365.7
10968,2,1113,556.5
10969,6,1119,186.5
10970,4,1106,276.5
10971,2,1110,555.0
10972,3,1107,369.0
10973,3,1100,366.7
10974,3,1111,370.3
10975,3,1127,375.7
10976,2,1128,564.0
10977,1,1101,1101.0
10978,3,1099,366.3
10979,3,1107,369.0
10980,4,1100,275.0
10981,2,1105,552.5
10982,1,1099,1099.0
10983,2,1088,544.0
10984,4,1132,283.0
10985,3,1089,363.0
10986,2,1112,556.0
10987,4,1122,280.5
10988,4,1117,279.2
10989,4,1121,280.2
10990,3,1113,371.0
10991,3,1106,368.7
10992,2,1114,557.0
10993,1,1116,1116.0
10994,2,1112,556.0
10995,2,1091,545.5
10996,3,1101,367.0
10997,3,1111,370.3
10998,2,1105,552.5
10999,3,1072,357.3
11000,4,1118,279.5
11001,1,1098,1098.0
11002,1,1079,1079.0
11003,4,1103,275.8
11004,3,1108,369.3
11005,3,1103,367.7
11006,3,1119,373.0
11007,2,1107,553.5
11008,1,1108,1108.0
11009,3,1112,370.7
11010,5,1107,221.4
11011,3,1113,371.0
11012,1,1084,1084.0
11013,2,1104,552.0
11014,4,1109,277.2
11015,2,1109,554.5
11016,3,1115,371.7
11017,2,1111,555.5
11018,5,1117,223.4
11019,5,1135,227.0
11020,3,1107,369.0
11021,2,1121,560.5
11022,1,1103,1103.0
11023,3,1118,372.7
11024,1,1111,1111.0
11025,1,1126,1126.0
11026,2,1114,557.0
11027,3,1089,363.0
11028,2,1099,549.5
11029,2,1125,562.5
11030,3,1121,373.7
11031,1,1116,1116.0
11032,4,1117,279.2
11033,5,1123,224.6
11034,4,1102,275.5
11035,2,1105,552.5
11036,3,1111,370.3
11037,2,1113,556.5
11038,2,1122,561.0
11039,1,1121,1121.0
11040,6,1116,186.0
11041,3,1115,371.7
11042,1,1113,1113.0
11043,4,1101,275.2
11044,4,1124,281.0
11045,2,1112,556.0
11046,2,1129,564.5
11047,2,1103,551.5
11048,3,1114,371.3
11049,5,1098,219.6
11050,2,1130,565.0
11051,7,1116,159.4
11052,6,1093,182.2
11053,3,1111,370.3
11054,3,1104,368.0
11055,3,1094,364.7
11056,2,1101,550.5
11057,1,1100,1100.0
11058,2,1120,560.0
11059,2,1094,547.0
11060,3,1101,367.0
11061,3,1118,372.7
11062,8,1100,137.5
11063,3,1110,370.0
11064,1,1106,1106.0
11065,2,1111,555.5
11066,5,1113,222.6
11067,1,1104,1104.0
11068,5,1111,222.2
11069,1,1112,1112.0
11070,1,1109,1109.0
11071,5,1116,223.2
11072,1,1100,1100.0
11073,4,1087,271.8
11074,3,1100,366.7
11075,3,1100,366.7
11076,2,1108,554.0
11077,2,1104,552.0
11078,2,1112,556.0
11079,5,1114,222.8
11080,3,1119,373.0
11081,6,1113,185.5
11082,3,1088,362.7
11083,3,1120,373.3
11084,4,1117,279.2
11085,2,1108,554.0
11086,3,1104,368.0
11087,1,1102,1102.0
11088,5,1109,221.8
11089,3,1093,364.3
11090,4,1119,279.8
11091,2,1116,558.0
11092,7,1113,159.0
11093,2,1101,550.5
11094,2,1105,552.5
11095,4,1128,282.0
11096,4,1110,277.5
11097,4,1119,279.8
11098,2,1105,552.5
11099,5,1110,222.0
11100,2,1104,552.0
11101,2,1088,544.0
11102,2,1096,548.0
11103,4,1100,275.0
11104,3,1104,368.0
11105,5,1114,222.8
11106,2,1093,546.5
11107,4,1092,273.0
11108,6,1125,187.5
11109,6,1103,183.8
11110,4,1112,278.0
11111,5,1116,223.2
11112,2,1106,553.0
11113,2,1114,557.0
11114,1,1125,1125.0
11115,1,1126,1126.0
11116,1,1124,1124.0
11117,4,1120,280.0
11118,4,1111,277.8
11119,3,1115,371.7
11120,3,1117,372.3
11121,3,1104,368.0
11122,2,1116,558.0
11123,4,1103,275.8
11124,5,1093,218.6
11125,5,1104,220.8
11126,3,1133,377.7
11127,3,1130,376.7
11128,3,1117,372.3
11129,3,1107,369.0
11130,4,1128,282.0
11131,5,1116,223.2
11132,3,1103,367.7
11133,4,1128,282.0
11134,3,1117,372.3
11135,4,1121,280.2
11136,1,1127,1127.0
11137,3,1097,365.7
11138,4,1125,281.2
11139,2,1108,554.0
11140,2,1116,558.0
11141,1,1110,1110.0
11142,3,1133,377.7
11143,3,1113,371.0
11144,4,1099,274.8
11145,3,1128,376.0
11146,5,1123,224.6
11147,3,1120,373.3
11148,2,1117,558.5
11149,3,1117,372.3
11150,4,1113,278.2
11151,2,1129,564.5
11152,2,1118,559.0
11153,3,1097,365.7
11154,4,1123,280.8
11155,1,1126,1126.0
11156,1,1112,1112.0
11157,1,1115,1115.0
11158,1,1088,1088.0
11159,3,1119,373.0
11160,2,1117,558.5
11161,2,1107,553.5
11162,1,1117,1117.0
11163,4,1112,278.0
11164,4,1113,278.2
11165,3,1103,367.7
11166,2,1122,561.0
11167,1,1115,1115.0
11168,2,1111,555.5
11169,4,1130,282.5
11170,2,1117,558.5
11171,3,1125,375.0
11172,1,1103,1103.0
11173,3,1126,375.3
11174,1,1104,1104.0
11175,4,1119,279.8
11176,2,1108,554.0
11177,3,1108,369.3
11178,1,1107,1107.0
11179,2,1108,554.0
11180,1,1099,1099.0
11181,2,1110,555.0
11182,3,1104,368.0
11183,3,1109,369.7
11184,3,1108,369.3
11185,4,1096,274.0
11186,1,1106,1106.0
11187,3,1111,370.3
11188,2,1108,554.0
11189,2,1119,559.5
11190,2,1096,548.0
11191,2,1118,559.0
11192,2,1108,554.0
11193,3,1125,375.0
11194,2,1097,548.5
11195,2,1121,560.5
11196,1,1102,1102.0
11197,2,1118,559.0
11198,3,1116,372.0
11199,3,1109,369.7
11200,2,1110,555.0
11201,2,1090,545.0
11202,4,1113,278.2
11203,1,1104,1104.0
11204,1,1108,1108.0
11205,4,1096,274.0
11206,5,1111,222.2
11207,1,1117,1117.0
11208,4,1119,279.8
11209,2,1102,551.0
11210,2,1089,544.5
11211,7,1123,160.4
11212,3,1118,372.7
11213,2,1114,557.0
11214,4,1111,277.8
11215,4,1115,278.8
11216,3,1106,368.7
11217,1,1116,1116.0
11218,2,1120,560.0
11219,2,1102,551.0
11220,1,1118,1118.0
11221,2,1089,544.5
11222,3,1114,371.3
11223,1,1112,1112.0
11224,3,1099,366.3
11225,4,1119,279.8
11226,3,1118,372.7
11227,2,1105,552.5
11228,4,1104,276.0
11229,2,1124,562.0
11230,2,1109,554.5
11231,1,1110,1110.0
11232,2,1115,557.5
11233,3,1103,367.7
11234,1,1116,1116.0
11235,2,1121,560.5
11236,4,1104,276.0
11237,1,1103,1103.0
11238,3,1116,372.0
11239,2,1129,564.5
11240,2,1112,556.0
11241,4,1129,282.2
11242,4,1127,281.8
11243,1,1106,1106.0
11244,3,1116,372.0
11245,2,1109,554.5
11246,4,1119,279.8
11247,2,1112,556.0
11248,4,1104,276.0
11249,2,1101,550.5
11250,2,1117,558.5
11251,7,1112,158.9
11252,2,1115,557.5
11253,5,1105,221.0
11254,3,1113,371.0
11255,4,1097,274.2
11256,4,1106,276.5
11257,4,1110,277.5
11258,4,1122,280.5
11259,3,1098,366.0
11260,3,1091,363.7
11261,1,1109,1109.0
11262,3,1115,371.7
11263,2,1099,549.5
11264,3,1094,364.7
11265,1,1106,1106.0
11266,1,1102,1102.0
11267,5,1123,224.6
11268,3,1140,380.0
11269,2,1111,555.5
11270,2,1118,559.0
11271,4,1113,278.2
11272,5,1115,223.0
11273,2,1100,550.0
11274,1,1131,1131.0
11275,2,1107,553.5
11276,5,1122,224.4
11277,4,1098,274.5
11278,4,1112,278.0
11279,3,1119,373.0
11280,3,1119,373.0
11281,5,1121,224.2
11282,2,1090,545.0
11283,6,1112,185.3
11284,2,1116,558.0
11285,7,1111,158.7
11286,2,1096,548.0
11287,3,1132,377.3
11288,3,1109,369.7
11289,3,1093,364.3
11290,1,1110,1110.0
11291,3,1111,370.3
11292,4,1115,278.8
11293,3,1106,368.7
11294,3,1107,369.0
11295,3,1131,377.0
11296,2,1109,554.5
11297,4,1104,276.0
11298,3,1106,368.7
11299,1,1106,1106.0
11300,4,1118,279.5
11301,4,1108,277.0
11302,2,1112,556.0
11303,1,1113,1113.0
11304,1,1115,1115.0
11305,3,1116,372.0
11306,3,1105,368.3
11307,2,1110,555.0
11308,2,1123,561.5
11309,4,1111,277.8
11310,1,1128,1128.0
11311,3,1120,373.3
11312,4,1114,278.5
11313,1,1111,1111.0
11314,4,1123,280.8
11315,2,1106,553.0
11316,4,1109,277.2
11317,1,1106,1106.0
11318,1,1096,1096.0
11319,5,1123,224.6
11320,2,1133,566.5
11321,2,1115,557.5
11322,1,1107,1107.0
11323,3,1102,367.3
11324,1,1104,1104.0
11325,2,1127,563.5
11326,4,1119,279.8
11327,3,1111,370.3
11328,1,1119,1119.0
11329,2,1112,556.0
11330,3,1115,371.7
11331,3,1088,362.7
11332,1,1098,1098.0
11333,2,1120,560.0
11334,2,1104,552.0
11335,2,1122,561.0
11336,3,1099,366.3
11337,3,1118,372.7
11338,2,1118,559.0
11339,1,1115,1115.0
11340,2,1109,554.5
11341,5,1112,222.4
11342,2,1108,554.0
11343,2,1119,559.5
11344,4,1113,278.2
11345,3,1122,374.0
11346,3,1116,372.0
11347,2,1104,552.0
11348,3,1115,371.7
11349,3,1117,372.3
11350,1,1111,1111.0
11351,5,1126,225.2
11352,3,1105,368.3
11353,3,1116,372.0
11354,4,1111,277.8
11355,3,1116,372.0
11356,1,1130,1130.0
11357,3,1097,365.7
11358,3,1110,370.0
11359,1,1109,1109.0
11360,2,1103,551.5
11361,3,1125,375.0
11362,4,1128,282.0
11363,1,1127,1127.0
11364,2,1127,563.5
11365,2,1120,560.0
11366,3,1111,370.3
11367,3,1108,369.3
11368,2,1118,559.0
11369,4,1121,280.2
11370,3,1103,367.7
11371,3,1118,372.7
11372,3,1103,367.7
11373,3,1113,371.0
11374,5,1128,225.6
11375,1,1093,1093.0
11376,1,1113,1113.0
11377,2,1106,553.0
11378,5,1119,223.8
11379,3,1109,369.7
11380,5,1114,222.8
11381,1,1126,1126.0
11382,2,1118,559.0
11383,3,1107,369.0
11384,2,1113,556.5
11385,3,1114,371.3
11386,1,1105,1105.0
11387,2,1128,564.0
11388,3,1102,367.3
11389,2,1109,554.5
11390,4,1123,280.8
11391,1,1099,1099.0
11392,3,1120,373.3
11393,2,1117,558.5
11394,1,1127,1127.0
11395,1,1091,1091.0
11396,4,1105,276.2
11397,3,1101,367.0
11398,3,1107,369.0
11399,3,1104,368.0
11400,1,1096,1096.0
11401,2,1110,555.0
11402,4,1112,278.0
11403,4,1108,277.0
11404,2,1127,563.5
11405,2,1090,545.0
11406,3,1100,366.7
11407,3,1111,370.3
11408,4,1110,277.5
11409,4,1106,276.5
11410,3,1111,370.3
11411,3,1092,364.0
11412,3,1106,368.7
11413,3,1122,374.0
11414,1,1094,1094.0
11415,2,1108,554.0
11416,3,1105,368.3
11417,2,1088,544.0
11418,2,1102,551.0
11419,5,1104,220.8
11420,3,1088,362.7
11421,3,1116,372.0
11422,2,1097,548.5
11423,3,1079,359.7
11424,4,1097,274.2
11425,2,1098,549.0
11426,1,1106,1106.0
11427,2,1109,554.5
11428,1,1118,1118.0
11429,3,1112,370.7
11430,4,1101,275.2
11431,2,1119,559.5
11432,2,1087,543.5
11433,3,1114,371.3
11434,5,1102,220.4
11435,3,1115,371.7
11436,3,1123,374.3
11437,3,1102,367.3
11438,2,1109,554.5
11439,5,1115,223.0
11440,2,1108,554.0
11441,6,1102,183.7
11442,1,1116,1116.0
11443,2,1123,561.5
11444,1,1093,1093.0
11445,2,1101,550.5
11446,1,1100,1100.0
11447,4,1109,277.2
11448,1,1122,1122.0
11449,4,1102,275.5
11450,3,1130,376.7
11451,3,1092,364.0
11452,1,1104,1104.0
11453,3,1100,366.7
11454,1,1121,1121.0
11455,4,1108,277.0
11456,2,1126,563.0
11457,3,1124,374.7
11458,2,1117,558.5
11459,3,1121,373.7
11460,1,1099,1099.0
11461,2,1129,564.5
11462,1,1117,1117.0
11463,5,1101,220.2
11464,3,1108,369.3
11465,5,1130,226.0
11466,2,1105,552.5
11467,2,1119,559.5
11468,4,1115,278.8
11469,1,1117,1117.0
11470,3,1108,369.3
11471,1,1126,1126.0
11472,2,1115,557.5
11473,4,1111,277.8
11474,2,1108,554.0
11475,4,1120,280.0
11476,6,1127,187.8
11477,4,1100,275.0
11478,4,1116,279.0
11479,2,1101,550.5
11480,4,1116,279.0
11481,6,1102,183.7
11482,1,1118,1118.0
11483,1,1133,1133.0
11484,1,1120,1120.0
11485,1,1102,1102.0
11486,2,1094,547.0
11487,5,1113,222.6
11488,3,1118,372.7
11489,2,1106,553.0
11490,3,1106,368.7
11491,2,1107,553.5
11492,3,1122,374.0
11493,3,1117,372.3
11494,3,1106,368.7
11495,3,1116,372.0
11496,2,1113,556.5
11497,1,1116,1116.0
11498,3,1111,370.3
11499,3,1114,371.3
11500,1,1096,1096.0
11501,3,1105,368.3
11502,2,1102,551.0
11503,1,1103,1103.0
11504,2,1109,554.5
11505,3,1131,377.0
11506,5,1120,224.0
11507,2,1107,553.5
11508,3,1120,373.3
11509,6,1123,187.2
11510,4,1106,276.5
11511,2,1117,558.5
11512,4,1120,280.0
11513,3,1121,373.7
11514,2,1103,551.5
11515,3,1120,373.3
11516,4,1122,280.5
11517,1,1116,1116.0
11518,4,1113,278.2
11519,3,1126,375.3
11520,2,1132,566.0
11521,5,1123,224.6
11522,2,1119,559.5
11523,4,1112,278.0
11524,4,1124,281.0
11525,8,1130,141.2
11526,1,1124,1124.0
11527,6,1126,187.7
11528,2,1115,557.5
11529,5,1108,221.6
11530,1,1124,1124.0
11531,3,1115,371.7
11532,5,1115,223.0
11533,5,1108,221.6
11534,1,1118,1118.0
11535,5,1126,225.2
11536,3,1107,369.0
11537,2,1115,557.5
11538,3,1095,365.0
11539,3,1111,370.3
11540,4,1127,281.8
11541,2,1107,553.5
11542,4,1115,278.8
11543,4,1105,276.2
11544,4,1094,273.5
11545,1,1102,1102.0
11546,2,1115,557.5
11547,4,1098,274.5
11548,5,1090,218.0
11549,4,1094,273.5
11550,2,1086,543.0
11551,5,1102,220.4
11552,3,1116,372.0
11553,3,1111,370.3
11554,2,1111,555.5
11555,1,1109,1109.0
11556,5,1108,221.6
11557,1,1113,1113.0
11558,2,1099,549.5
11559,7,1113,159.0
11560,5,1136,227.2
11561,2,1113,556.5
11562,3,1119,373.0
11563,1,1116,1116.0
11564,2,1128,564.0
11565,2,1123,561.5
11566,4,1122,280.5
11567,2,1122,561.0
11568,3,1102,367.3
11569,2,1135,567.5
11570,4,1115,278.8
11571,3,1105,368.3
11572,2,1121,560.5
11573,1,1110,1110.0
11574,4,1106,276.5
11575,4,1107,276.8
11576,5,1107,221.4
11577,2,1103,551.5
11578,2,1108,554.0
11579,3,1125,375.0
11580,3,1115,371.7
11581,2,1113,556.5
11582,3,1122,374.0
11583,4,1117,279.2
11584,2,1108,554.0
11585,6,1105,184.2
11586,1,1108,1108.0
11587,1,1121,1121.0
11588,1,1114,1114.0
11589,2,1115,557.5
11590,2,1094,547.0
11591,7,1117,159.6
11592,4,1117,279.2
11593,1,1118,1118.0
11594,2,1120,560.0
11595,3,1128,376.0
11596,2,1089,544.5
11597,4,1121,280.2
11598,2,1119,559.5
11599,3,1124,374.7
11600,2,1110,555.0
11601,2,1099,549.5
11602,3,1124,374.7
11603,2,1104,552.0
11604,1,1126,1126.0
11605,2,1099,549.5
11606,2,1119,559.5
11607,2,1099,549.5
11608,4,1119,279.8
11609,2,1116,558.0
11610,4,1127,281.8
11611,4,1106,276.5
11612,3,1117,372.3
11613,4,1133,283.2
11614,3,1123,374.3
11615,5,1117,223.4
11616,3,1107,369.0
11617,4,1120,280.0
11618,3,1130,376.7
11619,4,1125,281.2
11620,2,1089,544.5
11621,3,1143,381.0
11622,3,1121,373.7
11623,3,1132,377.3
11624,1,1109,1109.0
11625,6,1128,188.0
11626,3,1128,376.0
11627,1,1113,1113.0
11628,1,1094,1094.0
11629,3,1121,373.7
11630,1,1119,1119.0
11631,3,1128,376.0
11632,2,1116,558.0
11633,2,1111,555.5
11634,2,1111,555.5
11635,1,1115,1115.0
11636,1,1109,1109.0
11637,5,1109,221.8
11638,6,1116,186.0
11639,2,1133,566.5
11640,4,1118,279.5
11641,2,1120,560.0
11642,4,1125,281.2
11643,2,1119,559.5
11644,7,1113,159.0
11645,4,1108,277.0
11646,5,1117,223.4
11647,6,1113,185.5
11648,5,1128,225.6
11649,4,1120,280.0
11650,2,1092,546.0
11651,5,1110,222.0
11652,2,1102,551.0
11653,2,1111,555.5
11654,1,1110,1110.0
11655,3,1114,371.3
11656,4,1111,277.8
11657,1,1110,1110.0
11658,2,1118,559.0
11659,3,1116,372.0
11660,3,1110,370.0
11661,2,1105,552.5
11662,4,1113,278.2
11663,2,1105,552.5
11664,4,1119,279.8
11665,2,1123,561.5
11666,2,1128,564.0
11667,1,1099,1099.0
11668,2,1108,554.0
11669,3,1118,372.7
11670,5,1124,224.8
11671,1,1097,1097.0
11672,3,1114,371.3
11673,2,1121,560.5
11674,2,1098,549.0
11675,3,1120,373.3
11676,4,1128,282.0
11677,3,1109,369.7
11678,3,1105,368.3
11679,5,1106,221.2
11680,3,1112,370.7
11681,3,1119,373.0
11682,1,1103,1103.0
11683,3,1132,377.3
11684,2,1102,551.0
11685,1,1125,1125.0
11686,5,1125,225.0
11687,4,1107,276.8
11688,6,1121,186.8
11689,2,1108,554.0
11690,3,1111,370.3
11691,1,1127,1127.0
11692,4,1114,278.5
11693,2,1108,554.0
11694,4,1132,283.0
11695,5,1114,222.8
11696,2,1096,548.0
11697,7,1114,159.1
11698,4,1103,275.8
11699,3,1123,374.3
11700,1,1121,1121.0
11701,1,1112,1112.0
11702,5,1106,221.2
11703,1,1099,1099.0
11704,3,1109,369.7
11705,2,1113,556.5
11706,2,1118,559.0
11707,2,1111,555.5
11708,4,1118,279.5
11709,2,1096,548.0
11710,6,1121,186.8
11711,2,1105,552.5
11712,4,1088,272.0
11713,1,1118,1118.0
11714,5,1123,224.6
11715,4,1128,282.0
11716,1,1116,1116.0
11717,3,1100,366.7
11718,1,1112,1112.0
11719,5,1131,226.2
11720,1,1119,1119.0
11721,2,1104,552.0
11722,3,1111,370.3
11723,2,1129,564.5
11724,4,1111,277.8
11725,5,1123,224.6
11726,2,1107,553.5
11727,3,1111,370.3
11728,6,1104,184.0
11729,2,1115,557.5
11730,2,1127,563.5
11731,5,1109,221.8
11732,3,1116,372.0
11733,2,1100,550.0
11734,4,1105,276.2
11735,2,1099,549.5
11736,1,1114,1114.0
11737,4,1099,274.8
11738,2,1124,562.0
11739,3,1110,370.0
11740,1,1112,1112.0
11741,5,1114,222.8
11742,4,1114,278.5
11743,4,1125,281.2
11744,2,1105,552.5
11745,1,1102,1102.0
11746,2,1116,558.0
11747,2,1093,546.5
11748,3,1099,366.3
11749,5,1110,222.0
11750,3,1125,375.0
11751,3,1112,370.7
11752,3,1112,370.7
11753,3,1118,372.7
11754,1,1115,1115.0
11755,3,1126,375.3
11756,2,1127,563.5
11757,4,1116,279.0
11758,2,1118,559.0
11759,5,1140,228.0
11760,4,1124,281.0
11761,5,1099,219.8
11762,3,1110,370.0
11763,2,1099,549.5
11764,2,1120,560.0
11765,3,1105,368.3
11766,2,1106,553.0
11767,2,1128,564.0
11768,2,1095,547.5
11769,1,1109,1109.0
11770,3,1099,366.3
11771,3,1115,371.7
11772,4,1128,282.0
11773,1,1111,1111.0
11774,2,1129,564.5
11775,4,1122,280.5
11776,1,1125,1125.0
11777,1,1112,1112.0
11778,1,1118,1118.0
11779,5,1109,221.8
11780,2,1077,538.5
11781,3,1120,373.3
11782,3,1114,371.3
11783,3,1126,375.3
11784,3,1127,375.7
11785,1,1098,1098.0
11786,3,1116,372.0
11787,1,1096,1096.0
11788,2,1092,546.0
11789,2,1120,560.0
11790,3,1114,371.3
11791,1,1116,1116.0
11792,3,1111,370.3
11793,1,1119,1119.0
11794,3,1134,378.0
11795,1,1112,1112.0
11796,2,1112,556.0
11797,2,1110,555.0
11798,1,1113,1113.0
11799,2,1114,557.0
11800,2,1112,556.0
11801,1,1121,1121.0
11802,2,1104,552.0
11803,3,1133,377.7
11804,3,1105,368.3
11805,2,1112,556.0
11806,1,1138,1138.0
11807,3,1104,368.0
11808,2,1103,551.5
11809,2,1101,550.5
11810,2,1120,560.0
11811,2,1116,558.0
11812,3,1115,371.7
11813,3,1097,365.7
11814,1,1129,1129.0
11815,1,1116,1116.0
11816,2,1115,557.5
11817,4,1122,280.5
11818,1,1114,1114.0
11819,3,1109,369.7
11820,1,1098,1098.0
11821,4,1108,277.0
11822,2,1109,554.5
11823,2,1116,558.0
11824,3,1105,368.3
11825,4,1118,279.5
11826,5,1117,223.4
11827,3,1109,369.7
11828,3,1122,374.0
11829,5,1118,223.6
11830,3,1116,372.0
11831,4,1110,277.5
11832,3,1116,372.0
11833,2,1109,554.5
11834,3,1123,374.3
11835,2,1115,557.5
11836,2,1118,559.0
11837,4,1110,277.5
11838,1,1130,1130.0
11839,5,1110,222.0
11840,6,1100,183.3
11841,6,1110,185.0
11842,2,1109,554.5
11843,3,1120,373.3
11844,4,1113,278.2
11845,3,1130,376.7
11846,4,1124,281.0
11847,2,1102,551.0
11848,3,1091,363.7
11849,2,1115,557.5
11850,3,1133,377.7
11851,3,1119,373.0
11852,1,1088,1088.0
11853,2,1115,557.5
11854,3,1096,365.3
11855,2,1101,550.5
11856,2,1108,554.0
11857,7,1125,160.7
11858,2,1111,555.5
11859,3,1118,372.7
11860,2,1117,558.5
11861,3,1091,363.7
11862,3,1114,371.3
11863,3,1113,371.0
11864,3,1113,371.0
11865,1,1102,1102.0
11866,4,1085,271.2
11867,1,1110,1110.0
11868,2,1107,553.5
11869,2,1109,554.5
11870,4,1122,280.5
11871,6,1112,185.3
11872,5,1118,223.6
11873,3,1101,367.0
11874,1,1112,1112.0
11875,2,1089,544.5
11876,2,1108,554.0
11877,1,1120,1120.0
11878,4,1090,272.5
11879,3,1119,373.0
11880,3,1092,364.0
11881,2,1117,558.5
11882,2,1110,555.0
11883,3,1112,370.7
11884,3,1119,373.0
11885,1,1102,1102.0
11886,4,1120,280.0
11887,1,1097,1097.0
11888,2,1113,556.5
11889,3,1111,370.3
11890,6,1103,183.8
11891,3,1111,370.3
11892,3,1095,365.0
11893,5,1119,223.8
11894,4,1104,276.0
11895,3,1109,369.7
11896,5,1123,224.6
11897,2,1116,558.0
11898,4,1093,273.2
11899,2,1116,558.0
11900,3,1101,367.0
11901,3,1124,374.7
11902,3,1114,371.3
11903,2,1100,550.0
11904,2,1112,556.0
11905,2,1117,558.5
11906,3,1116,372.0
11907,2,1103,551.5
11908,7,1117,159.6
11909,1,1109,1109.0
11910,4,1126,281.5
11911,4,1112,278.0
11912,2,1116,558.0
11913,3,1115,371.7
11914,2,1105,552.5
11915,3,1124,374.7
11916,1,1113,1113.0
11917,2,1115,557.5
11918,3,1106,368.7
11919,5,1111,222.2
11920,3,1092,364.0
11921,3,1110,370.0
11922,4,1109,277.2
11923,4,1111,277.8
11924,5,1113,222.6
11925,2,1121,560.5
11926,2,1106,553.0
11927,2,1132,566.0
11928,1,1135,1135.0
11929,2,1110,555.0
11930,3,1100,366.7
11931,4,1096,274.0
11932,6,1110,185.0
11933,2,1112,556.0
11934,4,1110,277.5
11935,2,1095,547.5
11936,2,1120,560.0
11937,4,1120,280.0
11938,2,1111,555.5
11939,2,1104,552.0
11940,3,1101,367.0
11941,3,1112,370.7
11942,1,1109,1109.0
11943,4,1102,275.5
11944,2,1121,560.5
11945,4,1097,274.2
11946,1,1108,1108.0
11947,3,1118,372.7
11948,1,1128,1128.0
11949,4,1118,279.5
11950,6,1102,183.7
11951,3,1119,373.0
11952,2,1113,556.5
11953,2,1117,558.5
11954,2,1135,567.5
11955,1,1116,1116.0
11956,3,1127,375.7
11957,1,1128,1128.0
11958,4,1112,278.0
11959,2,1111,555.5
11960,3,1125,375.0
11961,1,1112,1112.0
11962,5,1125,225.0
11963,1,1106,1106.0
11964,3,1124,374.7
11965,3,1117,372.3
11966,1,1117,1117.0
11967,3,1121,373.7
11968,3,1092,364.0
11969,3,1108,369.3
11970,3,1121,373.7
11971,3,1120,373.3
11972,6,1130,188.3
11973,4,1104,276.0
11974,3,1102,367.3
11975,4,1116,279.0
11976,2,1098,549.0
11977,5,1106,221.2
11978,3,1116,372.0
11979,5,1110,222.0
11980,5,1095,219.0
11981,2,1111,555.5
11982,3,1104,368.0
11983,2,1112,556.0
11984,3,1088,362.7
11985,1,1087,1087.0
11986,3,1103,367.7
11987,1,1092,1092.0
11988,1,1119,1119.0
11989,1,1094,1094.0
11990,1,1113,1113.0
11991,1,1091,1091.0
11992,4,1092,273.0
11993,4,1095,273.8
11994,4,1112,278.0
11995,3,1113,371.0
11996,2,1124,562.0
11997,4,1109,277.2
11998,3,1103,367.7
11999,3,1095,365.0
12000,1,1122,1122.0
