Frame,vesicle_count,total_peptides_in_vesicles,avg_vesicle_size
0,83,4339,52.3
1,85,4555,53.6
2,85,4633,54.5
3,87,5032,57.8
4,93,5320,57.2
5,90,5132,57.0
6,92,5500,59.8
7,91,5603,61.6
8,95,6051,63.7
9,90,5860,65.1
10,83,5366,64.7
11,87,5419,62.3
12,92,5859,63.7
13,90,5931,65.9
14,88,5700,64.8
15,91,6121,67.3
16,93,5925,63.7
17,92,6061,65.9
18,92,6019,65.4
19,96,6655,69.3
20,83,5866,70.7
21,80,5599,70.0
22,84,6004,71.5
23,90,6358,70.6
24,97,7167,73.9
25,92,6658,72.4
26,83,6243,75.2
27,88,6435,73.1
28,88,6571,74.7
29,94,7231,76.9
30,91,6890,75.7
31,82,6522,79.5
32,85,6860,80.7
33,81,6696,82.7
34,84,6890,82.0
35,84,6615,78.8
36,76,6245,82.2
37,74,6313,85.3
38,74,6203,83.8
39,76,6367,83.8
40,72,6181,85.8
41,79,6660,84.3
42,73,6517,89.3
43,77,7084,92.0
44,83,7538,90.8
45,77,7484,97.2
46,77,7645,99.3
47,73,7454,102.1
48,72,6931,96.3
49,74,7191,97.2
50,74,6964,94.1
51,73,7655,104.9
52,74,7106,96.0
53,72,7248,100.7
54,72,7365,102.3
55,76,7512,98.8
56,74,7006,94.7
57,75,7067,94.2
58,71,7404,104.3
59,66,6425,97.3
60,71,7252,102.1
61,68,7006,103.0
62,66,6681,101.2
63,66,7132,108.1
64,60,6404,106.7
65,65,6937,106.7
66,65,7683,118.2
67,66,7688,116.5
68,58,7172,123.7
69,60,7111,118.5
70,61,6725,110.2
71,57,6750,118.4
72,58,7241,124.8
73,61,7176,117.6
74,58,7521,129.7
75,61,7458,122.3
76,58,7160,123.4
77,65,7518,115.7
78,65,7882,121.3
79,61,7575,124.2
80,60,7539,125.6
81,58,7040,121.4
82,55,7081,128.7
83,59,7700,130.5
84,60,7260,121.0
85,57,7271,127.6
86,54,6656,123.3
87,56,7196,128.5
88,52,6833,131.4
89,51,6929,135.9
90,56,7060,126.1
91,50,6357,127.1
92,52,6381,122.7
93,58,7510,129.5
94,55,6681,121.5
95,48,6180,128.8
96,48,6086,126.8
97,50,6465,129.3
98,51,6209,121.7
99,49,6469,132.0
100,51,6744,132.2
101,46,5974,129.9
102,44,5608,127.5
103,47,5404,115.0
104,46,5371,116.8
105,43,5339,124.2
106,42,4813,114.6
107,44,5024,114.2
108,44,5263,119.6
109,45,5700,126.7
110,42,5665,134.9
111,40,5559,139.0
112,42,5938,141.4
113,39,5666,145.3
114,45,6097,135.5
115,45,6145,136.6
116,40,6108,152.7
117,47,6515,138.6
118,48,6371,132.7
119,42,6468,154.0
120,42,6446,153.5
121,46,6310,137.2
122,36,5341,148.4
123,37,5797,156.7
124,36,5262,146.2
125,36,5525,153.5
126,38,5806,152.8
127,36,6077,168.8
128,39,5830,149.5
129,45,6619,147.1
130,45,6662,148.0
131,38,6456,169.9
132,35,5651,161.5
133,33,5498,166.6
134,32,5362,167.6
135,35,5752,164.3
136,36,5887,163.5
137,33,4929,149.4
138,34,5164,151.9
139,34,5711,168.0
140,36,5542,153.9
141,34,5907,173.7
142,38,6250,164.5
143,33,5382,163.1
144,38,6140,161.6
145,33,5125,155.3
146,35,6228,177.9
147,37,6235,168.5
148,33,6009,182.1
149,35,6422,183.5
150,36,6671,185.3
151,33,5902,178.8
152,36,6487,180.2
153,37,6757,182.6
154,38,6962,183.2
155,34,5981,175.9
156,30,5956,198.5
157,31,5596,180.5
158,31,5664,182.7
159,33,6138,186.0
160,26,5133,197.4
161,28,5059,180.7
162,31,5635,181.8
163,31,5690,183.5
164,28,5869,209.6
165,29,6517,224.7
166,28,5473,195.5
167,27,5393,199.7
168,28,5660,202.1
169,28,5690,203.2
170,29,6524,225.0
171,29,6538,225.4
172,28,5756,205.6
173,29,6496,224.0
174,28,6313,225.5
175,27,5708,211.4
176,30,5868,195.6
177,27,5665,209.8
178,24,4505,187.7
179,25,5049,202.0
180,23,4651,202.2
181,22,4197,190.8
182,24,5079,211.6
183,27,5706,211.3
184,25,4858,194.3
185,23,4534,197.1
186,21,4082,194.4
187,24,4605,191.9
188,24,4252,177.2
189,24,4804,200.2
190,25,4984,199.4
191,25,6111,244.4
192,25,4987,199.5
193,27,6954,257.6
194,26,5109,196.5
195,28,5267,188.1
196,24,4590,191.2
197,25,4302,172.1
198,28,4812,171.9
199,26,4873,187.4
200,29,5633,194.2
201,29,6576,226.8
202,27,5450,201.9
203,26,5266,202.5
204,25,4899,196.0
205,26,5179,199.2
206,27,5139,190.3
207,28,5198,185.6
208,26,4984,191.7
209,25,4870,194.8
210,26,5336,205.2
211,27,5707,211.4
212,29,7232,249.4
213,24,4987,207.8
214,21,5574,265.4
215,23,5843,254.0
216,23,5789,251.7
217,20,5484,274.2
218,25,6094,243.8
219,25,6660,266.4
220,24,6313,263.0
221,26,6964,267.8
222,22,6019,273.6
223,24,6573,273.9
224,27,7024,260.1
225,26,6495,249.8
226,24,6680,278.3
227,26,6761,260.0
228,23,6443,280.1
229,25,6635,265.4
230,26,6456,248.3
231,23,6194,269.3
232,23,6359,276.5
233,18,5275,293.1
234,19,5734,301.8
235,23,6410,278.7
236,26,6786,261.0
237,26,6752,259.7
238,25,6477,259.1
239,25,6430,257.2
240,26,6636,255.2
241,26,6447,248.0
242,26,6639,255.3
243,25,6505,260.2
244,26,6475,249.0
245,25,6566,262.6
246,25,6449,258.0
247,24,6636,276.5
248,25,6671,266.8
249,21,5739,273.3
250,20,5500,275.0
251,23,5963,259.3
252,22,5629,255.9
253,24,6057,252.4
254,18,5178,287.7
255,23,6028,262.1
256,21,5724,272.6
257,23,6148,267.3
258,22,6236,283.5
259,20,6018,300.9
260,20,6106,305.3
261,21,6114,291.1
262,23,6319,274.7
263,21,6077,289.4
264,23,6428,279.5
265,23,7043,306.2
266,21,6611,314.8
267,22,6487,294.9
268,19,6188,325.7
269,22,6462,293.7
270,21,6325,301.2
271,18,5788,321.6
272,21,6683,318.2
273,19,6126,322.4
274,22,7212,327.8
275,23,5813,252.7
276,24,5880,245.0
277,22,5549,252.2
278,21,4592,218.7
279,21,5521,262.9
280,25,5926,237.0
281,21,6591,313.9
282,19,5559,292.6
283,16,5424,339.0
284,19,6018,316.7
285,17,5374,316.1
286,20,5349,267.4
287,19,5853,308.1
288,19,4415,232.4
289,22,5214,237.0
290,20,5917,295.8
291,22,6182,281.0
292,22,6513,296.0
293,22,6466,293.9
294,19,5849,307.8
295,21,5725,272.6
296,19,5761,303.2
297,20,4967,248.4
298,22,6571,298.7
299,20,6529,326.4
300,19,6000,315.8
301,19,5960,313.7
302,19,6169,324.7
303,16,5561,347.6
304,20,5320,266.0
305,23,6427,279.4
306,20,5856,292.8
307,19,4636,244.0
308,18,5859,325.5
309,22,6280,285.5
310,20,5946,297.3
311,20,6019,301.0
312,22,6448,293.1
313,23,7108,309.0
314,20,6164,308.2
315,23,6662,289.7
316,23,7019,305.2
317,23,7006,304.6
318,22,6926,314.8
319,22,6902,313.7
320,22,7027,319.4
321,23,7000,304.3
322,22,6994,317.9
323,22,7047,320.3
324,21,6514,310.2
325,21,6524,310.7
326,20,6281,314.0
327,19,5696,299.8
328,20,6356,317.8
329,21,6374,303.5
330,21,7333,349.2
331,22,6543,297.4
332,21,6733,320.6
333,22,7414,337.0
334,19,7014,369.2
335,18,6223,345.7
336,16,6276,392.2
337,17,6349,373.5
338,16,7007,437.9
339,17,7073,416.1
340,17,6978,410.5
341,17,7015,412.6
342,21,6942,330.6
343,17,7367,433.4
344,22,7336,333.5
345,18,7414,411.9
346,16,6484,405.2
347,17,6921,407.1
348,20,6764,338.2
349,18,7353,408.5
350,17,6861,403.6
351,16,6547,409.2
352,17,6814,400.8
353,18,6966,387.0
354,18,6836,379.8
355,21,6972,332.0
356,21,7755,369.3
357,20,7526,376.3
358,16,6676,417.2
359,23,7928,344.7
360,21,7634,363.5
361,21,7616,362.7
362,20,7324,366.2
363,21,7839,373.3
364,22,7812,355.1
365,22,7817,355.3
366,20,6748,337.4
367,22,7788,354.0
368,23,8452,367.5
369,20,6442,322.1
370,20,6360,318.0
371,20,6860,343.0
372,19,5850,307.9
373,20,7003,350.2
374,20,6478,323.9
375,19,6356,334.5
376,20,6317,315.8
377,22,6575,298.9
378,21,6556,312.2
379,23,6941,301.8
380,23,6938,301.7
381,22,7272,330.5
382,18,5197,288.7
383,20,5404,270.2
384,18,5035,279.7
385,17,5055,297.4
386,21,6395,304.5
387,23,7225,314.1
388,22,7224,328.4
389,19,6675,351.3
390,18,6732,374.0
391,16,5943,371.4
392,20,7073,353.6
393,16,5265,329.1
394,15,4944,329.6
395,18,5365,298.1
396,15,5049,336.6
397,15,4918,327.9
398,14,4859,347.1
399,17,5104,300.2
400,18,5304,294.7
401,18,5335,296.4
402,17,5284,310.8
403,20,6067,303.4
404,17,5711,335.9
405,16,5624,351.5
406,16,5465,341.6
407,15,5505,367.0
408,14,5469,390.6
409,15,5438,362.5
410,17,5802,341.3
411,15,5332,355.5
412,16,5519,344.9
413,16,5436,339.8
414,16,5432,339.5
415,16,5549,346.8
416,16,5493,343.3
417,17,5495,323.2
418,16,5376,336.0
419,16,5404,337.8
420,15,4946,329.7
421,14,5011,357.9
422,14,5022,358.7
423,14,5236,374.0
424,14,4325,308.9
425,16,5158,322.4
426,16,5156,322.2
427,17,5224,307.3
428,17,5492,323.1
429,17,5652,332.5
430,18,7240,402.2
431,14,5064,361.7
432,16,5501,343.8
433,14,5208,372.0
434,16,7063,441.4
435,16,7033,439.6
436,16,7038,439.9
437,16,7152,447.0
438,16,5471,341.9
439,14,6416,458.3
440,14,6574,469.6
441,15,6651,443.4
442,16,6685,417.8
443,19,8834,464.9
444,18,8815,489.7
445,19,8858,466.2
446,20,8848,442.4
447,17,8301,488.3
448,16,8007,500.4
449,17,6400,376.5
450,15,6424,428.3
451,14,6440,460.0
452,12,5684,473.7
453,18,6934,385.2
454,16,6276,392.2
455,15,5370,358.0
456,13,5244,403.4
457,14,5301,378.6
458,14,5228,373.4
459,14,5801,414.4
460,15,5618,374.5
461,15,6062,404.1
462,14,6020,430.0
463,14,6125,437.5
464,14,6089,434.9
465,12,5596,466.3
466,13,7355,565.8
467,15,8572,571.5
468,11,5493,499.4
469,14,6926,494.7
470,16,7180,448.8
471,17,9099,535.2
472,15,8685,579.0
473,14,5379,384.2
474,14,6616,472.6
475,11,4778,434.4
476,11,4799,436.3
477,11,4611,419.2
478,11,4614,419.5
479,9,4040,448.9
480,13,4874,374.9
481,12,5544,462.0
482,10,4572,457.2
483,11,4580,416.4
484,10,4204,420.4
485,13,6653,511.8
486,13,6918,532.2
487,12,6569,547.4
488,14,7197,514.1
489,12,6527,543.9
490,12,6745,562.1
491,11,6405,582.3
492,13,7396,568.9
493,15,7841,522.7
494,15,7799,519.9
495,13,6822,524.8
496,12,6267,522.2
497,11,4601,418.3
498,11,4417,401.5
499,13,4867,374.4
500,14,5093,363.8
501,12,4887,407.2
502,14,5128,366.3
503,13,4984,383.4
504,13,3270,251.5
505,13,3250,250.0
506,11,4626,420.5
507,11,3052,277.5
508,12,3196,266.3
509,10,2952,295.2
510,11,3007,273.4
511,14,5094,363.9
512,14,3646,260.4
513,13,5008,385.2
514,14,5117,365.5
515,14,5183,370.2
516,14,5140,367.1
517,12,4389,365.8
518,14,5783,413.1
519,17,6454,379.6
520,16,6454,403.4
521,16,6127,382.9
522,16,6493,405.8
523,17,6783,399.0
524,18,6105,339.2
525,16,6105,381.6
526,15,5559,370.6
527,15,5538,369.2
528,15,5553,370.2
529,15,4843,322.9
530,13,4818,370.6
531,13,4815,370.4
532,12,6243,520.2
533,13,6526,502.0
534,16,7059,441.2
535,17,7165,421.5
536,17,7131,419.5
537,17,7533,443.1
538,18,8274,459.7
539,18,7701,427.8
540,18,7221,401.2
541,16,6873,429.6
542,19,8031,422.7
543,16,7302,456.4
544,16,7820,488.8
545,15,7391,492.7
546,16,7484,467.8
547,16,7683,480.2
548,14,7074,505.3
549,15,7255,483.7
550,16,7502,468.9
551,13,6808,523.7
552,13,7123,547.9
553,13,6712,516.3
554,12,6712,559.3
555,17,7645,449.7
556,16,7079,442.4
557,18,7968,442.7
558,17,7389,434.6
559,18,7637,424.3
560,14,6907,493.4
561,15,7246,483.1
562,14,7219,515.6
563,15,7546,503.1
564,15,7807,520.5
565,15,8004,533.6
566,15,7863,524.2
567,16,8287,517.9
568,17,8552,503.1
569,17,8509,500.5
570,17,8509,500.5
571,17,8452,497.2
572,17,8357,491.6
573,18,8373,465.2
574,17,8173,480.8
575,17,8205,482.6
576,17,8150,479.4
577,18,8330,462.8
578,18,8355,464.2
579,20,8704,435.2
580,18,8356,464.2
581,18,8391,466.2
582,17,8332,490.1
583,16,8195,512.2
584,18,8347,463.7
585,18,8385,465.8
586,19,9038,475.7
587,18,8283,460.2
588,17,8790,517.1
589,18,8784,488.0
590,18,8805,489.2
591,18,8818,489.9
592,18,8899,494.4
593,20,8836,441.8
594,18,8717,484.3
595,16,8091,505.7
596,19,8803,463.3
597,13,7534,579.5
598,19,8628,454.1
599,17,8566,503.9
600,10,6448,644.8
601,11,6938,630.7
602,10,6902,690.2
603,16,8192,512.0
604,16,8163,510.2
605,15,7372,491.5
606,15,7433,495.5
607,16,7560,472.5
608,15,7454,496.9
609,14,7821,558.6
610,13,7756,596.6
611,12,7705,642.1
612,11,6075,552.3
613,10,5461,546.1
614,11,5441,494.6
615,12,6072,506.0
616,11,5394,490.4
617,11,4876,443.3
618,10,4799,479.9
619,9,4765,529.4
620,10,4873,487.3
621,11,5483,498.5
622,11,5225,475.0
623,10,5855,585.5
624,11,5832,530.2
625,12,6013,501.1
626,11,6045,549.5
627,12,5553,462.8
628,12,5617,468.1
629,13,5600,430.8
630,11,5561,505.5
631,13,5673,436.4
632,14,6198,442.7
633,12,5575,464.6
634,11,7196,654.2
635,11,7661,696.5
636,13,7998,615.2
637,11,5564,505.8
638,12,7457,621.4
639,12,7204,600.3
640,12,7200,600.0
641,12,5884,490.3
642,11,5336,485.1
643,12,7629,635.8
644,13,7878,606.0
645,14,8134,581.0
646,12,7275,606.2
647,16,8225,514.1
648,14,7860,561.4
649,12,7425,618.8
650,11,6889,626.3
651,11,7177,652.5
652,9,6636,737.3
653,9,6661,740.1
654,10,7115,711.5
655,9,7054,783.8
656,9,6637,737.4
657,9,7153,794.8
658,12,7763,646.9
659,12,7861,655.1
660,13,7891,607.0
661,11,6838,621.6
662,11,7109,646.3
663,11,7278,661.6
664,11,7180,652.7
665,12,7301,608.4
666,10,6967,696.7
667,10,7724,772.4
668,10,7323,732.3
669,11,7465,678.6
670,12,7099,591.6
671,11,7871,715.5
672,13,8261,635.5
673,13,8439,649.2
674,13,8444,649.5
675,12,7792,649.3
676,12,7827,652.2
677,10,6701,670.1
678,10,4845,484.5
679,10,4702,470.2
680,11,4772,433.8
681,11,5383,489.4
682,10,4662,466.2
683,11,4860,441.8
684,13,5153,396.4
685,11,4997,454.3
686,11,3924,356.7
687,11,3944,358.5
688,10,3753,375.3
689,14,4946,353.3
690,14,5468,390.6
691,13,5443,418.7
692,12,6638,553.2
693,12,4935,411.2
694,13,7622,586.3
695,15,7040,469.3
696,15,7278,485.2
697,15,7293,486.2
698,14,7977,569.8
699,13,6613,508.7
700,14,7209,514.9
701,13,6652,511.7
702,11,6530,593.6
703,12,6622,551.8
704,11,7317,665.2
705,15,8219,547.9
706,13,8102,623.2
707,14,8178,584.1
708,12,7283,606.9
709,14,8234,588.1
710,14,8319,594.2
711,13,8297,638.2
712,13,8356,642.8
713,14,8303,593.1
714,13,7413,570.2
715,13,7981,613.9
716,14,8035,573.9
717,13,8058,619.8
718,13,8009,616.1
719,12,8046,670.5
720,13,8720,670.8
721,13,8791,676.2
722,12,8598,716.5
723,13,8752,673.2
724,13,8635,664.2
725,13,8648,665.2
726,14,8797,628.4
727,14,8881,634.4
728,13,8916,685.8
729,12,6616,551.3
730,10,6152,615.2
731,10,6062,606.2
732,13,8758,673.7
733,12,6013,501.1
734,12,6400,533.3
735,12,6381,531.8
736,12,6360,530.0
737,10,5877,587.7
738,11,6125,556.8
739,11,5788,526.2
740,12,5822,485.2
741,12,6216,518.0
742,13,6920,532.3
743,11,5796,526.9
744,11,5744,522.2
745,11,5872,533.8
746,11,5847,531.5
747,7,4469,638.4
748,7,4398,628.3
749,7,4492,641.7
750,9,5443,604.8
751,8,4392,549.0
752,11,5483,498.5
753,9,5397,599.7
754,9,5441,604.6
755,9,5497,610.8
756,10,5471,547.1
757,12,5739,478.2
758,11,5626,511.5
759,12,5697,474.8
760,11,5641,512.8
761,9,5403,600.3
762,11,5562,505.6
763,9,5388,598.7
764,11,5721,520.1
765,9,5418,602.0
766,10,5462,546.2
767,9,5406,600.7
768,8,5106,638.2
769,8,5076,634.5
770,8,5032,629.0
771,10,5404,540.4
772,8,5041,630.1
773,10,5601,560.1
774,10,5661,566.1
775,11,5753,523.0
776,11,5855,532.3
777,10,5395,539.5
778,11,5852,532.0
779,11,6109,555.4
780,11,5974,543.1
781,12,6062,505.2
782,11,6049,549.9
783,11,5319,483.5
784,13,5778,444.5
785,11,5558,505.3
786,9,4608,512.0
787,12,5702,475.2
788,13,4536,348.9
789,11,5326,484.2
790,10,5276,527.6
791,11,5761,523.7
792,9,5165,573.9
793,9,5143,571.4
794,10,5155,515.5
795,10,4324,432.4
796,9,4263,473.7
797,11,4489,408.1
798,14,5774,412.4
799,12,5222,435.2
800,13,5286,406.6
801,14,5688,406.3
802,13,5302,407.8
803,12,5238,436.5
804,13,5292,407.1
805,13,5182,398.6
806,13,4945,380.4
807,15,5335,355.7
808,15,5346,356.4
809,13,4828,371.4
810,13,5346,411.2
811,12,4292,357.7
812,13,4836,372.0
813,13,5755,442.7
814,12,5418,451.5
815,12,6234,519.5
816,11,5741,521.9
817,11,5459,496.3
818,11,5705,518.6
819,9,5337,593.0
820,10,5395,539.5
821,10,5385,538.5
822,11,5315,483.2
823,12,6112,509.3
824,11,5681,516.5
825,10,5460,546.0
826,9,5293,588.1
827,10,5846,584.6
828,10,5808,580.8
829,9,5289,587.7
830,12,6101,508.4
831,12,6320,526.7
832,15,6850,456.7
833,15,6764,450.9
834,15,6864,457.6
835,13,5686,437.4
836,12,5559,463.2
837,12,5581,465.1
838,10,4425,442.5
839,10,4441,444.1
840,12,5113,426.1
841,13,5366,412.8
842,13,5322,409.4
843,11,5214,474.0
844,11,6684,607.6
845,10,6372,637.2
846,11,4732,430.2
847,12,5159,429.9
848,12,5231,435.9
849,12,5166,430.5
850,12,5114,426.2
851,11,5032,457.5
852,11,5007,455.2
853,11,4973,452.1
854,11,4182,380.2
855,9,3830,425.6
856,9,3823,424.8
857,10,4742,474.2
858,10,4666,466.6
859,10,4619,461.9
860,9,3819,424.3
861,12,3956,329.7
862,11,3874,352.2
863,11,3899,354.5
864,10,3820,382.0
865,10,3820,382.0
866,11,4948,449.8
867,10,3799,379.9
868,10,5389,538.9
869,13,5917,455.2
870,10,5545,554.5
871,10,5942,594.2
872,10,5816,581.6
873,10,5940,594.0
874,10,6007,600.7
875,9,5402,600.2
876,12,6373,531.1
877,12,6198,516.5
878,10,5520,552.0
879,9,5494,610.4
880,9,5519,613.2
881,9,5556,617.3
882,9,5617,624.1
883,10,5660,566.0
884,9,5666,629.6
885,8,5233,654.1
886,11,6924,629.5
887,11,6920,629.1
888,11,5876,534.2
889,11,5791,526.5
890,11,5584,507.6
891,9,5006,556.2
892,8,4352,544.0
893,12,5247,437.2
894,11,5276,479.6
895,11,5000,454.5
896,10,4417,441.7
897,9,4330,481.1
898,9,4366,485.1
899,10,4780,478.0
900,11,5234,475.8
901,11,5246,476.9
902,11,5170,470.0
903,10,5132,513.2
904,9,4881,542.3
905,10,4879,487.9
906,11,5279,479.9
907,10,5389,538.9
908,11,6151,559.2
909,10,5715,571.5
910,9,5566,618.4
911,11,6126,556.9
912,9,5674,630.4
913,8,5181,647.6
914,10,5340,534.0
915,8,4812,601.5
916,8,4818,602.2
917,8,5383,672.9
918,9,5644,627.1
919,9,5438,604.2
920,10,6011,601.1
921,10,6019,601.9
922,10,6047,604.7
923,10,6063,606.3
924,10,5973,597.3
925,9,5866,651.8
926,10,5897,589.7
927,10,5786,578.6
928,11,6278,570.7
929,10,5753,575.3
930,10,5780,578.0
931,11,5883,534.8
932,11,6025,547.7
933,9,5209,578.8
934,10,5430,543.0
935,10,5462,546.2
936,11,5745,522.3
937,12,6458,538.2
938,12,6512,542.7
939,11,6358,578.0
940,10,6478,647.8
941,10,6046,604.6
942,9,5397,599.7
943,11,6301,572.8
944,9,5905,656.1
945,11,6291,571.9
946,12,6483,540.2
947,10,6256,625.6
948,9,5563,618.1
949,10,6286,628.6
950,12,8761,730.1
951,11,8570,779.1
952,10,8097,809.7
953,11,8205,745.9
954,11,8240,749.1
955,11,8228,748.0
956,10,7671,767.1
957,9,7495,832.8
958,10,8057,805.7
959,10,7944,794.4
960,14,9284,663.1
961,10,8055,805.5
962,10,8130,813.0
963,10,7994,799.4
964,11,8149,740.8
965,11,8368,760.7
966,11,8535,775.9
967,11,6456,586.9
968,10,5653,565.3
969,9,5358,595.3
970,9,5460,606.7
971,10,5646,564.6
972,11,6163,560.3
973,10,5661,566.1
974,12,6170,514.2
975,11,7928,720.7
976,11,5964,542.2
977,10,5850,585.0
978,11,5908,537.1
979,9,5595,621.7
980,9,5645,627.2
981,10,6041,604.1
982,10,6156,615.6
983,9,5580,620.0
984,8,5277,659.6
985,10,5690,569.0
986,8,5399,674.9
987,9,5644,627.1
988,9,5794,643.8
989,9,5837,648.6
990,9,5326,591.8
991,8,5422,677.8
992,10,5969,596.9
993,10,5854,585.4
994,12,6359,529.9
995,11,5979,543.5
996,11,5882,534.7
997,9,5125,569.4
998,11,6098,554.4
999,10,5940,594.0
1000,9,7576,841.8
1001,11,8194,744.9
1002,11,8245,749.5
1003,12,8301,691.8
1004,11,8257,750.6
1005,9,5735,637.2
1006,9,5776,641.8
1007,10,5951,595.1
1008,10,5853,585.3
1009,14,9193,656.6
1010,8,5369,671.1
1011,13,9105,700.4
1012,13,9046,695.8
1013,9,7680,853.3
1014,8,6976,872.0
1015,9,7172,796.9
1016,10,7639,763.9
1017,8,6814,851.8
1018,6,6176,1029.3
1019,7,6570,938.6
1020,10,7751,775.1
1021,9,7175,797.2
1022,9,7060,784.4
1023,9,7022,780.2
1024,8,6447,805.9
1025,10,6904,690.4
1026,11,7264,660.4
1027,11,7075,643.2
1028,11,7292,662.9
1029,11,7812,710.2
1030,11,7891,717.4
1031,12,8103,675.2
1032,13,8438,649.1
1033,15,8506,567.1
1034,13,8495,653.5
1035,14,8612,615.1
1036,13,8207,631.3
1037,13,8287,637.5
1038,12,8436,703.0
1039,13,8273,636.4
1040,12,8212,684.3
1041,15,9526,635.1
1042,13,8577,659.8
1043,12,8200,683.3
1044,14,9433,673.8
1045,10,6807,680.7
1046,11,7000,636.4
1047,11,6999,636.3
1048,10,7890,789.0
1049,11,8138,739.8
1050,9,7350,816.7
1051,10,7484,748.4
1052,10,7479,747.9
1053,12,7756,646.3
1054,11,7377,670.6
1055,12,7640,636.7
1056,11,7397,672.5
1057,12,7596,633.0
1058,12,7973,664.4
1059,9,6035,670.6
1060,10,7614,761.4
1061,10,7360,736.0
1062,11,7443,676.6
1063,13,8279,636.8
1064,13,8252,634.8
1065,10,5993,599.3
1066,11,6623,602.1
1067,10,6389,638.9
1068,11,5950,540.9
1069,10,5943,594.3
1070,14,8139,581.4
1071,14,8406,600.4
1072,13,7531,579.3
1073,14,8232,588.0
1074,13,8312,639.4
1075,11,7454,677.6
1076,11,7434,675.8
1077,11,7482,680.2
1078,11,7416,674.2
1079,13,7544,580.3
1080,15,8468,564.5
1081,15,8327,555.1
1082,14,8148,582.0
1083,11,7397,672.5
1084,12,7837,653.1
1085,12,7863,655.2
1086,11,8003,727.5
1087,10,7285,728.5
1088,9,7169,796.6
1089,10,7373,737.3
1090,11,7486,680.5
1091,11,7487,680.6
1092,11,7469,679.0
1093,10,7438,743.8
1094,12,7637,636.4
1095,12,7642,636.8
1096,14,7892,563.7
1097,14,7889,563.5
1098,10,7715,771.5
1099,11,7280,661.8
1100,13,7856,604.3
1101,13,7827,602.1
1102,15,8375,558.3
1103,13,7854,604.2
1104,12,7341,611.8
1105,13,7848,603.7
1106,13,7779,598.4
1107,10,7065,706.5
1108,9,6885,765.0
1109,11,7241,658.3
1110,11,7224,656.7
1111,12,7620,635.0
1112,11,7469,679.0
1113,11,7531,684.6
1114,11,7674,697.6
1115,15,8319,554.6
1116,13,7962,612.5
1117,10,7558,755.8
1118,13,7579,583.0
1119,12,8010,667.5
1120,12,7703,641.9
1121,11,7828,711.6
1122,10,7314,731.4
1123,8,6810,851.2
1124,10,7262,726.2
1125,9,6741,749.0
1126,13,7945,611.2
1127,11,7719,701.7
1128,10,7697,769.7
1129,10,7706,770.6
1130,10,7772,777.2
1131,11,7872,715.6
1132,11,8010,728.2
1133,13,8128,625.2
1134,12,8071,672.6
1135,11,8048,731.6
1136,11,8055,732.3
1137,11,8054,732.2
1138,12,8084,673.7
1139,12,8122,676.8
1140,12,8143,678.6
1141,12,7812,651.0
1142,12,8167,680.6
1143,12,8156,679.7
1144,13,8223,632.5
1145,12,8163,680.2
1146,12,8151,679.2
1147,13,8159,627.6
1148,13,7970,613.1
1149,13,8173,628.7
1150,11,7694,699.5
1151,11,7633,693.9
1152,13,8194,630.3
1153,12,7844,653.7
1154,13,8163,627.9
1155,12,7983,665.2
1156,13,8158,627.5
1157,10,7857,785.7
1158,11,7827,711.5
1159,13,8104,623.4
1160,11,7840,712.7
1161,12,8080,673.3
1162,12,8028,669.0
1163,13,8124,624.9
1164,12,8100,675.0
1165,11,7861,714.6
1166,10,7829,782.9
1167,11,7832,712.0
1168,12,7918,659.8
1169,13,8110,623.8
1170,13,8109,623.8
1171,12,8015,667.9
1172,11,7966,724.2
1173,13,7984,614.2
1174,11,7411,673.7
1175,11,7787,707.9
1176,10,7563,756.3
1177,10,7596,759.6
1178,11,7975,725.0
1179,13,8097,622.8
1180,11,8082,734.7
1181,11,7984,725.8
1182,12,7770,647.5
1183,12,7756,646.3
1184,12,8694,724.5
1185,13,8906,685.1
1186,13,8219,632.2
1187,12,9247,770.6
1188,12,9258,771.5
1189,11,8112,737.5
1190,12,9253,771.1
1191,10,7920,792.0
1192,10,7873,787.3
1193,11,8044,731.3
1194,9,7706,856.2
1195,10,7458,745.8
1196,9,7203,800.3
1197,10,7441,744.1
1198,10,7446,744.6
1199,9,7212,801.3
1200,9,7824,869.3
1201,9,7820,868.9
1202,9,7823,869.2
1203,10,8005,800.5
1204,10,8003,800.3
1205,10,7994,799.4
1206,9,7816,868.4
1207,9,7664,851.6
1208,10,7835,783.5
1209,10,7955,795.5
1210,10,7954,795.4
1211,8,7720,965.0
1212,9,7816,868.4
1213,8,7761,970.1
1214,8,7750,968.8
1215,9,7892,876.9
1216,9,7905,878.3
1217,9,7867,874.1
1218,8,7711,963.9
1219,10,7962,796.2
1220,11,8135,739.5
1221,11,8137,739.7
1222,11,8132,739.3
1223,11,8136,739.6
1224,10,8097,809.7
1225,8,7378,922.2
1226,8,7813,976.6
1227,8,7448,931.0
1228,8,7459,932.4
1229,11,8120,738.2
1230,10,7544,754.4
1231,10,7540,754.0
1232,10,7541,754.1
1233,9,7559,839.9
1234,10,7402,740.2
1235,10,7397,739.7
1236,10,7896,789.6
1237,11,8422,765.6
1238,11,8437,767.0
1239,9,7941,882.3
1240,9,5532,614.7
1241,10,7432,743.2
1242,11,7987,726.1
1243,10,7958,795.8
1244,11,8067,733.4
1245,11,8068,733.5
1246,11,8060,732.7
1247,9,8004,889.3
1248,10,7995,799.5
1249,11,8072,733.8
1250,10,7994,799.4
1251,10,7987,798.7
1252,10,7978,797.8
1253,11,8057,732.5
1254,10,9287,928.7
1255,11,9431,857.4
1256,11,9294,844.9
1257,12,9401,783.4
1258,9,8042,893.6
1259,10,8064,806.4
1260,10,7914,791.4
1261,10,8090,809.0
1262,13,9540,733.8
1263,11,8342,758.4
1264,11,8369,760.8
1265,10,8114,811.4
1266,11,8360,760.0
1267,9,8063,895.9
1268,9,8068,896.4
1269,10,8318,831.8
1270,10,7704,770.4
1271,10,7728,772.8
1272,10,7663,766.3
1273,10,7624,762.4
1274,9,7530,836.7
1275,9,7523,835.9
1276,10,7618,761.8
1277,8,7425,928.1
1278,8,7371,921.4
1279,10,8335,833.5
1280,10,8036,803.6
1281,10,8061,806.1
1282,11,8104,736.7
1283,11,8377,761.5
1284,9,8013,890.3
1285,9,8037,893.0
1286,11,8422,765.6
1287,10,7944,794.4
1288,11,8434,766.7
1289,10,8417,841.7
1290,10,8408,840.8
1291,9,8091,899.0
1292,9,8079,897.7
1293,11,8456,768.7
1294,10,7485,748.5
1295,10,7538,753.8
1296,10,7514,751.4
1297,10,7623,762.3
1298,10,7689,768.9
1299,10,9234,923.4
1300,11,9283,843.9
1301,10,9193,919.3
1302,11,9328,848.0
1303,11,9324,847.6
1304,11,9335,848.6
1305,11,9294,844.9
1306,11,9346,849.6
1307,11,8822,802.0
1308,10,7637,763.7
1309,12,9304,775.3
1310,11,9201,836.5
1311,10,8100,810.0
1312,13,9341,718.5
1313,9,8008,889.8
1314,9,7831,870.1
1315,9,7938,882.0
1316,8,7751,968.9
1317,9,7909,878.8
1318,11,9268,842.5
1319,10,8735,873.5
1320,9,7244,804.9
1321,9,8180,908.9
1322,9,8138,904.2
1323,10,9402,940.2
1324,10,9424,942.4
1325,9,8266,918.4
1326,10,8284,828.4
1327,10,8320,832.0
1328,11,8664,787.6
1329,9,8387,931.9
1330,11,8766,796.9
1331,9,8598,955.3
1332,11,9552,868.4
1333,11,9241,840.1
1334,7,4768,681.1
1335,9,9501,1055.7
1336,9,9487,1054.1
1337,9,9479,1053.2
1338,10,9524,952.4
1339,9,9448,1049.8
1340,10,9519,951.9
1341,11,8135,739.5
1342,10,8104,810.4
1343,10,8117,811.7
1344,9,8030,892.2
1345,8,7895,986.9
1346,10,8842,884.2
1347,10,8821,882.1
1348,10,8859,885.9
1349,9,8772,974.7
1350,10,8953,895.3
1351,10,8993,899.3
1352,10,9006,900.6
1353,10,9010,901.0
1354,10,9005,900.5
1355,10,8927,892.7
1356,10,8988,898.8
1357,10,9019,901.9
1358,10,9121,912.1
1359,10,9174,917.4
1360,10,9250,925.0
1361,10,9450,945.0
1362,10,9472,947.2
1363,11,9565,869.5
1364,9,4804,533.8
1365,8,4742,592.8
1366,8,4732,591.5
1367,8,4814,601.8
1368,9,4815,535.0
1369,8,4795,599.4
1370,6,4079,679.8
1371,9,4772,530.2
1372,11,9525,865.9
1373,9,4772,530.2
1374,9,4731,525.7
1375,8,8698,1087.2
1376,8,4698,587.2
1377,8,9059,1132.4
1378,11,9430,857.3
1379,10,9376,937.6
1380,10,9353,935.3
1381,10,9372,937.2
1382,10,9392,939.2
1383,9,8984,998.2
1384,9,8938,993.1
1385,9,8967,996.3
1386,9,8922,991.3
1387,9,8895,988.3
1388,9,8884,987.1
1389,9,8917,990.8
1390,8,8896,1112.0
1391,9,8946,994.0
1392,7,8076,1153.7
1393,8,8144,1018.0
1394,8,8136,1017.0
1395,8,8141,1017.6
1396,9,9136,1015.1
1397,9,9010,1001.1
1398,8,8929,1116.1
1399,7,8023,1146.1
1400,8,8140,1017.5
1401,8,8140,1017.5
1402,9,9115,1012.8
1403,9,9149,1016.6
1404,9,9137,1015.2
1405,9,9120,1013.3
1406,9,9122,1013.6
1407,9,9149,1016.6
1408,9,9156,1017.3
1409,8,5687,710.9
1410,9,9175,1019.4
1411,9,9157,1017.4
1412,9,9211,1023.4
1413,9,8136,904.0
1414,7,5341,763.0
1415,10,9545,954.5
1416,8,5677,709.6
1417,7,5312,758.9
1418,8,5680,710.0
1419,7,5314,759.1
1420,7,5296,756.6
1421,8,5688,711.0
1422,8,5688,711.0
1423,8,5688,711.0
1424,8,5687,710.9
1425,8,5688,711.0
1426,6,8064,1344.0
1427,10,9543,954.3
1428,10,9541,954.1
1429,8,9080,1135.0
1430,8,9063,1132.9
1431,7,8590,1227.1
1432,8,9168,1146.0
1433,6,5372,895.3
1434,8,9195,1149.4
1435,6,5332,888.7
1436,7,5403,771.9
1437,6,4825,804.2
1438,6,8672,1445.3
1439,6,8691,1448.5
1440,6,3914,652.3
1441,9,8974,997.1
1442,8,8859,1107.4
1443,7,8852,1264.6
1444,6,8200,1366.7
1445,6,4939,823.2
1446,8,8905,1113.1
1447,7,5120,731.4
1448,6,5012,835.3
1449,7,5120,731.4
1450,8,8944,1118.0
1451,8,5696,712.0
1452,8,5695,711.9
1453,7,5585,797.9
1454,7,8696,1242.3
1455,7,8662,1237.4
1456,7,8656,1236.6
1457,8,8703,1087.9
1458,8,8723,1090.4
1459,7,8635,1233.6
1460,8,8673,1084.1
1461,8,8660,1082.5
1462,8,8661,1082.6
1463,8,8984,1123.0
1464,9,9560,1062.2
1465,7,5228,746.9
1466,9,5476,608.4
1467,8,9551,1193.9
1468,8,9523,1190.4
1469,10,5584,558.4
1470,8,9515,1189.4
1471,9,9514,1057.1
1472,9,9512,1056.9
1473,8,9489,1186.1
1474,8,9491,1186.4
1475,8,9515,1189.4
1476,7,5471,781.6
1477,6,5037,839.5
1478,5,3063,612.6
1479,9,5599,622.1
1480,8,4993,624.1
1481,8,4929,616.1
1482,7,4865,695.0
1483,6,4293,715.5
1484,7,4344,620.6
1485,7,4351,621.6
1486,8,4928,616.0
1487,7,4346,620.9
1488,7,8849,1264.1
1489,8,8928,1116.0
1490,7,8868,1266.9
1491,8,4989,623.6
1492,8,4977,622.1
1493,9,9514,1057.1
1494,9,9492,1054.7
1495,9,9487,1054.1
1496,9,9522,1058.0
1497,9,9530,1058.9
1498,9,9549,1061.0
1499,8,9514,1189.2
1500,8,9521,1190.1
1501,8,9512,1189.0
1502,8,9463,1182.9
1503,9,9529,1058.8
1504,9,9531,1059.0
1505,7,5521,788.7
1506,9,9525,1058.3
1507,6,5040,840.0
1508,7,5572,796.0
1509,7,5571,795.9
1510,8,9456,1182.0
1511,8,9460,1182.5
1512,8,9459,1182.4
1513,8,9507,1188.4
1514,8,9499,1187.4
1515,9,9549,1061.0
1516,8,9521,1190.1
1517,8,9514,1189.2
1518,8,9515,1189.4
1519,8,9520,1190.0
1520,8,9525,1190.6
1521,8,9510,1188.8
1522,7,5448,778.3
1523,7,5403,771.9
1524,8,5694,711.8
1525,6,5260,876.7
1526,7,8797,1256.7
1527,7,8818,1259.7
1528,6,5440,906.7
1529,7,5684,812.0
1530,7,8826,1260.9
1531,7,8802,1257.4
1532,8,9477,1184.6
1533,8,9475,1184.4
1534,7,8921,1274.4
1535,8,9039,1129.9
1536,8,8976,1122.0
1537,8,9022,1127.8
1538,8,8988,1123.5
1539,7,8296,1185.1
1540,9,9551,1061.2
1541,9,9546,1060.7
1542,8,9063,1132.9
1543,7,9010,1287.1
1544,7,8987,1283.9
1545,6,5330,888.3
1546,5,5029,1005.8
1547,7,9030,1290.0
1548,7,8975,1282.1
1549,8,9450,1181.2
1550,7,8989,1284.1
1551,7,8921,1274.4
1552,8,9431,1178.9
1553,7,8945,1277.9
1554,8,9430,1178.8
1555,8,9448,1181.0
1556,8,9454,1181.8
1557,8,9448,1181.0
1558,8,9446,1180.8
1559,8,9447,1180.9
1560,8,9447,1180.9
1561,8,9442,1180.2
1562,8,9433,1179.1
1563,8,9436,1179.5
1564,8,9455,1181.9
1565,9,9534,1059.3
1566,7,9107,1301.0
1567,8,9428,1178.5
1568,7,9192,1313.1
1569,6,5685,947.5
1570,7,5748,821.1
1571,8,6037,754.6
1572,5,5040,1008.0
1573,9,9545,1060.6
1574,8,5674,709.2
1575,9,9531,1059.0
1576,8,5666,708.2
1577,6,5233,872.2
1578,7,5304,757.7
1579,7,5635,805.0
1580,4,4312,1078.0
1581,5,2398,479.6
1582,6,3282,547.0
1583,6,3253,542.2
1584,5,3228,645.6
1585,7,3388,484.0
1586,8,5687,710.9
1587,8,5685,710.6
1588,5,4700,940.0
1589,4,8582,2145.5
1590,5,4953,990.6
1591,5,5003,1000.6
1592,3,2660,886.7
1593,4,2676,669.0
1594,3,2737,912.3
1595,4,2882,720.5
1596,4,2831,707.8
1597,4,8991,2247.8
1598,4,9044,2261.0
1599,4,2823,705.8
1600,4,2802,700.5
1601,4,2811,702.8
1602,4,2789,697.2
1603,4,2739,684.8
1604,4,2761,690.2
1605,4,2825,706.2
1606,4,2735,683.8
1607,4,2719,679.8
1608,4,4678,1169.5
1609,5,4862,972.4
1610,6,8746,1457.7
1611,6,8738,1456.3
1612,7,9047,1292.4
1613,7,9046,1292.3
1614,6,8917,1486.2
1615,4,2767,691.8
1616,6,8898,1483.0
1617,6,8907,1484.5
1618,6,8900,1483.3
1619,6,8905,1484.2
1620,7,9486,1355.1
1621,7,9498,1356.9
1622,7,9507,1358.1
1623,7,9507,1358.1
1624,7,9494,1356.3
1625,6,9494,1582.3
1626,7,9527,1361.0
1627,5,9416,1883.2
1628,6,9373,1562.2
1629,6,9391,1565.2
1630,5,5553,1110.6
1631,7,5605,800.7
1632,8,9506,1188.2
1633,7,9533,1361.9
1634,8,9534,1191.8
1635,8,9524,1190.5
1636,7,9535,1362.1
1637,6,9416,1569.3
1638,7,9536,1362.3
1639,7,9536,1362.3
1640,7,9526,1360.9
1641,8,9533,1191.6
1642,8,9530,1191.2
1643,7,8921,1274.4
1644,6,8810,1468.3
1645,6,8899,1483.2
1646,7,9001,1285.9
1647,7,9456,1350.9
1648,8,9469,1183.6
1649,8,9428,1178.5
1650,8,9525,1190.6
1651,7,9505,1357.9
1652,7,9484,1354.9
1653,7,9463,1351.9
1654,7,9488,1355.4
1655,6,8931,1488.5
1656,6,9374,1562.3
1657,6,9267,1544.5
1658,6,9358,1559.7
1659,6,9241,1540.2
1660,6,9323,1553.8
1661,6,9297,1549.5
1662,6,9300,1550.0
1663,6,9311,1551.8
1664,5,9322,1864.4
1665,5,9337,1867.4
1666,5,9399,1879.8
1667,6,9423,1570.5
1668,5,9399,1879.8
1669,6,9419,1569.8
1670,6,9406,1567.7
1671,6,9404,1567.3
1672,5,9308,1861.6
1673,5,9306,1861.2
1674,7,9501,1357.3
1675,6,9459,1576.5
1676,7,9519,1359.9
1677,6,9448,1574.7
1678,6,9444,1574.0
1679,6,9425,1570.8
1680,6,9456,1576.0
1681,6,9478,1579.7
1682,7,9522,1360.3
1683,6,9341,1556.8
1684,6,9456,1576.0
1685,7,9537,1362.4
1686,6,9451,1575.2
1687,6,9383,1563.8
1688,6,9429,1571.5
1689,8,9530,1191.2
1690,5,9172,1834.4
1691,7,9493,1356.1
1692,7,9514,1359.1
1693,7,9493,1356.1
1694,6,9438,1573.0
1695,6,9459,1576.5
1696,7,9520,1360.0
1697,7,9529,1361.3
1698,6,9473,1578.8
1699,6,9463,1577.2
1700,6,9458,1576.3
1701,6,9460,1576.7
1702,6,9001,1500.2
1703,6,9215,1535.8
1704,6,9255,1542.5
1705,7,9492,1356.0
1706,7,9279,1325.6
1707,7,9421,1345.9
1708,6,9235,1539.2
1709,7,9518,1359.7
1710,6,9217,1536.2
1711,7,9427,1346.7
1712,6,9195,1532.5
1713,7,9295,1327.9
1714,7,9316,1330.9
1715,7,9312,1330.3
1716,6,9240,1540.0
1717,6,9250,1541.7
1718,6,9264,1544.0
1719,6,9181,1530.2
1720,6,9151,1525.2
1721,6,9234,1539.0
1722,6,9277,1546.2
1723,6,9266,1544.3
1724,7,9297,1328.1
1725,6,9258,1543.0
1726,7,9352,1336.0
1727,6,9256,1542.7
1728,8,9476,1184.5
1729,7,9483,1354.7
1730,7,9484,1354.9
1731,6,9342,1557.0
1732,6,9292,1548.7
1733,7,9510,1358.6
1734,6,9274,1545.7
1735,6,9248,1541.3
1736,6,9429,1571.5
1737,6,9067,1511.2
1738,5,8989,1797.8
1739,6,9022,1503.7
1740,6,9029,1504.8
1741,7,9431,1347.3
1742,7,9450,1350.0
1743,6,9237,1539.5
1744,6,9238,1539.7
1745,6,9258,1543.0
1746,7,9313,1330.4
1747,7,9487,1355.3
1748,5,9220,1844.0
1749,5,9247,1849.4
1750,6,9323,1553.8
1751,5,9233,1846.6
1752,6,9512,1585.3
1753,5,9270,1854.0
1754,6,9323,1553.8
1755,4,8542,2135.5
1756,5,9303,1860.6
1757,5,9328,1865.6
1758,7,9374,1339.1
1759,5,9320,1864.0
1760,6,9492,1582.0
1761,6,9501,1583.5
1762,5,9363,1872.6
1763,5,9317,1863.4
1764,7,9369,1338.4
1765,7,9334,1333.4
1766,7,9380,1340.0
1767,6,9190,1531.7
1768,7,9270,1324.3
1769,5,2791,558.2
1770,7,9340,1334.3
1771,6,9452,1575.3
1772,6,9455,1575.8
1773,6,9258,1543.0
1774,6,9236,1539.3
1775,6,9453,1575.5
1776,6,9402,1567.0
1777,6,9247,1541.2
1778,6,9469,1578.2
1779,7,9493,1356.1
1780,6,9493,1582.2
1781,7,9498,1356.9
1782,7,9543,1363.3
1783,5,9421,1884.2
1784,7,9545,1363.6
1785,6,9268,1544.7
1786,5,9437,1887.4
1787,6,9280,1546.7
1788,6,9289,1548.2
1789,5,9402,1880.4
1790,7,9559,1365.6
1791,6,9300,1550.0
1792,5,8374,1674.8
1793,5,8687,1737.4
1794,5,8698,1739.6
1795,5,8389,1677.8
1796,7,9560,1365.7
1797,5,8624,1724.8
1798,7,9558,1365.4
1799,6,8536,1422.7
1800,7,9547,1363.9
1801,7,9541,1363.0
1802,7,9547,1363.9
1803,6,9330,1555.0
1804,7,9556,1365.1
1805,7,9556,1365.1
1806,6,8676,1446.0
1807,6,8668,1444.7
1808,7,9560,1365.7
1809,7,9558,1365.4
1810,7,9560,1365.7
1811,7,9552,1364.6
1812,7,9551,1364.4
1813,7,9552,1364.6
1814,6,9081,1513.5
1815,7,9552,1364.6
1816,6,9381,1563.5
1817,6,9082,1513.7
1818,5,8896,1779.2
1819,6,9106,1517.7
1820,7,9552,1364.6
1821,6,9274,1545.7
1822,6,9313,1552.2
1823,6,9288,1548.0
1824,6,9266,1544.3
1825,6,9308,1551.3
1826,6,9288,1548.0
1827,6,9297,1549.5
1828,6,9277,1546.2
1829,6,9278,1546.3
1830,6,9304,1550.7
1831,6,9333,1555.5
1832,6,9356,1559.3
1833,6,9376,1562.7
1834,6,9384,1564.0
1835,5,8887,1777.4
1836,5,8895,1779.0
1837,5,8886,1777.2
1838,5,8891,1778.2
1839,6,9450,1575.0
1840,5,8888,1777.6
1841,5,8881,1776.2
1842,5,8893,1778.6
1843,5,8883,1776.6
1844,5,8886,1777.2
1845,5,8882,1776.4
1846,5,8884,1776.8
1847,5,8888,1777.6
1848,5,8888,1777.6
1849,5,8888,1777.6
1850,6,9488,1581.3
1851,5,8895,1779.0
1852,5,8889,1777.8
1853,5,8885,1777.0
1854,6,9483,1580.5
1855,6,9489,1581.5
1856,6,9479,1579.8
1857,6,9441,1573.5
1858,6,9450,1575.0
1859,6,9439,1573.2
1860,6,9435,1572.5
1861,6,9381,1563.5
1862,7,9374,1339.1
1863,6,9377,1562.8
1864,5,8888,1777.6
1865,5,8888,1777.6
1866,5,8888,1777.6
1867,5,8888,1777.6
1868,5,8887,1777.4
1869,5,8888,1777.6
1870,5,8888,1777.6
1871,5,8888,1777.6
1872,5,8895,1779.0
1873,5,8896,1779.2
1874,5,8896,1779.2
1875,5,8896,1779.2
1876,5,8895,1779.0
1877,5,8880,1776.0
1878,5,8879,1775.8
1879,5,8880,1776.0
1880,5,8877,1775.4
1881,6,9119,1519.8
1882,6,9144,1524.0
1883,5,8879,1775.8
1884,5,8878,1775.6
1885,6,9356,1559.3
1886,6,9381,1563.5
1887,6,9361,1560.2
1888,6,9370,1561.7
1889,6,9420,1570.0
1890,6,8552,1425.3
1891,6,8518,1419.7
1892,6,8559,1426.5
1893,6,9469,1578.2
1894,6,9494,1582.3
1895,6,9463,1577.2
1896,6,9490,1581.7
1897,6,9490,1581.7
1898,6,9490,1581.7
1899,6,9504,1584.0
1900,6,9500,1583.3
1901,7,8989,1284.1
1902,7,8933,1276.1
1903,6,8706,1451.0
1904,7,8888,1269.7
1905,7,8958,1279.7
1906,6,8818,1469.7
1907,7,9069,1295.6
1908,6,9516,1586.0
1909,7,9056,1293.7
1910,7,9097,1299.6
1911,7,9173,1310.4
1912,7,9167,1309.6
1913,7,9192,1313.1
1914,7,9138,1305.4
1915,7,9118,1302.6
1916,7,9536,1362.3
1917,7,9535,1362.1
1918,6,9494,1582.3
1919,7,9534,1362.0
1920,7,9533,1361.9
1921,5,8653,1730.6
1922,7,9531,1361.6
1923,7,9521,1360.1
1924,7,9521,1360.1
1925,7,9031,1290.1
1926,6,8785,1464.2
1927,6,8806,1467.7
1928,6,8820,1470.0
1929,5,8605,1721.0
1930,5,8530,1706.0
1931,6,9490,1581.7
1932,6,9494,1582.3
1933,6,9502,1583.7
1934,6,9496,1582.7
1935,6,9506,1584.3
1936,6,9344,1557.3
1937,6,9329,1554.8
1938,6,9339,1556.5
1939,6,9292,1548.7
1940,6,9271,1545.2
1941,6,9249,1541.5
1942,5,9043,1808.6
1943,6,9234,1539.0
1944,7,9538,1362.6
1945,6,9187,1531.2
1946,6,9203,1533.8
1947,6,9181,1530.2
1948,6,9181,1530.2
1949,6,9180,1530.0
1950,6,9193,1532.2
1951,6,9216,1536.0
1952,6,9175,1529.2
1953,5,8954,1790.8
1954,5,8860,1772.0
1955,4,8563,2140.8
1956,4,8640,2160.0
1957,5,8984,1796.8
1958,5,9015,1803.0
1959,6,9151,1525.2
1960,6,9534,1589.0
1961,6,9152,1525.3
1962,5,9029,1805.8
1963,6,9111,1518.5
1964,6,9092,1515.3
1965,5,8789,1757.8
1966,6,9235,1539.2
1967,6,9276,1546.0
1968,6,9293,1548.8
1969,6,9277,1546.2
1970,6,9269,1544.8
1971,6,9304,1550.7
1972,6,9347,1557.8
1973,7,9436,1348.0
1974,6,9365,1560.8
1975,7,9418,1345.4
1976,6,9239,1539.8
1977,6,9178,1529.7
1978,6,9169,1528.2
1979,6,9172,1528.7
1980,6,9178,1529.7
1981,6,9086,1514.3
1982,5,8697,1739.4
1983,5,8694,1738.8
1984,4,8545,2136.2
1985,5,8815,1763.0
1986,6,8919,1486.5
1987,7,9453,1350.4
1988,6,9428,1571.3
1989,6,8911,1485.2
1990,7,9446,1349.4
1991,5,8817,1763.4
1992,6,9376,1562.7
1993,5,8874,1774.8
1994,5,8838,1767.6
1995,6,9406,1567.7
1996,7,9478,1354.0
1997,6,9431,1571.8
1998,6,9453,1575.5
1999,6,9412,1568.7
2000,6,9434,1572.3
2001,6,9479,1579.8
2002,6,9451,1575.2
2003,5,8888,1777.6
2004,6,9433,1572.2
2005,6,9410,1568.3
2006,5,8912,1782.4
2007,5,8918,1783.6
2008,6,9451,1575.2
2009,6,9501,1583.5
2010,6,9491,1581.8
2011,6,9460,1576.7
2012,6,9393,1565.5
2013,5,8880,1776.0
2014,6,9363,1560.5
2015,6,9338,1556.3
2016,6,9347,1557.8
2017,6,9222,1537.0
2018,6,9359,1559.8
2019,6,9395,1565.8
2020,6,9381,1563.5
2021,6,9108,1518.0
2022,6,8917,1486.2
2023,6,9240,1540.0
2024,5,8916,1783.2
2025,5,8903,1780.6
2026,5,8886,1777.2
2027,5,8890,1778.0
2028,5,8884,1776.8
2029,6,9292,1548.7
2030,5,8910,1782.0
2031,5,8907,1781.4
2032,5,8898,1779.6
2033,5,8897,1779.4
2034,5,8897,1779.4
2035,5,8892,1778.4
2036,5,8878,1775.6
2037,7,9278,1325.4
2038,7,9310,1330.0
2039,7,9328,1332.6
2040,6,8914,1485.7
2041,6,8913,1485.5
2042,6,8919,1486.5
2043,5,8858,1771.6
2044,5,8865,1773.0
2045,6,8919,1486.5
2046,5,8859,1771.8
2047,6,8916,1486.0
2048,6,8909,1484.8
2049,5,8805,1761.0
2050,6,8920,1486.7
2051,6,8929,1488.2
2052,6,8923,1487.2
2053,6,8930,1488.3
2054,6,8923,1487.2
2055,6,8926,1487.7
2056,6,8927,1487.8
2057,6,8924,1487.3
2058,6,8933,1488.8
2059,6,8932,1488.7
2060,7,9284,1326.3
2061,8,9588,1198.5
2062,7,9249,1321.3
2063,7,9228,1318.3
2064,7,9249,1321.3
2065,7,9268,1324.0
2066,7,9266,1323.7
2067,7,9280,1325.7
2068,7,9324,1332.0
2069,6,8935,1489.2
2070,7,9349,1335.6
2071,6,8932,1488.7
2072,7,9368,1338.3
2073,6,8922,1487.0
2074,7,9336,1333.7
2075,7,9348,1335.4
2076,7,9390,1341.4
2077,7,9381,1340.1
2078,7,9413,1344.7
2079,7,9414,1344.9
2080,7,9410,1344.3
2081,7,9423,1346.1
2082,7,9400,1342.9
2083,7,9372,1338.9
2084,7,9408,1344.0
2085,7,9395,1342.1
2086,7,9456,1350.9
2087,7,9464,1352.0
2088,7,9448,1349.7
2089,8,9570,1196.2
2090,8,9573,1196.6
2091,7,9429,1347.0
2092,7,9422,1346.0
2093,7,9412,1344.6
2094,7,9413,1344.7
2095,7,9411,1344.4
2096,8,9511,1188.9
2097,7,9361,1337.3
2098,7,9370,1338.6
2099,7,9385,1340.7
2100,7,9370,1338.6
2101,7,9320,1331.4
2102,8,9361,1170.1
2103,9,9592,1065.8
2104,8,9346,1168.2
2105,8,9401,1175.1
2106,8,9446,1180.8
2107,7,9322,1331.7
2108,7,9376,1339.4
2109,7,9384,1340.6
2110,7,9348,1335.4
2111,7,6924,989.1
2112,7,6820,974.3
2113,7,9455,1350.7
2114,7,7137,1019.6
2115,7,9414,1344.9
2116,8,9495,1186.9
2117,8,9510,1188.8
2118,7,7023,1003.3
2119,7,9538,1362.6
2120,7,9528,1361.1
2121,7,9533,1361.9
2122,8,9563,1195.4
2123,6,6931,1155.2
2124,9,9576,1064.0
2125,9,9584,1064.9
2126,9,9583,1064.8
2127,9,9583,1064.8
2128,7,9518,1359.7
2129,8,9542,1192.8
2130,8,9575,1196.9
2131,8,9569,1196.1
2132,8,9473,1184.1
2133,8,9566,1195.8
2134,8,9575,1196.9
2135,8,9558,1194.8
2136,8,9572,1196.5
2137,8,9571,1196.4
2138,8,9561,1195.1
2139,8,9574,1196.8
2140,8,9570,1196.2
2141,7,9506,1358.0
2142,8,9582,1197.8
2143,8,9578,1197.2
2144,8,9579,1197.4
2145,5,4549,909.8
2146,8,9580,1197.5
2147,6,6139,1023.2
2148,4,4173,1043.2
2149,5,4480,896.0
2150,6,4910,818.3
2151,6,4914,819.0
2152,8,9581,1197.6
2153,8,9587,1198.4
2154,8,9583,1197.9
2155,8,9586,1198.2
2156,8,9576,1197.0
2157,8,9578,1197.2
2158,8,9579,1197.4
2159,8,9582,1197.8
2160,8,9579,1197.4
2161,6,5009,834.8
2162,6,4715,785.8
2163,6,4764,794.0
2164,6,4793,798.8
2165,6,4841,806.8
2166,6,4889,814.8
2167,6,4852,808.7
2168,8,9458,1182.2
2169,8,9491,1186.4
2170,8,9489,1186.1
2171,8,9509,1188.6
2172,5,4452,890.4
2173,5,4825,965.0
2174,8,9491,1186.4
2175,8,9179,1147.4
2176,4,4222,1055.5
2177,6,6588,1098.0
2178,5,4633,926.6
2179,5,4314,862.8
2180,4,4286,1071.5
2181,4,4278,1069.5
2182,4,4341,1085.2
2183,5,4773,954.6
2184,5,4714,942.8
2185,5,4758,951.6
2186,7,9566,1366.6
2187,5,4707,941.4
2188,5,4795,959.0
2189,5,4810,962.0
2190,5,4833,966.6
2191,5,4848,969.6
2192,5,4862,972.4
2193,5,4877,975.4
2194,6,4996,832.7
2195,5,4935,987.0
2196,5,4980,996.0
2197,5,4938,987.6
2198,6,5030,838.3
2199,6,9223,1537.2
2200,7,9356,1336.6
2201,7,9382,1340.3
2202,6,9345,1557.5
2203,6,9287,1547.8
2204,6,9297,1549.5
2205,6,9303,1550.5
2206,6,9327,1554.5
2207,6,9353,1558.8
2208,6,9313,1552.2
2209,6,9311,1551.8
2210,7,9412,1344.6
2211,7,9429,1347.0
2212,7,9446,1349.4
2213,7,9449,1349.9
2214,7,9449,1349.9
2215,6,9400,1566.7
2216,7,9422,1346.0
2217,6,8809,1468.2
2218,6,8827,1471.2
2219,8,8957,1119.6
2220,6,8836,1472.7
2221,6,9398,1566.3
2222,6,9448,1574.7
2223,7,9535,1362.1
2224,7,9533,1361.9
2225,7,9529,1361.3
2226,7,9543,1363.3
2227,7,9547,1363.9
2228,7,9556,1365.1
2229,6,9500,1583.3
2230,6,9516,1586.0
2231,6,9536,1589.3
2232,6,9546,1591.0
2233,7,9576,1368.0
2234,6,9496,1582.7
2235,6,9548,1591.3
2236,6,9547,1591.2
2237,6,9558,1593.0
2238,6,9516,1586.0
2239,6,9502,1583.7
2240,6,9517,1586.2
2241,6,9542,1590.3
2242,6,9550,1591.7
2243,5,8604,1720.8
2244,6,9556,1592.7
2245,6,9564,1594.0
2246,6,9560,1593.3
2247,6,9546,1591.0
2248,6,9545,1590.8
2249,6,9560,1593.3
2250,6,9555,1592.5
2251,6,9564,1594.0
2252,6,9569,1594.8
2253,6,9564,1594.0
2254,6,9536,1589.3
2255,6,9544,1590.7
2256,6,9550,1591.7
2257,6,9559,1593.2
2258,6,9508,1584.7
2259,6,9500,1583.3
2260,6,9473,1578.8
2261,6,9459,1576.5
2262,6,9419,1569.8
2263,6,9388,1564.7
2264,6,9151,1525.2
2265,6,9200,1533.3
2266,7,9574,1367.7
2267,7,9568,1366.9
2268,7,9548,1364.0
2269,7,9554,1364.9
2270,7,9565,1366.4
2271,7,9555,1365.0
2272,6,9318,1553.0
2273,6,9294,1549.0
2274,6,9238,1539.7
2275,6,9218,1536.3
2276,7,9557,1365.3
2277,6,9313,1552.2
2278,6,9370,1561.7
2279,6,9392,1565.3
2280,5,9203,1840.6
2281,6,9351,1558.5
2282,6,9348,1558.0
2283,6,9320,1553.3
2284,6,9497,1582.8
2285,6,9489,1581.5
2286,6,9523,1587.2
2287,6,9536,1589.3
2288,6,9540,1590.0
2289,7,9566,1366.6
2290,7,9565,1366.4
2291,6,9518,1586.3
2292,7,9564,1366.3
2293,6,9494,1582.3
2294,7,9544,1363.4
2295,7,9556,1365.1
2296,7,9555,1365.0
2297,7,9560,1365.7
2298,7,9560,1365.7
2299,6,9264,1544.0
2300,5,9236,1847.2
2301,6,9288,1548.0
2302,6,9292,1548.7
2303,6,9281,1546.8
2304,6,9300,1550.0
2305,5,9136,1827.2
2306,5,9079,1815.8
2307,3,2359,786.3
2308,3,2211,737.0
2309,7,9559,1365.6
2310,5,9004,1800.8
2311,7,9558,1365.4
2312,6,9244,1540.7
2313,3,2129,709.7
2314,5,8884,1776.8
2315,6,9175,1529.2
2316,6,9174,1529.0
2317,6,9175,1529.2
2318,4,8357,2089.2
2319,6,9160,1526.7
2320,5,8876,1775.2
2321,5,8847,1769.4
2322,3,2047,682.3
2323,5,8746,1749.2
2324,5,8754,1750.8
2325,5,8733,1746.6
2326,5,8656,1731.2
2327,4,7913,1978.2
2328,4,7933,1983.2
2329,4,8262,2065.5
2330,5,8630,1726.0
2331,2,2680,1340.0
2332,2,2653,1326.5
2333,2,2641,1320.5
2334,3,1673,557.7
2335,2,2702,1351.0
2336,4,2230,557.5
2337,3,2860,953.3
2338,4,2056,514.0
2339,2,2707,1353.5
2340,6,8894,1482.3
2341,5,8721,1744.2
2342,5,8749,1749.8
2343,6,9103,1517.2
2344,4,9498,2374.5
2345,4,9503,2375.8
2346,4,9493,2373.2
2347,4,9504,2376.0
2348,4,9549,2387.2
2349,4,9559,2389.8
2350,4,9540,2385.0
2351,4,9550,2387.5
2352,4,9532,2383.0
2353,4,9557,2389.2
2354,2,2842,1421.0
2355,2,2837,1418.5
2356,2,2855,1427.5
2357,4,9546,2386.5
2358,2,2862,1431.0
2359,4,9558,2389.5
2360,4,9557,2389.2
2361,2,2863,1431.5
2362,2,2864,1432.0
2363,4,9576,2394.0
2364,2,2864,1432.0
2365,2,2864,1432.0
2366,2,2863,1431.5
2367,2,2860,1430.0
2368,2,2862,1431.0
2369,2,2841,1420.5
2370,2,2838,1419.0
2371,2,2856,1428.0
2372,2,2819,1409.5
2373,2,2831,1415.5
2374,2,2857,1428.5
2375,2,2829,1414.5
2376,3,2844,948.0
2377,2,2759,1379.5
2378,2,2743,1371.5
2379,2,2701,1350.5
2380,3,2852,950.7
2381,2,2671,1335.5
2382,2,2675,1337.5
2383,4,9338,2334.5
2384,2,2634,1317.0
2385,2,2671,1335.5
2386,2,2669,1334.5
2387,2,2665,1332.5
2388,2,2673,1336.5
2389,2,2663,1331.5
2390,2,2645,1322.5
2391,2,2626,1313.0
2392,2,2600,1300.0
2393,3,2864,954.7
2394,3,2863,954.3
2395,3,2864,954.7
2396,3,2855,951.7
2397,3,2855,951.7
2398,3,2864,954.7
2399,3,2863,954.3
2400,3,2864,954.7
2401,2,2612,1306.0
2402,2,2603,1301.5
2403,2,2601,1300.5
2404,2,2561,1280.5
2405,3,2864,954.7
2406,2,2548,1274.0
2407,3,2864,954.7
2408,3,2864,954.7
2409,3,2864,954.7
2410,2,2643,1321.5
2411,2,2679,1339.5
2412,2,2691,1345.5
2413,2,2741,1370.5
2414,2,2748,1374.0
2415,2,2811,1405.5
2416,4,2513,628.2
2417,2,2825,1412.5
2418,4,2458,614.5
2419,4,2479,619.8
2420,4,2495,623.8
2421,4,2470,617.5
2422,4,2496,624.0
2423,2,2770,1385.0
2424,3,2862,954.0
2425,2,2732,1366.0
2426,4,2411,602.8
2427,4,2453,613.2
2428,4,2511,627.8
2429,3,2274,758.0
2430,3,2143,714.3
2431,2,1594,797.0
2432,3,2248,749.3
2433,4,2535,633.8
2434,4,2559,639.8
2435,4,2584,646.0
2436,4,2631,657.8
2437,4,2610,652.5
2438,4,2617,654.2
2439,4,2570,642.5
2440,4,2658,664.5
2441,2,2543,1271.5
2442,4,2652,663.0
2443,4,2644,661.0
2444,3,2459,819.7
2445,3,2467,822.3
2446,4,2626,656.5
2447,3,2381,793.7
2448,4,2589,647.2
2449,4,2585,646.2
2450,4,2609,652.2
2451,5,2721,544.2
2452,5,2715,543.0
2453,2,2721,1360.5
2454,2,2767,1383.5
2455,2,2810,1405.0
2456,1,2192,2192.0
2457,2,2845,1422.5
2458,2,2861,1430.5
2459,2,2855,1427.5
2460,2,2850,1425.0
2461,2,2847,1423.5
2462,2,2833,1416.5
2463,2,2829,1414.5
2464,3,2861,953.7
2465,3,2861,953.7
2466,3,2859,953.0
2467,3,2864,954.7
2468,3,2507,835.7
2469,4,2618,654.5
2470,3,2562,854.0
2471,3,2606,868.7
2472,3,2540,846.7
2473,3,2579,859.7
2474,4,2674,668.5
2475,4,2650,662.5
2476,4,2673,668.2
2477,3,2562,854.0
2478,3,2497,832.3
2479,4,2532,633.0
2480,3,2556,852.0
2481,4,2613,653.2
2482,3,2540,846.7
2483,3,2540,846.7
2484,3,2577,859.0
2485,3,2524,841.3
2486,3,2426,808.7
2487,3,2351,783.7
2488,3,2288,762.7
2489,3,2278,759.3
2490,3,2273,757.7
2491,3,2196,732.0
2492,3,2318,772.7
2493,3,2283,761.0
2494,3,2251,750.3
2495,3,2199,733.0
2496,3,2209,736.3
2497,3,2197,732.3
2498,3,2131,710.3
2499,3,2190,730.0
2500,3,2210,736.7
2501,3,2158,719.3
2502,3,2110,703.3
2503,3,2067,689.0
2504,3,2017,672.3
2505,3,2051,683.7
2506,3,2079,693.0
2507,3,2098,699.3
2508,3,2125,708.3
2509,3,2089,696.3
2510,2,1613,806.5
2511,2,1617,808.5
2512,2,1590,795.0
2513,2,1608,804.0
2514,2,1587,793.5
2515,2,1547,773.5
2516,2,1529,764.5
2517,4,2714,678.5
2518,4,2721,680.2
2519,4,2729,682.2
2520,3,2574,858.0
2521,4,2713,678.2
2522,4,2751,687.8
2523,4,2781,695.2
2524,4,2777,694.2
2525,4,2785,696.2
2526,4,2788,697.0
2527,3,2776,925.3
2528,3,2785,928.3
2529,3,2725,908.3
2530,3,2736,912.0
2531,3,2735,911.7
2532,3,2750,916.7
2533,3,2765,921.7
2534,3,2758,919.3
2535,3,2786,928.7
2536,3,2782,927.3
2537,3,2747,915.7
2538,3,2737,912.3
2539,3,2676,892.0
2540,3,2658,886.0
2541,3,2656,885.3
2542,3,2607,869.0
2543,3,2611,870.3
2544,3,2635,878.3
2545,3,2657,885.7
2546,4,2608,652.0
2547,5,2798,559.6
2548,4,2590,647.5
2549,4,2659,664.8
2550,4,2601,650.2
2551,4,2612,653.0
2552,4,2651,662.8
2553,4,2683,670.8
2554,4,2704,676.0
2555,3,2502,834.0
2556,3,2443,814.3
2557,3,2503,834.3
2558,4,2668,667.0
2559,3,2543,847.7
2560,3,2583,861.0
2561,3,2555,851.7
2562,4,2685,671.2
2563,3,2586,862.0
2564,3,2578,859.3
2565,4,2661,665.2
2566,3,2517,839.0
2567,4,2755,688.8
2568,4,2734,683.5
2569,4,2767,691.8
2570,3,2695,898.3
2571,3,2736,912.0
2572,3,2767,922.3
2573,3,2756,918.7
2574,4,2785,696.2
2575,4,2794,698.5
2576,3,2702,900.7
2577,4,2752,688.0
2578,4,2768,692.0
2579,4,2763,690.8
2580,4,2782,695.5
2581,5,2846,569.2
2582,4,2756,689.0
2583,4,2745,686.2
2584,4,2800,700.0
2585,4,2779,694.8
2586,4,2727,681.8
2587,4,2723,680.8
2588,3,2512,837.3
2589,4,2656,664.0
2590,3,2484,828.0
2591,3,2478,826.0
2592,4,2647,661.8
2593,4,2690,672.5
2594,4,2686,671.5
2595,5,2838,567.6
2596,5,2843,568.6
2597,5,2841,568.2
2598,4,2700,675.0
2599,5,2818,563.6
2600,5,2824,564.8
2601,4,2669,667.2
2602,5,2839,567.8
2603,5,2824,564.8
2604,5,2822,564.4
2605,4,2624,656.0
2606,6,2852,475.3
2607,6,2847,474.5
2608,6,2838,473.0
2609,6,2834,472.3
2610,6,2838,473.0
2611,5,2768,553.6
2612,6,2841,473.5
2613,6,2847,474.5
2614,6,2849,474.8
2615,6,2852,475.3
2616,5,2835,567.0
2617,4,2634,658.5
2618,5,2844,568.8
2619,5,2854,570.8
2620,5,2850,570.0
2621,4,2748,687.0
2622,5,2847,569.4
2623,5,2853,570.6
2624,5,2850,570.0
2625,4,2374,593.5
2626,4,2359,589.8
2627,4,2366,591.5
2628,4,2397,599.2
2629,5,2852,570.4
2630,4,2804,701.0
2631,5,2852,570.4
2632,5,2854,570.8
2633,5,2850,570.0
2634,5,2855,571.0
2635,5,2850,570.0
2636,4,2808,702.0
2637,4,2835,708.8
2638,4,2843,710.8
2639,4,2843,710.8
2640,4,2853,713.2
2641,4,2850,712.5
2642,4,2844,711.0
2643,4,2843,710.8
2644,4,2846,711.5
2645,4,2834,708.5
2646,4,2831,707.8
2647,4,2824,706.0
2648,4,2831,707.8
2649,4,2828,707.0
2650,4,2842,710.5
2651,4,2847,711.8
2652,2,2082,1041.0
2653,4,2855,713.8
2654,4,2848,712.0
2655,4,2846,711.5
2656,4,2838,709.5
2657,3,2793,931.0
2658,3,2810,936.7
2659,4,2831,707.8
2660,3,2822,940.7
2661,3,2815,938.3
2662,3,2791,930.3
2663,3,2791,930.3
2664,3,2779,926.3
2665,4,2808,702.0
2666,3,2775,925.0
2667,5,2853,570.6
2668,4,2837,709.2
2669,4,2834,708.5
2670,4,2841,710.2
2671,4,2848,712.0
2672,4,2833,708.2
2673,4,2826,706.5
2674,4,2840,710.0
2675,4,2848,712.0
2676,4,2845,711.2
2677,4,2841,710.2
2678,4,2819,704.8
2679,4,2831,707.8
2680,4,2823,705.8
2681,4,2823,705.8
2682,4,2828,707.0
2683,4,2816,704.0
2684,4,2811,702.8
2685,5,2827,565.4
2686,5,2823,564.6
2687,4,2712,678.0
2688,4,2734,683.5
2689,3,2679,893.0
2690,3,2594,864.7
2691,5,2825,565.0
2692,3,2692,897.3
2693,3,2615,871.7
2694,3,2592,864.0
2695,4,2737,684.2
2696,3,2675,891.7
2697,3,2580,860.0
2698,3,2499,833.0
2699,3,2398,799.3
2700,5,2520,504.0
2701,4,2521,630.2
2702,3,2263,754.3
2703,4,2352,588.0
2704,3,2202,734.0
2705,4,2318,579.5
2706,6,2842,473.7
2707,3,2140,713.3
2708,4,2668,667.0
2709,5,2688,537.6
2710,5,2807,561.4
2711,5,2802,560.4
2712,3,2632,877.3
2713,3,2618,872.7
2714,3,2551,850.3
2715,4,2809,702.2
2716,3,2641,880.3
2717,4,2808,702.0
2718,3,2612,870.7
2719,4,2547,636.8
2720,2,2358,1179.0
2721,3,2520,840.0
2722,3,2478,826.0
2723,2,2257,1128.5
2724,2,2148,1074.0
2725,2,2285,1142.5
2726,3,2361,787.0
2727,3,2452,817.3
2728,2,2454,1227.0
2729,2,2406,1203.0
2730,4,2616,654.0
2731,4,2659,664.8
2732,3,2590,863.3
2733,3,2554,851.3
2734,3,2536,845.3
2735,3,2500,833.3
2736,5,2731,546.2
2737,4,2736,684.0
2738,5,2761,552.2
2739,4,2723,680.8
2740,4,2689,672.2
2741,4,2620,655.0
2742,4,2673,668.2
2743,3,2595,865.0
2744,4,2689,672.2
2745,4,2685,671.2
2746,4,2701,675.2
2747,4,2612,653.0
2748,4,2635,658.8
2749,2,2420,1210.0
2750,4,2738,684.5
2751,4,2675,668.8
2752,5,2840,568.0
2753,4,2763,690.8
2754,4,2767,691.8
2755,4,2758,689.5
2756,4,2737,684.2
2757,3,2706,902.0
2758,3,2711,903.7
2759,3,2768,922.7
2760,3,2832,944.0
2761,3,2819,939.7
2762,3,2812,937.3
2763,3,2818,939.3
2764,3,2805,935.0
2765,3,2809,936.3
2766,3,2803,934.3
2767,3,2796,932.0
2768,3,2806,935.3
2769,3,2811,937.0
2770,3,2788,929.3
2771,3,2772,924.0
2772,4,2805,701.2
2773,3,2703,901.0
2774,4,2715,678.8
2775,3,2700,900.0
2776,3,2678,892.7
2777,3,2725,908.3
2778,3,2749,916.3
2779,3,2688,896.0
2780,3,2722,907.3
2781,4,2775,693.8
2782,5,2833,566.6
2783,4,2697,674.2
2784,4,2744,686.0
2785,4,2742,685.5
2786,3,2650,883.3
2787,4,2755,688.8
2788,2,2606,1303.0
2789,4,2741,685.2
2790,4,2760,690.0
2791,4,2716,679.0
2792,5,2834,566.8
2793,5,2830,566.0
2794,5,2813,562.6
2795,5,2814,562.8
2796,5,2829,565.8
2797,5,2830,566.0
2798,5,2825,565.0
2799,5,2817,563.4
2800,5,2805,561.0
2801,5,2796,559.2
2802,5,2799,559.8
2803,5,2812,562.4
2804,5,2792,558.4
2805,5,2762,552.4
2806,6,2831,471.8
2807,6,2832,472.0
2808,5,2752,550.4
2809,6,2837,472.8
2810,5,2685,537.0
2811,5,2682,536.4
2812,4,2579,644.8
2813,4,2626,656.5
2814,5,2673,534.6
2815,5,2664,532.8
2816,5,2653,530.6
2817,5,2669,533.8
2818,5,2662,532.4
2819,5,2694,538.8
2820,5,2691,538.2
2821,4,2635,658.8
2822,5,2732,546.4
2823,5,2781,556.2
2824,4,2668,667.0
2825,4,2670,667.5
2826,6,2846,474.3
2827,5,2746,549.2
2828,5,2729,545.8
2829,3,2531,843.7
2830,5,2710,542.0
2831,3,2541,847.0
2832,2,2499,1249.5
2833,2,2505,1252.5
2834,3,2598,866.0
2835,2,2514,1257.0
2836,2,2541,1270.5
2837,4,2676,669.0
2838,3,2587,862.3
2839,4,2724,681.0
2840,3,2602,867.3
2841,3,2584,861.3
2842,3,2610,870.0
2843,3,2609,869.7
2844,3,2622,874.0
2845,4,2762,690.5
2846,4,2746,686.5
2847,4,2744,686.0
2848,4,2737,684.2
2849,5,2841,568.2
2850,4,2717,679.2
2851,3,2698,899.3
2852,4,2697,674.2
2853,4,2803,700.8
2854,3,2600,866.7
2855,3,2685,895.0
2856,3,2674,891.3
2857,3,2653,884.3
2858,3,2619,873.0
2859,3,2600,866.7
2860,3,2560,853.3
2861,4,2670,667.5
2862,5,2680,536.0
2863,5,2825,565.0
2864,4,2746,686.5
2865,3,2566,855.3
2866,3,2570,856.7
2867,3,2590,863.3
2868,3,2570,856.7
2869,3,2527,842.3
2870,2,2336,1168.0
2871,3,2570,856.7
2872,4,2629,657.2
2873,3,2605,868.3
2874,3,2577,859.0
2875,2,2365,1182.5
2876,3,2673,891.0
2877,3,2623,874.3
2878,2,2502,1251.0
2879,2,2471,1235.5
2880,2,2527,1263.5
2881,2,2493,1246.5
2882,3,2646,882.0
2883,3,2663,887.7
2884,3,2636,878.7
2885,3,2591,863.7
2886,3,2571,857.0
2887,3,2562,854.0
2888,4,2848,712.0
2889,2,2361,1180.5
2890,2,2355,1177.5
2891,2,2441,1220.5
2892,3,2701,900.3
2893,2,2392,1196.0
2894,3,2644,881.3
2895,3,2637,879.0
2896,2,2360,1180.0
2897,1,1928,1928.0
2898,2,2406,1203.0
2899,2,2450,1225.0
2900,1,1985,1985.0
2901,1,1974,1974.0
2902,2,2428,1214.0
2903,2,2404,1202.0
2904,2,2184,1092.0
2905,2,2184,1092.0
2906,2,2184,1092.0
2907,3,2382,794.0
2908,2,2174,1087.0
2909,2,2172,1086.0
2910,1,1898,1898.0
2911,2,2354,1177.0
2912,2,2343,1171.5
2913,3,2436,812.0
2914,2,2286,1143.0
2915,1,1813,1813.0
2916,1,1868,1868.0
2917,1,1870,1870.0
2918,2,2172,1086.0
2919,2,2176,1088.0
2920,1,1851,1851.0
2921,2,2176,1088.0
2922,2,2176,1088.0
2923,2,2176,1088.0
2924,2,2176,1088.0
2925,3,2599,866.3
2926,3,2619,873.0
2927,3,2601,867.0
2928,2,2176,1088.0
2929,2,2175,1087.5
2930,2,2172,1086.0
2931,3,2529,843.0
2932,3,2553,851.0
2933,3,2589,863.0
2934,3,2588,862.7
2935,3,2596,865.3
2936,3,2640,880.0
2937,3,2661,887.0
2938,3,2653,884.3
2939,3,2711,903.7
2940,3,2748,916.0
2941,3,2706,902.0
2942,3,2682,894.0
2943,3,2665,888.3
2944,3,2627,875.7
2945,3,2637,879.0
2946,3,2641,880.3
2947,3,2604,868.0
2948,3,2603,867.7
2949,4,2840,710.0
2950,4,2840,710.0
2951,4,2837,709.2
2952,4,2838,709.5
2953,4,2839,709.8
2954,3,2736,912.0
2955,3,2738,912.7
2956,3,2742,914.0
2957,3,2748,916.0
2958,3,2711,903.7
2959,3,2695,898.3
2960,3,2665,888.3
2961,4,2838,709.5
2962,2,2379,1189.5
2963,4,2839,709.8
2964,4,2838,709.5
2965,4,2840,710.0
2966,4,2840,710.0
2967,4,2839,709.8
2968,4,2837,709.2
2969,4,2840,710.0
2970,4,2832,708.0
2971,4,2832,708.0
2972,4,2840,710.0
2973,4,2840,710.0
2974,4,2839,709.8
2975,4,2840,710.0
2976,3,2524,841.3
2977,3,2503,834.3
2978,4,2837,709.2
2979,3,2495,831.7
2980,3,2492,830.7
2981,2,2016,1008.0
2982,4,2839,709.8
2983,4,2840,710.0
2984,4,2840,710.0
2985,4,2840,710.0
2986,4,2840,710.0
2987,4,2840,710.0
2988,4,2840,710.0
2989,4,2839,709.8
2990,4,2840,710.0
2991,3,2655,885.0
2992,3,2693,897.7
2993,4,2840,710.0
2994,3,2668,889.3
2995,3,2691,897.0
2996,3,2713,904.3
2997,3,2670,890.0
2998,3,2665,888.3
2999,3,2659,886.3
3000,3,2653,884.3
3001,3,2673,891.0
3002,3,2644,881.3
3003,3,2705,901.7
3004,4,2837,709.2
3005,4,2837,709.2
3006,3,2758,919.3
3007,3,2762,920.7
3008,3,2749,916.3
3009,2,2644,1322.0
3010,2,2664,1332.0
3011,3,2762,920.7
3012,2,2742,1371.0
3013,2,2711,1355.5
3014,2,2736,1368.0
3015,3,2798,932.7
3016,3,2786,928.7
3017,2,2743,1371.5
3018,3,2803,934.3
3019,3,2803,934.3
3020,2,2748,1374.0
3021,3,2781,927.0
3022,2,2787,1393.5
3023,2,2748,1374.0
3024,2,2800,1400.0
3025,2,2792,1396.0
3026,2,2802,1401.0
3027,3,2812,937.3
3028,5,9531,1906.2
3029,3,9443,3147.7
3030,3,2814,938.0
3031,4,9534,2383.5
3032,4,9525,2381.2
3033,4,9524,2381.0
3034,4,9534,2383.5
3035,4,9523,2380.8
3036,4,9510,2377.5
3037,5,9531,1906.2
3038,5,9535,1907.0
3039,4,9498,2374.5
3040,5,9533,1906.6
3041,3,9395,3131.7
3042,4,9492,2373.0
3043,4,9494,2373.5
3044,4,9531,2382.8
3045,4,9536,2384.0
3046,4,9536,2384.0
3047,4,9536,2384.0
3048,4,9536,2384.0
3049,4,9541,2385.2
3050,4,9542,2385.5
3051,4,9544,2386.0
3052,4,9544,2386.0
3053,4,9544,2386.0
3054,4,9544,2386.0
3055,4,9543,2385.8
3056,4,9544,2386.0
3057,4,9544,2386.0
3058,4,9542,2385.5
3059,4,9544,2386.0
3060,3,2839,946.3
3061,3,2839,946.3
3062,3,2840,946.7
3063,3,2840,946.7
3064,3,2838,946.0
3065,3,2840,946.7
3066,3,2832,944.0
3067,3,2832,944.0
3068,3,2831,943.7
3069,3,2832,944.0
3070,3,2831,943.7
3071,3,2832,944.0
3072,3,2831,943.7
3073,3,2827,942.3
3074,3,2824,941.3
3075,3,2832,944.0
3076,3,2832,944.0
3077,3,2829,943.0
3078,3,2832,944.0
3079,3,2830,943.3
3080,3,2824,941.3
3081,3,2829,943.0
3082,3,2828,942.7
3083,3,2831,943.7
3084,3,2831,943.7
3085,3,2829,943.0
3086,3,2830,943.3
3087,3,2825,941.7
3088,3,2818,939.3
3089,3,2827,942.3
3090,3,2817,939.0
3091,3,2809,936.3
3092,3,2811,937.0
3093,3,2825,941.7
3094,3,2827,942.3
3095,4,9527,2381.8
3096,3,2830,943.3
3097,3,2828,942.7
3098,3,2829,943.0
3099,3,2827,942.3
3100,3,2832,944.0
3101,3,2832,944.0
3102,3,2832,944.0
3103,3,2832,944.0
3104,3,2832,944.0
3105,3,2832,944.0
3106,3,2831,943.7
3107,3,2829,943.0
3108,3,2832,944.0
3109,3,2831,943.7
3110,3,2832,944.0
3111,3,2832,944.0
3112,3,2832,944.0
3113,3,2832,944.0
3114,3,2831,943.7
3115,3,2832,944.0
3116,3,2831,943.7
3117,3,2831,943.7
3118,3,2832,944.0
3119,4,9528,2382.0
3120,3,2832,944.0
3121,3,2832,944.0
3122,3,2831,943.7
3123,3,2831,943.7
3124,3,2832,944.0
3125,4,9527,2381.8
3126,3,2831,943.7
3127,3,2832,944.0
3128,3,2832,944.0
3129,4,9528,2382.0
3130,3,2832,944.0
3131,3,2832,944.0
3132,3,2830,943.3
3133,3,2830,943.3
3134,3,2831,943.7
3135,3,2825,941.7
3136,3,2829,943.0
3137,3,2817,939.0
3138,3,2818,939.3
3139,3,2818,939.3
3140,4,9510,2377.5
3141,3,2819,939.7
3142,3,2816,938.7
3143,3,2823,941.0
3144,3,2824,941.3
3145,3,2823,941.0
3146,3,2820,940.0
3147,3,2824,941.3
3148,3,2824,941.3
3149,3,2823,941.0
3150,3,2822,940.7
3151,3,2816,938.7
3152,3,2803,934.3
3153,3,2803,934.3
3154,3,2800,933.3
3155,3,2805,935.0
3156,3,2805,935.0
3157,3,2800,933.3
3158,3,2800,933.3
3159,3,2777,925.7
3160,3,2793,931.0
3161,3,2812,937.3
3162,3,2806,935.3
3163,3,2785,928.3
3164,3,2808,936.0
3165,3,2788,929.3
3166,3,2812,937.3
3167,3,2798,932.7
3168,4,2821,705.2
3169,3,2730,910.0
3170,3,2739,913.0
3171,3,2714,904.7
3172,3,2683,894.3
3173,4,2816,704.0
3174,5,9507,1901.4
3175,4,2813,703.2
3176,3,2625,875.0
3177,4,2800,700.0
3178,3,2659,886.3
3179,3,2634,878.0
3180,3,2713,904.3
3181,3,2723,907.7
3182,3,2701,900.3
3183,4,9342,2335.5
3184,4,9377,2344.2
3185,4,9397,2349.2
3186,4,9409,2352.2
3187,4,9379,2344.8
3188,5,9522,1904.4
3189,5,9515,1903.0
3190,4,2808,702.0
3191,4,2791,697.8
3192,4,2793,698.2
3193,4,2798,699.5
3194,4,2798,699.5
3195,5,2816,563.2
3196,5,2810,562.0
3197,3,2599,866.3
3198,3,2547,849.0
3199,4,2746,686.5
3200,3,2570,856.7
3201,4,2765,691.2
3202,4,2771,692.8
3203,4,2779,694.8
3204,4,2777,694.2
3205,4,2787,696.8
3206,4,2792,698.0
3207,4,2780,695.0
3208,4,2759,689.8
3209,5,2804,560.8
3210,4,2749,687.2
3211,4,2640,660.0
3212,4,2628,657.0
3213,4,2633,658.2
3214,4,2639,659.8
3215,4,2691,672.8
3216,3,2116,705.3
3217,3,2117,705.7
3218,3,2107,702.3
3219,3,2650,883.3
3220,4,2705,676.2
3221,4,2719,679.8
3222,4,2679,669.8
3223,3,2617,872.3
3224,4,2276,569.0
3225,5,2823,564.6
3226,4,2741,685.2
3227,4,2757,689.2
3228,2,2115,1057.5
3229,4,2758,689.5
3230,4,2800,700.0
3231,4,2800,700.0
3232,3,2704,901.3
3233,3,2639,879.7
3234,4,2822,705.5
3235,3,2656,885.3
3236,3,2657,885.7
3237,2,2606,1303.0
3238,1,2083,2083.0
3239,2,2146,1073.0
3240,4,2810,702.5
3241,3,2622,874.0
3242,4,2806,701.5
3243,4,2815,703.8
3244,3,2410,803.3
3245,3,2415,805.0
3246,3,2815,938.3
3247,3,2798,932.7
3248,2,2450,1225.0
3249,3,2800,933.3
3250,3,2782,927.3
3251,3,2787,929.0
3252,4,2819,704.8
3253,4,2822,705.5
3254,3,2778,926.0
3255,3,2776,925.3
3256,4,2815,703.8
3257,3,2776,925.3
3258,3,2797,932.3
3259,3,2773,924.3
3260,3,2763,921.0
3261,3,2766,922.0
3262,3,2752,917.3
3263,3,2773,924.3
3264,3,2805,935.0
3265,3,2802,934.0
3266,3,2794,931.3
3267,2,2670,1335.0
3268,3,2804,934.7
3269,3,2797,932.3
3270,3,2792,930.7
3271,3,2806,935.3
3272,3,2785,928.3
3273,3,2772,924.0
3274,4,2809,702.2
3275,4,2803,700.8
3276,3,2723,907.7
3277,3,2721,907.0
3278,4,2795,698.8
3279,3,2758,919.3
3280,2,2496,1248.0
3281,2,2562,1281.0
3282,2,2534,1267.0
3283,3,2790,930.0
3284,3,2805,935.0
3285,3,2803,934.3
3286,3,2803,934.3
3287,3,2804,934.7
3288,3,2795,931.7
3289,3,2799,933.0
3290,3,2792,930.7
3291,3,2770,923.3
3292,3,2776,925.3
3293,4,2798,699.5
3294,4,2792,698.0
3295,4,2792,698.0
3296,3,2717,905.7
3297,3,2662,887.3
3298,2,2376,1188.0
3299,3,2660,886.7
3300,3,2711,903.7
3301,2,2389,1194.5
3302,3,2476,825.3
3303,2,2410,1205.0
3304,2,2410,1205.0
3305,3,2517,839.0
3306,2,2475,1237.5
3307,3,2552,850.7
3308,2,2494,1247.0
3309,2,2541,1270.5
3310,3,2578,859.3
3311,2,2511,1255.5
3312,2,2529,1264.5
3313,2,2473,1236.5
3314,2,2538,1269.0
3315,2,2550,1275.0
3316,3,2618,872.7
3317,2,2576,1288.0
3318,3,2634,878.0
3319,3,2647,882.3
3320,2,2530,1265.0
3321,2,2517,1258.5
3322,2,2503,1251.5
3323,2,2452,1226.0
3324,2,2426,1213.0
3325,2,2390,1195.0
3326,2,2333,1166.5
3327,4,2816,704.0
3328,3,2703,901.0
3329,2,2442,1221.0
3330,3,2588,862.7
3331,4,2815,703.8
3332,3,2707,902.3
3333,4,2812,703.0
3334,3,2536,845.3
3335,4,2815,703.8
3336,3,2752,917.3
3337,3,2737,912.3
3338,3,2756,918.7
3339,3,2789,929.7
3340,2,2483,1241.5
3341,2,2473,1236.5
3342,2,2563,1281.5
3343,2,2618,1309.0
3344,2,2679,1339.5
3345,2,2636,1318.0
3346,2,2670,1335.0
3347,2,2703,1351.5
3348,2,2706,1353.0
3349,2,2695,1347.5
3350,2,2706,1353.0
3351,1,2166,2166.0
3352,2,2743,1371.5
3353,2,2791,1395.5
3354,2,2729,1364.5
3355,2,2761,1380.5
3356,2,2743,1371.5
3357,1,2173,2173.0
3358,1,2175,2175.0
3359,1,2176,2176.0
3360,1,2176,2176.0
3361,1,2176,2176.0
3362,1,2176,2176.0
3363,1,2175,2175.0
3364,1,2175,2175.0
3365,1,2176,2176.0
3366,1,2175,2175.0
3367,1,2172,2172.0
3368,1,2176,2176.0
3369,3,2652,884.0
3370,1,2162,2162.0
3371,2,2704,1352.0
3372,2,2714,1357.0
3373,1,2176,2176.0
3374,1,2169,2169.0
3375,1,2143,2143.0
3376,1,2159,2159.0
3377,1,2174,2174.0
3378,1,2176,2176.0
3379,1,2168,2168.0
3380,2,2174,1087.0
3381,1,2143,2143.0
3382,1,2154,2154.0
3383,1,2165,2165.0
3384,1,2166,2166.0
3385,2,2644,1322.0
3386,2,2666,1333.0
3387,2,2609,1304.5
3388,2,2662,1331.0
3389,2,2660,1330.0
3390,2,2627,1313.5
3391,2,2619,1309.5
3392,2,2556,1278.0
3393,2,2509,1254.5
3394,2,2565,1282.5
3395,2,2646,1323.0
3396,2,2641,1320.5
3397,2,2556,1278.0
3398,2,2609,1304.5
3399,2,2623,1311.5
3400,2,2603,1301.5
3401,2,2524,1262.0
3402,2,2570,1285.0
3403,2,2504,1252.0
3404,2,2490,1245.0
3405,2,2544,1272.0
3406,2,2506,1253.0
3407,2,2578,1289.0
3408,2,2620,1310.0
3409,2,2653,1326.5
3410,2,2619,1309.5
3411,2,2697,1348.5
3412,2,2740,1370.0
3413,2,2697,1348.5
3414,2,2656,1328.0
3415,2,2625,1312.5
3416,3,9355,3118.3
3417,2,2675,1337.5
3418,2,2592,1296.0
3419,3,2793,931.0
3420,2,2632,1316.0
3421,3,2807,935.7
3422,4,9514,2378.5
3423,4,9510,2377.5
3424,3,9321,3107.0
3425,5,9530,1906.0
3426,3,9321,3107.0
3427,3,2614,871.3
3428,4,2800,700.0
3429,3,2556,852.0
3430,2,2533,1266.5
3431,2,2516,1258.0
3432,3,2556,852.0
3433,2,2561,1280.5
3434,2,2553,1276.5
3435,3,2780,926.7
3436,3,2748,916.0
3437,3,2765,921.7
3438,2,2527,1263.5
3439,1,2139,2139.0
3440,1,2139,2139.0
3441,2,2168,1084.0
3442,3,2728,909.3
3443,3,2544,848.0
3444,2,2556,1278.0
3445,2,2568,1284.0
3446,2,2582,1291.0
3447,3,2576,858.7
3448,2,2545,1272.5
3449,3,2628,876.0
3450,2,2504,1252.0
3451,3,2603,867.7
3452,2,2566,1283.0
3453,2,2554,1277.0
3454,3,2594,864.7
3455,2,2572,1286.0
3456,2,2590,1295.0
3457,3,2634,878.0
3458,3,9282,3094.0
3459,3,9331,3110.3
3460,3,2691,897.0
3461,3,2687,895.7
3462,2,2589,1294.5
3463,2,2573,1286.5
3464,2,2602,1301.0
3465,2,2607,1303.5
3466,4,9413,2353.2
3467,2,2638,1319.0
3468,2,2634,1317.0
3469,2,2653,1326.5
3470,2,2665,1332.5
3471,2,2636,1318.0
3472,2,2652,1326.0
3473,3,9321,3107.0
3474,3,9350,3116.7
3475,2,2563,1281.5
3476,3,2610,870.0
3477,2,2619,1309.5
3478,2,2614,1307.0
3479,3,9328,3109.3
3480,4,9332,2333.0
3481,3,9311,3103.7
3482,4,9360,2340.0
3483,3,2601,867.0
3484,3,2655,885.0
3485,3,2711,903.7
3486,2,2683,1341.5
3487,2,2692,1346.0
3488,3,2737,912.3
3489,2,2665,1332.5
3490,2,2686,1343.0
3491,2,2697,1348.5
3492,2,2725,1362.5
3493,3,2735,911.7
3494,3,2746,915.3
3495,2,2753,1376.5
3496,4,2793,698.2
3497,3,2738,912.7
3498,3,2793,931.0
3499,4,2803,700.8
3500,4,2807,701.8
3501,3,2785,928.3
3502,2,2737,1368.5
3503,1,2168,2168.0
3504,1,2168,2168.0
3505,2,2731,1365.5
3506,3,2773,924.3
3507,3,2747,915.7
3508,3,2755,918.3
3509,3,2778,926.0
3510,2,2767,1383.5
3511,3,9488,3162.7
3512,2,2758,1379.0
3513,2,2769,1384.5
3514,2,2776,1388.0
3515,2,2794,1397.0
3516,2,2801,1400.5
3517,2,2805,1402.5
3518,2,2808,1404.0
3519,2,2807,1403.5
3520,2,2804,1402.0
3521,2,2803,1401.5
3522,2,2801,1400.5
3523,2,2803,1401.5
3524,2,2807,1403.5
3525,2,2807,1403.5
3526,2,2808,1404.0
3527,2,2808,1404.0
3528,2,2803,1401.5
3529,2,2782,1391.0
3530,2,2784,1392.0
3531,2,2792,1396.0
3532,2,2796,1398.0
3533,2,2792,1396.0
3534,2,2771,1385.5
3535,2,2774,1387.0
3536,2,2767,1383.5
3537,3,2796,932.0
3538,2,2754,1377.0
3539,2,2724,1362.0
3540,2,2723,1361.5
3541,2,2680,1340.0
3542,2,2707,1353.5
3543,2,2718,1359.0
3544,2,2713,1356.5
3545,2,2689,1344.5
3546,2,2704,1352.0
3547,2,2724,1362.0
3548,2,2735,1367.5
3549,2,2705,1352.5
3550,2,2758,1379.0
3551,2,2746,1373.0
3552,2,2721,1360.5
3553,2,2632,1316.0
3554,2,2595,1297.5
3555,2,2548,1274.0
3556,2,2168,1084.0
3557,1,2095,2095.0
3558,1,2114,2114.0
3559,1,2129,2129.0
3560,2,2542,1271.0
3561,1,2122,2122.0
3562,2,2577,1288.5
3563,2,2517,1258.5
3564,2,2533,1266.5
3565,2,2522,1261.0
3566,2,2563,1281.5
3567,2,2166,1083.0
3568,2,2518,1259.0
3569,2,2508,1254.0
3570,2,2532,1266.0
3571,2,2586,1293.0
3572,2,2598,1299.0
3573,2,2559,1279.5
3574,2,2483,1241.5
3575,2,2565,1282.5
3576,2,2603,1301.5
3577,3,2607,869.0
3578,3,2569,856.3
3579,2,2570,1285.0
3580,2,2570,1285.0
3581,2,2579,1289.5
3582,2,2557,1278.5
3583,2,2573,1286.5
3584,2,2587,1293.5
3585,2,2556,1278.0
3586,2,2537,1268.5
3587,2,2541,1270.5
3588,2,2515,1257.5
3589,3,2541,847.0
3590,3,9187,3062.3
3591,3,2539,846.3
3592,3,2533,844.3
3593,3,2520,840.0
3594,3,2544,848.0
3595,3,2560,853.3
3596,3,2573,857.7
3597,3,2540,846.7
3598,3,2589,863.0
3599,2,2488,1244.0
3600,3,2565,855.0
3601,2,2158,1079.0
3602,2,2159,1079.5
3603,2,2158,1079.0
3604,1,2061,2061.0
3605,2,2151,1075.5
3606,2,2427,1213.5
3607,2,2450,1225.0
3608,3,2527,842.3
3609,2,2402,1201.0
3610,2,2474,1237.0
3611,3,2584,861.3
3612,2,2499,1249.5
3613,2,2566,1283.0
3614,2,2516,1258.0
3615,3,2586,862.0
3616,3,2579,859.7
3617,3,2564,854.7
3618,2,2168,1084.0
3619,2,2168,1084.0
3620,1,2110,2110.0
3621,2,2168,1084.0
3622,3,2550,850.0
3623,1,2076,2076.0
3624,2,2166,1083.0
3625,2,2528,1264.0
3626,3,2727,909.0
3627,2,2549,1274.5
3628,3,2651,883.7
3629,3,2691,897.0
3630,3,2636,878.7
3631,2,2168,1084.0
3632,3,2679,893.0
3633,3,2696,898.7
3634,4,2806,701.5
3635,4,2798,699.5
3636,3,2719,906.3
3637,3,2688,896.0
3638,4,2805,701.2
3639,4,2789,697.2
3640,3,2677,892.3
3641,3,2617,872.3
3642,3,2647,882.3
3643,3,2622,874.0
3644,3,2588,862.7
3645,3,2586,862.0
3646,3,2578,859.3
3647,3,2598,866.0
3648,3,2660,886.7
3649,3,2651,883.7
3650,4,2783,695.8
3651,3,2755,918.3
3652,4,2808,702.0
3653,3,2780,926.7
3654,3,2786,928.7
3655,3,2789,929.7
3656,3,2769,923.0
3657,3,2777,925.7
3658,3,2770,923.3
3659,3,2746,915.3
3660,4,2814,703.5
3661,5,9534,1906.8
3662,3,2764,921.3
3663,4,2815,703.8
3664,4,2815,703.8
3665,4,9434,2358.5
3666,4,9423,2355.8
3667,3,2678,892.7
3668,4,2816,704.0
3669,5,9543,1908.6
3670,4,9372,2343.0
3671,4,9443,2360.8
3672,4,9463,2365.8
3673,4,9515,2378.8
3674,4,9503,2375.8
3675,4,9485,2371.2
3676,4,9488,2372.0
3677,4,2813,703.2
3678,3,2750,916.7
3679,3,2777,925.7
3680,3,2783,927.7
3681,3,2756,918.7
3682,4,2815,703.8
3683,4,2815,703.8
3684,3,2704,901.3
3685,3,2695,898.3
3686,3,2731,910.3
3687,3,2686,895.3
3688,3,2708,902.7
3689,3,2745,915.0
3690,4,2811,702.8
3691,3,2756,918.7
3692,3,2772,924.0
3693,3,2792,930.7
3694,4,2813,703.2
3695,3,2789,929.7
3696,4,2812,703.0
3697,4,2810,702.5
3698,4,2816,704.0
3699,4,2816,704.0
3700,3,2785,928.3
3701,4,2815,703.8
3702,4,2816,704.0
3703,4,2816,704.0
3704,4,2816,704.0
3705,4,2816,704.0
3706,4,2816,704.0
3707,4,9505,2376.2
3708,4,9488,2372.0
3709,3,2776,925.3
3710,4,9489,2372.2
3711,3,2763,921.0
3712,4,9421,2355.2
3713,4,9406,2351.5
3714,3,2688,896.0
3715,4,2816,704.0
3716,5,9520,1904.0
3717,4,9349,2337.2
3718,4,9352,2338.0
3719,5,9516,1903.2
3720,5,9520,1904.0
3721,5,9520,1904.0
3722,5,9517,1903.4
3723,5,9519,1903.8
3724,5,9520,1904.0
3725,4,9286,2321.5
3726,4,9307,2326.8
3727,4,9294,2323.5
3728,4,9274,2318.5
3729,4,9291,2322.8
3730,5,9520,1904.0
3731,4,9292,2323.0
3732,5,9520,1904.0
3733,5,9518,1903.6
3734,5,9520,1904.0
3735,5,9520,1904.0
3736,5,9515,1903.0
3737,5,9519,1903.8
3738,3,9216,3072.0
3739,4,9353,2338.2
3740,4,9363,2340.8
3741,4,9332,2333.0
3742,4,9490,2372.5
3743,3,9341,3113.7
3744,3,9336,3112.0
3745,3,9304,3101.3
3746,5,9520,1904.0
3747,4,2815,703.8
3748,3,2787,929.0
3749,4,9492,2373.0
3750,3,2785,928.3
3751,3,2751,917.0
3752,3,2791,930.3
3753,3,9279,3093.0
3754,4,9418,2354.5
3755,3,9345,3115.0
3756,5,9513,1902.6
3757,3,2770,923.3
3758,2,2663,1331.5
3759,3,9381,3127.0
3760,3,2735,911.7
3761,3,2747,915.7
3762,3,2792,930.7
3763,3,2772,924.0
3764,3,2766,922.0
3765,4,2816,704.0
3766,5,9520,1904.0
3767,5,9519,1903.8
3768,5,9520,1904.0
3769,4,9365,2341.2
3770,4,9335,2333.8
3771,5,9519,1903.8
3772,4,9426,2356.5
3773,4,9428,2357.0
3774,4,9474,2368.5
3775,4,9449,2362.2
3776,4,9489,2372.2
3777,4,9479,2369.8
3778,5,9520,1904.0
3779,4,9455,2363.8
3780,5,9519,1903.8
3781,4,9500,2375.0
3782,3,9254,3084.7
3783,4,9517,2379.2
3784,4,9513,2378.2
3785,4,9514,2378.5
3786,5,9528,1905.6
3787,5,9527,1905.4
3788,5,9520,1904.0
3789,5,9526,1905.2
3790,3,9063,3021.0
3791,2,8803,4401.5
3792,4,9430,2357.5
3793,5,9520,1904.0
3794,4,9376,2344.0
3795,4,9338,2334.5
3796,4,9367,2341.8
3797,4,9388,2347.0
3798,4,9360,2340.0
3799,5,9520,1904.0
3800,5,9512,1902.4
3801,4,2805,701.2
3802,4,2800,700.0
3803,3,2591,863.7
3804,4,2799,699.8
3805,4,2800,700.0
3806,4,2800,700.0
3807,3,2542,847.3
3808,4,2800,700.0
3809,4,2799,699.8
3810,3,2665,888.3
3811,3,2800,933.3
3812,3,2792,930.7
3813,3,2792,930.7
3814,4,2792,698.0
3815,3,2737,912.3
3816,3,2710,903.3
3817,4,2786,696.5
3818,3,2746,915.3
3819,3,2727,909.0
3820,2,2455,1227.5
3821,2,2436,1218.0
3822,3,2756,918.7
3823,3,2766,922.0
3824,3,2735,911.7
3825,3,2742,914.0
3826,3,2744,914.7
3827,4,2798,699.5
3828,4,2798,699.5
3829,3,2457,819.0
3830,3,2736,912.0
3831,4,2790,697.5
3832,4,2791,697.8
3833,3,2692,897.3
3834,4,2800,700.0
3835,3,2679,893.0
3836,4,2798,699.5
3837,4,2797,699.2
3838,3,2687,895.7
3839,3,2591,863.7
3840,3,2621,873.7
3841,3,2660,886.7
3842,3,2700,900.0
3843,4,2799,699.8
3844,4,2808,702.0
3845,3,2729,909.7
3846,2,2568,1284.0
3847,3,2722,907.3
3848,2,2509,1254.5
3849,2,2471,1235.5
3850,2,2437,1218.5
3851,2,2603,1301.5
3852,1,2168,2168.0
3853,2,2432,1216.0
3854,1,2168,2168.0
3855,3,2649,883.0
3856,1,2168,2168.0
3857,2,2600,1300.0
3858,3,2816,938.7
3859,3,2816,938.7
3860,4,2816,704.0
3861,3,2674,891.3
3862,4,2814,703.5
3863,4,2816,704.0
3864,3,2696,898.7
3865,3,2728,909.3
3866,2,2659,1329.5
3867,2,2627,1313.5
3868,3,2816,938.7
3869,2,2590,1295.0
3870,2,9318,4659.0
3871,2,2609,1304.5
3872,3,2672,890.7
3873,3,2720,906.7
3874,2,2523,1261.5
3875,2,2641,1320.5
3876,2,2593,1296.5
3877,2,2573,1286.5
3878,2,2578,1289.0
3879,3,2643,881.0
3880,2,2508,1254.0
3881,4,9389,2347.2
3882,3,9249,3083.0
3883,4,9338,2334.5
3884,4,2808,702.0
3885,3,2651,883.7
3886,4,2808,702.0
3887,3,2641,880.3
3888,4,2816,704.0
3889,3,2692,897.3
3890,4,2816,704.0
3891,4,2815,703.8
3892,3,2651,883.7
3893,4,2814,703.5
3894,3,2691,897.0
3895,3,2649,883.0
3896,3,2609,869.7
3897,4,2815,703.8
3898,4,2815,703.8
3899,2,2583,1291.5
3900,2,2584,1292.0
3901,4,2815,703.8
3902,3,2668,889.3
3903,3,2682,894.0
3904,2,2580,1290.0
3905,2,2581,1290.5
3906,2,2569,1284.5
3907,2,2567,1283.5
3908,4,2816,704.0
3909,3,2647,882.3
3910,2,2523,1261.5
3911,2,2609,1304.5
3912,2,2607,1303.5
3913,3,2774,924.7
3914,2,2606,1303.0
3915,2,2631,1315.5
3916,2,2686,1343.0
3917,2,2565,1282.5
3918,3,2800,933.3
3919,3,2801,933.7
3920,2,2557,1278.5
3921,3,2816,938.7
3922,2,2594,1297.0
3923,2,2612,1306.0
3924,3,2814,938.0
3925,2,2669,1334.5
3926,2,2626,1313.0
3927,2,2607,1303.5
3928,3,2812,937.3
3929,2,2645,1322.5
3930,3,2816,938.7
3931,2,2616,1308.0
3932,2,2627,1313.5
3933,2,2529,1264.5
3934,2,2652,1326.0
3935,2,2639,1319.5
3936,2,2654,1327.0
3937,2,2641,1320.5
3938,3,2815,938.3
3939,2,2680,1340.0
3940,3,2816,938.7
3941,3,2816,938.7
3942,3,2816,938.7
3943,3,2815,938.3
3944,3,2816,938.7
3945,3,2816,938.7
3946,3,2813,937.7
3947,2,2627,1313.5
3948,3,2816,938.7
3949,2,2471,1235.5
3950,3,2816,938.7
3951,3,2815,938.3
3952,3,2815,938.3
3953,2,2168,1084.0
3954,2,2168,1084.0
3955,3,2816,938.7
3956,3,2816,938.7
3957,4,9528,2382.0
3958,2,2168,1084.0
3959,2,2168,1084.0
3960,2,2168,1084.0
3961,2,2168,1084.0
3962,1,1811,1811.0
3963,2,2168,1084.0
3964,2,2168,1084.0
3965,2,2168,1084.0
3966,2,2168,1084.0
3967,2,2167,1083.5
3968,2,2168,1084.0
3969,2,2168,1084.0
3970,2,2168,1084.0
3971,2,2168,1084.0
3972,2,2168,1084.0
3973,2,2167,1083.5
3974,2,2168,1084.0
3975,2,2168,1084.0
3976,2,2168,1084.0
3977,2,2168,1084.0
3978,4,9528,2382.0
3979,2,2167,1083.5
3980,2,2168,1084.0
3981,2,2167,1083.5
3982,2,2168,1084.0
3983,2,2168,1084.0
3984,2,2168,1084.0
3985,2,2167,1083.5
3986,2,2168,1084.0
3987,2,2168,1084.0
3988,2,2168,1084.0
3989,2,2168,1084.0
3990,2,2168,1084.0
3991,2,2168,1084.0
3992,2,2168,1084.0
3993,2,2168,1084.0
3994,2,2168,1084.0
3995,2,2168,1084.0
3996,2,2168,1084.0
3997,2,2168,1084.0
3998,2,2168,1084.0
3999,2,2168,1084.0
4000,2,2168,1084.0
4001,2,2168,1084.0
4002,2,2168,1084.0
4003,2,2168,1084.0
4004,2,2168,1084.0
4005,2,2168,1084.0
4006,2,2168,1084.0
4007,2,2168,1084.0
4008,2,2168,1084.0
4009,2,2168,1084.0
4010,2,2168,1084.0
4011,2,2168,1084.0
4012,2,2167,1083.5
4013,2,2168,1084.0
4014,2,2168,1084.0
4015,2,2168,1084.0
4016,2,2168,1084.0
4017,2,2166,1083.0
4018,2,2168,1084.0
4019,2,2168,1084.0
4020,2,2168,1084.0
4021,2,2168,1084.0
4022,2,2168,1084.0
4023,2,2168,1084.0
4024,2,2168,1084.0
4025,2,2168,1084.0
4026,2,2168,1084.0
4027,2,2168,1084.0
4028,2,2168,1084.0
4029,2,2164,1082.0
4030,2,2167,1083.5
4031,2,2168,1084.0
4032,2,2168,1084.0
4033,2,2166,1083.0
4034,2,2168,1084.0
4035,2,2168,1084.0
4036,2,2168,1084.0
4037,2,2168,1084.0
4038,2,2168,1084.0
4039,2,2168,1084.0
4040,2,2168,1084.0
4041,2,2167,1083.5
4042,2,2168,1084.0
4043,2,2168,1084.0
4044,2,2168,1084.0
4045,2,2168,1084.0
4046,2,2168,1084.0
4047,2,2168,1084.0
4048,2,2168,1084.0
4049,2,2168,1084.0
4050,2,2168,1084.0
4051,2,2168,1084.0
4052,2,2168,1084.0
4053,2,2168,1084.0
4054,2,2168,1084.0
4055,2,2168,1084.0
4056,2,2167,1083.5
4057,2,2168,1084.0
4058,2,2168,1084.0
4059,2,2168,1084.0
4060,2,2166,1083.0
4061,2,2166,1083.0
4062,2,2168,1084.0
4063,1,2013,2013.0
4064,1,1980,1980.0
4065,1,1978,1978.0
4066,1,1975,1975.0
4067,2,2168,1084.0
4068,2,2167,1083.5
4069,2,2166,1083.0
4070,2,2166,1083.0
4071,2,2167,1083.5
4072,2,2168,1084.0
4073,2,2168,1084.0
4074,2,2168,1084.0
4075,2,2168,1084.0
4076,2,2168,1084.0
4077,2,2167,1083.5
4078,2,2168,1084.0
4079,2,2167,1083.5
4080,1,2081,2081.0
4081,1,2013,2013.0
4082,1,1987,1987.0
4083,1,1986,1986.0
4084,1,1945,1945.0
4085,2,2168,1084.0
4086,2,2168,1084.0
4087,2,2168,1084.0
4088,2,2168,1084.0
4089,2,2167,1083.5
4090,2,2167,1083.5
4091,1,2025,2025.0
4092,2,2168,1084.0
4093,2,2166,1083.0
4094,2,2168,1084.0
4095,2,2167,1083.5
4096,2,2168,1084.0
4097,1,1886,1886.0
4098,2,2168,1084.0
4099,2,2168,1084.0
4100,2,2168,1084.0
4101,1,1971,1971.0
4102,1,1969,1969.0
4103,1,1998,1998.0
4104,1,2016,2016.0
4105,1,1971,1971.0
4106,2,2167,1083.5
4107,2,2168,1084.0
4108,2,2165,1082.5
4109,2,2167,1083.5
4110,2,2168,1084.0
4111,2,2168,1084.0
4112,2,2168,1084.0
4113,2,2168,1084.0
4114,2,2164,1082.0
4115,2,2168,1084.0
4116,2,2168,1084.0
4117,2,2168,1084.0
4118,2,2166,1083.0
4119,1,1890,1890.0
4120,2,2167,1083.5
4121,2,2168,1084.0
4122,2,2168,1084.0
4123,2,2168,1084.0
4124,2,2167,1083.5
4125,2,2166,1083.0
4126,2,2166,1083.0
4127,2,2168,1084.0
4128,2,2168,1084.0
4129,2,2168,1084.0
4130,2,2168,1084.0
4131,2,2168,1084.0
4132,2,2168,1084.0
4133,2,2168,1084.0
4134,2,2168,1084.0
4135,2,2168,1084.0
4136,2,2168,1084.0
4137,2,2167,1083.5
4138,2,2168,1084.0
4139,2,2167,1083.5
4140,1,1967,1967.0
4141,2,2168,1084.0
4142,2,2168,1084.0
4143,2,2168,1084.0
4144,2,2168,1084.0
4145,2,2168,1084.0
4146,2,2165,1082.5
4147,2,2168,1084.0
4148,2,2168,1084.0
4149,2,2168,1084.0
4150,2,2168,1084.0
4151,2,2168,1084.0
4152,2,2168,1084.0
4153,1,1975,1975.0
4154,2,2168,1084.0
4155,2,2168,1084.0
4156,2,2168,1084.0
4157,2,2168,1084.0
4158,2,2168,1084.0
4159,2,2167,1083.5
4160,2,2166,1083.0
4161,2,2168,1084.0
4162,2,2168,1084.0
4163,2,2167,1083.5
4164,1,2132,2132.0
4165,2,2168,1084.0
4166,2,2167,1083.5
4167,2,2166,1083.0
4168,2,2166,1083.0
4169,2,2167,1083.5
4170,1,2147,2147.0
4171,1,2146,2146.0
4172,1,2150,2150.0
4173,1,2133,2133.0
4174,1,2146,2146.0
4175,1,2158,2158.0
4176,1,2158,2158.0
4177,1,2136,2136.0
4178,1,2133,2133.0
4179,1,2153,2153.0
4180,1,2161,2161.0
4181,1,2167,2167.0
4182,1,2168,2168.0
4183,1,2168,2168.0
4184,1,2168,2168.0
4185,1,2168,2168.0
4186,1,2168,2168.0
4187,1,2168,2168.0
4188,1,2168,2168.0
4189,1,2168,2168.0
4190,1,2166,2166.0
4191,1,2160,2160.0
4192,1,2155,2155.0
4193,1,2143,2143.0
4194,2,2168,1084.0
4195,1,2120,2120.0
4196,1,2135,2135.0
4197,1,2153,2153.0
4198,1,2148,2148.0
4199,1,2128,2128.0
4200,1,2130,2130.0
4201,1,2112,2112.0
4202,1,2131,2131.0
4203,1,2128,2128.0
4204,1,2134,2134.0
4205,1,2145,2145.0
4206,1,2149,2149.0
4207,2,2168,1084.0
4208,1,2147,2147.0
4209,1,2152,2152.0
4210,1,2139,2139.0
4211,1,2159,2159.0
4212,1,2153,2153.0
4213,1,2158,2158.0
4214,1,2165,2165.0
4215,1,2161,2161.0
4216,1,2165,2165.0
4217,1,2153,2153.0
4218,1,2141,2141.0
4219,2,2166,1083.0
4220,2,2167,1083.5
4221,1,2136,2136.0
4222,1,2155,2155.0
4223,1,2162,2162.0
4224,1,2166,2166.0
4225,1,2168,2168.0
4226,1,2168,2168.0
4227,1,2168,2168.0
4228,1,2168,2168.0
4229,1,2164,2164.0
4230,1,2158,2158.0
4231,1,2158,2158.0
4232,1,2149,2149.0
4233,1,2160,2160.0
4234,1,2168,2168.0
4235,1,2164,2164.0
4236,1,2167,2167.0
4237,1,2166,2166.0
4238,1,2160,2160.0
4239,1,2167,2167.0
4240,1,2168,2168.0
4241,1,2168,2168.0
4242,1,2168,2168.0
4243,1,2166,2166.0
4244,1,2168,2168.0
4245,1,2167,2167.0
4246,1,2167,2167.0
4247,1,2168,2168.0
4248,1,2163,2163.0
4249,1,2168,2168.0
4250,1,2168,2168.0
4251,1,2168,2168.0
4252,1,2168,2168.0
4253,1,2167,2167.0
4254,1,2155,2155.0
4255,1,2152,2152.0
4256,1,2152,2152.0
4257,1,2152,2152.0
4258,1,2157,2157.0
4259,1,2149,2149.0
4260,2,2168,1084.0
4261,1,2168,2168.0
4262,1,2150,2150.0
4263,1,2164,2164.0
4264,1,2167,2167.0
4265,1,2165,2165.0
4266,1,2167,2167.0
4267,1,2157,2157.0
4268,1,2163,2163.0
4269,1,2151,2151.0
4270,1,2141,2141.0
4271,1,2157,2157.0
4272,1,2165,2165.0
4273,1,2159,2159.0
4274,1,2151,2151.0
4275,1,2142,2142.0
4276,1,2131,2131.0
4277,1,2115,2115.0
4278,2,2168,1084.0
4279,2,2167,1083.5
4280,2,2168,1084.0
4281,2,2168,1084.0
4282,2,2168,1084.0
4283,2,2166,1083.0
4284,1,1959,1959.0
4285,1,1983,1983.0
4286,2,2168,1084.0
4287,2,2160,1080.0
4288,2,2167,1083.5
4289,2,2168,1084.0
4290,2,2168,1084.0
4291,2,2168,1084.0
4292,2,2168,1084.0
4293,2,2168,1084.0
4294,2,2168,1084.0
4295,2,2168,1084.0
4296,2,2166,1083.0
4297,2,2168,1084.0
4298,2,2168,1084.0
4299,2,2168,1084.0
4300,2,2168,1084.0
4301,2,2168,1084.0
4302,2,2168,1084.0
4303,2,2168,1084.0
4304,2,2168,1084.0
4305,2,2168,1084.0
4306,2,2168,1084.0
4307,2,2164,1082.0
4308,2,2168,1084.0
4309,2,2168,1084.0
4310,2,2168,1084.0
4311,2,2168,1084.0
4312,2,2168,1084.0
4313,2,2165,1082.5
4314,2,2168,1084.0
4315,2,2168,1084.0
4316,2,2168,1084.0
4317,2,2168,1084.0
4318,2,2168,1084.0
4319,2,2168,1084.0
4320,2,2168,1084.0
4321,2,2168,1084.0
4322,2,2168,1084.0
4323,2,2168,1084.0
4324,2,2168,1084.0
4325,2,2168,1084.0
4326,2,2167,1083.5
4327,2,2162,1081.0
4328,2,2162,1081.0
4329,2,2166,1083.0
4330,2,2166,1083.0
4331,2,2168,1084.0
4332,2,2168,1084.0
4333,2,2168,1084.0
4334,2,2168,1084.0
4335,2,2168,1084.0
4336,2,2168,1084.0
4337,2,2168,1084.0
4338,2,2167,1083.5
4339,2,2168,1084.0
4340,2,2168,1084.0
4341,2,2168,1084.0
4342,2,2168,1084.0
4343,2,2168,1084.0
4344,2,2168,1084.0
4345,2,2168,1084.0
4346,2,2168,1084.0
4347,2,2168,1084.0
4348,2,2168,1084.0
4349,2,2168,1084.0
4350,2,2168,1084.0
4351,2,2167,1083.5
4352,2,2168,1084.0
4353,2,2168,1084.0
4354,2,2168,1084.0
4355,2,2168,1084.0
4356,2,2168,1084.0
4357,2,2162,1081.0
4358,2,2162,1081.0
4359,2,2151,1075.5
4360,3,2163,721.0
4361,2,2129,1064.5
4362,2,2148,1074.0
4363,2,2150,1075.0
4364,2,2154,1077.0
4365,2,2145,1072.5
4366,2,2138,1069.0
4367,2,2155,1077.5
4368,2,2145,1072.5
4369,2,2132,1066.0
4370,2,2117,1058.5
4371,2,2107,1053.5
4372,3,2156,718.7
4373,2,2107,1053.5
4374,2,2120,1060.0
4375,2,2140,1070.0
4376,2,2123,1061.5
4377,2,2105,1052.5
4378,2,2129,1064.5
4379,2,2135,1067.5
4380,2,2130,1065.0
4381,2,2139,1069.5
4382,2,2109,1054.5
4383,2,2117,1058.5
4384,2,2166,1083.0
4385,2,2156,1078.0
4386,2,2159,1079.5
4387,2,2160,1080.0
4388,2,2155,1077.5
4389,2,2146,1073.0
4390,2,2168,1084.0
4391,2,2167,1083.5
4392,2,2168,1084.0
4393,2,2166,1083.0
4394,2,2156,1078.0
4395,2,2160,1080.0
4396,2,2168,1084.0
4397,2,2168,1084.0
4398,2,2167,1083.5
4399,2,2166,1083.0
4400,2,2165,1082.5
4401,2,2164,1082.0
4402,2,2159,1079.5
4403,2,2143,1071.5
4404,3,2165,721.7
4405,2,2145,1072.5
4406,2,2140,1070.0
4407,2,2146,1073.0
4408,2,2141,1070.5
4409,2,2139,1069.5
4410,3,2163,721.0
4411,3,2162,720.7
4412,3,2160,720.0
4413,2,2114,1057.0
4414,3,2167,722.3
4415,3,2161,720.3
4416,3,2167,722.3
4417,2,2146,1073.0
4418,2,2156,1078.0
4419,2,2156,1078.0
4420,2,2156,1078.0
4421,2,2135,1067.5
4422,2,2130,1065.0
4423,2,2120,1060.0
4424,2,2114,1057.0
4425,2,2130,1065.0
4426,2,2124,1062.0
4427,2,2113,1056.5
4428,2,2118,1059.0
4429,3,2163,721.0
4430,2,2101,1050.5
4431,2,2134,1067.0
4432,2,2104,1052.0
4433,2,2090,1045.0
4434,2,2051,1025.5
4435,2,2018,1009.0
4436,2,2070,1035.0
4437,2,2088,1044.0
4438,2,2079,1039.5
4439,2,2077,1038.5
4440,2,2140,1070.0
4441,2,2143,1071.5
4442,2,2159,1079.5
4443,2,2156,1078.0
4444,2,2136,1068.0
4445,2,2139,1069.5
4446,2,2150,1075.0
4447,2,2145,1072.5
4448,2,2146,1073.0
4449,2,2162,1081.0
4450,2,2162,1081.0
4451,2,2161,1080.5
4452,2,2162,1081.0
4453,2,2164,1082.0
4454,2,2154,1077.0
4455,2,2154,1077.0
4456,2,2155,1077.5
4457,2,2136,1068.0
4458,2,2154,1077.0
4459,2,2161,1080.5
4460,2,2167,1083.5
4461,2,2151,1075.5
4462,2,2144,1072.0
4463,2,2126,1063.0
4464,2,2113,1056.5
4465,2,2112,1056.0
4466,2,2115,1057.5
4467,2,2127,1063.5
4468,2,2089,1044.5
4469,3,2144,714.7
4470,3,2146,715.3
4471,2,2130,1065.0
4472,2,2109,1054.5
4473,2,2096,1048.0
4474,3,2151,717.0
4475,2,2102,1051.0
4476,2,2141,1070.5
4477,2,2116,1058.0
4478,2,2122,1061.0
4479,2,2154,1077.0
4480,2,2153,1076.5
4481,2,2146,1073.0
4482,2,2152,1076.0
4483,2,2148,1074.0
4484,2,2144,1072.0
4485,2,2132,1066.0
4486,2,2137,1068.5
4487,3,2150,716.7
4488,2,2135,1067.5
4489,2,2141,1070.5
4490,2,2118,1059.0
4491,3,2143,714.3
4492,3,2150,716.7
4493,3,2138,712.7
4494,3,2125,708.3
4495,3,2119,706.3
4496,3,2125,708.3
4497,3,2143,714.3
4498,3,2114,704.7
4499,3,2105,701.7
4500,2,1997,998.5
4501,3,2097,699.0
4502,3,2069,689.7
4503,2,1935,967.5
4504,2,1865,932.5
4505,3,2032,677.3
4506,3,2002,667.3
4507,2,1868,934.0
4508,2,1896,948.0
4509,3,2082,694.0
4510,3,2084,694.7
4511,2,1901,950.5
4512,2,1925,962.5
4513,2,1885,942.5
4514,2,1888,944.0
4515,2,1795,897.5
4516,2,1686,843.0
4517,2,1695,847.5
4518,3,2020,673.3
4519,3,2053,684.3
4520,3,2050,683.3
4521,3,2047,682.3
4522,3,2072,690.7
4523,3,2060,686.7
4524,2,1836,918.0
4525,3,2073,691.0
4526,3,2081,693.7
4527,3,2052,684.0
4528,3,2054,684.7
4529,3,2065,688.3
4530,3,2089,696.3
4531,3,2077,692.3
4532,3,2075,691.7
4533,3,2071,690.3
4534,3,2090,696.7
4535,3,2082,694.0
4536,3,2077,692.3
4537,3,2071,690.3
4538,3,2076,692.0
4539,3,2082,694.0
4540,3,2066,688.7
4541,3,2049,683.0
4542,3,2046,682.0
4543,3,2040,680.0
4544,3,2019,673.0
4545,3,2059,686.3
4546,3,2054,684.7
4547,3,2097,699.0
4548,3,2100,700.0
4549,3,2029,676.3
4550,3,2043,681.0
4551,3,2079,693.0
4552,3,2070,690.0
4553,3,2072,690.7
4554,3,2075,691.7
4555,3,2101,700.3
4556,3,2086,695.3
4557,3,2087,695.7
4558,3,2057,685.7
4559,3,2031,677.0
4560,4,2166,541.5
4561,4,2165,541.2
4562,3,2024,674.7
4563,3,2056,685.3
4564,3,2060,686.7
4565,3,2046,682.0
4566,3,2012,670.7
4567,3,2013,671.0
4568,3,1991,663.7
4569,3,1985,661.7
4570,3,1972,657.3
4571,3,1993,664.3
4572,3,1969,656.3
4573,3,1979,659.7
4574,3,1915,638.3
4575,3,1897,632.3
4576,3,1887,629.0
4577,3,1859,619.7
4578,3,1834,611.3
4579,4,2168,542.0
4580,4,2168,542.0
4581,3,1828,609.3
4582,3,1846,615.3
4583,4,2168,542.0
4584,4,2168,542.0
4585,4,2168,542.0
4586,4,2168,542.0
4587,4,2168,542.0
4588,4,2168,542.0
4589,4,2168,542.0
4590,3,1856,618.7
4591,4,2168,542.0
4592,4,2168,542.0
4593,4,2168,542.0
4594,3,1860,620.0
4595,3,1894,631.3
4596,3,1898,632.7
4597,3,1905,635.0
4598,3,1911,637.0
4599,3,1929,643.0
4600,3,1936,645.3
4601,3,1954,651.3
4602,3,2010,670.0
4603,3,2008,669.3
4604,3,2025,675.0
4605,3,2013,671.0
4606,3,1994,664.7
4607,3,2010,670.0
4608,3,2022,674.0
4609,3,2036,678.7
4610,3,2019,673.0
4611,3,1969,656.3
4612,3,2001,667.0
4613,3,2021,673.7
4614,3,2023,674.3
4615,3,1991,663.7
4616,3,1996,665.3
4617,3,1955,651.7
4618,3,1920,640.0
4619,3,1922,640.7
4620,3,1948,649.3
4621,3,1945,648.3
4622,3,1968,656.0
4623,3,2011,670.3
4624,3,2011,670.3
4625,3,2022,674.0
4626,3,2045,681.7
4627,3,2038,679.3
4628,3,2031,677.0
4629,3,2060,686.7
4630,3,2050,683.3
4631,3,2050,683.3
4632,3,2057,685.7
4633,3,2072,690.7
4634,3,2055,685.0
4635,3,2038,679.3
4636,3,2035,678.3
4637,3,2061,687.0
4638,3,2043,681.0
4639,3,2037,679.0
4640,3,2031,677.0
4641,3,2032,677.3
4642,3,2029,676.3
4643,3,2038,679.3
4644,3,2007,669.0
4645,3,2015,671.7
4646,3,2021,673.7
4647,3,2050,683.3
4648,3,2037,679.0
4649,3,2055,685.0
4650,3,2051,683.7
4651,3,2048,682.7
4652,3,2018,672.7
4653,3,2040,680.0
4654,3,2071,690.3
4655,3,2068,689.3
4656,3,2079,693.0
4657,3,2016,672.0
4658,3,2000,666.7
4659,4,2167,541.8
4660,3,2000,666.7
4661,3,2011,670.3
4662,3,2010,670.0
4663,3,2033,677.7
4664,3,2031,677.0
4665,3,2045,681.7
4666,3,2057,685.7
4667,3,2055,685.0
4668,3,2068,689.3
4669,3,2067,689.0
4670,3,2050,683.3
4671,3,2043,681.0
4672,3,2064,688.0
4673,3,2082,694.0
4674,3,2104,701.3
4675,3,2119,706.3
4676,3,2106,702.0
4677,3,2093,697.7
4678,3,2075,691.7
4679,3,2089,696.3
4680,3,2087,695.7
4681,3,2092,697.3
4682,3,2103,701.0
4683,3,2106,702.0
4684,3,2107,702.3
4685,3,2086,695.3
4686,3,2076,692.0
4687,3,2078,692.7
4688,3,2073,691.0
4689,3,2046,682.0
4690,3,2038,679.3
4691,3,2053,684.3
4692,3,2010,670.0
4693,3,1987,662.3
4694,3,1952,650.7
4695,3,1995,665.0
4696,3,2004,668.0
4697,3,2010,670.0
4698,3,1992,664.0
4699,3,1946,648.7
4700,3,2001,667.0
4701,3,2007,669.0
4702,2,1572,786.0
4703,2,1656,828.0
4704,3,2030,676.7
4705,3,2018,672.7
4706,3,2039,679.7
4707,3,1994,664.7
4708,3,1992,664.0
4709,3,2009,669.7
4710,3,1980,660.0
4711,3,1988,662.7
4712,3,1979,659.7
4713,3,1988,662.7
4714,3,2043,681.0
4715,3,2033,677.7
4716,2,1649,824.5
4717,2,1669,834.5
4718,2,1616,808.0
4719,2,1540,770.0
4720,2,1510,755.0
4721,2,1474,737.0
4722,2,1451,725.5
4723,2,1441,720.5
4724,3,1958,652.7
4725,3,1575,525.0
4726,3,1594,531.3
4727,3,1606,535.3
4728,4,2168,542.0
4729,3,1637,545.7
4730,3,1652,550.7
4731,2,1490,745.0
4732,3,1626,542.0
4733,4,2167,541.8
4734,4,2167,541.8
4735,4,2167,541.8
4736,4,2168,542.0
4737,3,1919,639.7
4738,4,2167,541.8
4739,4,2168,542.0
4740,3,2005,668.3
4741,3,1987,662.3
4742,3,2016,672.0
4743,3,1993,664.3
4744,3,2041,680.3
4745,3,2070,690.0
4746,3,2080,693.3
4747,3,2100,700.0
4748,4,2168,542.0
4749,3,2076,692.0
4750,3,2068,689.3
4751,3,2065,688.3
4752,3,2065,688.3
4753,3,2088,696.0
4754,3,2099,699.7
4755,3,2121,707.0
4756,3,2134,711.3
4757,3,2112,704.0
4758,3,2125,708.3
4759,3,2095,698.3
4760,3,2095,698.3
4761,3,2080,693.3
4762,3,2082,694.0
4763,3,2096,698.7
4764,3,2069,689.7
4765,3,2073,691.0
4766,3,2042,680.7
4767,3,2022,674.0
4768,3,1990,663.3
4769,3,2029,676.3
4770,3,2007,669.0
4771,3,2008,669.3
4772,3,2009,669.7
4773,3,2016,672.0
4774,3,2034,678.0
4775,3,2056,685.3
4776,3,2082,694.0
4777,3,2072,690.7
4778,3,2066,688.7
4779,3,2099,699.7
4780,3,2096,698.7
4781,3,2084,694.7
4782,3,2090,696.7
4783,3,2109,703.0
4784,3,2095,698.3
4785,3,2088,696.0
4786,3,2062,687.3
4787,3,2027,675.7
4788,3,2020,673.3
4789,3,2045,681.7
4790,3,2046,682.0
4791,3,2101,700.3
4792,3,2055,685.0
4793,3,2049,683.0
4794,3,2053,684.3
4795,3,2055,685.0
4796,3,2072,690.7
4797,3,2059,686.3
4798,3,2100,700.0
4799,3,2101,700.3
4800,3,2094,698.0
4801,3,2098,699.3
4802,3,2072,690.7
4803,3,2069,689.7
4804,3,2102,700.7
4805,3,2099,699.7
4806,3,2090,696.7
4807,3,2070,690.0
4808,3,2002,667.3
4809,2,1688,844.0
4810,4,2168,542.0
4811,3,1896,632.0
4812,3,2012,670.7
4813,2,1880,940.0
4814,3,2017,672.3
4815,3,2012,670.7
4816,2,1797,898.5
4817,2,1741,870.5
4818,2,1792,896.0
4819,2,1821,910.5
4820,2,1790,895.0
4821,2,1755,877.5
4822,2,1746,873.0
4823,2,1704,852.0
4824,2,1689,844.5
4825,3,1969,656.3
4826,4,2168,542.0
4827,4,2168,542.0
4828,4,2168,542.0
4829,4,2168,542.0
4830,3,1817,605.7
4831,4,2168,542.0
4832,4,2166,541.5
4833,3,1816,605.3
4834,3,1808,602.7
4835,4,2168,542.0
4836,4,2168,542.0
4837,4,2168,542.0
4838,4,2168,542.0
4839,4,2168,542.0
4840,4,2168,542.0
4841,4,2168,542.0
4842,3,1775,591.7
4843,4,2168,542.0
4844,4,2168,542.0
4845,4,2167,541.8
4846,4,2168,542.0
4847,4,2168,542.0
4848,4,2167,541.8
4849,4,2168,542.0
4850,4,2167,541.8
4851,4,2168,542.0
4852,4,2168,542.0
4853,4,2168,542.0
4854,3,1768,589.3
4855,4,2168,542.0
4856,4,2168,542.0
4857,4,2168,542.0
4858,4,2168,542.0
4859,3,1729,576.3
4860,4,2168,542.0
4861,4,2168,542.0
4862,4,2168,542.0
4863,4,2168,542.0
4864,4,2168,542.0
4865,4,2168,542.0
4866,4,2168,542.0
4867,4,2163,540.8
4868,4,2164,541.0
4869,4,2158,539.5
4870,4,2154,538.5
4871,4,2153,538.2
4872,4,2147,536.8
4873,4,2151,537.8
4874,4,2120,530.0
4875,4,2117,529.2
4876,5,2128,425.6
4877,4,2104,526.0
4878,4,2123,530.8
4879,4,2119,529.8
4880,4,2144,536.0
4881,4,2153,538.2
4882,4,2160,540.0
4883,4,2154,538.5
4884,3,1960,653.3
4885,3,1966,655.3
4886,4,2167,541.8
4887,3,1982,660.7
4888,3,1956,652.0
4889,3,1945,648.3
4890,4,2159,539.8
4891,4,2165,541.2
4892,3,1891,630.3
4893,4,2168,542.0
4894,3,1899,633.0
4895,3,1946,648.7
4896,3,1910,636.7
4897,3,1970,656.7
4898,4,2168,542.0
4899,3,1991,663.7
4900,3,2023,674.3
4901,3,2002,667.3
4902,4,2168,542.0
4903,4,2167,541.8
4904,4,2168,542.0
4905,4,2164,541.0
4906,4,2159,539.8
4907,4,2147,536.8
4908,5,2162,432.4
4909,4,2133,533.2
4910,4,2140,535.0
4911,5,2157,431.4
4912,6,2157,359.5
4913,5,2078,415.6
4914,4,2011,502.8
4915,4,2033,508.2
4916,5,2112,422.4
4917,6,2130,355.0
4918,5,2116,423.2
4919,5,2134,426.8
4920,4,2068,517.0
4921,4,2036,509.0
4922,6,2156,359.3
4923,5,2107,421.4
4924,4,2104,526.0
4925,5,2148,429.6
4926,4,2104,526.0
4927,5,2154,430.8
4928,4,2108,527.0
4929,3,1892,630.7
4930,4,2114,528.5
4931,4,2130,532.5
4932,4,2133,533.2
4933,3,1941,647.0
4934,3,1940,646.7
4935,3,1930,643.3
4936,4,1991,497.8
4937,4,2098,524.5
4938,3,1909,636.3
4939,4,2034,508.5
4940,4,2133,533.2
4941,3,2033,677.7
4942,3,2042,680.7
4943,2,1983,991.5
4944,4,2123,530.8
4945,2,1969,984.5
4946,4,2124,531.0
4947,4,2132,533.0
4948,5,2166,433.2
4949,3,1996,665.3
4950,4,2110,527.5
4951,3,2056,685.3
4952,3,2001,667.0
4953,3,2017,672.3
4954,3,2023,674.3
4955,3,2018,672.7
4956,3,2002,667.3
4957,3,1989,663.0
4958,3,2067,689.0
4959,3,2026,675.3
4960,3,2016,672.0
4961,4,2039,509.8
4962,4,2004,501.0
4963,3,1976,658.7
4964,3,2001,667.0
4965,4,2046,511.5
4966,4,2043,510.8
4967,3,1886,628.7
4968,3,1854,618.0
4969,3,1945,648.3
4970,2,1850,925.0
4971,3,1934,644.7
4972,2,1914,957.0
4973,2,1819,909.5
4974,2,1911,955.5
4975,4,2113,528.2
4976,3,2115,705.0
4977,3,2124,708.0
4978,3,2145,715.0
4979,3,2150,716.7
4980,2,2063,1031.5
4981,2,2073,1036.5
4982,3,2122,707.3
4983,3,2061,687.0
4984,2,2069,1034.5
4985,2,2041,1020.5
4986,2,2064,1032.0
4987,2,2087,1043.5
4988,2,2138,1069.0
4989,2,2155,1077.5
4990,2,2160,1080.0
4991,2,2163,1081.5
4992,2,2168,1084.0
4993,2,2165,1082.5
4994,2,2166,1083.0
4995,2,2165,1082.5
4996,2,2166,1083.0
4997,2,2164,1082.0
4998,2,2168,1084.0
4999,2,2168,1084.0
5000,2,2167,1083.5
5001,2,2168,1084.0
5002,2,2168,1084.0
5003,2,2168,1084.0
5004,2,2168,1084.0
5005,2,2168,1084.0
5006,2,2168,1084.0
5007,2,2168,1084.0
5008,2,2167,1083.5
5009,2,2167,1083.5
5010,2,2162,1081.0
5011,2,2164,1082.0
5012,2,2166,1083.0
5013,2,2163,1081.5
5014,2,2167,1083.5
5015,2,2168,1084.0
5016,2,2168,1084.0
5017,2,2168,1084.0
5018,2,2165,1082.5
5019,2,2164,1082.0
5020,2,2168,1084.0
5021,2,2168,1084.0
5022,2,2168,1084.0
5023,2,2168,1084.0
5024,2,2168,1084.0
5025,2,2168,1084.0
5026,2,2168,1084.0
5027,2,2168,1084.0
5028,2,2166,1083.0
5029,2,2168,1084.0
5030,2,2168,1084.0
5031,2,2166,1083.0
5032,2,2160,1080.0
5033,2,2164,1082.0
5034,2,2168,1084.0
5035,2,2162,1081.0
5036,2,2165,1082.5
5037,2,2167,1083.5
5038,2,2166,1083.0
5039,2,2161,1080.5
5040,2,2168,1084.0
5041,2,2168,1084.0
5042,2,2167,1083.5
5043,2,2166,1083.0
5044,2,2166,1083.0
5045,2,2166,1083.0
5046,2,2165,1082.5
5047,2,2157,1078.5
5048,2,2140,1070.0
5049,2,2162,1081.0
5050,2,2150,1075.0
5051,2,2156,1078.0
5052,2,2150,1075.0
5053,2,2157,1078.5
5054,2,2167,1083.5
5055,2,2142,1071.0
5056,2,2153,1076.5
5057,2,2153,1076.5
5058,2,2133,1066.5
5059,2,2133,1066.5
5060,2,2147,1073.5
5061,2,2143,1071.5
5062,2,2144,1072.0
5063,2,2135,1067.5
5064,2,2143,1071.5
5065,2,2153,1076.5
5066,2,2160,1080.0
5067,2,2162,1081.0
5068,2,2167,1083.5
5069,2,2163,1081.5
5070,2,2168,1084.0
5071,2,2168,1084.0
5072,2,2168,1084.0
5073,2,2168,1084.0
5074,2,2168,1084.0
5075,2,2168,1084.0
5076,2,2168,1084.0
5077,2,2168,1084.0
5078,2,2168,1084.0
5079,2,2168,1084.0
5080,2,2168,1084.0
5081,2,2168,1084.0
5082,2,2168,1084.0
5083,2,2168,1084.0
5084,2,2168,1084.0
5085,2,2168,1084.0
5086,2,2168,1084.0
5087,2,2168,1084.0
5088,2,2168,1084.0
5089,2,2168,1084.0
5090,2,2168,1084.0
5091,2,2168,1084.0
5092,2,2168,1084.0
5093,2,2168,1084.0
5094,2,2168,1084.0
5095,2,2167,1083.5
5096,2,2165,1082.5
5097,2,2160,1080.0
5098,2,2160,1080.0
5099,2,2166,1083.0
5100,2,2168,1084.0
5101,2,2168,1084.0
5102,2,2168,1084.0
5103,2,2168,1084.0
5104,2,2167,1083.5
5105,2,2167,1083.5
5106,2,2168,1084.0
5107,2,2165,1082.5
5108,2,2168,1084.0
5109,2,2166,1083.0
5110,2,2165,1082.5
5111,2,2165,1082.5
5112,2,2168,1084.0
5113,2,2162,1081.0
5114,2,2168,1084.0
5115,2,2166,1083.0
5116,2,2160,1080.0
5117,2,2160,1080.0
5118,2,2163,1081.5
5119,2,2167,1083.5
5120,2,2168,1084.0
5121,2,2168,1084.0
5122,2,2168,1084.0
5123,2,2168,1084.0
5124,2,2168,1084.0
5125,2,2168,1084.0
5126,2,2168,1084.0
5127,2,2168,1084.0
5128,2,2168,1084.0
5129,2,2168,1084.0
5130,2,2168,1084.0
5131,2,2168,1084.0
5132,2,2168,1084.0
5133,2,2168,1084.0
5134,2,2168,1084.0
5135,2,2164,1082.0
5136,2,2164,1082.0
5137,2,2162,1081.0
5138,2,2165,1082.5
5139,2,2168,1084.0
5140,2,2165,1082.5
5141,2,2166,1083.0
5142,2,2153,1076.5
5143,2,2162,1081.0
5144,2,2159,1079.5
5145,2,2162,1081.0
5146,2,2141,1070.5
5147,2,2145,1072.5
5148,2,2120,1060.0
5149,2,2095,1047.5
5150,2,2112,1056.0
5151,2,2090,1045.0
5152,2,2056,1028.0
5153,2,2091,1045.5
5154,3,2135,711.7
5155,3,2120,706.7
5156,3,2095,698.3
5157,2,2062,1031.0
5158,2,2065,1032.5
5159,2,2090,1045.0
5160,2,2070,1035.0
5161,3,2121,707.0
5162,2,2091,1045.5
5163,2,2083,1041.5
5164,2,2092,1046.0
5165,2,2062,1031.0
5166,2,2056,1028.0
5167,2,2012,1006.0
5168,2,2025,1012.5
5169,2,2018,1009.0
5170,2,1958,979.0
5171,2,2001,1000.5
5172,2,2009,1004.5
5173,2,1951,975.5
5174,2,1944,972.0
5175,2,1967,983.5
5176,2,1980,990.0
5177,2,1950,975.0
5178,2,1989,994.5
5179,2,2017,1008.5
5180,2,1974,987.0
5181,2,2003,1001.5
5182,2,1953,976.5
5183,2,2002,1001.0
5184,2,1965,982.5
5185,2,1981,990.5
5186,2,1974,987.0
5187,2,2007,1003.5
5188,2,2016,1008.0
5189,2,2023,1011.5
5190,2,2016,1008.0
5191,3,2045,681.7
5192,2,1986,993.0
5193,2,2014,1007.0
5194,2,2031,1015.5
5195,2,2053,1026.5
5196,2,2056,1028.0
5197,2,2041,1020.5
5198,2,2060,1030.0
5199,2,2102,1051.0
5200,2,2124,1062.0
5201,3,2167,722.3
5202,2,2125,1062.5
5203,2,2114,1057.0
5204,2,2103,1051.5
5205,2,2108,1054.0
5206,2,2146,1073.0
5207,2,2162,1081.0
5208,2,2158,1079.0
5209,2,2168,1084.0
5210,2,2158,1079.0
5211,2,2158,1079.0
5212,2,2159,1079.5
5213,2,2160,1080.0
5214,2,2144,1072.0
5215,2,2157,1078.5
5216,2,2164,1082.0
5217,2,2134,1067.0
5218,2,2139,1069.5
5219,2,2132,1066.0
5220,2,2158,1079.0
5221,2,2120,1060.0
5222,2,2081,1040.5
5223,2,2143,1071.5
5224,2,2146,1073.0
5225,2,2152,1076.0
5226,2,2145,1072.5
5227,2,2120,1060.0
5228,2,2131,1065.5
5229,2,2152,1076.0
5230,2,2158,1079.0
5231,2,2150,1075.0
5232,2,2149,1074.5
5233,2,2122,1061.0
5234,2,2136,1068.0
5235,2,2160,1080.0
5236,2,2155,1077.5
5237,2,2155,1077.5
5238,2,2165,1082.5
5239,2,2141,1070.5
5240,2,2135,1067.5
5241,2,2161,1080.5
5242,2,2164,1082.0
5243,2,2152,1076.0
5244,2,2164,1082.0
5245,2,2157,1078.5
5246,2,2168,1084.0
5247,2,2168,1084.0
5248,2,2167,1083.5
5249,2,2166,1083.0
5250,2,2168,1084.0
5251,2,2168,1084.0
5252,2,2149,1074.5
5253,2,2155,1077.5
5254,2,2138,1069.0
5255,2,2147,1073.5
5256,2,2152,1076.0
5257,2,2154,1077.0
5258,2,2130,1065.0
5259,2,2064,1032.0
5260,2,2015,1007.5
5261,2,1945,972.5
5262,2,1974,987.0
5263,2,1972,986.0
5264,2,1936,968.0
5265,2,1915,957.5
5266,2,1872,936.0
5267,2,1812,906.0
5268,2,1800,900.0
5269,2,1839,919.5
5270,2,1954,977.0
5271,2,1929,964.5
5272,2,1898,949.0
5273,2,1958,979.0
5274,2,1912,956.0
5275,2,1930,965.0
5276,2,1959,979.5
5277,2,1952,976.0
5278,2,2078,1039.0
5279,2,2116,1058.0
5280,2,2099,1049.5
5281,2,2147,1073.5
5282,2,2163,1081.5
5283,2,2150,1075.0
5284,2,2154,1077.0
5285,2,2142,1071.0
5286,2,2144,1072.0
5287,2,2167,1083.5
5288,2,2168,1084.0
5289,2,2168,1084.0
5290,2,2168,1084.0
5291,2,2168,1084.0
5292,2,2168,1084.0
5293,2,2167,1083.5
5294,2,2168,1084.0
5295,2,2168,1084.0
5296,2,2168,1084.0
5297,2,2168,1084.0
5298,2,2168,1084.0
5299,2,2168,1084.0
5300,2,2166,1083.0
5301,2,2164,1082.0
5302,2,2134,1067.0
5303,2,2132,1066.0
5304,2,2109,1054.5
5305,2,2057,1028.5
5306,2,2057,1028.5
5307,2,2083,1041.5
5308,2,2070,1035.0
5309,2,2093,1046.5
5310,2,2061,1030.5
5311,2,2082,1041.0
5312,2,2071,1035.5
5313,2,2020,1010.0
5314,2,2009,1004.5
5315,2,2072,1036.0
5316,2,2107,1053.5
5317,2,2078,1039.0
5318,2,2041,1020.5
5319,2,2081,1040.5
5320,2,2098,1049.0
5321,2,2063,1031.5
5322,2,2033,1016.5
5323,2,2020,1010.0
5324,2,1985,992.5
5325,2,1939,969.5
5326,2,1982,991.0
5327,2,1976,988.0
5328,2,1951,975.5
5329,2,1906,953.0
5330,2,1886,943.0
5331,2,1851,925.5
5332,2,1866,933.0
5333,2,1860,930.0
5334,2,1828,914.0
5335,2,1762,881.0
5336,2,1629,814.5
5337,2,1585,792.5
5338,2,1562,781.0
5339,2,1602,801.0
5340,2,1562,781.0
5341,2,1502,751.0
5342,2,1505,752.5
5343,2,1600,800.0
5344,2,1550,775.0
5345,1,834,834.0
5346,1,873,873.0
5347,1,920,920.0
5348,2,1488,744.0
5349,2,1431,715.5
5350,1,776,776.0
5351,1,792,792.0
5352,2,1491,745.5
5353,2,1434,717.0
5354,0,0,0.0
5355,1,601,601.0
5356,0,0,0.0
5357,0,0,0.0
5358,0,0,0.0
5359,2,1430,715.0
5360,0,0,0.0
5361,0,0,0.0
5362,0,0,0.0
5363,1,773,773.0
5364,0,0,0.0
5365,0,0,0.0
5366,1,710,710.0
5367,1,702,702.0
5368,1,637,637.0
5369,1,637,637.0
5370,1,667,667.0
5371,1,625,625.0
5372,1,577,577.0
5373,0,0,0.0
5374,1,667,667.0
5375,0,0,0.0
5376,0,0,0.0
5377,0,0,0.0
5378,1,683,683.0
5379,0,0,0.0
5380,0,0,0.0
5381,2,1526,763.0
5382,2,1544,772.0
5383,2,1508,754.0
5384,2,1496,748.0
5385,1,667,667.0
5386,1,646,646.0
5387,1,615,615.0
5388,1,624,624.0
5389,1,622,622.0
5390,1,596,596.0
5391,1,585,585.0
5392,1,585,585.0
5393,1,629,629.0
5394,1,676,676.0
5395,1,617,617.0
5396,2,1187,593.5
5397,1,620,620.0
5398,2,1166,583.0
5399,2,1123,561.5
5400,2,1205,602.5
5401,2,1149,574.5
5402,2,1169,584.5
5403,2,1247,623.5
5404,2,1209,604.5
5405,2,1226,613.0
5406,2,1247,623.5
5407,3,1744,581.3
5408,2,1256,628.0
5409,2,1324,662.0
5410,2,1404,702.0
5411,2,1348,674.0
5412,2,1332,666.0
5413,2,1427,713.5
5414,2,1388,694.0
5415,3,1874,624.7
5416,3,1802,600.7
5417,3,1831,610.3
5418,3,1816,605.3
5419,3,1802,600.7
5420,3,1829,609.7
5421,3,1789,596.3
5422,3,1806,602.0
5423,3,1780,593.3
5424,3,1799,599.7
5425,3,1793,597.7
5426,3,1823,607.7
5427,2,1287,643.5
5428,3,1811,603.7
5429,4,2168,542.0
5430,2,1331,665.5
5431,4,2160,540.0
5432,2,1301,650.5
5433,3,1774,591.3
5434,3,1766,588.7
5435,4,2160,540.0
5436,4,2160,540.0
5437,3,1658,552.7
5438,4,2159,539.8
5439,3,1702,567.3
5440,4,2160,540.0
5441,4,2160,540.0
5442,2,1151,575.5
5443,2,1116,558.0
5444,3,1666,555.3
5445,3,1646,548.7
5446,2,1219,609.5
5447,2,1173,586.5
5448,3,1633,544.3
5449,3,1651,550.3
5450,3,1692,564.0
5451,2,1148,574.0
5452,3,1681,560.3
5453,3,1712,570.7
5454,3,1694,564.7
5455,3,1698,566.0
5456,3,1689,563.0
5457,3,1719,573.0
5458,3,1728,576.0
5459,4,2160,540.0
5460,4,2159,539.8
5461,2,1101,550.5
5462,3,1705,568.3
5463,4,2160,540.0
5464,3,1776,592.0
5465,3,1793,597.7
5466,3,1786,595.3
5467,3,1788,596.0
5468,3,1854,618.0
5469,3,1806,602.0
5470,3,1803,601.0
5471,3,1868,622.7
5472,3,1905,635.0
5473,3,1909,636.3
5474,3,1929,643.0
5475,3,1958,652.7
5476,3,1967,655.7
5477,3,1956,652.0
5478,3,1965,655.0
5479,3,1948,649.3
5480,3,1954,651.3
5481,3,1987,662.3
5482,3,1990,663.3
5483,4,2160,540.0
5484,4,2160,540.0
5485,4,2160,540.0
5486,4,2160,540.0
5487,4,2160,540.0
5488,4,2160,540.0
5489,3,1813,604.3
5490,3,1802,600.7
5491,2,1603,801.5
5492,3,1828,609.3
5493,4,2160,540.0
5494,4,2160,540.0
5495,4,2160,540.0
5496,3,1800,600.0
5497,3,1817,605.7
5498,3,1839,613.0
5499,3,1826,608.7
5500,2,1466,733.0
5501,2,1503,751.5
5502,2,1464,732.0
5503,2,1459,729.5
5504,2,1447,723.5
5505,2,1607,803.5
5506,2,1676,838.0
5507,3,1731,577.0
5508,2,1697,848.5
5509,2,1791,895.5
5510,3,1972,657.3
5511,2,1770,885.0
5512,2,1845,922.5
5513,2,1938,969.0
5514,2,1973,986.5
5515,3,2076,692.0
5516,2,1969,984.5
5517,2,2022,1011.0
5518,2,2039,1019.5
5519,2,2029,1014.5
5520,2,1968,984.0
5521,3,2064,688.0
5522,2,2015,1007.5
5523,2,1918,959.0
5524,3,1853,617.7
5525,2,1833,916.5
5526,2,1869,934.5
5527,3,2028,676.0
5528,4,2065,516.2
5529,3,1876,625.3
5530,2,1802,901.0
5531,3,1858,619.3
5532,3,1857,619.0
5533,3,1825,608.3
5534,2,1822,911.0
5535,2,1803,901.5
5536,2,1647,823.5
5537,2,1732,866.0
5538,2,1744,872.0
5539,3,1843,614.3
5540,2,1868,934.0
5541,2,1929,964.5
5542,2,1959,979.5
5543,2,1946,973.0
5544,2,1954,977.0
5545,2,1842,921.0
5546,2,1804,902.0
5547,2,1685,842.5
5548,2,1657,828.5
5549,2,1550,775.0
5550,2,1581,790.5
5551,2,1500,750.0
5552,2,1524,762.0
5553,3,1855,618.3
5554,2,1619,809.5
5555,3,1871,623.7
5556,2,1462,731.0
5557,2,1492,746.0
5558,2,1561,780.5
5559,2,1595,797.5
5560,2,1599,799.5
5561,2,1563,781.5
5562,2,1594,797.0
5563,2,1628,814.0
5564,3,1930,643.3
5565,2,1619,809.5
5566,2,1637,818.5
5567,3,1887,629.0
5568,3,1890,630.0
5569,3,1881,627.0
5570,2,1569,784.5
5571,3,1837,612.3
5572,2,1533,766.5
5573,3,1914,638.0
5574,2,1577,788.5
5575,3,1898,632.7
5576,2,1456,728.0
5577,2,1466,733.0
5578,2,1521,760.5
5579,2,1581,790.5
5580,2,1479,739.5
5581,2,1507,753.5
5582,2,1470,735.0
5583,2,1537,768.5
5584,2,1442,721.0
5585,4,1810,452.5
5586,2,1353,676.5
5587,3,1365,455.0
5588,3,1482,494.0
5589,2,1488,744.0
5590,3,1462,487.3
5591,3,1860,620.0
5592,3,1816,605.3
5593,4,2153,538.2
5594,4,2149,537.2
5595,4,2148,537.0
5596,4,2142,535.5
5597,4,2157,539.2
5598,4,2152,538.0
5599,3,1820,606.7
5600,3,1800,600.0
5601,4,2158,539.5
5602,4,2160,540.0
5603,4,2160,540.0
5604,4,2159,539.8
5605,4,2160,540.0
5606,4,2160,540.0
5607,4,2160,540.0
5608,4,2160,540.0
5609,4,2159,539.8
5610,4,2155,538.8
5611,4,2147,536.8
5612,4,2152,538.0
5613,4,2150,537.5
5614,4,2151,537.8
5615,3,1861,620.3
5616,3,1877,625.7
5617,3,1855,618.3
5618,3,1876,625.3
5619,4,2145,536.2
5620,3,1892,630.7
5621,3,1891,630.3
5622,4,2159,539.8
5623,4,2159,539.8
5624,3,1894,631.3
5625,4,2160,540.0
5626,4,2160,540.0
5627,4,2159,539.8
5628,3,1929,643.0
5629,4,2160,540.0
5630,4,2160,540.0
5631,3,1909,636.3
5632,3,1948,649.3
5633,3,1985,661.7
5634,2,1779,889.5
5635,3,1987,662.3
5636,3,2013,671.0
5637,3,2019,673.0
5638,3,1999,666.3
5639,4,2160,540.0
5640,4,2160,540.0
5641,4,2157,539.2
5642,4,2160,540.0
5643,4,2157,539.2
5644,4,2157,539.2
5645,4,2159,539.8
5646,4,2160,540.0
5647,4,2160,540.0
5648,4,2160,540.0
5649,2,1705,852.5
5650,4,2160,540.0
5651,4,2160,540.0
5652,3,1991,663.7
5653,3,1995,665.0
5654,3,1981,660.3
5655,3,1991,663.7
5656,3,1991,663.7
5657,3,1986,662.0
5658,4,2160,540.0
5659,4,2159,539.8
5660,4,2160,540.0
5661,4,2160,540.0
5662,4,2160,540.0
5663,4,2160,540.0
5664,4,2160,540.0
5665,4,2160,540.0
5666,4,2159,539.8
5667,4,2157,539.2
5668,4,2158,539.5
5669,4,2160,540.0
5670,4,2156,539.0
5671,4,2156,539.0
5672,4,2156,539.0
5673,4,2160,540.0
5674,3,1977,659.0
5675,3,2003,667.7
5676,4,2157,539.2
5677,4,2160,540.0
5678,3,1960,653.3
5679,3,1938,646.0
5680,3,1953,651.0
5681,4,2160,540.0
5682,3,2008,669.3
5683,3,2020,673.3
5684,3,2013,671.0
5685,3,2012,670.7
5686,3,2041,680.3
5687,3,2029,676.3
5688,3,2047,682.3
5689,4,2160,540.0
5690,3,2007,669.0
5691,3,2028,676.0
5692,3,2080,693.3
5693,3,2078,692.7
5694,3,2070,690.0
5695,3,2083,694.3
5696,3,2106,702.0
5697,3,2097,699.0
5698,3,2126,708.7
5699,3,2130,710.0
5700,3,2121,707.0
5701,3,2134,711.3
5702,3,2136,712.0
5703,3,2132,710.7
5704,3,2126,708.7
5705,3,2121,707.0
5706,3,2121,707.0
5707,3,2124,708.0
5708,3,2132,710.7
5709,3,2121,707.0
5710,3,2110,703.3
5711,3,2098,699.3
5712,3,2100,700.0
5713,3,2128,709.3
5714,3,2139,713.0
5715,3,2146,715.3
5716,3,2140,713.3
5717,3,2147,715.7
5718,3,2145,715.0
5719,3,2148,716.0
5720,3,2151,717.0
5721,3,2152,717.3
5722,3,2152,717.3
5723,2,2082,1041.0
5724,3,2152,717.3
5725,3,2150,716.7
5726,3,2149,716.3
5727,2,2060,1030.0
5728,3,2136,712.0
5729,3,2137,712.3
5730,3,2135,711.7
5731,3,2125,708.3
5732,3,2123,707.7
5733,3,2124,708.0
5734,3,2127,709.0
5735,3,2131,710.3
5736,3,2146,715.3
5737,3,2152,717.3
5738,3,2151,717.0
5739,2,2131,1065.5
5740,2,2103,1051.5
5741,2,2113,1056.5
5742,2,2115,1057.5
5743,2,2100,1050.0
5744,2,2136,1068.0
5745,2,2135,1067.5
5746,2,2134,1067.0
5747,2,2133,1066.5
5748,1,1805,1805.0
5749,2,2125,1062.5
5750,2,2129,1064.5
5751,2,2115,1057.5
5752,2,2129,1064.5
5753,2,1833,916.5
5754,2,1916,958.0
5755,2,2000,1000.0
5756,2,2026,1013.0
5757,2,2019,1009.5
5758,1,1968,1968.0
5759,1,1985,1985.0
5760,1,1945,1945.0
5761,2,2119,1059.5
5762,1,1986,1986.0
5763,3,2147,715.7
5764,3,2144,714.7
5765,3,2135,711.7
5766,3,2140,713.3
5767,2,2108,1054.0
5768,3,2131,710.3
5769,1,1734,1734.0
5770,2,2086,1043.0
5771,3,2134,711.3
5772,2,1884,942.0
5773,2,1877,938.5
5774,2,1951,975.5
5775,1,1861,1861.0
5776,2,2106,1053.0
5777,2,2108,1054.0
5778,3,2139,713.0
5779,1,1881,1881.0
5780,1,1972,1972.0
5781,1,1942,1942.0
5782,2,2115,1057.5
5783,2,2120,1060.0
5784,2,2140,1070.0
5785,2,2120,1060.0
5786,2,2087,1043.5
5787,1,2075,2075.0
5788,1,2065,2065.0
5789,1,2082,2082.0
5790,1,2076,2076.0
5791,1,2078,2078.0
5792,1,2035,2035.0
5793,1,2028,2028.0
5794,1,1942,1942.0
5795,1,1895,1895.0
5796,2,1914,957.0
5797,2,1984,992.0
5798,2,2105,1052.5
5799,2,2096,1048.0
5800,2,2073,1036.5
5801,3,2078,692.7
5802,4,2148,537.0
5803,2,2089,1044.5
5804,2,2096,1048.0
5805,3,2124,708.0
5806,4,2149,537.2
5807,4,2149,537.2
5808,4,2147,536.8
5809,4,2127,531.8
5810,4,2133,533.2
5811,4,2133,533.2
5812,4,2133,533.2
5813,4,2141,535.2
5814,4,2136,534.0
5815,4,2131,532.8
5816,4,2139,534.8
5817,4,2147,536.8
5818,3,2039,679.7
5819,4,2141,535.2
5820,4,2132,533.0
5821,4,2105,526.2
5822,4,2108,527.0
5823,4,2111,527.8
5824,3,2084,694.7
5825,3,2085,695.0
5826,3,2068,689.3
5827,3,2105,701.7
5828,3,2106,702.0
5829,3,2056,685.3
5830,3,2063,687.7
5831,3,2070,690.0
5832,3,2042,680.7
5833,3,2068,689.3
5834,3,2070,690.0
5835,3,2089,696.3
5836,3,2066,688.7
5837,2,1914,957.0
5838,2,1935,967.5
5839,3,2047,682.3
5840,3,2052,684.0
5841,3,2087,695.7
5842,3,2043,681.0
5843,3,2055,685.0
5844,4,2150,537.5
5845,3,2059,686.3
5846,4,2147,536.8
5847,4,2148,537.0
5848,4,2150,537.5
5849,4,2151,537.8
5850,3,2059,686.3
5851,3,2072,690.7
5852,3,2068,689.3
5853,3,2043,681.0
5854,2,1899,949.5
5855,3,2018,672.7
5856,2,1902,951.0
5857,3,2035,678.3
5858,3,1976,658.7
5859,2,1842,921.0
5860,2,1864,932.0
5861,2,1831,915.5
5862,2,1772,886.0
5863,2,1833,916.5
5864,2,1770,885.0
5865,2,1803,901.5
5866,2,1890,945.0
5867,2,1903,951.5
5868,2,1869,934.5
5869,2,1885,942.5
5870,2,1808,904.0
5871,2,1784,892.0
5872,3,1954,651.3
5873,2,1782,891.0
5874,3,1972,657.3
5875,2,1757,878.5
5876,3,2007,669.0
5877,3,2059,686.3
5878,3,2008,669.3
5879,2,1769,884.5
5880,3,2019,673.0
5881,2,1793,896.5
5882,3,2004,668.0
5883,2,1866,933.0
5884,2,1844,922.0
5885,2,1735,867.5
5886,3,1950,650.0
5887,3,1935,645.0
5888,3,1968,656.0
5889,3,2013,671.0
5890,3,1983,661.0
5891,4,2151,537.8
5892,4,2152,538.0
5893,2,1768,884.0
5894,2,1809,904.5
5895,3,1989,663.0
5896,3,2002,667.3
5897,3,2007,669.0
5898,3,1993,664.3
5899,3,2014,671.3
5900,3,2024,674.7
5901,3,1991,663.7
5902,3,2001,667.0
5903,3,1927,642.3
5904,3,1935,645.0
5905,4,2152,538.0
5906,3,1930,643.3
5907,4,2152,538.0
5908,3,1953,651.0
5909,2,1725,862.5
5910,2,1700,850.0
5911,3,1950,650.0
5912,2,1724,862.0
5913,3,1992,664.0
5914,2,1786,893.0
5915,3,1981,660.3
5916,2,1927,963.5
5917,2,1903,951.5
5918,2,1990,995.0
5919,2,1971,985.5
5920,2,1975,987.5
5921,2,1932,966.0
5922,2,1911,955.5
5923,2,1908,954.0
5924,3,2032,677.3
5925,2,1900,950.0
5926,3,2040,680.0
5927,2,1982,991.0
5928,3,2055,685.0
5929,2,1969,984.5
5930,2,1980,990.0
5931,2,2016,1008.0
5932,2,1993,996.5
5933,2,1967,983.5
5934,3,2071,690.3
5935,2,2033,1016.5
5936,3,2079,693.0
5937,2,2096,1048.0
5938,2,2104,1052.0
5939,2,2058,1029.0
5940,2,2077,1038.5
5941,2,2094,1047.0
5942,2,2105,1052.5
5943,2,2088,1044.0
5944,2,2125,1062.5
5945,2,2121,1060.5
5946,2,2129,1064.5
5947,2,2141,1070.5
5948,2,2135,1067.5
5949,2,2097,1048.5
5950,2,2095,1047.5
5951,2,2125,1062.5
5952,2,2137,1068.5
5953,2,2147,1073.5
5954,2,2149,1074.5
5955,2,2152,1076.0
5956,2,2149,1074.5
5957,2,2143,1071.5
5958,2,2137,1068.5
5959,2,2150,1075.0
5960,2,2146,1073.0
5961,2,2140,1070.0
5962,2,2131,1065.5
5963,2,2144,1072.0
5964,2,2138,1069.0
5965,2,2146,1073.0
5966,2,2144,1072.0
5967,2,2143,1071.5
5968,2,2143,1071.5
5969,2,2142,1071.0
5970,2,2149,1074.5
5971,2,2150,1075.0
5972,2,2149,1074.5
5973,2,2148,1074.0
5974,2,2152,1076.0
5975,2,2152,1076.0
5976,2,2152,1076.0
5977,2,2152,1076.0
5978,2,2152,1076.0
5979,2,2152,1076.0
5980,2,2151,1075.5
5981,2,2151,1075.5
5982,2,2152,1076.0
5983,2,2143,1071.5
5984,2,2147,1073.5
5985,2,2152,1076.0
5986,2,2152,1076.0
5987,2,2152,1076.0
5988,2,2152,1076.0
5989,2,2152,1076.0
5990,2,2152,1076.0
5991,2,2152,1076.0
5992,2,2152,1076.0
5993,2,2152,1076.0
5994,2,2152,1076.0
5995,2,2152,1076.0
5996,2,2152,1076.0
5997,2,2152,1076.0
5998,2,2152,1076.0
5999,2,2152,1076.0
6000,2,2152,1076.0
6001,2,2152,1076.0
6002,2,2152,1076.0
6003,2,2152,1076.0
6004,1,1522,1522.0
6005,1,1553,1553.0
6006,1,1601,1601.0
6007,1,1622,1622.0
6008,1,1595,1595.0
6009,1,1521,1521.0
6010,1,1473,1473.0
6011,1,1517,1517.0
6012,2,2152,1076.0
6013,2,2152,1076.0
6014,1,1459,1459.0
6015,1,1493,1493.0
6016,1,1426,1426.0
6017,1,1408,1408.0
6018,1,1400,1400.0
6019,1,1371,1371.0
6020,1,1337,1337.0
6021,1,1318,1318.0
6022,1,1315,1315.0
6023,1,1313,1313.0
6024,1,1326,1326.0
6025,1,1431,1431.0
6026,1,1435,1435.0
6027,1,1479,1479.0
6028,2,2151,1075.5
6029,1,1446,1446.0
6030,1,1491,1491.0
6031,2,2152,1076.0
6032,2,2152,1076.0
6033,2,2148,1074.0
6034,2,2152,1076.0
6035,2,2151,1075.5
6036,2,2152,1076.0
6037,2,2152,1076.0
6038,2,2152,1076.0
6039,2,2152,1076.0
6040,2,2152,1076.0
6041,2,2152,1076.0
6042,2,2152,1076.0
6043,2,2152,1076.0
6044,2,2152,1076.0
6045,2,2152,1076.0
6046,2,2152,1076.0
6047,2,2152,1076.0
6048,2,2152,1076.0
6049,2,2152,1076.0
6050,2,2152,1076.0
6051,2,2152,1076.0
6052,2,2152,1076.0
6053,2,2151,1075.5
6054,2,2152,1076.0
6055,2,2152,1076.0
6056,2,2152,1076.0
6057,2,2152,1076.0
6058,2,2152,1076.0
6059,2,2152,1076.0
6060,2,2152,1076.0
6061,2,2152,1076.0
6062,2,2152,1076.0
6063,2,2152,1076.0
6064,2,2152,1076.0
6065,2,2152,1076.0
6066,2,2152,1076.0
6067,2,2152,1076.0
6068,2,2150,1075.0
6069,2,2152,1076.0
6070,2,2152,1076.0
6071,2,2151,1075.5
6072,2,2151,1075.5
6073,2,2152,1076.0
6074,2,2150,1075.0
6075,2,2152,1076.0
6076,2,2152,1076.0
6077,2,2152,1076.0
6078,2,2152,1076.0
6079,2,2152,1076.0
6080,2,2152,1076.0
6081,2,2152,1076.0
6082,2,2152,1076.0
6083,2,2152,1076.0
6084,2,2152,1076.0
6085,1,1712,1712.0
6086,2,2143,1071.5
6087,2,2140,1070.0
6088,2,2143,1071.5
6089,2,2151,1075.5
6090,2,2152,1076.0
6091,2,2152,1076.0
6092,2,2152,1076.0
6093,2,2152,1076.0
6094,2,2144,1072.0
6095,2,2152,1076.0
6096,2,2152,1076.0
6097,2,2151,1075.5
6098,2,2152,1076.0
6099,2,2152,1076.0
6100,2,2152,1076.0
6101,2,2152,1076.0
6102,2,2152,1076.0
6103,2,2152,1076.0
6104,2,2152,1076.0
6105,2,2152,1076.0
6106,2,2152,1076.0
6107,2,2152,1076.0
6108,2,2152,1076.0
6109,2,2152,1076.0
6110,2,2152,1076.0
6111,2,2151,1075.5
6112,2,2152,1076.0
6113,2,2152,1076.0
6114,2,2152,1076.0
6115,2,2152,1076.0
6116,2,2152,1076.0
6117,2,2152,1076.0
6118,2,2152,1076.0
6119,2,2152,1076.0
6120,2,2152,1076.0
6121,2,2152,1076.0
6122,2,2151,1075.5
6123,2,2152,1076.0
6124,2,2152,1076.0
6125,2,2152,1076.0
6126,2,2152,1076.0
6127,2,2152,1076.0
6128,2,2144,1072.0
6129,2,2147,1073.5
6130,2,2124,1062.0
6131,3,2143,714.3
6132,2,2122,1061.0
6133,2,2067,1033.5
6134,2,2044,1022.0
6135,3,2132,710.7
6136,2,2043,1021.5
6137,2,2012,1006.0
6138,2,1922,961.0
6139,3,2089,696.3
6140,2,1919,959.5
6141,2,1916,958.0
6142,2,1883,941.5
6143,2,1861,930.5
6144,2,1860,930.0
6145,2,1854,927.0
6146,1,1142,1142.0
6147,3,2042,680.7
6148,2,1906,953.0
6149,3,2059,686.3
6150,3,2045,681.7
6151,2,1873,936.5
6152,2,1870,935.0
6153,2,1868,934.0
6154,2,1800,900.0
6155,2,1726,863.0
6156,3,2059,686.3
6157,2,1782,891.0
6158,2,1826,913.0
6159,2,1870,935.0
6160,3,2063,687.7
6161,2,1837,918.5
6162,2,1896,948.0
6163,2,1804,902.0
6164,2,1793,896.5
6165,2,1822,911.0
6166,2,1785,892.5
6167,2,1874,937.0
6168,2,1857,928.5
6169,2,1908,954.0
6170,2,1918,959.0
6171,2,1879,939.5
6172,2,1901,950.5
6173,2,1866,933.0
6174,2,1843,921.5
6175,2,1885,942.5
6176,2,1914,957.0
6177,2,1953,976.5
6178,2,1951,975.5
6179,2,1942,971.0
6180,2,1980,990.0
6181,2,1976,988.0
6182,2,1876,938.0
6183,2,1830,915.0
6184,2,1863,931.5
6185,2,1739,869.5
6186,2,1831,915.5
6187,2,1754,877.0
6188,2,1842,921.0
6189,2,1737,868.5
6190,3,1971,657.0
6191,3,1851,617.0
6192,2,1566,783.0
6193,3,1859,619.7
6194,2,1608,804.0
6195,2,1611,805.5
6196,2,1610,805.0
6197,2,1633,816.5
6198,2,1636,818.0
6199,3,1936,645.3
6200,3,1969,656.3
6201,3,1928,642.7
6202,3,1955,651.7
6203,3,1918,639.3
6204,3,1975,658.3
6205,3,1938,646.0
6206,3,1967,655.7
6207,3,1996,665.3
6208,3,2016,672.0
6209,3,2038,679.3
6210,3,2036,678.7
6211,2,1716,858.0
6212,2,1665,832.5
6213,2,1594,797.0
6214,2,1534,767.0
6215,3,1903,634.3
6216,3,1921,640.3
6217,3,1935,645.0
6218,3,1897,632.3
6219,3,1893,631.0
6220,3,1898,632.7
6221,3,1837,612.3
6222,3,1870,623.3
6223,3,1900,633.3
6224,3,1910,636.7
6225,3,1879,626.3
6226,3,1869,623.0
6227,2,1482,741.0
6228,2,1550,775.0
6229,2,1461,730.5
6230,2,1501,750.5
6231,3,1930,643.3
6232,3,1916,638.7
6233,3,1937,645.7
6234,2,1499,749.5
6235,3,1989,663.0
6236,3,1989,663.0
6237,3,1988,662.7
6238,2,1455,727.5
6239,2,1466,733.0
6240,2,1506,753.0
6241,2,1523,761.5
6242,2,1489,744.5
6243,2,1510,755.0
6244,2,1482,741.0
6245,2,1433,716.5
6246,1,1011,1011.0
6247,1,1101,1101.0
6248,1,1071,1071.0
6249,3,2009,669.7
6250,1,998,998.0
6251,1,1033,1033.0
6252,3,1956,652.0
6253,3,1967,655.7
6254,2,1563,781.5
6255,2,1566,783.0
6256,2,1584,792.0
6257,2,1592,796.0
6258,2,1672,836.0
6259,2,1639,819.5
6260,3,1953,651.0
6261,2,1610,805.0
6262,2,1517,758.5
6263,2,1522,761.0
6264,3,2001,667.0
6265,3,2035,678.3
6266,2,1740,870.0
6267,2,1701,850.5
6268,2,1663,831.5
6269,2,1769,884.5
6270,2,1710,855.0
6271,2,1749,874.5
6272,3,1982,660.7
6273,1,1128,1128.0
6274,2,1408,704.0
6275,3,2003,667.7
6276,2,1386,693.0
6277,3,2026,675.3
6278,3,2040,680.0
6279,3,2042,680.7
6280,2,1883,941.5
6281,2,1850,925.0
6282,3,2037,679.0
6283,3,2042,680.7
6284,3,2032,677.3
6285,3,2046,682.0
6286,2,1835,917.5
6287,2,1819,909.5
6288,2,1813,906.5
6289,2,1842,921.0
6290,2,1794,897.0
6291,3,2060,686.7
6292,2,1561,780.5
6293,1,1254,1254.0
6294,2,1533,766.5
6295,2,1458,729.0
6296,2,1567,783.5
6297,2,1654,827.0
6298,2,1735,867.5
6299,2,1640,820.0
6300,2,1634,817.0
6301,2,1623,811.5
6302,2,1692,846.0
6303,2,1706,853.0
6304,2,1767,883.5
6305,2,1717,858.5
6306,2,1793,896.5
6307,2,1858,929.0
6308,1,1527,1527.0
6309,2,1836,918.0
6310,2,1831,915.5
6311,1,1747,1747.0
6312,1,1757,1757.0
6313,2,1966,983.0
6314,2,1981,990.5
6315,3,2148,716.0
6316,2,2008,1004.0
6317,2,2032,1016.0
6318,2,2048,1024.0
6319,2,2065,1032.5
6320,1,1834,1834.0
6321,1,1826,1826.0
6322,2,1899,949.5
6323,2,1901,950.5
6324,1,1680,1680.0
6325,2,1925,962.5
6326,3,2138,712.7
6327,3,2126,708.7
6328,3,2131,710.3
6329,3,2118,706.0
6330,3,2124,708.0
6331,2,1943,971.5
6332,3,2150,716.7
6333,3,2139,713.0
6334,3,2149,716.3
6335,2,1974,987.0
6336,3,2142,714.0
6337,3,2142,714.0
6338,3,2141,713.7
6339,3,2150,716.7
6340,2,1931,965.5
6341,2,1834,917.0
6342,2,1816,908.0
6343,2,1763,881.5
6344,2,1774,887.0
6345,3,2103,701.0
6346,3,2082,694.0
6347,2,1697,848.5
6348,2,1604,802.0
6349,1,1111,1111.0
6350,1,1080,1080.0
6351,3,2018,672.7
6352,3,2006,668.7
6353,3,2015,671.7
6354,2,1521,760.5
6355,2,1637,818.5
6356,2,1639,819.5
6357,2,1673,836.5
6358,2,1612,806.0
6359,2,1630,815.0
6360,1,1162,1162.0
6361,2,1620,810.0
6362,2,1607,803.5
6363,2,1588,794.0
6364,2,1588,794.0
6365,2,1593,796.5
6366,2,1566,783.0
6367,3,2071,690.3
6368,3,2063,687.7
6369,3,2064,688.0
6370,2,1586,793.0
6371,3,2088,696.0
6372,3,2082,694.0
6373,2,1752,876.0
6374,3,2073,691.0
6375,2,1655,827.5
6376,3,2090,696.7
6377,3,2080,693.3
6378,3,2097,699.0
6379,2,1746,873.0
6380,3,2093,697.7
6381,3,2089,696.3
6382,3,2094,698.0
6383,3,2094,698.0
6384,3,2101,700.3
6385,3,2099,699.7
6386,3,2111,703.7
6387,3,2107,702.3
6388,3,2098,699.3
6389,3,2117,705.7
6390,3,2109,703.0
6391,3,2115,705.0
6392,3,2123,707.7
6393,3,2123,707.7
6394,3,2115,705.0
6395,3,2132,710.7
6396,3,2140,713.3
6397,3,2142,714.0
6398,3,2131,710.3
6399,3,2126,708.7
6400,3,2123,707.7
6401,3,2116,705.3
6402,3,2107,702.3
6403,3,2104,701.3
6404,3,2126,708.7
6405,3,2121,707.0
6406,3,2113,704.3
6407,3,2119,706.3
6408,3,2072,690.7
6409,3,2086,695.3
6410,3,2086,695.3
6411,3,2057,685.7
6412,3,2059,686.3
6413,3,2063,687.7
6414,3,2012,670.7
6415,3,2026,675.3
6416,3,2047,682.3
6417,3,2058,686.0
6418,3,2009,669.7
6419,3,2003,667.7
6420,3,2006,668.7
6421,3,2021,673.7
6422,3,1989,663.0
6423,3,1973,657.7
6424,3,1977,659.0
6425,3,1987,662.3
6426,2,1737,868.5
6427,2,1828,914.0
6428,2,1832,916.0
6429,2,1850,925.0
6430,2,1825,912.5
6431,2,1741,870.5
6432,2,1709,854.5
6433,3,2049,683.0
6434,2,1636,818.0
6435,3,2018,672.7
6436,2,1624,812.0
6437,3,2067,689.0
6438,3,2057,685.7
6439,3,2064,688.0
6440,3,2052,684.0
6441,2,1693,846.5
6442,2,1703,851.5
6443,2,1760,880.0
6444,2,1794,897.0
6445,2,1744,872.0
6446,2,1669,834.5
6447,2,1635,817.5
6448,2,1674,837.0
6449,2,1636,818.0
6450,2,1598,799.0
6451,2,1627,813.5
6452,2,1573,786.5
6453,2,1624,812.0
6454,2,1639,819.5
6455,2,1737,868.5
6456,2,1672,836.0
6457,2,1670,835.0
6458,2,1767,883.5
6459,2,1810,905.0
6460,2,1709,854.5
6461,2,1666,833.0
6462,2,1612,806.0
6463,2,1676,838.0
6464,2,1557,778.5
6465,1,943,943.0
6466,1,925,925.0
6467,2,1452,726.0
6468,2,1364,682.0
6469,2,1305,652.5
6470,2,1306,653.0
6471,2,1276,638.0
6472,1,728,728.0
6473,2,1252,626.0
6474,1,655,655.0
6475,2,1239,619.5
6476,1,673,673.0
6477,1,684,684.0
6478,1,668,668.0
6479,1,746,746.0
6480,2,1346,673.0
6481,2,1437,718.5
6482,2,1575,787.5
6483,2,1460,730.0
6484,2,1411,705.5
6485,2,1438,719.0
6486,2,1421,710.5
6487,2,1413,706.5
6488,2,1370,685.0
6489,2,1340,670.0
6490,2,1413,706.5
6491,1,756,756.0
6492,1,740,740.0
6493,1,823,823.0
6494,2,1475,737.5
6495,2,1524,762.0
6496,3,1914,638.0
6497,2,1549,774.5
6498,1,961,961.0
6499,3,1900,633.3
6500,2,1474,737.0
6501,1,902,902.0
6502,1,890,890.0
6503,2,1476,738.0
6504,1,896,896.0
6505,2,1534,767.0
6506,2,1466,733.0
6507,2,1475,737.5
6508,2,1583,791.5
6509,2,1579,789.5
6510,2,1618,809.0
6511,2,1613,806.5
6512,2,1684,842.0
6513,2,1697,848.5
6514,2,1613,806.5
6515,2,1598,799.0
6516,2,1563,781.5
6517,2,1565,782.5
6518,2,1517,758.5
6519,2,1560,780.0
6520,2,1580,790.0
6521,2,1555,777.5
6522,2,1559,779.5
6523,3,1925,641.7
6524,3,1970,656.7
6525,3,1952,650.7
6526,3,1944,648.0
6527,3,1923,641.0
6528,2,2149,1074.5
6529,4,2152,538.0
6530,4,2152,538.0
6531,3,1901,633.7
6532,3,1913,637.7
6533,3,1932,644.0
6534,3,1987,662.3
6535,3,1983,661.0
6536,3,1956,652.0
6537,3,1950,650.0
6538,3,1932,644.0
6539,3,1961,653.7
6540,3,1967,655.7
6541,4,9393,2348.2
6542,3,1948,649.3
6543,4,9398,2349.5
6544,4,9398,2349.5
6545,3,1918,639.3
6546,4,9401,2350.2
6547,4,9428,2357.0
6548,4,9454,2363.5
6549,4,9442,2360.5
6550,4,9484,2371.0
6551,4,9498,2374.5
6552,4,9511,2377.8
6553,4,9502,2375.5
6554,4,9485,2371.2
6555,4,9508,2377.0
6556,4,9485,2371.2
6557,4,9492,2373.0
6558,4,9517,2379.2
6559,4,9520,2380.0
6560,3,2106,702.0
6561,3,2100,700.0
6562,3,2126,708.7
6563,3,2146,715.3
6564,2,2152,1076.0
6565,2,2152,1076.0
6566,2,2152,1076.0
6567,2,2152,1076.0
6568,2,2152,1076.0
6569,2,2152,1076.0
6570,2,2152,1076.0
6571,2,2152,1076.0
6572,2,2152,1076.0
6573,2,2152,1076.0
6574,2,2149,1074.5
6575,2,2152,1076.0
6576,2,2152,1076.0
6577,2,2152,1076.0
6578,2,2152,1076.0
6579,2,2152,1076.0
6580,2,2152,1076.0
6581,2,2152,1076.0
6582,2,2152,1076.0
6583,2,2152,1076.0
6584,2,2152,1076.0
6585,2,2152,1076.0
6586,2,2152,1076.0
6587,2,2151,1075.5
6588,2,2152,1076.0
6589,2,2152,1076.0
6590,2,2152,1076.0
6591,2,2152,1076.0
6592,2,2152,1076.0
6593,2,2152,1076.0
6594,2,2152,1076.0
6595,2,2152,1076.0
6596,2,2152,1076.0
6597,2,2152,1076.0
6598,2,2152,1076.0
6599,2,2152,1076.0
6600,2,2152,1076.0
6601,2,2152,1076.0
6602,2,2152,1076.0
6603,2,2151,1075.5
6604,2,2150,1075.0
6605,2,2147,1073.5
6606,2,2152,1076.0
6607,2,2148,1074.0
6608,2,2152,1076.0
6609,2,2152,1076.0
6610,2,2152,1076.0
6611,2,2152,1076.0
6612,2,2152,1076.0
6613,2,2152,1076.0
6614,2,2152,1076.0
6615,2,2152,1076.0
6616,2,2151,1075.5
6617,2,2152,1076.0
6618,2,2152,1076.0
6619,2,2151,1075.5
6620,2,2152,1076.0
6621,2,2151,1075.5
6622,2,2152,1076.0
6623,2,2152,1076.0
6624,2,2152,1076.0
6625,2,2152,1076.0
6626,2,2152,1076.0
6627,2,2152,1076.0
6628,2,2152,1076.0
6629,2,2152,1076.0
6630,2,2150,1075.0
6631,2,2151,1075.5
6632,2,2151,1075.5
6633,2,2152,1076.0
6634,2,2152,1076.0
6635,2,2152,1076.0
6636,2,2151,1075.5
6637,2,2152,1076.0
6638,2,2152,1076.0
6639,2,2149,1074.5
6640,2,2150,1075.0
6641,2,2152,1076.0
6642,2,2152,1076.0
6643,2,2151,1075.5
6644,2,2152,1076.0
6645,2,2152,1076.0
6646,2,2152,1076.0
6647,2,2152,1076.0
6648,2,2151,1075.5
6649,2,2152,1076.0
6650,2,2152,1076.0
6651,2,2152,1076.0
6652,2,2152,1076.0
6653,2,2152,1076.0
6654,2,2152,1076.0
6655,2,2152,1076.0
6656,2,2152,1076.0
6657,2,2152,1076.0
6658,2,2151,1075.5
6659,2,2144,1072.0
6660,2,2144,1072.0
6661,2,2152,1076.0
6662,2,2151,1075.5
6663,2,2152,1076.0
6664,2,2152,1076.0
6665,2,2152,1076.0
6666,2,2152,1076.0
6667,2,2144,1072.0
6668,2,2144,1072.0
6669,2,2144,1072.0
6670,2,2144,1072.0
6671,1,1961,1961.0
6672,1,2046,2046.0
6673,2,2142,1071.0
6674,2,2144,1072.0
6675,2,2141,1070.5
6676,2,2144,1072.0
6677,1,2038,2038.0
6678,1,2015,2015.0
6679,1,2020,2020.0
6680,1,2079,2079.0
6681,1,2067,2067.0
6682,1,2125,2125.0
6683,1,2113,2113.0
6684,2,2141,1070.5
6685,1,2113,2113.0
6686,1,2125,2125.0
6687,1,2135,2135.0
6688,1,2132,2132.0
6689,1,2134,2134.0
6690,1,2142,2142.0
6691,1,2135,2135.0
6692,1,2137,2137.0
6693,1,2133,2133.0
6694,1,2113,2113.0
6695,1,2112,2112.0
6696,1,2118,2118.0
6697,1,2070,2070.0
6698,1,2100,2100.0
6699,1,2126,2126.0
6700,1,2120,2120.0
6701,1,2112,2112.0
6702,2,2141,1070.5
6703,1,2091,2091.0
6704,1,2089,2089.0
6705,2,2143,1071.5
6706,1,2055,2055.0
6707,1,2084,2084.0
6708,1,2118,2118.0
6709,1,2133,2133.0
6710,1,2127,2127.0
6711,1,2091,2091.0
6712,2,2143,1071.5
6713,2,2144,1072.0
6714,1,2112,2112.0
6715,1,2112,2112.0
6716,1,2119,2119.0
6717,1,2111,2111.0
6718,2,2144,1072.0
6719,2,2143,1071.5
6720,2,2144,1072.0
6721,2,2144,1072.0
6722,2,2144,1072.0
6723,2,2144,1072.0
6724,2,2144,1072.0
6725,2,2144,1072.0
6726,1,2061,2061.0
6727,2,2144,1072.0
6728,2,2144,1072.0
6729,2,2139,1069.5
6730,2,2136,1068.0
6731,1,2056,2056.0
6732,2,2130,1065.0
6733,1,2110,2110.0
6734,1,2097,2097.0
6735,1,2099,2099.0
6736,1,2094,2094.0
6737,1,2085,2085.0
6738,1,2116,2116.0
6739,1,2124,2124.0
6740,1,2128,2128.0
6741,1,2119,2119.0
6742,1,2112,2112.0
6743,1,2107,2107.0
6744,1,2126,2126.0
6745,1,2134,2134.0
6746,1,2133,2133.0
6747,1,2118,2118.0
6748,1,2131,2131.0
6749,1,2112,2112.0
6750,1,2116,2116.0
6751,1,2113,2113.0
6752,1,2099,2099.0
6753,2,2136,1068.0
6754,1,2039,2039.0
6755,1,2066,2066.0
6756,1,2082,2082.0
6757,1,2090,2090.0
6758,1,2083,2083.0
6759,1,2068,2068.0
6760,1,2080,2080.0
6761,1,2080,2080.0
6762,1,2105,2105.0
6763,1,2088,2088.0
6764,1,2115,2115.0
6765,1,2112,2112.0
6766,1,2121,2121.0
6767,1,2119,2119.0
6768,1,2112,2112.0
6769,1,2126,2126.0
6770,1,2129,2129.0
6771,1,2121,2121.0
6772,1,2120,2120.0
6773,2,2143,1071.5
6774,1,2099,2099.0
6775,1,2123,2123.0
6776,1,2134,2134.0
6777,1,2124,2124.0
6778,1,2135,2135.0
6779,1,2135,2135.0
6780,1,2136,2136.0
6781,1,2136,2136.0
6782,1,2136,2136.0
6783,1,2136,2136.0
6784,1,2144,2144.0
6785,1,2144,2144.0
6786,1,2144,2144.0
6787,1,2144,2144.0
6788,1,2144,2144.0
6789,1,2144,2144.0
6790,1,2144,2144.0
6791,1,2144,2144.0
6792,1,2144,2144.0
6793,1,2144,2144.0
6794,1,2144,2144.0
6795,1,2144,2144.0
6796,1,2144,2144.0
6797,1,2144,2144.0
6798,1,2144,2144.0
6799,1,2144,2144.0
6800,1,2144,2144.0
6801,1,2144,2144.0
6802,1,2144,2144.0
6803,1,2144,2144.0
6804,1,2144,2144.0
6805,1,2152,2152.0
6806,1,2144,2144.0
6807,1,2144,2144.0
6808,1,2144,2144.0
6809,1,2144,2144.0
6810,1,2144,2144.0
6811,1,2144,2144.0
6812,1,2144,2144.0
6813,1,2144,2144.0
6814,1,2144,2144.0
6815,1,2144,2144.0
6816,1,2144,2144.0
6817,1,2144,2144.0
6818,1,2144,2144.0
6819,1,2144,2144.0
6820,1,2144,2144.0
6821,1,2144,2144.0
6822,1,2144,2144.0
6823,1,2144,2144.0
6824,1,2144,2144.0
6825,1,2144,2144.0
6826,1,2144,2144.0
6827,1,2144,2144.0
6828,1,2144,2144.0
6829,1,2144,2144.0
6830,1,2144,2144.0
6831,1,2144,2144.0
6832,1,2144,2144.0
6833,1,2144,2144.0
6834,1,2144,2144.0
6835,1,2144,2144.0
6836,1,2144,2144.0
6837,1,2144,2144.0
6838,1,2144,2144.0
6839,1,2144,2144.0
6840,1,2144,2144.0
6841,1,2144,2144.0
6842,1,2144,2144.0
6843,1,2144,2144.0
6844,1,2144,2144.0
6845,1,2144,2144.0
6846,1,2144,2144.0
6847,1,2144,2144.0
6848,1,2144,2144.0
6849,1,2144,2144.0
6850,1,2144,2144.0
6851,1,2144,2144.0
6852,1,2144,2144.0
6853,1,2144,2144.0
6854,1,2144,2144.0
6855,1,2144,2144.0
6856,1,2144,2144.0
6857,1,2144,2144.0
6858,1,2144,2144.0
6859,1,2144,2144.0
6860,1,2144,2144.0
6861,1,2144,2144.0
6862,1,2142,2142.0
6863,1,2142,2142.0
6864,1,2143,2143.0
6865,1,2144,2144.0
6866,1,2144,2144.0
6867,1,2144,2144.0
6868,1,2144,2144.0
6869,1,2144,2144.0
6870,1,2144,2144.0
6871,1,2142,2142.0
6872,1,2141,2141.0
6873,1,2131,2131.0
6874,1,2122,2122.0
6875,1,2117,2117.0
6876,1,2099,2099.0
6877,1,2090,2090.0
6878,1,2081,2081.0
6879,3,9574,3191.3
6880,2,2130,1065.0
6881,1,2055,2055.0
6882,2,2140,1070.0
6883,1,2013,2013.0
6884,2,9447,4723.5
6885,3,9549,3183.0
6886,3,9431,3143.7
6887,2,9438,4719.0
6888,1,2095,2095.0
6889,2,2130,1065.0
6890,2,9522,4761.0
6891,2,9539,4769.5
6892,2,9552,4776.0
6893,2,9556,4778.0
6894,2,9547,4773.5
6895,2,9544,4772.0
6896,2,9545,4772.5
6897,2,9549,4774.5
6898,2,9523,4761.5
6899,2,9519,4759.5
6900,2,9532,4766.0
6901,4,9449,2362.2
6902,4,9483,2370.8
6903,4,9473,2368.2
6904,4,9466,2366.5
6905,5,9559,1911.8
6906,4,9472,2368.0
6907,4,9459,2364.8
6908,4,9440,2360.0
6909,4,9388,2347.0
6910,4,9404,2351.0
6911,4,9425,2356.2
6912,4,9425,2356.2
6913,3,9047,3015.7
6914,3,9040,3013.3
6915,3,9114,3038.0
6916,3,9103,3034.3
6917,3,9121,3040.3
6918,3,9048,3016.0
6919,4,9374,2343.5
6920,4,9374,2343.5
6921,4,9402,2350.5
6922,4,9430,2357.5
6923,3,9229,3076.3
6924,3,9144,3048.0
6925,3,9187,3062.3
6926,3,9155,3051.7
6927,3,9113,3037.7
6928,3,9084,3028.0
6929,3,9109,3036.3
6930,3,9099,3033.0
6931,3,9088,3029.3
6932,3,9084,3028.0
6933,3,9106,3035.3
6934,3,9114,3038.0
6935,3,9134,3044.7
6936,4,9386,2346.5
6937,4,9413,2353.2
6938,3,9174,3058.0
6939,4,9379,2344.8
6940,4,9412,2353.0
6941,3,9187,3062.3
6942,3,9193,3064.3
6943,3,9166,3055.3
6944,4,9401,2350.2
6945,4,9423,2355.8
6946,4,9436,2359.0
6947,4,9478,2369.5
6948,3,9210,3070.0
6949,3,9240,3080.0
6950,3,9222,3074.0
6951,3,9258,3086.0
6952,3,9308,3102.7
6953,4,9484,2371.0
6954,4,9473,2368.2
6955,4,9516,2379.0
6956,4,9504,2376.0
6957,3,9322,3107.3
6958,3,9328,3109.3
6959,3,9314,3104.7
6960,3,9269,3089.7
6961,3,9270,3090.0
6962,3,9245,3081.7
6963,3,9262,3087.3
6964,3,9211,3070.3
6965,3,9189,3063.0
6966,3,9109,3036.3
6967,3,9112,3037.3
6968,3,9067,3022.3
6969,3,9143,3047.7
6970,3,9094,3031.3
6971,3,9135,3045.0
6972,3,9081,3027.0
6973,3,9179,3059.7
6974,3,9190,3063.3
6975,3,9188,3062.7
6976,3,9262,3087.3
6977,3,9265,3088.3
6978,3,9314,3104.7
6979,3,9343,3114.3
6980,3,9552,3184.0
6981,3,9560,3186.7
6982,3,9552,3184.0
6983,2,9286,4643.0
6984,2,9253,4626.5
6985,3,9557,3185.7
6986,3,9559,3186.3
6987,3,9559,3186.3
6988,3,9559,3186.3
6989,3,9335,3111.7
6990,3,9353,3117.7
6991,3,9313,3104.3
6992,4,9473,2368.2
6993,3,9560,3186.7
6994,3,9226,3075.3
6995,3,9560,3186.7
6996,3,9560,3186.7
6997,3,9560,3186.7
6998,3,9560,3186.7
6999,3,9560,3186.7
7000,3,9560,3186.7
7001,3,9560,3186.7
7002,3,9560,3186.7
7003,3,9560,3186.7
7004,3,9559,3186.3
7005,3,9559,3186.3
7006,3,9559,3186.3
7007,3,9555,3185.0
7008,3,9464,3154.7
7009,3,9560,3186.7
7010,4,9530,2382.5
7011,3,9551,3183.7
7012,3,9560,3186.7
7013,3,9560,3186.7
7014,3,9552,3184.0
7015,3,9552,3184.0
7016,3,9552,3184.0
7017,3,9552,3184.0
7018,3,9552,3184.0
7019,3,9552,3184.0
7020,3,9552,3184.0
7021,3,9552,3184.0
7022,3,9552,3184.0
7023,3,9552,3184.0
7024,3,9552,3184.0
7025,3,9551,3183.7
7026,3,9548,3182.7
7027,3,9551,3183.7
7028,3,9552,3184.0
7029,3,9552,3184.0
7030,3,9552,3184.0
7031,3,9544,3181.3
7032,3,9543,3181.0
7033,3,9536,3178.7
7034,3,9536,3178.7
7035,3,9536,3178.7
7036,3,9544,3181.3
7037,3,9552,3184.0
7038,3,9536,3178.7
7039,2,9214,4607.0
7040,2,9262,4631.0
7041,3,9552,3184.0
7042,3,9552,3184.0
7043,3,9544,3181.3
7044,3,9543,3181.0
7045,3,9544,3181.3
7046,3,9544,3181.3
7047,3,9544,3181.3
7048,3,9544,3181.3
7049,3,9544,3181.3
7050,3,9544,3181.3
7051,3,9544,3181.3
7052,3,9544,3181.3
7053,3,9536,3178.7
7054,3,9536,3178.7
7055,3,9536,3178.7
7056,3,9535,3178.3
7057,3,9536,3178.7
7058,3,9536,3178.7
7059,3,9536,3178.7
7060,3,9536,3178.7
7061,3,9536,3178.7
7062,3,9535,3178.3
7063,3,9536,3178.7
7064,3,9536,3178.7
7065,3,9536,3178.7
7066,3,9536,3178.7
7067,3,9535,3178.3
7068,3,9536,3178.7
7069,3,9536,3178.7
7070,3,9535,3178.3
7071,3,9536,3178.7
7072,3,9535,3178.3
7073,3,9536,3178.7
7074,3,9536,3178.7
7075,3,9536,3178.7
7076,3,9536,3178.7
7077,3,9536,3178.7
7078,3,9536,3178.7
7079,3,9536,3178.7
7080,3,9536,3178.7
7081,3,9536,3178.7
7082,3,9536,3178.7
7083,3,9536,3178.7
7084,3,9536,3178.7
7085,3,9536,3178.7
7086,3,9536,3178.7
7087,3,9536,3178.7
7088,3,9536,3178.7
7089,3,9535,3178.3
7090,3,9536,3178.7
7091,3,9536,3178.7
7092,3,9536,3178.7
7093,3,9536,3178.7
7094,3,9536,3178.7
7095,3,9536,3178.7
7096,3,9536,3178.7
7097,3,9536,3178.7
7098,3,9535,3178.3
7099,3,9535,3178.3
7100,3,9535,3178.3
7101,3,9536,3178.7
7102,3,9535,3178.3
7103,3,9535,3178.3
7104,3,9536,3178.7
7105,3,9536,3178.7
7106,3,9536,3178.7
7107,3,9536,3178.7
7108,3,9536,3178.7
7109,3,9536,3178.7
7110,3,9533,3177.7
7111,3,9536,3178.7
7112,3,9536,3178.7
7113,3,9536,3178.7
7114,3,9536,3178.7
7115,3,9535,3178.3
7116,3,9536,3178.7
7117,3,9536,3178.7
7118,3,9536,3178.7
7119,3,9536,3178.7
7120,3,9534,3178.0
7121,3,9536,3178.7
7122,3,9536,3178.7
7123,3,9531,3177.0
7124,3,9534,3178.0
7125,3,9532,3177.3
7126,3,9533,3177.7
7127,3,9534,3178.0
7128,3,9536,3178.7
7129,3,9534,3178.0
7130,3,9536,3178.7
7131,3,9536,3178.7
7132,3,9534,3178.0
7133,3,9536,3178.7
7134,3,9536,3178.7
7135,3,9536,3178.7
7136,3,9536,3178.7
7137,3,9536,3178.7
7138,3,9536,3178.7
7139,3,9536,3178.7
7140,3,9536,3178.7
7141,3,9536,3178.7
7142,3,9536,3178.7
7143,3,9535,3178.3
7144,3,9536,3178.7
7145,3,9536,3178.7
7146,3,9536,3178.7
7147,3,9535,3178.3
7148,3,9536,3178.7
7149,3,9536,3178.7
7150,3,9536,3178.7
7151,3,9536,3178.7
7152,3,9536,3178.7
7153,3,9536,3178.7
7154,3,9536,3178.7
7155,3,9536,3178.7
7156,3,9536,3178.7
7157,3,9536,3178.7
7158,3,9536,3178.7
7159,3,9536,3178.7
7160,3,9536,3178.7
7161,3,9536,3178.7
7162,3,9536,3178.7
7163,3,9536,3178.7
7164,3,9536,3178.7
7165,3,9536,3178.7
7166,3,9535,3178.3
7167,3,9536,3178.7
7168,3,9536,3178.7
7169,3,9536,3178.7
7170,3,9536,3178.7
7171,3,9536,3178.7
7172,3,9536,3178.7
7173,3,9536,3178.7
7174,3,9536,3178.7
7175,3,9536,3178.7
7176,3,9536,3178.7
7177,3,9536,3178.7
7178,3,9536,3178.7
7179,3,9534,3178.0
7180,3,9536,3178.7
7181,3,9536,3178.7
7182,3,9536,3178.7
7183,3,9536,3178.7
7184,3,9536,3178.7
7185,3,9536,3178.7
7186,3,9536,3178.7
7187,3,9536,3178.7
7188,3,9536,3178.7
7189,3,9536,3178.7
7190,3,9536,3178.7
7191,3,9536,3178.7
7192,3,9536,3178.7
7193,3,9536,3178.7
7194,3,9536,3178.7
7195,3,9536,3178.7
7196,3,9536,3178.7
7197,3,9536,3178.7
7198,3,9536,3178.7
7199,3,9536,3178.7
7200,3,9536,3178.7
7201,3,9536,3178.7
7202,3,9536,3178.7
7203,3,9536,3178.7
7204,3,9536,3178.7
7205,3,9536,3178.7
7206,3,9536,3178.7
7207,3,9536,3178.7
7208,3,9536,3178.7
7209,3,9536,3178.7
7210,3,9536,3178.7
7211,3,9536,3178.7
7212,3,9535,3178.3
7213,3,9536,3178.7
7214,3,9536,3178.7
7215,3,9536,3178.7
7216,3,9536,3178.7
7217,3,9536,3178.7
7218,3,9536,3178.7
7219,3,9536,3178.7
7220,3,9536,3178.7
7221,3,9536,3178.7
7222,3,9536,3178.7
7223,3,9536,3178.7
7224,3,9536,3178.7
7225,3,9536,3178.7
7226,3,9536,3178.7
7227,3,9536,3178.7
7228,3,9536,3178.7
7229,3,9536,3178.7
7230,3,9536,3178.7
7231,3,9536,3178.7
7232,3,9536,3178.7
7233,3,9536,3178.7
7234,3,9536,3178.7
7235,3,9536,3178.7
7236,3,9536,3178.7
7237,3,9536,3178.7
7238,3,9536,3178.7
7239,3,9536,3178.7
7240,3,9536,3178.7
7241,3,9536,3178.7
7242,3,9536,3178.7
7243,3,9536,3178.7
7244,3,9536,3178.7
7245,3,9536,3178.7
7246,3,9536,3178.7
7247,3,9536,3178.7
7248,3,9536,3178.7
7249,3,9536,3178.7
7250,3,9536,3178.7
7251,3,9536,3178.7
7252,3,9536,3178.7
7253,3,9536,3178.7
7254,3,9536,3178.7
7255,3,9536,3178.7
7256,3,9536,3178.7
7257,3,9536,3178.7
7258,3,9536,3178.7
7259,3,9536,3178.7
7260,3,9536,3178.7
7261,3,9536,3178.7
7262,3,9536,3178.7
7263,3,9536,3178.7
7264,3,9536,3178.7
7265,3,9536,3178.7
7266,3,9536,3178.7
7267,3,9536,3178.7
7268,3,9536,3178.7
7269,3,9536,3178.7
7270,3,9536,3178.7
7271,3,9536,3178.7
7272,3,9536,3178.7
7273,3,9536,3178.7
7274,3,9536,3178.7
7275,3,9536,3178.7
7276,3,9536,3178.7
7277,3,9536,3178.7
7278,3,9536,3178.7
7279,3,9536,3178.7
7280,3,9536,3178.7
7281,3,9536,3178.7
7282,3,9536,3178.7
7283,3,9536,3178.7
7284,3,9536,3178.7
7285,3,9536,3178.7
7286,3,9536,3178.7
7287,3,9536,3178.7
7288,3,9536,3178.7
7289,3,9536,3178.7
7290,3,9536,3178.7
7291,3,9536,3178.7
7292,3,9536,3178.7
7293,3,9536,3178.7
7294,3,9536,3178.7
7295,3,9536,3178.7
7296,3,9536,3178.7
7297,3,9536,3178.7
7298,3,9536,3178.7
7299,3,9536,3178.7
7300,3,9536,3178.7
7301,3,9536,3178.7
7302,3,9536,3178.7
7303,3,9536,3178.7
7304,3,9536,3178.7
7305,3,9536,3178.7
7306,3,9528,3176.0
7307,3,9528,3176.0
7308,3,9536,3178.7
7309,3,9528,3176.0
7310,3,9528,3176.0
7311,3,9528,3176.0
7312,3,9528,3176.0
7313,3,9528,3176.0
7314,3,9536,3178.7
7315,3,9536,3178.7
7316,3,9536,3178.7
7317,3,9536,3178.7
7318,3,9536,3178.7
7319,3,9536,3178.7
7320,3,9528,3176.0
7321,3,9528,3176.0
7322,3,9528,3176.0
7323,3,9536,3178.7
7324,3,9528,3176.0
7325,3,9528,3176.0
7326,3,9536,3178.7
7327,3,9536,3178.7
7328,3,9535,3178.3
7329,3,9536,3178.7
7330,3,9528,3176.0
7331,3,9528,3176.0
7332,3,9528,3176.0
7333,3,9528,3176.0
7334,3,9536,3178.7
7335,3,9536,3178.7
7336,3,9536,3178.7
7337,3,9536,3178.7
7338,3,9536,3178.7
7339,3,9536,3178.7
7340,3,9536,3178.7
7341,3,9536,3178.7
7342,3,9536,3178.7
7343,3,9536,3178.7
7344,3,9533,3177.7
7345,3,9536,3178.7
7346,3,9536,3178.7
7347,3,9536,3178.7
7348,3,9536,3178.7
7349,3,9536,3178.7
7350,3,9536,3178.7
7351,3,9536,3178.7
7352,3,9536,3178.7
7353,3,9536,3178.7
7354,3,9536,3178.7
7355,3,9536,3178.7
7356,3,9536,3178.7
7357,3,9536,3178.7
7358,3,9536,3178.7
7359,3,9536,3178.7
7360,3,9536,3178.7
7361,3,9536,3178.7
7362,3,9536,3178.7
7363,3,9536,3178.7
7364,3,9536,3178.7
7365,3,9536,3178.7
7366,3,9536,3178.7
7367,3,9528,3176.0
7368,3,9527,3175.7
7369,3,9528,3176.0
7370,3,9523,3174.3
7371,3,9527,3175.7
7372,3,9527,3175.7
7373,3,9524,3174.7
7374,3,9518,3172.7
7375,3,9514,3171.3
7376,3,9526,3175.3
7377,3,9527,3175.7
7378,3,9499,3166.3
7379,3,9463,3154.3
7380,3,9468,3156.0
7381,3,9488,3162.7
7382,3,9510,3170.0
7383,3,9520,3173.3
7384,3,9522,3174.0
7385,3,9503,3167.7
7386,4,9525,2381.2
7387,3,9465,3155.0
7388,3,9495,3165.0
7389,4,9516,2379.0
7390,4,9523,2380.8
7391,3,9488,3162.7
7392,3,9480,3160.0
7393,3,9491,3163.7
7394,3,9512,3170.7
7395,3,9521,3173.7
7396,3,9524,3174.7
7397,3,9524,3174.7
7398,3,9525,3175.0
7399,3,9528,3176.0
7400,3,9524,3174.7
7401,3,9528,3176.0
7402,3,9527,3175.7
7403,3,9528,3176.0
7404,3,9528,3176.0
7405,3,9528,3176.0
7406,3,9528,3176.0
7407,3,9528,3176.0
7408,3,9528,3176.0
7409,3,9536,3178.7
7410,3,9535,3178.3
7411,3,9536,3178.7
7412,3,9535,3178.3
7413,3,9535,3178.3
7414,3,9534,3178.0
7415,3,9536,3178.7
7416,3,9535,3178.3
7417,3,9536,3178.7
7418,3,9535,3178.3
7419,3,9536,3178.7
7420,3,9536,3178.7
7421,3,9536,3178.7
7422,3,9535,3178.3
7423,3,9536,3178.7
7424,3,9536,3178.7
7425,3,9528,3176.0
7426,3,9535,3178.3
7427,3,9536,3178.7
7428,3,9536,3178.7
7429,3,9536,3178.7
7430,3,9536,3178.7
7431,3,9534,3178.0
7432,3,9536,3178.7
7433,3,9530,3176.7
7434,3,9532,3177.3
7435,3,9523,3174.3
7436,3,9526,3175.3
7437,3,9518,3172.7
7438,3,9519,3173.0
7439,3,9517,3172.3
7440,3,9512,3170.7
7441,3,9519,3173.0
7442,3,9522,3174.0
7443,3,9526,3175.3
7444,3,9525,3175.0
7445,3,9526,3175.3
7446,3,9528,3176.0
7447,3,9527,3175.7
7448,3,9526,3175.3
7449,3,9526,3175.3
7450,3,9528,3176.0
7451,3,9527,3175.7
7452,3,9526,3175.3
7453,3,9523,3174.3
7454,3,9523,3174.3
7455,3,9527,3175.7
7456,3,9528,3176.0
7457,3,9528,3176.0
7458,3,9528,3176.0
7459,3,9527,3175.7
7460,3,9527,3175.7
7461,3,9527,3175.7
7462,3,9520,3173.3
7463,3,9519,3173.0
7464,3,9520,3173.3
7465,3,9518,3172.7
7466,3,9515,3171.7
7467,3,9517,3172.3
7468,3,9510,3170.0
7469,3,9490,3163.3
7470,3,9503,3167.7
7471,3,9490,3163.3
7472,3,9504,3168.0
7473,3,9507,3169.0
7474,3,9513,3171.0
7475,3,9509,3169.7
7476,3,9509,3169.7
7477,3,9506,3168.7
7478,3,9503,3167.7
7479,4,9511,2377.8
7480,3,9475,3158.3
7481,4,9522,2380.5
7482,3,9498,3166.0
7483,3,9501,3167.0
7484,3,9513,3171.0
7485,3,9480,3160.0
7486,3,9470,3156.7
7487,3,9461,3153.7
7488,3,9479,3159.7
7489,3,9487,3162.3
7490,3,9467,3155.7
7491,3,9445,3148.3
7492,4,9527,2381.8
7493,4,9532,2383.0
7494,4,9533,2383.2
7495,4,9535,2383.8
7496,4,9525,2381.2
7497,4,9524,2381.0
7498,4,9525,2381.2
7499,4,9534,2383.5
7500,4,9527,2381.8
7501,4,9522,2380.5
7502,4,9518,2379.5
7503,4,9519,2379.8
7504,4,9526,2381.5
7505,3,9406,3135.3
7506,3,9422,3140.7
7507,3,9440,3146.7
7508,4,9523,2380.8
7509,3,9456,3152.0
7510,3,9483,3161.0
7511,2,9311,4655.5
7512,4,9525,2381.2
7513,4,9526,2381.5
7514,4,9522,2380.5
7515,3,9386,3128.7
7516,3,9410,3136.7
7517,3,9416,3138.7
7518,3,9407,3135.7
7519,3,9375,3125.0
7520,3,9371,3123.7
7521,4,9528,2382.0
7522,4,9526,2381.5
7523,4,9528,2382.0
7524,4,9527,2381.8
7525,4,9522,2380.5
7526,4,9517,2379.2
7527,4,9520,2380.0
7528,4,9523,2380.8
7529,3,9413,3137.7
7530,3,9405,3135.0
7531,3,9411,3137.0
7532,3,9426,3142.0
7533,3,9423,3141.0
7534,4,9513,2378.2
7535,3,9414,3138.0
7536,3,9425,3141.7
7537,4,9514,2378.5
7538,4,9516,2379.0
7539,4,9515,2378.8
7540,4,9526,2381.5
7541,3,9498,3166.0
7542,3,9481,3160.3
7543,3,9494,3164.7
7544,3,9521,3173.7
7545,3,9517,3172.3
7546,3,9522,3174.0
7547,3,9523,3174.3
7548,3,9525,3175.0
7549,3,9527,3175.7
7550,3,9521,3173.7
7551,3,9525,3175.0
7552,3,9523,3174.3
7553,3,9521,3173.7
7554,3,9520,3173.3
7555,3,9521,3173.7
7556,3,9523,3174.3
7557,3,9526,3175.3
7558,3,9523,3174.3
7559,3,9515,3171.7
7560,3,9525,3175.0
7561,3,9519,3173.0
7562,3,9527,3175.7
7563,3,9527,3175.7
7564,3,9524,3174.7
7565,3,9525,3175.0
7566,3,9526,3175.3
7567,3,9522,3174.0
7568,3,9523,3174.3
7569,3,9523,3174.3
7570,3,9517,3172.3
7571,3,9527,3175.7
7572,3,9525,3175.0
7573,3,9518,3172.7
7574,3,9526,3175.3
7575,3,9523,3174.3
7576,3,9526,3175.3
7577,3,9526,3175.3
7578,3,9521,3173.7
7579,3,9517,3172.3
7580,2,9342,4671.0
7581,3,9510,3170.0
7582,2,9380,4690.0
7583,3,9512,3170.7
7584,2,9430,4715.0
7585,2,9454,4727.0
7586,2,9430,4715.0
7587,2,9438,4719.0
7588,2,9453,4726.5
7589,2,9412,4706.0
7590,3,9526,3175.3
7591,2,9435,4717.5
7592,3,9528,3176.0
7593,3,9526,3175.3
7594,3,9528,3176.0
7595,3,9527,3175.7
7596,3,9526,3175.3
7597,3,9528,3176.0
7598,3,9528,3176.0
7599,3,9528,3176.0
7600,3,9528,3176.0
7601,3,9528,3176.0
7602,3,9528,3176.0
7603,3,9528,3176.0
7604,3,9528,3176.0
7605,3,9528,3176.0
7606,3,9528,3176.0
7607,3,9528,3176.0
7608,3,9528,3176.0
7609,3,9528,3176.0
7610,3,9525,3175.0
7611,3,9528,3176.0
7612,3,9528,3176.0
7613,3,9528,3176.0
7614,3,9527,3175.7
7615,3,9528,3176.0
7616,3,9528,3176.0
7617,3,9528,3176.0
7618,3,9528,3176.0
7619,3,9526,3175.3
7620,3,9526,3175.3
7621,3,9528,3176.0
7622,3,9528,3176.0
7623,3,9528,3176.0
7624,3,9528,3176.0
7625,3,9528,3176.0
7626,3,9526,3175.3
7627,3,9524,3174.7
7628,3,9525,3175.0
7629,3,9526,3175.3
7630,3,9526,3175.3
7631,3,9528,3176.0
7632,3,9528,3176.0
7633,3,9528,3176.0
7634,3,9521,3173.7
7635,3,9525,3175.0
7636,3,9524,3174.7
7637,3,9523,3174.3
7638,3,9527,3175.7
7639,3,9527,3175.7
7640,3,9528,3176.0
7641,3,9528,3176.0
7642,3,9528,3176.0
7643,3,9528,3176.0
7644,3,9528,3176.0
7645,3,9528,3176.0
7646,3,9528,3176.0
7647,3,9528,3176.0
7648,3,9528,3176.0
7649,3,9528,3176.0
7650,3,9528,3176.0
7651,3,9528,3176.0
7652,3,9528,3176.0
7653,3,9528,3176.0
7654,3,9528,3176.0
7655,3,9528,3176.0
7656,3,9520,3173.3
7657,3,9520,3173.3
7658,3,9520,3173.3
7659,3,9520,3173.3
7660,3,9520,3173.3
7661,3,9519,3173.0
7662,3,9520,3173.3
7663,3,9520,3173.3
7664,3,9520,3173.3
7665,3,9520,3173.3
7666,3,9520,3173.3
7667,3,9520,3173.3
7668,3,9520,3173.3
7669,3,9520,3173.3
7670,3,9520,3173.3
7671,3,9520,3173.3
7672,3,9512,3170.7
7673,3,9512,3170.7
7674,3,9512,3170.7
7675,3,9512,3170.7
7676,3,9512,3170.7
7677,3,9512,3170.7
7678,3,9512,3170.7
7679,3,9528,3176.0
7680,3,9512,3170.7
7681,3,9512,3170.7
7682,3,9512,3170.7
7683,3,9512,3170.7
7684,3,9512,3170.7
7685,3,9508,3169.3
7686,3,9515,3171.7
7687,3,9517,3172.3
7688,3,9513,3171.0
7689,3,9509,3169.7
7690,3,9516,3172.0
7691,3,9516,3172.0
7692,3,9513,3171.0
7693,3,9518,3172.7
7694,3,9501,3167.0
7695,3,9465,3155.0
7696,3,9484,3161.3
7697,4,9503,2375.8
7698,4,9497,2374.2
7699,4,9495,2373.8
7700,3,9498,3166.0
7701,3,9500,3166.7
7702,3,9505,3168.3
7703,3,9470,3156.7
7704,3,9485,3161.7
7705,3,9483,3161.0
7706,3,9505,3168.3
7707,3,9504,3168.0
7708,3,9500,3166.7
7709,3,9515,3171.7
7710,3,9512,3170.7
7711,3,9488,3162.7
7712,3,9504,3168.0
7713,3,9507,3169.0
7714,3,9506,3168.7
7715,3,9508,3169.3
7716,3,9530,3176.7
7717,3,9519,3173.0
7718,3,9514,3171.3
7719,3,9517,3172.3
7720,3,9528,3176.0
7721,3,9533,3177.7
7722,3,9525,3175.0
7723,3,9518,3172.7
7724,3,9536,3178.7
7725,3,9527,3175.7
7726,3,9531,3177.0
7727,3,9536,3178.7
7728,3,9536,3178.7
7729,3,9535,3178.3
7730,3,9536,3178.7
7731,3,9511,3170.3
7732,3,9509,3169.7
7733,3,9502,3167.3
7734,4,9518,2379.5
7735,3,9502,3167.3
7736,3,9504,3168.0
7737,3,9500,3166.7
7738,4,9488,2372.0
7739,3,9393,3131.0
7740,4,9478,2369.5
7741,3,9479,3159.7
7742,3,9501,3167.0
7743,3,9492,3164.0
7744,4,9512,2378.0
7745,3,9509,3169.7
7746,3,9495,3165.0
7747,3,9489,3163.0
7748,4,9503,2375.8
7749,4,9508,2377.0
7750,4,9492,2373.0
7751,3,9474,3158.0
7752,3,9503,3167.7
7753,3,9505,3168.3
7754,3,9502,3167.3
7755,4,9521,2380.2
7756,3,9510,3170.0
7757,3,9513,3171.0
7758,3,9525,3175.0
7759,3,9530,3176.7
7760,3,9526,3175.3
7761,3,9531,3177.0
7762,3,9530,3176.7
7763,3,9509,3169.7
7764,3,9505,3168.3
7765,3,9505,3168.3
7766,3,9508,3169.3
7767,3,9498,3166.0
7768,4,9516,2379.0
7769,3,9442,3147.3
7770,3,9478,3159.3
7771,4,9527,2381.8
7772,3,9501,3167.0
7773,3,9479,3159.7
7774,4,9498,2374.5
7775,3,9478,3159.3
7776,3,9507,3169.0
7777,3,9483,3161.0
7778,3,9506,3168.7
7779,3,9496,3165.3
7780,3,9489,3163.0
7781,3,9513,3171.0
7782,3,9515,3171.7
7783,3,9510,3170.0
7784,3,9524,3174.7
7785,3,9531,3177.0
7786,3,9536,3178.7
7787,3,9534,3178.0
7788,3,9536,3178.7
7789,3,9528,3176.0
7790,3,9528,3176.0
7791,3,9528,3176.0
7792,3,9528,3176.0
7793,3,9536,3178.7
7794,3,9528,3176.0
7795,3,9536,3178.7
7796,3,9536,3178.7
7797,3,9536,3178.7
7798,3,9528,3176.0
7799,3,9536,3178.7
7800,3,9536,3178.7
7801,3,9535,3178.3
7802,3,9536,3178.7
7803,3,9536,3178.7
7804,3,9536,3178.7
7805,3,9535,3178.3
7806,3,9531,3177.0
7807,3,9498,3166.0
7808,3,9485,3161.7
7809,3,9497,3165.7
7810,3,9482,3160.7
7811,3,9489,3163.0
7812,3,9471,3157.0
7813,3,9494,3164.7
7814,3,9471,3157.0
7815,3,9523,3174.3
7816,4,9521,2380.2
7817,3,9468,3156.0
7818,3,9498,3166.0
7819,3,9504,3168.0
7820,3,9465,3155.0
7821,3,9384,3128.0
7822,3,9334,3111.3
7823,4,9474,2368.5
7824,4,9489,2372.2
7825,4,9478,2369.5
7826,4,9486,2371.5
7827,3,9403,3134.3
7828,3,9420,3140.0
7829,3,9487,3162.3
7830,3,9519,3173.0
7831,3,9517,3172.3
7832,3,9521,3173.7
7833,3,9516,3172.0
7834,3,9526,3175.3
7835,3,9532,3177.3
7836,3,9536,3178.7
7837,3,9536,3178.7
7838,3,9535,3178.3
7839,3,9525,3175.0
7840,3,9523,3174.3
7841,3,9521,3173.7
7842,3,9512,3170.7
7843,3,9499,3166.3
7844,3,9505,3168.3
7845,3,9507,3169.0
7846,3,9499,3166.3
7847,3,9476,3158.7
7848,3,9493,3164.3
7849,3,9480,3160.0
7850,3,9479,3159.7
7851,3,9474,3158.0
7852,3,9494,3164.7
7853,3,9496,3165.3
7854,3,9501,3167.0
7855,3,9494,3164.7
7856,4,9504,2376.0
7857,3,9463,3154.3
7858,4,9473,2368.2
7859,3,9462,3154.0
7860,3,9458,3152.7
7861,3,9448,3149.3
7862,4,9491,2372.8
7863,3,9470,3156.7
7864,3,9484,3161.3
7865,4,9501,2375.2
7866,3,9390,3130.0
7867,3,9393,3131.0
7868,3,9413,3137.7
7869,3,9437,3145.7
7870,3,9518,3172.7
7871,3,9527,3175.7
7872,3,9533,3177.7
7873,3,9536,3178.7
7874,3,9536,3178.7
7875,3,9535,3178.3
7876,3,9536,3178.7
7877,3,9536,3178.7
7878,3,9525,3175.0
7879,3,9528,3176.0
7880,3,9520,3173.3
7881,3,9536,3178.7
7882,3,9536,3178.7
7883,3,9536,3178.7
7884,3,9528,3176.0
7885,3,9520,3173.3
7886,3,9520,3173.3
7887,3,9520,3173.3
7888,3,9528,3176.0
7889,3,9536,3178.7
7890,3,9536,3178.7
7891,3,9536,3178.7
7892,3,9536,3178.7
7893,3,9536,3178.7
7894,3,9535,3178.3
7895,3,9536,3178.7
7896,3,9534,3178.0
7897,3,9535,3178.3
7898,3,9529,3176.3
7899,3,9510,3170.0
7900,3,9521,3173.7
7901,3,9536,3178.7
7902,3,9535,3178.3
7903,3,9535,3178.3
7904,3,9536,3178.7
7905,3,9535,3178.3
7906,3,9532,3177.3
7907,3,9540,3180.0
7908,3,9544,3181.3
7909,3,9538,3179.3
7910,3,9541,3180.3
7911,3,9545,3181.7
7912,3,9535,3178.3
7913,3,9533,3177.7
7914,3,9540,3180.0
7915,3,9548,3182.7
7916,3,9540,3180.0
7917,3,9539,3179.7
7918,3,9543,3181.0
7919,3,9541,3180.3
7920,3,9536,3178.7
7921,3,9544,3181.3
7922,3,9536,3178.7
7923,3,9544,3181.3
7924,3,9544,3181.3
7925,3,9536,3178.7
7926,3,9536,3178.7
7927,3,9536,3178.7
7928,3,9536,3178.7
7929,3,9535,3178.3
7930,3,9536,3178.7
7931,3,9536,3178.7
7932,3,9544,3181.3
7933,3,9544,3181.3
7934,3,9544,3181.3
7935,3,9544,3181.3
7936,3,9544,3181.3
7937,3,9544,3181.3
7938,3,9544,3181.3
7939,3,9544,3181.3
7940,3,9552,3184.0
7941,3,9544,3181.3
7942,3,9544,3181.3
7943,3,9544,3181.3
7944,3,9544,3181.3
7945,3,9544,3181.3
7946,3,9544,3181.3
7947,3,9544,3181.3
7948,3,9536,3178.7
7949,3,9536,3178.7
7950,3,9534,3178.0
7951,3,9533,3177.7
7952,3,9534,3178.0
7953,3,9533,3177.7
7954,3,9530,3176.7
7955,3,9532,3177.3
7956,3,9532,3177.3
7957,3,9532,3177.3
7958,3,9535,3178.3
7959,3,9536,3178.7
7960,3,9536,3178.7
7961,3,9536,3178.7
7962,3,9536,3178.7
7963,3,9534,3178.0
7964,3,9536,3178.7
7965,3,9535,3178.3
7966,3,9536,3178.7
7967,3,9536,3178.7
7968,3,9536,3178.7
7969,3,9536,3178.7
7970,3,9536,3178.7
7971,3,9535,3178.3
7972,3,9536,3178.7
7973,3,9544,3181.3
7974,3,9536,3178.7
7975,3,9536,3178.7
7976,3,9536,3178.7
7977,3,9536,3178.7
7978,3,9536,3178.7
7979,3,9536,3178.7
7980,3,9536,3178.7
7981,3,9536,3178.7
7982,3,9536,3178.7
7983,3,9536,3178.7
7984,3,9536,3178.7
7985,3,9536,3178.7
7986,3,9536,3178.7
7987,3,9536,3178.7
7988,3,9536,3178.7
7989,3,9536,3178.7
7990,3,9536,3178.7
7991,3,9536,3178.7
7992,3,9536,3178.7
7993,3,9536,3178.7
7994,3,9536,3178.7
7995,3,9536,3178.7
7996,3,9536,3178.7
7997,3,9536,3178.7
7998,3,9536,3178.7
7999,3,9536,3178.7
8000,3,9536,3178.7
8001,3,9536,3178.7
8002,3,9536,3178.7
8003,3,9536,3178.7
8004,3,9528,3176.0
8005,3,9528,3176.0
8006,3,9528,3176.0
8007,3,9525,3175.0
8008,3,9527,3175.7
8009,3,9526,3175.3
8010,3,9525,3175.0
8011,3,9520,3173.3
8012,3,9528,3176.0
8013,3,9526,3175.3
8014,3,9526,3175.3
8015,3,9528,3176.0
8016,3,9520,3173.3
8017,3,9527,3175.7
8018,3,9528,3176.0
8019,3,9516,3172.0
8020,3,9528,3176.0
8021,3,9528,3176.0
8022,3,9527,3175.7
8023,3,9527,3175.7
8024,3,9520,3173.3
8025,3,9520,3173.3
8026,3,9520,3173.3
8027,3,9520,3173.3
8028,3,9520,3173.3
8029,3,9520,3173.3
8030,3,9520,3173.3
8031,3,9520,3173.3
8032,3,9520,3173.3
8033,3,9520,3173.3
8034,3,9519,3173.0
8035,3,9519,3173.0
8036,3,9528,3176.0
8037,3,9528,3176.0
8038,3,9528,3176.0
8039,3,9528,3176.0
8040,3,9528,3176.0
8041,3,9528,3176.0
8042,3,9528,3176.0
8043,3,9528,3176.0
8044,3,9528,3176.0
8045,3,9528,3176.0
8046,3,9528,3176.0
8047,3,9536,3178.7
8048,3,9536,3178.7
8049,3,9536,3178.7
8050,3,9536,3178.7
8051,3,9536,3178.7
8052,3,9536,3178.7
8053,3,9536,3178.7
8054,3,9536,3178.7
8055,3,9536,3178.7
8056,3,9536,3178.7
8057,3,9536,3178.7
8058,3,9536,3178.7
8059,3,9536,3178.7
8060,3,9536,3178.7
8061,3,9536,3178.7
8062,3,9536,3178.7
8063,3,9536,3178.7
8064,3,9528,3176.0
8065,3,9536,3178.7
8066,3,9536,3178.7
8067,3,9535,3178.3
8068,3,9536,3178.7
8069,3,9536,3178.7
8070,3,9536,3178.7
8071,3,9544,3181.3
8072,3,9544,3181.3
8073,3,9544,3181.3
8074,3,9544,3181.3
8075,3,9536,3178.7
8076,3,9544,3181.3
8077,3,9544,3181.3
8078,3,9544,3181.3
8079,3,9544,3181.3
8080,3,9544,3181.3
8081,3,9544,3181.3
8082,3,9544,3181.3
8083,3,9544,3181.3
8084,3,9544,3181.3
8085,3,9544,3181.3
8086,3,9544,3181.3
8087,3,9544,3181.3
8088,3,9544,3181.3
8089,3,9544,3181.3
8090,3,9544,3181.3
8091,3,9544,3181.3
8092,3,9544,3181.3
8093,3,9544,3181.3
8094,3,9544,3181.3
8095,3,9544,3181.3
8096,3,9544,3181.3
8097,3,9544,3181.3
8098,3,9536,3178.7
8099,3,9536,3178.7
8100,3,9544,3181.3
8101,3,9544,3181.3
8102,3,9544,3181.3
8103,3,9544,3181.3
8104,3,9544,3181.3
8105,3,9544,3181.3
8106,3,9544,3181.3
8107,3,9544,3181.3
8108,3,9544,3181.3
8109,3,9544,3181.3
8110,3,9544,3181.3
8111,3,9544,3181.3
8112,3,9544,3181.3
8113,3,9544,3181.3
8114,3,9544,3181.3
8115,3,9544,3181.3
8116,3,9544,3181.3
8117,3,9544,3181.3
8118,3,9544,3181.3
8119,3,9543,3181.0
8120,3,9544,3181.3
8121,3,9544,3181.3
8122,3,9544,3181.3
8123,3,9544,3181.3
8124,3,9544,3181.3
8125,3,9544,3181.3
8126,3,9541,3180.3
8127,3,9543,3181.0
8128,3,9544,3181.3
8129,3,9544,3181.3
8130,3,9536,3178.7
8131,3,9544,3181.3
8132,3,9544,3181.3
8133,3,9544,3181.3
8134,3,9544,3181.3
8135,3,9544,3181.3
8136,3,9544,3181.3
8137,3,9544,3181.3
8138,3,9544,3181.3
8139,3,9544,3181.3
8140,3,9544,3181.3
8141,3,9544,3181.3
8142,3,9544,3181.3
8143,3,9544,3181.3
8144,3,9544,3181.3
8145,3,9544,3181.3
8146,3,9544,3181.3
8147,3,9544,3181.3
8148,3,9544,3181.3
8149,3,9544,3181.3
8150,3,9544,3181.3
8151,3,9544,3181.3
8152,3,9544,3181.3
8153,3,9544,3181.3
8154,3,9544,3181.3
8155,3,9544,3181.3
8156,3,9544,3181.3
8157,3,9536,3178.7
8158,3,9536,3178.7
8159,3,9536,3178.7
8160,3,9536,3178.7
8161,3,9536,3178.7
8162,3,9536,3178.7
8163,3,9536,3178.7
8164,3,9536,3178.7
8165,3,9536,3178.7
8166,3,9536,3178.7
8167,3,9536,3178.7
8168,3,9536,3178.7
8169,3,9536,3178.7
8170,3,9536,3178.7
8171,3,9535,3178.3
8172,3,9536,3178.7
8173,3,9536,3178.7
8174,3,9536,3178.7
8175,3,9544,3181.3
8176,3,9528,3176.0
8177,3,9528,3176.0
8178,3,9528,3176.0
8179,3,9520,3173.3
8180,3,9520,3173.3
8181,3,9528,3176.0
8182,3,9528,3176.0
8183,3,9528,3176.0
8184,3,9520,3173.3
8185,3,9520,3173.3
8186,3,9520,3173.3
8187,3,9528,3176.0
8188,3,9520,3173.3
8189,3,9528,3176.0
8190,3,9528,3176.0
8191,3,9528,3176.0
8192,3,9536,3178.7
8193,3,9528,3176.0
8194,3,9528,3176.0
8195,3,9536,3178.7
8196,3,9528,3176.0
8197,3,9528,3176.0
8198,3,9528,3176.0
8199,3,9528,3176.0
8200,3,9528,3176.0
8201,3,9528,3176.0
8202,3,9528,3176.0
8203,3,9536,3178.7
8204,3,9528,3176.0
8205,3,9528,3176.0
8206,3,9528,3176.0
8207,3,9528,3176.0
8208,3,9528,3176.0
8209,3,9528,3176.0
8210,3,9528,3176.0
8211,3,9528,3176.0
8212,3,9528,3176.0
8213,3,9528,3176.0
8214,3,9528,3176.0
8215,3,9528,3176.0
8216,3,9528,3176.0
8217,3,9528,3176.0
8218,3,9528,3176.0
8219,3,9528,3176.0
8220,3,9528,3176.0
8221,3,9528,3176.0
8222,3,9528,3176.0
8223,3,9528,3176.0
8224,3,9528,3176.0
8225,3,9528,3176.0
8226,3,9526,3175.3
8227,3,9528,3176.0
8228,3,9528,3176.0
8229,3,9528,3176.0
8230,3,9528,3176.0
8231,3,9528,3176.0
8232,3,9528,3176.0
8233,3,9528,3176.0
8234,3,9528,3176.0
8235,3,9528,3176.0
8236,3,9528,3176.0
8237,3,9528,3176.0
8238,3,9528,3176.0
8239,3,9528,3176.0
8240,3,9528,3176.0
8241,3,9528,3176.0
8242,3,9528,3176.0
8243,3,9528,3176.0
8244,3,9528,3176.0
8245,3,9527,3175.7
8246,3,9528,3176.0
8247,3,9528,3176.0
8248,3,9528,3176.0
8249,3,9528,3176.0
8250,3,9520,3173.3
8251,3,9518,3172.7
8252,3,9520,3173.3
8253,3,9518,3172.7
8254,3,9519,3173.0
8255,3,9520,3173.3
8256,3,9520,3173.3
8257,3,9520,3173.3
8258,3,9520,3173.3
8259,3,9520,3173.3
8260,3,9520,3173.3
8261,3,9512,3170.7
8262,3,9512,3170.7
8263,3,9504,3168.0
8264,3,9504,3168.0
8265,3,9504,3168.0
8266,3,9504,3168.0
8267,3,9504,3168.0
8268,3,9504,3168.0
8269,3,9504,3168.0
8270,3,9512,3170.7
8271,3,9512,3170.7
8272,3,9512,3170.7
8273,3,9520,3173.3
8274,3,9520,3173.3
8275,3,9512,3170.7
8276,3,9520,3173.3
8277,3,9512,3170.7
8278,3,9520,3173.3
8279,3,9512,3170.7
8280,3,9512,3170.7
8281,3,9512,3170.7
8282,3,9512,3170.7
8283,3,9520,3173.3
8284,3,9520,3173.3
8285,3,9520,3173.3
8286,3,9512,3170.7
8287,3,9520,3173.3
8288,3,9520,3173.3
8289,3,9520,3173.3
8290,3,9520,3173.3
8291,3,9519,3173.0
8292,3,9512,3170.7
8293,3,9520,3173.3
8294,3,9520,3173.3
8295,3,9520,3173.3
8296,3,9520,3173.3
8297,3,9520,3173.3
8298,3,9518,3172.7
8299,3,9520,3173.3
8300,3,9520,3173.3
8301,3,9520,3173.3
8302,3,9520,3173.3
8303,3,9520,3173.3
8304,3,9512,3170.7
8305,3,9512,3170.7
8306,3,9512,3170.7
8307,3,9512,3170.7
8308,3,9512,3170.7
8309,3,9511,3170.3
8310,3,9511,3170.3
8311,3,9512,3170.7
8312,3,9512,3170.7
8313,3,9512,3170.7
8314,3,9512,3170.7
8315,3,9512,3170.7
8316,3,9512,3170.7
8317,3,9512,3170.7
8318,3,9512,3170.7
8319,3,9512,3170.7
8320,3,9512,3170.7
8321,3,9512,3170.7
8322,3,9512,3170.7
8323,3,9512,3170.7
8324,3,9520,3173.3
8325,3,9519,3173.0
8326,3,9520,3173.3
8327,3,9520,3173.3
8328,3,9520,3173.3
8329,3,9520,3173.3
8330,3,9520,3173.3
8331,3,9520,3173.3
8332,3,9519,3173.0
8333,3,9520,3173.3
8334,3,9519,3173.0
8335,3,9518,3172.7
8336,3,9520,3173.3
8337,3,9520,3173.3
8338,3,9520,3173.3
8339,3,9520,3173.3
8340,3,9520,3173.3
8341,3,9520,3173.3
8342,3,9520,3173.3
8343,3,9520,3173.3
8344,3,9520,3173.3
8345,3,9520,3173.3
8346,3,9520,3173.3
8347,3,9520,3173.3
8348,3,9520,3173.3
8349,3,9519,3173.0
8350,3,9519,3173.0
8351,3,9520,3173.3
8352,3,9520,3173.3
8353,3,9520,3173.3
8354,3,9520,3173.3
8355,3,9520,3173.3
8356,3,9520,3173.3
8357,3,9520,3173.3
8358,3,9520,3173.3
8359,3,9520,3173.3
8360,3,9520,3173.3
8361,3,9520,3173.3
8362,3,9520,3173.3
8363,3,9520,3173.3
8364,3,9520,3173.3
8365,3,9520,3173.3
8366,3,9520,3173.3
8367,3,9520,3173.3
8368,3,9520,3173.3
8369,3,9520,3173.3
8370,3,9520,3173.3
8371,3,9520,3173.3
8372,3,9520,3173.3
8373,3,9520,3173.3
8374,3,9520,3173.3
8375,3,9520,3173.3
8376,3,9520,3173.3
8377,3,9520,3173.3
8378,3,9520,3173.3
8379,3,9520,3173.3
8380,3,9520,3173.3
8381,3,9520,3173.3
8382,3,9520,3173.3
8383,3,9520,3173.3
8384,3,9520,3173.3
8385,3,9520,3173.3
8386,3,9520,3173.3
8387,3,9520,3173.3
8388,3,9520,3173.3
8389,3,9520,3173.3
8390,3,9520,3173.3
8391,3,9520,3173.3
8392,3,9520,3173.3
8393,3,9520,3173.3
8394,3,9520,3173.3
8395,3,9520,3173.3
8396,3,9520,3173.3
8397,3,9520,3173.3
8398,3,9520,3173.3
8399,3,9520,3173.3
8400,3,9520,3173.3
8401,3,9520,3173.3
8402,3,9520,3173.3
8403,3,9520,3173.3
8404,3,9520,3173.3
8405,3,9520,3173.3
8406,3,9520,3173.3
8407,3,9520,3173.3
8408,3,9520,3173.3
8409,3,9520,3173.3
8410,3,9520,3173.3
8411,3,9512,3170.7
8412,3,9520,3173.3
8413,3,9520,3173.3
8414,3,9520,3173.3
8415,3,9520,3173.3
8416,3,9520,3173.3
8417,3,9520,3173.3
8418,3,9512,3170.7
8419,3,9520,3173.3
8420,3,9512,3170.7
8421,3,9512,3170.7
8422,3,9512,3170.7
8423,3,9512,3170.7
8424,3,9512,3170.7
8425,3,9512,3170.7
8426,3,9511,3170.3
8427,3,9512,3170.7
8428,3,9512,3170.7
8429,3,9512,3170.7
8430,3,9512,3170.7
8431,3,9512,3170.7
8432,3,9512,3170.7
8433,3,9512,3170.7
8434,3,9512,3170.7
8435,3,9512,3170.7
8436,3,9512,3170.7
8437,3,9512,3170.7
8438,3,9504,3168.0
8439,3,9504,3168.0
8440,3,9512,3170.7
8441,3,9512,3170.7
8442,3,9504,3168.0
8443,3,9504,3168.0
8444,3,9504,3168.0
8445,3,9504,3168.0
8446,3,9504,3168.0
8447,3,9504,3168.0
8448,3,9504,3168.0
8449,3,9504,3168.0
8450,3,9512,3170.7
8451,3,9504,3168.0
8452,3,9504,3168.0
8453,3,9512,3170.7
8454,3,9512,3170.7
8455,3,9512,3170.7
8456,3,9512,3170.7
8457,3,9512,3170.7
8458,3,9512,3170.7
8459,3,9512,3170.7
8460,3,9512,3170.7
8461,3,9511,3170.3
8462,3,9512,3170.7
8463,3,9512,3170.7
8464,3,9512,3170.7
8465,3,9512,3170.7
8466,3,9512,3170.7
8467,3,9512,3170.7
8468,3,9512,3170.7
8469,3,9512,3170.7
8470,3,9512,3170.7
8471,3,9512,3170.7
8472,3,9512,3170.7
8473,3,9512,3170.7
8474,3,9512,3170.7
8475,3,9512,3170.7
8476,3,9512,3170.7
8477,3,9512,3170.7
8478,3,9512,3170.7
8479,3,9512,3170.7
8480,3,9510,3170.0
8481,3,9512,3170.7
8482,3,9512,3170.7
8483,3,9512,3170.7
8484,3,9512,3170.7
8485,3,9512,3170.7
8486,3,9512,3170.7
8487,3,9512,3170.7
8488,3,9511,3170.3
8489,3,9512,3170.7
8490,3,9512,3170.7
8491,3,9512,3170.7
8492,3,9512,3170.7
8493,3,9512,3170.7
8494,3,9512,3170.7
8495,3,9512,3170.7
8496,3,9512,3170.7
8497,3,9504,3168.0
8498,3,9504,3168.0
8499,3,9504,3168.0
8500,3,9504,3168.0
8501,3,9504,3168.0
8502,3,9504,3168.0
8503,3,9504,3168.0
8504,3,9504,3168.0
8505,3,9504,3168.0
8506,3,9504,3168.0
8507,3,9504,3168.0
8508,3,9504,3168.0
8509,3,9504,3168.0
8510,3,9502,3167.3
8511,3,9504,3168.0
8512,3,9504,3168.0
8513,3,9504,3168.0
8514,3,9504,3168.0
8515,3,9504,3168.0
8516,3,9504,3168.0
8517,3,9501,3167.0
8518,3,9511,3170.3
8519,3,9512,3170.7
8520,3,9520,3173.3
8521,3,9512,3170.7
8522,3,9512,3170.7
8523,3,9512,3170.7
8524,3,9512,3170.7
8525,3,9512,3170.7
8526,3,9520,3173.3
8527,3,9520,3173.3
8528,3,9520,3173.3
8529,3,9512,3170.7
8530,3,9512,3170.7
8531,3,9512,3170.7
8532,3,9511,3170.3
8533,3,9520,3173.3
8534,3,9520,3173.3
8535,3,9512,3170.7
8536,3,9512,3170.7
8537,3,9512,3170.7
8538,3,9512,3170.7
8539,3,9512,3170.7
8540,3,9512,3170.7
8541,3,9512,3170.7
8542,3,9512,3170.7
8543,3,9520,3173.3
8544,3,9512,3170.7
8545,3,9512,3170.7
8546,3,9512,3170.7
8547,3,9512,3170.7
8548,3,9512,3170.7
8549,3,9512,3170.7
8550,3,9510,3170.0
8551,3,9512,3170.7
8552,3,9512,3170.7
8553,3,9512,3170.7
8554,3,9512,3170.7
8555,3,9519,3173.0
8556,3,9519,3173.0
8557,3,9519,3173.0
8558,3,9512,3170.7
8559,3,9528,3176.0
8560,3,9528,3176.0
8561,3,9528,3176.0
8562,3,9528,3176.0
8563,3,9527,3175.7
8564,3,9528,3176.0
8565,3,9528,3176.0
8566,3,9528,3176.0
8567,3,9527,3175.7
8568,3,9528,3176.0
8569,3,9528,3176.0
8570,3,9528,3176.0
8571,3,9528,3176.0
8572,3,9528,3176.0
8573,3,9528,3176.0
8574,3,9528,3176.0
8575,3,9528,3176.0
8576,3,9528,3176.0
8577,3,9528,3176.0
8578,3,9535,3178.3
8579,3,9536,3178.7
8580,3,9536,3178.7
8581,3,9536,3178.7
8582,3,9536,3178.7
8583,3,9536,3178.7
8584,3,9536,3178.7
8585,3,9536,3178.7
8586,3,9536,3178.7
8587,3,9536,3178.7
8588,3,9536,3178.7
8589,3,9536,3178.7
8590,3,9536,3178.7
8591,3,9536,3178.7
8592,3,9536,3178.7
8593,3,9536,3178.7
8594,3,9536,3178.7
8595,3,9535,3178.3
8596,3,9536,3178.7
8597,3,9536,3178.7
8598,3,9536,3178.7
8599,3,9536,3178.7
8600,3,9536,3178.7
8601,3,9536,3178.7
8602,3,9536,3178.7
8603,3,9536,3178.7
8604,3,9536,3178.7
8605,3,9536,3178.7
8606,3,9536,3178.7
8607,3,9536,3178.7
8608,3,9536,3178.7
8609,3,9536,3178.7
8610,3,9536,3178.7
8611,3,9536,3178.7
8612,3,9536,3178.7
8613,3,9536,3178.7
8614,3,9535,3178.3
8615,3,9536,3178.7
8616,3,9536,3178.7
8617,3,9535,3178.3
8618,3,9536,3178.7
8619,3,9536,3178.7
8620,3,9536,3178.7
8621,3,9536,3178.7
8622,3,9536,3178.7
8623,3,9536,3178.7
8624,3,9535,3178.3
8625,3,9536,3178.7
8626,3,9536,3178.7
8627,3,9536,3178.7
8628,3,9536,3178.7
8629,3,9536,3178.7
8630,3,9536,3178.7
8631,3,9536,3178.7
8632,3,9536,3178.7
8633,3,9536,3178.7
8634,3,9536,3178.7
8635,3,9536,3178.7
8636,3,9536,3178.7
8637,3,9536,3178.7
8638,3,9536,3178.7
8639,3,9528,3176.0
8640,3,9528,3176.0
8641,3,9520,3173.3
8642,3,9528,3176.0
8643,3,9528,3176.0
8644,3,9527,3175.7
8645,3,9528,3176.0
8646,3,9528,3176.0
8647,3,9528,3176.0
8648,3,9536,3178.7
8649,3,9528,3176.0
8650,3,9536,3178.7
8651,3,9528,3176.0
8652,3,9528,3176.0
8653,3,9520,3173.3
8654,3,9520,3173.3
8655,3,9520,3173.3
8656,3,9520,3173.3
8657,3,9520,3173.3
8658,3,9520,3173.3
8659,3,9512,3170.7
8660,3,9512,3170.7
8661,3,9512,3170.7
8662,3,9512,3170.7
8663,3,9519,3173.0
8664,3,9520,3173.3
8665,3,9520,3173.3
8666,3,9520,3173.3
8667,3,9512,3170.7
8668,3,9512,3170.7
8669,3,9512,3170.7
8670,3,9512,3170.7
8671,3,9512,3170.7
8672,3,9512,3170.7
8673,3,9512,3170.7
8674,3,9520,3173.3
8675,3,9519,3173.0
8676,3,9520,3173.3
8677,3,9520,3173.3
8678,3,9520,3173.3
8679,3,9528,3176.0
8680,3,9536,3178.7
8681,3,9536,3178.7
8682,3,9533,3177.7
8683,3,9536,3178.7
8684,3,9534,3178.0
8685,3,9536,3178.7
8686,3,9536,3178.7
8687,3,9536,3178.7
8688,3,9536,3178.7
8689,3,9536,3178.7
8690,3,9536,3178.7
8691,3,9536,3178.7
8692,3,9536,3178.7
8693,3,9536,3178.7
8694,3,9536,3178.7
8695,3,9536,3178.7
8696,3,9536,3178.7
8697,3,9536,3178.7
8698,3,9536,3178.7
8699,3,9536,3178.7
8700,3,9536,3178.7
8701,3,9536,3178.7
8702,3,9536,3178.7
8703,3,9536,3178.7
8704,3,9536,3178.7
8705,3,9536,3178.7
8706,3,9536,3178.7
8707,3,9536,3178.7
8708,3,9536,3178.7
8709,3,9536,3178.7
8710,3,9536,3178.7
8711,3,9536,3178.7
8712,3,9536,3178.7
8713,3,9536,3178.7
8714,3,9536,3178.7
8715,3,9536,3178.7
8716,3,9536,3178.7
8717,3,9536,3178.7
8718,3,9536,3178.7
8719,3,9536,3178.7
8720,3,9536,3178.7
8721,3,9536,3178.7
8722,3,9536,3178.7
8723,3,9536,3178.7
8724,3,9536,3178.7
8725,3,9536,3178.7
8726,3,9536,3178.7
8727,3,9536,3178.7
8728,3,9536,3178.7
8729,3,9536,3178.7
8730,3,9536,3178.7
8731,3,9536,3178.7
8732,3,9536,3178.7
8733,3,9536,3178.7
8734,3,9536,3178.7
8735,3,9536,3178.7
8736,3,9536,3178.7
8737,3,9536,3178.7
8738,3,9536,3178.7
8739,3,9536,3178.7
8740,3,9536,3178.7
8741,3,9536,3178.7
8742,3,9536,3178.7
8743,3,9536,3178.7
8744,3,9536,3178.7
8745,3,9536,3178.7
8746,3,9536,3178.7
8747,3,9536,3178.7
8748,3,9536,3178.7
8749,3,9536,3178.7
8750,3,9536,3178.7
8751,3,9536,3178.7
8752,3,9536,3178.7
8753,3,9536,3178.7
8754,3,9536,3178.7
8755,3,9536,3178.7
8756,3,9536,3178.7
8757,3,9536,3178.7
8758,3,9536,3178.7
8759,3,9536,3178.7
8760,3,9536,3178.7
8761,3,9536,3178.7
8762,3,9536,3178.7
8763,3,9536,3178.7
8764,3,9536,3178.7
8765,3,9536,3178.7
8766,3,9544,3181.3
8767,3,9544,3181.3
8768,3,9544,3181.3
8769,3,9544,3181.3
8770,3,9544,3181.3
8771,3,9536,3178.7
8772,3,9544,3181.3
8773,3,9544,3181.3
8774,3,9544,3181.3
8775,3,9544,3181.3
8776,3,9544,3181.3
8777,3,9544,3181.3
8778,3,9544,3181.3
8779,3,9544,3181.3
8780,3,9544,3181.3
8781,3,9536,3178.7
8782,3,9543,3181.0
8783,3,9543,3181.0
8784,3,9544,3181.3
8785,3,9544,3181.3
8786,3,9544,3181.3
8787,3,9544,3181.3
8788,3,9544,3181.3
8789,3,9541,3180.3
8790,3,9544,3181.3
8791,3,9544,3181.3
8792,3,9544,3181.3
8793,3,9544,3181.3
8794,3,9544,3181.3
8795,3,9544,3181.3
8796,3,9544,3181.3
8797,3,9544,3181.3
8798,3,9542,3180.7
8799,3,9544,3181.3
8800,3,9544,3181.3
8801,3,9544,3181.3
8802,3,9544,3181.3
8803,3,9536,3178.7
8804,3,9536,3178.7
8805,3,9544,3181.3
8806,3,9536,3178.7
8807,3,9536,3178.7
8808,3,9536,3178.7
8809,3,9536,3178.7
8810,3,9536,3178.7
8811,3,9536,3178.7
8812,3,9536,3178.7
8813,3,9544,3181.3
8814,3,9544,3181.3
8815,3,9544,3181.3
8816,3,9544,3181.3
8817,3,9544,3181.3
8818,3,9544,3181.3
8819,3,9544,3181.3
8820,3,9544,3181.3
8821,3,9544,3181.3
8822,3,9544,3181.3
8823,3,9544,3181.3
8824,3,9544,3181.3
8825,3,9544,3181.3
8826,3,9544,3181.3
8827,3,9544,3181.3
8828,3,9544,3181.3
8829,3,9544,3181.3
8830,3,9544,3181.3
8831,3,9544,3181.3
8832,3,9544,3181.3
8833,3,9544,3181.3
8834,3,9544,3181.3
8835,3,9544,3181.3
8836,3,9544,3181.3
8837,3,9544,3181.3
8838,3,9544,3181.3
8839,3,9544,3181.3
8840,3,9544,3181.3
8841,3,9544,3181.3
8842,3,9544,3181.3
8843,3,9544,3181.3
8844,3,9544,3181.3
8845,3,9544,3181.3
8846,3,9544,3181.3
8847,3,9544,3181.3
8848,3,9544,3181.3
8849,3,9544,3181.3
8850,3,9544,3181.3
8851,3,9544,3181.3
8852,3,9544,3181.3
8853,3,9544,3181.3
8854,3,9544,3181.3
8855,3,9544,3181.3
8856,3,9544,3181.3
8857,3,9544,3181.3
8858,3,9544,3181.3
8859,3,9544,3181.3
8860,3,9544,3181.3
8861,3,9544,3181.3
8862,3,9544,3181.3
8863,3,9543,3181.0
8864,3,9544,3181.3
8865,3,9543,3181.0
8866,3,9544,3181.3
8867,3,9544,3181.3
8868,3,9544,3181.3
8869,3,9544,3181.3
8870,3,9544,3181.3
8871,3,9544,3181.3
8872,3,9544,3181.3
8873,3,9544,3181.3
8874,3,9543,3181.0
8875,3,9544,3181.3
8876,3,9544,3181.3
8877,3,9544,3181.3
8878,3,9544,3181.3
8879,3,9544,3181.3
8880,3,9544,3181.3
8881,3,9544,3181.3
8882,3,9544,3181.3
8883,3,9544,3181.3
8884,3,9544,3181.3
8885,3,9544,3181.3
8886,3,9544,3181.3
8887,3,9544,3181.3
8888,3,9543,3181.0
8889,3,9544,3181.3
8890,3,9544,3181.3
8891,3,9544,3181.3
8892,3,9544,3181.3
8893,3,9544,3181.3
8894,3,9544,3181.3
8895,2,9477,4738.5
8896,3,9543,3181.0
8897,3,9544,3181.3
8898,3,9544,3181.3
8899,3,9544,3181.3
8900,3,9544,3181.3
8901,2,9494,4747.0
8902,3,9543,3181.0
8903,2,9504,4752.0
8904,3,9536,3178.7
8905,2,9493,4746.5
8906,3,9535,3178.3
8907,3,9536,3178.7
8908,3,9535,3178.3
8909,3,9533,3177.7
8910,3,9536,3178.7
8911,3,9536,3178.7
8912,3,9536,3178.7
8913,3,9536,3178.7
8914,3,9536,3178.7
8915,3,9536,3178.7
8916,3,9536,3178.7
8917,3,9536,3178.7
8918,3,9544,3181.3
8919,3,9544,3181.3
8920,3,9544,3181.3
8921,3,9544,3181.3
8922,3,9544,3181.3
8923,3,9544,3181.3
8924,3,9544,3181.3
8925,3,9544,3181.3
8926,3,9544,3181.3
8927,3,9544,3181.3
8928,3,9544,3181.3
8929,3,9544,3181.3
8930,3,9544,3181.3
8931,3,9544,3181.3
8932,3,9544,3181.3
8933,3,9544,3181.3
8934,3,9544,3181.3
8935,3,9544,3181.3
8936,3,9544,3181.3
8937,3,9544,3181.3
8938,3,9544,3181.3
8939,3,9544,3181.3
8940,3,9544,3181.3
8941,3,9544,3181.3
8942,3,9544,3181.3
8943,3,9544,3181.3
8944,3,9544,3181.3
8945,3,9544,3181.3
8946,3,9544,3181.3
8947,3,9544,3181.3
8948,3,9544,3181.3
8949,3,9544,3181.3
8950,3,9544,3181.3
8951,3,9544,3181.3
8952,3,9544,3181.3
8953,3,9544,3181.3
8954,3,9544,3181.3
8955,3,9544,3181.3
8956,3,9544,3181.3
8957,3,9544,3181.3
8958,3,9544,3181.3
8959,3,9544,3181.3
8960,3,9544,3181.3
8961,3,9542,3180.7
8962,3,9544,3181.3
8963,3,9544,3181.3
8964,3,9544,3181.3
8965,3,9544,3181.3
8966,3,9544,3181.3
8967,3,9544,3181.3
8968,3,9544,3181.3
8969,3,9544,3181.3
8970,3,9544,3181.3
8971,3,9544,3181.3
8972,3,9544,3181.3
8973,3,9544,3181.3
8974,3,9544,3181.3
8975,3,9544,3181.3
8976,3,9544,3181.3
8977,3,9544,3181.3
8978,3,9544,3181.3
8979,3,9544,3181.3
8980,3,9544,3181.3
8981,3,9544,3181.3
8982,3,9544,3181.3
8983,3,9544,3181.3
8984,2,9436,4718.0
8985,3,9538,3179.3
8986,3,9544,3181.3
8987,3,9544,3181.3
8988,3,9541,3180.3
8989,2,9470,4735.0
8990,3,9542,3180.7
8991,3,9537,3179.0
8992,3,9544,3181.3
8993,3,9544,3181.3
8994,3,9544,3181.3
8995,3,9544,3181.3
8996,3,9543,3181.0
8997,3,9542,3180.7
8998,3,9534,3178.0
8999,3,9536,3178.7
9000,1,98,98.0
9001,1,101,101.0
9002,0,0,0.0
9003,0,0,0.0
9004,0,0,0.0
9005,0,0,0.0
9006,0,0,0.0
9007,0,0,0.0
9008,0,0,0.0
9009,0,0,0.0
9010,0,0,0.0
9011,0,0,0.0
9012,0,0,0.0
9013,1,31,31.0
9014,0,0,0.0
9015,0,0,0.0
9016,0,0,0.0
9017,0,0,0.0
9018,0,0,0.0
9019,0,0,0.0
9020,0,0,0.0
9021,1,35,35.0
9022,0,0,0.0
9023,0,0,0.0
9024,0,0,0.0
9025,0,0,0.0
9026,0,0,0.0
9027,0,0,0.0
9028,0,0,0.0
9029,0,0,0.0
9030,0,0,0.0
9031,0,0,0.0
9032,0,0,0.0
9033,0,0,0.0
9034,0,0,0.0
9035,0,0,0.0
9036,0,0,0.0
9037,0,0,0.0
9038,0,0,0.0
9039,0,0,0.0
9040,0,0,0.0
9041,0,0,0.0
9042,0,0,0.0
9043,0,0,0.0
9044,0,0,0.0
9045,0,0,0.0
9046,0,0,0.0
9047,0,0,0.0
9048,0,0,0.0
9049,0,0,0.0
9050,0,0,0.0
9051,0,0,0.0
9052,0,0,0.0
9053,0,0,0.0
9054,0,0,0.0
9055,0,0,0.0
9056,0,0,0.0
9057,0,0,0.0
9058,0,0,0.0
9059,0,0,0.0
9060,0,0,0.0
9061,0,0,0.0
9062,0,0,0.0
9063,0,0,0.0
9064,0,0,0.0
9065,0,0,0.0
9066,0,0,0.0
9067,0,0,0.0
9068,0,0,0.0
9069,0,0,0.0
9070,0,0,0.0
9071,0,0,0.0
9072,0,0,0.0
9073,0,0,0.0
9074,0,0,0.0
9075,0,0,0.0
9076,0,0,0.0
9077,0,0,0.0
9078,0,0,0.0
9079,0,0,0.0
9080,0,0,0.0
9081,0,0,0.0
9082,0,0,0.0
9083,0,0,0.0
9084,0,0,0.0
9085,0,0,0.0
9086,0,0,0.0
9087,0,0,0.0
9088,0,0,0.0
9089,0,0,0.0
9090,0,0,0.0
9091,0,0,0.0
9092,0,0,0.0
9093,0,0,0.0
9094,0,0,0.0
9095,0,0,0.0
9096,0,0,0.0
9097,0,0,0.0
9098,0,0,0.0
9099,0,0,0.0
9100,0,0,0.0
9101,0,0,0.0
9102,0,0,0.0
9103,0,0,0.0
9104,0,0,0.0
9105,0,0,0.0
9106,0,0,0.0
9107,0,0,0.0
9108,0,0,0.0
9109,0,0,0.0
9110,0,0,0.0
9111,0,0,0.0
9112,0,0,0.0
9113,0,0,0.0
9114,0,0,0.0
9115,0,0,0.0
9116,0,0,0.0
9117,0,0,0.0
9118,0,0,0.0
9119,0,0,0.0
9120,0,0,0.0
9121,0,0,0.0
9122,0,0,0.0
9123,0,0,0.0
9124,0,0,0.0
9125,0,0,0.0
9126,0,0,0.0
9127,0,0,0.0
9128,0,0,0.0
9129,0,0,0.0
9130,0,0,0.0
9131,0,0,0.0
9132,0,0,0.0
9133,0,0,0.0
9134,0,0,0.0
9135,0,0,0.0
9136,0,0,0.0
9137,0,0,0.0
9138,0,0,0.0
9139,0,0,0.0
9140,0,0,0.0
9141,0,0,0.0
9142,0,0,0.0
9143,0,0,0.0
9144,0,0,0.0
9145,0,0,0.0
9146,0,0,0.0
9147,0,0,0.0
9148,0,0,0.0
9149,0,0,0.0
9150,0,0,0.0
9151,0,0,0.0
9152,0,0,0.0
9153,0,0,0.0
9154,0,0,0.0
9155,0,0,0.0
9156,0,0,0.0
9157,0,0,0.0
9158,0,0,0.0
9159,0,0,0.0
9160,0,0,0.0
9161,0,0,0.0
9162,0,0,0.0
9163,0,0,0.0
9164,0,0,0.0
9165,0,0,0.0
9166,0,0,0.0
9167,0,0,0.0
9168,0,0,0.0
9169,0,0,0.0
9170,0,0,0.0
9171,0,0,0.0
9172,0,0,0.0
9173,0,0,0.0
9174,0,0,0.0
9175,0,0,0.0
9176,1,31,31.0
9177,0,0,0.0
9178,1,48,48.0
9179,0,0,0.0
9180,0,0,0.0
9181,0,0,0.0
9182,1,52,52.0
9183,1,65,65.0
9184,0,0,0.0
9185,0,0,0.0
9186,0,0,0.0
9187,0,0,0.0
9188,1,39,39.0
9189,0,0,0.0
9190,1,48,48.0
9191,1,70,70.0
9192,1,71,71.0
9193,1,73,73.0
9194,1,66,66.0
9195,1,50,50.0
9196,0,0,0.0
9197,0,0,0.0
9198,1,61,61.0
9199,0,0,0.0
9200,0,0,0.0
9201,0,0,0.0
9202,0,0,0.0
9203,0,0,0.0
9204,0,0,0.0
9205,0,0,0.0
9206,0,0,0.0
9207,0,0,0.0
9208,0,0,0.0
9209,0,0,0.0
9210,0,0,0.0
9211,0,0,0.0
9212,0,0,0.0
9213,0,0,0.0
9214,0,0,0.0
9215,0,0,0.0
9216,0,0,0.0
9217,0,0,0.0
9218,0,0,0.0
9219,0,0,0.0
9220,0,0,0.0
9221,0,0,0.0
9222,0,0,0.0
9223,0,0,0.0
9224,0,0,0.0
9225,0,0,0.0
9226,0,0,0.0
9227,0,0,0.0
9228,0,0,0.0
9229,0,0,0.0
9230,0,0,0.0
9231,0,0,0.0
9232,0,0,0.0
9233,0,0,0.0
9234,0,0,0.0
9235,0,0,0.0
9236,0,0,0.0
9237,0,0,0.0
9238,0,0,0.0
9239,0,0,0.0
9240,0,0,0.0
9241,0,0,0.0
9242,0,0,0.0
9243,0,0,0.0
9244,0,0,0.0
9245,0,0,0.0
9246,0,0,0.0
9247,0,0,0.0
9248,0,0,0.0
9249,0,0,0.0
9250,0,0,0.0
9251,0,0,0.0
9252,0,0,0.0
9253,0,0,0.0
9254,0,0,0.0
9255,0,0,0.0
9256,0,0,0.0
9257,0,0,0.0
9258,0,0,0.0
9259,0,0,0.0
9260,0,0,0.0
9261,0,0,0.0
9262,0,0,0.0
9263,0,0,0.0
9264,0,0,0.0
9265,0,0,0.0
9266,0,0,0.0
9267,0,0,0.0
9268,0,0,0.0
9269,0,0,0.0
9270,0,0,0.0
9271,0,0,0.0
9272,0,0,0.0
9273,0,0,0.0
9274,0,0,0.0
9275,0,0,0.0
9276,0,0,0.0
9277,0,0,0.0
9278,0,0,0.0
9279,0,0,0.0
9280,0,0,0.0
9281,0,0,0.0
9282,0,0,0.0
9283,0,0,0.0
9284,0,0,0.0
9285,0,0,0.0
9286,0,0,0.0
9287,0,0,0.0
9288,0,0,0.0
9289,0,0,0.0
9290,0,0,0.0
9291,0,0,0.0
9292,0,0,0.0
9293,0,0,0.0
9294,0,0,0.0
9295,0,0,0.0
9296,0,0,0.0
9297,0,0,0.0
9298,0,0,0.0
9299,0,0,0.0
9300,0,0,0.0
9301,0,0,0.0
9302,0,0,0.0
9303,0,0,0.0
9304,0,0,0.0
9305,0,0,0.0
9306,1,34,34.0
9307,0,0,0.0
9308,0,0,0.0
9309,0,0,0.0
9310,0,0,0.0
9311,0,0,0.0
9312,0,0,0.0
9313,0,0,0.0
9314,0,0,0.0
9315,0,0,0.0
9316,0,0,0.0
9317,0,0,0.0
9318,0,0,0.0
9319,0,0,0.0
9320,0,0,0.0
9321,0,0,0.0
9322,0,0,0.0
9323,0,0,0.0
9324,0,0,0.0
9325,0,0,0.0
9326,0,0,0.0
9327,0,0,0.0
9328,0,0,0.0
9329,0,0,0.0
9330,0,0,0.0
9331,0,0,0.0
9332,0,0,0.0
9333,0,0,0.0
9334,0,0,0.0
9335,0,0,0.0
9336,0,0,0.0
9337,0,0,0.0
9338,0,0,0.0
9339,0,0,0.0
9340,0,0,0.0
9341,0,0,0.0
9342,0,0,0.0
9343,0,0,0.0
9344,0,0,0.0
9345,0,0,0.0
9346,0,0,0.0
9347,0,0,0.0
9348,0,0,0.0
9349,0,0,0.0
9350,0,0,0.0
9351,0,0,0.0
9352,0,0,0.0
9353,0,0,0.0
9354,0,0,0.0
9355,0,0,0.0
9356,0,0,0.0
9357,0,0,0.0
9358,0,0,0.0
9359,0,0,0.0
9360,0,0,0.0
9361,0,0,0.0
9362,0,0,0.0
9363,0,0,0.0
9364,0,0,0.0
9365,0,0,0.0
9366,0,0,0.0
9367,0,0,0.0
9368,0,0,0.0
9369,0,0,0.0
9370,0,0,0.0
9371,0,0,0.0
9372,0,0,0.0
9373,0,0,0.0
9374,0,0,0.0
9375,0,0,0.0
9376,0,0,0.0
9377,0,0,0.0
9378,0,0,0.0
9379,0,0,0.0
9380,0,0,0.0
9381,0,0,0.0
9382,0,0,0.0
9383,0,0,0.0
9384,0,0,0.0
9385,0,0,0.0
9386,0,0,0.0
9387,0,0,0.0
9388,0,0,0.0
9389,0,0,0.0
9390,0,0,0.0
9391,0,0,0.0
9392,0,0,0.0
9393,0,0,0.0
9394,0,0,0.0
9395,0,0,0.0
9396,0,0,0.0
9397,0,0,0.0
9398,0,0,0.0
9399,0,0,0.0
9400,0,0,0.0
9401,0,0,0.0
9402,0,0,0.0
9403,0,0,0.0
9404,0,0,0.0
9405,0,0,0.0
9406,0,0,0.0
9407,0,0,0.0
9408,0,0,0.0
9409,0,0,0.0
9410,0,0,0.0
9411,0,0,0.0
9412,0,0,0.0
9413,0,0,0.0
9414,0,0,0.0
9415,0,0,0.0
9416,0,0,0.0
9417,0,0,0.0
9418,0,0,0.0
9419,0,0,0.0
9420,0,0,0.0
9421,0,0,0.0
9422,0,0,0.0
9423,0,0,0.0
9424,0,0,0.0
9425,0,0,0.0
9426,0,0,0.0
9427,0,0,0.0
9428,0,0,0.0
9429,0,0,0.0
9430,0,0,0.0
9431,0,0,0.0
9432,0,0,0.0
9433,0,0,0.0
9434,0,0,0.0
9435,0,0,0.0
9436,0,0,0.0
9437,0,0,0.0
9438,0,0,0.0
9439,0,0,0.0
9440,0,0,0.0
9441,0,0,0.0
9442,0,0,0.0
9443,0,0,0.0
9444,0,0,0.0
9445,0,0,0.0
9446,0,0,0.0
9447,0,0,0.0
9448,0,0,0.0
9449,0,0,0.0
9450,0,0,0.0
9451,0,0,0.0
9452,0,0,0.0
9453,0,0,0.0
9454,0,0,0.0
9455,0,0,0.0
9456,0,0,0.0
9457,0,0,0.0
9458,0,0,0.0
9459,0,0,0.0
9460,0,0,0.0
9461,0,0,0.0
9462,0,0,0.0
9463,0,0,0.0
9464,0,0,0.0
9465,0,0,0.0
9466,0,0,0.0
9467,0,0,0.0
9468,0,0,0.0
9469,0,0,0.0
9470,0,0,0.0
9471,0,0,0.0
9472,0,0,0.0
9473,0,0,0.0
9474,0,0,0.0
9475,0,0,0.0
9476,0,0,0.0
9477,0,0,0.0
9478,0,0,0.0
9479,0,0,0.0
9480,0,0,0.0
9481,0,0,0.0
9482,0,0,0.0
9483,0,0,0.0
9484,0,0,0.0
9485,0,0,0.0
9486,0,0,0.0
9487,0,0,0.0
9488,0,0,0.0
9489,0,0,0.0
9490,0,0,0.0
9491,0,0,0.0
9492,0,0,0.0
9493,0,0,0.0
9494,0,0,0.0
9495,0,0,0.0
9496,0,0,0.0
9497,0,0,0.0
9498,0,0,0.0
9499,0,0,0.0
9500,0,0,0.0
9501,0,0,0.0
9502,0,0,0.0
9503,0,0,0.0
9504,0,0,0.0
9505,0,0,0.0
9506,0,0,0.0
9507,0,0,0.0
9508,0,0,0.0
9509,0,0,0.0
9510,0,0,0.0
9511,0,0,0.0
9512,0,0,0.0
9513,0,0,0.0
9514,0,0,0.0
9515,0,0,0.0
9516,0,0,0.0
9517,0,0,0.0
9518,0,0,0.0
9519,0,0,0.0
9520,0,0,0.0
9521,0,0,0.0
9522,0,0,0.0
9523,0,0,0.0
9524,0,0,0.0
9525,0,0,0.0
9526,0,0,0.0
9527,0,0,0.0
9528,0,0,0.0
9529,0,0,0.0
9530,0,0,0.0
9531,0,0,0.0
9532,0,0,0.0
9533,0,0,0.0
9534,0,0,0.0
9535,0,0,0.0
9536,0,0,0.0
9537,0,0,0.0
9538,0,0,0.0
9539,0,0,0.0
9540,0,0,0.0
9541,0,0,0.0
9542,0,0,0.0
9543,0,0,0.0
9544,0,0,0.0
9545,0,0,0.0
9546,0,0,0.0
9547,0,0,0.0
9548,0,0,0.0
9549,0,0,0.0
9550,0,0,0.0
9551,0,0,0.0
9552,0,0,0.0
9553,0,0,0.0
9554,0,0,0.0
9555,0,0,0.0
9556,0,0,0.0
9557,0,0,0.0
9558,0,0,0.0
9559,0,0,0.0
9560,0,0,0.0
9561,0,0,0.0
9562,0,0,0.0
9563,0,0,0.0
9564,0,0,0.0
9565,0,0,0.0
9566,0,0,0.0
9567,0,0,0.0
9568,0,0,0.0
9569,0,0,0.0
9570,0,0,0.0
9571,0,0,0.0
9572,0,0,0.0
9573,0,0,0.0
9574,0,0,0.0
9575,0,0,0.0
9576,0,0,0.0
9577,0,0,0.0
9578,0,0,0.0
9579,0,0,0.0
9580,0,0,0.0
9581,0,0,0.0
9582,0,0,0.0
9583,0,0,0.0
9584,0,0,0.0
9585,0,0,0.0
9586,0,0,0.0
9587,0,0,0.0
9588,0,0,0.0
9589,0,0,0.0
9590,0,0,0.0
9591,0,0,0.0
9592,0,0,0.0
9593,0,0,0.0
9594,0,0,0.0
9595,0,0,0.0
9596,0,0,0.0
9597,0,0,0.0
9598,0,0,0.0
9599,0,0,0.0
9600,0,0,0.0
9601,0,0,0.0
9602,0,0,0.0
9603,0,0,0.0
9604,0,0,0.0
9605,0,0,0.0
9606,0,0,0.0
9607,0,0,0.0
9608,0,0,0.0
9609,0,0,0.0
9610,0,0,0.0
9611,0,0,0.0
9612,0,0,0.0
9613,0,0,0.0
9614,0,0,0.0
9615,0,0,0.0
9616,0,0,0.0
9617,0,0,0.0
9618,0,0,0.0
9619,0,0,0.0
9620,0,0,0.0
9621,0,0,0.0
9622,0,0,0.0
9623,0,0,0.0
9624,0,0,0.0
9625,0,0,0.0
9626,0,0,0.0
9627,0,0,0.0
9628,0,0,0.0
9629,0,0,0.0
9630,0,0,0.0
9631,0,0,0.0
9632,0,0,0.0
9633,0,0,0.0
9634,0,0,0.0
9635,0,0,0.0
9636,0,0,0.0
9637,0,0,0.0
9638,0,0,0.0
9639,0,0,0.0
9640,0,0,0.0
9641,0,0,0.0
9642,0,0,0.0
9643,0,0,0.0
9644,0,0,0.0
9645,0,0,0.0
9646,0,0,0.0
9647,0,0,0.0
9648,0,0,0.0
9649,0,0,0.0
9650,0,0,0.0
9651,0,0,0.0
9652,0,0,0.0
9653,0,0,0.0
9654,0,0,0.0
9655,0,0,0.0
9656,0,0,0.0
9657,0,0,0.0
9658,0,0,0.0
9659,0,0,0.0
9660,0,0,0.0
9661,0,0,0.0
9662,0,0,0.0
9663,0,0,0.0
9664,0,0,0.0
9665,0,0,0.0
9666,0,0,0.0
9667,0,0,0.0
9668,0,0,0.0
9669,0,0,0.0
9670,0,0,0.0
9671,0,0,0.0
9672,0,0,0.0
9673,0,0,0.0
9674,0,0,0.0
9675,0,0,0.0
9676,0,0,0.0
9677,0,0,0.0
9678,0,0,0.0
9679,0,0,0.0
9680,0,0,0.0
9681,0,0,0.0
9682,0,0,0.0
9683,0,0,0.0
9684,0,0,0.0
9685,0,0,0.0
9686,0,0,0.0
9687,0,0,0.0
9688,0,0,0.0
9689,0,0,0.0
9690,0,0,0.0
9691,0,0,0.0
9692,0,0,0.0
9693,0,0,0.0
9694,0,0,0.0
9695,0,0,0.0
9696,0,0,0.0
9697,0,0,0.0
9698,0,0,0.0
9699,0,0,0.0
9700,0,0,0.0
9701,0,0,0.0
9702,0,0,0.0
9703,0,0,0.0
9704,0,0,0.0
9705,0,0,0.0
9706,0,0,0.0
9707,0,0,0.0
9708,0,0,0.0
9709,0,0,0.0
9710,0,0,0.0
9711,0,0,0.0
9712,0,0,0.0
9713,0,0,0.0
9714,0,0,0.0
9715,0,0,0.0
9716,0,0,0.0
9717,0,0,0.0
9718,0,0,0.0
9719,0,0,0.0
9720,0,0,0.0
9721,0,0,0.0
9722,0,0,0.0
9723,0,0,0.0
9724,0,0,0.0
9725,0,0,0.0
9726,0,0,0.0
9727,0,0,0.0
9728,0,0,0.0
9729,0,0,0.0
9730,0,0,0.0
9731,0,0,0.0
9732,0,0,0.0
9733,0,0,0.0
9734,0,0,0.0
9735,0,0,0.0
9736,0,0,0.0
9737,0,0,0.0
9738,0,0,0.0
9739,0,0,0.0
9740,0,0,0.0
9741,0,0,0.0
9742,0,0,0.0
9743,0,0,0.0
9744,0,0,0.0
9745,0,0,0.0
9746,0,0,0.0
9747,0,0,0.0
9748,0,0,0.0
9749,0,0,0.0
9750,0,0,0.0
9751,0,0,0.0
9752,0,0,0.0
9753,0,0,0.0
9754,0,0,0.0
9755,0,0,0.0
9756,0,0,0.0
9757,0,0,0.0
9758,0,0,0.0
9759,0,0,0.0
9760,0,0,0.0
9761,0,0,0.0
9762,0,0,0.0
9763,0,0,0.0
9764,0,0,0.0
9765,0,0,0.0
9766,0,0,0.0
9767,0,0,0.0
9768,0,0,0.0
9769,0,0,0.0
9770,0,0,0.0
9771,0,0,0.0
9772,0,0,0.0
9773,0,0,0.0
9774,0,0,0.0
9775,0,0,0.0
9776,0,0,0.0
9777,0,0,0.0
9778,0,0,0.0
9779,0,0,0.0
9780,0,0,0.0
9781,0,0,0.0
9782,0,0,0.0
9783,0,0,0.0
9784,0,0,0.0
9785,0,0,0.0
9786,0,0,0.0
9787,0,0,0.0
9788,0,0,0.0
9789,0,0,0.0
9790,0,0,0.0
9791,0,0,0.0
9792,0,0,0.0
9793,0,0,0.0
9794,0,0,0.0
9795,0,0,0.0
9796,0,0,0.0
9797,0,0,0.0
9798,0,0,0.0
9799,0,0,0.0
9800,0,0,0.0
9801,0,0,0.0
9802,0,0,0.0
9803,0,0,0.0
9804,0,0,0.0
9805,0,0,0.0
9806,0,0,0.0
9807,0,0,0.0
9808,0,0,0.0
9809,0,0,0.0
9810,0,0,0.0
9811,0,0,0.0
9812,0,0,0.0
9813,0,0,0.0
9814,0,0,0.0
9815,0,0,0.0
9816,0,0,0.0
9817,0,0,0.0
9818,0,0,0.0
9819,0,0,0.0
9820,0,0,0.0
9821,0,0,0.0
9822,0,0,0.0
9823,0,0,0.0
9824,0,0,0.0
9825,0,0,0.0
9826,0,0,0.0
9827,0,0,0.0
9828,0,0,0.0
9829,0,0,0.0
9830,0,0,0.0
9831,0,0,0.0
9832,0,0,0.0
9833,0,0,0.0
9834,0,0,0.0
9835,0,0,0.0
9836,0,0,0.0
9837,0,0,0.0
9838,0,0,0.0
9839,0,0,0.0
9840,0,0,0.0
9841,0,0,0.0
9842,0,0,0.0
9843,0,0,0.0
9844,0,0,0.0
9845,0,0,0.0
9846,0,0,0.0
9847,0,0,0.0
9848,0,0,0.0
9849,0,0,0.0
9850,0,0,0.0
9851,0,0,0.0
9852,0,0,0.0
9853,0,0,0.0
9854,0,0,0.0
9855,0,0,0.0
9856,0,0,0.0
9857,0,0,0.0
9858,0,0,0.0
9859,0,0,0.0
9860,0,0,0.0
9861,0,0,0.0
9862,0,0,0.0
9863,0,0,0.0
9864,0,0,0.0
9865,0,0,0.0
9866,0,0,0.0
9867,0,0,0.0
9868,0,0,0.0
9869,0,0,0.0
9870,0,0,0.0
9871,0,0,0.0
9872,0,0,0.0
9873,0,0,0.0
9874,0,0,0.0
9875,0,0,0.0
9876,0,0,0.0
9877,0,0,0.0
9878,0,0,0.0
9879,0,0,0.0
9880,0,0,0.0
9881,0,0,0.0
9882,0,0,0.0
9883,0,0,0.0
9884,0,0,0.0
9885,0,0,0.0
9886,0,0,0.0
9887,0,0,0.0
9888,0,0,0.0
9889,0,0,0.0
9890,0,0,0.0
9891,0,0,0.0
9892,0,0,0.0
9893,0,0,0.0
9894,0,0,0.0
9895,0,0,0.0
9896,0,0,0.0
9897,0,0,0.0
9898,0,0,0.0
9899,0,0,0.0
9900,0,0,0.0
9901,0,0,0.0
9902,0,0,0.0
9903,0,0,0.0
9904,0,0,0.0
9905,0,0,0.0
9906,0,0,0.0
9907,0,0,0.0
9908,0,0,0.0
9909,0,0,0.0
9910,0,0,0.0
9911,0,0,0.0
9912,0,0,0.0
9913,0,0,0.0
9914,0,0,0.0
9915,0,0,0.0
9916,0,0,0.0
9917,0,0,0.0
9918,0,0,0.0
9919,0,0,0.0
9920,0,0,0.0
9921,0,0,0.0
9922,0,0,0.0
9923,0,0,0.0
9924,0,0,0.0
9925,0,0,0.0
9926,0,0,0.0
9927,0,0,0.0
9928,0,0,0.0
9929,0,0,0.0
9930,0,0,0.0
9931,0,0,0.0
9932,0,0,0.0
9933,0,0,0.0
9934,0,0,0.0
9935,0,0,0.0
9936,0,0,0.0
9937,0,0,0.0
9938,0,0,0.0
9939,0,0,0.0
9940,0,0,0.0
9941,0,0,0.0
9942,0,0,0.0
9943,0,0,0.0
9944,0,0,0.0
9945,0,0,0.0
9946,0,0,0.0
9947,0,0,0.0
9948,0,0,0.0
9949,0,0,0.0
9950,0,0,0.0
9951,0,0,0.0
9952,0,0,0.0
9953,0,0,0.0
9954,0,0,0.0
9955,0,0,0.0
9956,0,0,0.0
9957,0,0,0.0
9958,0,0,0.0
9959,0,0,0.0
9960,0,0,0.0
9961,0,0,0.0
9962,0,0,0.0
9963,0,0,0.0
9964,0,0,0.0
9965,0,0,0.0
9966,0,0,0.0
9967,0,0,0.0
9968,0,0,0.0
9969,0,0,0.0
9970,0,0,0.0
9971,0,0,0.0
9972,0,0,0.0
9973,0,0,0.0
9974,0,0,0.0
9975,0,0,0.0
9976,0,0,0.0
9977,0,0,0.0
9978,0,0,0.0
9979,0,0,0.0
9980,0,0,0.0
9981,0,0,0.0
9982,0,0,0.0
9983,0,0,0.0
9984,0,0,0.0
9985,0,0,0.0
9986,0,0,0.0
9987,0,0,0.0
9988,0,0,0.0
9989,0,0,0.0
9990,0,0,0.0
9991,0,0,0.0
9992,0,0,0.0
9993,0,0,0.0
9994,0,0,0.0
9995,0,0,0.0
9996,0,0,0.0
9997,0,0,0.0
9998,0,0,0.0
9999,0,0,0.0
10000,0,0,0.0
10001,0,0,0.0
10002,0,0,0.0
10003,0,0,0.0
10004,0,0,0.0
10005,0,0,0.0
10006,0,0,0.0
10007,0,0,0.0
10008,0,0,0.0
10009,0,0,0.0
10010,0,0,0.0
10011,0,0,0.0
10012,0,0,0.0
10013,0,0,0.0
10014,0,0,0.0
10015,0,0,0.0
10016,0,0,0.0
10017,0,0,0.0
10018,0,0,0.0
10019,0,0,0.0
10020,0,0,0.0
10021,0,0,0.0
10022,0,0,0.0
10023,0,0,0.0
10024,0,0,0.0
10025,0,0,0.0
10026,0,0,0.0
10027,0,0,0.0
10028,0,0,0.0
10029,0,0,0.0
10030,0,0,0.0
10031,0,0,0.0
10032,0,0,0.0
10033,0,0,0.0
10034,0,0,0.0
10035,0,0,0.0
10036,0,0,0.0
10037,0,0,0.0
10038,0,0,0.0
10039,0,0,0.0
10040,0,0,0.0
10041,0,0,0.0
10042,0,0,0.0
10043,0,0,0.0
10044,0,0,0.0
10045,0,0,0.0
10046,0,0,0.0
10047,0,0,0.0
10048,0,0,0.0
10049,0,0,0.0
10050,0,0,0.0
10051,0,0,0.0
10052,0,0,0.0
10053,0,0,0.0
10054,0,0,0.0
10055,0,0,0.0
10056,0,0,0.0
10057,0,0,0.0
10058,0,0,0.0
10059,0,0,0.0
10060,0,0,0.0
10061,0,0,0.0
10062,0,0,0.0
10063,0,0,0.0
10064,0,0,0.0
10065,0,0,0.0
10066,0,0,0.0
10067,0,0,0.0
10068,0,0,0.0
10069,0,0,0.0
10070,0,0,0.0
10071,0,0,0.0
10072,0,0,0.0
10073,0,0,0.0
10074,0,0,0.0
10075,0,0,0.0
10076,0,0,0.0
10077,0,0,0.0
10078,0,0,0.0
10079,0,0,0.0
10080,0,0,0.0
10081,0,0,0.0
10082,0,0,0.0
10083,0,0,0.0
10084,0,0,0.0
10085,0,0,0.0
10086,0,0,0.0
10087,0,0,0.0
10088,0,0,0.0
10089,0,0,0.0
10090,0,0,0.0
10091,0,0,0.0
10092,0,0,0.0
10093,0,0,0.0
10094,0,0,0.0
10095,0,0,0.0
10096,0,0,0.0
10097,0,0,0.0
10098,0,0,0.0
10099,0,0,0.0
10100,0,0,0.0
10101,0,0,0.0
10102,0,0,0.0
10103,0,0,0.0
10104,0,0,0.0
10105,0,0,0.0
10106,0,0,0.0
10107,0,0,0.0
10108,0,0,0.0
10109,0,0,0.0
10110,0,0,0.0
10111,0,0,0.0
10112,0,0,0.0
10113,0,0,0.0
10114,0,0,0.0
10115,0,0,0.0
10116,0,0,0.0
10117,0,0,0.0
10118,0,0,0.0
10119,0,0,0.0
10120,0,0,0.0
10121,0,0,0.0
10122,0,0,0.0
10123,0,0,0.0
10124,0,0,0.0
10125,0,0,0.0
10126,0,0,0.0
10127,0,0,0.0
10128,0,0,0.0
10129,0,0,0.0
10130,0,0,0.0
10131,0,0,0.0
10132,0,0,0.0
10133,0,0,0.0
10134,0,0,0.0
10135,0,0,0.0
10136,0,0,0.0
10137,0,0,0.0
10138,0,0,0.0
10139,0,0,0.0
10140,0,0,0.0
10141,0,0,0.0
10142,0,0,0.0
10143,0,0,0.0
10144,0,0,0.0
10145,0,0,0.0
10146,0,0,0.0
10147,0,0,0.0
10148,0,0,0.0
10149,0,0,0.0
10150,0,0,0.0
10151,0,0,0.0
10152,0,0,0.0
10153,0,0,0.0
10154,0,0,0.0
10155,0,0,0.0
10156,0,0,0.0
10157,0,0,0.0
10158,0,0,0.0
10159,0,0,0.0
10160,0,0,0.0
10161,0,0,0.0
10162,0,0,0.0
10163,0,0,0.0
10164,0,0,0.0
10165,0,0,0.0
10166,0,0,0.0
10167,0,0,0.0
10168,0,0,0.0
10169,0,0,0.0
10170,0,0,0.0
10171,0,0,0.0
10172,0,0,0.0
10173,0,0,0.0
10174,0,0,0.0
10175,0,0,0.0
10176,0,0,0.0
10177,0,0,0.0
10178,0,0,0.0
10179,0,0,0.0
10180,0,0,0.0
10181,0,0,0.0
10182,0,0,0.0
10183,0,0,0.0
10184,0,0,0.0
10185,0,0,0.0
10186,0,0,0.0
10187,0,0,0.0
10188,0,0,0.0
10189,0,0,0.0
10190,0,0,0.0
10191,0,0,0.0
10192,0,0,0.0
10193,0,0,0.0
10194,0,0,0.0
10195,0,0,0.0
10196,0,0,0.0
10197,0,0,0.0
10198,0,0,0.0
10199,0,0,0.0
10200,0,0,0.0
10201,0,0,0.0
10202,0,0,0.0
10203,0,0,0.0
10204,0,0,0.0
10205,0,0,0.0
10206,0,0,0.0
10207,0,0,0.0
10208,0,0,0.0
10209,0,0,0.0
10210,0,0,0.0
10211,0,0,0.0
10212,0,0,0.0
10213,0,0,0.0
10214,0,0,0.0
10215,0,0,0.0
10216,0,0,0.0
10217,0,0,0.0
10218,0,0,0.0
10219,0,0,0.0
10220,0,0,0.0
10221,0,0,0.0
10222,0,0,0.0
10223,0,0,0.0
10224,0,0,0.0
10225,0,0,0.0
10226,0,0,0.0
10227,0,0,0.0
10228,0,0,0.0
10229,0,0,0.0
10230,0,0,0.0
10231,0,0,0.0
10232,0,0,0.0
10233,0,0,0.0
10234,0,0,0.0
10235,0,0,0.0
10236,0,0,0.0
10237,0,0,0.0
10238,0,0,0.0
10239,0,0,0.0
10240,0,0,0.0
10241,0,0,0.0
10242,0,0,0.0
10243,0,0,0.0
10244,0,0,0.0
10245,0,0,0.0
10246,0,0,0.0
10247,0,0,0.0
10248,0,0,0.0
10249,0,0,0.0
10250,0,0,0.0
10251,0,0,0.0
10252,0,0,0.0
10253,0,0,0.0
10254,0,0,0.0
10255,0,0,0.0
10256,0,0,0.0
10257,0,0,0.0
10258,0,0,0.0
10259,0,0,0.0
10260,0,0,0.0
10261,0,0,0.0
10262,0,0,0.0
10263,0,0,0.0
10264,0,0,0.0
10265,0,0,0.0
10266,0,0,0.0
10267,0,0,0.0
10268,0,0,0.0
10269,0,0,0.0
10270,0,0,0.0
10271,0,0,0.0
10272,0,0,0.0
10273,0,0,0.0
10274,0,0,0.0
10275,0,0,0.0
10276,0,0,0.0
10277,0,0,0.0
10278,0,0,0.0
10279,0,0,0.0
10280,0,0,0.0
10281,0,0,0.0
10282,0,0,0.0
10283,0,0,0.0
10284,0,0,0.0
10285,0,0,0.0
10286,0,0,0.0
10287,0,0,0.0
10288,0,0,0.0
10289,0,0,0.0
10290,0,0,0.0
10291,0,0,0.0
10292,0,0,0.0
10293,0,0,0.0
10294,0,0,0.0
10295,0,0,0.0
10296,0,0,0.0
10297,0,0,0.0
10298,0,0,0.0
10299,0,0,0.0
10300,0,0,0.0
10301,0,0,0.0
10302,0,0,0.0
10303,0,0,0.0
10304,0,0,0.0
10305,0,0,0.0
10306,0,0,0.0
10307,0,0,0.0
10308,0,0,0.0
10309,0,0,0.0
10310,0,0,0.0
10311,0,0,0.0
10312,0,0,0.0
10313,0,0,0.0
10314,0,0,0.0
10315,0,0,0.0
10316,0,0,0.0
10317,0,0,0.0
10318,0,0,0.0
10319,0,0,0.0
10320,0,0,0.0
10321,0,0,0.0
10322,0,0,0.0
10323,0,0,0.0
10324,0,0,0.0
10325,0,0,0.0
10326,0,0,0.0
10327,0,0,0.0
10328,0,0,0.0
10329,0,0,0.0
10330,0,0,0.0
10331,0,0,0.0
10332,0,0,0.0
10333,0,0,0.0
10334,0,0,0.0
10335,0,0,0.0
10336,0,0,0.0
10337,0,0,0.0
10338,0,0,0.0
10339,0,0,0.0
10340,0,0,0.0
10341,0,0,0.0
10342,0,0,0.0
10343,0,0,0.0
10344,0,0,0.0
10345,0,0,0.0
10346,0,0,0.0
10347,0,0,0.0
10348,0,0,0.0
10349,0,0,0.0
10350,0,0,0.0
10351,0,0,0.0
10352,0,0,0.0
10353,0,0,0.0
10354,0,0,0.0
10355,0,0,0.0
10356,0,0,0.0
10357,0,0,0.0
10358,0,0,0.0
10359,0,0,0.0
10360,0,0,0.0
10361,0,0,0.0
10362,0,0,0.0
10363,0,0,0.0
10364,0,0,0.0
10365,0,0,0.0
10366,0,0,0.0
10367,0,0,0.0
10368,0,0,0.0
10369,0,0,0.0
10370,0,0,0.0
10371,0,0,0.0
10372,0,0,0.0
10373,0,0,0.0
10374,0,0,0.0
10375,0,0,0.0
10376,0,0,0.0
10377,0,0,0.0
10378,0,0,0.0
10379,0,0,0.0
10380,0,0,0.0
10381,0,0,0.0
10382,0,0,0.0
10383,0,0,0.0
10384,0,0,0.0
10385,0,0,0.0
10386,0,0,0.0
10387,0,0,0.0
10388,0,0,0.0
10389,0,0,0.0
10390,0,0,0.0
10391,0,0,0.0
10392,0,0,0.0
10393,0,0,0.0
10394,0,0,0.0
10395,0,0,0.0
10396,0,0,0.0
10397,0,0,0.0
10398,0,0,0.0
10399,0,0,0.0
10400,0,0,0.0
10401,0,0,0.0
10402,0,0,0.0
10403,0,0,0.0
10404,0,0,0.0
10405,0,0,0.0
10406,0,0,0.0
10407,0,0,0.0
10408,0,0,0.0
10409,0,0,0.0
10410,0,0,0.0
10411,0,0,0.0
10412,0,0,0.0
10413,0,0,0.0
10414,0,0,0.0
10415,0,0,0.0
10416,0,0,0.0
10417,0,0,0.0
10418,0,0,0.0
10419,0,0,0.0
10420,0,0,0.0
10421,0,0,0.0
10422,0,0,0.0
10423,0,0,0.0
10424,0,0,0.0
10425,0,0,0.0
10426,0,0,0.0
10427,0,0,0.0
10428,0,0,0.0
10429,0,0,0.0
10430,0,0,0.0
10431,0,0,0.0
10432,0,0,0.0
10433,0,0,0.0
10434,0,0,0.0
10435,0,0,0.0
10436,0,0,0.0
10437,0,0,0.0
10438,0,0,0.0
10439,0,0,0.0
10440,0,0,0.0
10441,0,0,0.0
10442,0,0,0.0
10443,0,0,0.0
10444,0,0,0.0
10445,0,0,0.0
10446,0,0,0.0
10447,0,0,0.0
10448,0,0,0.0
10449,0,0,0.0
10450,0,0,0.0
10451,0,0,0.0
10452,0,0,0.0
10453,0,0,0.0
10454,0,0,0.0
10455,0,0,0.0
10456,0,0,0.0
10457,0,0,0.0
10458,0,0,0.0
10459,0,0,0.0
10460,0,0,0.0
10461,0,0,0.0
10462,0,0,0.0
10463,0,0,0.0
10464,0,0,0.0
10465,0,0,0.0
10466,0,0,0.0
10467,0,0,0.0
10468,0,0,0.0
10469,0,0,0.0
10470,0,0,0.0
10471,0,0,0.0
10472,0,0,0.0
10473,0,0,0.0
10474,0,0,0.0
10475,0,0,0.0
10476,0,0,0.0
10477,0,0,0.0
10478,0,0,0.0
10479,0,0,0.0
10480,0,0,0.0
10481,0,0,0.0
10482,0,0,0.0
10483,0,0,0.0
10484,0,0,0.0
10485,0,0,0.0
10486,0,0,0.0
10487,0,0,0.0
10488,0,0,0.0
10489,0,0,0.0
10490,0,0,0.0
10491,0,0,0.0
10492,0,0,0.0
10493,0,0,0.0
10494,0,0,0.0
10495,0,0,0.0
10496,0,0,0.0
10497,0,0,0.0
10498,0,0,0.0
10499,0,0,0.0
10500,0,0,0.0
10501,0,0,0.0
10502,0,0,0.0
10503,0,0,0.0
10504,0,0,0.0
10505,0,0,0.0
10506,0,0,0.0
10507,0,0,0.0
10508,0,0,0.0
10509,0,0,0.0
10510,0,0,0.0
10511,0,0,0.0
10512,0,0,0.0
10513,0,0,0.0
10514,0,0,0.0
10515,0,0,0.0
10516,0,0,0.0
10517,0,0,0.0
10518,0,0,0.0
10519,0,0,0.0
10520,0,0,0.0
10521,0,0,0.0
10522,0,0,0.0
10523,0,0,0.0
10524,0,0,0.0
10525,0,0,0.0
10526,0,0,0.0
10527,0,0,0.0
10528,0,0,0.0
10529,0,0,0.0
10530,0,0,0.0
10531,0,0,0.0
10532,0,0,0.0
10533,0,0,0.0
10534,0,0,0.0
10535,0,0,0.0
10536,0,0,0.0
10537,0,0,0.0
10538,0,0,0.0
10539,0,0,0.0
10540,0,0,0.0
10541,0,0,0.0
10542,0,0,0.0
10543,0,0,0.0
10544,0,0,0.0
10545,0,0,0.0
10546,0,0,0.0
10547,0,0,0.0
10548,0,0,0.0
10549,0,0,0.0
10550,0,0,0.0
10551,0,0,0.0
10552,0,0,0.0
10553,0,0,0.0
10554,0,0,0.0
10555,0,0,0.0
10556,0,0,0.0
10557,0,0,0.0
10558,0,0,0.0
10559,0,0,0.0
10560,0,0,0.0
10561,0,0,0.0
10562,0,0,0.0
10563,0,0,0.0
10564,0,0,0.0
10565,0,0,0.0
10566,0,0,0.0
10567,0,0,0.0
10568,0,0,0.0
10569,0,0,0.0
10570,0,0,0.0
10571,0,0,0.0
10572,0,0,0.0
10573,0,0,0.0
10574,0,0,0.0
10575,0,0,0.0
10576,0,0,0.0
10577,0,0,0.0
10578,0,0,0.0
10579,0,0,0.0
10580,0,0,0.0
10581,0,0,0.0
10582,0,0,0.0
10583,0,0,0.0
10584,0,0,0.0
10585,0,0,0.0
10586,0,0,0.0
10587,0,0,0.0
10588,0,0,0.0
10589,0,0,0.0
10590,0,0,0.0
10591,0,0,0.0
10592,0,0,0.0
10593,0,0,0.0
10594,0,0,0.0
10595,0,0,0.0
10596,0,0,0.0
10597,0,0,0.0
10598,0,0,0.0
10599,0,0,0.0
10600,0,0,0.0
10601,0,0,0.0
10602,0,0,0.0
10603,0,0,0.0
10604,0,0,0.0
10605,0,0,0.0
10606,0,0,0.0
10607,0,0,0.0
10608,0,0,0.0
10609,0,0,0.0
10610,0,0,0.0
10611,0,0,0.0
10612,0,0,0.0
10613,0,0,0.0
10614,0,0,0.0
10615,0,0,0.0
10616,0,0,0.0
10617,0,0,0.0
10618,0,0,0.0
10619,0,0,0.0
10620,0,0,0.0
10621,0,0,0.0
10622,0,0,0.0
10623,0,0,0.0
10624,0,0,0.0
10625,0,0,0.0
10626,0,0,0.0
10627,0,0,0.0
10628,0,0,0.0
10629,0,0,0.0
10630,0,0,0.0
10631,0,0,0.0
10632,0,0,0.0
10633,0,0,0.0
10634,0,0,0.0
10635,0,0,0.0
10636,0,0,0.0
10637,0,0,0.0
10638,0,0,0.0
10639,0,0,0.0
10640,0,0,0.0
10641,0,0,0.0
10642,0,0,0.0
10643,0,0,0.0
10644,0,0,0.0
10645,0,0,0.0
10646,0,0,0.0
10647,0,0,0.0
10648,0,0,0.0
10649,0,0,0.0
10650,0,0,0.0
10651,0,0,0.0
10652,0,0,0.0
10653,0,0,0.0
10654,0,0,0.0
10655,0,0,0.0
10656,0,0,0.0
10657,0,0,0.0
10658,0,0,0.0
10659,0,0,0.0
10660,0,0,0.0
10661,0,0,0.0
10662,0,0,0.0
10663,0,0,0.0
10664,0,0,0.0
10665,0,0,0.0
10666,0,0,0.0
10667,0,0,0.0
10668,0,0,0.0
10669,0,0,0.0
10670,0,0,0.0
10671,0,0,0.0
10672,0,0,0.0
10673,0,0,0.0
10674,0,0,0.0
10675,0,0,0.0
10676,0,0,0.0
10677,0,0,0.0
10678,0,0,0.0
10679,0,0,0.0
10680,0,0,0.0
10681,0,0,0.0
10682,0,0,0.0
10683,0,0,0.0
10684,0,0,0.0
10685,0,0,0.0
10686,0,0,0.0
10687,0,0,0.0
10688,0,0,0.0
10689,0,0,0.0
10690,0,0,0.0
10691,0,0,0.0
10692,0,0,0.0
10693,0,0,0.0
10694,0,0,0.0
10695,0,0,0.0
10696,0,0,0.0
10697,0,0,0.0
10698,0,0,0.0
10699,0,0,0.0
10700,0,0,0.0
10701,0,0,0.0
10702,0,0,0.0
10703,0,0,0.0
10704,0,0,0.0
10705,0,0,0.0
10706,0,0,0.0
10707,0,0,0.0
10708,0,0,0.0
10709,0,0,0.0
10710,0,0,0.0
10711,0,0,0.0
10712,0,0,0.0
10713,0,0,0.0
10714,0,0,0.0
10715,0,0,0.0
10716,0,0,0.0
10717,0,0,0.0
10718,0,0,0.0
10719,0,0,0.0
10720,0,0,0.0
10721,0,0,0.0
10722,0,0,0.0
10723,0,0,0.0
10724,0,0,0.0
10725,0,0,0.0
10726,0,0,0.0
10727,0,0,0.0
10728,0,0,0.0
10729,0,0,0.0
10730,0,0,0.0
10731,0,0,0.0
10732,0,0,0.0
10733,0,0,0.0
10734,0,0,0.0
10735,0,0,0.0
10736,0,0,0.0
10737,0,0,0.0
10738,0,0,0.0
10739,0,0,0.0
10740,0,0,0.0
10741,0,0,0.0
10742,0,0,0.0
10743,0,0,0.0
10744,0,0,0.0
10745,0,0,0.0
10746,0,0,0.0
10747,0,0,0.0
10748,0,0,0.0
10749,0,0,0.0
10750,0,0,0.0
10751,0,0,0.0
10752,0,0,0.0
10753,0,0,0.0
10754,0,0,0.0
10755,0,0,0.0
10756,0,0,0.0
10757,0,0,0.0
10758,0,0,0.0
10759,0,0,0.0
10760,0,0,0.0
10761,0,0,0.0
10762,0,0,0.0
10763,0,0,0.0
10764,0,0,0.0
10765,0,0,0.0
10766,0,0,0.0
10767,0,0,0.0
10768,0,0,0.0
10769,0,0,0.0
10770,0,0,0.0
10771,0,0,0.0
10772,0,0,0.0
10773,0,0,0.0
10774,0,0,0.0
10775,0,0,0.0
10776,0,0,0.0
10777,0,0,0.0
10778,0,0,0.0
10779,0,0,0.0
10780,0,0,0.0
10781,0,0,0.0
10782,0,0,0.0
10783,0,0,0.0
10784,0,0,0.0
10785,0,0,0.0
10786,0,0,0.0
10787,0,0,0.0
10788,0,0,0.0
10789,0,0,0.0
10790,0,0,0.0
10791,0,0,0.0
10792,0,0,0.0
10793,0,0,0.0
10794,0,0,0.0
10795,0,0,0.0
10796,0,0,0.0
10797,0,0,0.0
10798,0,0,0.0
10799,0,0,0.0
10800,0,0,0.0
10801,0,0,0.0
10802,0,0,0.0
10803,0,0,0.0
10804,0,0,0.0
10805,0,0,0.0
10806,0,0,0.0
10807,0,0,0.0
10808,0,0,0.0
10809,0,0,0.0
10810,0,0,0.0
10811,0,0,0.0
10812,0,0,0.0
10813,0,0,0.0
10814,0,0,0.0
10815,0,0,0.0
10816,0,0,0.0
10817,0,0,0.0
10818,0,0,0.0
10819,0,0,0.0
10820,0,0,0.0
10821,0,0,0.0
10822,0,0,0.0
10823,0,0,0.0
10824,0,0,0.0
10825,0,0,0.0
10826,0,0,0.0
10827,0,0,0.0
10828,0,0,0.0
10829,0,0,0.0
10830,0,0,0.0
10831,0,0,0.0
10832,0,0,0.0
10833,0,0,0.0
10834,0,0,0.0
10835,0,0,0.0
10836,0,0,0.0
10837,0,0,0.0
10838,1,9528,9528.0
10839,1,9528,9528.0
10840,1,9528,9528.0
10841,0,0,0.0
10842,0,0,0.0
10843,0,0,0.0
10844,0,0,0.0
10845,0,0,0.0
10846,0,0,0.0
10847,0,0,0.0
10848,0,0,0.0
10849,0,0,0.0
10850,0,0,0.0
10851,0,0,0.0
10852,0,0,0.0
10853,0,0,0.0
10854,0,0,0.0
10855,0,0,0.0
10856,0,0,0.0
10857,0,0,0.0
10858,0,0,0.0
10859,0,0,0.0
10860,0,0,0.0
10861,0,0,0.0
10862,0,0,0.0
10863,0,0,0.0
10864,0,0,0.0
10865,0,0,0.0
10866,0,0,0.0
10867,0,0,0.0
10868,0,0,0.0
10869,0,0,0.0
10870,0,0,0.0
10871,0,0,0.0
10872,0,0,0.0
10873,0,0,0.0
10874,0,0,0.0
10875,0,0,0.0
10876,0,0,0.0
10877,0,0,0.0
10878,1,9528,9528.0
10879,1,9528,9528.0
10880,0,0,0.0
10881,0,0,0.0
10882,1,9528,9528.0
10883,1,9528,9528.0
10884,1,9528,9528.0
10885,1,9528,9528.0
10886,1,9528,9528.0
10887,1,9528,9528.0
10888,1,9528,9528.0
10889,1,9528,9528.0
10890,1,9528,9528.0
10891,1,9536,9536.0
10892,1,9536,9536.0
10893,1,9528,9528.0
10894,1,9528,9528.0
10895,1,9528,9528.0
10896,1,9528,9528.0
10897,1,9528,9528.0
10898,1,9528,9528.0
10899,1,9528,9528.0
10900,1,9528,9528.0
10901,1,9528,9528.0
10902,1,9528,9528.0
10903,1,9528,9528.0
10904,1,9528,9528.0
10905,1,9528,9528.0
10906,1,9528,9528.0
10907,1,9528,9528.0
10908,1,9528,9528.0
10909,1,9528,9528.0
10910,1,9528,9528.0
10911,1,9528,9528.0
10912,1,9528,9528.0
10913,1,9528,9528.0
10914,1,9528,9528.0
10915,1,9528,9528.0
10916,1,9528,9528.0
10917,1,9528,9528.0
10918,1,9528,9528.0
10919,1,9528,9528.0
10920,1,9528,9528.0
10921,1,9528,9528.0
10922,1,9528,9528.0
10923,1,9528,9528.0
10924,1,9528,9528.0
10925,1,9528,9528.0
10926,1,9528,9528.0
10927,1,9528,9528.0
10928,1,9528,9528.0
10929,1,9528,9528.0
10930,1,9528,9528.0
10931,1,9528,9528.0
10932,1,9528,9528.0
10933,1,9520,9520.0
10934,1,9520,9520.0
10935,1,9520,9520.0
10936,1,9520,9520.0
10937,1,9512,9512.0
10938,1,9512,9512.0
10939,1,9520,9520.0
10940,1,9512,9512.0
10941,1,9512,9512.0
10942,1,9512,9512.0
10943,1,9520,9520.0
10944,1,9512,9512.0
10945,1,9512,9512.0
10946,1,9512,9512.0
10947,1,9512,9512.0
10948,1,9512,9512.0
10949,1,9512,9512.0
10950,1,9512,9512.0
10951,1,9512,9512.0
10952,1,9512,9512.0
10953,1,9512,9512.0
10954,1,9512,9512.0
10955,1,9512,9512.0
10956,1,9512,9512.0
10957,1,9512,9512.0
10958,1,9512,9512.0
10959,1,9512,9512.0
10960,1,9520,9520.0
10961,1,9520,9520.0
10962,1,9520,9520.0
10963,1,9520,9520.0
10964,1,9520,9520.0
10965,1,9520,9520.0
10966,1,9520,9520.0
10967,1,9520,9520.0
10968,1,9520,9520.0
10969,1,9520,9520.0
10970,1,9520,9520.0
10971,1,9520,9520.0
10972,1,9520,9520.0
10973,1,9520,9520.0
10974,1,9528,9528.0
10975,1,9536,9536.0
10976,1,9536,9536.0
10977,1,9536,9536.0
10978,1,9528,9528.0
10979,1,9528,9528.0
10980,1,9528,9528.0
10981,1,9528,9528.0
10982,1,9528,9528.0
10983,1,9528,9528.0
10984,1,9528,9528.0
10985,1,9528,9528.0
10986,1,9528,9528.0
10987,1,9528,9528.0
10988,1,9528,9528.0
10989,1,9528,9528.0
10990,1,9528,9528.0
10991,1,9528,9528.0
10992,1,9528,9528.0
10993,1,9528,9528.0
10994,1,9528,9528.0
10995,1,9528,9528.0
10996,1,9528,9528.0
10997,1,9528,9528.0
10998,1,9528,9528.0
10999,1,9528,9528.0
11000,1,9528,9528.0
11001,1,9528,9528.0
11002,1,9528,9528.0
11003,1,9528,9528.0
11004,1,9528,9528.0
11005,1,9528,9528.0
11006,1,9528,9528.0
11007,1,9528,9528.0
11008,1,9528,9528.0
11009,1,9528,9528.0
11010,1,9528,9528.0
11011,1,9544,9544.0
11012,1,9544,9544.0
11013,1,9544,9544.0
11014,1,9544,9544.0
11015,1,9544,9544.0
11016,1,9544,9544.0
11017,1,9544,9544.0
11018,1,9544,9544.0
11019,1,9544,9544.0
11020,1,9544,9544.0
11021,1,9544,9544.0
11022,1,9544,9544.0
11023,1,9544,9544.0
11024,1,9544,9544.0
11025,1,9544,9544.0
11026,1,9544,9544.0
11027,1,9544,9544.0
11028,1,9544,9544.0
11029,1,9544,9544.0
11030,1,9544,9544.0
11031,1,9544,9544.0
11032,1,9544,9544.0
11033,1,9544,9544.0
11034,1,9552,9552.0
11035,1,9544,9544.0
11036,1,9544,9544.0
11037,1,9544,9544.0
11038,1,9544,9544.0
11039,1,9544,9544.0
11040,1,9544,9544.0
11041,1,9544,9544.0
11042,1,9552,9552.0
11043,1,9552,9552.0
11044,1,9552,9552.0
11045,1,9552,9552.0
11046,1,9552,9552.0
11047,1,9552,9552.0
11048,1,9552,9552.0
11049,1,9552,9552.0
11050,1,9552,9552.0
11051,1,9552,9552.0
11052,1,9552,9552.0
11053,1,9544,9544.0
11054,1,9544,9544.0
11055,1,9544,9544.0
11056,1,9544,9544.0
11057,1,9544,9544.0
11058,1,9544,9544.0
11059,1,9544,9544.0
11060,1,9544,9544.0
11061,1,9544,9544.0
11062,1,9544,9544.0
11063,1,9544,9544.0
11064,1,9544,9544.0
11065,1,9544,9544.0
11066,1,9544,9544.0
11067,1,9544,9544.0
11068,1,9544,9544.0
11069,1,9544,9544.0
11070,1,9544,9544.0
11071,1,9544,9544.0
11072,1,9552,9552.0
11073,1,9552,9552.0
11074,1,9544,9544.0
11075,1,9544,9544.0
11076,1,9544,9544.0
11077,1,9544,9544.0
11078,1,9544,9544.0
11079,1,9544,9544.0
11080,1,9544,9544.0
11081,1,9552,9552.0
11082,1,9552,9552.0
11083,1,9552,9552.0
11084,1,9552,9552.0
11085,1,9552,9552.0
11086,1,9552,9552.0
11087,1,9552,9552.0
11088,1,9552,9552.0
11089,1,9552,9552.0
11090,1,9552,9552.0
11091,1,9552,9552.0
11092,1,9552,9552.0
11093,1,9552,9552.0
11094,1,9552,9552.0
11095,1,9552,9552.0
11096,1,9552,9552.0
11097,1,9552,9552.0
11098,1,9552,9552.0
11099,1,9552,9552.0
11100,1,9552,9552.0
11101,1,9552,9552.0
11102,1,9552,9552.0
11103,1,9552,9552.0
11104,1,9552,9552.0
11105,1,9552,9552.0
11106,1,9552,9552.0
11107,1,9552,9552.0
11108,1,9552,9552.0
11109,1,9552,9552.0
11110,1,9552,9552.0
11111,1,9552,9552.0
11112,1,9552,9552.0
11113,1,9552,9552.0
11114,1,9552,9552.0
11115,1,9552,9552.0
11116,1,9552,9552.0
11117,1,9552,9552.0
11118,1,9552,9552.0
11119,1,9552,9552.0
11120,1,9552,9552.0
11121,1,9552,9552.0
11122,1,9552,9552.0
11123,1,9552,9552.0
11124,1,9552,9552.0
11125,1,9552,9552.0
11126,1,9552,9552.0
11127,1,9552,9552.0
11128,1,9552,9552.0
11129,1,9552,9552.0
11130,1,9552,9552.0
11131,1,9552,9552.0
11132,1,9552,9552.0
11133,1,9552,9552.0
11134,1,9552,9552.0
11135,1,9552,9552.0
11136,1,9552,9552.0
11137,1,9552,9552.0
11138,1,9552,9552.0
11139,1,9552,9552.0
11140,1,9560,9560.0
11141,1,9560,9560.0
11142,1,9560,9560.0
11143,1,9560,9560.0
11144,1,9560,9560.0
11145,1,9560,9560.0
11146,1,9560,9560.0
11147,1,9560,9560.0
11148,1,9560,9560.0
11149,1,9560,9560.0
11150,1,9560,9560.0
11151,1,9560,9560.0
11152,1,9560,9560.0
11153,1,9560,9560.0
11154,1,9560,9560.0
11155,1,9560,9560.0
11156,1,9560,9560.0
11157,1,9560,9560.0
11158,1,9560,9560.0
11159,1,9552,9552.0
11160,1,9560,9560.0
11161,1,9560,9560.0
11162,1,9560,9560.0
11163,1,9560,9560.0
11164,1,9560,9560.0
11165,1,9560,9560.0
11166,1,9552,9552.0
11167,1,9552,9552.0
11168,1,9552,9552.0
11169,1,9552,9552.0
11170,1,9552,9552.0
11171,1,9552,9552.0
11172,1,9552,9552.0
11173,1,9552,9552.0
11174,1,9560,9560.0
11175,1,9560,9560.0
11176,1,9552,9552.0
11177,1,9552,9552.0
11178,1,9552,9552.0
11179,1,9552,9552.0
11180,1,9552,9552.0
11181,1,9544,9544.0
11182,1,9544,9544.0
11183,1,9544,9544.0
11184,1,9544,9544.0
11185,1,9544,9544.0
11186,1,9544,9544.0
11187,1,9544,9544.0
11188,1,9544,9544.0
11189,1,9544,9544.0
11190,1,9544,9544.0
11191,1,9544,9544.0
11192,1,9544,9544.0
11193,1,9536,9536.0
11194,1,9536,9536.0
11195,1,9528,9528.0
11196,1,9528,9528.0
11197,1,9528,9528.0
11198,1,9528,9528.0
11199,1,9528,9528.0
11200,1,9528,9528.0
11201,1,9528,9528.0
11202,1,9528,9528.0
11203,1,9528,9528.0
11204,1,9528,9528.0
11205,1,9528,9528.0
11206,1,9528,9528.0
11207,1,9536,9536.0
11208,1,9536,9536.0
11209,1,9536,9536.0
11210,1,9528,9528.0
11211,1,9528,9528.0
11212,1,9520,9520.0
11213,1,9520,9520.0
11214,1,9528,9528.0
11215,1,9528,9528.0
11216,1,9528,9528.0
11217,1,9528,9528.0
11218,1,9528,9528.0
11219,1,9528,9528.0
11220,1,9528,9528.0
11221,1,9520,9520.0
11222,1,9528,9528.0
11223,1,9528,9528.0
11224,1,9520,9520.0
11225,1,9528,9528.0
11226,1,9528,9528.0
11227,1,9520,9520.0
11228,1,9520,9520.0
11229,1,9528,9528.0
11230,1,9520,9520.0
11231,1,9520,9520.0
11232,1,9520,9520.0
11233,1,9520,9520.0
11234,1,9520,9520.0
11235,1,9520,9520.0
11236,1,9520,9520.0
11237,1,9520,9520.0
11238,1,9528,9528.0
11239,1,9520,9520.0
11240,1,9520,9520.0
11241,1,9520,9520.0
11242,1,9528,9528.0
11243,1,9528,9528.0
11244,1,9528,9528.0
11245,1,9528,9528.0
11246,1,9528,9528.0
11247,1,9520,9520.0
11248,1,9520,9520.0
11249,1,9520,9520.0
11250,1,9520,9520.0
11251,1,9528,9528.0
11252,1,9528,9528.0
11253,1,9520,9520.0
11254,1,9520,9520.0
11255,1,9520,9520.0
11256,1,9520,9520.0
11257,1,9520,9520.0
11258,1,9520,9520.0
11259,1,9520,9520.0
11260,1,9520,9520.0
11261,1,9520,9520.0
11262,1,9520,9520.0
11263,1,9520,9520.0
11264,1,9520,9520.0
11265,1,9520,9520.0
11266,1,9520,9520.0
11267,1,9520,9520.0
11268,1,9520,9520.0
11269,1,9520,9520.0
11270,1,9520,9520.0
11271,1,9520,9520.0
11272,1,9520,9520.0
11273,1,9520,9520.0
11274,1,9520,9520.0
11275,1,9520,9520.0
11276,1,9520,9520.0
11277,1,9520,9520.0
11278,1,9520,9520.0
11279,1,9520,9520.0
11280,1,9520,9520.0
11281,1,9520,9520.0
11282,1,9520,9520.0
11283,1,9520,9520.0
11284,1,9520,9520.0
11285,1,9520,9520.0
11286,1,9520,9520.0
11287,1,9520,9520.0
11288,1,9520,9520.0
11289,1,9520,9520.0
11290,1,9520,9520.0
11291,1,9520,9520.0
11292,1,9520,9520.0
11293,1,9520,9520.0
11294,1,9528,9528.0
11295,1,9528,9528.0
11296,1,9520,9520.0
11297,1,9528,9528.0
11298,1,9520,9520.0
11299,1,9520,9520.0
11300,1,9520,9520.0
11301,1,9520,9520.0
11302,1,9520,9520.0
11303,1,9520,9520.0
11304,1,9520,9520.0
11305,1,9520,9520.0
11306,1,9520,9520.0
11307,1,9520,9520.0
11308,1,9520,9520.0
11309,1,9520,9520.0
11310,1,9520,9520.0
11311,1,9520,9520.0
11312,1,9520,9520.0
11313,1,9520,9520.0
11314,1,9520,9520.0
11315,1,9520,9520.0
11316,1,9520,9520.0
11317,1,9520,9520.0
11318,1,9520,9520.0
11319,1,9520,9520.0
11320,1,9520,9520.0
11321,1,9520,9520.0
11322,1,9520,9520.0
11323,1,9520,9520.0
11324,1,9520,9520.0
11325,1,9512,9512.0
11326,1,9520,9520.0
11327,1,9520,9520.0
11328,1,9520,9520.0
11329,1,9528,9528.0
11330,1,9520,9520.0
11331,1,9520,9520.0
11332,1,9520,9520.0
11333,1,9520,9520.0
11334,1,9520,9520.0
11335,1,9520,9520.0
11336,1,9528,9528.0
11337,1,9528,9528.0
11338,1,9528,9528.0
11339,1,9528,9528.0
11340,1,9528,9528.0
11341,1,9528,9528.0
11342,1,9528,9528.0
11343,1,9528,9528.0
11344,1,9528,9528.0
11345,1,9528,9528.0
11346,1,9528,9528.0
11347,1,9528,9528.0
11348,1,9528,9528.0
11349,1,9528,9528.0
11350,1,9528,9528.0
11351,1,9528,9528.0
11352,1,9528,9528.0
11353,1,9528,9528.0
11354,1,9528,9528.0
11355,1,9528,9528.0
11356,1,9528,9528.0
11357,1,9528,9528.0
11358,1,9528,9528.0
11359,1,9528,9528.0
11360,1,9528,9528.0
11361,1,9528,9528.0
11362,1,9528,9528.0
11363,1,9528,9528.0
11364,1,9528,9528.0
11365,1,9528,9528.0
11366,1,9528,9528.0
11367,1,9528,9528.0
11368,1,9528,9528.0
11369,1,9528,9528.0
11370,1,9528,9528.0
11371,1,9528,9528.0
11372,1,9528,9528.0
11373,1,9528,9528.0
11374,1,9528,9528.0
11375,1,9528,9528.0
11376,1,9528,9528.0
11377,1,9528,9528.0
11378,1,9528,9528.0
11379,1,9528,9528.0
11380,1,9528,9528.0
11381,1,9528,9528.0
11382,1,9528,9528.0
11383,1,9528,9528.0
11384,1,9528,9528.0
11385,1,9528,9528.0
11386,1,9528,9528.0
11387,1,9536,9536.0
11388,1,9536,9536.0
11389,1,9536,9536.0
11390,1,9536,9536.0
11391,1,9536,9536.0
11392,1,9536,9536.0
11393,1,9536,9536.0
11394,1,9536,9536.0
11395,1,9536,9536.0
11396,1,9536,9536.0
11397,1,9528,9528.0
11398,1,9528,9528.0
11399,1,9528,9528.0
11400,1,9528,9528.0
11401,1,9528,9528.0
11402,1,9528,9528.0
11403,1,9528,9528.0
11404,1,9528,9528.0
11405,1,9528,9528.0
11406,1,9528,9528.0
11407,1,9528,9528.0
11408,1,9528,9528.0
11409,1,9528,9528.0
11410,1,9528,9528.0
11411,1,9528,9528.0
11412,1,9528,9528.0
11413,1,9536,9536.0
11414,1,9536,9536.0
11415,1,9536,9536.0
11416,1,9536,9536.0
11417,1,9536,9536.0
11418,1,9536,9536.0
11419,1,9536,9536.0
11420,1,9536,9536.0
11421,1,9536,9536.0
11422,1,9536,9536.0
11423,1,9536,9536.0
11424,1,9536,9536.0
11425,1,9536,9536.0
11426,1,9536,9536.0
11427,1,9536,9536.0
11428,1,9536,9536.0
11429,1,9536,9536.0
11430,1,9536,9536.0
11431,1,9536,9536.0
11432,1,9536,9536.0
11433,1,9536,9536.0
11434,1,9536,9536.0
11435,1,9536,9536.0
11436,1,9536,9536.0
11437,1,9536,9536.0
11438,1,9536,9536.0
11439,1,9528,9528.0
11440,1,9528,9528.0
11441,1,9528,9528.0
11442,1,9528,9528.0
11443,1,9536,9536.0
11444,1,9536,9536.0
11445,1,9536,9536.0
11446,1,9536,9536.0
11447,1,9536,9536.0
11448,1,9536,9536.0
11449,1,9536,9536.0
11450,1,9536,9536.0
11451,1,9536,9536.0
11452,1,9536,9536.0
11453,1,9536,9536.0
11454,1,9536,9536.0
11455,1,9536,9536.0
11456,1,9536,9536.0
11457,1,9536,9536.0
11458,1,9536,9536.0
11459,1,9536,9536.0
11460,1,9536,9536.0
11461,1,9536,9536.0
11462,1,9536,9536.0
11463,1,9536,9536.0
11464,1,9536,9536.0
11465,1,9536,9536.0
11466,1,9536,9536.0
11467,1,9536,9536.0
11468,1,9536,9536.0
11469,1,9536,9536.0
11470,1,9536,9536.0
11471,1,9536,9536.0
11472,1,9536,9536.0
11473,1,9536,9536.0
11474,1,9536,9536.0
11475,1,9536,9536.0
11476,1,9536,9536.0
11477,1,9536,9536.0
11478,1,9536,9536.0
11479,1,9536,9536.0
11480,1,9536,9536.0
11481,1,9536,9536.0
11482,1,9536,9536.0
11483,1,9536,9536.0
11484,1,9536,9536.0
11485,1,9536,9536.0
11486,1,9536,9536.0
11487,1,9536,9536.0
11488,1,9536,9536.0
11489,1,9536,9536.0
11490,1,9536,9536.0
11491,1,9536,9536.0
11492,1,9536,9536.0
11493,1,9528,9528.0
11494,1,9528,9528.0
11495,1,9528,9528.0
11496,1,9528,9528.0
11497,1,9528,9528.0
11498,1,9528,9528.0
11499,1,9528,9528.0
11500,1,9528,9528.0
11501,1,9528,9528.0
11502,1,9528,9528.0
11503,1,9528,9528.0
11504,1,9528,9528.0
11505,1,9536,9536.0
11506,1,9528,9528.0
11507,1,9536,9536.0
11508,1,9528,9528.0
11509,1,9528,9528.0
11510,1,9528,9528.0
11511,1,9528,9528.0
11512,1,9528,9528.0
11513,1,9528,9528.0
11514,1,9528,9528.0
11515,1,9528,9528.0
11516,1,9528,9528.0
11517,1,9536,9536.0
11518,1,9536,9536.0
11519,1,9536,9536.0
11520,1,9544,9544.0
11521,1,9544,9544.0
11522,1,9544,9544.0
11523,1,9544,9544.0
11524,1,9544,9544.0
11525,1,9544,9544.0
11526,1,9544,9544.0
11527,1,9544,9544.0
11528,1,9544,9544.0
11529,1,9544,9544.0
11530,1,9544,9544.0
11531,1,9544,9544.0
11532,1,9544,9544.0
11533,1,9544,9544.0
11534,1,9544,9544.0
11535,1,9560,9560.0
11536,1,9560,9560.0
11537,1,9560,9560.0
11538,1,9552,9552.0
11539,1,9560,9560.0
11540,1,9560,9560.0
11541,1,9560,9560.0
11542,1,9560,9560.0
11543,1,9552,9552.0
11544,1,9552,9552.0
11545,1,9552,9552.0
11546,1,9552,9552.0
11547,1,9552,9552.0
11548,1,9552,9552.0
11549,1,9552,9552.0
11550,1,9552,9552.0
11551,1,9552,9552.0
11552,1,9552,9552.0
11553,1,9552,9552.0
11554,1,9552,9552.0
11555,1,9552,9552.0
11556,1,9552,9552.0
11557,1,9552,9552.0
11558,1,9552,9552.0
11559,1,9552,9552.0
11560,1,9552,9552.0
11561,1,9552,9552.0
11562,1,9552,9552.0
11563,1,9552,9552.0
11564,1,9552,9552.0
11565,1,9552,9552.0
11566,1,9552,9552.0
11567,1,9552,9552.0
11568,1,9552,9552.0
11569,1,9552,9552.0
11570,1,9552,9552.0
11571,1,9552,9552.0
11572,1,9552,9552.0
11573,1,9552,9552.0
11574,1,9552,9552.0
11575,1,9552,9552.0
11576,1,9552,9552.0
11577,1,9552,9552.0
11578,1,9552,9552.0
11579,1,9552,9552.0
11580,1,9552,9552.0
11581,1,9552,9552.0
11582,1,9552,9552.0
11583,1,9552,9552.0
11584,1,9552,9552.0
11585,1,9552,9552.0
11586,1,9552,9552.0
11587,1,9552,9552.0
11588,1,9552,9552.0
11589,1,9552,9552.0
11590,1,9552,9552.0
11591,1,9552,9552.0
11592,1,9552,9552.0
11593,1,9552,9552.0
11594,1,9552,9552.0
11595,1,9552,9552.0
11596,1,9552,9552.0
11597,1,9552,9552.0
11598,1,9552,9552.0
11599,1,9552,9552.0
11600,1,9552,9552.0
11601,1,9552,9552.0
11602,1,9552,9552.0
11603,1,9552,9552.0
11604,1,9552,9552.0
11605,1,9552,9552.0
11606,1,9552,9552.0
11607,1,9552,9552.0
11608,1,9552,9552.0
11609,1,9552,9552.0
11610,1,9552,9552.0
11611,1,9552,9552.0
11612,1,9552,9552.0
11613,1,9552,9552.0
11614,1,9552,9552.0
11615,1,9552,9552.0
11616,1,9552,9552.0
11617,1,9552,9552.0
11618,1,9552,9552.0
11619,1,9552,9552.0
11620,1,9552,9552.0
11621,1,9552,9552.0
11622,1,9552,9552.0
11623,1,9552,9552.0
11624,1,9552,9552.0
11625,1,9552,9552.0
11626,1,9552,9552.0
11627,1,9552,9552.0
11628,1,9552,9552.0
11629,1,9552,9552.0
11630,1,9552,9552.0
11631,1,9552,9552.0
11632,1,9552,9552.0
11633,1,9552,9552.0
11634,1,9552,9552.0
11635,1,9552,9552.0
11636,1,9552,9552.0
11637,1,9552,9552.0
11638,1,9552,9552.0
11639,1,9552,9552.0
11640,1,9552,9552.0
11641,1,9552,9552.0
11642,1,9552,9552.0
11643,1,9552,9552.0
11644,1,9552,9552.0
11645,1,9552,9552.0
11646,1,9552,9552.0
11647,1,9552,9552.0
11648,1,9552,9552.0
11649,1,9552,9552.0
11650,1,9552,9552.0
11651,1,9552,9552.0
11652,1,9552,9552.0
11653,1,9552,9552.0
11654,1,9552,9552.0
11655,1,9552,9552.0
11656,1,9552,9552.0
11657,1,9552,9552.0
11658,1,9552,9552.0
11659,1,9552,9552.0
11660,1,9552,9552.0
11661,1,9552,9552.0
11662,1,9552,9552.0
11663,1,9552,9552.0
11664,1,9552,9552.0
11665,1,9552,9552.0
11666,1,9552,9552.0
11667,1,9552,9552.0
11668,1,9552,9552.0
11669,1,9552,9552.0
11670,1,9552,9552.0
11671,1,9552,9552.0
11672,1,9552,9552.0
11673,1,9552,9552.0
11674,1,9552,9552.0
11675,1,9552,9552.0
11676,1,9552,9552.0
11677,1,9552,9552.0
11678,1,9552,9552.0
11679,1,9552,9552.0
11680,1,9552,9552.0
11681,1,9552,9552.0
11682,1,9552,9552.0
11683,1,9552,9552.0
11684,1,9552,9552.0
11685,1,9552,9552.0
11686,1,9552,9552.0
11687,1,9552,9552.0
11688,1,9552,9552.0
11689,1,9552,9552.0
11690,1,9552,9552.0
11691,1,9552,9552.0
11692,1,9552,9552.0
11693,1,9552,9552.0
11694,1,9552,9552.0
11695,1,9552,9552.0
11696,1,9552,9552.0
11697,1,9552,9552.0
11698,1,9552,9552.0
11699,1,9552,9552.0
11700,1,9552,9552.0
11701,1,9552,9552.0
11702,1,9552,9552.0
11703,1,9552,9552.0
11704,1,9552,9552.0
11705,1,9552,9552.0
11706,1,9552,9552.0
11707,1,9552,9552.0
11708,1,9552,9552.0
11709,1,9552,9552.0
11710,1,9552,9552.0
11711,1,9552,9552.0
11712,1,9552,9552.0
11713,1,9552,9552.0
11714,1,9552,9552.0
11715,1,9552,9552.0
11716,1,9552,9552.0
11717,1,9552,9552.0
11718,1,9552,9552.0
11719,1,9552,9552.0
11720,1,9552,9552.0
11721,1,9552,9552.0
11722,1,9552,9552.0
11723,1,9552,9552.0
11724,1,9552,9552.0
11725,1,9552,9552.0
11726,1,9552,9552.0
11727,1,9552,9552.0
11728,1,9544,9544.0
11729,1,9552,9552.0
11730,1,9552,9552.0
11731,1,9544,9544.0
11732,1,9544,9544.0
11733,1,9544,9544.0
11734,1,9544,9544.0
11735,1,9544,9544.0
11736,1,9544,9544.0
11737,1,9544,9544.0
11738,1,9544,9544.0
11739,1,9544,9544.0
11740,1,9544,9544.0
11741,1,9544,9544.0
11742,1,9544,9544.0
11743,1,9544,9544.0
11744,1,9544,9544.0
11745,1,9544,9544.0
11746,1,9544,9544.0
11747,1,9544,9544.0
11748,1,9544,9544.0
11749,1,9544,9544.0
11750,1,9544,9544.0
11751,1,9544,9544.0
11752,1,9544,9544.0
11753,1,9544,9544.0
11754,1,9544,9544.0
11755,1,9544,9544.0
11756,1,9544,9544.0
11757,1,9544,9544.0
11758,1,9544,9544.0
11759,1,9544,9544.0
11760,1,9544,9544.0
11761,1,9544,9544.0
11762,1,9544,9544.0
11763,1,9544,9544.0
11764,1,9544,9544.0
11765,1,9544,9544.0
11766,1,9544,9544.0
11767,1,9544,9544.0
11768,1,9544,9544.0
11769,1,9544,9544.0
11770,1,9544,9544.0
11771,1,9544,9544.0
11772,1,9544,9544.0
11773,1,9544,9544.0
11774,1,9544,9544.0
11775,1,9536,9536.0
11776,1,9536,9536.0
11777,1,9536,9536.0
11778,1,9536,9536.0
11779,1,9536,9536.0
11780,1,9536,9536.0
11781,1,9544,9544.0
11782,1,9536,9536.0
11783,1,9544,9544.0
11784,1,9536,9536.0
11785,1,9536,9536.0
11786,1,9536,9536.0
11787,1,9536,9536.0
11788,1,9536,9536.0
11789,1,9536,9536.0
11790,1,9536,9536.0
11791,1,9536,9536.0
11792,1,9536,9536.0
11793,1,9536,9536.0
11794,1,9536,9536.0
11795,1,9536,9536.0
11796,1,9536,9536.0
11797,1,9544,9544.0
11798,1,9544,9544.0
11799,1,9544,9544.0
11800,1,9544,9544.0
11801,1,9544,9544.0
11802,1,9544,9544.0
11803,1,9544,9544.0
11804,1,9552,9552.0
11805,1,9552,9552.0
11806,1,9552,9552.0
11807,1,9552,9552.0
11808,1,9552,9552.0
11809,1,9552,9552.0
11810,1,9552,9552.0
11811,1,9552,9552.0
11812,1,9552,9552.0
11813,1,9552,9552.0
11814,1,9552,9552.0
11815,1,9552,9552.0
11816,1,9552,9552.0
11817,1,9552,9552.0
11818,1,9552,9552.0
11819,1,9552,9552.0
11820,1,9552,9552.0
11821,1,9552,9552.0
11822,1,9552,9552.0
11823,1,9552,9552.0
11824,1,9552,9552.0
11825,1,9552,9552.0
11826,1,9552,9552.0
11827,1,9552,9552.0
11828,1,9552,9552.0
11829,1,9552,9552.0
11830,1,9552,9552.0
11831,1,9552,9552.0
11832,1,9552,9552.0
11833,1,9552,9552.0
11834,1,9552,9552.0
11835,1,9552,9552.0
11836,1,9552,9552.0
11837,1,9552,9552.0
11838,1,9552,9552.0
11839,1,9552,9552.0
11840,1,9552,9552.0
11841,1,9552,9552.0
11842,1,9552,9552.0
11843,1,9552,9552.0
11844,1,9552,9552.0
11845,1,9552,9552.0
11846,1,9552,9552.0
11847,1,9552,9552.0
11848,1,9552,9552.0
11849,1,9552,9552.0
11850,1,9552,9552.0
11851,1,9552,9552.0
11852,1,9552,9552.0
11853,1,9552,9552.0
11854,1,9552,9552.0
11855,1,9552,9552.0
11856,1,9552,9552.0
11857,1,9552,9552.0
11858,1,9552,9552.0
11859,1,9552,9552.0
11860,1,9544,9544.0
11861,1,9552,9552.0
11862,1,9544,9544.0
11863,1,9544,9544.0
11864,1,9544,9544.0
11865,1,9544,9544.0
11866,1,9544,9544.0
11867,1,9544,9544.0
11868,1,9552,9552.0
11869,1,9552,9552.0
11870,1,9552,9552.0
11871,1,9552,9552.0
11872,1,9552,9552.0
11873,1,9552,9552.0
11874,1,9552,9552.0
11875,1,9552,9552.0
11876,1,9552,9552.0
11877,1,9552,9552.0
11878,1,9552,9552.0
11879,1,9544,9544.0
11880,1,9552,9552.0
11881,1,9552,9552.0
11882,1,9544,9544.0
11883,1,9552,9552.0
11884,1,9544,9544.0
11885,1,9544,9544.0
11886,1,9544,9544.0
11887,1,9544,9544.0
11888,1,9544,9544.0
11889,1,9544,9544.0
11890,1,9544,9544.0
11891,1,9544,9544.0
11892,1,9544,9544.0
11893,1,9544,9544.0
11894,1,9544,9544.0
11895,1,9544,9544.0
11896,1,9544,9544.0
11897,1,9544,9544.0
11898,1,9544,9544.0
11899,1,9552,9552.0
11900,1,9552,9552.0
11901,1,9552,9552.0
11902,1,9552,9552.0
11903,1,9552,9552.0
11904,1,9552,9552.0
11905,1,9552,9552.0
11906,1,9552,9552.0
11907,1,9552,9552.0
11908,1,9552,9552.0
11909,1,9552,9552.0
11910,1,9552,9552.0
11911,1,9552,9552.0
11912,1,9552,9552.0
11913,1,9552,9552.0
11914,1,9552,9552.0
11915,1,9552,9552.0
11916,1,9552,9552.0
11917,1,9552,9552.0
11918,1,9552,9552.0
11919,1,9552,9552.0
11920,1,9544,9544.0
11921,1,9544,9544.0
11922,1,9544,9544.0
11923,1,9544,9544.0
11924,1,9552,9552.0
11925,1,9544,9544.0
11926,1,9544,9544.0
11927,1,9544,9544.0
11928,1,9544,9544.0
11929,1,9544,9544.0
11930,1,9544,9544.0
11931,1,9544,9544.0
11932,1,9544,9544.0
11933,1,9544,9544.0
11934,1,9552,9552.0
11935,1,9552,9552.0
11936,1,9552,9552.0
11937,1,9552,9552.0
11938,1,9552,9552.0
11939,1,9552,9552.0
11940,1,9552,9552.0
11941,1,9552,9552.0
11942,1,9552,9552.0
11943,1,9552,9552.0
11944,1,9552,9552.0
11945,1,9552,9552.0
11946,1,9552,9552.0
11947,1,9552,9552.0
11948,1,9552,9552.0
11949,1,9552,9552.0
11950,1,9552,9552.0
11951,1,9552,9552.0
11952,1,9560,9560.0
11953,1,9560,9560.0
11954,1,9560,9560.0
11955,1,9560,9560.0
11956,1,9560,9560.0
11957,1,9560,9560.0
11958,1,9560,9560.0
11959,1,9560,9560.0
11960,1,9560,9560.0
11961,1,9560,9560.0
11962,1,9560,9560.0
11963,1,9560,9560.0
11964,1,9560,9560.0
11965,1,9560,9560.0
11966,1,9560,9560.0
11967,1,9560,9560.0
11968,1,9560,9560.0
11969,1,9560,9560.0
11970,1,9560,9560.0
11971,1,9560,9560.0
11972,1,9560,9560.0
11973,1,9560,9560.0
11974,1,9560,9560.0
11975,1,9560,9560.0
11976,1,9560,9560.0
11977,1,9560,9560.0
11978,1,9560,9560.0
11979,1,9560,9560.0
11980,1,9560,9560.0
11981,1,9560,9560.0
11982,1,9560,9560.0
11983,1,9560,9560.0
11984,1,9560,9560.0
11985,1,9560,9560.0
11986,1,9560,9560.0
11987,1,9560,9560.0
11988,1,9560,9560.0
11989,1,9560,9560.0
11990,1,9560,9560.0
11991,1,9560,9560.0
11992,1,9560,9560.0
11993,1,9552,9552.0
11994,1,9552,9552.0
11995,1,9552,9552.0
11996,1,9560,9560.0
11997,1,9560,9560.0
11998,1,9552,9552.0
11999,1,9552,9552.0
12000,1,9560,9560.0
