Frame,dominant_state
0,tube
1,tube
2,tube
3,tube
4,tube
5,tube
6,tube
7,tube
8,sheet
9,tube
10,tube
11,tube
12,tube
13,tube
14,tube
15,tube
16,tube
17,sheet
18,tube
19,tube
20,sheet
21,tube
22,tube
23,tube
24,sheet
25,sheet
26,tube
27,sheet
28,sheet
29,tube
30,tube
31,sheet
32,sheet
33,tube
34,tube
35,sheet
36,tube
37,tube
38,tube
39,sheet
40,sheet
41,sheet
42,tube
43,sheet
44,tube
45,sheet
46,tube
47,sheet
48,sheet
49,sheet
50,sheet
51,sheet
52,tube
53,tube
54,tube
55,tube
56,sheet
57,tube
58,tube
59,sheet
60,tube
61,tube
62,tube
63,tube
64,sheet
65,sheet
66,sheet
67,sheet
68,sheet
69,sheet
70,sheet
71,tube
72,sheet
73,tube
74,tube
75,sheet
76,sheet
77,sheet
78,sheet
79,sheet
80,sheet
81,sheet
82,sheet
83,sheet
84,tube
85,sheet
86,tube
87,tube
88,sheet
89,tube
90,sheet
91,sheet
92,sheet
93,tube
94,sheet
95,sheet
96,tube
97,tube
98,sheet
99,sheet
100,tube
101,tube
102,tube
103,sheet
104,sheet
105,tube
106,tube
107,sheet
108,sheet
109,sheet
110,tube
111,sheet
112,sheet
113,sheet
114,sheet
115,sheet
116,sheet
117,sheet
118,sheet
119,sheet
120,sheet
121,sheet
122,sheet
123,sheet
124,tube
125,sheet
126,sheet
127,tube
128,sheet
129,tube
130,sheet
131,sheet
132,sheet
133,sheet
134,sheet
135,sheet
136,tube
137,tube
138,sheet
139,sheet
140,sheet
141,sheet
142,sheet
143,sheet
144,sheet
145,sheet
146,tube
147,sheet
148,sheet
149,sheet
150,sheet
151,sheet
152,sheet
153,sheet
154,sheet
155,sheet
156,tube
157,sheet
158,sheet
159,sheet
160,sheet
161,tube
162,sheet
163,sheet
164,sheet
165,sheet
166,sheet
167,sheet
168,sheet
169,sheet
170,sheet
171,sheet
172,sheet
173,tube
174,tube
175,sheet
176,sheet
177,tube
178,sheet
179,sheet
180,sheet
181,sheet
182,sheet
183,sheet
184,sheet
185,sheet
186,sheet
187,tube
188,tube
189,tube
190,sheet
191,sheet
192,sheet
193,tube
194,tube
195,sheet
196,sheet
197,sheet
198,sheet
199,sheet
200,tube
201,sheet
202,sheet
203,sheet
204,sheet
205,tube
206,sheet
207,sheet
208,sheet
209,sheet
210,sheet
211,sheet
212,sheet
213,sheet
214,sheet
215,sheet
216,sheet
217,sheet
218,sheet
219,sheet
220,sheet
221,sheet
222,sheet
223,sheet
224,tube
225,tube
226,sheet
227,sheet
228,sheet
229,sheet
230,sheet
231,sheet
232,sheet
233,sheet
234,vesicle
235,tube
236,sheet
237,tube
238,sheet
239,sheet
240,sheet
241,sheet
242,sheet
243,sheet
244,sheet
245,tube
246,tube
247,sheet
248,sheet
249,tube
250,sheet
251,sheet
252,sheet
253,sheet
254,tube
255,sheet
256,sheet
257,sheet
258,tube
259,vesicle
260,vesicle
261,sheet
262,sheet
263,sheet
264,sheet
265,vesicle
266,vesicle
267,tube
268,vesicle
269,sheet
270,vesicle
271,vesicle
272,vesicle
273,vesicle
274,vesicle
275,sheet
276,sheet
277,sheet
278,sheet
279,sheet
280,sheet
281,vesicle
282,sheet
283,vesicle
284,vesicle
285,vesicle
286,sheet
287,vesicle
288,sheet
289,sheet
290,sheet
291,sheet
292,sheet
293,sheet
294,vesicle
295,sheet
296,vesicle
297,sheet
298,sheet
299,vesicle
300,vesicle
301,vesicle
302,vesicle
303,vesicle
304,sheet
305,sheet
306,sheet
307,sheet
308,vesicle
309,sheet
310,sheet
311,vesicle
312,sheet
313,vesicle
314,vesicle
315,sheet
316,vesicle
317,vesicle
318,vesicle
319,vesicle
320,vesicle
321,vesicle
322,vesicle
323,vesicle
324,vesicle
325,vesicle
326,vesicle
327,sheet
328,vesicle
329,vesicle
330,vesicle
331,sheet
332,vesicle
333,vesicle
334,vesicle
335,vesicle
336,vesicle
337,vesicle
338,vesicle
339,vesicle
340,vesicle
341,vesicle
342,vesicle
343,vesicle
344,vesicle
345,vesicle
346,vesicle
347,vesicle
348,vesicle
349,vesicle
350,vesicle
351,vesicle
352,vesicle
353,vesicle
354,vesicle
355,vesicle
356,vesicle
357,vesicle
358,vesicle
359,vesicle
360,vesicle
361,vesicle
362,vesicle
363,vesicle
364,vesicle
365,vesicle
366,vesicle
367,vesicle
368,vesicle
369,fiber
370,vesicle
371,vesicle
372,vesicle
373,fiber
374,vesicle
375,tube
376,vesicle
377,sheet
378,vesicle
379,vesicle
380,vesicle
381,vesicle
382,sheet
383,sheet
384,tube
385,fiber
386,vesicle
387,fiber
388,fiber
389,fiber
390,vesicle
391,fiber
392,fiber
393,vesicle
394,vesicle
395,sheet
396,fiber
397,fiber
398,fiber
399,fiber
400,sheet
401,sheet
402,fiber
403,tube
404,tube
405,tube
406,vesicle
407,vesicle
408,vesicle
409,vesicle
410,vesicle
411,vesicle
412,vesicle
413,vesicle
414,vesicle
415,tube
416,vesicle
417,fiber
418,fiber
419,fiber
420,fiber
421,vesicle
422,fiber
423,vesicle
424,fiber
425,tube
426,vesicle
427,fiber
428,fiber
429,vesicle
430,vesicle
431,vesicle
432,fiber
433,fiber
434,vesicle
435,fiber
436,fiber
437,vesicle
438,fiber
439,vesicle
440,fiber
441,fiber
442,vesicle
443,vesicle
444,vesicle
445,vesicle
446,fiber
447,fiber
448,fiber
449,vesicle
450,vesicle
451,vesicle
452,vesicle
453,vesicle
454,fiber
455,fiber
456,fiber
457,fiber
458,fiber
459,fiber
460,fiber
461,vesicle
462,fiber
463,vesicle
464,fiber
465,vesicle
466,vesicle
467,vesicle
468,vesicle
469,vesicle
470,vesicle
471,vesicle
472,vesicle
473,fiber
474,vesicle
475,fiber
476,vesicle
477,fiber
478,vesicle
479,fiber
480,fiber
481,vesicle
482,vesicle
483,fiber
484,vesicle
485,vesicle
486,vesicle
487,vesicle
488,fiber
489,fiber
490,vesicle
491,vesicle
492,vesicle
493,vesicle
494,fiber
495,fiber
496,fiber
497,fiber
498,fiber
499,fiber
500,fiber
501,fiber
502,fiber
503,fiber
504,fiber
505,fiber
506,fiber
507,fiber
508,fiber
509,fiber
510,fiber
511,fiber
512,fiber
513,fiber
514,fiber
515,fiber
516,fiber
517,fiber
518,fiber
519,fiber
520,fiber
521,fiber
522,fiber
523,fiber
524,fiber
525,fiber
526,fiber
527,fiber
528,fiber
529,fiber
530,fiber
531,fiber
532,vesicle
533,fiber
534,vesicle
535,fiber
536,fiber
537,fiber
538,vesicle
539,vesicle
540,vesicle
541,fiber
542,fiber
543,vesicle
544,fiber
545,vesicle
546,fiber
547,fiber
548,vesicle
549,vesicle
550,vesicle
551,vesicle
552,vesicle
553,vesicle
554,vesicle
555,vesicle
556,vesicle
557,vesicle
558,vesicle
559,vesicle
560,vesicle
561,vesicle
562,vesicle
563,vesicle
564,vesicle
565,vesicle
566,vesicle
567,vesicle
568,vesicle
569,vesicle
570,vesicle
571,vesicle
572,vesicle
573,vesicle
574,vesicle
575,vesicle
576,vesicle
577,vesicle
578,vesicle
579,vesicle
580,vesicle
581,vesicle
582,vesicle
583,vesicle
584,vesicle
585,vesicle
586,vesicle
587,vesicle
588,vesicle
589,vesicle
590,vesicle
591,vesicle
592,vesicle
593,vesicle
594,vesicle
595,vesicle
596,vesicle
597,vesicle
598,vesicle
599,vesicle
600,vesicle
601,vesicle
602,vesicle
603,vesicle
604,vesicle
605,vesicle
606,vesicle
607,vesicle
608,vesicle
609,vesicle
610,vesicle
611,vesicle
612,vesicle
613,fiber
614,fiber
615,fiber
616,fiber
617,fiber
618,fiber
619,fiber
620,fiber
621,fiber
622,vesicle
623,vesicle
624,vesicle
625,vesicle
626,vesicle
627,vesicle
628,vesicle
629,vesicle
630,vesicle
631,vesicle
632,vesicle
633,vesicle
634,vesicle
635,vesicle
636,vesicle
637,vesicle
638,vesicle
639,vesicle
640,tube
641,vesicle
642,vesicle
643,vesicle
644,vesicle
645,vesicle
646,vesicle
647,vesicle
648,vesicle
649,fiber
650,vesicle
651,vesicle
652,fiber
653,vesicle
654,vesicle
655,vesicle
656,vesicle
657,vesicle
658,vesicle
659,vesicle
660,vesicle
661,vesicle
662,vesicle
663,vesicle
664,vesicle
665,vesicle
666,vesicle
667,vesicle
668,vesicle
669,vesicle
670,vesicle
671,vesicle
672,vesicle
673,vesicle
674,vesicle
675,vesicle
676,vesicle
677,vesicle
678,vesicle
679,vesicle
680,vesicle
681,vesicle
682,vesicle
683,vesicle
684,vesicle
685,fiber
686,vesicle
687,vesicle
688,vesicle
689,vesicle
690,vesicle
691,vesicle
692,vesicle
693,vesicle
694,vesicle
695,vesicle
696,vesicle
697,vesicle
698,vesicle
699,vesicle
700,vesicle
701,vesicle
702,vesicle
703,vesicle
704,vesicle
705,vesicle
706,fiber
707,vesicle
708,vesicle
709,vesicle
710,vesicle
711,vesicle
712,vesicle
713,vesicle
714,vesicle
715,vesicle
716,vesicle
717,vesicle
718,fiber
719,vesicle
720,vesicle
721,vesicle
722,vesicle
723,vesicle
724,vesicle
725,vesicle
726,vesicle
727,vesicle
728,vesicle
729,vesicle
730,vesicle
731,vesicle
732,vesicle
733,vesicle
734,vesicle
735,vesicle
736,vesicle
737,vesicle
738,vesicle
739,vesicle
740,vesicle
741,vesicle
742,vesicle
743,vesicle
744,vesicle
745,vesicle
746,vesicle
747,vesicle
748,vesicle
749,fiber
750,vesicle
751,fiber
752,vesicle
753,fiber
754,vesicle
755,vesicle
756,vesicle
757,fiber
758,vesicle
759,vesicle
760,vesicle
761,vesicle
762,vesicle
763,vesicle
764,fiber
765,vesicle
766,vesicle
767,vesicle
768,vesicle
769,fiber
770,vesicle
771,vesicle
772,vesicle
773,vesicle
774,vesicle
775,vesicle
776,vesicle
777,vesicle
778,fiber
779,vesicle
780,fiber
781,vesicle
782,vesicle
783,vesicle
784,vesicle
785,vesicle
786,vesicle
787,vesicle
788,vesicle
789,vesicle
790,vesicle
791,vesicle
792,vesicle
793,vesicle
794,vesicle
795,vesicle
796,vesicle
797,vesicle
798,vesicle
799,vesicle
800,fiber
801,vesicle
802,vesicle
803,vesicle
804,vesicle
805,vesicle
806,fiber
807,fiber
808,fiber
809,fiber
810,vesicle
811,fiber
812,fiber
813,fiber
814,fiber
815,fiber
816,fiber
817,fiber
818,fiber
819,fiber
820,vesicle
821,vesicle
822,fiber
823,vesicle
824,vesicle
825,vesicle
826,vesicle
827,vesicle
828,vesicle
829,fiber
830,vesicle
831,vesicle
832,vesicle
833,vesicle
834,vesicle
835,vesicle
836,vesicle
837,vesicle
838,vesicle
839,vesicle
840,vesicle
841,vesicle
842,vesicle
843,vesicle
844,vesicle
845,vesicle
846,vesicle
847,vesicle
848,vesicle
849,vesicle
850,fiber
851,fiber
852,fiber
853,vesicle
854,vesicle
855,fiber
856,vesicle
857,vesicle
858,vesicle
859,vesicle
860,fiber
861,vesicle
862,vesicle
863,vesicle
864,vesicle
865,vesicle
866,vesicle
867,vesicle
868,vesicle
869,vesicle
870,vesicle
871,vesicle
872,vesicle
873,vesicle
874,vesicle
875,vesicle
876,fiber
877,fiber
878,fiber
879,fiber
880,fiber
881,fiber
882,fiber
883,fiber
884,vesicle
885,vesicle
886,fiber
887,vesicle
888,fiber
889,fiber
890,fiber
891,fiber
892,fiber
893,fiber
894,fiber
895,fiber
896,vesicle
897,vesicle
898,vesicle
899,vesicle
900,vesicle
901,vesicle
902,vesicle
903,vesicle
904,fiber
905,fiber
906,fiber
907,fiber
908,vesicle
909,vesicle
910,fiber
911,fiber
912,fiber
913,fiber
914,fiber
915,fiber
916,fiber
917,fiber
918,fiber
919,fiber
920,fiber
921,fiber
922,vesicle
923,vesicle
924,vesicle
925,fiber
926,fiber
927,fiber
928,fiber
929,fiber
930,vesicle
931,vesicle
932,vesicle
933,vesicle
934,vesicle
935,fiber
936,vesicle
937,fiber
938,fiber
939,vesicle
940,vesicle
941,vesicle
942,fiber
943,vesicle
944,fiber
945,fiber
946,vesicle
947,vesicle
948,vesicle
949,vesicle
950,vesicle
951,vesicle
952,vesicle
953,vesicle
954,vesicle
955,vesicle
956,vesicle
957,vesicle
958,vesicle
959,vesicle
960,vesicle
961,vesicle
962,vesicle
963,vesicle
964,vesicle
965,vesicle
966,vesicle
967,vesicle
968,vesicle
969,vesicle
970,vesicle
971,vesicle
972,vesicle
973,vesicle
974,vesicle
975,vesicle
976,vesicle
977,vesicle
978,vesicle
979,vesicle
980,vesicle
981,vesicle
982,vesicle
983,vesicle
984,vesicle
985,vesicle
986,vesicle
987,vesicle
988,vesicle
989,vesicle
990,vesicle
991,vesicle
992,vesicle
993,vesicle
994,fiber
995,fiber
996,fiber
997,vesicle
998,vesicle
999,vesicle
1000,vesicle
1001,vesicle
1002,vesicle
1003,vesicle
1004,vesicle
1005,vesicle
1006,fiber
1007,fiber
1008,vesicle
1009,vesicle
1010,vesicle
1011,vesicle
1012,vesicle
1013,vesicle
1014,vesicle
1015,vesicle
1016,vesicle
1017,vesicle
1018,vesicle
1019,vesicle
1020,vesicle
1021,vesicle
1022,vesicle
1023,vesicle
1024,vesicle
1025,vesicle
1026,vesicle
1027,vesicle
1028,vesicle
1029,vesicle
1030,vesicle
1031,vesicle
1032,vesicle
1033,vesicle
1034,vesicle
1035,vesicle
1036,vesicle
1037,vesicle
1038,vesicle
1039,vesicle
1040,vesicle
1041,vesicle
1042,vesicle
1043,vesicle
1044,vesicle
1045,vesicle
1046,vesicle
1047,vesicle
1048,vesicle
1049,vesicle
1050,vesicle
1051,vesicle
1052,vesicle
1053,vesicle
1054,vesicle
1055,vesicle
1056,vesicle
1057,vesicle
1058,vesicle
1059,vesicle
1060,vesicle
1061,vesicle
1062,vesicle
1063,vesicle
1064,vesicle
1065,vesicle
1066,vesicle
1067,vesicle
1068,vesicle
1069,vesicle
1070,vesicle
1071,vesicle
1072,vesicle
1073,vesicle
1074,vesicle
1075,vesicle
1076,vesicle
1077,vesicle
1078,vesicle
1079,vesicle
1080,vesicle
1081,vesicle
1082,vesicle
1083,vesicle
1084,vesicle
1085,vesicle
1086,vesicle
1087,vesicle
1088,vesicle
1089,vesicle
1090,vesicle
1091,vesicle
1092,vesicle
1093,vesicle
1094,vesicle
1095,vesicle
1096,vesicle
1097,vesicle
1098,vesicle
1099,vesicle
1100,vesicle
1101,vesicle
1102,vesicle
1103,vesicle
1104,vesicle
1105,vesicle
1106,vesicle
1107,vesicle
1108,vesicle
1109,vesicle
1110,vesicle
1111,vesicle
1112,vesicle
1113,vesicle
1114,vesicle
1115,vesicle
1116,vesicle
1117,vesicle
1118,vesicle
1119,vesicle
1120,vesicle
1121,vesicle
1122,vesicle
1123,vesicle
1124,vesicle
1125,vesicle
1126,vesicle
1127,vesicle
1128,vesicle
1129,vesicle
1130,vesicle
1131,vesicle
1132,vesicle
1133,vesicle
1134,vesicle
1135,vesicle
1136,vesicle
1137,vesicle
1138,vesicle
1139,vesicle
1140,vesicle
1141,vesicle
1142,vesicle
1143,vesicle
1144,vesicle
1145,vesicle
1146,vesicle
1147,vesicle
1148,vesicle
1149,vesicle
1150,vesicle
1151,vesicle
1152,vesicle
1153,vesicle
1154,vesicle
1155,vesicle
1156,vesicle
1157,vesicle
1158,vesicle
1159,vesicle
1160,vesicle
1161,vesicle
1162,vesicle
1163,vesicle
1164,vesicle
1165,vesicle
1166,vesicle
1167,vesicle
1168,vesicle
1169,vesicle
1170,vesicle
1171,vesicle
1172,vesicle
1173,vesicle
1174,vesicle
1175,vesicle
1176,vesicle
1177,vesicle
1178,vesicle
1179,vesicle
1180,vesicle
1181,vesicle
1182,vesicle
1183,vesicle
1184,vesicle
1185,vesicle
1186,vesicle
1187,vesicle
1188,vesicle
1189,vesicle
1190,vesicle
1191,vesicle
1192,vesicle
1193,vesicle
1194,vesicle
1195,vesicle
1196,vesicle
1197,vesicle
1198,vesicle
1199,vesicle
1200,vesicle
1201,vesicle
1202,vesicle
1203,vesicle
1204,vesicle
1205,vesicle
1206,vesicle
1207,vesicle
1208,vesicle
1209,vesicle
1210,vesicle
1211,vesicle
1212,vesicle
1213,vesicle
1214,vesicle
1215,vesicle
1216,vesicle
1217,vesicle
1218,vesicle
1219,vesicle
1220,vesicle
1221,vesicle
1222,vesicle
1223,vesicle
1224,vesicle
1225,vesicle
1226,vesicle
1227,vesicle
1228,vesicle
1229,vesicle
1230,vesicle
1231,vesicle
1232,vesicle
1233,vesicle
1234,vesicle
1235,vesicle
1236,vesicle
1237,vesicle
1238,vesicle
1239,vesicle
1240,vesicle
1241,vesicle
1242,vesicle
1243,vesicle
1244,vesicle
1245,vesicle
1246,vesicle
1247,vesicle
1248,vesicle
1249,vesicle
1250,vesicle
1251,vesicle
1252,vesicle
1253,vesicle
1254,vesicle
1255,vesicle
1256,vesicle
1257,vesicle
1258,vesicle
1259,vesicle
1260,vesicle
1261,vesicle
1262,vesicle
1263,vesicle
1264,vesicle
1265,vesicle
1266,vesicle
1267,vesicle
1268,vesicle
1269,vesicle
1270,vesicle
1271,vesicle
1272,vesicle
1273,vesicle
1274,vesicle
1275,vesicle
1276,vesicle
1277,vesicle
1278,vesicle
1279,vesicle
1280,vesicle
1281,vesicle
1282,vesicle
1283,vesicle
1284,vesicle
1285,vesicle
1286,vesicle
1287,vesicle
1288,vesicle
1289,vesicle
1290,vesicle
1291,vesicle
1292,vesicle
1293,vesicle
1294,vesicle
1295,vesicle
1296,vesicle
1297,vesicle
1298,vesicle
1299,vesicle
1300,vesicle
1301,vesicle
1302,vesicle
1303,vesicle
1304,vesicle
1305,vesicle
1306,vesicle
1307,vesicle
1308,vesicle
1309,vesicle
1310,vesicle
1311,vesicle
1312,vesicle
1313,vesicle
1314,vesicle
1315,vesicle
1316,vesicle
1317,vesicle
1318,vesicle
1319,vesicle
1320,vesicle
1321,vesicle
1322,vesicle
1323,vesicle
1324,vesicle
1325,vesicle
1326,vesicle
1327,vesicle
1328,vesicle
1329,vesicle
1330,vesicle
1331,vesicle
1332,vesicle
1333,vesicle
1334,vesicle
1335,vesicle
1336,vesicle
1337,vesicle
1338,vesicle
1339,vesicle
1340,vesicle
1341,vesicle
1342,vesicle
1343,vesicle
1344,vesicle
1345,vesicle
1346,vesicle
1347,vesicle
1348,vesicle
1349,vesicle
1350,vesicle
1351,vesicle
1352,vesicle
1353,vesicle
1354,vesicle
1355,vesicle
1356,vesicle
1357,vesicle
1358,vesicle
1359,vesicle
1360,vesicle
1361,vesicle
1362,vesicle
1363,vesicle
1364,vesicle
1365,vesicle
1366,vesicle
1367,vesicle
1368,vesicle
1369,vesicle
1370,vesicle
1371,vesicle
1372,vesicle
1373,vesicle
1374,vesicle
1375,vesicle
1376,vesicle
1377,vesicle
1378,vesicle
1379,vesicle
1380,vesicle
1381,vesicle
1382,vesicle
1383,vesicle
1384,vesicle
1385,vesicle
1386,vesicle
1387,vesicle
1388,vesicle
1389,vesicle
1390,vesicle
1391,vesicle
1392,vesicle
1393,vesicle
1394,vesicle
1395,vesicle
1396,vesicle
1397,vesicle
1398,vesicle
1399,vesicle
1400,vesicle
1401,vesicle
1402,vesicle
1403,vesicle
1404,vesicle
1405,vesicle
1406,vesicle
1407,vesicle
1408,vesicle
1409,vesicle
1410,vesicle
1411,vesicle
1412,vesicle
1413,vesicle
1414,vesicle
1415,vesicle
1416,vesicle
1417,vesicle
1418,vesicle
1419,vesicle
1420,vesicle
1421,vesicle
1422,vesicle
1423,vesicle
1424,vesicle
1425,vesicle
1426,vesicle
1427,vesicle
1428,vesicle
1429,vesicle
1430,vesicle
1431,vesicle
1432,vesicle
1433,vesicle
1434,vesicle
1435,tube
1436,vesicle
1437,vesicle
1438,vesicle
1439,vesicle
1440,vesicle
1441,vesicle
1442,vesicle
1443,vesicle
1444,vesicle
1445,vesicle
1446,vesicle
1447,vesicle
1448,vesicle
1449,vesicle
1450,vesicle
1451,tube
1452,vesicle
1453,vesicle
1454,vesicle
1455,vesicle
1456,vesicle
1457,vesicle
1458,vesicle
1459,vesicle
1460,vesicle
1461,vesicle
1462,vesicle
1463,vesicle
1464,vesicle
1465,vesicle
1466,vesicle
1467,vesicle
1468,vesicle
1469,vesicle
1470,vesicle
1471,vesicle
1472,vesicle
1473,vesicle
1474,vesicle
1475,vesicle
1476,tube
1477,vesicle
1478,vesicle
1479,vesicle
1480,vesicle
1481,vesicle
1482,vesicle
1483,vesicle
1484,vesicle
1485,vesicle
1486,tube
1487,tube
1488,vesicle
1489,vesicle
1490,vesicle
1491,vesicle
1492,vesicle
1493,vesicle
1494,vesicle
1495,vesicle
1496,vesicle
1497,vesicle
1498,vesicle
1499,vesicle
1500,vesicle
1501,vesicle
1502,vesicle
1503,vesicle
1504,vesicle
1505,vesicle
1506,vesicle
1507,vesicle
1508,vesicle
1509,vesicle
1510,vesicle
1511,vesicle
1512,vesicle
1513,vesicle
1514,vesicle
1515,vesicle
1516,vesicle
1517,vesicle
1518,vesicle
1519,vesicle
1520,vesicle
1521,vesicle
1522,vesicle
1523,vesicle
1524,vesicle
1525,vesicle
1526,vesicle
1527,vesicle
1528,vesicle
1529,vesicle
1530,vesicle
1531,vesicle
1532,vesicle
1533,vesicle
1534,vesicle
1535,vesicle
1536,vesicle
1537,vesicle
1538,vesicle
1539,vesicle
1540,vesicle
1541,vesicle
1542,vesicle
1543,vesicle
1544,vesicle
1545,vesicle
1546,vesicle
1547,vesicle
1548,vesicle
1549,vesicle
1550,vesicle
1551,vesicle
1552,vesicle
1553,vesicle
1554,vesicle
1555,vesicle
1556,vesicle
1557,vesicle
1558,vesicle
1559,vesicle
1560,vesicle
1561,vesicle
1562,vesicle
1563,vesicle
1564,vesicle
1565,vesicle
1566,vesicle
1567,vesicle
1568,vesicle
1569,vesicle
1570,vesicle
1571,vesicle
1572,vesicle
1573,vesicle
1574,vesicle
1575,vesicle
1576,vesicle
1577,vesicle
1578,vesicle
1579,tube
1580,vesicle
1581,vesicle
1582,vesicle
1583,vesicle
1584,vesicle
1585,vesicle
1586,vesicle
1587,vesicle
1588,vesicle
1589,vesicle
1590,vesicle
1591,tube
1592,vesicle
1593,vesicle
1594,vesicle
1595,vesicle
1596,vesicle
1597,vesicle
1598,vesicle
1599,vesicle
1600,vesicle
1601,vesicle
1602,vesicle
1603,vesicle
1604,vesicle
1605,vesicle
1606,vesicle
1607,vesicle
1608,vesicle
1609,vesicle
1610,vesicle
1611,vesicle
1612,vesicle
1613,vesicle
1614,vesicle
1615,vesicle
1616,vesicle
1617,vesicle
1618,vesicle
1619,vesicle
1620,vesicle
1621,vesicle
1622,vesicle
1623,vesicle
1624,vesicle
1625,vesicle
1626,vesicle
1627,vesicle
1628,vesicle
1629,vesicle
1630,vesicle
1631,tube
1632,vesicle
1633,vesicle
1634,vesicle
1635,vesicle
1636,vesicle
1637,vesicle
1638,vesicle
1639,vesicle
1640,vesicle
1641,vesicle
1642,vesicle
1643,vesicle
1644,vesicle
1645,vesicle
1646,vesicle
1647,vesicle
1648,vesicle
1649,vesicle
1650,vesicle
1651,vesicle
1652,vesicle
1653,vesicle
1654,vesicle
1655,vesicle
1656,vesicle
1657,vesicle
1658,vesicle
1659,vesicle
1660,vesicle
1661,vesicle
1662,tube
1663,vesicle
1664,vesicle
1665,vesicle
1666,vesicle
1667,vesicle
1668,vesicle
1669,vesicle
1670,vesicle
1671,vesicle
1672,vesicle
1673,vesicle
1674,vesicle
1675,vesicle
1676,vesicle
1677,vesicle
1678,vesicle
1679,vesicle
1680,vesicle
1681,vesicle
1682,vesicle
1683,vesicle
1684,vesicle
1685,vesicle
1686,vesicle
1687,vesicle
1688,vesicle
1689,vesicle
1690,vesicle
1691,vesicle
1692,vesicle
1693,vesicle
1694,vesicle
1695,vesicle
1696,vesicle
1697,vesicle
1698,vesicle
1699,vesicle
1700,vesicle
1701,vesicle
1702,vesicle
1703,vesicle
1704,vesicle
1705,vesicle
1706,vesicle
1707,vesicle
1708,vesicle
1709,vesicle
1710,vesicle
1711,vesicle
1712,vesicle
1713,vesicle
1714,vesicle
1715,vesicle
1716,vesicle
1717,vesicle
1718,vesicle
1719,vesicle
1720,vesicle
1721,vesicle
1722,vesicle
1723,vesicle
1724,vesicle
1725,vesicle
1726,vesicle
1727,vesicle
1728,vesicle
1729,vesicle
1730,vesicle
1731,vesicle
1732,vesicle
1733,vesicle
1734,vesicle
1735,vesicle
1736,vesicle
1737,vesicle
1738,vesicle
1739,vesicle
1740,vesicle
1741,vesicle
1742,vesicle
1743,vesicle
1744,vesicle
1745,vesicle
1746,vesicle
1747,vesicle
1748,vesicle
1749,vesicle
1750,vesicle
1751,vesicle
1752,vesicle
1753,vesicle
1754,vesicle
1755,vesicle
1756,vesicle
1757,vesicle
1758,vesicle
1759,vesicle
1760,vesicle
1761,vesicle
1762,vesicle
1763,vesicle
1764,vesicle
1765,vesicle
1766,vesicle
1767,vesicle
1768,vesicle
1769,vesicle
1770,vesicle
1771,vesicle
1772,vesicle
1773,vesicle
1774,vesicle
1775,vesicle
1776,vesicle
1777,vesicle
1778,vesicle
1779,vesicle
1780,vesicle
1781,vesicle
1782,vesicle
1783,vesicle
1784,vesicle
1785,vesicle
1786,vesicle
1787,vesicle
1788,vesicle
1789,vesicle
1790,vesicle
1791,vesicle
1792,vesicle
1793,vesicle
1794,vesicle
1795,vesicle
1796,vesicle
1797,vesicle
1798,vesicle
1799,vesicle
1800,vesicle
1801,vesicle
1802,vesicle
1803,vesicle
1804,vesicle
1805,vesicle
1806,vesicle
1807,vesicle
1808,vesicle
1809,vesicle
1810,vesicle
1811,vesicle
1812,vesicle
1813,vesicle
1814,vesicle
1815,vesicle
1816,vesicle
1817,vesicle
1818,vesicle
1819,vesicle
1820,vesicle
1821,vesicle
1822,vesicle
1823,vesicle
1824,vesicle
1825,vesicle
1826,vesicle
1827,vesicle
1828,vesicle
1829,vesicle
1830,vesicle
1831,vesicle
1832,vesicle
1833,vesicle
1834,vesicle
1835,vesicle
1836,vesicle
1837,vesicle
1838,vesicle
1839,vesicle
1840,vesicle
1841,vesicle
1842,vesicle
1843,vesicle
1844,vesicle
1845,vesicle
1846,vesicle
1847,vesicle
1848,vesicle
1849,vesicle
1850,vesicle
1851,vesicle
1852,vesicle
1853,vesicle
1854,vesicle
1855,vesicle
1856,vesicle
1857,vesicle
1858,vesicle
1859,vesicle
1860,vesicle
1861,vesicle
1862,vesicle
1863,vesicle
1864,vesicle
1865,vesicle
1866,vesicle
1867,vesicle
1868,vesicle
1869,vesicle
1870,vesicle
1871,vesicle
1872,vesicle
1873,vesicle
1874,vesicle
1875,vesicle
1876,vesicle
1877,vesicle
1878,vesicle
1879,vesicle
1880,vesicle
1881,vesicle
1882,vesicle
1883,vesicle
1884,vesicle
1885,vesicle
1886,vesicle
1887,vesicle
1888,vesicle
1889,vesicle
1890,vesicle
1891,vesicle
1892,vesicle
1893,vesicle
1894,vesicle
1895,vesicle
1896,vesicle
1897,vesicle
1898,vesicle
1899,vesicle
1900,vesicle
1901,vesicle
1902,vesicle
1903,vesicle
1904,vesicle
1905,vesicle
1906,vesicle
1907,vesicle
1908,vesicle
1909,vesicle
1910,vesicle
1911,vesicle
1912,vesicle
1913,vesicle
1914,vesicle
1915,vesicle
1916,vesicle
1917,vesicle
1918,vesicle
1919,vesicle
1920,vesicle
1921,vesicle
1922,vesicle
1923,vesicle
1924,vesicle
1925,vesicle
1926,vesicle
1927,vesicle
1928,vesicle
1929,vesicle
1930,vesicle
1931,vesicle
1932,vesicle
1933,vesicle
1934,vesicle
1935,vesicle
1936,vesicle
1937,vesicle
1938,vesicle
1939,vesicle
1940,vesicle
1941,vesicle
1942,vesicle
1943,vesicle
1944,vesicle
1945,vesicle
1946,vesicle
1947,vesicle
1948,vesicle
1949,vesicle
1950,vesicle
1951,vesicle
1952,vesicle
1953,vesicle
1954,vesicle
1955,vesicle
1956,vesicle
1957,vesicle
1958,vesicle
1959,vesicle
1960,vesicle
1961,vesicle
1962,vesicle
1963,vesicle
1964,vesicle
1965,vesicle
1966,vesicle
1967,vesicle
1968,vesicle
1969,vesicle
1970,vesicle
1971,vesicle
1972,vesicle
1973,vesicle
1974,vesicle
1975,vesicle
1976,vesicle
1977,vesicle
1978,vesicle
1979,vesicle
1980,vesicle
1981,vesicle
1982,vesicle
1983,vesicle
1984,vesicle
1985,vesicle
1986,vesicle
1987,vesicle
1988,vesicle
1989,vesicle
1990,vesicle
1991,vesicle
1992,vesicle
1993,vesicle
1994,vesicle
1995,vesicle
1996,vesicle
1997,vesicle
1998,vesicle
1999,vesicle
2000,vesicle
2001,vesicle
2002,vesicle
2003,vesicle
2004,vesicle
2005,vesicle
2006,vesicle
2007,vesicle
2008,vesicle
2009,vesicle
2010,vesicle
2011,vesicle
2012,vesicle
2013,vesicle
2014,vesicle
2015,vesicle
2016,vesicle
2017,vesicle
2018,vesicle
2019,vesicle
2020,vesicle
2021,vesicle
2022,vesicle
2023,vesicle
2024,vesicle
2025,vesicle
2026,vesicle
2027,vesicle
2028,vesicle
2029,vesicle
2030,vesicle
2031,vesicle
2032,vesicle
2033,vesicle
2034,vesicle
2035,vesicle
2036,vesicle
2037,vesicle
2038,vesicle
2039,vesicle
2040,vesicle
2041,vesicle
2042,vesicle
2043,vesicle
2044,vesicle
2045,vesicle
2046,vesicle
2047,vesicle
2048,vesicle
2049,vesicle
2050,vesicle
2051,vesicle
2052,vesicle
2053,vesicle
2054,vesicle
2055,vesicle
2056,vesicle
2057,vesicle
2058,vesicle
2059,vesicle
2060,vesicle
2061,vesicle
2062,vesicle
2063,vesicle
2064,vesicle
2065,vesicle
2066,vesicle
2067,vesicle
2068,vesicle
2069,vesicle
2070,vesicle
2071,vesicle
2072,vesicle
2073,vesicle
2074,vesicle
2075,vesicle
2076,vesicle
2077,vesicle
2078,vesicle
2079,vesicle
2080,vesicle
2081,vesicle
2082,vesicle
2083,vesicle
2084,vesicle
2085,vesicle
2086,vesicle
2087,vesicle
2088,vesicle
2089,vesicle
2090,vesicle
2091,vesicle
2092,vesicle
2093,vesicle
2094,vesicle
2095,vesicle
2096,vesicle
2097,vesicle
2098,vesicle
2099,vesicle
2100,vesicle
2101,vesicle
2102,vesicle
2103,vesicle
2104,vesicle
2105,vesicle
2106,vesicle
2107,vesicle
2108,vesicle
2109,vesicle
2110,vesicle
2111,vesicle
2112,vesicle
2113,vesicle
2114,vesicle
2115,vesicle
2116,vesicle
2117,vesicle
2118,vesicle
2119,vesicle
2120,vesicle
2121,vesicle
2122,vesicle
2123,vesicle
2124,vesicle
2125,vesicle
2126,vesicle
2127,vesicle
2128,vesicle
2129,vesicle
2130,vesicle
2131,vesicle
2132,vesicle
2133,vesicle
2134,vesicle
2135,vesicle
2136,vesicle
2137,vesicle
2138,vesicle
2139,vesicle
2140,vesicle
2141,vesicle
2142,vesicle
2143,vesicle
2144,vesicle
2145,vesicle
2146,vesicle
2147,vesicle
2148,vesicle
2149,vesicle
2150,vesicle
2151,vesicle
2152,vesicle
2153,vesicle
2154,vesicle
2155,vesicle
2156,vesicle
2157,vesicle
2158,vesicle
2159,vesicle
2160,vesicle
2161,fiber
2162,vesicle
2163,fiber
2164,vesicle
2165,vesicle
2166,vesicle
2167,fiber
2168,vesicle
2169,vesicle
2170,vesicle
2171,vesicle
2172,vesicle
2173,vesicle
2174,vesicle
2175,vesicle
2176,vesicle
2177,vesicle
2178,fiber
2179,fiber
2180,vesicle
2181,fiber
2182,fiber
2183,vesicle
2184,fiber
2185,fiber
2186,vesicle
2187,vesicle
2188,vesicle
2189,vesicle
2190,fiber
2191,vesicle
2192,vesicle
2193,vesicle
2194,vesicle
2195,vesicle
2196,vesicle
2197,vesicle
2198,vesicle
2199,vesicle
2200,vesicle
2201,vesicle
2202,vesicle
2203,vesicle
2204,fiber
2205,vesicle
2206,vesicle
2207,vesicle
2208,vesicle
2209,vesicle
2210,vesicle
2211,vesicle
2212,vesicle
2213,vesicle
2214,vesicle
2215,vesicle
2216,vesicle
2217,fiber
2218,vesicle
2219,vesicle
2220,fiber
2221,fiber
2222,fiber
2223,vesicle
2224,vesicle
2225,vesicle
2226,vesicle
2227,vesicle
2228,vesicle
2229,vesicle
2230,vesicle
2231,vesicle
2232,vesicle
2233,vesicle
2234,vesicle
2235,vesicle
2236,vesicle
2237,vesicle
2238,vesicle
2239,vesicle
2240,vesicle
2241,vesicle
2242,vesicle
2243,fiber
2244,vesicle
2245,vesicle
2246,vesicle
2247,vesicle
2248,vesicle
2249,vesicle
2250,vesicle
2251,vesicle
2252,vesicle
2253,vesicle
2254,vesicle
2255,vesicle
2256,vesicle
2257,vesicle
2258,vesicle
2259,vesicle
2260,vesicle
2261,vesicle
2262,vesicle
2263,vesicle
2264,vesicle
2265,vesicle
2266,vesicle
2267,vesicle
2268,vesicle
2269,vesicle
2270,vesicle
2271,vesicle
2272,vesicle
2273,vesicle
2274,vesicle
2275,vesicle
2276,vesicle
2277,vesicle
2278,vesicle
2279,vesicle
2280,vesicle
2281,vesicle
2282,vesicle
2283,vesicle
2284,vesicle
2285,vesicle
2286,vesicle
2287,vesicle
2288,vesicle
2289,fiber
2290,vesicle
2291,vesicle
2292,vesicle
2293,vesicle
2294,vesicle
2295,vesicle
2296,vesicle
2297,vesicle
2298,vesicle
2299,vesicle
2300,vesicle
2301,vesicle
2302,vesicle
2303,vesicle
2304,vesicle
2305,fiber
2306,vesicle
2307,vesicle
2308,vesicle
2309,vesicle
2310,vesicle
2311,vesicle
2312,vesicle
2313,vesicle
2314,vesicle
2315,vesicle
2316,vesicle
2317,vesicle
2318,vesicle
2319,vesicle
2320,vesicle
2321,vesicle
2322,vesicle
2323,vesicle
2324,vesicle
2325,vesicle
2326,vesicle
2327,vesicle
2328,vesicle
2329,vesicle
2330,vesicle
2331,vesicle
2332,vesicle
2333,vesicle
2334,vesicle
2335,vesicle
2336,vesicle
2337,vesicle
2338,vesicle
2339,vesicle
2340,vesicle
2341,vesicle
2342,vesicle
2343,vesicle
2344,vesicle
2345,vesicle
2346,vesicle
2347,vesicle
2348,vesicle
2349,vesicle
2350,vesicle
2351,vesicle
2352,vesicle
2353,vesicle
2354,vesicle
2355,vesicle
2356,fiber
2357,vesicle
2358,vesicle
2359,vesicle
2360,vesicle
2361,vesicle
2362,vesicle
2363,vesicle
2364,vesicle
2365,vesicle
2366,vesicle
2367,vesicle
2368,vesicle
2369,vesicle
2370,vesicle
2371,vesicle
2372,vesicle
2373,vesicle
2374,vesicle
2375,vesicle
2376,vesicle
2377,vesicle
2378,vesicle
2379,fiber
2380,vesicle
2381,vesicle
2382,vesicle
2383,vesicle
2384,vesicle
2385,vesicle
2386,vesicle
2387,vesicle
2388,vesicle
2389,vesicle
2390,vesicle
2391,vesicle
2392,vesicle
2393,vesicle
2394,vesicle
2395,vesicle
2396,vesicle
2397,vesicle
2398,vesicle
2399,vesicle
2400,vesicle
2401,vesicle
2402,vesicle
2403,vesicle
2404,vesicle
2405,vesicle
2406,vesicle
2407,vesicle
2408,vesicle
2409,vesicle
2410,vesicle
2411,vesicle
2412,vesicle
2413,vesicle
2414,vesicle
2415,vesicle
2416,vesicle
2417,vesicle
2418,vesicle
2419,fiber
2420,vesicle
2421,vesicle
2422,vesicle
2423,vesicle
2424,vesicle
2425,fiber
2426,vesicle
2427,vesicle
2428,vesicle
2429,vesicle
2430,vesicle
2431,vesicle
2432,vesicle
2433,vesicle
2434,vesicle
2435,vesicle
2436,vesicle
2437,vesicle
2438,vesicle
2439,vesicle
2440,vesicle
2441,vesicle
2442,vesicle
2443,vesicle
2444,vesicle
2445,vesicle
2446,vesicle
2447,vesicle
2448,vesicle
2449,vesicle
2450,vesicle
2451,vesicle
2452,vesicle
2453,vesicle
2454,vesicle
2455,vesicle
2456,vesicle
2457,vesicle
2458,vesicle
2459,vesicle
2460,vesicle
2461,vesicle
2462,vesicle
2463,vesicle
2464,fiber
2465,vesicle
2466,vesicle
2467,vesicle
2468,vesicle
2469,vesicle
2470,vesicle
2471,vesicle
2472,vesicle
2473,vesicle
2474,vesicle
2475,vesicle
2476,vesicle
2477,vesicle
2478,vesicle
2479,fiber
2480,vesicle
2481,vesicle
2482,vesicle
2483,vesicle
2484,fiber
2485,vesicle
2486,vesicle
2487,vesicle
2488,fiber
2489,vesicle
2490,vesicle
2491,vesicle
2492,vesicle
2493,vesicle
2494,vesicle
2495,vesicle
2496,vesicle
2497,vesicle
2498,vesicle
2499,vesicle
2500,vesicle
2501,vesicle
2502,vesicle
2503,vesicle
2504,vesicle
2505,vesicle
2506,vesicle
2507,vesicle
2508,vesicle
2509,vesicle
2510,vesicle
2511,vesicle
2512,vesicle
2513,vesicle
2514,vesicle
2515,vesicle
2516,vesicle
2517,vesicle
2518,vesicle
2519,vesicle
2520,vesicle
2521,vesicle
2522,vesicle
2523,vesicle
2524,vesicle
2525,vesicle
2526,vesicle
2527,vesicle
2528,vesicle
2529,vesicle
2530,vesicle
2531,vesicle
2532,vesicle
2533,vesicle
2534,vesicle
2535,vesicle
2536,vesicle
2537,vesicle
2538,vesicle
2539,vesicle
2540,vesicle
2541,vesicle
2542,vesicle
2543,vesicle
2544,vesicle
2545,vesicle
2546,vesicle
2547,vesicle
2548,vesicle
2549,vesicle
2550,vesicle
2551,vesicle
2552,vesicle
2553,vesicle
2554,vesicle
2555,vesicle
2556,vesicle
2557,vesicle
2558,vesicle
2559,vesicle
2560,vesicle
2561,vesicle
2562,vesicle
2563,vesicle
2564,vesicle
2565,vesicle
2566,vesicle
2567,vesicle
2568,vesicle
2569,vesicle
2570,vesicle
2571,vesicle
2572,vesicle
2573,vesicle
2574,vesicle
2575,vesicle
2576,vesicle
2577,vesicle
2578,vesicle
2579,vesicle
2580,vesicle
2581,vesicle
2582,vesicle
2583,vesicle
2584,vesicle
2585,vesicle
2586,vesicle
2587,vesicle
2588,vesicle
2589,vesicle
2590,vesicle
2591,vesicle
2592,vesicle
2593,vesicle
2594,vesicle
2595,vesicle
2596,vesicle
2597,vesicle
2598,vesicle
2599,vesicle
2600,vesicle
2601,vesicle
2602,vesicle
2603,vesicle
2604,vesicle
2605,vesicle
2606,vesicle
2607,vesicle
2608,vesicle
2609,vesicle
2610,vesicle
2611,vesicle
2612,vesicle
2613,vesicle
2614,vesicle
2615,vesicle
2616,vesicle
2617,vesicle
2618,vesicle
2619,vesicle
2620,vesicle
2621,vesicle
2622,vesicle
2623,vesicle
2624,vesicle
2625,vesicle
2626,vesicle
2627,vesicle
2628,vesicle
2629,vesicle
2630,vesicle
2631,vesicle
2632,vesicle
2633,vesicle
2634,vesicle
2635,vesicle
2636,vesicle
2637,vesicle
2638,vesicle
2639,vesicle
2640,vesicle
2641,vesicle
2642,vesicle
2643,vesicle
2644,vesicle
2645,vesicle
2646,vesicle
2647,vesicle
2648,vesicle
2649,vesicle
2650,vesicle
2651,vesicle
2652,vesicle
2653,vesicle
2654,vesicle
2655,vesicle
2656,vesicle
2657,vesicle
2658,vesicle
2659,vesicle
2660,vesicle
2661,vesicle
2662,vesicle
2663,vesicle
2664,vesicle
2665,vesicle
2666,vesicle
2667,vesicle
2668,vesicle
2669,vesicle
2670,vesicle
2671,vesicle
2672,vesicle
2673,vesicle
2674,vesicle
2675,vesicle
2676,vesicle
2677,vesicle
2678,vesicle
2679,vesicle
2680,vesicle
2681,vesicle
2682,vesicle
2683,vesicle
2684,vesicle
2685,vesicle
2686,vesicle
2687,vesicle
2688,vesicle
2689,vesicle
2690,vesicle
2691,vesicle
2692,vesicle
2693,vesicle
2694,vesicle
2695,vesicle
2696,vesicle
2697,vesicle
2698,vesicle
2699,vesicle
2700,vesicle
2701,vesicle
2702,vesicle
2703,vesicle
2704,vesicle
2705,vesicle
2706,vesicle
2707,vesicle
2708,vesicle
2709,vesicle
2710,vesicle
2711,vesicle
2712,vesicle
2713,vesicle
2714,vesicle
2715,vesicle
2716,vesicle
2717,vesicle
2718,vesicle
2719,vesicle
2720,vesicle
2721,vesicle
2722,vesicle
2723,vesicle
2724,vesicle
2725,vesicle
2726,vesicle
2727,vesicle
2728,vesicle
2729,vesicle
2730,vesicle
2731,vesicle
2732,vesicle
2733,vesicle
2734,vesicle
2735,vesicle
2736,vesicle
2737,vesicle
2738,vesicle
2739,vesicle
2740,vesicle
2741,vesicle
2742,vesicle
2743,vesicle
2744,vesicle
2745,vesicle
2746,vesicle
2747,vesicle
2748,vesicle
2749,vesicle
2750,vesicle
2751,vesicle
2752,vesicle
2753,vesicle
2754,vesicle
2755,vesicle
2756,vesicle
2757,vesicle
2758,vesicle
2759,vesicle
2760,vesicle
2761,vesicle
2762,vesicle
2763,vesicle
2764,vesicle
2765,vesicle
2766,vesicle
2767,vesicle
2768,vesicle
2769,vesicle
2770,vesicle
2771,vesicle
2772,vesicle
2773,vesicle
2774,vesicle
2775,vesicle
2776,vesicle
2777,vesicle
2778,vesicle
2779,vesicle
2780,vesicle
2781,vesicle
2782,vesicle
2783,vesicle
2784,vesicle
2785,vesicle
2786,vesicle
2787,vesicle
2788,vesicle
2789,vesicle
2790,vesicle
2791,vesicle
2792,vesicle
2793,vesicle
2794,vesicle
2795,vesicle
2796,vesicle
2797,vesicle
2798,vesicle
2799,vesicle
2800,vesicle
2801,vesicle
2802,vesicle
2803,vesicle
2804,vesicle
2805,vesicle
2806,vesicle
2807,vesicle
2808,vesicle
2809,vesicle
2810,vesicle
2811,vesicle
2812,vesicle
2813,vesicle
2814,vesicle
2815,vesicle
2816,vesicle
2817,vesicle
2818,vesicle
2819,vesicle
2820,vesicle
2821,vesicle
2822,vesicle
2823,vesicle
2824,vesicle
2825,vesicle
2826,vesicle
2827,vesicle
2828,vesicle
2829,vesicle
2830,vesicle
2831,vesicle
2832,vesicle
2833,vesicle
2834,vesicle
2835,vesicle
2836,vesicle
2837,vesicle
2838,vesicle
2839,vesicle
2840,vesicle
2841,vesicle
2842,vesicle
2843,vesicle
2844,vesicle
2845,vesicle
2846,vesicle
2847,vesicle
2848,vesicle
2849,vesicle
2850,vesicle
2851,vesicle
2852,vesicle
2853,vesicle
2854,vesicle
2855,vesicle
2856,vesicle
2857,vesicle
2858,vesicle
2859,vesicle
2860,vesicle
2861,vesicle
2862,vesicle
2863,vesicle
2864,vesicle
2865,vesicle
2866,vesicle
2867,vesicle
2868,vesicle
2869,vesicle
2870,vesicle
2871,vesicle
2872,vesicle
2873,vesicle
2874,vesicle
2875,vesicle
2876,vesicle
2877,vesicle
2878,vesicle
2879,fiber
2880,fiber
2881,vesicle
2882,vesicle
2883,vesicle
2884,vesicle
2885,vesicle
2886,vesicle
2887,vesicle
2888,vesicle
2889,vesicle
2890,vesicle
2891,vesicle
2892,vesicle
2893,vesicle
2894,vesicle
2895,vesicle
2896,vesicle
2897,vesicle
2898,vesicle
2899,vesicle
2900,vesicle
2901,vesicle
2902,vesicle
2903,vesicle
2904,vesicle
2905,vesicle
2906,vesicle
2907,vesicle
2908,vesicle
2909,vesicle
2910,vesicle
2911,vesicle
2912,vesicle
2913,vesicle
2914,vesicle
2915,vesicle
2916,vesicle
2917,vesicle
2918,vesicle
2919,vesicle
2920,vesicle
2921,vesicle
2922,vesicle
2923,vesicle
2924,vesicle
2925,vesicle
2926,vesicle
2927,vesicle
2928,vesicle
2929,vesicle
2930,vesicle
2931,vesicle
2932,vesicle
2933,vesicle
2934,vesicle
2935,vesicle
2936,vesicle
2937,vesicle
2938,vesicle
2939,vesicle
2940,vesicle
2941,vesicle
2942,vesicle
2943,vesicle
2944,vesicle
2945,vesicle
2946,vesicle
2947,vesicle
2948,vesicle
2949,vesicle
2950,vesicle
2951,vesicle
2952,vesicle
2953,vesicle
2954,vesicle
2955,vesicle
2956,vesicle
2957,vesicle
2958,vesicle
2959,vesicle
2960,vesicle
2961,vesicle
2962,vesicle
2963,vesicle
2964,vesicle
2965,vesicle
2966,vesicle
2967,vesicle
2968,vesicle
2969,vesicle
2970,vesicle
2971,vesicle
2972,vesicle
2973,vesicle
2974,vesicle
2975,vesicle
2976,vesicle
2977,vesicle
2978,vesicle
2979,vesicle
2980,vesicle
2981,vesicle
2982,vesicle
2983,vesicle
2984,vesicle
2985,vesicle
2986,vesicle
2987,vesicle
2988,vesicle
2989,vesicle
2990,vesicle
2991,vesicle
2992,vesicle
2993,vesicle
2994,vesicle
2995,vesicle
2996,vesicle
2997,vesicle
2998,vesicle
2999,vesicle
3000,vesicle
3001,vesicle
3002,vesicle
3003,vesicle
3004,vesicle
3005,vesicle
3006,vesicle
3007,vesicle
3008,vesicle
3009,vesicle
3010,vesicle
3011,vesicle
3012,vesicle
3013,vesicle
3014,vesicle
3015,vesicle
3016,vesicle
3017,vesicle
3018,vesicle
3019,vesicle
3020,vesicle
3021,vesicle
3022,vesicle
3023,vesicle
3024,vesicle
3025,vesicle
3026,vesicle
3027,vesicle
3028,vesicle
3029,vesicle
3030,vesicle
3031,vesicle
3032,vesicle
3033,vesicle
3034,vesicle
3035,vesicle
3036,vesicle
3037,vesicle
3038,vesicle
3039,vesicle
3040,vesicle
3041,vesicle
3042,vesicle
3043,vesicle
3044,vesicle
3045,vesicle
3046,vesicle
3047,vesicle
3048,vesicle
3049,vesicle
3050,vesicle
3051,vesicle
3052,vesicle
3053,vesicle
3054,vesicle
3055,vesicle
3056,vesicle
3057,vesicle
3058,vesicle
3059,vesicle
3060,vesicle
3061,vesicle
3062,vesicle
3063,vesicle
3064,vesicle
3065,vesicle
3066,vesicle
3067,vesicle
3068,vesicle
3069,vesicle
3070,vesicle
3071,vesicle
3072,vesicle
3073,vesicle
3074,vesicle
3075,vesicle
3076,vesicle
3077,vesicle
3078,vesicle
3079,vesicle
3080,vesicle
3081,vesicle
3082,vesicle
3083,fiber
3084,vesicle
3085,vesicle
3086,vesicle
3087,vesicle
3088,vesicle
3089,vesicle
3090,vesicle
3091,vesicle
3092,vesicle
3093,vesicle
3094,vesicle
3095,vesicle
3096,vesicle
3097,vesicle
3098,vesicle
3099,vesicle
3100,vesicle
3101,vesicle
3102,vesicle
3103,vesicle
3104,vesicle
3105,vesicle
3106,vesicle
3107,vesicle
3108,vesicle
3109,vesicle
3110,vesicle
3111,vesicle
3112,vesicle
3113,vesicle
3114,vesicle
3115,vesicle
3116,vesicle
3117,vesicle
3118,vesicle
3119,vesicle
3120,vesicle
3121,vesicle
3122,vesicle
3123,vesicle
3124,vesicle
3125,vesicle
3126,vesicle
3127,vesicle
3128,vesicle
3129,vesicle
3130,vesicle
3131,vesicle
3132,vesicle
3133,vesicle
3134,vesicle
3135,vesicle
3136,vesicle
3137,vesicle
3138,vesicle
3139,vesicle
3140,vesicle
3141,vesicle
3142,vesicle
3143,vesicle
3144,vesicle
3145,vesicle
3146,vesicle
3147,vesicle
3148,vesicle
3149,vesicle
3150,vesicle
3151,vesicle
3152,vesicle
3153,vesicle
3154,vesicle
3155,vesicle
3156,vesicle
3157,vesicle
3158,vesicle
3159,vesicle
3160,vesicle
3161,vesicle
3162,vesicle
3163,vesicle
3164,vesicle
3165,vesicle
3166,vesicle
3167,vesicle
3168,vesicle
3169,vesicle
3170,vesicle
3171,vesicle
3172,vesicle
3173,vesicle
3174,vesicle
3175,vesicle
3176,vesicle
3177,vesicle
3178,vesicle
3179,vesicle
3180,vesicle
3181,vesicle
3182,vesicle
3183,vesicle
3184,vesicle
3185,vesicle
3186,vesicle
3187,vesicle
3188,vesicle
3189,vesicle
3190,vesicle
3191,vesicle
3192,vesicle
3193,vesicle
3194,vesicle
3195,vesicle
3196,vesicle
3197,vesicle
3198,vesicle
3199,vesicle
3200,vesicle
3201,vesicle
3202,vesicle
3203,vesicle
3204,vesicle
3205,vesicle
3206,fiber
3207,vesicle
3208,vesicle
3209,vesicle
3210,vesicle
3211,vesicle
3212,vesicle
3213,vesicle
3214,vesicle
3215,vesicle
3216,vesicle
3217,vesicle
3218,vesicle
3219,vesicle
3220,vesicle
3221,vesicle
3222,vesicle
3223,vesicle
3224,vesicle
3225,vesicle
3226,vesicle
3227,vesicle
3228,vesicle
3229,vesicle
3230,vesicle
3231,vesicle
3232,vesicle
3233,vesicle
3234,vesicle
3235,vesicle
3236,vesicle
3237,vesicle
3238,vesicle
3239,fiber
3240,vesicle
3241,vesicle
3242,vesicle
3243,vesicle
3244,vesicle
3245,vesicle
3246,vesicle
3247,vesicle
3248,vesicle
3249,vesicle
3250,vesicle
3251,vesicle
3252,vesicle
3253,vesicle
3254,vesicle
3255,vesicle
3256,vesicle
3257,vesicle
3258,vesicle
3259,vesicle
3260,vesicle
3261,vesicle
3262,vesicle
3263,vesicle
3264,vesicle
3265,vesicle
3266,vesicle
3267,vesicle
3268,vesicle
3269,vesicle
3270,vesicle
3271,vesicle
3272,vesicle
3273,vesicle
3274,vesicle
3275,vesicle
3276,vesicle
3277,vesicle
3278,vesicle
3279,vesicle
3280,vesicle
3281,vesicle
3282,vesicle
3283,vesicle
3284,vesicle
3285,vesicle
3286,vesicle
3287,vesicle
3288,vesicle
3289,vesicle
3290,vesicle
3291,vesicle
3292,vesicle
3293,vesicle
3294,vesicle
3295,vesicle
3296,vesicle
3297,vesicle
3298,vesicle
3299,vesicle
3300,vesicle
3301,vesicle
3302,vesicle
3303,vesicle
3304,vesicle
3305,vesicle
3306,vesicle
3307,vesicle
3308,vesicle
3309,vesicle
3310,vesicle
3311,vesicle
3312,vesicle
3313,vesicle
3314,vesicle
3315,vesicle
3316,vesicle
3317,vesicle
3318,vesicle
3319,vesicle
3320,vesicle
3321,vesicle
3322,vesicle
3323,vesicle
3324,vesicle
3325,vesicle
3326,vesicle
3327,vesicle
3328,vesicle
3329,vesicle
3330,vesicle
3331,vesicle
3332,vesicle
3333,vesicle
3334,vesicle
3335,vesicle
3336,vesicle
3337,vesicle
3338,vesicle
3339,vesicle
3340,vesicle
3341,vesicle
3342,vesicle
3343,vesicle
3344,vesicle
3345,vesicle
3346,vesicle
3347,vesicle
3348,vesicle
3349,vesicle
3350,vesicle
3351,vesicle
3352,vesicle
3353,vesicle
3354,vesicle
3355,vesicle
3356,vesicle
3357,vesicle
3358,vesicle
3359,vesicle
3360,vesicle
3361,vesicle
3362,vesicle
3363,vesicle
3364,vesicle
3365,vesicle
3366,vesicle
3367,vesicle
3368,vesicle
3369,vesicle
3370,vesicle
3371,vesicle
3372,vesicle
3373,vesicle
3374,vesicle
3375,vesicle
3376,vesicle
3377,vesicle
3378,vesicle
3379,vesicle
3380,vesicle
3381,vesicle
3382,vesicle
3383,vesicle
3384,vesicle
3385,vesicle
3386,vesicle
3387,vesicle
3388,vesicle
3389,vesicle
3390,vesicle
3391,vesicle
3392,vesicle
3393,vesicle
3394,vesicle
3395,vesicle
3396,vesicle
3397,vesicle
3398,vesicle
3399,vesicle
3400,vesicle
3401,vesicle
3402,vesicle
3403,vesicle
3404,vesicle
3405,vesicle
3406,vesicle
3407,vesicle
3408,vesicle
3409,vesicle
3410,vesicle
3411,vesicle
3412,vesicle
3413,vesicle
3414,vesicle
3415,vesicle
3416,vesicle
3417,vesicle
3418,vesicle
3419,vesicle
3420,vesicle
3421,vesicle
3422,vesicle
3423,vesicle
3424,vesicle
3425,vesicle
3426,vesicle
3427,vesicle
3428,vesicle
3429,vesicle
3430,vesicle
3431,vesicle
3432,vesicle
3433,vesicle
3434,vesicle
3435,vesicle
3436,vesicle
3437,vesicle
3438,vesicle
3439,vesicle
3440,vesicle
3441,vesicle
3442,vesicle
3443,vesicle
3444,vesicle
3445,vesicle
3446,vesicle
3447,vesicle
3448,vesicle
3449,vesicle
3450,vesicle
3451,vesicle
3452,vesicle
3453,vesicle
3454,vesicle
3455,vesicle
3456,vesicle
3457,vesicle
3458,vesicle
3459,vesicle
3460,vesicle
3461,vesicle
3462,vesicle
3463,vesicle
3464,vesicle
3465,vesicle
3466,vesicle
3467,vesicle
3468,vesicle
3469,vesicle
3470,vesicle
3471,vesicle
3472,vesicle
3473,vesicle
3474,vesicle
3475,vesicle
3476,vesicle
3477,vesicle
3478,vesicle
3479,vesicle
3480,vesicle
3481,vesicle
3482,vesicle
3483,vesicle
3484,vesicle
3485,vesicle
3486,vesicle
3487,vesicle
3488,vesicle
3489,vesicle
3490,vesicle
3491,vesicle
3492,vesicle
3493,vesicle
3494,vesicle
3495,vesicle
3496,vesicle
3497,vesicle
3498,vesicle
3499,vesicle
3500,vesicle
3501,vesicle
3502,vesicle
3503,vesicle
3504,vesicle
3505,vesicle
3506,vesicle
3507,vesicle
3508,vesicle
3509,vesicle
3510,vesicle
3511,vesicle
3512,vesicle
3513,vesicle
3514,vesicle
3515,vesicle
3516,vesicle
3517,vesicle
3518,vesicle
3519,vesicle
3520,vesicle
3521,vesicle
3522,vesicle
3523,vesicle
3524,vesicle
3525,vesicle
3526,vesicle
3527,vesicle
3528,vesicle
3529,vesicle
3530,vesicle
3531,vesicle
3532,vesicle
3533,vesicle
3534,vesicle
3535,vesicle
3536,vesicle
3537,vesicle
3538,vesicle
3539,vesicle
3540,vesicle
3541,vesicle
3542,vesicle
3543,vesicle
3544,vesicle
3545,vesicle
3546,vesicle
3547,vesicle
3548,vesicle
3549,vesicle
3550,vesicle
3551,vesicle
3552,vesicle
3553,vesicle
3554,vesicle
3555,vesicle
3556,vesicle
3557,vesicle
3558,vesicle
3559,vesicle
3560,vesicle
3561,vesicle
3562,vesicle
3563,vesicle
3564,vesicle
3565,vesicle
3566,vesicle
3567,vesicle
3568,vesicle
3569,vesicle
3570,vesicle
3571,vesicle
3572,vesicle
3573,vesicle
3574,vesicle
3575,vesicle
3576,vesicle
3577,vesicle
3578,vesicle
3579,vesicle
3580,vesicle
3581,vesicle
3582,vesicle
3583,vesicle
3584,vesicle
3585,vesicle
3586,vesicle
3587,vesicle
3588,vesicle
3589,vesicle
3590,vesicle
3591,vesicle
3592,vesicle
3593,vesicle
3594,vesicle
3595,vesicle
3596,vesicle
3597,vesicle
3598,vesicle
3599,vesicle
3600,vesicle
3601,vesicle
3602,vesicle
3603,vesicle
3604,vesicle
3605,vesicle
3606,vesicle
3607,vesicle
3608,vesicle
3609,vesicle
3610,vesicle
3611,vesicle
3612,vesicle
3613,vesicle
3614,vesicle
3615,vesicle
3616,vesicle
3617,vesicle
3618,vesicle
3619,vesicle
3620,vesicle
3621,vesicle
3622,vesicle
3623,vesicle
3624,vesicle
3625,vesicle
3626,vesicle
3627,vesicle
3628,vesicle
3629,vesicle
3630,vesicle
3631,vesicle
3632,vesicle
3633,vesicle
3634,vesicle
3635,vesicle
3636,vesicle
3637,vesicle
3638,vesicle
3639,vesicle
3640,vesicle
3641,fiber
3642,vesicle
3643,vesicle
3644,vesicle
3645,vesicle
3646,vesicle
3647,vesicle
3648,vesicle
3649,vesicle
3650,vesicle
3651,vesicle
3652,vesicle
3653,vesicle
3654,vesicle
3655,vesicle
3656,vesicle
3657,vesicle
3658,vesicle
3659,vesicle
3660,vesicle
3661,vesicle
3662,vesicle
3663,vesicle
3664,vesicle
3665,vesicle
3666,vesicle
3667,vesicle
3668,vesicle
3669,vesicle
3670,vesicle
3671,vesicle
3672,vesicle
3673,vesicle
3674,vesicle
3675,vesicle
3676,vesicle
3677,vesicle
3678,vesicle
3679,vesicle
3680,vesicle
3681,vesicle
3682,vesicle
3683,vesicle
3684,vesicle
3685,vesicle
3686,vesicle
3687,vesicle
3688,fiber
3689,vesicle
3690,vesicle
3691,vesicle
3692,vesicle
3693,vesicle
3694,vesicle
3695,vesicle
3696,vesicle
3697,vesicle
3698,vesicle
3699,vesicle
3700,vesicle
3701,vesicle
3702,vesicle
3703,vesicle
3704,vesicle
3705,vesicle
3706,vesicle
3707,vesicle
3708,vesicle
3709,fiber
3710,fiber
3711,vesicle
3712,fiber
3713,fiber
3714,vesicle
3715,vesicle
3716,vesicle
3717,fiber
3718,vesicle
3719,fiber
3720,vesicle
3721,fiber
3722,vesicle
3723,vesicle
3724,vesicle
3725,fiber
3726,vesicle
3727,vesicle
3728,vesicle
3729,vesicle
3730,vesicle
3731,vesicle
3732,vesicle
3733,vesicle
3734,vesicle
3735,vesicle
3736,vesicle
3737,vesicle
3738,vesicle
3739,vesicle
3740,vesicle
3741,vesicle
3742,vesicle
3743,vesicle
3744,vesicle
3745,vesicle
3746,vesicle
3747,vesicle
3748,vesicle
3749,vesicle
3750,vesicle
3751,vesicle
3752,vesicle
3753,vesicle
3754,fiber
3755,fiber
3756,vesicle
3757,vesicle
3758,fiber
3759,vesicle
3760,vesicle
3761,vesicle
3762,vesicle
3763,vesicle
3764,fiber
3765,vesicle
3766,vesicle
3767,vesicle
3768,vesicle
3769,vesicle
3770,vesicle
3771,fiber
3772,fiber
3773,fiber
3774,vesicle
3775,fiber
3776,vesicle
3777,vesicle
3778,vesicle
3779,vesicle
3780,fiber
3781,vesicle
3782,fiber
3783,vesicle
3784,vesicle
3785,vesicle
3786,vesicle
3787,vesicle
3788,vesicle
3789,vesicle
3790,vesicle
3791,vesicle
3792,vesicle
3793,vesicle
3794,vesicle
3795,vesicle
3796,vesicle
3797,vesicle
3798,vesicle
3799,vesicle
3800,vesicle
3801,vesicle
3802,vesicle
3803,vesicle
3804,vesicle
3805,vesicle
3806,vesicle
3807,vesicle
3808,vesicle
3809,vesicle
3810,vesicle
3811,vesicle
3812,fiber
3813,vesicle
3814,vesicle
3815,vesicle
3816,vesicle
3817,fiber
3818,vesicle
3819,vesicle
3820,vesicle
3821,vesicle
3822,vesicle
3823,vesicle
3824,vesicle
3825,vesicle
3826,vesicle
3827,vesicle
3828,vesicle
3829,vesicle
3830,vesicle
3831,vesicle
3832,vesicle
3833,vesicle
3834,vesicle
3835,vesicle
3836,vesicle
3837,vesicle
3838,vesicle
3839,vesicle
3840,vesicle
3841,vesicle
3842,vesicle
3843,vesicle
3844,vesicle
3845,vesicle
3846,vesicle
3847,vesicle
3848,vesicle
3849,vesicle
3850,vesicle
3851,vesicle
3852,vesicle
3853,vesicle
3854,vesicle
3855,vesicle
3856,vesicle
3857,fiber
3858,vesicle
3859,vesicle
3860,vesicle
3861,vesicle
3862,vesicle
3863,vesicle
3864,vesicle
3865,vesicle
3866,vesicle
3867,vesicle
3868,vesicle
3869,vesicle
3870,vesicle
3871,vesicle
3872,vesicle
3873,vesicle
3874,vesicle
3875,vesicle
3876,vesicle
3877,vesicle
3878,vesicle
3879,vesicle
3880,vesicle
3881,vesicle
3882,vesicle
3883,vesicle
3884,vesicle
3885,vesicle
3886,vesicle
3887,vesicle
3888,vesicle
3889,vesicle
3890,vesicle
3891,vesicle
3892,vesicle
3893,vesicle
3894,vesicle
3895,vesicle
3896,vesicle
3897,vesicle
3898,vesicle
3899,vesicle
3900,vesicle
3901,vesicle
3902,vesicle
3903,vesicle
3904,vesicle
3905,vesicle
3906,vesicle
3907,vesicle
3908,vesicle
3909,vesicle
3910,vesicle
3911,vesicle
3912,vesicle
3913,vesicle
3914,vesicle
3915,vesicle
3916,vesicle
3917,vesicle
3918,vesicle
3919,vesicle
3920,vesicle
3921,vesicle
3922,vesicle
3923,vesicle
3924,vesicle
3925,vesicle
3926,vesicle
3927,vesicle
3928,vesicle
3929,vesicle
3930,vesicle
3931,vesicle
3932,vesicle
3933,vesicle
3934,vesicle
3935,vesicle
3936,vesicle
3937,vesicle
3938,vesicle
3939,vesicle
3940,vesicle
3941,vesicle
3942,vesicle
3943,vesicle
3944,vesicle
3945,vesicle
3946,vesicle
3947,vesicle
3948,vesicle
3949,vesicle
3950,vesicle
3951,vesicle
3952,vesicle
3953,vesicle
3954,vesicle
3955,vesicle
3956,vesicle
3957,vesicle
3958,vesicle
3959,vesicle
3960,vesicle
3961,vesicle
3962,vesicle
3963,vesicle
3964,vesicle
3965,vesicle
3966,vesicle
3967,vesicle
3968,vesicle
3969,vesicle
3970,vesicle
3971,vesicle
3972,vesicle
3973,vesicle
3974,vesicle
3975,vesicle
3976,vesicle
3977,vesicle
3978,vesicle
3979,vesicle
3980,vesicle
3981,vesicle
3982,vesicle
3983,vesicle
3984,vesicle
3985,vesicle
3986,vesicle
3987,vesicle
3988,vesicle
3989,vesicle
3990,vesicle
3991,vesicle
3992,vesicle
3993,vesicle
3994,vesicle
3995,vesicle
3996,vesicle
3997,vesicle
3998,vesicle
3999,vesicle
4000,vesicle
4001,vesicle
4002,vesicle
4003,vesicle
4004,vesicle
4005,vesicle
4006,vesicle
4007,vesicle
4008,vesicle
4009,vesicle
4010,vesicle
4011,vesicle
4012,vesicle
4013,vesicle
4014,vesicle
4015,vesicle
4016,vesicle
4017,vesicle
4018,vesicle
4019,vesicle
4020,vesicle
4021,vesicle
4022,vesicle
4023,vesicle
4024,vesicle
4025,vesicle
4026,vesicle
4027,vesicle
4028,vesicle
4029,vesicle
4030,vesicle
4031,vesicle
4032,vesicle
4033,vesicle
4034,vesicle
4035,vesicle
4036,vesicle
4037,vesicle
4038,vesicle
4039,vesicle
4040,vesicle
4041,vesicle
4042,vesicle
4043,vesicle
4044,vesicle
4045,fiber
4046,vesicle
4047,vesicle
4048,vesicle
4049,fiber
4050,vesicle
4051,vesicle
4052,vesicle
4053,fiber
4054,vesicle
4055,fiber
4056,fiber
4057,fiber
4058,vesicle
4059,fiber
4060,vesicle
4061,vesicle
4062,vesicle
4063,vesicle
4064,vesicle
4065,vesicle
4066,vesicle
4067,vesicle
4068,vesicle
4069,vesicle
4070,fiber
4071,vesicle
4072,vesicle
4073,vesicle
4074,vesicle
4075,vesicle
4076,vesicle
4077,vesicle
4078,vesicle
4079,vesicle
4080,vesicle
4081,vesicle
4082,vesicle
4083,vesicle
4084,vesicle
4085,vesicle
4086,vesicle
4087,vesicle
4088,vesicle
4089,vesicle
4090,vesicle
4091,vesicle
4092,vesicle
4093,vesicle
4094,vesicle
4095,vesicle
4096,fiber
4097,vesicle
4098,fiber
4099,vesicle
4100,vesicle
4101,vesicle
4102,vesicle
4103,vesicle
4104,vesicle
4105,vesicle
4106,vesicle
4107,vesicle
4108,vesicle
4109,vesicle
4110,vesicle
4111,vesicle
4112,vesicle
4113,vesicle
4114,vesicle
4115,vesicle
4116,vesicle
4117,vesicle
4118,vesicle
4119,vesicle
4120,vesicle
4121,vesicle
4122,vesicle
4123,vesicle
4124,vesicle
4125,vesicle
4126,vesicle
4127,vesicle
4128,vesicle
4129,vesicle
4130,vesicle
4131,vesicle
4132,vesicle
4133,vesicle
4134,vesicle
4135,vesicle
4136,vesicle
4137,vesicle
4138,vesicle
4139,vesicle
4140,vesicle
4141,vesicle
4142,vesicle
4143,vesicle
4144,vesicle
4145,vesicle
4146,vesicle
4147,vesicle
4148,vesicle
4149,vesicle
4150,vesicle
4151,vesicle
4152,vesicle
4153,vesicle
4154,vesicle
4155,vesicle
4156,vesicle
4157,vesicle
4158,vesicle
4159,vesicle
4160,vesicle
4161,vesicle
4162,vesicle
4163,vesicle
4164,vesicle
4165,vesicle
4166,vesicle
4167,vesicle
4168,vesicle
4169,vesicle
4170,vesicle
4171,vesicle
4172,vesicle
4173,vesicle
4174,vesicle
4175,vesicle
4176,vesicle
4177,vesicle
4178,vesicle
4179,vesicle
4180,vesicle
4181,vesicle
4182,vesicle
4183,vesicle
4184,vesicle
4185,vesicle
4186,vesicle
4187,vesicle
4188,vesicle
4189,vesicle
4190,vesicle
4191,vesicle
4192,vesicle
4193,vesicle
4194,vesicle
4195,vesicle
4196,vesicle
4197,vesicle
4198,vesicle
4199,vesicle
4200,vesicle
4201,vesicle
4202,vesicle
4203,vesicle
4204,vesicle
4205,vesicle
4206,vesicle
4207,vesicle
4208,vesicle
4209,vesicle
4210,vesicle
4211,vesicle
4212,vesicle
4213,vesicle
4214,vesicle
4215,vesicle
4216,vesicle
4217,vesicle
4218,vesicle
4219,vesicle
4220,vesicle
4221,vesicle
4222,vesicle
4223,vesicle
4224,vesicle
4225,vesicle
4226,vesicle
4227,vesicle
4228,vesicle
4229,vesicle
4230,vesicle
4231,vesicle
4232,vesicle
4233,vesicle
4234,vesicle
4235,vesicle
4236,vesicle
4237,vesicle
4238,vesicle
4239,vesicle
4240,vesicle
4241,vesicle
4242,vesicle
4243,vesicle
4244,vesicle
4245,vesicle
4246,vesicle
4247,vesicle
4248,vesicle
4249,vesicle
4250,vesicle
4251,vesicle
4252,vesicle
4253,vesicle
4254,vesicle
4255,vesicle
4256,vesicle
4257,vesicle
4258,vesicle
4259,vesicle
4260,vesicle
4261,vesicle
4262,vesicle
4263,vesicle
4264,vesicle
4265,vesicle
4266,vesicle
4267,vesicle
4268,vesicle
4269,vesicle
4270,vesicle
4271,vesicle
4272,vesicle
4273,vesicle
4274,vesicle
4275,vesicle
4276,vesicle
4277,vesicle
4278,vesicle
4279,vesicle
4280,vesicle
4281,vesicle
4282,vesicle
4283,vesicle
4284,vesicle
4285,vesicle
4286,vesicle
4287,vesicle
4288,vesicle
4289,vesicle
4290,vesicle
4291,vesicle
4292,vesicle
4293,vesicle
4294,vesicle
4295,vesicle
4296,vesicle
4297,vesicle
4298,vesicle
4299,vesicle
4300,vesicle
4301,vesicle
4302,vesicle
4303,vesicle
4304,vesicle
4305,vesicle
4306,vesicle
4307,vesicle
4308,vesicle
4309,vesicle
4310,vesicle
4311,vesicle
4312,vesicle
4313,vesicle
4314,vesicle
4315,vesicle
4316,vesicle
4317,vesicle
4318,vesicle
4319,vesicle
4320,vesicle
4321,vesicle
4322,vesicle
4323,vesicle
4324,vesicle
4325,vesicle
4326,vesicle
4327,vesicle
4328,vesicle
4329,vesicle
4330,vesicle
4331,fiber
4332,vesicle
4333,vesicle
4334,vesicle
4335,vesicle
4336,vesicle
4337,vesicle
4338,vesicle
4339,vesicle
4340,vesicle
4341,vesicle
4342,vesicle
4343,vesicle
4344,vesicle
4345,vesicle
4346,vesicle
4347,vesicle
4348,vesicle
4349,vesicle
4350,vesicle
4351,vesicle
4352,vesicle
4353,vesicle
4354,vesicle
4355,vesicle
4356,vesicle
4357,vesicle
4358,vesicle
4359,vesicle
4360,vesicle
4361,vesicle
4362,vesicle
4363,vesicle
4364,vesicle
4365,vesicle
4366,vesicle
4367,vesicle
4368,vesicle
4369,vesicle
4370,vesicle
4371,fiber
4372,vesicle
4373,vesicle
4374,vesicle
4375,vesicle
4376,vesicle
4377,vesicle
4378,vesicle
4379,vesicle
4380,vesicle
4381,fiber
4382,vesicle
4383,vesicle
4384,vesicle
4385,vesicle
4386,vesicle
4387,vesicle
4388,vesicle
4389,vesicle
4390,vesicle
4391,fiber
4392,vesicle
4393,vesicle
4394,vesicle
4395,vesicle
4396,vesicle
4397,vesicle
4398,fiber
4399,vesicle
4400,fiber
4401,fiber
4402,fiber
4403,vesicle
4404,vesicle
4405,fiber
4406,fiber
4407,fiber
4408,vesicle
4409,fiber
4410,vesicle
4411,fiber
4412,fiber
4413,fiber
4414,vesicle
4415,vesicle
4416,vesicle
4417,vesicle
4418,vesicle
4419,fiber
4420,vesicle
4421,vesicle
4422,fiber
4423,vesicle
4424,vesicle
4425,vesicle
4426,vesicle
4427,vesicle
4428,vesicle
4429,vesicle
4430,vesicle
4431,vesicle
4432,vesicle
4433,vesicle
4434,vesicle
4435,vesicle
4436,vesicle
4437,vesicle
4438,vesicle
4439,vesicle
4440,vesicle
4441,vesicle
4442,vesicle
4443,vesicle
4444,vesicle
4445,vesicle
4446,vesicle
4447,vesicle
4448,vesicle
4449,vesicle
4450,vesicle
4451,vesicle
4452,vesicle
4453,vesicle
4454,vesicle
4455,vesicle
4456,vesicle
4457,vesicle
4458,vesicle
4459,vesicle
4460,vesicle
4461,vesicle
4462,vesicle
4463,vesicle
4464,vesicle
4465,vesicle
4466,vesicle
4467,vesicle
4468,vesicle
4469,vesicle
4470,vesicle
4471,vesicle
4472,vesicle
4473,vesicle
4474,vesicle
4475,vesicle
4476,vesicle
4477,vesicle
4478,vesicle
4479,vesicle
4480,vesicle
4481,vesicle
4482,vesicle
4483,vesicle
4484,vesicle
4485,fiber
4486,vesicle
4487,vesicle
4488,vesicle
4489,vesicle
4490,vesicle
4491,fiber
4492,fiber
4493,fiber
4494,vesicle
4495,fiber
4496,vesicle
4497,vesicle
4498,fiber
4499,fiber
4500,vesicle
4501,vesicle
4502,vesicle
4503,vesicle
4504,vesicle
4505,vesicle
4506,vesicle
4507,vesicle
4508,vesicle
4509,vesicle
4510,vesicle
4511,vesicle
4512,vesicle
4513,vesicle
4514,vesicle
4515,vesicle
4516,vesicle
4517,vesicle
4518,vesicle
4519,vesicle
4520,vesicle
4521,vesicle
4522,vesicle
4523,vesicle
4524,vesicle
4525,vesicle
4526,fiber
4527,fiber
4528,vesicle
4529,vesicle
4530,vesicle
4531,vesicle
4532,vesicle
4533,vesicle
4534,vesicle
4535,vesicle
4536,vesicle
4537,vesicle
4538,vesicle
4539,vesicle
4540,vesicle
4541,vesicle
4542,vesicle
4543,vesicle
4544,vesicle
4545,vesicle
4546,vesicle
4547,vesicle
4548,vesicle
4549,vesicle
4550,vesicle
4551,vesicle
4552,vesicle
4553,vesicle
4554,vesicle
4555,vesicle
4556,vesicle
4557,vesicle
4558,vesicle
4559,vesicle
4560,vesicle
4561,vesicle
4562,vesicle
4563,vesicle
4564,vesicle
4565,vesicle
4566,vesicle
4567,vesicle
4568,vesicle
4569,vesicle
4570,vesicle
4571,vesicle
4572,vesicle
4573,vesicle
4574,vesicle
4575,vesicle
4576,vesicle
4577,vesicle
4578,vesicle
4579,vesicle
4580,vesicle
4581,vesicle
4582,vesicle
4583,vesicle
4584,vesicle
4585,vesicle
4586,vesicle
4587,vesicle
4588,vesicle
4589,vesicle
4590,vesicle
4591,vesicle
4592,vesicle
4593,vesicle
4594,vesicle
4595,vesicle
4596,vesicle
4597,vesicle
4598,vesicle
4599,vesicle
4600,vesicle
4601,vesicle
4602,vesicle
4603,vesicle
4604,vesicle
4605,vesicle
4606,vesicle
4607,vesicle
4608,vesicle
4609,vesicle
4610,vesicle
4611,vesicle
4612,vesicle
4613,vesicle
4614,vesicle
4615,vesicle
4616,vesicle
4617,vesicle
4618,vesicle
4619,vesicle
4620,vesicle
4621,vesicle
4622,vesicle
4623,vesicle
4624,vesicle
4625,vesicle
4626,vesicle
4627,vesicle
4628,vesicle
4629,vesicle
4630,vesicle
4631,vesicle
4632,vesicle
4633,vesicle
4634,vesicle
4635,vesicle
4636,vesicle
4637,vesicle
4638,vesicle
4639,vesicle
4640,vesicle
4641,vesicle
4642,vesicle
4643,vesicle
4644,vesicle
4645,vesicle
4646,vesicle
4647,vesicle
4648,vesicle
4649,vesicle
4650,vesicle
4651,vesicle
4652,vesicle
4653,vesicle
4654,vesicle
4655,vesicle
4656,vesicle
4657,vesicle
4658,vesicle
4659,vesicle
4660,vesicle
4661,vesicle
4662,fiber
4663,fiber
4664,vesicle
4665,vesicle
4666,vesicle
4667,vesicle
4668,vesicle
4669,vesicle
4670,vesicle
4671,vesicle
4672,vesicle
4673,vesicle
4674,fiber
4675,fiber
4676,fiber
4677,fiber
4678,vesicle
4679,fiber
4680,fiber
4681,vesicle
4682,vesicle
4683,vesicle
4684,vesicle
4685,vesicle
4686,vesicle
4687,vesicle
4688,vesicle
4689,vesicle
4690,vesicle
4691,vesicle
4692,vesicle
4693,vesicle
4694,vesicle
4695,vesicle
4696,vesicle
4697,vesicle
4698,vesicle
4699,vesicle
4700,vesicle
4701,fiber
4702,fiber
4703,vesicle
4704,vesicle
4705,vesicle
4706,vesicle
4707,vesicle
4708,vesicle
4709,vesicle
4710,vesicle
4711,fiber
4712,vesicle
4713,fiber
4714,fiber
4715,vesicle
4716,vesicle
4717,vesicle
4718,vesicle
4719,vesicle
4720,vesicle
4721,vesicle
4722,vesicle
4723,fiber
4724,vesicle
4725,fiber
4726,fiber
4727,fiber
4728,vesicle
4729,vesicle
4730,vesicle
4731,vesicle
4732,fiber
4733,vesicle
4734,fiber
4735,vesicle
4736,vesicle
4737,vesicle
4738,vesicle
4739,vesicle
4740,vesicle
4741,vesicle
4742,vesicle
4743,vesicle
4744,vesicle
4745,vesicle
4746,vesicle
4747,vesicle
4748,fiber
4749,vesicle
4750,vesicle
4751,vesicle
4752,vesicle
4753,vesicle
4754,fiber
4755,fiber
4756,vesicle
4757,fiber
4758,vesicle
4759,vesicle
4760,vesicle
4761,vesicle
4762,vesicle
4763,vesicle
4764,vesicle
4765,fiber
4766,vesicle
4767,vesicle
4768,vesicle
4769,vesicle
4770,vesicle
4771,vesicle
4772,vesicle
4773,vesicle
4774,vesicle
4775,vesicle
4776,vesicle
4777,vesicle
4778,vesicle
4779,vesicle
4780,vesicle
4781,vesicle
4782,vesicle
4783,vesicle
4784,vesicle
4785,vesicle
4786,vesicle
4787,vesicle
4788,vesicle
4789,vesicle
4790,vesicle
4791,vesicle
4792,vesicle
4793,vesicle
4794,vesicle
4795,vesicle
4796,vesicle
4797,vesicle
4798,vesicle
4799,vesicle
4800,vesicle
4801,vesicle
4802,vesicle
4803,vesicle
4804,vesicle
4805,vesicle
4806,vesicle
4807,vesicle
4808,vesicle
4809,vesicle
4810,vesicle
4811,vesicle
4812,vesicle
4813,vesicle
4814,vesicle
4815,vesicle
4816,fiber
4817,vesicle
4818,vesicle
4819,vesicle
4820,vesicle
4821,vesicle
4822,vesicle
4823,vesicle
4824,vesicle
4825,vesicle
4826,vesicle
4827,vesicle
4828,vesicle
4829,vesicle
4830,vesicle
4831,vesicle
4832,vesicle
4833,vesicle
4834,vesicle
4835,vesicle
4836,vesicle
4837,vesicle
4838,vesicle
4839,vesicle
4840,vesicle
4841,vesicle
4842,vesicle
4843,vesicle
4844,vesicle
4845,vesicle
4846,vesicle
4847,vesicle
4848,vesicle
4849,vesicle
4850,vesicle
4851,vesicle
4852,vesicle
4853,vesicle
4854,vesicle
4855,vesicle
4856,vesicle
4857,vesicle
4858,vesicle
4859,vesicle
4860,vesicle
4861,vesicle
4862,vesicle
4863,vesicle
4864,vesicle
4865,vesicle
4866,vesicle
4867,vesicle
4868,vesicle
4869,vesicle
4870,vesicle
4871,vesicle
4872,vesicle
4873,vesicle
4874,vesicle
4875,vesicle
4876,vesicle
4877,vesicle
4878,vesicle
4879,vesicle
4880,vesicle
4881,vesicle
4882,vesicle
4883,vesicle
4884,vesicle
4885,vesicle
4886,vesicle
4887,vesicle
4888,vesicle
4889,vesicle
4890,vesicle
4891,vesicle
4892,vesicle
4893,vesicle
4894,vesicle
4895,vesicle
4896,vesicle
4897,vesicle
4898,vesicle
4899,vesicle
4900,vesicle
4901,vesicle
4902,vesicle
4903,vesicle
4904,vesicle
4905,vesicle
4906,vesicle
4907,vesicle
4908,vesicle
4909,vesicle
4910,vesicle
4911,vesicle
4912,vesicle
4913,fiber
4914,vesicle
4915,vesicle
4916,vesicle
4917,vesicle
4918,vesicle
4919,vesicle
4920,vesicle
4921,vesicle
4922,vesicle
4923,vesicle
4924,vesicle
4925,vesicle
4926,vesicle
4927,vesicle
4928,vesicle
4929,vesicle
4930,vesicle
4931,vesicle
4932,vesicle
4933,vesicle
4934,vesicle
4935,vesicle
4936,vesicle
4937,vesicle
4938,vesicle
4939,vesicle
4940,vesicle
4941,vesicle
4942,vesicle
4943,vesicle
4944,vesicle
4945,vesicle
4946,vesicle
4947,vesicle
4948,vesicle
4949,vesicle
4950,vesicle
4951,vesicle
4952,vesicle
4953,vesicle
4954,vesicle
4955,vesicle
4956,vesicle
4957,vesicle
4958,vesicle
4959,vesicle
4960,vesicle
4961,vesicle
4962,vesicle
4963,vesicle
4964,vesicle
4965,vesicle
4966,vesicle
4967,vesicle
4968,vesicle
4969,vesicle
4970,vesicle
4971,vesicle
4972,vesicle
4973,vesicle
4974,vesicle
4975,vesicle
4976,vesicle
4977,vesicle
4978,vesicle
4979,vesicle
4980,vesicle
4981,vesicle
4982,vesicle
4983,vesicle
4984,vesicle
4985,vesicle
4986,vesicle
4987,vesicle
4988,vesicle
4989,vesicle
4990,vesicle
4991,vesicle
4992,vesicle
4993,vesicle
4994,vesicle
4995,vesicle
4996,vesicle
4997,vesicle
4998,vesicle
4999,vesicle
5000,vesicle
5001,vesicle
5002,vesicle
5003,vesicle
5004,vesicle
5005,vesicle
5006,vesicle
5007,vesicle
5008,vesicle
5009,vesicle
5010,vesicle
5011,vesicle
5012,vesicle
5013,vesicle
5014,vesicle
5015,vesicle
5016,vesicle
5017,vesicle
5018,vesicle
5019,vesicle
5020,vesicle
5021,vesicle
5022,vesicle
5023,vesicle
5024,vesicle
5025,vesicle
5026,vesicle
5027,vesicle
5028,vesicle
5029,vesicle
5030,vesicle
5031,vesicle
5032,vesicle
5033,vesicle
5034,vesicle
5035,vesicle
5036,vesicle
5037,vesicle
5038,vesicle
5039,vesicle
5040,vesicle
5041,vesicle
5042,vesicle
5043,vesicle
5044,vesicle
5045,vesicle
5046,vesicle
5047,vesicle
5048,vesicle
5049,vesicle
5050,vesicle
5051,vesicle
5052,vesicle
5053,vesicle
5054,vesicle
5055,vesicle
5056,vesicle
5057,vesicle
5058,vesicle
5059,vesicle
5060,vesicle
5061,vesicle
5062,vesicle
5063,vesicle
5064,vesicle
5065,vesicle
5066,vesicle
5067,vesicle
5068,vesicle
5069,vesicle
5070,vesicle
5071,vesicle
5072,vesicle
5073,vesicle
5074,vesicle
5075,vesicle
5076,vesicle
5077,vesicle
5078,vesicle
5079,vesicle
5080,vesicle
5081,vesicle
5082,vesicle
5083,vesicle
5084,vesicle
5085,vesicle
5086,vesicle
5087,vesicle
5088,vesicle
5089,vesicle
5090,vesicle
5091,vesicle
5092,vesicle
5093,vesicle
5094,vesicle
5095,vesicle
5096,vesicle
5097,vesicle
5098,vesicle
5099,vesicle
5100,vesicle
5101,vesicle
5102,vesicle
5103,vesicle
5104,vesicle
5105,vesicle
5106,vesicle
5107,vesicle
5108,vesicle
5109,vesicle
5110,vesicle
5111,vesicle
5112,vesicle
5113,vesicle
5114,vesicle
5115,vesicle
5116,vesicle
5117,vesicle
5118,vesicle
5119,vesicle
5120,vesicle
5121,vesicle
5122,vesicle
5123,vesicle
5124,vesicle
5125,vesicle
5126,vesicle
5127,vesicle
5128,vesicle
5129,vesicle
5130,vesicle
5131,vesicle
5132,vesicle
5133,vesicle
5134,vesicle
5135,vesicle
5136,vesicle
5137,vesicle
5138,vesicle
5139,vesicle
5140,vesicle
5141,vesicle
5142,vesicle
5143,vesicle
5144,vesicle
5145,vesicle
5146,vesicle
5147,vesicle
5148,vesicle
5149,vesicle
5150,vesicle
5151,vesicle
5152,vesicle
5153,vesicle
5154,vesicle
5155,vesicle
5156,vesicle
5157,vesicle
5158,vesicle
5159,vesicle
5160,vesicle
5161,vesicle
5162,vesicle
5163,vesicle
5164,vesicle
5165,vesicle
5166,vesicle
5167,vesicle
5168,vesicle
5169,vesicle
5170,vesicle
5171,vesicle
5172,vesicle
5173,vesicle
5174,vesicle
5175,vesicle
5176,vesicle
5177,vesicle
5178,vesicle
5179,vesicle
5180,vesicle
5181,vesicle
5182,vesicle
5183,vesicle
5184,vesicle
5185,vesicle
5186,vesicle
5187,vesicle
5188,vesicle
5189,vesicle
5190,vesicle
5191,vesicle
5192,vesicle
5193,vesicle
5194,vesicle
5195,vesicle
5196,vesicle
5197,vesicle
5198,vesicle
5199,vesicle
5200,vesicle
5201,vesicle
5202,vesicle
5203,vesicle
5204,vesicle
5205,vesicle
5206,vesicle
5207,vesicle
5208,vesicle
5209,vesicle
5210,vesicle
5211,vesicle
5212,vesicle
5213,vesicle
5214,vesicle
5215,vesicle
5216,vesicle
5217,vesicle
5218,vesicle
5219,vesicle
5220,vesicle
5221,vesicle
5222,vesicle
5223,vesicle
5224,vesicle
5225,vesicle
5226,vesicle
5227,vesicle
5228,vesicle
5229,vesicle
5230,vesicle
5231,vesicle
5232,vesicle
5233,vesicle
5234,vesicle
5235,vesicle
5236,vesicle
5237,vesicle
5238,vesicle
5239,vesicle
5240,vesicle
5241,vesicle
5242,vesicle
5243,vesicle
5244,vesicle
5245,vesicle
5246,vesicle
5247,vesicle
5248,vesicle
5249,vesicle
5250,vesicle
5251,vesicle
5252,vesicle
5253,vesicle
5254,vesicle
5255,vesicle
5256,vesicle
5257,vesicle
5258,vesicle
5259,vesicle
5260,vesicle
5261,vesicle
5262,vesicle
5263,vesicle
5264,vesicle
5265,vesicle
5266,vesicle
5267,vesicle
5268,vesicle
5269,vesicle
5270,vesicle
5271,vesicle
5272,vesicle
5273,vesicle
5274,vesicle
5275,vesicle
5276,vesicle
5277,vesicle
5278,vesicle
5279,vesicle
5280,vesicle
5281,vesicle
5282,vesicle
5283,vesicle
5284,vesicle
5285,vesicle
5286,vesicle
5287,vesicle
5288,vesicle
5289,vesicle
5290,vesicle
5291,vesicle
5292,vesicle
5293,vesicle
5294,vesicle
5295,vesicle
5296,vesicle
5297,vesicle
5298,vesicle
5299,vesicle
5300,vesicle
5301,vesicle
5302,vesicle
5303,vesicle
5304,vesicle
5305,vesicle
5306,vesicle
5307,vesicle
5308,vesicle
5309,vesicle
5310,vesicle
5311,vesicle
5312,vesicle
5313,vesicle
5314,vesicle
5315,vesicle
5316,vesicle
5317,vesicle
5318,vesicle
5319,vesicle
5320,vesicle
5321,vesicle
5322,vesicle
5323,vesicle
5324,fiber
5325,vesicle
5326,vesicle
5327,vesicle
5328,vesicle
5329,vesicle
5330,vesicle
5331,vesicle
5332,vesicle
5333,vesicle
5334,vesicle
5335,vesicle
5336,vesicle
5337,vesicle
5338,vesicle
5339,vesicle
5340,vesicle
5341,vesicle
5342,fiber
5343,vesicle
5344,vesicle
5345,vesicle
5346,vesicle
5347,vesicle
5348,vesicle
5349,vesicle
5350,vesicle
5351,vesicle
5352,vesicle
5353,vesicle
5354,sheet
5355,vesicle
5356,tube
5357,sheet
5358,sheet
5359,vesicle
5360,sheet
5361,sheet
5362,fiber
5363,vesicle
5364,sheet
5365,sheet
5366,vesicle
5367,vesicle
5368,vesicle
5369,vesicle
5370,vesicle
5371,vesicle
5372,vesicle
5373,sheet
5374,vesicle
5375,tube
5376,sheet
5377,sheet
5378,vesicle
5379,sheet
5380,sheet
5381,vesicle
5382,vesicle
5383,vesicle
5384,vesicle
5385,vesicle
5386,tube
5387,vesicle
5388,fiber
5389,vesicle
5390,vesicle
5391,vesicle
5392,vesicle
5393,vesicle
5394,vesicle
5395,vesicle
5396,vesicle
5397,vesicle
5398,vesicle
5399,vesicle
5400,vesicle
5401,vesicle
5402,vesicle
5403,vesicle
5404,vesicle
5405,vesicle
5406,vesicle
5407,vesicle
5408,vesicle
5409,vesicle
5410,vesicle
5411,vesicle
5412,vesicle
5413,vesicle
5414,vesicle
5415,vesicle
5416,vesicle
5417,vesicle
5418,vesicle
5419,vesicle
5420,vesicle
5421,vesicle
5422,vesicle
5423,vesicle
5424,vesicle
5425,vesicle
5426,vesicle
5427,vesicle
5428,vesicle
5429,vesicle
5430,vesicle
5431,vesicle
5432,vesicle
5433,vesicle
5434,vesicle
5435,vesicle
5436,vesicle
5437,vesicle
5438,vesicle
5439,vesicle
5440,vesicle
5441,vesicle
5442,vesicle
5443,vesicle
5444,vesicle
5445,vesicle
5446,vesicle
5447,vesicle
5448,vesicle
5449,vesicle
5450,vesicle
5451,vesicle
5452,vesicle
5453,vesicle
5454,vesicle
5455,vesicle
5456,vesicle
5457,vesicle
5458,vesicle
5459,vesicle
5460,fiber
5461,vesicle
5462,vesicle
5463,vesicle
5464,vesicle
5465,vesicle
5466,vesicle
5467,vesicle
5468,fiber
5469,vesicle
5470,vesicle
5471,vesicle
5472,fiber
5473,fiber
5474,vesicle
5475,vesicle
5476,vesicle
5477,fiber
5478,fiber
5479,fiber
5480,vesicle
5481,fiber
5482,vesicle
5483,vesicle
5484,vesicle
5485,vesicle
5486,vesicle
5487,vesicle
5488,vesicle
5489,vesicle
5490,vesicle
5491,vesicle
5492,vesicle
5493,vesicle
5494,vesicle
5495,vesicle
5496,vesicle
5497,vesicle
5498,vesicle
5499,vesicle
5500,vesicle
5501,vesicle
5502,vesicle
5503,vesicle
5504,fiber
5505,vesicle
5506,vesicle
5507,vesicle
5508,vesicle
5509,vesicle
5510,vesicle
5511,vesicle
5512,vesicle
5513,vesicle
5514,vesicle
5515,vesicle
5516,vesicle
5517,vesicle
5518,vesicle
5519,vesicle
5520,vesicle
5521,vesicle
5522,vesicle
5523,vesicle
5524,vesicle
5525,vesicle
5526,vesicle
5527,vesicle
5528,vesicle
5529,vesicle
5530,vesicle
5531,vesicle
5532,vesicle
5533,vesicle
5534,vesicle
5535,vesicle
5536,vesicle
5537,vesicle
5538,vesicle
5539,vesicle
5540,vesicle
5541,vesicle
5542,vesicle
5543,vesicle
5544,vesicle
5545,vesicle
5546,vesicle
5547,vesicle
5548,vesicle
5549,vesicle
5550,vesicle
5551,vesicle
5552,vesicle
5553,vesicle
5554,vesicle
5555,vesicle
5556,vesicle
5557,vesicle
5558,vesicle
5559,vesicle
5560,vesicle
5561,vesicle
5562,vesicle
5563,vesicle
5564,vesicle
5565,vesicle
5566,vesicle
5567,vesicle
5568,vesicle
5569,vesicle
5570,vesicle
5571,vesicle
5572,vesicle
5573,fiber
5574,vesicle
5575,vesicle
5576,vesicle
5577,vesicle
5578,vesicle
5579,vesicle
5580,vesicle
5581,vesicle
5582,vesicle
5583,vesicle
5584,vesicle
5585,vesicle
5586,vesicle
5587,vesicle
5588,vesicle
5589,vesicle
5590,vesicle
5591,vesicle
5592,vesicle
5593,vesicle
5594,vesicle
5595,vesicle
5596,vesicle
5597,vesicle
5598,vesicle
5599,vesicle
5600,vesicle
5601,vesicle
5602,vesicle
5603,vesicle
5604,vesicle
5605,vesicle
5606,vesicle
5607,vesicle
5608,vesicle
5609,vesicle
5610,vesicle
5611,vesicle
5612,vesicle
5613,vesicle
5614,vesicle
5615,vesicle
5616,vesicle
5617,vesicle
5618,vesicle
5619,vesicle
5620,vesicle
5621,vesicle
5622,vesicle
5623,vesicle
5624,vesicle
5625,vesicle
5626,vesicle
5627,vesicle
5628,vesicle
5629,vesicle
5630,vesicle
5631,vesicle
5632,vesicle
5633,vesicle
5634,vesicle
5635,vesicle
5636,vesicle
5637,vesicle
5638,vesicle
5639,vesicle
5640,vesicle
5641,vesicle
5642,vesicle
5643,vesicle
5644,vesicle
5645,vesicle
5646,vesicle
5647,vesicle
5648,vesicle
5649,vesicle
5650,vesicle
5651,vesicle
5652,vesicle
5653,vesicle
5654,vesicle
5655,vesicle
5656,vesicle
5657,vesicle
5658,vesicle
5659,vesicle
5660,vesicle
5661,vesicle
5662,vesicle
5663,vesicle
5664,vesicle
5665,vesicle
5666,vesicle
5667,vesicle
5668,vesicle
5669,vesicle
5670,vesicle
5671,vesicle
5672,vesicle
5673,vesicle
5674,vesicle
5675,vesicle
5676,vesicle
5677,vesicle
5678,vesicle
5679,vesicle
5680,vesicle
5681,vesicle
5682,vesicle
5683,vesicle
5684,vesicle
5685,vesicle
5686,vesicle
5687,vesicle
5688,vesicle
5689,vesicle
5690,vesicle
5691,vesicle
5692,vesicle
5693,vesicle
5694,vesicle
5695,vesicle
5696,vesicle
5697,vesicle
5698,vesicle
5699,vesicle
5700,vesicle
5701,vesicle
5702,vesicle
5703,vesicle
5704,vesicle
5705,vesicle
5706,vesicle
5707,vesicle
5708,vesicle
5709,vesicle
5710,vesicle
5711,vesicle
5712,vesicle
5713,vesicle
5714,vesicle
5715,vesicle
5716,vesicle
5717,vesicle
5718,vesicle
5719,vesicle
5720,vesicle
5721,vesicle
5722,vesicle
5723,vesicle
5724,vesicle
5725,vesicle
5726,vesicle
5727,vesicle
5728,vesicle
5729,vesicle
5730,vesicle
5731,vesicle
5732,vesicle
5733,vesicle
5734,vesicle
5735,vesicle
5736,vesicle
5737,vesicle
5738,vesicle
5739,vesicle
5740,vesicle
5741,vesicle
5742,vesicle
5743,vesicle
5744,vesicle
5745,vesicle
5746,vesicle
5747,vesicle
5748,vesicle
5749,vesicle
5750,vesicle
5751,vesicle
5752,vesicle
5753,vesicle
5754,vesicle
5755,vesicle
5756,vesicle
5757,vesicle
5758,vesicle
5759,vesicle
5760,vesicle
5761,vesicle
5762,vesicle
5763,vesicle
5764,vesicle
5765,vesicle
5766,vesicle
5767,vesicle
5768,vesicle
5769,vesicle
5770,vesicle
5771,vesicle
5772,vesicle
5773,vesicle
5774,vesicle
5775,vesicle
5776,vesicle
5777,vesicle
5778,vesicle
5779,vesicle
5780,vesicle
5781,vesicle
5782,vesicle
5783,vesicle
5784,vesicle
5785,vesicle
5786,vesicle
5787,vesicle
5788,vesicle
5789,vesicle
5790,vesicle
5791,vesicle
5792,vesicle
5793,vesicle
5794,vesicle
5795,vesicle
5796,vesicle
5797,vesicle
5798,vesicle
5799,vesicle
5800,vesicle
5801,vesicle
5802,vesicle
5803,vesicle
5804,vesicle
5805,vesicle
5806,vesicle
5807,vesicle
5808,vesicle
5809,vesicle
5810,vesicle
5811,vesicle
5812,fiber
5813,vesicle
5814,vesicle
5815,vesicle
5816,vesicle
5817,vesicle
5818,vesicle
5819,vesicle
5820,vesicle
5821,vesicle
5822,vesicle
5823,vesicle
5824,vesicle
5825,vesicle
5826,vesicle
5827,vesicle
5828,vesicle
5829,vesicle
5830,vesicle
5831,vesicle
5832,vesicle
5833,vesicle
5834,vesicle
5835,vesicle
5836,vesicle
5837,vesicle
5838,vesicle
5839,vesicle
5840,vesicle
5841,vesicle
5842,vesicle
5843,vesicle
5844,vesicle
5845,vesicle
5846,vesicle
5847,vesicle
5848,vesicle
5849,vesicle
5850,vesicle
5851,vesicle
5852,vesicle
5853,vesicle
5854,vesicle
5855,vesicle
5856,vesicle
5857,vesicle
5858,vesicle
5859,vesicle
5860,vesicle
5861,vesicle
5862,vesicle
5863,vesicle
5864,vesicle
5865,vesicle
5866,vesicle
5867,vesicle
5868,vesicle
5869,vesicle
5870,vesicle
5871,vesicle
5872,vesicle
5873,vesicle
5874,vesicle
5875,vesicle
5876,vesicle
5877,vesicle
5878,vesicle
5879,vesicle
5880,vesicle
5881,vesicle
5882,vesicle
5883,vesicle
5884,vesicle
5885,vesicle
5886,vesicle
5887,vesicle
5888,vesicle
5889,vesicle
5890,vesicle
5891,vesicle
5892,vesicle
5893,vesicle
5894,vesicle
5895,vesicle
5896,vesicle
5897,vesicle
5898,vesicle
5899,vesicle
5900,vesicle
5901,vesicle
5902,vesicle
5903,vesicle
5904,vesicle
5905,vesicle
5906,vesicle
5907,vesicle
5908,vesicle
5909,vesicle
5910,vesicle
5911,vesicle
5912,vesicle
5913,vesicle
5914,vesicle
5915,vesicle
5916,vesicle
5917,vesicle
5918,vesicle
5919,vesicle
5920,vesicle
5921,vesicle
5922,vesicle
5923,vesicle
5924,vesicle
5925,vesicle
5926,vesicle
5927,vesicle
5928,vesicle
5929,vesicle
5930,vesicle
5931,vesicle
5932,vesicle
5933,vesicle
5934,vesicle
5935,vesicle
5936,vesicle
5937,vesicle
5938,vesicle
5939,vesicle
5940,vesicle
5941,vesicle
5942,vesicle
5943,vesicle
5944,vesicle
5945,vesicle
5946,vesicle
5947,vesicle
5948,vesicle
5949,vesicle
5950,vesicle
5951,fiber
5952,vesicle
5953,vesicle
5954,vesicle
5955,vesicle
5956,vesicle
5957,vesicle
5958,fiber
5959,vesicle
5960,vesicle
5961,vesicle
5962,vesicle
5963,vesicle
5964,vesicle
5965,vesicle
5966,vesicle
5967,vesicle
5968,vesicle
5969,vesicle
5970,vesicle
5971,vesicle
5972,vesicle
5973,vesicle
5974,vesicle
5975,vesicle
5976,vesicle
5977,vesicle
5978,vesicle
5979,vesicle
5980,vesicle
5981,vesicle
5982,vesicle
5983,vesicle
5984,vesicle
5985,vesicle
5986,vesicle
5987,vesicle
5988,vesicle
5989,vesicle
5990,vesicle
5991,vesicle
5992,vesicle
5993,vesicle
5994,vesicle
5995,vesicle
5996,vesicle
5997,vesicle
5998,vesicle
5999,vesicle
6000,vesicle
6001,vesicle
6002,vesicle
6003,vesicle
6004,vesicle
6005,vesicle
6006,vesicle
6007,fiber
6008,fiber
6009,vesicle
6010,vesicle
6011,vesicle
6012,vesicle
6013,vesicle
6014,vesicle
6015,vesicle
6016,vesicle
6017,vesicle
6018,vesicle
6019,vesicle
6020,vesicle
6021,vesicle
6022,vesicle
6023,vesicle
6024,vesicle
6025,vesicle
6026,vesicle
6027,vesicle
6028,vesicle
6029,vesicle
6030,vesicle
6031,vesicle
6032,vesicle
6033,vesicle
6034,vesicle
6035,vesicle
6036,vesicle
6037,vesicle
6038,vesicle
6039,vesicle
6040,vesicle
6041,vesicle
6042,vesicle
6043,vesicle
6044,vesicle
6045,vesicle
6046,vesicle
6047,vesicle
6048,vesicle
6049,vesicle
6050,vesicle
6051,vesicle
6052,vesicle
6053,vesicle
6054,vesicle
6055,vesicle
6056,vesicle
6057,vesicle
6058,vesicle
6059,vesicle
6060,vesicle
6061,vesicle
6062,vesicle
6063,vesicle
6064,vesicle
6065,vesicle
6066,vesicle
6067,vesicle
6068,vesicle
6069,vesicle
6070,vesicle
6071,vesicle
6072,vesicle
6073,vesicle
6074,vesicle
6075,vesicle
6076,vesicle
6077,vesicle
6078,vesicle
6079,vesicle
6080,vesicle
6081,vesicle
6082,vesicle
6083,vesicle
6084,vesicle
6085,vesicle
6086,vesicle
6087,vesicle
6088,vesicle
6089,vesicle
6090,vesicle
6091,vesicle
6092,vesicle
6093,vesicle
6094,vesicle
6095,vesicle
6096,vesicle
6097,vesicle
6098,vesicle
6099,vesicle
6100,vesicle
6101,vesicle
6102,vesicle
6103,vesicle
6104,vesicle
6105,vesicle
6106,vesicle
6107,vesicle
6108,vesicle
6109,vesicle
6110,vesicle
6111,vesicle
6112,vesicle
6113,vesicle
6114,vesicle
6115,vesicle
6116,vesicle
6117,vesicle
6118,vesicle
6119,vesicle
6120,vesicle
6121,vesicle
6122,vesicle
6123,vesicle
6124,vesicle
6125,vesicle
6126,vesicle
6127,vesicle
6128,vesicle
6129,vesicle
6130,vesicle
6131,vesicle
6132,vesicle
6133,vesicle
6134,vesicle
6135,vesicle
6136,vesicle
6137,vesicle
6138,vesicle
6139,vesicle
6140,vesicle
6141,vesicle
6142,vesicle
6143,vesicle
6144,vesicle
6145,vesicle
6146,vesicle
6147,vesicle
6148,vesicle
6149,vesicle
6150,vesicle
6151,vesicle
6152,vesicle
6153,vesicle
6154,vesicle
6155,vesicle
6156,vesicle
6157,vesicle
6158,vesicle
6159,vesicle
6160,vesicle
6161,vesicle
6162,vesicle
6163,vesicle
6164,vesicle
6165,vesicle
6166,vesicle
6167,vesicle
6168,vesicle
6169,vesicle
6170,vesicle
6171,vesicle
6172,vesicle
6173,vesicle
6174,vesicle
6175,vesicle
6176,vesicle
6177,vesicle
6178,vesicle
6179,vesicle
6180,vesicle
6181,vesicle
6182,vesicle
6183,vesicle
6184,vesicle
6185,vesicle
6186,vesicle
6187,vesicle
6188,vesicle
6189,vesicle
6190,vesicle
6191,vesicle
6192,vesicle
6193,vesicle
6194,vesicle
6195,vesicle
6196,vesicle
6197,vesicle
6198,vesicle
6199,vesicle
6200,vesicle
6201,vesicle
6202,vesicle
6203,vesicle
6204,vesicle
6205,vesicle
6206,vesicle
6207,vesicle
6208,vesicle
6209,vesicle
6210,vesicle
6211,vesicle
6212,vesicle
6213,vesicle
6214,vesicle
6215,vesicle
6216,vesicle
6217,vesicle
6218,vesicle
6219,vesicle
6220,vesicle
6221,vesicle
6222,vesicle
6223,vesicle
6224,vesicle
6225,vesicle
6226,vesicle
6227,vesicle
6228,vesicle
6229,vesicle
6230,vesicle
6231,vesicle
6232,vesicle
6233,vesicle
6234,vesicle
6235,vesicle
6236,vesicle
6237,vesicle
6238,vesicle
6239,vesicle
6240,vesicle
6241,vesicle
6242,vesicle
6243,vesicle
6244,vesicle
6245,vesicle
6246,vesicle
6247,vesicle
6248,vesicle
6249,vesicle
6250,vesicle
6251,vesicle
6252,vesicle
6253,vesicle
6254,vesicle
6255,vesicle
6256,vesicle
6257,vesicle
6258,vesicle
6259,vesicle
6260,vesicle
6261,vesicle
6262,vesicle
6263,vesicle
6264,vesicle
6265,vesicle
6266,vesicle
6267,vesicle
6268,vesicle
6269,vesicle
6270,vesicle
6271,vesicle
6272,vesicle
6273,vesicle
6274,vesicle
6275,fiber
6276,fiber
6277,fiber
6278,vesicle
6279,vesicle
6280,vesicle
6281,vesicle
6282,vesicle
6283,vesicle
6284,vesicle
6285,vesicle
6286,fiber
6287,vesicle
6288,vesicle
6289,vesicle
6290,vesicle
6291,vesicle
6292,vesicle
6293,vesicle
6294,vesicle
6295,vesicle
6296,vesicle
6297,vesicle
6298,vesicle
6299,vesicle
6300,vesicle
6301,vesicle
6302,vesicle
6303,vesicle
6304,vesicle
6305,vesicle
6306,vesicle
6307,vesicle
6308,vesicle
6309,vesicle
6310,vesicle
6311,vesicle
6312,vesicle
6313,vesicle
6314,vesicle
6315,vesicle
6316,vesicle
6317,vesicle
6318,vesicle
6319,vesicle
6320,vesicle
6321,vesicle
6322,vesicle
6323,vesicle
6324,vesicle
6325,vesicle
6326,vesicle
6327,vesicle
6328,vesicle
6329,vesicle
6330,vesicle
6331,vesicle
6332,vesicle
6333,vesicle
6334,vesicle
6335,vesicle
6336,vesicle
6337,vesicle
6338,vesicle
6339,vesicle
6340,vesicle
6341,vesicle
6342,vesicle
6343,vesicle
6344,vesicle
6345,vesicle
6346,vesicle
6347,vesicle
6348,vesicle
6349,vesicle
6350,vesicle
6351,vesicle
6352,vesicle
6353,vesicle
6354,vesicle
6355,vesicle
6356,vesicle
6357,vesicle
6358,vesicle
6359,vesicle
6360,vesicle
6361,vesicle
6362,vesicle
6363,vesicle
6364,vesicle
6365,vesicle
6366,vesicle
6367,vesicle
6368,vesicle
6369,vesicle
6370,vesicle
6371,vesicle
6372,vesicle
6373,vesicle
6374,vesicle
6375,vesicle
6376,vesicle
6377,vesicle
6378,vesicle
6379,vesicle
6380,vesicle
6381,vesicle
6382,vesicle
6383,vesicle
6384,vesicle
6385,vesicle
6386,vesicle
6387,vesicle
6388,vesicle
6389,vesicle
6390,vesicle
6391,vesicle
6392,vesicle
6393,vesicle
6394,vesicle
6395,vesicle
6396,vesicle
6397,vesicle
6398,vesicle
6399,vesicle
6400,vesicle
6401,vesicle
6402,vesicle
6403,vesicle
6404,vesicle
6405,vesicle
6406,vesicle
6407,vesicle
6408,vesicle
6409,vesicle
6410,vesicle
6411,vesicle
6412,vesicle
6413,vesicle
6414,vesicle
6415,vesicle
6416,vesicle
6417,vesicle
6418,vesicle
6419,vesicle
6420,vesicle
6421,vesicle
6422,vesicle
6423,vesicle
6424,vesicle
6425,vesicle
6426,vesicle
6427,vesicle
6428,vesicle
6429,vesicle
6430,vesicle
6431,vesicle
6432,vesicle
6433,vesicle
6434,vesicle
6435,vesicle
6436,vesicle
6437,vesicle
6438,vesicle
6439,vesicle
6440,vesicle
6441,vesicle
6442,vesicle
6443,vesicle
6444,vesicle
6445,vesicle
6446,vesicle
6447,vesicle
6448,vesicle
6449,vesicle
6450,vesicle
6451,vesicle
6452,vesicle
6453,vesicle
6454,vesicle
6455,tube
6456,vesicle
6457,vesicle
6458,vesicle
6459,vesicle
6460,vesicle
6461,vesicle
6462,vesicle
6463,vesicle
6464,vesicle
6465,vesicle
6466,vesicle
6467,vesicle
6468,vesicle
6469,vesicle
6470,vesicle
6471,vesicle
6472,vesicle
6473,vesicle
6474,vesicle
6475,vesicle
6476,tube
6477,vesicle
6478,vesicle
6479,vesicle
6480,vesicle
6481,vesicle
6482,vesicle
6483,vesicle
6484,vesicle
6485,vesicle
6486,vesicle
6487,vesicle
6488,vesicle
6489,vesicle
6490,vesicle
6491,vesicle
6492,vesicle
6493,vesicle
6494,vesicle
6495,vesicle
6496,vesicle
6497,vesicle
6498,vesicle
6499,vesicle
6500,vesicle
6501,vesicle
6502,vesicle
6503,vesicle
6504,vesicle
6505,vesicle
6506,vesicle
6507,vesicle
6508,vesicle
6509,vesicle
6510,vesicle
6511,vesicle
6512,vesicle
6513,vesicle
6514,vesicle
6515,vesicle
6516,vesicle
6517,vesicle
6518,vesicle
6519,vesicle
6520,vesicle
6521,vesicle
6522,fiber
6523,tube
6524,vesicle
6525,vesicle
6526,vesicle
6527,vesicle
6528,fiber
6529,vesicle
6530,vesicle
6531,vesicle
6532,vesicle
6533,vesicle
6534,vesicle
6535,vesicle
6536,vesicle
6537,vesicle
6538,vesicle
6539,vesicle
6540,vesicle
6541,vesicle
6542,vesicle
6543,vesicle
6544,vesicle
6545,vesicle
6546,vesicle
6547,vesicle
6548,vesicle
6549,vesicle
6550,vesicle
6551,vesicle
6552,vesicle
6553,vesicle
6554,vesicle
6555,vesicle
6556,vesicle
6557,vesicle
6558,vesicle
6559,vesicle
6560,vesicle
6561,vesicle
6562,vesicle
6563,vesicle
6564,vesicle
6565,vesicle
6566,vesicle
6567,vesicle
6568,vesicle
6569,vesicle
6570,vesicle
6571,vesicle
6572,vesicle
6573,vesicle
6574,vesicle
6575,vesicle
6576,vesicle
6577,vesicle
6578,vesicle
6579,vesicle
6580,vesicle
6581,vesicle
6582,vesicle
6583,vesicle
6584,vesicle
6585,vesicle
6586,vesicle
6587,vesicle
6588,vesicle
6589,vesicle
6590,vesicle
6591,vesicle
6592,vesicle
6593,vesicle
6594,vesicle
6595,vesicle
6596,vesicle
6597,vesicle
6598,vesicle
6599,vesicle
6600,vesicle
6601,vesicle
6602,vesicle
6603,vesicle
6604,vesicle
6605,vesicle
6606,vesicle
6607,vesicle
6608,vesicle
6609,vesicle
6610,vesicle
6611,vesicle
6612,vesicle
6613,vesicle
6614,vesicle
6615,vesicle
6616,vesicle
6617,vesicle
6618,vesicle
6619,vesicle
6620,vesicle
6621,vesicle
6622,vesicle
6623,vesicle
6624,vesicle
6625,vesicle
6626,vesicle
6627,vesicle
6628,vesicle
6629,vesicle
6630,vesicle
6631,vesicle
6632,vesicle
6633,vesicle
6634,vesicle
6635,vesicle
6636,vesicle
6637,vesicle
6638,vesicle
6639,vesicle
6640,vesicle
6641,vesicle
6642,vesicle
6643,vesicle
6644,vesicle
6645,vesicle
6646,vesicle
6647,vesicle
6648,vesicle
6649,vesicle
6650,vesicle
6651,vesicle
6652,vesicle
6653,vesicle
6654,vesicle
6655,vesicle
6656,fiber
6657,vesicle
6658,vesicle
6659,vesicle
6660,vesicle
6661,vesicle
6662,vesicle
6663,vesicle
6664,vesicle
6665,vesicle
6666,vesicle
6667,vesicle
6668,vesicle
6669,vesicle
6670,vesicle
6671,vesicle
6672,vesicle
6673,vesicle
6674,vesicle
6675,vesicle
6676,vesicle
6677,vesicle
6678,vesicle
6679,vesicle
6680,vesicle
6681,vesicle
6682,vesicle
6683,vesicle
6684,vesicle
6685,vesicle
6686,vesicle
6687,vesicle
6688,vesicle
6689,vesicle
6690,vesicle
6691,vesicle
6692,vesicle
6693,vesicle
6694,vesicle
6695,vesicle
6696,vesicle
6697,vesicle
6698,vesicle
6699,vesicle
6700,vesicle
6701,vesicle
6702,vesicle
6703,vesicle
6704,vesicle
6705,vesicle
6706,vesicle
6707,vesicle
6708,vesicle
6709,vesicle
6710,vesicle
6711,vesicle
6712,vesicle
6713,vesicle
6714,vesicle
6715,vesicle
6716,vesicle
6717,vesicle
6718,vesicle
6719,vesicle
6720,vesicle
6721,vesicle
6722,vesicle
6723,vesicle
6724,vesicle
6725,vesicle
6726,vesicle
6727,vesicle
6728,vesicle
6729,vesicle
6730,vesicle
6731,vesicle
6732,vesicle
6733,vesicle
6734,vesicle
6735,vesicle
6736,vesicle
6737,vesicle
6738,vesicle
6739,vesicle
6740,fiber
6741,vesicle
6742,fiber
6743,vesicle
6744,vesicle
6745,vesicle
6746,vesicle
6747,vesicle
6748,vesicle
6749,vesicle
6750,vesicle
6751,vesicle
6752,vesicle
6753,vesicle
6754,vesicle
6755,vesicle
6756,vesicle
6757,vesicle
6758,vesicle
6759,vesicle
6760,vesicle
6761,vesicle
6762,vesicle
6763,vesicle
6764,vesicle
6765,vesicle
6766,vesicle
6767,vesicle
6768,vesicle
6769,vesicle
6770,vesicle
6771,vesicle
6772,vesicle
6773,vesicle
6774,vesicle
6775,vesicle
6776,vesicle
6777,vesicle
6778,vesicle
6779,vesicle
6780,vesicle
6781,vesicle
6782,vesicle
6783,fiber
6784,vesicle
6785,vesicle
6786,vesicle
6787,vesicle
6788,vesicle
6789,vesicle
6790,vesicle
6791,vesicle
6792,vesicle
6793,vesicle
6794,vesicle
6795,vesicle
6796,vesicle
6797,vesicle
6798,vesicle
6799,vesicle
6800,vesicle
6801,vesicle
6802,vesicle
6803,tube
6804,fiber
6805,vesicle
6806,tube
6807,tube
6808,fiber
6809,vesicle
6810,vesicle
6811,vesicle
6812,vesicle
6813,vesicle
6814,vesicle
6815,vesicle
6816,vesicle
6817,vesicle
6818,vesicle
6819,vesicle
6820,vesicle
6821,vesicle
6822,vesicle
6823,vesicle
6824,vesicle
6825,vesicle
6826,vesicle
6827,vesicle
6828,vesicle
6829,vesicle
6830,vesicle
6831,vesicle
6832,vesicle
6833,vesicle
6834,vesicle
6835,vesicle
6836,vesicle
6837,vesicle
6838,vesicle
6839,vesicle
6840,vesicle
6841,vesicle
6842,vesicle
6843,vesicle
6844,vesicle
6845,vesicle
6846,vesicle
6847,vesicle
6848,vesicle
6849,vesicle
6850,vesicle
6851,vesicle
6852,vesicle
6853,vesicle
6854,vesicle
6855,vesicle
6856,vesicle
6857,vesicle
6858,vesicle
6859,vesicle
6860,vesicle
6861,vesicle
6862,vesicle
6863,vesicle
6864,vesicle
6865,vesicle
6866,vesicle
6867,vesicle
6868,vesicle
6869,vesicle
6870,vesicle
6871,vesicle
6872,vesicle
6873,vesicle
6874,vesicle
6875,vesicle
6876,vesicle
6877,vesicle
6878,vesicle
6879,vesicle
6880,vesicle
6881,vesicle
6882,vesicle
6883,vesicle
6884,vesicle
6885,vesicle
6886,vesicle
6887,vesicle
6888,vesicle
6889,vesicle
6890,vesicle
6891,vesicle
6892,vesicle
6893,vesicle
6894,vesicle
6895,vesicle
6896,vesicle
6897,vesicle
6898,vesicle
6899,vesicle
6900,vesicle
6901,vesicle
6902,vesicle
6903,vesicle
6904,vesicle
6905,vesicle
6906,vesicle
6907,vesicle
6908,vesicle
6909,vesicle
6910,vesicle
6911,vesicle
6912,vesicle
6913,vesicle
6914,vesicle
6915,vesicle
6916,vesicle
6917,vesicle
6918,vesicle
6919,vesicle
6920,vesicle
6921,vesicle
6922,vesicle
6923,vesicle
6924,vesicle
6925,vesicle
6926,vesicle
6927,vesicle
6928,vesicle
6929,vesicle
6930,vesicle
6931,vesicle
6932,vesicle
6933,vesicle
6934,vesicle
6935,vesicle
6936,vesicle
6937,vesicle
6938,vesicle
6939,vesicle
6940,vesicle
6941,vesicle
6942,vesicle
6943,vesicle
6944,vesicle
6945,vesicle
6946,vesicle
6947,vesicle
6948,vesicle
6949,vesicle
6950,vesicle
6951,vesicle
6952,vesicle
6953,vesicle
6954,vesicle
6955,vesicle
6956,vesicle
6957,vesicle
6958,vesicle
6959,vesicle
6960,vesicle
6961,vesicle
6962,vesicle
6963,vesicle
6964,vesicle
6965,vesicle
6966,vesicle
6967,vesicle
6968,vesicle
6969,vesicle
6970,vesicle
6971,vesicle
6972,vesicle
6973,vesicle
6974,vesicle
6975,vesicle
6976,vesicle
6977,vesicle
6978,vesicle
6979,vesicle
6980,vesicle
6981,vesicle
6982,vesicle
6983,vesicle
6984,vesicle
6985,vesicle
6986,vesicle
6987,vesicle
6988,vesicle
6989,vesicle
6990,vesicle
6991,vesicle
6992,vesicle
6993,vesicle
6994,vesicle
6995,vesicle
6996,vesicle
6997,vesicle
6998,vesicle
6999,vesicle
7000,vesicle
7001,vesicle
7002,vesicle
7003,vesicle
7004,vesicle
7005,vesicle
7006,vesicle
7007,vesicle
7008,vesicle
7009,vesicle
7010,vesicle
7011,vesicle
7012,vesicle
7013,vesicle
7014,vesicle
7015,vesicle
7016,vesicle
7017,vesicle
7018,vesicle
7019,vesicle
7020,vesicle
7021,vesicle
7022,vesicle
7023,vesicle
7024,vesicle
7025,vesicle
7026,vesicle
7027,vesicle
7028,vesicle
7029,vesicle
7030,vesicle
7031,vesicle
7032,vesicle
7033,vesicle
7034,vesicle
7035,vesicle
7036,vesicle
7037,vesicle
7038,vesicle
7039,vesicle
7040,vesicle
7041,vesicle
7042,vesicle
7043,vesicle
7044,vesicle
7045,vesicle
7046,vesicle
7047,vesicle
7048,vesicle
7049,vesicle
7050,vesicle
7051,vesicle
7052,vesicle
7053,vesicle
7054,vesicle
7055,vesicle
7056,vesicle
7057,vesicle
7058,vesicle
7059,vesicle
7060,vesicle
7061,vesicle
7062,vesicle
7063,vesicle
7064,vesicle
7065,vesicle
7066,vesicle
7067,vesicle
7068,vesicle
7069,vesicle
7070,vesicle
7071,vesicle
7072,vesicle
7073,vesicle
7074,vesicle
7075,vesicle
7076,vesicle
7077,vesicle
7078,vesicle
7079,vesicle
7080,vesicle
7081,vesicle
7082,vesicle
7083,vesicle
7084,vesicle
7085,vesicle
7086,vesicle
7087,vesicle
7088,vesicle
7089,vesicle
7090,vesicle
7091,vesicle
7092,vesicle
7093,vesicle
7094,vesicle
7095,vesicle
7096,vesicle
7097,vesicle
7098,vesicle
7099,vesicle
7100,vesicle
7101,vesicle
7102,vesicle
7103,vesicle
7104,vesicle
7105,vesicle
7106,vesicle
7107,vesicle
7108,vesicle
7109,vesicle
7110,vesicle
7111,vesicle
7112,vesicle
7113,vesicle
7114,vesicle
7115,vesicle
7116,vesicle
7117,vesicle
7118,vesicle
7119,vesicle
7120,vesicle
7121,vesicle
7122,vesicle
7123,vesicle
7124,vesicle
7125,vesicle
7126,vesicle
7127,vesicle
7128,vesicle
7129,vesicle
7130,vesicle
7131,vesicle
7132,vesicle
7133,vesicle
7134,vesicle
7135,vesicle
7136,vesicle
7137,vesicle
7138,vesicle
7139,vesicle
7140,vesicle
7141,vesicle
7142,vesicle
7143,vesicle
7144,vesicle
7145,vesicle
7146,vesicle
7147,vesicle
7148,vesicle
7149,vesicle
7150,vesicle
7151,vesicle
7152,vesicle
7153,vesicle
7154,vesicle
7155,vesicle
7156,vesicle
7157,vesicle
7158,vesicle
7159,vesicle
7160,vesicle
7161,vesicle
7162,vesicle
7163,vesicle
7164,vesicle
7165,vesicle
7166,vesicle
7167,vesicle
7168,vesicle
7169,vesicle
7170,vesicle
7171,vesicle
7172,vesicle
7173,vesicle
7174,vesicle
7175,vesicle
7176,vesicle
7177,vesicle
7178,vesicle
7179,vesicle
7180,vesicle
7181,vesicle
7182,vesicle
7183,vesicle
7184,vesicle
7185,vesicle
7186,vesicle
7187,vesicle
7188,vesicle
7189,vesicle
7190,vesicle
7191,vesicle
7192,vesicle
7193,vesicle
7194,vesicle
7195,vesicle
7196,vesicle
7197,vesicle
7198,vesicle
7199,vesicle
7200,vesicle
7201,vesicle
7202,vesicle
7203,vesicle
7204,vesicle
7205,vesicle
7206,vesicle
7207,vesicle
7208,vesicle
7209,vesicle
7210,vesicle
7211,vesicle
7212,vesicle
7213,vesicle
7214,vesicle
7215,vesicle
7216,vesicle
7217,vesicle
7218,vesicle
7219,vesicle
7220,vesicle
7221,vesicle
7222,vesicle
7223,vesicle
7224,vesicle
7225,vesicle
7226,vesicle
7227,vesicle
7228,vesicle
7229,vesicle
7230,vesicle
7231,vesicle
7232,vesicle
7233,vesicle
7234,vesicle
7235,vesicle
7236,vesicle
7237,vesicle
7238,vesicle
7239,vesicle
7240,vesicle
7241,vesicle
7242,vesicle
7243,vesicle
7244,vesicle
7245,vesicle
7246,vesicle
7247,vesicle
7248,vesicle
7249,vesicle
7250,vesicle
7251,vesicle
7252,vesicle
7253,vesicle
7254,vesicle
7255,vesicle
7256,vesicle
7257,vesicle
7258,vesicle
7259,vesicle
7260,vesicle
7261,vesicle
7262,vesicle
7263,vesicle
7264,vesicle
7265,vesicle
7266,vesicle
7267,vesicle
7268,vesicle
7269,vesicle
7270,vesicle
7271,vesicle
7272,vesicle
7273,vesicle
7274,vesicle
7275,vesicle
7276,vesicle
7277,vesicle
7278,vesicle
7279,vesicle
7280,vesicle
7281,vesicle
7282,vesicle
7283,vesicle
7284,vesicle
7285,vesicle
7286,vesicle
7287,vesicle
7288,vesicle
7289,vesicle
7290,vesicle
7291,vesicle
7292,vesicle
7293,vesicle
7294,vesicle
7295,vesicle
7296,vesicle
7297,vesicle
7298,vesicle
7299,vesicle
7300,vesicle
7301,vesicle
7302,vesicle
7303,vesicle
7304,vesicle
7305,vesicle
7306,vesicle
7307,vesicle
7308,vesicle
7309,vesicle
7310,vesicle
7311,vesicle
7312,vesicle
7313,vesicle
7314,vesicle
7315,vesicle
7316,vesicle
7317,vesicle
7318,vesicle
7319,vesicle
7320,vesicle
7321,vesicle
7322,vesicle
7323,vesicle
7324,vesicle
7325,vesicle
7326,vesicle
7327,vesicle
7328,vesicle
7329,vesicle
7330,vesicle
7331,vesicle
7332,vesicle
7333,vesicle
7334,vesicle
7335,vesicle
7336,vesicle
7337,vesicle
7338,vesicle
7339,vesicle
7340,vesicle
7341,vesicle
7342,vesicle
7343,vesicle
7344,vesicle
7345,vesicle
7346,vesicle
7347,vesicle
7348,vesicle
7349,vesicle
7350,vesicle
7351,vesicle
7352,vesicle
7353,vesicle
7354,vesicle
7355,vesicle
7356,vesicle
7357,vesicle
7358,vesicle
7359,vesicle
7360,vesicle
7361,vesicle
7362,vesicle
7363,vesicle
7364,vesicle
7365,vesicle
7366,vesicle
7367,vesicle
7368,vesicle
7369,vesicle
7370,vesicle
7371,vesicle
7372,vesicle
7373,vesicle
7374,vesicle
7375,vesicle
7376,vesicle
7377,vesicle
7378,vesicle
7379,vesicle
7380,vesicle
7381,vesicle
7382,vesicle
7383,vesicle
7384,vesicle
7385,vesicle
7386,vesicle
7387,vesicle
7388,vesicle
7389,vesicle
7390,vesicle
7391,vesicle
7392,vesicle
7393,vesicle
7394,vesicle
7395,vesicle
7396,vesicle
7397,vesicle
7398,vesicle
7399,vesicle
7400,vesicle
7401,vesicle
7402,vesicle
7403,vesicle
7404,vesicle
7405,vesicle
7406,vesicle
7407,vesicle
7408,vesicle
7409,vesicle
7410,vesicle
7411,vesicle
7412,vesicle
7413,vesicle
7414,vesicle
7415,vesicle
7416,vesicle
7417,vesicle
7418,vesicle
7419,vesicle
7420,vesicle
7421,vesicle
7422,vesicle
7423,vesicle
7424,vesicle
7425,vesicle
7426,vesicle
7427,vesicle
7428,vesicle
7429,vesicle
7430,vesicle
7431,vesicle
7432,vesicle
7433,vesicle
7434,vesicle
7435,vesicle
7436,vesicle
7437,vesicle
7438,vesicle
7439,vesicle
7440,vesicle
7441,vesicle
7442,vesicle
7443,vesicle
7444,vesicle
7445,vesicle
7446,vesicle
7447,vesicle
7448,vesicle
7449,vesicle
7450,vesicle
7451,vesicle
7452,vesicle
7453,vesicle
7454,vesicle
7455,vesicle
7456,vesicle
7457,vesicle
7458,vesicle
7459,vesicle
7460,vesicle
7461,vesicle
7462,vesicle
7463,vesicle
7464,vesicle
7465,vesicle
7466,vesicle
7467,vesicle
7468,vesicle
7469,vesicle
7470,vesicle
7471,vesicle
7472,vesicle
7473,vesicle
7474,vesicle
7475,vesicle
7476,vesicle
7477,vesicle
7478,vesicle
7479,vesicle
7480,vesicle
7481,vesicle
7482,vesicle
7483,vesicle
7484,vesicle
7485,vesicle
7486,vesicle
7487,vesicle
7488,vesicle
7489,vesicle
7490,vesicle
7491,vesicle
7492,vesicle
7493,vesicle
7494,vesicle
7495,vesicle
7496,vesicle
7497,vesicle
7498,vesicle
7499,vesicle
7500,vesicle
7501,vesicle
7502,vesicle
7503,vesicle
7504,vesicle
7505,vesicle
7506,vesicle
7507,vesicle
7508,vesicle
7509,vesicle
7510,vesicle
7511,vesicle
7512,vesicle
7513,vesicle
7514,vesicle
7515,vesicle
7516,vesicle
7517,vesicle
7518,vesicle
7519,vesicle
7520,vesicle
7521,vesicle
7522,vesicle
7523,vesicle
7524,vesicle
7525,vesicle
7526,vesicle
7527,vesicle
7528,vesicle
7529,vesicle
7530,vesicle
7531,vesicle
7532,vesicle
7533,vesicle
7534,vesicle
7535,vesicle
7536,vesicle
7537,vesicle
7538,vesicle
7539,vesicle
7540,vesicle
7541,vesicle
7542,vesicle
7543,vesicle
7544,vesicle
7545,vesicle
7546,vesicle
7547,vesicle
7548,vesicle
7549,vesicle
7550,vesicle
7551,vesicle
7552,vesicle
7553,vesicle
7554,vesicle
7555,vesicle
7556,vesicle
7557,vesicle
7558,vesicle
7559,vesicle
7560,vesicle
7561,vesicle
7562,vesicle
7563,vesicle
7564,vesicle
7565,vesicle
7566,vesicle
7567,vesicle
7568,vesicle
7569,vesicle
7570,vesicle
7571,vesicle
7572,vesicle
7573,vesicle
7574,vesicle
7575,vesicle
7576,vesicle
7577,vesicle
7578,vesicle
7579,vesicle
7580,vesicle
7581,vesicle
7582,vesicle
7583,vesicle
7584,vesicle
7585,vesicle
7586,vesicle
7587,vesicle
7588,vesicle
7589,vesicle
7590,vesicle
7591,vesicle
7592,vesicle
7593,vesicle
7594,vesicle
7595,vesicle
7596,vesicle
7597,vesicle
7598,vesicle
7599,vesicle
7600,vesicle
7601,vesicle
7602,vesicle
7603,vesicle
7604,vesicle
7605,vesicle
7606,vesicle
7607,vesicle
7608,vesicle
7609,vesicle
7610,vesicle
7611,vesicle
7612,vesicle
7613,vesicle
7614,vesicle
7615,vesicle
7616,vesicle
7617,vesicle
7618,vesicle
7619,vesicle
7620,vesicle
7621,vesicle
7622,vesicle
7623,vesicle
7624,vesicle
7625,vesicle
7626,vesicle
7627,vesicle
7628,vesicle
7629,vesicle
7630,vesicle
7631,vesicle
7632,vesicle
7633,vesicle
7634,vesicle
7635,vesicle
7636,vesicle
7637,vesicle
7638,vesicle
7639,vesicle
7640,vesicle
7641,vesicle
7642,vesicle
7643,vesicle
7644,vesicle
7645,vesicle
7646,vesicle
7647,vesicle
7648,vesicle
7649,vesicle
7650,vesicle
7651,vesicle
7652,vesicle
7653,vesicle
7654,vesicle
7655,vesicle
7656,vesicle
7657,vesicle
7658,vesicle
7659,vesicle
7660,vesicle
7661,vesicle
7662,vesicle
7663,vesicle
7664,vesicle
7665,vesicle
7666,vesicle
7667,vesicle
7668,vesicle
7669,vesicle
7670,vesicle
7671,vesicle
7672,vesicle
7673,vesicle
7674,vesicle
7675,vesicle
7676,vesicle
7677,vesicle
7678,vesicle
7679,vesicle
7680,vesicle
7681,vesicle
7682,vesicle
7683,vesicle
7684,vesicle
7685,vesicle
7686,vesicle
7687,vesicle
7688,vesicle
7689,vesicle
7690,vesicle
7691,vesicle
7692,vesicle
7693,vesicle
7694,vesicle
7695,vesicle
7696,vesicle
7697,vesicle
7698,vesicle
7699,vesicle
7700,vesicle
7701,vesicle
7702,vesicle
7703,vesicle
7704,vesicle
7705,vesicle
7706,vesicle
7707,vesicle
7708,vesicle
7709,vesicle
7710,vesicle
7711,vesicle
7712,vesicle
7713,vesicle
7714,vesicle
7715,vesicle
7716,vesicle
7717,vesicle
7718,vesicle
7719,vesicle
7720,vesicle
7721,vesicle
7722,vesicle
7723,vesicle
7724,vesicle
7725,vesicle
7726,vesicle
7727,vesicle
7728,vesicle
7729,vesicle
7730,vesicle
7731,vesicle
7732,vesicle
7733,vesicle
7734,vesicle
7735,vesicle
7736,vesicle
7737,vesicle
7738,vesicle
7739,vesicle
7740,vesicle
7741,vesicle
7742,vesicle
7743,vesicle
7744,vesicle
7745,vesicle
7746,vesicle
7747,vesicle
7748,vesicle
7749,vesicle
7750,fiber
7751,vesicle
7752,vesicle
7753,vesicle
7754,vesicle
7755,vesicle
7756,vesicle
7757,vesicle
7758,vesicle
7759,vesicle
7760,vesicle
7761,vesicle
7762,vesicle
7763,vesicle
7764,vesicle
7765,vesicle
7766,vesicle
7767,vesicle
7768,vesicle
7769,vesicle
7770,vesicle
7771,vesicle
7772,vesicle
7773,vesicle
7774,vesicle
7775,vesicle
7776,vesicle
7777,vesicle
7778,vesicle
7779,vesicle
7780,vesicle
7781,vesicle
7782,vesicle
7783,vesicle
7784,vesicle
7785,vesicle
7786,vesicle
7787,vesicle
7788,vesicle
7789,vesicle
7790,vesicle
7791,vesicle
7792,vesicle
7793,vesicle
7794,vesicle
7795,vesicle
7796,vesicle
7797,vesicle
7798,vesicle
7799,vesicle
7800,vesicle
7801,vesicle
7802,vesicle
7803,vesicle
7804,vesicle
7805,vesicle
7806,vesicle
7807,vesicle
7808,vesicle
7809,vesicle
7810,vesicle
7811,vesicle
7812,vesicle
7813,vesicle
7814,vesicle
7815,vesicle
7816,vesicle
7817,vesicle
7818,vesicle
7819,vesicle
7820,vesicle
7821,vesicle
7822,vesicle
7823,vesicle
7824,vesicle
7825,vesicle
7826,vesicle
7827,vesicle
7828,vesicle
7829,vesicle
7830,vesicle
7831,vesicle
7832,vesicle
7833,vesicle
7834,vesicle
7835,vesicle
7836,vesicle
7837,vesicle
7838,vesicle
7839,vesicle
7840,vesicle
7841,vesicle
7842,vesicle
7843,vesicle
7844,vesicle
7845,vesicle
7846,vesicle
7847,vesicle
7848,vesicle
7849,vesicle
7850,vesicle
7851,vesicle
7852,vesicle
7853,vesicle
7854,vesicle
7855,vesicle
7856,vesicle
7857,vesicle
7858,vesicle
7859,vesicle
7860,vesicle
7861,vesicle
7862,vesicle
7863,vesicle
7864,vesicle
7865,vesicle
7866,vesicle
7867,vesicle
7868,vesicle
7869,vesicle
7870,vesicle
7871,vesicle
7872,vesicle
7873,vesicle
7874,vesicle
7875,vesicle
7876,vesicle
7877,vesicle
7878,vesicle
7879,vesicle
7880,vesicle
7881,vesicle
7882,vesicle
7883,vesicle
7884,vesicle
7885,vesicle
7886,vesicle
7887,vesicle
7888,vesicle
7889,vesicle
7890,vesicle
7891,vesicle
7892,vesicle
7893,vesicle
7894,vesicle
7895,vesicle
7896,vesicle
7897,vesicle
7898,vesicle
7899,vesicle
7900,vesicle
7901,vesicle
7902,vesicle
7903,vesicle
7904,vesicle
7905,vesicle
7906,vesicle
7907,vesicle
7908,vesicle
7909,vesicle
7910,vesicle
7911,vesicle
7912,vesicle
7913,vesicle
7914,vesicle
7915,vesicle
7916,vesicle
7917,vesicle
7918,vesicle
7919,vesicle
7920,vesicle
7921,vesicle
7922,vesicle
7923,vesicle
7924,vesicle
7925,vesicle
7926,vesicle
7927,vesicle
7928,vesicle
7929,vesicle
7930,vesicle
7931,vesicle
7932,vesicle
7933,vesicle
7934,vesicle
7935,vesicle
7936,vesicle
7937,vesicle
7938,vesicle
7939,vesicle
7940,vesicle
7941,vesicle
7942,vesicle
7943,vesicle
7944,vesicle
7945,vesicle
7946,vesicle
7947,vesicle
7948,vesicle
7949,vesicle
7950,vesicle
7951,vesicle
7952,vesicle
7953,vesicle
7954,vesicle
7955,vesicle
7956,vesicle
7957,vesicle
7958,vesicle
7959,vesicle
7960,vesicle
7961,vesicle
7962,vesicle
7963,vesicle
7964,vesicle
7965,vesicle
7966,vesicle
7967,vesicle
7968,vesicle
7969,vesicle
7970,vesicle
7971,vesicle
7972,vesicle
7973,vesicle
7974,vesicle
7975,vesicle
7976,vesicle
7977,vesicle
7978,vesicle
7979,vesicle
7980,vesicle
7981,vesicle
7982,vesicle
7983,vesicle
7984,vesicle
7985,vesicle
7986,vesicle
7987,vesicle
7988,vesicle
7989,vesicle
7990,vesicle
7991,vesicle
7992,vesicle
7993,vesicle
7994,vesicle
7995,vesicle
7996,vesicle
7997,vesicle
7998,vesicle
7999,vesicle
8000,vesicle
8001,vesicle
8002,vesicle
8003,vesicle
8004,vesicle
8005,vesicle
8006,vesicle
8007,vesicle
8008,vesicle
8009,vesicle
8010,vesicle
8011,vesicle
8012,vesicle
8013,vesicle
8014,vesicle
8015,vesicle
8016,vesicle
8017,vesicle
8018,vesicle
8019,vesicle
8020,vesicle
8021,vesicle
8022,vesicle
8023,vesicle
8024,vesicle
8025,vesicle
8026,vesicle
8027,vesicle
8028,vesicle
8029,vesicle
8030,vesicle
8031,vesicle
8032,vesicle
8033,vesicle
8034,vesicle
8035,vesicle
8036,vesicle
8037,vesicle
8038,vesicle
8039,vesicle
8040,vesicle
8041,vesicle
8042,vesicle
8043,vesicle
8044,vesicle
8045,vesicle
8046,vesicle
8047,vesicle
8048,vesicle
8049,vesicle
8050,vesicle
8051,vesicle
8052,vesicle
8053,vesicle
8054,vesicle
8055,vesicle
8056,vesicle
8057,vesicle
8058,vesicle
8059,vesicle
8060,vesicle
8061,vesicle
8062,vesicle
8063,vesicle
8064,vesicle
8065,vesicle
8066,vesicle
8067,vesicle
8068,vesicle
8069,vesicle
8070,vesicle
8071,vesicle
8072,vesicle
8073,vesicle
8074,vesicle
8075,vesicle
8076,vesicle
8077,vesicle
8078,vesicle
8079,vesicle
8080,vesicle
8081,vesicle
8082,vesicle
8083,vesicle
8084,vesicle
8085,vesicle
8086,vesicle
8087,vesicle
8088,vesicle
8089,vesicle
8090,vesicle
8091,vesicle
8092,vesicle
8093,vesicle
8094,vesicle
8095,vesicle
8096,vesicle
8097,vesicle
8098,vesicle
8099,vesicle
8100,vesicle
8101,vesicle
8102,vesicle
8103,vesicle
8104,vesicle
8105,vesicle
8106,vesicle
8107,vesicle
8108,vesicle
8109,vesicle
8110,vesicle
8111,vesicle
8112,vesicle
8113,vesicle
8114,vesicle
8115,vesicle
8116,vesicle
8117,vesicle
8118,vesicle
8119,vesicle
8120,vesicle
8121,vesicle
8122,vesicle
8123,vesicle
8124,vesicle
8125,vesicle
8126,vesicle
8127,vesicle
8128,vesicle
8129,vesicle
8130,vesicle
8131,vesicle
8132,vesicle
8133,vesicle
8134,vesicle
8135,vesicle
8136,vesicle
8137,vesicle
8138,vesicle
8139,vesicle
8140,vesicle
8141,vesicle
8142,vesicle
8143,vesicle
8144,vesicle
8145,vesicle
8146,vesicle
8147,vesicle
8148,vesicle
8149,vesicle
8150,vesicle
8151,vesicle
8152,vesicle
8153,vesicle
8154,vesicle
8155,vesicle
8156,vesicle
8157,vesicle
8158,vesicle
8159,vesicle
8160,vesicle
8161,vesicle
8162,vesicle
8163,vesicle
8164,vesicle
8165,vesicle
8166,vesicle
8167,vesicle
8168,vesicle
8169,vesicle
8170,vesicle
8171,vesicle
8172,vesicle
8173,vesicle
8174,vesicle
8175,vesicle
8176,vesicle
8177,vesicle
8178,vesicle
8179,vesicle
8180,vesicle
8181,vesicle
8182,vesicle
8183,vesicle
8184,vesicle
8185,vesicle
8186,vesicle
8187,vesicle
8188,vesicle
8189,vesicle
8190,vesicle
8191,vesicle
8192,vesicle
8193,vesicle
8194,vesicle
8195,vesicle
8196,vesicle
8197,vesicle
8198,vesicle
8199,vesicle
8200,vesicle
8201,vesicle
8202,vesicle
8203,vesicle
8204,vesicle
8205,vesicle
8206,vesicle
8207,vesicle
8208,vesicle
8209,vesicle
8210,vesicle
8211,vesicle
8212,vesicle
8213,vesicle
8214,vesicle
8215,vesicle
8216,vesicle
8217,vesicle
8218,vesicle
8219,vesicle
8220,vesicle
8221,vesicle
8222,vesicle
8223,vesicle
8224,vesicle
8225,vesicle
8226,vesicle
8227,vesicle
8228,vesicle
8229,vesicle
8230,vesicle
8231,vesicle
8232,vesicle
8233,vesicle
8234,vesicle
8235,vesicle
8236,vesicle
8237,vesicle
8238,vesicle
8239,vesicle
8240,vesicle
8241,vesicle
8242,vesicle
8243,vesicle
8244,vesicle
8245,vesicle
8246,vesicle
8247,vesicle
8248,vesicle
8249,vesicle
8250,vesicle
8251,vesicle
8252,vesicle
8253,vesicle
8254,vesicle
8255,vesicle
8256,vesicle
8257,vesicle
8258,vesicle
8259,vesicle
8260,vesicle
8261,vesicle
8262,vesicle
8263,vesicle
8264,vesicle
8265,vesicle
8266,vesicle
8267,vesicle
8268,vesicle
8269,vesicle
8270,vesicle
8271,vesicle
8272,vesicle
8273,vesicle
8274,vesicle
8275,vesicle
8276,vesicle
8277,vesicle
8278,vesicle
8279,vesicle
8280,vesicle
8281,vesicle
8282,vesicle
8283,vesicle
8284,vesicle
8285,vesicle
8286,vesicle
8287,vesicle
8288,vesicle
8289,vesicle
8290,vesicle
8291,vesicle
8292,vesicle
8293,vesicle
8294,vesicle
8295,vesicle
8296,vesicle
8297,vesicle
8298,vesicle
8299,vesicle
8300,vesicle
8301,vesicle
8302,vesicle
8303,vesicle
8304,vesicle
8305,vesicle
8306,vesicle
8307,vesicle
8308,vesicle
8309,vesicle
8310,vesicle
8311,vesicle
8312,vesicle
8313,vesicle
8314,vesicle
8315,vesicle
8316,vesicle
8317,vesicle
8318,vesicle
8319,vesicle
8320,vesicle
8321,vesicle
8322,vesicle
8323,vesicle
8324,vesicle
8325,vesicle
8326,vesicle
8327,vesicle
8328,vesicle
8329,vesicle
8330,vesicle
8331,vesicle
8332,vesicle
8333,vesicle
8334,vesicle
8335,vesicle
8336,vesicle
8337,vesicle
8338,vesicle
8339,vesicle
8340,vesicle
8341,vesicle
8342,vesicle
8343,vesicle
8344,vesicle
8345,vesicle
8346,vesicle
8347,vesicle
8348,vesicle
8349,vesicle
8350,vesicle
8351,vesicle
8352,vesicle
8353,vesicle
8354,vesicle
8355,vesicle
8356,vesicle
8357,vesicle
8358,vesicle
8359,vesicle
8360,vesicle
8361,vesicle
8362,vesicle
8363,vesicle
8364,vesicle
8365,vesicle
8366,vesicle
8367,vesicle
8368,vesicle
8369,vesicle
8370,vesicle
8371,vesicle
8372,vesicle
8373,vesicle
8374,vesicle
8375,vesicle
8376,vesicle
8377,vesicle
8378,vesicle
8379,vesicle
8380,vesicle
8381,vesicle
8382,vesicle
8383,vesicle
8384,vesicle
8385,vesicle
8386,vesicle
8387,vesicle
8388,vesicle
8389,vesicle
8390,vesicle
8391,vesicle
8392,vesicle
8393,vesicle
8394,vesicle
8395,vesicle
8396,vesicle
8397,vesicle
8398,vesicle
8399,vesicle
8400,vesicle
8401,vesicle
8402,vesicle
8403,vesicle
8404,fiber
8405,vesicle
8406,vesicle
8407,vesicle
8408,vesicle
8409,vesicle
8410,vesicle
8411,vesicle
8412,vesicle
8413,vesicle
8414,vesicle
8415,vesicle
8416,vesicle
8417,vesicle
8418,vesicle
8419,vesicle
8420,vesicle
8421,vesicle
8422,vesicle
8423,vesicle
8424,vesicle
8425,vesicle
8426,vesicle
8427,vesicle
8428,vesicle
8429,vesicle
8430,vesicle
8431,vesicle
8432,vesicle
8433,vesicle
8434,vesicle
8435,vesicle
8436,vesicle
8437,vesicle
8438,vesicle
8439,vesicle
8440,vesicle
8441,vesicle
8442,vesicle
8443,vesicle
8444,vesicle
8445,vesicle
8446,vesicle
8447,vesicle
8448,vesicle
8449,vesicle
8450,vesicle
8451,vesicle
8452,vesicle
8453,vesicle
8454,vesicle
8455,vesicle
8456,vesicle
8457,vesicle
8458,vesicle
8459,vesicle
8460,vesicle
8461,vesicle
8462,vesicle
8463,vesicle
8464,vesicle
8465,vesicle
8466,vesicle
8467,fiber
8468,vesicle
8469,vesicle
8470,vesicle
8471,vesicle
8472,vesicle
8473,vesicle
8474,vesicle
8475,vesicle
8476,vesicle
8477,vesicle
8478,vesicle
8479,vesicle
8480,vesicle
8481,vesicle
8482,vesicle
8483,vesicle
8484,vesicle
8485,vesicle
8486,vesicle
8487,vesicle
8488,vesicle
8489,vesicle
8490,vesicle
8491,vesicle
8492,vesicle
8493,vesicle
8494,vesicle
8495,vesicle
8496,vesicle
8497,vesicle
8498,vesicle
8499,vesicle
8500,vesicle
8501,vesicle
8502,vesicle
8503,vesicle
8504,vesicle
8505,vesicle
8506,vesicle
8507,vesicle
8508,vesicle
8509,vesicle
8510,vesicle
8511,vesicle
8512,vesicle
8513,vesicle
8514,vesicle
8515,vesicle
8516,vesicle
8517,vesicle
8518,vesicle
8519,vesicle
8520,vesicle
8521,vesicle
8522,vesicle
8523,vesicle
8524,vesicle
8525,vesicle
8526,vesicle
8527,vesicle
8528,vesicle
8529,vesicle
8530,vesicle
8531,vesicle
8532,vesicle
8533,vesicle
8534,vesicle
8535,vesicle
8536,vesicle
8537,vesicle
8538,vesicle
8539,vesicle
8540,vesicle
8541,vesicle
8542,vesicle
8543,vesicle
8544,vesicle
8545,vesicle
8546,vesicle
8547,vesicle
8548,vesicle
8549,vesicle
8550,vesicle
8551,vesicle
8552,vesicle
8553,vesicle
8554,vesicle
8555,vesicle
8556,vesicle
8557,vesicle
8558,vesicle
8559,vesicle
8560,vesicle
8561,vesicle
8562,vesicle
8563,vesicle
8564,vesicle
8565,vesicle
8566,vesicle
8567,vesicle
8568,vesicle
8569,vesicle
8570,vesicle
8571,vesicle
8572,vesicle
8573,vesicle
8574,vesicle
8575,vesicle
8576,vesicle
8577,vesicle
8578,vesicle
8579,vesicle
8580,vesicle
8581,vesicle
8582,vesicle
8583,vesicle
8584,vesicle
8585,vesicle
8586,vesicle
8587,vesicle
8588,vesicle
8589,vesicle
8590,vesicle
8591,vesicle
8592,vesicle
8593,vesicle
8594,vesicle
8595,vesicle
8596,vesicle
8597,vesicle
8598,vesicle
8599,vesicle
8600,vesicle
8601,vesicle
8602,vesicle
8603,vesicle
8604,vesicle
8605,vesicle
8606,vesicle
8607,vesicle
8608,vesicle
8609,vesicle
8610,vesicle
8611,vesicle
8612,vesicle
8613,vesicle
8614,vesicle
8615,vesicle
8616,vesicle
8617,vesicle
8618,vesicle
8619,vesicle
8620,vesicle
8621,vesicle
8622,vesicle
8623,vesicle
8624,vesicle
8625,vesicle
8626,vesicle
8627,vesicle
8628,vesicle
8629,vesicle
8630,vesicle
8631,vesicle
8632,vesicle
8633,vesicle
8634,vesicle
8635,vesicle
8636,vesicle
8637,vesicle
8638,vesicle
8639,vesicle
8640,vesicle
8641,vesicle
8642,vesicle
8643,vesicle
8644,vesicle
8645,vesicle
8646,vesicle
8647,vesicle
8648,vesicle
8649,vesicle
8650,vesicle
8651,vesicle
8652,vesicle
8653,vesicle
8654,vesicle
8655,vesicle
8656,vesicle
8657,vesicle
8658,fiber
8659,fiber
8660,vesicle
8661,vesicle
8662,vesicle
8663,vesicle
8664,vesicle
8665,vesicle
8666,vesicle
8667,vesicle
8668,vesicle
8669,vesicle
8670,vesicle
8671,fiber
8672,vesicle
8673,vesicle
8674,vesicle
8675,vesicle
8676,vesicle
8677,vesicle
8678,vesicle
8679,vesicle
8680,vesicle
8681,vesicle
8682,vesicle
8683,vesicle
8684,vesicle
8685,vesicle
8686,vesicle
8687,fiber
8688,vesicle
8689,vesicle
8690,vesicle
8691,vesicle
8692,vesicle
8693,vesicle
8694,vesicle
8695,vesicle
8696,vesicle
8697,vesicle
8698,vesicle
8699,vesicle
8700,vesicle
8701,vesicle
8702,vesicle
8703,vesicle
8704,vesicle
8705,vesicle
8706,vesicle
8707,vesicle
8708,vesicle
8709,vesicle
8710,vesicle
8711,vesicle
8712,vesicle
8713,vesicle
8714,vesicle
8715,vesicle
8716,vesicle
8717,vesicle
8718,vesicle
8719,vesicle
8720,vesicle
8721,vesicle
8722,vesicle
8723,vesicle
8724,vesicle
8725,vesicle
8726,vesicle
8727,vesicle
8728,vesicle
8729,vesicle
8730,vesicle
8731,vesicle
8732,vesicle
8733,vesicle
8734,vesicle
8735,vesicle
8736,vesicle
8737,vesicle
8738,vesicle
8739,vesicle
8740,vesicle
8741,vesicle
8742,vesicle
8743,vesicle
8744,vesicle
8745,vesicle
8746,vesicle
8747,vesicle
8748,vesicle
8749,vesicle
8750,vesicle
8751,vesicle
8752,vesicle
8753,vesicle
8754,vesicle
8755,vesicle
8756,vesicle
8757,vesicle
8758,vesicle
8759,vesicle
8760,vesicle
8761,vesicle
8762,vesicle
8763,vesicle
8764,vesicle
8765,vesicle
8766,vesicle
8767,vesicle
8768,vesicle
8769,vesicle
8770,vesicle
8771,vesicle
8772,vesicle
8773,vesicle
8774,vesicle
8775,vesicle
8776,vesicle
8777,vesicle
8778,vesicle
8779,vesicle
8780,vesicle
8781,vesicle
8782,vesicle
8783,vesicle
8784,vesicle
8785,vesicle
8786,vesicle
8787,vesicle
8788,vesicle
8789,vesicle
8790,vesicle
8791,vesicle
8792,vesicle
8793,vesicle
8794,vesicle
8795,vesicle
8796,vesicle
8797,vesicle
8798,vesicle
8799,vesicle
8800,vesicle
8801,vesicle
8802,vesicle
8803,vesicle
8804,vesicle
8805,vesicle
8806,vesicle
8807,vesicle
8808,vesicle
8809,vesicle
8810,vesicle
8811,vesicle
8812,vesicle
8813,vesicle
8814,vesicle
8815,vesicle
8816,vesicle
8817,vesicle
8818,vesicle
8819,vesicle
8820,vesicle
8821,vesicle
8822,vesicle
8823,vesicle
8824,vesicle
8825,vesicle
8826,vesicle
8827,vesicle
8828,vesicle
8829,vesicle
8830,vesicle
8831,vesicle
8832,vesicle
8833,vesicle
8834,vesicle
8835,vesicle
8836,vesicle
8837,vesicle
8838,vesicle
8839,vesicle
8840,vesicle
8841,vesicle
8842,vesicle
8843,vesicle
8844,vesicle
8845,vesicle
8846,vesicle
8847,vesicle
8848,vesicle
8849,vesicle
8850,vesicle
8851,vesicle
8852,vesicle
8853,vesicle
8854,vesicle
8855,vesicle
8856,vesicle
8857,vesicle
8858,vesicle
8859,vesicle
8860,vesicle
8861,vesicle
8862,vesicle
8863,vesicle
8864,vesicle
8865,vesicle
8866,vesicle
8867,vesicle
8868,vesicle
8869,vesicle
8870,vesicle
8871,vesicle
8872,vesicle
8873,vesicle
8874,vesicle
8875,vesicle
8876,vesicle
8877,vesicle
8878,vesicle
8879,vesicle
8880,vesicle
8881,vesicle
8882,vesicle
8883,vesicle
8884,vesicle
8885,vesicle
8886,vesicle
8887,vesicle
8888,vesicle
8889,vesicle
8890,vesicle
8891,vesicle
8892,vesicle
8893,vesicle
8894,vesicle
8895,vesicle
8896,vesicle
8897,vesicle
8898,vesicle
8899,vesicle
8900,vesicle
8901,vesicle
8902,vesicle
8903,vesicle
8904,vesicle
8905,vesicle
8906,vesicle
8907,vesicle
8908,vesicle
8909,vesicle
8910,vesicle
8911,vesicle
8912,vesicle
8913,vesicle
8914,vesicle
8915,vesicle
8916,vesicle
8917,vesicle
8918,vesicle
8919,vesicle
8920,vesicle
8921,vesicle
8922,vesicle
8923,vesicle
8924,vesicle
8925,vesicle
8926,vesicle
8927,vesicle
8928,vesicle
8929,vesicle
8930,vesicle
8931,vesicle
8932,vesicle
8933,vesicle
8934,vesicle
8935,vesicle
8936,vesicle
8937,vesicle
8938,vesicle
8939,vesicle
8940,vesicle
8941,vesicle
8942,vesicle
8943,vesicle
8944,vesicle
8945,vesicle
8946,vesicle
8947,vesicle
8948,vesicle
8949,vesicle
8950,vesicle
8951,vesicle
8952,vesicle
8953,vesicle
8954,vesicle
8955,vesicle
8956,vesicle
8957,vesicle
8958,vesicle
8959,vesicle
8960,vesicle
8961,vesicle
8962,vesicle
8963,vesicle
8964,vesicle
8965,vesicle
8966,vesicle
8967,vesicle
8968,vesicle
8969,vesicle
8970,vesicle
8971,vesicle
8972,vesicle
8973,vesicle
8974,vesicle
8975,vesicle
8976,vesicle
8977,vesicle
8978,vesicle
8979,vesicle
8980,vesicle
8981,vesicle
8982,fiber
8983,fiber
8984,vesicle
8985,vesicle
8986,vesicle
8987,vesicle
8988,vesicle
8989,vesicle
8990,vesicle
8991,vesicle
8992,vesicle
8993,vesicle
8994,vesicle
8995,vesicle
8996,vesicle
8997,vesicle
8998,vesicle
8999,fiber
9000,fiber
9001,sheet
9002,sheet
9003,fiber
9004,fiber
9005,sheet
9006,fiber
9007,fiber
9008,sheet
9009,fiber
9010,fiber
9011,sheet
9012,sheet
9013,fiber
9014,fiber
9015,fiber
9016,fiber
9017,fiber
9018,sheet
9019,sheet
9020,fiber
9021,sheet
9022,fiber
9023,sheet
9024,sheet
9025,sheet
9026,sheet
9027,sheet
9028,sheet
9029,sheet
9030,sheet
9031,sheet
9032,sheet
9033,sheet
9034,sheet
9035,sheet
9036,sheet
9037,sheet
9038,sheet
9039,sheet
9040,sheet
9041,sheet
9042,sheet
9043,sheet
9044,sheet
9045,sheet
9046,sheet
9047,sheet
9048,sheet
9049,sheet
9050,sheet
9051,sheet
9052,sheet
9053,sheet
9054,sheet
9055,sheet
9056,sheet
9057,sheet
9058,sheet
9059,sheet
9060,sheet
9061,fiber
9062,sheet
9063,sheet
9064,sheet
9065,sheet
9066,fiber
9067,sheet
9068,sheet
9069,sheet
9070,sheet
9071,sheet
9072,sheet
9073,sheet
9074,sheet
9075,fiber
9076,sheet
9077,fiber
9078,fiber
9079,fiber
9080,sheet
9081,sheet
9082,sheet
9083,fiber
9084,sheet
9085,sheet
9086,fiber
9087,sheet
9088,sheet
9089,sheet
9090,sheet
9091,sheet
9092,sheet
9093,fiber
9094,sheet
9095,fiber
9096,fiber
9097,sheet
9098,fiber
9099,sheet
9100,sheet
9101,fiber
9102,sheet
9103,fiber
9104,fiber
9105,fiber
9106,sheet
9107,fiber
9108,sheet
9109,sheet
9110,sheet
9111,sheet
9112,fiber
9113,fiber
9114,sheet
9115,sheet
9116,sheet
9117,fiber
9118,fiber
9119,fiber
9120,fiber
9121,fiber
9122,sheet
9123,sheet
9124,fiber
9125,sheet
9126,sheet
9127,sheet
9128,sheet
9129,sheet
9130,sheet
9131,sheet
9132,sheet
9133,sheet
9134,sheet
9135,sheet
9136,sheet
9137,sheet
9138,sheet
9139,sheet
9140,sheet
9141,sheet
9142,sheet
9143,sheet
9144,sheet
9145,fiber
9146,sheet
9147,sheet
9148,sheet
9149,sheet
9150,sheet
9151,sheet
9152,sheet
9153,sheet
9154,sheet
9155,sheet
9156,sheet
9157,sheet
9158,sheet
9159,fiber
9160,sheet
9161,sheet
9162,sheet
9163,sheet
9164,sheet
9165,sheet
9166,sheet
9167,sheet
9168,sheet
9169,fiber
9170,sheet
9171,sheet
9172,sheet
9173,sheet
9174,sheet
9175,sheet
9176,sheet
9177,sheet
9178,fiber
9179,fiber
9180,fiber
9181,fiber
9182,fiber
9183,fiber
9184,sheet
9185,fiber
9186,sheet
9187,fiber
9188,fiber
9189,fiber
9190,fiber
9191,fiber
9192,sheet
9193,sheet
9194,sheet
9195,fiber
9196,fiber
9197,sheet
9198,fiber
9199,sheet
9200,sheet
9201,sheet
9202,fiber
9203,sheet
9204,sheet
9205,sheet
9206,sheet
9207,sheet
9208,sheet
9209,tube
9210,sheet
9211,fiber
9212,fiber
9213,fiber
9214,fiber
9215,sheet
9216,fiber
9217,sheet
9218,fiber
9219,sheet
9220,sheet
9221,sheet
9222,sheet
9223,sheet
9224,fiber
9225,sheet
9226,sheet
9227,sheet
9228,fiber
9229,sheet
9230,sheet
9231,sheet
9232,sheet
9233,sheet
9234,tube
9235,sheet
9236,sheet
9237,sheet
9238,sheet
9239,sheet
9240,sheet
9241,sheet
9242,sheet
9243,sheet
9244,sheet
9245,sheet
9246,sheet
9247,sheet
9248,sheet
9249,sheet
9250,sheet
9251,sheet
9252,sheet
9253,sheet
9254,sheet
9255,sheet
9256,sheet
9257,sheet
9258,fiber
9259,sheet
9260,fiber
9261,fiber
9262,sheet
9263,sheet
9264,sheet
9265,sheet
9266,sheet
9267,sheet
9268,sheet
9269,sheet
9270,sheet
9271,fiber
9272,fiber
9273,sheet
9274,fiber
9275,sheet
9276,sheet
9277,sheet
9278,sheet
9279,sheet
9280,fiber
9281,sheet
9282,fiber
9283,fiber
9284,fiber
9285,sheet
9286,fiber
9287,sheet
9288,sheet
9289,sheet
9290,sheet
9291,fiber
9292,sheet
9293,fiber
9294,sheet
9295,sheet
9296,fiber
9297,sheet
9298,sheet
9299,fiber
9300,sheet
9301,fiber
9302,fiber
9303,sheet
9304,sheet
9305,fiber
9306,sheet
9307,sheet
9308,sheet
9309,sheet
9310,sheet
9311,fiber
9312,fiber
9313,sheet
9314,sheet
9315,sheet
9316,fiber
9317,sheet
9318,sheet
9319,sheet
9320,sheet
9321,sheet
9322,sheet
9323,sheet
9324,sheet
9325,sheet
9326,sheet
9327,sheet
9328,sheet
9329,sheet
9330,sheet
9331,sheet
9332,sheet
9333,sheet
9334,sheet
9335,sheet
9336,sheet
9337,sheet
9338,sheet
9339,sheet
9340,sheet
9341,sheet
9342,sheet
9343,sheet
9344,sheet
9345,sheet
9346,sheet
9347,sheet
9348,sheet
9349,sheet
9350,sheet
9351,sheet
9352,sheet
9353,sheet
9354,sheet
9355,sheet
9356,sheet
9357,sheet
9358,sheet
9359,sheet
9360,sheet
9361,sheet
9362,sheet
9363,sheet
9364,sheet
9365,sheet
9366,sheet
9367,sheet
9368,sheet
9369,sheet
9370,sheet
9371,sheet
9372,sheet
9373,sheet
9374,sheet
9375,sheet
9376,sheet
9377,sheet
9378,sheet
9379,sheet
9380,sheet
9381,sheet
9382,sheet
9383,sheet
9384,sheet
9385,sheet
9386,sheet
9387,sheet
9388,sheet
9389,sheet
9390,sheet
9391,sheet
9392,sheet
9393,sheet
9394,sheet
9395,sheet
9396,sheet
9397,sheet
9398,sheet
9399,sheet
9400,sheet
9401,sheet
9402,sheet
9403,sheet
9404,sheet
9405,sheet
9406,sheet
9407,sheet
9408,sheet
9409,sheet
9410,sheet
9411,sheet
9412,sheet
9413,sheet
9414,sheet
9415,sheet
9416,sheet
9417,sheet
9418,sheet
9419,sheet
9420,sheet
9421,sheet
9422,sheet
9423,sheet
9424,sheet
9425,sheet
9426,sheet
9427,sheet
9428,sheet
9429,sheet
9430,sheet
9431,sheet
9432,sheet
9433,sheet
9434,sheet
9435,sheet
9436,sheet
9437,sheet
9438,sheet
9439,sheet
9440,sheet
9441,sheet
9442,sheet
9443,sheet
9444,sheet
9445,sheet
9446,sheet
9447,sheet
9448,sheet
9449,sheet
9450,sheet
9451,sheet
9452,sheet
9453,sheet
9454,sheet
9455,sheet
9456,sheet
9457,sheet
9458,sheet
9459,sheet
9460,sheet
9461,sheet
9462,sheet
9463,sheet
9464,sheet
9465,sheet
9466,sheet
9467,sheet
9468,sheet
9469,sheet
9470,sheet
9471,sheet
9472,sheet
9473,sheet
9474,sheet
9475,sheet
9476,sheet
9477,sheet
9478,sheet
9479,sheet
9480,sheet
9481,sheet
9482,sheet
9483,sheet
9484,sheet
9485,sheet
9486,sheet
9487,sheet
9488,sheet
9489,sheet
9490,sheet
9491,sheet
9492,sheet
9493,sheet
9494,sheet
9495,sheet
9496,sheet
9497,sheet
9498,sheet
9499,sheet
9500,sheet
9501,sheet
9502,sheet
9503,sheet
9504,sheet
9505,sheet
9506,sheet
9507,sheet
9508,sheet
9509,sheet
9510,sheet
9511,sheet
9512,sheet
9513,sheet
9514,sheet
9515,sheet
9516,sheet
9517,sheet
9518,sheet
9519,sheet
9520,sheet
9521,sheet
9522,sheet
9523,sheet
9524,sheet
9525,sheet
9526,sheet
9527,sheet
9528,sheet
9529,sheet
9530,sheet
9531,sheet
9532,sheet
9533,sheet
9534,sheet
9535,sheet
9536,sheet
9537,sheet
9538,sheet
9539,sheet
9540,sheet
9541,sheet
9542,sheet
9543,sheet
9544,sheet
9545,sheet
9546,sheet
9547,sheet
9548,sheet
9549,sheet
9550,sheet
9551,sheet
9552,sheet
9553,sheet
9554,sheet
9555,sheet
9556,sheet
9557,sheet
9558,sheet
9559,sheet
9560,sheet
9561,sheet
9562,sheet
9563,sheet
9564,sheet
9565,sheet
9566,sheet
9567,sheet
9568,sheet
9569,sheet
9570,sheet
9571,sheet
9572,sheet
9573,sheet
9574,sheet
9575,sheet
9576,sheet
9577,sheet
9578,sheet
9579,sheet
9580,sheet
9581,sheet
9582,sheet
9583,sheet
9584,sheet
9585,sheet
9586,sheet
9587,sheet
9588,sheet
9589,sheet
9590,sheet
9591,sheet
9592,sheet
9593,sheet
9594,sheet
9595,sheet
9596,sheet
9597,sheet
9598,sheet
9599,sheet
9600,sheet
9601,sheet
9602,sheet
9603,sheet
9604,sheet
9605,sheet
9606,sheet
9607,sheet
9608,sheet
9609,sheet
9610,sheet
9611,sheet
9612,sheet
9613,sheet
9614,sheet
9615,sheet
9616,sheet
9617,sheet
9618,sheet
9619,sheet
9620,sheet
9621,sheet
9622,sheet
9623,sheet
9624,sheet
9625,sheet
9626,sheet
9627,sheet
9628,sheet
9629,sheet
9630,sheet
9631,sheet
9632,sheet
9633,sheet
9634,sheet
9635,sheet
9636,sheet
9637,sheet
9638,sheet
9639,sheet
9640,sheet
9641,sheet
9642,sheet
9643,sheet
9644,sheet
9645,sheet
9646,sheet
9647,sheet
9648,sheet
9649,sheet
9650,sheet
9651,sheet
9652,sheet
9653,sheet
9654,sheet
9655,sheet
9656,sheet
9657,sheet
9658,sheet
9659,sheet
9660,sheet
9661,sheet
9662,sheet
9663,sheet
9664,sheet
9665,sheet
9666,sheet
9667,sheet
9668,sheet
9669,sheet
9670,sheet
9671,sheet
9672,sheet
9673,sheet
9674,sheet
9675,sheet
9676,sheet
9677,sheet
9678,sheet
9679,sheet
9680,sheet
9681,sheet
9682,sheet
9683,sheet
9684,sheet
9685,sheet
9686,sheet
9687,sheet
9688,sheet
9689,sheet
9690,sheet
9691,sheet
9692,sheet
9693,sheet
9694,sheet
9695,sheet
9696,sheet
9697,sheet
9698,sheet
9699,sheet
9700,sheet
9701,sheet
9702,sheet
9703,sheet
9704,sheet
9705,sheet
9706,sheet
9707,sheet
9708,sheet
9709,sheet
9710,sheet
9711,sheet
9712,sheet
9713,sheet
9714,sheet
9715,sheet
9716,sheet
9717,sheet
9718,sheet
9719,sheet
9720,sheet
9721,sheet
9722,sheet
9723,sheet
9724,sheet
9725,sheet
9726,sheet
9727,sheet
9728,sheet
9729,sheet
9730,sheet
9731,sheet
9732,sheet
9733,sheet
9734,sheet
9735,sheet
9736,sheet
9737,sheet
9738,sheet
9739,sheet
9740,sheet
9741,sheet
9742,sheet
9743,sheet
9744,sheet
9745,sheet
9746,sheet
9747,sheet
9748,sheet
9749,sheet
9750,sheet
9751,sheet
9752,sheet
9753,sheet
9754,sheet
9755,sheet
9756,sheet
9757,sheet
9758,sheet
9759,sheet
9760,sheet
9761,sheet
9762,sheet
9763,sheet
9764,sheet
9765,sheet
9766,sheet
9767,sheet
9768,sheet
9769,sheet
9770,sheet
9771,sheet
9772,sheet
9773,sheet
9774,sheet
9775,sheet
9776,sheet
9777,sheet
9778,sheet
9779,sheet
9780,sheet
9781,sheet
9782,sheet
9783,sheet
9784,sheet
9785,sheet
9786,sheet
9787,sheet
9788,sheet
9789,sheet
9790,sheet
9791,sheet
9792,sheet
9793,sheet
9794,sheet
9795,sheet
9796,sheet
9797,sheet
9798,sheet
9799,sheet
9800,sheet
9801,sheet
9802,sheet
9803,sheet
9804,sheet
9805,sheet
9806,sheet
9807,sheet
9808,sheet
9809,sheet
9810,sheet
9811,sheet
9812,sheet
9813,sheet
9814,sheet
9815,sheet
9816,sheet
9817,sheet
9818,sheet
9819,sheet
9820,sheet
9821,sheet
9822,sheet
9823,sheet
9824,sheet
9825,sheet
9826,sheet
9827,sheet
9828,sheet
9829,sheet
9830,sheet
9831,sheet
9832,sheet
9833,sheet
9834,sheet
9835,sheet
9836,sheet
9837,sheet
9838,sheet
9839,sheet
9840,sheet
9841,sheet
9842,sheet
9843,sheet
9844,sheet
9845,sheet
9846,sheet
9847,sheet
9848,sheet
9849,sheet
9850,sheet
9851,sheet
9852,sheet
9853,sheet
9854,sheet
9855,sheet
9856,sheet
9857,sheet
9858,sheet
9859,sheet
9860,sheet
9861,sheet
9862,sheet
9863,sheet
9864,sheet
9865,sheet
9866,sheet
9867,sheet
9868,sheet
9869,sheet
9870,sheet
9871,sheet
9872,sheet
9873,sheet
9874,sheet
9875,sheet
9876,sheet
9877,sheet
9878,sheet
9879,sheet
9880,sheet
9881,sheet
9882,sheet
9883,sheet
9884,sheet
9885,sheet
9886,sheet
9887,sheet
9888,sheet
9889,sheet
9890,sheet
9891,sheet
9892,sheet
9893,sheet
9894,sheet
9895,sheet
9896,sheet
9897,sheet
9898,sheet
9899,sheet
9900,sheet
9901,sheet
9902,sheet
9903,sheet
9904,sheet
9905,sheet
9906,sheet
9907,sheet
9908,sheet
9909,sheet
9910,sheet
9911,sheet
9912,sheet
9913,sheet
9914,sheet
9915,sheet
9916,sheet
9917,sheet
9918,sheet
9919,sheet
9920,sheet
9921,sheet
9922,sheet
9923,sheet
9924,sheet
9925,sheet
9926,sheet
9927,sheet
9928,sheet
9929,sheet
9930,sheet
9931,sheet
9932,sheet
9933,sheet
9934,sheet
9935,sheet
9936,sheet
9937,sheet
9938,sheet
9939,sheet
9940,sheet
9941,sheet
9942,sheet
9943,sheet
9944,sheet
9945,sheet
9946,sheet
9947,sheet
9948,sheet
9949,sheet
9950,sheet
9951,sheet
9952,sheet
9953,sheet
9954,sheet
9955,sheet
9956,sheet
9957,sheet
9958,sheet
9959,sheet
9960,sheet
9961,sheet
9962,sheet
9963,sheet
9964,sheet
9965,sheet
9966,sheet
9967,sheet
9968,sheet
9969,sheet
9970,sheet
9971,sheet
9972,sheet
9973,sheet
9974,sheet
9975,sheet
9976,sheet
9977,sheet
9978,sheet
9979,sheet
9980,sheet
9981,sheet
9982,sheet
9983,sheet
9984,sheet
9985,sheet
9986,sheet
9987,sheet
9988,sheet
9989,sheet
9990,sheet
9991,sheet
9992,sheet
9993,sheet
9994,sheet
9995,sheet
9996,sheet
9997,sheet
9998,sheet
9999,sheet
10000,sheet
10001,sheet
10002,sheet
10003,sheet
10004,sheet
10005,sheet
10006,sheet
10007,sheet
10008,sheet
10009,sheet
10010,sheet
10011,sheet
10012,sheet
10013,sheet
10014,sheet
10015,sheet
10016,sheet
10017,sheet
10018,sheet
10019,sheet
10020,sheet
10021,sheet
10022,sheet
10023,sheet
10024,sheet
10025,sheet
10026,sheet
10027,sheet
10028,sheet
10029,sheet
10030,sheet
10031,sheet
10032,sheet
10033,sheet
10034,sheet
10035,sheet
10036,sheet
10037,sheet
10038,sheet
10039,sheet
10040,sheet
10041,sheet
10042,sheet
10043,sheet
10044,sheet
10045,sheet
10046,sheet
10047,sheet
10048,sheet
10049,sheet
10050,sheet
10051,sheet
10052,sheet
10053,sheet
10054,sheet
10055,sheet
10056,sheet
10057,sheet
10058,sheet
10059,sheet
10060,sheet
10061,sheet
10062,sheet
10063,sheet
10064,sheet
10065,sheet
10066,sheet
10067,sheet
10068,sheet
10069,sheet
10070,sheet
10071,sheet
10072,sheet
10073,sheet
10074,sheet
10075,sheet
10076,sheet
10077,sheet
10078,sheet
10079,sheet
10080,sheet
10081,sheet
10082,sheet
10083,sheet
10084,sheet
10085,sheet
10086,sheet
10087,sheet
10088,sheet
10089,sheet
10090,sheet
10091,sheet
10092,sheet
10093,sheet
10094,sheet
10095,sheet
10096,sheet
10097,sheet
10098,sheet
10099,sheet
10100,sheet
10101,sheet
10102,sheet
10103,sheet
10104,sheet
10105,sheet
10106,sheet
10107,sheet
10108,fiber
10109,sheet
10110,sheet
10111,sheet
10112,sheet
10113,sheet
10114,sheet
10115,sheet
10116,sheet
10117,sheet
10118,sheet
10119,sheet
10120,sheet
10121,sheet
10122,sheet
10123,sheet
10124,sheet
10125,sheet
10126,sheet
10127,sheet
10128,sheet
10129,sheet
10130,sheet
10131,sheet
10132,sheet
10133,sheet
10134,sheet
10135,sheet
10136,sheet
10137,sheet
10138,sheet
10139,sheet
10140,sheet
10141,sheet
10142,sheet
10143,sheet
10144,sheet
10145,sheet
10146,sheet
10147,sheet
10148,sheet
10149,sheet
10150,sheet
10151,sheet
10152,sheet
10153,sheet
10154,sheet
10155,sheet
10156,sheet
10157,sheet
10158,sheet
10159,sheet
10160,sheet
10161,tube
10162,sheet
10163,sheet
10164,sheet
10165,sheet
10166,sheet
10167,sheet
10168,sheet
10169,sheet
10170,sheet
10171,sheet
10172,sheet
10173,sheet
10174,sheet
10175,sheet
10176,sheet
10177,sheet
10178,sheet
10179,sheet
10180,sheet
10181,sheet
10182,sheet
10183,sheet
10184,sheet
10185,sheet
10186,sheet
10187,sheet
10188,sheet
10189,sheet
10190,sheet
10191,sheet
10192,sheet
10193,sheet
10194,sheet
10195,sheet
10196,sheet
10197,sheet
10198,sheet
10199,sheet
10200,sheet
10201,sheet
10202,sheet
10203,sheet
10204,sheet
10205,sheet
10206,sheet
10207,sheet
10208,sheet
10209,sheet
10210,sheet
10211,sheet
10212,sheet
10213,sheet
10214,sheet
10215,sheet
10216,sheet
10217,sheet
10218,sheet
10219,sheet
10220,sheet
10221,sheet
10222,sheet
10223,sheet
10224,sheet
10225,sheet
10226,sheet
10227,sheet
10228,sheet
10229,sheet
10230,sheet
10231,sheet
10232,sheet
10233,sheet
10234,sheet
10235,sheet
10236,sheet
10237,sheet
10238,sheet
10239,sheet
10240,sheet
10241,sheet
10242,sheet
10243,sheet
10244,sheet
10245,sheet
10246,sheet
10247,sheet
10248,sheet
10249,sheet
10250,sheet
10251,sheet
10252,sheet
10253,sheet
10254,sheet
10255,sheet
10256,sheet
10257,sheet
10258,sheet
10259,sheet
10260,sheet
10261,sheet
10262,sheet
10263,sheet
10264,sheet
10265,sheet
10266,sheet
10267,sheet
10268,sheet
10269,sheet
10270,sheet
10271,sheet
10272,sheet
10273,sheet
10274,sheet
10275,sheet
10276,sheet
10277,sheet
10278,sheet
10279,sheet
10280,sheet
10281,sheet
10282,sheet
10283,sheet
10284,sheet
10285,sheet
10286,sheet
10287,sheet
10288,sheet
10289,sheet
10290,sheet
10291,sheet
10292,sheet
10293,sheet
10294,sheet
10295,sheet
10296,tube
10297,tube
10298,tube
10299,sheet
10300,tube
10301,sheet
10302,sheet
10303,sheet
10304,sheet
10305,sheet
10306,sheet
10307,sheet
10308,sheet
10309,sheet
10310,sheet
10311,sheet
10312,sheet
10313,sheet
10314,sheet
10315,sheet
10316,sheet
10317,sheet
10318,sheet
10319,sheet
10320,sheet
10321,sheet
10322,sheet
10323,sheet
10324,sheet
10325,sheet
10326,sheet
10327,sheet
10328,sheet
10329,sheet
10330,sheet
10331,sheet
10332,sheet
10333,sheet
10334,sheet
10335,sheet
10336,sheet
10337,sheet
10338,sheet
10339,sheet
10340,sheet
10341,sheet
10342,sheet
10343,sheet
10344,sheet
10345,sheet
10346,sheet
10347,sheet
10348,sheet
10349,sheet
10350,sheet
10351,sheet
10352,sheet
10353,sheet
10354,sheet
10355,sheet
10356,sheet
10357,sheet
10358,sheet
10359,sheet
10360,sheet
10361,sheet
10362,sheet
10363,sheet
10364,sheet
10365,sheet
10366,sheet
10367,sheet
10368,sheet
10369,sheet
10370,sheet
10371,sheet
10372,sheet
10373,sheet
10374,sheet
10375,sheet
10376,sheet
10377,sheet
10378,sheet
10379,sheet
10380,sheet
10381,sheet
10382,sheet
10383,sheet
10384,sheet
10385,sheet
10386,sheet
10387,sheet
10388,sheet
10389,sheet
10390,sheet
10391,sheet
10392,sheet
10393,sheet
10394,sheet
10395,sheet
10396,sheet
10397,sheet
10398,sheet
10399,sheet
10400,sheet
10401,sheet
10402,sheet
10403,sheet
10404,sheet
10405,sheet
10406,sheet
10407,sheet
10408,sheet
10409,sheet
10410,sheet
10411,sheet
10412,sheet
10413,sheet
10414,sheet
10415,sheet
10416,sheet
10417,sheet
10418,sheet
10419,sheet
10420,sheet
10421,sheet
10422,sheet
10423,sheet
10424,sheet
10425,sheet
10426,sheet
10427,sheet
10428,sheet
10429,sheet
10430,sheet
10431,sheet
10432,sheet
10433,sheet
10434,sheet
10435,sheet
10436,sheet
10437,sheet
10438,sheet
10439,sheet
10440,sheet
10441,sheet
10442,sheet
10443,sheet
10444,sheet
10445,sheet
10446,sheet
10447,sheet
10448,sheet
10449,sheet
10450,sheet
10451,sheet
10452,sheet
10453,sheet
10454,sheet
10455,sheet
10456,sheet
10457,sheet
10458,sheet
10459,sheet
10460,sheet
10461,sheet
10462,sheet
10463,sheet
10464,sheet
10465,sheet
10466,sheet
10467,sheet
10468,sheet
10469,sheet
10470,sheet
10471,sheet
10472,sheet
10473,sheet
10474,sheet
10475,sheet
10476,sheet
10477,sheet
10478,sheet
10479,sheet
10480,sheet
10481,sheet
10482,sheet
10483,sheet
10484,sheet
10485,sheet
10486,sheet
10487,sheet
10488,sheet
10489,sheet
10490,sheet
10491,sheet
10492,sheet
10493,sheet
10494,sheet
10495,sheet
10496,sheet
10497,sheet
10498,sheet
10499,sheet
10500,sheet
10501,sheet
10502,sheet
10503,sheet
10504,sheet
10505,sheet
10506,sheet
10507,sheet
10508,sheet
10509,sheet
10510,sheet
10511,sheet
10512,sheet
10513,sheet
10514,sheet
10515,sheet
10516,sheet
10517,sheet
10518,sheet
10519,sheet
10520,sheet
10521,sheet
10522,sheet
10523,sheet
10524,sheet
10525,sheet
10526,sheet
10527,sheet
10528,sheet
10529,sheet
10530,sheet
10531,sheet
10532,sheet
10533,sheet
10534,sheet
10535,sheet
10536,sheet
10537,sheet
10538,sheet
10539,sheet
10540,sheet
10541,sheet
10542,sheet
10543,sheet
10544,sheet
10545,sheet
10546,sheet
10547,sheet
10548,sheet
10549,sheet
10550,sheet
10551,sheet
10552,sheet
10553,sheet
10554,sheet
10555,sheet
10556,sheet
10557,sheet
10558,sheet
10559,sheet
10560,sheet
10561,sheet
10562,sheet
10563,sheet
10564,sheet
10565,sheet
10566,sheet
10567,sheet
10568,sheet
10569,sheet
10570,sheet
10571,sheet
10572,sheet
10573,sheet
10574,sheet
10575,sheet
10576,sheet
10577,sheet
10578,sheet
10579,sheet
10580,sheet
10581,sheet
10582,sheet
10583,sheet
10584,sheet
10585,sheet
10586,sheet
10587,sheet
10588,sheet
10589,sheet
10590,sheet
10591,sheet
10592,sheet
10593,sheet
10594,sheet
10595,sheet
10596,sheet
10597,sheet
10598,sheet
10599,sheet
10600,sheet
10601,sheet
10602,sheet
10603,sheet
10604,sheet
10605,sheet
10606,sheet
10607,sheet
10608,sheet
10609,sheet
10610,sheet
10611,sheet
10612,sheet
10613,sheet
10614,sheet
10615,sheet
10616,sheet
10617,sheet
10618,sheet
10619,sheet
10620,sheet
10621,sheet
10622,sheet
10623,sheet
10624,sheet
10625,sheet
10626,sheet
10627,sheet
10628,sheet
10629,sheet
10630,sheet
10631,sheet
10632,sheet
10633,sheet
10634,sheet
10635,sheet
10636,sheet
10637,sheet
10638,sheet
10639,sheet
10640,sheet
10641,sheet
10642,sheet
10643,sheet
10644,sheet
10645,sheet
10646,sheet
10647,sheet
10648,sheet
10649,sheet
10650,sheet
10651,sheet
10652,sheet
10653,sheet
10654,sheet
10655,sheet
10656,sheet
10657,sheet
10658,sheet
10659,sheet
10660,sheet
10661,sheet
10662,sheet
10663,sheet
10664,sheet
10665,sheet
10666,sheet
10667,sheet
10668,sheet
10669,sheet
10670,sheet
10671,sheet
10672,sheet
10673,sheet
10674,sheet
10675,sheet
10676,sheet
10677,sheet
10678,sheet
10679,sheet
10680,sheet
10681,sheet
10682,sheet
10683,sheet
10684,sheet
10685,sheet
10686,sheet
10687,sheet
10688,sheet
10689,sheet
10690,sheet
10691,sheet
10692,sheet
10693,sheet
10694,sheet
10695,sheet
10696,sheet
10697,sheet
10698,sheet
10699,sheet
10700,sheet
10701,sheet
10702,sheet
10703,sheet
10704,sheet
10705,sheet
10706,sheet
10707,sheet
10708,sheet
10709,sheet
10710,sheet
10711,sheet
10712,sheet
10713,sheet
10714,sheet
10715,sheet
10716,sheet
10717,sheet
10718,sheet
10719,sheet
10720,sheet
10721,sheet
10722,sheet
10723,sheet
10724,sheet
10725,sheet
10726,sheet
10727,sheet
10728,sheet
10729,sheet
10730,sheet
10731,sheet
10732,sheet
10733,sheet
10734,sheet
10735,sheet
10736,sheet
10737,sheet
10738,sheet
10739,sheet
10740,sheet
10741,sheet
10742,sheet
10743,sheet
10744,sheet
10745,sheet
10746,sheet
10747,sheet
10748,sheet
10749,sheet
10750,sheet
10751,sheet
10752,sheet
10753,sheet
10754,sheet
10755,sheet
10756,sheet
10757,sheet
10758,sheet
10759,sheet
10760,sheet
10761,sheet
10762,sheet
10763,sheet
10764,sheet
10765,sheet
10766,sheet
10767,sheet
10768,sheet
10769,sheet
10770,sheet
10771,sheet
10772,sheet
10773,sheet
10774,sheet
10775,sheet
10776,sheet
10777,sheet
10778,sheet
10779,sheet
10780,sheet
10781,sheet
10782,sheet
10783,sheet
10784,sheet
10785,sheet
10786,sheet
10787,sheet
10788,sheet
10789,sheet
10790,sheet
10791,sheet
10792,sheet
10793,sheet
10794,sheet
10795,sheet
10796,sheet
10797,sheet
10798,sheet
10799,sheet
10800,sheet
10801,sheet
10802,sheet
10803,sheet
10804,sheet
10805,sheet
10806,sheet
10807,sheet
10808,sheet
10809,sheet
10810,sheet
10811,sheet
10812,sheet
10813,sheet
10814,sheet
10815,sheet
10816,sheet
10817,sheet
10818,sheet
10819,sheet
10820,sheet
10821,sheet
10822,sheet
10823,sheet
10824,sheet
10825,sheet
10826,sheet
10827,sheet
10828,sheet
10829,sheet
10830,sheet
10831,sheet
10832,sheet
10833,sheet
10834,sheet
10835,sheet
10836,sheet
10837,sheet
10838,vesicle
10839,vesicle
10840,vesicle
10841,sheet
10842,sheet
10843,sheet
10844,sheet
10845,sheet
10846,sheet
10847,sheet
10848,sheet
10849,sheet
10850,sheet
10851,sheet
10852,sheet
10853,sheet
10854,sheet
10855,sheet
10856,sheet
10857,sheet
10858,sheet
10859,sheet
10860,sheet
10861,sheet
10862,sheet
10863,sheet
10864,sheet
10865,sheet
10866,sheet
10867,sheet
10868,sheet
10869,sheet
10870,sheet
10871,sheet
10872,sheet
10873,sheet
10874,sheet
10875,sheet
10876,sheet
10877,sheet
10878,vesicle
10879,vesicle
10880,sheet
10881,sheet
10882,vesicle
10883,vesicle
10884,vesicle
10885,vesicle
10886,vesicle
10887,vesicle
10888,vesicle
10889,vesicle
10890,vesicle
10891,vesicle
10892,vesicle
10893,vesicle
10894,vesicle
10895,vesicle
10896,vesicle
10897,vesicle
10898,vesicle
10899,vesicle
10900,vesicle
10901,vesicle
10902,vesicle
10903,vesicle
10904,vesicle
10905,vesicle
10906,vesicle
10907,vesicle
10908,vesicle
10909,vesicle
10910,vesicle
10911,vesicle
10912,vesicle
10913,vesicle
10914,vesicle
10915,vesicle
10916,vesicle
10917,vesicle
10918,vesicle
10919,vesicle
10920,vesicle
10921,vesicle
10922,vesicle
10923,vesicle
10924,vesicle
10925,vesicle
10926,vesicle
10927,vesicle
10928,vesicle
10929,vesicle
10930,vesicle
10931,vesicle
10932,vesicle
10933,vesicle
10934,vesicle
10935,vesicle
10936,vesicle
10937,vesicle
10938,vesicle
10939,vesicle
10940,vesicle
10941,vesicle
10942,vesicle
10943,vesicle
10944,vesicle
10945,vesicle
10946,vesicle
10947,vesicle
10948,vesicle
10949,vesicle
10950,vesicle
10951,vesicle
10952,vesicle
10953,vesicle
10954,vesicle
10955,vesicle
10956,vesicle
10957,vesicle
10958,vesicle
10959,vesicle
10960,vesicle
10961,vesicle
10962,vesicle
10963,vesicle
10964,vesicle
10965,vesicle
10966,vesicle
10967,vesicle
10968,vesicle
10969,vesicle
10970,vesicle
10971,vesicle
10972,vesicle
10973,vesicle
10974,vesicle
10975,vesicle
10976,vesicle
10977,vesicle
10978,vesicle
10979,vesicle
10980,vesicle
10981,vesicle
10982,vesicle
10983,vesicle
10984,vesicle
10985,vesicle
10986,vesicle
10987,vesicle
10988,vesicle
10989,vesicle
10990,vesicle
10991,vesicle
10992,vesicle
10993,vesicle
10994,vesicle
10995,vesicle
10996,vesicle
10997,vesicle
10998,vesicle
10999,vesicle
11000,vesicle
11001,vesicle
11002,vesicle
11003,vesicle
11004,vesicle
11005,vesicle
11006,vesicle
11007,vesicle
11008,vesicle
11009,vesicle
11010,vesicle
11011,vesicle
11012,vesicle
11013,vesicle
11014,vesicle
11015,vesicle
11016,vesicle
11017,vesicle
11018,vesicle
11019,vesicle
11020,vesicle
11021,vesicle
11022,vesicle
11023,vesicle
11024,vesicle
11025,vesicle
11026,vesicle
11027,vesicle
11028,vesicle
11029,vesicle
11030,vesicle
11031,vesicle
11032,vesicle
11033,vesicle
11034,vesicle
11035,vesicle
11036,vesicle
11037,vesicle
11038,vesicle
11039,vesicle
11040,vesicle
11041,vesicle
11042,vesicle
11043,vesicle
11044,vesicle
11045,vesicle
11046,vesicle
11047,vesicle
11048,vesicle
11049,vesicle
11050,vesicle
11051,vesicle
11052,vesicle
11053,vesicle
11054,vesicle
11055,vesicle
11056,vesicle
11057,vesicle
11058,vesicle
11059,vesicle
11060,vesicle
11061,vesicle
11062,vesicle
11063,vesicle
11064,vesicle
11065,vesicle
11066,vesicle
11067,vesicle
11068,vesicle
11069,vesicle
11070,vesicle
11071,vesicle
11072,vesicle
11073,vesicle
11074,vesicle
11075,vesicle
11076,vesicle
11077,vesicle
11078,vesicle
11079,vesicle
11080,vesicle
11081,vesicle
11082,vesicle
11083,vesicle
11084,vesicle
11085,vesicle
11086,vesicle
11087,vesicle
11088,vesicle
11089,vesicle
11090,vesicle
11091,vesicle
11092,vesicle
11093,vesicle
11094,vesicle
11095,vesicle
11096,vesicle
11097,vesicle
11098,vesicle
11099,vesicle
11100,vesicle
11101,vesicle
11102,vesicle
11103,vesicle
11104,vesicle
11105,vesicle
11106,vesicle
11107,vesicle
11108,vesicle
11109,vesicle
11110,vesicle
11111,vesicle
11112,vesicle
11113,vesicle
11114,vesicle
11115,vesicle
11116,vesicle
11117,vesicle
11118,vesicle
11119,vesicle
11120,vesicle
11121,vesicle
11122,vesicle
11123,vesicle
11124,vesicle
11125,vesicle
11126,vesicle
11127,vesicle
11128,vesicle
11129,vesicle
11130,vesicle
11131,vesicle
11132,vesicle
11133,vesicle
11134,vesicle
11135,vesicle
11136,vesicle
11137,vesicle
11138,vesicle
11139,vesicle
11140,vesicle
11141,vesicle
11142,vesicle
11143,vesicle
11144,vesicle
11145,vesicle
11146,vesicle
11147,vesicle
11148,vesicle
11149,vesicle
11150,vesicle
11151,vesicle
11152,vesicle
11153,vesicle
11154,vesicle
11155,vesicle
11156,vesicle
11157,vesicle
11158,vesicle
11159,vesicle
11160,vesicle
11161,vesicle
11162,vesicle
11163,vesicle
11164,vesicle
11165,vesicle
11166,vesicle
11167,vesicle
11168,vesicle
11169,vesicle
11170,vesicle
11171,vesicle
11172,vesicle
11173,vesicle
11174,vesicle
11175,vesicle
11176,vesicle
11177,vesicle
11178,vesicle
11179,vesicle
11180,vesicle
11181,vesicle
11182,vesicle
11183,vesicle
11184,vesicle
11185,vesicle
11186,vesicle
11187,vesicle
11188,vesicle
11189,vesicle
11190,vesicle
11191,vesicle
11192,vesicle
11193,vesicle
11194,vesicle
11195,vesicle
11196,vesicle
11197,vesicle
11198,vesicle
11199,vesicle
11200,vesicle
11201,vesicle
11202,vesicle
11203,vesicle
11204,vesicle
11205,vesicle
11206,vesicle
11207,vesicle
11208,vesicle
11209,vesicle
11210,vesicle
11211,vesicle
11212,vesicle
11213,vesicle
11214,vesicle
11215,vesicle
11216,vesicle
11217,vesicle
11218,vesicle
11219,vesicle
11220,vesicle
11221,vesicle
11222,vesicle
11223,vesicle
11224,vesicle
11225,vesicle
11226,vesicle
11227,vesicle
11228,vesicle
11229,vesicle
11230,vesicle
11231,vesicle
11232,vesicle
11233,vesicle
11234,vesicle
11235,vesicle
11236,vesicle
11237,vesicle
11238,vesicle
11239,vesicle
11240,vesicle
11241,vesicle
11242,vesicle
11243,vesicle
11244,vesicle
11245,vesicle
11246,vesicle
11247,vesicle
11248,vesicle
11249,vesicle
11250,vesicle
11251,vesicle
11252,vesicle
11253,vesicle
11254,vesicle
11255,vesicle
11256,vesicle
11257,vesicle
11258,vesicle
11259,vesicle
11260,vesicle
11261,vesicle
11262,vesicle
11263,vesicle
11264,vesicle
11265,vesicle
11266,vesicle
11267,vesicle
11268,vesicle
11269,vesicle
11270,vesicle
11271,vesicle
11272,vesicle
11273,vesicle
11274,vesicle
11275,vesicle
11276,vesicle
11277,vesicle
11278,vesicle
11279,vesicle
11280,vesicle
11281,vesicle
11282,vesicle
11283,vesicle
11284,vesicle
11285,vesicle
11286,vesicle
11287,vesicle
11288,vesicle
11289,vesicle
11290,vesicle
11291,vesicle
11292,vesicle
11293,vesicle
11294,vesicle
11295,vesicle
11296,vesicle
11297,vesicle
11298,vesicle
11299,vesicle
11300,vesicle
11301,vesicle
11302,vesicle
11303,vesicle
11304,vesicle
11305,vesicle
11306,vesicle
11307,vesicle
11308,vesicle
11309,vesicle
11310,vesicle
11311,vesicle
11312,vesicle
11313,vesicle
11314,vesicle
11315,vesicle
11316,vesicle
11317,vesicle
11318,vesicle
11319,vesicle
11320,vesicle
11321,vesicle
11322,vesicle
11323,vesicle
11324,vesicle
11325,vesicle
11326,vesicle
11327,vesicle
11328,vesicle
11329,vesicle
11330,vesicle
11331,vesicle
11332,vesicle
11333,vesicle
11334,vesicle
11335,vesicle
11336,vesicle
11337,vesicle
11338,vesicle
11339,vesicle
11340,vesicle
11341,vesicle
11342,vesicle
11343,vesicle
11344,vesicle
11345,vesicle
11346,vesicle
11347,vesicle
11348,vesicle
11349,vesicle
11350,vesicle
11351,vesicle
11352,vesicle
11353,vesicle
11354,vesicle
11355,vesicle
11356,vesicle
11357,vesicle
11358,vesicle
11359,vesicle
11360,vesicle
11361,vesicle
11362,vesicle
11363,vesicle
11364,vesicle
11365,vesicle
11366,vesicle
11367,vesicle
11368,vesicle
11369,vesicle
11370,vesicle
11371,vesicle
11372,vesicle
11373,vesicle
11374,vesicle
11375,vesicle
11376,vesicle
11377,vesicle
11378,vesicle
11379,vesicle
11380,vesicle
11381,vesicle
11382,vesicle
11383,vesicle
11384,vesicle
11385,vesicle
11386,vesicle
11387,vesicle
11388,vesicle
11389,vesicle
11390,vesicle
11391,vesicle
11392,vesicle
11393,vesicle
11394,vesicle
11395,vesicle
11396,vesicle
11397,vesicle
11398,vesicle
11399,vesicle
11400,vesicle
11401,vesicle
11402,vesicle
11403,vesicle
11404,vesicle
11405,vesicle
11406,vesicle
11407,vesicle
11408,vesicle
11409,vesicle
11410,vesicle
11411,vesicle
11412,vesicle
11413,vesicle
11414,vesicle
11415,vesicle
11416,vesicle
11417,vesicle
11418,vesicle
11419,vesicle
11420,vesicle
11421,vesicle
11422,vesicle
11423,vesicle
11424,vesicle
11425,vesicle
11426,vesicle
11427,vesicle
11428,vesicle
11429,vesicle
11430,vesicle
11431,vesicle
11432,vesicle
11433,vesicle
11434,vesicle
11435,vesicle
11436,vesicle
11437,vesicle
11438,vesicle
11439,vesicle
11440,vesicle
11441,vesicle
11442,vesicle
11443,vesicle
11444,vesicle
11445,vesicle
11446,vesicle
11447,vesicle
11448,vesicle
11449,vesicle
11450,vesicle
11451,vesicle
11452,vesicle
11453,vesicle
11454,vesicle
11455,vesicle
11456,vesicle
11457,vesicle
11458,vesicle
11459,vesicle
11460,vesicle
11461,vesicle
11462,vesicle
11463,vesicle
11464,vesicle
11465,vesicle
11466,vesicle
11467,vesicle
11468,vesicle
11469,vesicle
11470,vesicle
11471,vesicle
11472,vesicle
11473,vesicle
11474,vesicle
11475,vesicle
11476,vesicle
11477,vesicle
11478,vesicle
11479,vesicle
11480,vesicle
11481,vesicle
11482,vesicle
11483,vesicle
11484,vesicle
11485,vesicle
11486,vesicle
11487,vesicle
11488,vesicle
11489,vesicle
11490,vesicle
11491,vesicle
11492,vesicle
11493,vesicle
11494,vesicle
11495,vesicle
11496,vesicle
11497,vesicle
11498,vesicle
11499,vesicle
11500,vesicle
11501,vesicle
11502,vesicle
11503,vesicle
11504,vesicle
11505,vesicle
11506,vesicle
11507,vesicle
11508,vesicle
11509,vesicle
11510,vesicle
11511,vesicle
11512,vesicle
11513,vesicle
11514,vesicle
11515,vesicle
11516,vesicle
11517,vesicle
11518,vesicle
11519,vesicle
11520,vesicle
11521,vesicle
11522,vesicle
11523,vesicle
11524,vesicle
11525,vesicle
11526,vesicle
11527,vesicle
11528,vesicle
11529,vesicle
11530,vesicle
11531,vesicle
11532,vesicle
11533,vesicle
11534,vesicle
11535,vesicle
11536,vesicle
11537,vesicle
11538,vesicle
11539,vesicle
11540,vesicle
11541,vesicle
11542,vesicle
11543,vesicle
11544,vesicle
11545,vesicle
11546,vesicle
11547,vesicle
11548,vesicle
11549,vesicle
11550,vesicle
11551,vesicle
11552,vesicle
11553,vesicle
11554,vesicle
11555,vesicle
11556,vesicle
11557,vesicle
11558,vesicle
11559,vesicle
11560,vesicle
11561,vesicle
11562,vesicle
11563,vesicle
11564,vesicle
11565,vesicle
11566,vesicle
11567,vesicle
11568,vesicle
11569,vesicle
11570,vesicle
11571,vesicle
11572,vesicle
11573,vesicle
11574,vesicle
11575,vesicle
11576,vesicle
11577,vesicle
11578,vesicle
11579,vesicle
11580,vesicle
11581,vesicle
11582,vesicle
11583,vesicle
11584,vesicle
11585,vesicle
11586,vesicle
11587,vesicle
11588,vesicle
11589,vesicle
11590,vesicle
11591,vesicle
11592,vesicle
11593,vesicle
11594,vesicle
11595,vesicle
11596,vesicle
11597,vesicle
11598,vesicle
11599,vesicle
11600,vesicle
11601,vesicle
11602,vesicle
11603,vesicle
11604,vesicle
11605,vesicle
11606,vesicle
11607,vesicle
11608,vesicle
11609,vesicle
11610,vesicle
11611,vesicle
11612,vesicle
11613,vesicle
11614,vesicle
11615,vesicle
11616,vesicle
11617,vesicle
11618,vesicle
11619,vesicle
11620,vesicle
11621,vesicle
11622,vesicle
11623,vesicle
11624,vesicle
11625,vesicle
11626,vesicle
11627,vesicle
11628,vesicle
11629,vesicle
11630,vesicle
11631,vesicle
11632,vesicle
11633,vesicle
11634,vesicle
11635,vesicle
11636,vesicle
11637,vesicle
11638,vesicle
11639,vesicle
11640,vesicle
11641,vesicle
11642,vesicle
11643,vesicle
11644,vesicle
11645,vesicle
11646,vesicle
11647,vesicle
11648,vesicle
11649,vesicle
11650,vesicle
11651,vesicle
11652,vesicle
11653,vesicle
11654,vesicle
11655,vesicle
11656,vesicle
11657,vesicle
11658,vesicle
11659,vesicle
11660,vesicle
11661,vesicle
11662,vesicle
11663,vesicle
11664,vesicle
11665,vesicle
11666,vesicle
11667,vesicle
11668,vesicle
11669,vesicle
11670,vesicle
11671,vesicle
11672,vesicle
11673,vesicle
11674,vesicle
11675,vesicle
11676,vesicle
11677,vesicle
11678,vesicle
11679,vesicle
11680,vesicle
11681,vesicle
11682,vesicle
11683,vesicle
11684,vesicle
11685,vesicle
11686,vesicle
11687,vesicle
11688,vesicle
11689,vesicle
11690,vesicle
11691,vesicle
11692,vesicle
11693,vesicle
11694,vesicle
11695,vesicle
11696,vesicle
11697,vesicle
11698,vesicle
11699,vesicle
11700,vesicle
11701,vesicle
11702,vesicle
11703,vesicle
11704,vesicle
11705,vesicle
11706,vesicle
11707,vesicle
11708,vesicle
11709,vesicle
11710,vesicle
11711,vesicle
11712,vesicle
11713,vesicle
11714,vesicle
11715,vesicle
11716,vesicle
11717,vesicle
11718,vesicle
11719,vesicle
11720,vesicle
11721,vesicle
11722,vesicle
11723,vesicle
11724,vesicle
11725,vesicle
11726,vesicle
11727,vesicle
11728,vesicle
11729,vesicle
11730,vesicle
11731,vesicle
11732,vesicle
11733,vesicle
11734,vesicle
11735,vesicle
11736,vesicle
11737,vesicle
11738,vesicle
11739,vesicle
11740,vesicle
11741,vesicle
11742,vesicle
11743,vesicle
11744,vesicle
11745,vesicle
11746,vesicle
11747,vesicle
11748,vesicle
11749,vesicle
11750,vesicle
11751,vesicle
11752,vesicle
11753,vesicle
11754,vesicle
11755,vesicle
11756,vesicle
11757,vesicle
11758,vesicle
11759,vesicle
11760,vesicle
11761,vesicle
11762,vesicle
11763,vesicle
11764,vesicle
11765,vesicle
11766,vesicle
11767,vesicle
11768,vesicle
11769,vesicle
11770,vesicle
11771,vesicle
11772,vesicle
11773,vesicle
11774,vesicle
11775,vesicle
11776,vesicle
11777,vesicle
11778,vesicle
11779,vesicle
11780,vesicle
11781,vesicle
11782,vesicle
11783,vesicle
11784,vesicle
11785,vesicle
11786,vesicle
11787,vesicle
11788,vesicle
11789,vesicle
11790,vesicle
11791,vesicle
11792,vesicle
11793,vesicle
11794,vesicle
11795,vesicle
11796,vesicle
11797,vesicle
11798,vesicle
11799,vesicle
11800,vesicle
11801,vesicle
11802,vesicle
11803,vesicle
11804,vesicle
11805,vesicle
11806,vesicle
11807,vesicle
11808,vesicle
11809,vesicle
11810,vesicle
11811,vesicle
11812,vesicle
11813,vesicle
11814,vesicle
11815,vesicle
11816,vesicle
11817,vesicle
11818,vesicle
11819,vesicle
11820,vesicle
11821,vesicle
11822,vesicle
11823,vesicle
11824,vesicle
11825,vesicle
11826,vesicle
11827,vesicle
11828,vesicle
11829,vesicle
11830,vesicle
11831,vesicle
11832,vesicle
11833,vesicle
11834,vesicle
11835,vesicle
11836,vesicle
11837,vesicle
11838,vesicle
11839,vesicle
11840,vesicle
11841,vesicle
11842,vesicle
11843,vesicle
11844,vesicle
11845,vesicle
11846,vesicle
11847,vesicle
11848,vesicle
11849,vesicle
11850,vesicle
11851,vesicle
11852,vesicle
11853,vesicle
11854,vesicle
11855,vesicle
11856,vesicle
11857,vesicle
11858,vesicle
11859,vesicle
11860,vesicle
11861,vesicle
11862,vesicle
11863,vesicle
11864,vesicle
11865,vesicle
11866,vesicle
11867,vesicle
11868,vesicle
11869,vesicle
11870,vesicle
11871,vesicle
11872,vesicle
11873,vesicle
11874,vesicle
11875,vesicle
11876,vesicle
11877,vesicle
11878,vesicle
11879,vesicle
11880,vesicle
11881,vesicle
11882,vesicle
11883,vesicle
11884,vesicle
11885,vesicle
11886,vesicle
11887,vesicle
11888,vesicle
11889,vesicle
11890,vesicle
11891,vesicle
11892,vesicle
11893,vesicle
11894,vesicle
11895,vesicle
11896,vesicle
11897,vesicle
11898,vesicle
11899,vesicle
11900,vesicle
11901,vesicle
11902,vesicle
11903,vesicle
11904,vesicle
11905,vesicle
11906,vesicle
11907,vesicle
11908,vesicle
11909,vesicle
11910,vesicle
11911,vesicle
11912,vesicle
11913,vesicle
11914,vesicle
11915,vesicle
11916,vesicle
11917,vesicle
11918,vesicle
11919,vesicle
11920,vesicle
11921,vesicle
11922,vesicle
11923,vesicle
11924,vesicle
11925,vesicle
11926,vesicle
11927,vesicle
11928,vesicle
11929,vesicle
11930,vesicle
11931,vesicle
11932,vesicle
11933,vesicle
11934,vesicle
11935,vesicle
11936,vesicle
11937,vesicle
11938,vesicle
11939,vesicle
11940,vesicle
11941,vesicle
11942,vesicle
11943,vesicle
11944,vesicle
11945,vesicle
11946,vesicle
11947,vesicle
11948,vesicle
11949,vesicle
11950,vesicle
11951,vesicle
11952,vesicle
11953,vesicle
11954,vesicle
11955,vesicle
11956,vesicle
11957,vesicle
11958,vesicle
11959,vesicle
11960,vesicle
11961,vesicle
11962,vesicle
11963,vesicle
11964,vesicle
11965,vesicle
11966,vesicle
11967,vesicle
11968,vesicle
11969,vesicle
11970,vesicle
11971,vesicle
11972,vesicle
11973,vesicle
11974,vesicle
11975,vesicle
11976,vesicle
11977,vesicle
11978,vesicle
11979,vesicle
11980,vesicle
11981,vesicle
11982,vesicle
11983,vesicle
11984,vesicle
11985,vesicle
11986,vesicle
11987,vesicle
11988,vesicle
11989,vesicle
11990,vesicle
11991,vesicle
11992,vesicle
11993,vesicle
11994,vesicle
11995,vesicle
11996,vesicle
11997,vesicle
11998,vesicle
11999,vesicle
12000,vesicle
