Frame,dominant_state
0,vesicle
1,vesicle
2,vesicle
3,vesicle
4,vesicle
5,vesicle
6,vesicle
7,vesicle
8,vesicle
9,vesicle
10,vesicle
11,vesicle
12,vesicle
13,vesicle
14,vesicle
15,vesicle
16,vesicle
17,vesicle
18,vesicle
19,vesicle
20,vesicle
21,vesicle
22,vesicle
23,vesicle
24,vesicle
25,vesicle
26,vesicle
27,vesicle
28,vesicle
29,vesicle
30,vesicle
31,vesicle
32,vesicle
33,vesicle
34,vesicle
35,vesicle
36,vesicle
37,vesicle
38,vesicle
39,vesicle
40,vesicle
41,vesicle
42,vesicle
43,vesicle
44,vesicle
45,vesicle
46,vesicle
47,vesicle
48,vesicle
49,vesicle
50,vesicle
51,vesicle
52,vesicle
53,vesicle
54,vesicle
55,vesicle
56,vesicle
57,vesicle
58,vesicle
59,vesicle
60,vesicle
61,vesicle
62,vesicle
63,vesicle
64,vesicle
65,vesicle
66,vesicle
67,vesicle
68,vesicle
69,vesicle
70,vesicle
71,vesicle
72,vesicle
73,vesicle
74,vesicle
75,vesicle
76,vesicle
77,vesicle
78,vesicle
79,vesicle
80,vesicle
81,vesicle
82,vesicle
83,vesicle
84,vesicle
85,vesicle
86,vesicle
87,vesicle
88,vesicle
89,vesicle
90,vesicle
91,vesicle
92,vesicle
93,vesicle
94,vesicle
95,vesicle
96,vesicle
97,vesicle
98,vesicle
99,vesicle
100,vesicle
101,vesicle
102,vesicle
103,vesicle
104,vesicle
105,vesicle
106,vesicle
107,vesicle
108,vesicle
109,vesicle
110,vesicle
111,vesicle
112,vesicle
113,vesicle
114,vesicle
115,vesicle
116,vesicle
117,vesicle
118,vesicle
119,vesicle
120,vesicle
121,vesicle
122,vesicle
123,vesicle
124,vesicle
125,vesicle
126,vesicle
127,vesicle
128,vesicle
129,vesicle
130,vesicle
131,vesicle
132,vesicle
133,vesicle
134,vesicle
135,vesicle
136,vesicle
137,vesicle
138,vesicle
139,vesicle
140,vesicle
141,vesicle
142,vesicle
143,vesicle
144,vesicle
145,vesicle
146,vesicle
147,vesicle
148,fiber
149,fiber
150,vesicle
151,vesicle
152,vesicle
153,vesicle
154,vesicle
155,vesicle
156,vesicle
157,vesicle
158,vesicle
159,vesicle
160,vesicle
161,vesicle
162,fiber
163,vesicle
164,vesicle
165,vesicle
166,vesicle
167,vesicle
168,vesicle
169,vesicle
170,vesicle
171,vesicle
172,vesicle
173,vesicle
174,vesicle
175,vesicle
176,vesicle
177,vesicle
178,vesicle
179,vesicle
180,vesicle
181,fiber
182,fiber
183,fiber
184,vesicle
185,fiber
186,vesicle
187,fiber
188,vesicle
189,vesicle
190,fiber
191,vesicle
192,vesicle
193,fiber
194,vesicle
195,vesicle
196,vesicle
197,vesicle
198,vesicle
199,vesicle
200,vesicle
201,vesicle
202,fiber
203,fiber
204,vesicle
205,fiber
206,fiber
207,vesicle
208,vesicle
209,vesicle
210,vesicle
211,fiber
212,fiber
213,vesicle
214,fiber
215,vesicle
216,vesicle
217,vesicle
218,fiber
219,vesicle
220,fiber
221,vesicle
222,vesicle
223,vesicle
224,vesicle
225,vesicle
226,vesicle
227,vesicle
228,vesicle
229,fiber
230,fiber
231,fiber
232,vesicle
233,fiber
234,fiber
235,vesicle
236,vesicle
237,fiber
238,vesicle
239,fiber
240,fiber
241,vesicle
242,vesicle
243,vesicle
244,vesicle
245,fiber
246,vesicle
247,vesicle
248,vesicle
249,vesicle
250,vesicle
251,fiber
252,fiber
253,fiber
254,vesicle
255,fiber
256,vesicle
257,vesicle
258,vesicle
259,vesicle
260,fiber
261,vesicle
262,vesicle
263,fiber
264,vesicle
265,vesicle
266,vesicle
267,vesicle
268,vesicle
269,vesicle
270,vesicle
271,vesicle
272,vesicle
273,vesicle
274,vesicle
275,vesicle
276,vesicle
277,vesicle
278,fiber
279,vesicle
280,vesicle
281,vesicle
282,vesicle
283,vesicle
284,vesicle
285,vesicle
286,vesicle
287,vesicle
288,vesicle
289,vesicle
290,vesicle
291,vesicle
292,vesicle
293,vesicle
294,vesicle
295,vesicle
296,vesicle
297,vesicle
298,vesicle
299,vesicle
300,vesicle
301,vesicle
302,vesicle
303,vesicle
304,vesicle
305,vesicle
306,vesicle
307,vesicle
308,vesicle
309,vesicle
310,vesicle
311,vesicle
312,vesicle
313,vesicle
314,vesicle
315,vesicle
316,vesicle
317,vesicle
318,vesicle
319,vesicle
320,vesicle
321,vesicle
322,vesicle
323,vesicle
324,vesicle
325,vesicle
326,vesicle
327,vesicle
328,vesicle
329,fiber
330,vesicle
331,vesicle
332,vesicle
333,vesicle
334,vesicle
335,vesicle
336,vesicle
337,vesicle
338,vesicle
339,vesicle
340,vesicle
341,vesicle
342,vesicle
343,vesicle
344,vesicle
345,vesicle
346,vesicle
347,vesicle
348,vesicle
349,vesicle
350,fiber
351,fiber
352,fiber
353,fiber
354,vesicle
355,vesicle
356,vesicle
357,vesicle
358,vesicle
359,vesicle
360,vesicle
361,fiber
362,vesicle
363,vesicle
364,fiber
365,fiber
366,vesicle
367,vesicle
368,vesicle
369,fiber
370,vesicle
371,vesicle
372,vesicle
373,fiber
374,vesicle
375,tube
376,vesicle
377,vesicle
378,vesicle
379,vesicle
380,vesicle
381,vesicle
382,vesicle
383,vesicle
384,vesicle
385,fiber
386,vesicle
387,fiber
388,fiber
389,fiber
390,vesicle
391,fiber
392,fiber
393,vesicle
394,vesicle
395,vesicle
396,fiber
397,fiber
398,vesicle
399,vesicle
400,vesicle
401,vesicle
402,vesicle
403,fiber
404,fiber
405,vesicle
406,vesicle
407,vesicle
408,vesicle
409,vesicle
410,vesicle
411,fiber
412,vesicle
413,fiber
414,vesicle
415,vesicle
416,fiber
417,fiber
418,fiber
419,vesicle
420,tube
421,vesicle
422,vesicle
423,vesicle
424,vesicle
425,vesicle
426,vesicle
427,vesicle
428,vesicle
429,vesicle
430,vesicle
431,vesicle
432,vesicle
433,fiber
434,vesicle
435,fiber
436,fiber
437,fiber
438,vesicle
439,fiber
440,vesicle
441,fiber
442,vesicle
443,vesicle
444,vesicle
445,vesicle
446,vesicle
447,vesicle
448,vesicle
449,vesicle
450,vesicle
451,vesicle
452,vesicle
453,vesicle
454,vesicle
455,vesicle
456,fiber
457,vesicle
458,vesicle
459,vesicle
460,vesicle
461,vesicle
462,vesicle
463,vesicle
464,vesicle
465,vesicle
466,vesicle
467,vesicle
468,vesicle
469,vesicle
470,vesicle
471,vesicle
472,vesicle
473,vesicle
474,vesicle
475,vesicle
476,vesicle
477,vesicle
478,vesicle
479,vesicle
480,vesicle
481,vesicle
482,vesicle
483,vesicle
484,vesicle
485,vesicle
486,vesicle
487,vesicle
488,vesicle
489,vesicle
490,vesicle
491,vesicle
492,vesicle
493,vesicle
494,vesicle
495,vesicle
496,vesicle
497,vesicle
498,vesicle
499,vesicle
500,vesicle
501,vesicle
502,vesicle
503,vesicle
504,vesicle
505,fiber
506,fiber
507,fiber
508,fiber
509,fiber
510,fiber
511,vesicle
512,fiber
513,vesicle
514,vesicle
515,vesicle
516,vesicle
517,vesicle
518,vesicle
519,vesicle
520,vesicle
521,vesicle
522,vesicle
523,vesicle
524,vesicle
525,vesicle
526,vesicle
527,vesicle
528,vesicle
529,vesicle
530,vesicle
531,vesicle
532,vesicle
533,vesicle
534,vesicle
535,vesicle
536,vesicle
537,fiber
538,vesicle
539,vesicle
540,vesicle
541,vesicle
542,fiber
543,vesicle
544,fiber
545,vesicle
546,fiber
547,fiber
548,vesicle
549,vesicle
550,vesicle
551,vesicle
552,vesicle
553,vesicle
554,vesicle
555,vesicle
556,vesicle
557,vesicle
558,vesicle
559,vesicle
560,vesicle
561,vesicle
562,vesicle
563,vesicle
564,vesicle
565,vesicle
566,vesicle
567,vesicle
568,vesicle
569,vesicle
570,vesicle
571,vesicle
572,vesicle
573,vesicle
574,vesicle
575,vesicle
576,vesicle
577,vesicle
578,vesicle
579,vesicle
580,vesicle
581,vesicle
582,vesicle
583,vesicle
584,vesicle
585,vesicle
586,vesicle
587,vesicle
588,vesicle
589,vesicle
590,vesicle
591,vesicle
592,vesicle
593,vesicle
594,vesicle
595,vesicle
596,vesicle
597,vesicle
598,vesicle
599,vesicle
600,vesicle
601,vesicle
602,vesicle
603,fiber
604,vesicle
605,vesicle
606,vesicle
607,vesicle
608,vesicle
609,vesicle
610,vesicle
611,vesicle
612,fiber
613,vesicle
614,vesicle
615,fiber
616,vesicle
617,vesicle
618,vesicle
619,vesicle
620,vesicle
621,vesicle
622,vesicle
623,vesicle
624,vesicle
625,vesicle
626,vesicle
627,vesicle
628,vesicle
629,vesicle
630,vesicle
631,vesicle
632,vesicle
633,vesicle
634,vesicle
635,vesicle
636,vesicle
637,vesicle
638,vesicle
639,vesicle
640,vesicle
641,vesicle
642,vesicle
643,vesicle
644,vesicle
645,vesicle
646,vesicle
647,vesicle
648,vesicle
649,vesicle
650,vesicle
651,vesicle
652,vesicle
653,vesicle
654,vesicle
655,vesicle
656,vesicle
657,vesicle
658,vesicle
659,vesicle
660,fiber
661,vesicle
662,vesicle
663,vesicle
664,vesicle
665,vesicle
666,vesicle
667,vesicle
668,vesicle
669,vesicle
670,vesicle
671,vesicle
672,vesicle
673,vesicle
674,vesicle
675,fiber
676,fiber
677,vesicle
678,vesicle
679,vesicle
680,vesicle
681,vesicle
682,vesicle
683,vesicle
684,vesicle
685,vesicle
686,vesicle
687,vesicle
688,vesicle
689,vesicle
690,vesicle
691,vesicle
692,vesicle
693,vesicle
694,vesicle
695,vesicle
696,fiber
697,vesicle
698,vesicle
699,vesicle
700,fiber
701,vesicle
702,fiber
703,vesicle
704,fiber
705,fiber
706,fiber
707,fiber
708,fiber
709,vesicle
710,fiber
711,fiber
712,vesicle
713,vesicle
714,vesicle
715,fiber
716,vesicle
717,vesicle
718,fiber
719,vesicle
720,fiber
721,fiber
722,vesicle
723,fiber
724,fiber
725,fiber
726,vesicle
727,vesicle
728,fiber
729,fiber
730,vesicle
731,vesicle
732,fiber
733,vesicle
734,fiber
735,fiber
736,vesicle
737,fiber
738,vesicle
739,vesicle
740,vesicle
741,vesicle
742,vesicle
743,vesicle
744,vesicle
745,vesicle
746,vesicle
747,vesicle
748,vesicle
749,vesicle
750,vesicle
751,vesicle
752,vesicle
753,vesicle
754,vesicle
755,vesicle
756,vesicle
757,vesicle
758,vesicle
759,vesicle
760,vesicle
761,vesicle
762,vesicle
763,vesicle
764,fiber
765,fiber
766,fiber
767,vesicle
768,vesicle
769,vesicle
770,vesicle
771,vesicle
772,fiber
773,fiber
774,vesicle
775,vesicle
776,vesicle
777,vesicle
778,vesicle
779,vesicle
780,vesicle
781,vesicle
782,vesicle
783,vesicle
784,fiber
785,fiber
786,fiber
787,fiber
788,fiber
789,fiber
790,fiber
791,vesicle
792,vesicle
793,vesicle
794,vesicle
795,vesicle
796,fiber
797,vesicle
798,vesicle
799,vesicle
800,vesicle
801,vesicle
802,fiber
803,fiber
804,vesicle
805,fiber
806,vesicle
807,vesicle
808,fiber
809,vesicle
810,vesicle
811,vesicle
812,vesicle
813,vesicle
814,vesicle
815,vesicle
816,fiber
817,fiber
818,fiber
819,fiber
820,fiber
821,vesicle
822,vesicle
823,vesicle
824,vesicle
825,vesicle
826,fiber
827,vesicle
828,vesicle
829,vesicle
830,vesicle
831,vesicle
832,vesicle
833,fiber
834,vesicle
835,fiber
836,vesicle
837,vesicle
838,vesicle
839,vesicle
840,vesicle
841,vesicle
842,vesicle
843,vesicle
844,vesicle
845,vesicle
846,vesicle
847,vesicle
848,vesicle
849,vesicle
850,vesicle
851,vesicle
852,vesicle
853,vesicle
854,vesicle
855,vesicle
856,vesicle
857,vesicle
858,vesicle
859,vesicle
860,vesicle
861,vesicle
862,vesicle
863,vesicle
864,vesicle
865,fiber
866,fiber
867,vesicle
868,vesicle
869,vesicle
870,vesicle
871,vesicle
872,vesicle
873,fiber
874,vesicle
875,vesicle
876,vesicle
877,vesicle
878,vesicle
879,vesicle
880,vesicle
881,vesicle
882,vesicle
883,vesicle
884,vesicle
885,vesicle
886,vesicle
887,vesicle
888,vesicle
889,vesicle
890,vesicle
891,vesicle
892,vesicle
893,vesicle
894,vesicle
895,vesicle
896,vesicle
897,vesicle
898,vesicle
899,vesicle
900,vesicle
901,vesicle
902,vesicle
903,vesicle
904,vesicle
905,vesicle
906,fiber
907,vesicle
908,vesicle
909,vesicle
910,vesicle
911,vesicle
912,vesicle
913,vesicle
914,fiber
915,vesicle
916,vesicle
917,vesicle
918,vesicle
919,vesicle
920,vesicle
921,vesicle
922,vesicle
923,vesicle
924,vesicle
925,vesicle
926,vesicle
927,vesicle
928,vesicle
929,vesicle
930,vesicle
931,vesicle
932,vesicle
933,vesicle
934,vesicle
935,vesicle
936,vesicle
937,vesicle
938,vesicle
939,vesicle
940,vesicle
941,vesicle
942,vesicle
943,vesicle
944,fiber
945,vesicle
946,vesicle
947,vesicle
948,vesicle
949,vesicle
950,vesicle
951,vesicle
952,vesicle
953,vesicle
954,vesicle
955,vesicle
956,vesicle
957,vesicle
958,vesicle
959,vesicle
960,vesicle
961,vesicle
962,vesicle
963,vesicle
964,vesicle
965,vesicle
966,vesicle
967,vesicle
968,vesicle
969,vesicle
970,vesicle
971,vesicle
972,vesicle
973,vesicle
974,vesicle
975,vesicle
976,vesicle
977,vesicle
978,vesicle
979,vesicle
980,vesicle
981,vesicle
982,vesicle
983,vesicle
984,vesicle
985,vesicle
986,vesicle
987,vesicle
988,vesicle
989,vesicle
990,vesicle
991,vesicle
992,vesicle
993,vesicle
994,vesicle
995,vesicle
996,vesicle
997,vesicle
998,vesicle
999,vesicle
1000,vesicle
1001,vesicle
1002,vesicle
1003,vesicle
1004,vesicle
1005,vesicle
1006,vesicle
1007,vesicle
1008,vesicle
1009,vesicle
1010,vesicle
1011,vesicle
1012,vesicle
1013,vesicle
1014,vesicle
1015,vesicle
1016,vesicle
1017,vesicle
1018,vesicle
1019,vesicle
1020,vesicle
1021,vesicle
1022,vesicle
1023,vesicle
1024,vesicle
1025,vesicle
1026,vesicle
1027,vesicle
1028,vesicle
1029,vesicle
1030,vesicle
1031,vesicle
1032,vesicle
1033,vesicle
1034,vesicle
1035,vesicle
1036,vesicle
1037,vesicle
1038,vesicle
1039,vesicle
1040,vesicle
1041,vesicle
1042,vesicle
1043,vesicle
1044,vesicle
1045,vesicle
1046,vesicle
1047,vesicle
1048,vesicle
1049,vesicle
1050,vesicle
1051,vesicle
1052,vesicle
1053,vesicle
1054,vesicle
1055,vesicle
1056,vesicle
1057,vesicle
1058,vesicle
1059,vesicle
1060,vesicle
1061,vesicle
1062,vesicle
1063,vesicle
1064,vesicle
1065,vesicle
1066,vesicle
1067,vesicle
1068,vesicle
1069,vesicle
1070,vesicle
1071,vesicle
1072,vesicle
1073,vesicle
1074,vesicle
1075,vesicle
1076,vesicle
1077,vesicle
1078,vesicle
1079,vesicle
1080,vesicle
1081,vesicle
1082,vesicle
1083,vesicle
1084,vesicle
1085,vesicle
1086,vesicle
1087,vesicle
1088,vesicle
1089,vesicle
1090,vesicle
1091,vesicle
1092,vesicle
1093,vesicle
1094,vesicle
1095,vesicle
1096,vesicle
1097,vesicle
1098,vesicle
1099,vesicle
1100,vesicle
1101,vesicle
1102,vesicle
1103,vesicle
1104,vesicle
1105,vesicle
1106,vesicle
1107,vesicle
1108,vesicle
1109,vesicle
1110,vesicle
1111,vesicle
1112,vesicle
1113,vesicle
1114,vesicle
1115,vesicle
1116,vesicle
1117,vesicle
1118,vesicle
1119,vesicle
1120,vesicle
1121,vesicle
1122,vesicle
1123,vesicle
1124,vesicle
1125,vesicle
1126,vesicle
1127,vesicle
1128,vesicle
1129,vesicle
1130,vesicle
1131,vesicle
1132,vesicle
1133,vesicle
1134,vesicle
1135,vesicle
1136,vesicle
1137,vesicle
1138,vesicle
1139,vesicle
1140,vesicle
1141,vesicle
1142,vesicle
1143,vesicle
1144,vesicle
1145,vesicle
1146,vesicle
1147,vesicle
1148,vesicle
1149,vesicle
1150,vesicle
1151,vesicle
1152,vesicle
1153,vesicle
1154,vesicle
1155,vesicle
1156,vesicle
1157,vesicle
1158,vesicle
1159,vesicle
1160,vesicle
1161,vesicle
1162,vesicle
1163,vesicle
1164,vesicle
1165,vesicle
1166,vesicle
1167,vesicle
1168,vesicle
1169,vesicle
1170,vesicle
1171,vesicle
1172,vesicle
1173,vesicle
1174,vesicle
1175,vesicle
1176,vesicle
1177,vesicle
1178,vesicle
1179,vesicle
1180,vesicle
1181,vesicle
1182,vesicle
1183,vesicle
1184,vesicle
1185,vesicle
1186,vesicle
1187,vesicle
1188,vesicle
1189,vesicle
1190,vesicle
1191,vesicle
1192,vesicle
1193,vesicle
1194,vesicle
1195,vesicle
1196,vesicle
1197,vesicle
1198,vesicle
1199,vesicle
1200,vesicle
1201,vesicle
1202,vesicle
1203,vesicle
1204,vesicle
1205,vesicle
1206,vesicle
1207,vesicle
1208,vesicle
1209,vesicle
1210,vesicle
1211,vesicle
1212,vesicle
1213,vesicle
1214,vesicle
1215,vesicle
1216,vesicle
1217,vesicle
1218,vesicle
1219,vesicle
1220,vesicle
1221,vesicle
1222,vesicle
1223,vesicle
1224,vesicle
1225,vesicle
1226,vesicle
1227,vesicle
1228,vesicle
1229,vesicle
1230,vesicle
1231,vesicle
1232,vesicle
1233,vesicle
1234,vesicle
1235,vesicle
1236,vesicle
1237,vesicle
1238,vesicle
1239,vesicle
1240,vesicle
1241,vesicle
1242,vesicle
1243,vesicle
1244,vesicle
1245,vesicle
1246,vesicle
1247,vesicle
1248,vesicle
1249,vesicle
1250,vesicle
1251,vesicle
1252,vesicle
1253,vesicle
1254,vesicle
1255,vesicle
1256,vesicle
1257,vesicle
1258,vesicle
1259,vesicle
1260,vesicle
1261,vesicle
1262,vesicle
1263,vesicle
1264,vesicle
1265,vesicle
1266,vesicle
1267,vesicle
1268,vesicle
1269,vesicle
1270,vesicle
1271,vesicle
1272,vesicle
1273,vesicle
1274,vesicle
1275,vesicle
1276,vesicle
1277,vesicle
1278,vesicle
1279,vesicle
1280,vesicle
1281,vesicle
1282,vesicle
1283,vesicle
1284,vesicle
1285,vesicle
1286,vesicle
1287,vesicle
1288,vesicle
1289,vesicle
1290,vesicle
1291,vesicle
1292,vesicle
1293,vesicle
1294,vesicle
1295,vesicle
1296,vesicle
1297,vesicle
1298,vesicle
1299,vesicle
1300,vesicle
1301,vesicle
1302,vesicle
1303,vesicle
1304,vesicle
1305,vesicle
1306,vesicle
1307,vesicle
1308,vesicle
1309,vesicle
1310,vesicle
1311,vesicle
1312,vesicle
1313,vesicle
1314,vesicle
1315,vesicle
1316,vesicle
1317,vesicle
1318,vesicle
1319,vesicle
1320,vesicle
1321,vesicle
1322,vesicle
1323,vesicle
1324,vesicle
1325,vesicle
1326,vesicle
1327,vesicle
1328,vesicle
1329,vesicle
1330,vesicle
1331,vesicle
1332,vesicle
1333,vesicle
1334,fiber
1335,vesicle
1336,vesicle
1337,vesicle
1338,vesicle
1339,vesicle
1340,vesicle
1341,vesicle
1342,vesicle
1343,vesicle
1344,vesicle
1345,vesicle
1346,vesicle
1347,vesicle
1348,vesicle
1349,vesicle
1350,vesicle
1351,vesicle
1352,vesicle
1353,vesicle
1354,vesicle
1355,vesicle
1356,vesicle
1357,vesicle
1358,vesicle
1359,vesicle
1360,vesicle
1361,vesicle
1362,vesicle
1363,vesicle
1364,vesicle
1365,vesicle
1366,vesicle
1367,vesicle
1368,vesicle
1369,vesicle
1370,vesicle
1371,fiber
1372,vesicle
1373,vesicle
1374,vesicle
1375,vesicle
1376,vesicle
1377,vesicle
1378,vesicle
1379,vesicle
1380,vesicle
1381,vesicle
1382,vesicle
1383,vesicle
1384,vesicle
1385,vesicle
1386,vesicle
1387,vesicle
1388,vesicle
1389,vesicle
1390,vesicle
1391,vesicle
1392,vesicle
1393,vesicle
1394,vesicle
1395,vesicle
1396,vesicle
1397,vesicle
1398,vesicle
1399,vesicle
1400,vesicle
1401,vesicle
1402,vesicle
1403,vesicle
1404,vesicle
1405,vesicle
1406,vesicle
1407,vesicle
1408,vesicle
1409,vesicle
1410,vesicle
1411,vesicle
1412,vesicle
1413,vesicle
1414,fiber
1415,vesicle
1416,vesicle
1417,vesicle
1418,vesicle
1419,vesicle
1420,vesicle
1421,vesicle
1422,vesicle
1423,vesicle
1424,fiber
1425,vesicle
1426,vesicle
1427,vesicle
1428,fiber
1429,vesicle
1430,vesicle
1431,vesicle
1432,vesicle
1433,vesicle
1434,vesicle
1435,vesicle
1436,fiber
1437,fiber
1438,fiber
1439,fiber
1440,vesicle
1441,vesicle
1442,vesicle
1443,vesicle
1444,vesicle
1445,vesicle
1446,vesicle
1447,vesicle
1448,fiber
1449,fiber
1450,vesicle
1451,vesicle
1452,vesicle
1453,vesicle
1454,fiber
1455,vesicle
1456,vesicle
1457,vesicle
1458,vesicle
1459,vesicle
1460,vesicle
1461,fiber
1462,fiber
1463,vesicle
1464,fiber
1465,fiber
1466,fiber
1467,vesicle
1468,vesicle
1469,fiber
1470,vesicle
1471,vesicle
1472,vesicle
1473,vesicle
1474,vesicle
1475,vesicle
1476,fiber
1477,vesicle
1478,fiber
1479,vesicle
1480,vesicle
1481,fiber
1482,vesicle
1483,vesicle
1484,vesicle
1485,vesicle
1486,vesicle
1487,vesicle
1488,vesicle
1489,vesicle
1490,vesicle
1491,vesicle
1492,vesicle
1493,vesicle
1494,vesicle
1495,vesicle
1496,vesicle
1497,vesicle
1498,vesicle
1499,vesicle
1500,vesicle
1501,vesicle
1502,vesicle
1503,fiber
1504,vesicle
1505,vesicle
1506,vesicle
1507,vesicle
1508,fiber
1509,vesicle
1510,vesicle
1511,vesicle
1512,vesicle
1513,vesicle
1514,vesicle
1515,vesicle
1516,vesicle
1517,fiber
1518,fiber
1519,fiber
1520,vesicle
1521,vesicle
1522,fiber
1523,fiber
1524,vesicle
1525,vesicle
1526,fiber
1527,vesicle
1528,vesicle
1529,vesicle
1530,vesicle
1531,vesicle
1532,vesicle
1533,vesicle
1534,vesicle
1535,vesicle
1536,vesicle
1537,vesicle
1538,vesicle
1539,fiber
1540,vesicle
1541,vesicle
1542,vesicle
1543,vesicle
1544,vesicle
1545,vesicle
1546,vesicle
1547,vesicle
1548,vesicle
1549,vesicle
1550,vesicle
1551,vesicle
1552,vesicle
1553,vesicle
1554,vesicle
1555,vesicle
1556,vesicle
1557,vesicle
1558,vesicle
1559,vesicle
1560,vesicle
1561,vesicle
1562,vesicle
1563,vesicle
1564,vesicle
1565,vesicle
1566,vesicle
1567,vesicle
1568,vesicle
1569,vesicle
1570,vesicle
1571,vesicle
1572,vesicle
1573,vesicle
1574,vesicle
1575,vesicle
1576,vesicle
1577,vesicle
1578,vesicle
1579,vesicle
1580,fiber
1581,fiber
1582,fiber
1583,vesicle
1584,fiber
1585,fiber
1586,vesicle
1587,vesicle
1588,vesicle
1589,vesicle
1590,vesicle
1591,fiber
1592,fiber
1593,fiber
1594,fiber
1595,fiber
1596,fiber
1597,fiber
1598,fiber
1599,fiber
1600,fiber
1601,fiber
1602,fiber
1603,fiber
1604,fiber
1605,fiber
1606,fiber
1607,fiber
1608,fiber
1609,fiber
1610,fiber
1611,fiber
1612,fiber
1613,fiber
1614,fiber
1615,fiber
1616,fiber
1617,vesicle
1618,fiber
1619,fiber
1620,fiber
1621,fiber
1622,vesicle
1623,vesicle
1624,vesicle
1625,fiber
1626,fiber
1627,fiber
1628,fiber
1629,fiber
1630,vesicle
1631,vesicle
1632,vesicle
1633,fiber
1634,vesicle
1635,fiber
1636,fiber
1637,fiber
1638,fiber
1639,fiber
1640,vesicle
1641,fiber
1642,fiber
1643,fiber
1644,fiber
1645,fiber
1646,fiber
1647,fiber
1648,fiber
1649,fiber
1650,vesicle
1651,vesicle
1652,vesicle
1653,fiber
1654,fiber
1655,fiber
1656,fiber
1657,vesicle
1658,fiber
1659,vesicle
1660,vesicle
1661,vesicle
1662,vesicle
1663,fiber
1664,vesicle
1665,vesicle
1666,vesicle
1667,vesicle
1668,fiber
1669,fiber
1670,vesicle
1671,vesicle
1672,vesicle
1673,fiber
1674,fiber
1675,fiber
1676,vesicle
1677,fiber
1678,fiber
1679,vesicle
1680,vesicle
1681,vesicle
1682,vesicle
1683,vesicle
1684,fiber
1685,fiber
1686,fiber
1687,vesicle
1688,vesicle
1689,fiber
1690,fiber
1691,fiber
1692,fiber
1693,vesicle
1694,vesicle
1695,vesicle
1696,fiber
1697,fiber
1698,vesicle
1699,vesicle
1700,fiber
1701,vesicle
1702,vesicle
1703,vesicle
1704,fiber
1705,fiber
1706,fiber
1707,fiber
1708,fiber
1709,vesicle
1710,vesicle
1711,fiber
1712,vesicle
1713,vesicle
1714,vesicle
1715,vesicle
1716,vesicle
1717,vesicle
1718,vesicle
1719,vesicle
1720,vesicle
1721,vesicle
1722,vesicle
1723,fiber
1724,vesicle
1725,vesicle
1726,vesicle
1727,vesicle
1728,vesicle
1729,vesicle
1730,vesicle
1731,vesicle
1732,vesicle
1733,vesicle
1734,vesicle
1735,vesicle
1736,vesicle
1737,vesicle
1738,vesicle
1739,vesicle
1740,vesicle
1741,vesicle
1742,vesicle
1743,vesicle
1744,vesicle
1745,vesicle
1746,vesicle
1747,vesicle
1748,vesicle
1749,vesicle
1750,vesicle
1751,vesicle
1752,vesicle
1753,vesicle
1754,vesicle
1755,vesicle
1756,vesicle
1757,vesicle
1758,vesicle
1759,fiber
1760,fiber
1761,vesicle
1762,fiber
1763,fiber
1764,vesicle
1765,vesicle
1766,vesicle
1767,vesicle
1768,vesicle
1769,vesicle
1770,vesicle
1771,vesicle
1772,fiber
1773,vesicle
1774,vesicle
1775,vesicle
1776,vesicle
1777,vesicle
1778,vesicle
1779,vesicle
1780,vesicle
1781,vesicle
1782,vesicle
1783,vesicle
1784,vesicle
1785,vesicle
1786,vesicle
1787,vesicle
1788,vesicle
1789,vesicle
1790,vesicle
1791,vesicle
1792,vesicle
1793,vesicle
1794,vesicle
1795,vesicle
1796,vesicle
1797,fiber
1798,vesicle
1799,vesicle
1800,vesicle
1801,vesicle
1802,vesicle
1803,vesicle
1804,vesicle
1805,vesicle
1806,vesicle
1807,vesicle
1808,vesicle
1809,vesicle
1810,vesicle
1811,vesicle
1812,vesicle
1813,vesicle
1814,vesicle
1815,vesicle
1816,vesicle
1817,vesicle
1818,vesicle
1819,vesicle
1820,vesicle
1821,vesicle
1822,vesicle
1823,vesicle
1824,vesicle
1825,vesicle
1826,vesicle
1827,vesicle
1828,vesicle
1829,vesicle
1830,vesicle
1831,vesicle
1832,vesicle
1833,vesicle
1834,vesicle
1835,vesicle
1836,vesicle
1837,vesicle
1838,vesicle
1839,vesicle
1840,vesicle
1841,vesicle
1842,vesicle
1843,vesicle
1844,vesicle
1845,vesicle
1846,vesicle
1847,vesicle
1848,vesicle
1849,vesicle
1850,vesicle
1851,vesicle
1852,vesicle
1853,vesicle
1854,vesicle
1855,vesicle
1856,vesicle
1857,vesicle
1858,vesicle
1859,vesicle
1860,vesicle
1861,vesicle
1862,vesicle
1863,vesicle
1864,vesicle
1865,vesicle
1866,vesicle
1867,vesicle
1868,vesicle
1869,vesicle
1870,vesicle
1871,vesicle
1872,vesicle
1873,vesicle
1874,vesicle
1875,fiber
1876,vesicle
1877,vesicle
1878,vesicle
1879,fiber
1880,vesicle
1881,vesicle
1882,vesicle
1883,vesicle
1884,vesicle
1885,vesicle
1886,vesicle
1887,fiber
1888,vesicle
1889,fiber
1890,vesicle
1891,vesicle
1892,fiber
1893,vesicle
1894,vesicle
1895,fiber
1896,fiber
1897,vesicle
1898,vesicle
1899,vesicle
1900,fiber
1901,fiber
1902,vesicle
1903,vesicle
1904,vesicle
1905,vesicle
1906,vesicle
1907,vesicle
1908,vesicle
1909,vesicle
1910,vesicle
1911,vesicle
1912,vesicle
1913,vesicle
1914,vesicle
1915,vesicle
1916,vesicle
1917,vesicle
1918,vesicle
1919,vesicle
1920,vesicle
1921,vesicle
1922,vesicle
1923,vesicle
1924,vesicle
1925,vesicle
1926,vesicle
1927,vesicle
1928,vesicle
1929,vesicle
1930,vesicle
1931,vesicle
1932,vesicle
1933,vesicle
1934,vesicle
1935,vesicle
1936,vesicle
1937,vesicle
1938,vesicle
1939,vesicle
1940,vesicle
1941,vesicle
1942,vesicle
1943,vesicle
1944,vesicle
1945,vesicle
1946,vesicle
1947,vesicle
1948,vesicle
1949,vesicle
1950,vesicle
1951,vesicle
1952,vesicle
1953,vesicle
1954,vesicle
1955,fiber
1956,vesicle
1957,vesicle
1958,vesicle
1959,vesicle
1960,vesicle
1961,vesicle
1962,vesicle
1963,vesicle
1964,vesicle
1965,vesicle
1966,vesicle
1967,vesicle
1968,fiber
1969,fiber
1970,vesicle
1971,vesicle
1972,fiber
1973,vesicle
1974,fiber
1975,fiber
1976,vesicle
1977,vesicle
1978,fiber
1979,vesicle
1980,vesicle
1981,vesicle
1982,fiber
1983,vesicle
1984,vesicle
1985,fiber
1986,vesicle
1987,vesicle
1988,vesicle
1989,vesicle
1990,fiber
1991,vesicle
1992,vesicle
1993,vesicle
1994,vesicle
1995,vesicle
1996,vesicle
1997,vesicle
1998,vesicle
1999,fiber
2000,vesicle
2001,vesicle
2002,vesicle
2003,fiber
2004,vesicle
2005,vesicle
2006,fiber
2007,vesicle
2008,vesicle
2009,vesicle
2010,fiber
2011,vesicle
2012,fiber
2013,fiber
2014,vesicle
2015,vesicle
2016,vesicle
2017,vesicle
2018,vesicle
2019,vesicle
2020,fiber
2021,vesicle
2022,vesicle
2023,vesicle
2024,vesicle
2025,vesicle
2026,vesicle
2027,vesicle
2028,vesicle
2029,vesicle
2030,vesicle
2031,vesicle
2032,fiber
2033,vesicle
2034,fiber
2035,vesicle
2036,vesicle
2037,vesicle
2038,vesicle
2039,vesicle
2040,vesicle
2041,vesicle
2042,vesicle
2043,vesicle
2044,vesicle
2045,vesicle
2046,vesicle
2047,vesicle
2048,vesicle
2049,vesicle
2050,vesicle
2051,vesicle
2052,vesicle
2053,vesicle
2054,vesicle
2055,vesicle
2056,vesicle
2057,vesicle
2058,vesicle
2059,vesicle
2060,vesicle
2061,vesicle
2062,vesicle
2063,vesicle
2064,vesicle
2065,vesicle
2066,vesicle
2067,vesicle
2068,vesicle
2069,vesicle
2070,vesicle
2071,vesicle
2072,vesicle
2073,vesicle
2074,vesicle
2075,vesicle
2076,vesicle
2077,vesicle
2078,vesicle
2079,vesicle
2080,vesicle
2081,vesicle
2082,vesicle
2083,vesicle
2084,vesicle
2085,vesicle
2086,vesicle
2087,vesicle
2088,vesicle
2089,vesicle
2090,vesicle
2091,vesicle
2092,vesicle
2093,vesicle
2094,fiber
2095,fiber
2096,vesicle
2097,fiber
2098,fiber
2099,fiber
2100,vesicle
2101,fiber
2102,vesicle
2103,vesicle
2104,fiber
2105,vesicle
2106,vesicle
2107,vesicle
2108,vesicle
2109,fiber
2110,vesicle
2111,vesicle
2112,vesicle
2113,vesicle
2114,vesicle
2115,vesicle
2116,vesicle
2117,vesicle
2118,vesicle
2119,vesicle
2120,vesicle
2121,fiber
2122,vesicle
2123,vesicle
2124,vesicle
2125,vesicle
2126,vesicle
2127,fiber
2128,vesicle
2129,vesicle
2130,vesicle
2131,fiber
2132,fiber
2133,fiber
2134,vesicle
2135,fiber
2136,vesicle
2137,fiber
2138,vesicle
2139,vesicle
2140,vesicle
2141,fiber
2142,fiber
2143,vesicle
2144,fiber
2145,fiber
2146,fiber
2147,fiber
2148,vesicle
2149,vesicle
2150,vesicle
2151,vesicle
2152,fiber
2153,fiber
2154,vesicle
2155,fiber
2156,vesicle
2157,vesicle
2158,vesicle
2159,fiber
2160,vesicle
2161,vesicle
2162,vesicle
2163,fiber
2164,fiber
2165,fiber
2166,fiber
2167,fiber
2168,vesicle
2169,vesicle
2170,vesicle
2171,vesicle
2172,fiber
2173,fiber
2174,fiber
2175,fiber
2176,fiber
2177,vesicle
2178,fiber
2179,fiber
2180,fiber
2181,fiber
2182,fiber
2183,fiber
2184,fiber
2185,fiber
2186,fiber
2187,fiber
2188,fiber
2189,fiber
2190,fiber
2191,fiber
2192,fiber
2193,fiber
2194,fiber
2195,vesicle
2196,fiber
2197,fiber
2198,fiber
2199,vesicle
2200,fiber
2201,vesicle
2202,fiber
2203,fiber
2204,fiber
2205,fiber
2206,fiber
2207,vesicle
2208,vesicle
2209,fiber
2210,vesicle
2211,vesicle
2212,fiber
2213,fiber
2214,fiber
2215,fiber
2216,vesicle
2217,vesicle
2218,vesicle
2219,fiber
2220,fiber
2221,vesicle
2222,fiber
2223,vesicle
2224,vesicle
2225,vesicle
2226,vesicle
2227,vesicle
2228,vesicle
2229,vesicle
2230,fiber
2231,fiber
2232,fiber
2233,fiber
2234,vesicle
2235,vesicle
2236,vesicle
2237,fiber
2238,fiber
2239,fiber
2240,fiber
2241,fiber
2242,fiber
2243,vesicle
2244,fiber
2245,vesicle
2246,fiber
2247,fiber
2248,fiber
2249,fiber
2250,fiber
2251,fiber
2252,fiber
2253,fiber
2254,vesicle
2255,fiber
2256,fiber
2257,vesicle
2258,fiber
2259,fiber
2260,fiber
2261,fiber
2262,fiber
2263,fiber
2264,vesicle
2265,fiber
2266,fiber
2267,vesicle
2268,vesicle
2269,fiber
2270,fiber
2271,fiber
2272,fiber
2273,fiber
2274,fiber
2275,vesicle
2276,fiber
2277,fiber
2278,vesicle
2279,vesicle
2280,vesicle
2281,fiber
2282,vesicle
2283,fiber
2284,fiber
2285,fiber
2286,fiber
2287,fiber
2288,fiber
2289,fiber
2290,fiber
2291,fiber
2292,fiber
2293,fiber
2294,fiber
2295,fiber
2296,fiber
2297,fiber
2298,vesicle
2299,vesicle
2300,vesicle
2301,vesicle
2302,vesicle
2303,vesicle
2304,vesicle
2305,vesicle
2306,vesicle
2307,vesicle
2308,vesicle
2309,vesicle
2310,vesicle
2311,vesicle
2312,vesicle
2313,vesicle
2314,vesicle
2315,vesicle
2316,vesicle
2317,vesicle
2318,vesicle
2319,vesicle
2320,vesicle
2321,vesicle
2322,vesicle
2323,vesicle
2324,vesicle
2325,vesicle
2326,vesicle
2327,vesicle
2328,vesicle
2329,vesicle
2330,vesicle
2331,vesicle
2332,vesicle
2333,vesicle
2334,vesicle
2335,vesicle
2336,vesicle
2337,vesicle
2338,vesicle
2339,vesicle
2340,vesicle
2341,vesicle
2342,vesicle
2343,vesicle
2344,vesicle
2345,vesicle
2346,vesicle
2347,vesicle
2348,vesicle
2349,vesicle
2350,vesicle
2351,vesicle
2352,vesicle
2353,vesicle
2354,vesicle
2355,vesicle
2356,vesicle
2357,vesicle
2358,vesicle
2359,vesicle
2360,vesicle
2361,vesicle
2362,vesicle
2363,vesicle
2364,vesicle
2365,vesicle
2366,vesicle
2367,vesicle
2368,vesicle
2369,vesicle
2370,fiber
2371,vesicle
2372,vesicle
2373,fiber
2374,vesicle
2375,fiber
2376,fiber
2377,vesicle
2378,vesicle
2379,vesicle
2380,vesicle
2381,vesicle
2382,vesicle
2383,vesicle
2384,vesicle
2385,vesicle
2386,fiber
2387,vesicle
2388,vesicle
2389,vesicle
2390,vesicle
2391,vesicle
2392,vesicle
2393,vesicle
2394,vesicle
2395,vesicle
2396,vesicle
2397,vesicle
2398,vesicle
2399,vesicle
2400,vesicle
2401,vesicle
2402,vesicle
2403,vesicle
2404,vesicle
2405,vesicle
2406,vesicle
2407,vesicle
2408,vesicle
2409,vesicle
2410,vesicle
2411,vesicle
2412,vesicle
2413,vesicle
2414,vesicle
2415,vesicle
2416,vesicle
2417,vesicle
2418,vesicle
2419,vesicle
2420,vesicle
2421,vesicle
2422,vesicle
2423,vesicle
2424,vesicle
2425,vesicle
2426,vesicle
2427,vesicle
2428,fiber
2429,fiber
2430,fiber
2431,fiber
2432,vesicle
2433,fiber
2434,vesicle
2435,vesicle
2436,vesicle
2437,vesicle
2438,vesicle
2439,fiber
2440,vesicle
2441,vesicle
2442,vesicle
2443,vesicle
2444,vesicle
2445,vesicle
2446,vesicle
2447,vesicle
2448,vesicle
2449,vesicle
2450,vesicle
2451,vesicle
2452,vesicle
2453,vesicle
2454,vesicle
2455,vesicle
2456,vesicle
2457,fiber
2458,vesicle
2459,vesicle
2460,vesicle
2461,vesicle
2462,vesicle
2463,vesicle
2464,vesicle
2465,vesicle
2466,vesicle
2467,vesicle
2468,vesicle
2469,vesicle
2470,vesicle
2471,vesicle
2472,vesicle
2473,vesicle
2474,vesicle
2475,vesicle
2476,vesicle
2477,vesicle
2478,vesicle
2479,vesicle
2480,vesicle
2481,vesicle
2482,vesicle
2483,vesicle
2484,fiber
2485,vesicle
2486,vesicle
2487,vesicle
2488,vesicle
2489,vesicle
2490,vesicle
2491,vesicle
2492,vesicle
2493,vesicle
2494,vesicle
2495,vesicle
2496,vesicle
2497,fiber
2498,fiber
2499,fiber
2500,vesicle
2501,vesicle
2502,vesicle
2503,vesicle
2504,vesicle
2505,vesicle
2506,vesicle
2507,vesicle
2508,vesicle
2509,vesicle
2510,vesicle
2511,vesicle
2512,vesicle
2513,vesicle
2514,vesicle
2515,vesicle
2516,vesicle
2517,vesicle
2518,vesicle
2519,fiber
2520,fiber
2521,fiber
2522,fiber
2523,fiber
2524,vesicle
2525,vesicle
2526,fiber
2527,vesicle
2528,vesicle
2529,fiber
2530,fiber
2531,fiber
2532,fiber
2533,vesicle
2534,fiber
2535,fiber
2536,fiber
2537,fiber
2538,vesicle
2539,fiber
2540,fiber
2541,fiber
2542,fiber
2543,fiber
2544,fiber
2545,fiber
2546,fiber
2547,fiber
2548,fiber
2549,fiber
2550,fiber
2551,fiber
2552,fiber
2553,fiber
2554,fiber
2555,fiber
2556,fiber
2557,fiber
2558,vesicle
2559,fiber
2560,fiber
2561,vesicle
2562,fiber
2563,fiber
2564,vesicle
2565,vesicle
2566,fiber
2567,fiber
2568,fiber
2569,fiber
2570,fiber
2571,fiber
2572,fiber
2573,fiber
2574,fiber
2575,fiber
2576,fiber
2577,vesicle
2578,fiber
2579,fiber
2580,fiber
2581,fiber
2582,fiber
2583,fiber
2584,fiber
2585,vesicle
2586,fiber
2587,fiber
2588,vesicle
2589,fiber
2590,vesicle
2591,fiber
2592,vesicle
2593,vesicle
2594,vesicle
2595,vesicle
2596,fiber
2597,vesicle
2598,fiber
2599,vesicle
2600,fiber
2601,fiber
2602,fiber
2603,fiber
2604,fiber
2605,fiber
2606,vesicle
2607,fiber
2608,fiber
2609,vesicle
2610,vesicle
2611,vesicle
2612,vesicle
2613,fiber
2614,fiber
2615,vesicle
2616,fiber
2617,fiber
2618,fiber
2619,fiber
2620,vesicle
2621,fiber
2622,fiber
2623,vesicle
2624,fiber
2625,fiber
2626,fiber
2627,fiber
2628,fiber
2629,fiber
2630,fiber
2631,vesicle
2632,vesicle
2633,fiber
2634,vesicle
2635,fiber
2636,fiber
2637,fiber
2638,fiber
2639,fiber
2640,fiber
2641,vesicle
2642,fiber
2643,fiber
2644,fiber
2645,fiber
2646,fiber
2647,fiber
2648,vesicle
2649,fiber
2650,vesicle
2651,fiber
2652,fiber
2653,vesicle
2654,fiber
2655,fiber
2656,fiber
2657,fiber
2658,fiber
2659,fiber
2660,fiber
2661,fiber
2662,vesicle
2663,vesicle
2664,vesicle
2665,fiber
2666,vesicle
2667,fiber
2668,fiber
2669,fiber
2670,fiber
2671,fiber
2672,fiber
2673,fiber
2674,vesicle
2675,fiber
2676,fiber
2677,fiber
2678,fiber
2679,fiber
2680,fiber
2681,fiber
2682,fiber
2683,fiber
2684,fiber
2685,vesicle
2686,fiber
2687,fiber
2688,vesicle
2689,fiber
2690,fiber
2691,vesicle
2692,vesicle
2693,fiber
2694,fiber
2695,fiber
2696,fiber
2697,fiber
2698,fiber
2699,fiber
2700,fiber
2701,fiber
2702,fiber
2703,fiber
2704,fiber
2705,fiber
2706,fiber
2707,fiber
2708,fiber
2709,fiber
2710,fiber
2711,fiber
2712,vesicle
2713,fiber
2714,fiber
2715,fiber
2716,fiber
2717,fiber
2718,fiber
2719,fiber
2720,fiber
2721,fiber
2722,fiber
2723,fiber
2724,fiber
2725,fiber
2726,fiber
2727,fiber
2728,fiber
2729,fiber
2730,fiber
2731,fiber
2732,fiber
2733,fiber
2734,vesicle
2735,fiber
2736,vesicle
2737,fiber
2738,vesicle
2739,vesicle
2740,vesicle
2741,vesicle
2742,vesicle
2743,vesicle
2744,vesicle
2745,vesicle
2746,vesicle
2747,fiber
2748,fiber
2749,fiber
2750,fiber
2751,fiber
2752,fiber
2753,vesicle
2754,fiber
2755,fiber
2756,vesicle
2757,vesicle
2758,vesicle
2759,fiber
2760,fiber
2761,fiber
2762,vesicle
2763,vesicle
2764,vesicle
2765,fiber
2766,fiber
2767,fiber
2768,vesicle
2769,vesicle
2770,vesicle
2771,vesicle
2772,vesicle
2773,fiber
2774,fiber
2775,vesicle
2776,vesicle
2777,vesicle
2778,vesicle
2779,vesicle
2780,vesicle
2781,vesicle
2782,vesicle
2783,vesicle
2784,vesicle
2785,fiber
2786,vesicle
2787,fiber
2788,vesicle
2789,fiber
2790,fiber
2791,fiber
2792,fiber
2793,fiber
2794,fiber
2795,fiber
2796,fiber
2797,fiber
2798,fiber
2799,fiber
2800,fiber
2801,fiber
2802,fiber
2803,fiber
2804,fiber
2805,fiber
2806,fiber
2807,fiber
2808,fiber
2809,fiber
2810,fiber
2811,fiber
2812,fiber
2813,fiber
2814,fiber
2815,fiber
2816,fiber
2817,fiber
2818,fiber
2819,fiber
2820,fiber
2821,fiber
2822,fiber
2823,fiber
2824,fiber
2825,fiber
2826,fiber
2827,fiber
2828,fiber
2829,vesicle
2830,fiber
2831,fiber
2832,vesicle
2833,fiber
2834,fiber
2835,vesicle
2836,fiber
2837,fiber
2838,fiber
2839,fiber
2840,fiber
2841,fiber
2842,fiber
2843,fiber
2844,fiber
2845,fiber
2846,fiber
2847,fiber
2848,fiber
2849,fiber
2850,vesicle
2851,fiber
2852,fiber
2853,fiber
2854,fiber
2855,fiber
2856,fiber
2857,fiber
2858,fiber
2859,fiber
2860,fiber
2861,fiber
2862,fiber
2863,fiber
2864,fiber
2865,fiber
2866,fiber
2867,fiber
2868,fiber
2869,fiber
2870,fiber
2871,fiber
2872,fiber
2873,fiber
2874,fiber
2875,fiber
2876,fiber
2877,fiber
2878,fiber
2879,vesicle
2880,fiber
2881,fiber
2882,fiber
2883,fiber
2884,fiber
2885,fiber
2886,fiber
2887,fiber
2888,fiber
2889,fiber
2890,fiber
2891,fiber
2892,vesicle
2893,fiber
2894,fiber
2895,fiber
2896,fiber
2897,fiber
2898,fiber
2899,fiber
2900,fiber
2901,fiber
2902,fiber
2903,fiber
2904,fiber
2905,fiber
2906,fiber
2907,fiber
2908,fiber
2909,fiber
2910,fiber
2911,fiber
2912,fiber
2913,fiber
2914,fiber
2915,fiber
2916,fiber
2917,fiber
2918,fiber
2919,fiber
2920,fiber
2921,fiber
2922,fiber
2923,fiber
2924,fiber
2925,fiber
2926,fiber
2927,fiber
2928,fiber
2929,fiber
2930,fiber
2931,fiber
2932,fiber
2933,fiber
2934,fiber
2935,fiber
2936,fiber
2937,fiber
2938,fiber
2939,fiber
2940,fiber
2941,fiber
2942,fiber
2943,fiber
2944,fiber
2945,fiber
2946,fiber
2947,fiber
2948,fiber
2949,fiber
2950,fiber
2951,fiber
2952,fiber
2953,fiber
2954,fiber
2955,fiber
2956,fiber
2957,fiber
2958,fiber
2959,vesicle
2960,fiber
2961,fiber
2962,fiber
2963,fiber
2964,fiber
2965,fiber
2966,fiber
2967,fiber
2968,fiber
2969,fiber
2970,fiber
2971,fiber
2972,fiber
2973,fiber
2974,fiber
2975,fiber
2976,fiber
2977,fiber
2978,fiber
2979,fiber
2980,fiber
2981,fiber
2982,fiber
2983,fiber
2984,fiber
2985,fiber
2986,fiber
2987,fiber
2988,fiber
2989,fiber
2990,fiber
2991,fiber
2992,fiber
2993,fiber
2994,fiber
2995,fiber
2996,fiber
2997,fiber
2998,fiber
2999,fiber
3000,fiber
3001,fiber
3002,fiber
3003,fiber
3004,fiber
3005,fiber
3006,fiber
3007,fiber
3008,fiber
3009,fiber
3010,fiber
3011,fiber
3012,fiber
3013,fiber
3014,fiber
3015,fiber
3016,fiber
3017,fiber
3018,fiber
3019,fiber
3020,fiber
3021,fiber
3022,fiber
3023,fiber
3024,fiber
3025,fiber
3026,fiber
3027,fiber
3028,fiber
3029,fiber
3030,fiber
3031,fiber
3032,fiber
3033,fiber
3034,fiber
3035,fiber
3036,fiber
3037,fiber
3038,fiber
3039,fiber
3040,fiber
3041,fiber
3042,fiber
3043,fiber
3044,fiber
3045,fiber
3046,fiber
3047,fiber
3048,fiber
3049,fiber
3050,fiber
3051,fiber
3052,fiber
3053,fiber
3054,fiber
3055,fiber
3056,fiber
3057,fiber
3058,fiber
3059,fiber
3060,fiber
3061,fiber
3062,fiber
3063,fiber
3064,fiber
3065,fiber
3066,fiber
3067,vesicle
3068,fiber
3069,fiber
3070,fiber
3071,vesicle
3072,fiber
3073,fiber
3074,fiber
3075,fiber
3076,fiber
3077,fiber
3078,vesicle
3079,fiber
3080,fiber
3081,fiber
3082,fiber
3083,fiber
3084,fiber
3085,fiber
3086,fiber
3087,fiber
3088,fiber
3089,fiber
3090,fiber
3091,fiber
3092,vesicle
3093,fiber
3094,fiber
3095,fiber
3096,fiber
3097,fiber
3098,fiber
3099,fiber
3100,fiber
3101,fiber
3102,fiber
3103,fiber
3104,fiber
3105,fiber
3106,fiber
3107,fiber
3108,fiber
3109,fiber
3110,fiber
3111,fiber
3112,fiber
3113,fiber
3114,fiber
3115,fiber
3116,fiber
3117,fiber
3118,fiber
3119,fiber
3120,fiber
3121,fiber
3122,fiber
3123,fiber
3124,fiber
3125,fiber
3126,fiber
3127,fiber
3128,fiber
3129,fiber
3130,fiber
3131,fiber
3132,fiber
3133,fiber
3134,fiber
3135,fiber
3136,fiber
3137,fiber
3138,fiber
3139,fiber
3140,fiber
3141,fiber
3142,fiber
3143,fiber
3144,fiber
3145,fiber
3146,fiber
3147,fiber
3148,fiber
3149,fiber
3150,fiber
3151,fiber
3152,fiber
3153,fiber
3154,fiber
3155,fiber
3156,fiber
3157,fiber
3158,fiber
3159,fiber
3160,tube
3161,fiber
3162,fiber
3163,fiber
3164,fiber
3165,fiber
3166,fiber
3167,fiber
3168,fiber
3169,fiber
3170,fiber
3171,fiber
3172,fiber
3173,fiber
3174,fiber
3175,fiber
3176,fiber
3177,fiber
3178,fiber
3179,fiber
3180,vesicle
3181,fiber
3182,fiber
3183,fiber
3184,fiber
3185,fiber
3186,fiber
3187,fiber
3188,fiber
3189,fiber
3190,fiber
3191,fiber
3192,fiber
3193,fiber
3194,fiber
3195,fiber
3196,fiber
3197,fiber
3198,fiber
3199,fiber
3200,fiber
3201,fiber
3202,fiber
3203,fiber
3204,fiber
3205,fiber
3206,fiber
3207,fiber
3208,fiber
3209,fiber
3210,fiber
3211,fiber
3212,fiber
3213,fiber
3214,fiber
3215,fiber
3216,fiber
3217,vesicle
3218,fiber
3219,fiber
3220,fiber
3221,fiber
3222,fiber
3223,fiber
3224,fiber
3225,fiber
3226,vesicle
3227,fiber
3228,fiber
3229,fiber
3230,fiber
3231,fiber
3232,fiber
3233,fiber
3234,fiber
3235,fiber
3236,fiber
3237,fiber
3238,fiber
3239,fiber
3240,fiber
3241,fiber
3242,fiber
3243,fiber
3244,fiber
3245,fiber
3246,fiber
3247,fiber
3248,fiber
3249,fiber
3250,fiber
3251,fiber
3252,fiber
3253,fiber
3254,fiber
3255,fiber
3256,fiber
3257,fiber
3258,fiber
3259,fiber
3260,fiber
3261,fiber
3262,fiber
3263,fiber
3264,fiber
3265,fiber
3266,fiber
3267,fiber
3268,fiber
3269,fiber
3270,fiber
3271,fiber
3272,fiber
3273,fiber
3274,fiber
3275,fiber
3276,fiber
3277,fiber
3278,fiber
3279,fiber
3280,fiber
3281,fiber
3282,fiber
3283,fiber
3284,fiber
3285,fiber
3286,tube
3287,tube
3288,fiber
3289,fiber
3290,fiber
3291,tube
3292,fiber
3293,fiber
3294,fiber
3295,fiber
3296,fiber
3297,fiber
3298,fiber
3299,fiber
3300,vesicle
3301,fiber
3302,fiber
3303,fiber
3304,fiber
3305,fiber
3306,fiber
3307,fiber
3308,fiber
3309,fiber
3310,fiber
3311,fiber
3312,fiber
3313,fiber
3314,fiber
3315,fiber
3316,fiber
3317,tube
3318,fiber
3319,fiber
3320,tube
3321,fiber
3322,fiber
3323,fiber
3324,fiber
3325,fiber
3326,fiber
3327,fiber
3328,fiber
3329,fiber
3330,fiber
3331,fiber
3332,fiber
3333,fiber
3334,fiber
3335,fiber
3336,fiber
3337,fiber
3338,fiber
3339,fiber
3340,fiber
3341,fiber
3342,fiber
3343,fiber
3344,fiber
3345,fiber
3346,fiber
3347,fiber
3348,tube
3349,fiber
3350,fiber
3351,fiber
3352,fiber
3353,fiber
3354,fiber
3355,fiber
3356,fiber
3357,fiber
3358,fiber
3359,fiber
3360,fiber
3361,fiber
3362,fiber
3363,fiber
3364,fiber
3365,fiber
3366,tube
3367,fiber
3368,fiber
3369,fiber
3370,fiber
3371,fiber
3372,fiber
3373,fiber
3374,fiber
3375,tube
3376,tube
3377,fiber
3378,fiber
3379,tube
3380,tube
3381,fiber
3382,fiber
3383,fiber
3384,fiber
3385,fiber
3386,fiber
3387,fiber
3388,fiber
3389,fiber
3390,fiber
3391,fiber
3392,fiber
3393,fiber
3394,fiber
3395,fiber
3396,fiber
3397,fiber
3398,fiber
3399,fiber
3400,fiber
3401,fiber
3402,fiber
3403,fiber
3404,fiber
3405,fiber
3406,fiber
3407,fiber
3408,fiber
3409,fiber
3410,fiber
3411,fiber
3412,fiber
3413,fiber
3414,fiber
3415,fiber
3416,fiber
3417,fiber
3418,fiber
3419,fiber
3420,fiber
3421,fiber
3422,fiber
3423,fiber
3424,fiber
3425,fiber
3426,fiber
3427,fiber
3428,fiber
3429,fiber
3430,fiber
3431,fiber
3432,fiber
3433,fiber
3434,fiber
3435,fiber
3436,fiber
3437,fiber
3438,fiber
3439,fiber
3440,fiber
3441,fiber
3442,fiber
3443,fiber
3444,fiber
3445,fiber
3446,fiber
3447,fiber
3448,fiber
3449,fiber
3450,fiber
3451,fiber
3452,fiber
3453,fiber
3454,fiber
3455,fiber
3456,fiber
3457,fiber
3458,fiber
3459,fiber
3460,fiber
3461,fiber
3462,fiber
3463,fiber
3464,fiber
3465,fiber
3466,fiber
3467,fiber
3468,fiber
3469,fiber
3470,fiber
3471,fiber
3472,fiber
3473,fiber
3474,fiber
3475,fiber
3476,fiber
3477,fiber
3478,fiber
3479,fiber
3480,fiber
3481,fiber
3482,vesicle
3483,fiber
3484,fiber
3485,fiber
3486,fiber
3487,fiber
3488,fiber
3489,fiber
3490,fiber
3491,fiber
3492,fiber
3493,fiber
3494,fiber
3495,fiber
3496,fiber
3497,fiber
3498,fiber
3499,fiber
3500,fiber
3501,fiber
3502,fiber
3503,fiber
3504,fiber
3505,fiber
3506,fiber
3507,fiber
3508,fiber
3509,fiber
3510,fiber
3511,fiber
3512,fiber
3513,fiber
3514,fiber
3515,fiber
3516,fiber
3517,fiber
3518,fiber
3519,fiber
3520,vesicle
3521,fiber
3522,fiber
3523,fiber
3524,vesicle
3525,fiber
3526,fiber
3527,fiber
3528,fiber
3529,fiber
3530,fiber
3531,fiber
3532,fiber
3533,fiber
3534,fiber
3535,fiber
3536,fiber
3537,fiber
3538,fiber
3539,fiber
3540,fiber
3541,fiber
3542,fiber
3543,fiber
3544,fiber
3545,fiber
3546,fiber
3547,fiber
3548,fiber
3549,fiber
3550,fiber
3551,fiber
3552,fiber
3553,fiber
3554,fiber
3555,fiber
3556,fiber
3557,fiber
3558,fiber
3559,fiber
3560,fiber
3561,fiber
3562,fiber
3563,fiber
3564,fiber
3565,fiber
3566,fiber
3567,fiber
3568,fiber
3569,fiber
3570,fiber
3571,fiber
3572,fiber
3573,fiber
3574,fiber
3575,fiber
3576,fiber
3577,fiber
3578,fiber
3579,fiber
3580,fiber
3581,fiber
3582,fiber
3583,fiber
3584,fiber
3585,fiber
3586,fiber
3587,fiber
3588,fiber
3589,fiber
3590,fiber
3591,fiber
3592,fiber
3593,fiber
3594,fiber
3595,fiber
3596,fiber
3597,fiber
3598,fiber
3599,fiber
3600,fiber
3601,fiber
3602,fiber
3603,fiber
3604,fiber
3605,fiber
3606,fiber
3607,fiber
3608,fiber
3609,fiber
3610,fiber
3611,fiber
3612,fiber
3613,fiber
3614,fiber
3615,fiber
3616,fiber
3617,fiber
3618,fiber
3619,fiber
3620,fiber
3621,fiber
3622,fiber
3623,fiber
3624,fiber
3625,fiber
3626,fiber
3627,vesicle
3628,fiber
3629,fiber
3630,fiber
3631,fiber
3632,fiber
3633,fiber
3634,fiber
3635,fiber
3636,fiber
3637,vesicle
3638,fiber
3639,vesicle
3640,fiber
3641,fiber
3642,vesicle
3643,vesicle
3644,fiber
3645,fiber
3646,fiber
3647,fiber
3648,fiber
3649,fiber
3650,fiber
3651,fiber
3652,fiber
3653,fiber
3654,fiber
3655,fiber
3656,fiber
3657,fiber
3658,fiber
3659,vesicle
3660,fiber
3661,fiber
3662,fiber
3663,fiber
3664,fiber
3665,fiber
3666,fiber
3667,fiber
3668,fiber
3669,fiber
3670,fiber
3671,fiber
3672,fiber
3673,fiber
3674,fiber
3675,fiber
3676,fiber
3677,fiber
3678,fiber
3679,fiber
3680,fiber
3681,fiber
3682,fiber
3683,fiber
3684,fiber
3685,fiber
3686,fiber
3687,fiber
3688,fiber
3689,fiber
3690,vesicle
3691,fiber
3692,fiber
3693,fiber
3694,fiber
3695,fiber
3696,fiber
3697,fiber
3698,fiber
3699,fiber
3700,fiber
3701,fiber
3702,fiber
3703,fiber
3704,fiber
3705,fiber
3706,fiber
3707,fiber
3708,fiber
3709,fiber
3710,fiber
3711,fiber
3712,fiber
3713,fiber
3714,fiber
3715,fiber
3716,fiber
3717,fiber
3718,fiber
3719,vesicle
3720,fiber
3721,vesicle
3722,fiber
3723,vesicle
3724,fiber
3725,fiber
3726,fiber
3727,fiber
3728,fiber
3729,fiber
3730,fiber
3731,fiber
3732,fiber
3733,fiber
3734,fiber
3735,fiber
3736,fiber
3737,fiber
3738,fiber
3739,fiber
3740,fiber
3741,fiber
3742,vesicle
3743,fiber
3744,fiber
3745,fiber
3746,fiber
3747,fiber
3748,fiber
3749,fiber
3750,fiber
3751,fiber
3752,fiber
3753,fiber
3754,fiber
3755,fiber
3756,fiber
3757,fiber
3758,fiber
3759,fiber
3760,fiber
3761,fiber
3762,fiber
3763,fiber
3764,fiber
3765,fiber
3766,fiber
3767,fiber
3768,fiber
3769,fiber
3770,fiber
3771,fiber
3772,fiber
3773,fiber
3774,fiber
3775,fiber
3776,fiber
3777,fiber
3778,vesicle
3779,fiber
3780,fiber
3781,fiber
3782,fiber
3783,fiber
3784,fiber
3785,fiber
3786,fiber
3787,fiber
3788,fiber
3789,fiber
3790,fiber
3791,fiber
3792,fiber
3793,fiber
3794,fiber
3795,fiber
3796,fiber
3797,fiber
3798,fiber
3799,fiber
3800,fiber
3801,fiber
3802,fiber
3803,fiber
3804,fiber
3805,fiber
3806,fiber
3807,fiber
3808,fiber
3809,vesicle
3810,fiber
3811,fiber
3812,fiber
3813,fiber
3814,fiber
3815,fiber
3816,fiber
3817,fiber
3818,fiber
3819,fiber
3820,vesicle
3821,vesicle
3822,fiber
3823,fiber
3824,fiber
3825,fiber
3826,fiber
3827,fiber
3828,fiber
3829,fiber
3830,fiber
3831,fiber
3832,fiber
3833,fiber
3834,fiber
3835,fiber
3836,fiber
3837,fiber
3838,fiber
3839,fiber
3840,fiber
3841,fiber
3842,fiber
3843,fiber
3844,fiber
3845,fiber
3846,fiber
3847,fiber
3848,fiber
3849,fiber
3850,fiber
3851,fiber
3852,fiber
3853,fiber
3854,vesicle
3855,fiber
3856,fiber
3857,fiber
3858,fiber
3859,fiber
3860,fiber
3861,fiber
3862,fiber
3863,fiber
3864,fiber
3865,fiber
3866,fiber
3867,fiber
3868,fiber
3869,fiber
3870,vesicle
3871,fiber
3872,fiber
3873,fiber
3874,fiber
3875,fiber
3876,fiber
3877,vesicle
3878,fiber
3879,fiber
3880,fiber
3881,fiber
3882,fiber
3883,fiber
3884,fiber
3885,fiber
3886,fiber
3887,fiber
3888,fiber
3889,fiber
3890,fiber
3891,fiber
3892,fiber
3893,fiber
3894,fiber
3895,fiber
3896,fiber
3897,fiber
3898,fiber
3899,fiber
3900,fiber
3901,fiber
3902,fiber
3903,fiber
3904,fiber
3905,fiber
3906,fiber
3907,vesicle
3908,fiber
3909,fiber
3910,fiber
3911,fiber
3912,fiber
3913,fiber
3914,fiber
3915,fiber
3916,fiber
3917,fiber
3918,fiber
3919,fiber
3920,fiber
3921,fiber
3922,fiber
3923,fiber
3924,vesicle
3925,fiber
3926,fiber
3927,vesicle
3928,fiber
3929,fiber
3930,fiber
3931,fiber
3932,fiber
3933,fiber
3934,fiber
3935,fiber
3936,fiber
3937,vesicle
3938,vesicle
3939,fiber
3940,fiber
3941,fiber
3942,fiber
3943,fiber
3944,fiber
3945,vesicle
3946,fiber
3947,fiber
3948,fiber
3949,fiber
3950,vesicle
3951,fiber
3952,fiber
3953,fiber
3954,fiber
3955,fiber
3956,fiber
3957,fiber
3958,fiber
3959,fiber
3960,fiber
3961,vesicle
3962,fiber
3963,fiber
3964,fiber
3965,fiber
3966,fiber
3967,fiber
3968,fiber
3969,fiber
3970,fiber
3971,fiber
3972,fiber
3973,fiber
3974,fiber
3975,fiber
3976,fiber
3977,fiber
3978,fiber
3979,fiber
3980,fiber
3981,fiber
3982,vesicle
3983,vesicle
3984,fiber
3985,fiber
3986,fiber
3987,vesicle
3988,fiber
3989,fiber
3990,fiber
3991,fiber
3992,fiber
3993,fiber
3994,fiber
3995,fiber
3996,fiber
3997,fiber
3998,fiber
3999,fiber
4000,fiber
4001,fiber
4002,fiber
4003,fiber
4004,fiber
4005,fiber
4006,fiber
4007,fiber
4008,fiber
4009,fiber
4010,fiber
4011,fiber
4012,fiber
4013,fiber
4014,vesicle
4015,fiber
4016,fiber
4017,fiber
4018,fiber
4019,fiber
4020,fiber
4021,fiber
4022,fiber
4023,fiber
4024,fiber
4025,fiber
4026,fiber
4027,fiber
4028,fiber
4029,fiber
4030,fiber
4031,fiber
4032,fiber
4033,fiber
4034,fiber
4035,fiber
4036,fiber
4037,fiber
4038,fiber
4039,fiber
4040,vesicle
4041,fiber
4042,fiber
4043,fiber
4044,fiber
4045,fiber
4046,fiber
4047,fiber
4048,fiber
4049,vesicle
4050,fiber
4051,fiber
4052,fiber
4053,fiber
4054,fiber
4055,fiber
4056,fiber
4057,fiber
4058,fiber
4059,fiber
4060,fiber
4061,fiber
4062,fiber
4063,vesicle
4064,fiber
4065,fiber
4066,fiber
4067,fiber
4068,fiber
4069,fiber
4070,fiber
4071,fiber
4072,vesicle
4073,fiber
4074,fiber
4075,fiber
4076,fiber
4077,fiber
4078,fiber
4079,fiber
4080,fiber
4081,fiber
4082,fiber
4083,fiber
4084,fiber
4085,fiber
4086,fiber
4087,fiber
4088,vesicle
4089,fiber
4090,fiber
4091,fiber
4092,fiber
4093,fiber
4094,fiber
4095,fiber
4096,fiber
4097,fiber
4098,fiber
4099,fiber
4100,fiber
4101,fiber
4102,fiber
4103,fiber
4104,fiber
4105,fiber
4106,fiber
4107,fiber
4108,fiber
4109,fiber
4110,fiber
4111,fiber
4112,fiber
4113,fiber
4114,fiber
4115,fiber
4116,fiber
4117,vesicle
4118,vesicle
4119,fiber
4120,fiber
4121,vesicle
4122,vesicle
4123,fiber
4124,fiber
4125,fiber
4126,vesicle
4127,vesicle
4128,fiber
4129,fiber
4130,vesicle
4131,fiber
4132,fiber
4133,fiber
4134,fiber
4135,fiber
4136,fiber
4137,fiber
4138,vesicle
4139,fiber
4140,fiber
4141,fiber
4142,vesicle
4143,fiber
4144,fiber
4145,fiber
4146,fiber
4147,vesicle
4148,fiber
4149,fiber
4150,vesicle
4151,vesicle
4152,fiber
4153,fiber
4154,fiber
4155,fiber
4156,fiber
4157,fiber
4158,fiber
4159,fiber
4160,fiber
4161,fiber
4162,fiber
4163,fiber
4164,fiber
4165,fiber
4166,fiber
4167,fiber
4168,fiber
4169,fiber
4170,fiber
4171,vesicle
4172,fiber
4173,fiber
4174,fiber
4175,fiber
4176,fiber
4177,fiber
4178,fiber
4179,fiber
4180,fiber
4181,fiber
4182,fiber
4183,fiber
4184,fiber
4185,fiber
4186,fiber
4187,fiber
4188,fiber
4189,fiber
4190,fiber
4191,fiber
4192,fiber
4193,fiber
4194,fiber
4195,fiber
4196,fiber
4197,fiber
4198,fiber
4199,fiber
4200,fiber
4201,fiber
4202,fiber
4203,fiber
4204,fiber
4205,vesicle
4206,fiber
4207,vesicle
4208,vesicle
4209,fiber
4210,fiber
4211,fiber
4212,fiber
4213,fiber
4214,fiber
4215,fiber
4216,fiber
4217,fiber
4218,fiber
4219,fiber
4220,fiber
4221,fiber
4222,fiber
4223,fiber
4224,fiber
4225,fiber
4226,fiber
4227,fiber
4228,fiber
4229,fiber
4230,fiber
4231,fiber
4232,vesicle
4233,fiber
4234,fiber
4235,fiber
4236,fiber
4237,fiber
4238,fiber
4239,fiber
4240,fiber
4241,fiber
4242,fiber
4243,fiber
4244,fiber
4245,fiber
4246,fiber
4247,fiber
4248,fiber
4249,fiber
4250,fiber
4251,fiber
4252,fiber
4253,fiber
4254,fiber
4255,fiber
4256,fiber
4257,fiber
4258,fiber
4259,fiber
4260,fiber
4261,fiber
4262,fiber
4263,vesicle
4264,fiber
4265,vesicle
4266,fiber
4267,fiber
4268,fiber
4269,vesicle
4270,fiber
4271,fiber
4272,fiber
4273,fiber
4274,fiber
4275,vesicle
4276,fiber
4277,fiber
4278,fiber
4279,fiber
4280,fiber
4281,fiber
4282,fiber
4283,vesicle
4284,fiber
4285,fiber
4286,fiber
4287,fiber
4288,fiber
4289,fiber
4290,fiber
4291,vesicle
4292,fiber
4293,fiber
4294,fiber
4295,vesicle
4296,fiber
4297,fiber
4298,fiber
4299,fiber
4300,fiber
4301,fiber
4302,fiber
4303,vesicle
4304,fiber
4305,fiber
4306,fiber
4307,fiber
4308,fiber
4309,fiber
4310,fiber
4311,fiber
4312,fiber
4313,fiber
4314,vesicle
4315,vesicle
4316,fiber
4317,fiber
4318,fiber
4319,fiber
4320,fiber
4321,fiber
4322,fiber
4323,vesicle
4324,fiber
4325,fiber
4326,fiber
4327,fiber
4328,fiber
4329,fiber
4330,fiber
4331,fiber
4332,vesicle
4333,fiber
4334,vesicle
4335,fiber
4336,fiber
4337,fiber
4338,vesicle
4339,fiber
4340,fiber
4341,fiber
4342,vesicle
4343,vesicle
4344,fiber
4345,fiber
4346,fiber
4347,fiber
4348,fiber
4349,vesicle
4350,fiber
4351,fiber
4352,fiber
4353,fiber
4354,fiber
4355,vesicle
4356,fiber
4357,fiber
4358,fiber
4359,fiber
4360,vesicle
4361,vesicle
4362,fiber
4363,vesicle
4364,fiber
4365,fiber
4366,fiber
4367,fiber
4368,fiber
4369,fiber
4370,fiber
4371,fiber
4372,fiber
4373,fiber
4374,vesicle
4375,fiber
4376,fiber
4377,fiber
4378,fiber
4379,fiber
4380,vesicle
4381,fiber
4382,fiber
4383,fiber
4384,fiber
4385,vesicle
4386,fiber
4387,vesicle
4388,vesicle
4389,fiber
4390,fiber
4391,fiber
4392,fiber
4393,fiber
4394,fiber
4395,fiber
4396,fiber
4397,fiber
4398,vesicle
4399,vesicle
4400,vesicle
4401,vesicle
4402,fiber
4403,vesicle
4404,fiber
4405,vesicle
4406,fiber
4407,vesicle
4408,fiber
4409,fiber
4410,fiber
4411,fiber
4412,vesicle
4413,vesicle
4414,fiber
4415,vesicle
4416,fiber
4417,fiber
4418,fiber
4419,vesicle
4420,vesicle
4421,fiber
4422,fiber
4423,vesicle
4424,fiber
4425,fiber
4426,fiber
4427,fiber
4428,vesicle
4429,vesicle
4430,vesicle
4431,fiber
4432,fiber
4433,fiber
4434,vesicle
4435,vesicle
4436,fiber
4437,fiber
4438,fiber
4439,fiber
4440,fiber
4441,fiber
4442,vesicle
4443,vesicle
4444,vesicle
4445,fiber
4446,fiber
4447,fiber
4448,fiber
4449,fiber
4450,fiber
4451,fiber
4452,fiber
4453,fiber
4454,fiber
4455,fiber
4456,fiber
4457,fiber
4458,fiber
4459,fiber
4460,fiber
4461,fiber
4462,fiber
4463,vesicle
4464,fiber
4465,fiber
4466,fiber
4467,fiber
4468,vesicle
4469,fiber
4470,vesicle
4471,vesicle
4472,fiber
4473,vesicle
4474,fiber
4475,fiber
4476,fiber
4477,vesicle
4478,vesicle
4479,vesicle
4480,fiber
4481,vesicle
4482,vesicle
4483,vesicle
4484,fiber
4485,fiber
4486,fiber
4487,vesicle
4488,vesicle
4489,fiber
4490,vesicle
4491,vesicle
4492,fiber
4493,fiber
4494,fiber
4495,vesicle
4496,vesicle
4497,vesicle
4498,vesicle
4499,vesicle
4500,vesicle
4501,vesicle
4502,fiber
4503,fiber
4504,fiber
4505,vesicle
4506,fiber
4507,fiber
4508,fiber
4509,vesicle
4510,fiber
4511,vesicle
4512,vesicle
4513,vesicle
4514,vesicle
4515,vesicle
4516,vesicle
4517,fiber
4518,vesicle
4519,fiber
4520,vesicle
4521,vesicle
4522,fiber
4523,vesicle
4524,vesicle
4525,fiber
4526,vesicle
4527,vesicle
4528,fiber
4529,vesicle
4530,vesicle
4531,vesicle
4532,vesicle
4533,vesicle
4534,vesicle
4535,fiber
4536,fiber
4537,vesicle
4538,vesicle
4539,vesicle
4540,vesicle
4541,fiber
4542,vesicle
4543,vesicle
4544,vesicle
4545,vesicle
4546,fiber
4547,fiber
4548,vesicle
4549,fiber
4550,fiber
4551,fiber
4552,vesicle
4553,fiber
4554,fiber
4555,vesicle
4556,vesicle
4557,vesicle
4558,vesicle
4559,vesicle
4560,vesicle
4561,vesicle
4562,vesicle
4563,vesicle
4564,vesicle
4565,vesicle
4566,vesicle
4567,vesicle
4568,vesicle
4569,fiber
4570,vesicle
4571,vesicle
4572,vesicle
4573,vesicle
4574,vesicle
4575,vesicle
4576,vesicle
4577,vesicle
4578,vesicle
4579,vesicle
4580,vesicle
4581,vesicle
4582,vesicle
4583,vesicle
4584,vesicle
4585,vesicle
4586,vesicle
4587,vesicle
4588,vesicle
4589,vesicle
4590,vesicle
4591,vesicle
4592,fiber
4593,vesicle
4594,vesicle
4595,vesicle
4596,fiber
4597,vesicle
4598,vesicle
4599,vesicle
4600,vesicle
4601,vesicle
4602,vesicle
4603,fiber
4604,vesicle
4605,vesicle
4606,vesicle
4607,vesicle
4608,vesicle
4609,fiber
4610,vesicle
4611,vesicle
4612,vesicle
4613,vesicle
4614,vesicle
4615,vesicle
4616,vesicle
4617,vesicle
4618,fiber
4619,vesicle
4620,vesicle
4621,vesicle
4622,vesicle
4623,vesicle
4624,vesicle
4625,vesicle
4626,vesicle
4627,vesicle
4628,vesicle
4629,vesicle
4630,vesicle
4631,vesicle
4632,vesicle
4633,vesicle
4634,vesicle
4635,vesicle
4636,vesicle
4637,vesicle
4638,vesicle
4639,vesicle
4640,vesicle
4641,vesicle
4642,vesicle
4643,vesicle
4644,vesicle
4645,vesicle
4646,vesicle
4647,vesicle
4648,vesicle
4649,vesicle
4650,vesicle
4651,vesicle
4652,vesicle
4653,vesicle
4654,vesicle
4655,vesicle
4656,vesicle
4657,vesicle
4658,vesicle
4659,vesicle
4660,vesicle
4661,vesicle
4662,vesicle
4663,fiber
4664,vesicle
4665,vesicle
4666,vesicle
4667,fiber
4668,fiber
4669,fiber
4670,vesicle
4671,fiber
4672,fiber
4673,vesicle
4674,vesicle
4675,vesicle
4676,vesicle
4677,vesicle
4678,fiber
4679,fiber
4680,vesicle
4681,vesicle
4682,fiber
4683,vesicle
4684,fiber
4685,fiber
4686,fiber
4687,vesicle
4688,vesicle
4689,vesicle
4690,fiber
4691,vesicle
4692,vesicle
4693,vesicle
4694,vesicle
4695,vesicle
4696,vesicle
4697,vesicle
4698,fiber
4699,vesicle
4700,fiber
4701,vesicle
4702,fiber
4703,fiber
4704,fiber
4705,fiber
4706,vesicle
4707,fiber
4708,fiber
4709,vesicle
4710,vesicle
4711,vesicle
4712,fiber
4713,fiber
4714,vesicle
4715,fiber
4716,vesicle
4717,vesicle
4718,fiber
4719,vesicle
4720,vesicle
4721,vesicle
4722,fiber
4723,vesicle
4724,fiber
4725,vesicle
4726,vesicle
4727,fiber
4728,vesicle
4729,fiber
4730,fiber
4731,vesicle
4732,vesicle
4733,fiber
4734,vesicle
4735,fiber
4736,fiber
4737,fiber
4738,fiber
4739,fiber
4740,vesicle
4741,fiber
4742,vesicle
4743,vesicle
4744,vesicle
4745,vesicle
4746,vesicle
4747,vesicle
4748,vesicle
4749,vesicle
4750,vesicle
4751,vesicle
4752,vesicle
4753,vesicle
4754,vesicle
4755,vesicle
4756,vesicle
4757,vesicle
4758,vesicle
4759,vesicle
4760,vesicle
4761,vesicle
4762,vesicle
4763,vesicle
4764,vesicle
4765,vesicle
4766,vesicle
4767,vesicle
4768,vesicle
4769,vesicle
4770,vesicle
4771,vesicle
4772,vesicle
4773,vesicle
4774,vesicle
4775,vesicle
4776,vesicle
4777,vesicle
4778,vesicle
4779,vesicle
4780,vesicle
4781,vesicle
4782,vesicle
4783,vesicle
4784,vesicle
4785,vesicle
4786,vesicle
4787,vesicle
4788,vesicle
4789,vesicle
4790,vesicle
4791,vesicle
4792,vesicle
4793,vesicle
4794,vesicle
4795,vesicle
4796,vesicle
4797,vesicle
4798,vesicle
4799,vesicle
4800,vesicle
4801,vesicle
4802,vesicle
4803,vesicle
4804,vesicle
4805,fiber
4806,vesicle
4807,vesicle
4808,vesicle
4809,fiber
4810,fiber
4811,fiber
4812,fiber
4813,vesicle
4814,fiber
4815,fiber
4816,fiber
4817,fiber
4818,fiber
4819,vesicle
4820,vesicle
4821,fiber
4822,fiber
4823,fiber
4824,fiber
4825,fiber
4826,fiber
4827,fiber
4828,fiber
4829,fiber
4830,fiber
4831,vesicle
4832,vesicle
4833,fiber
4834,vesicle
4835,fiber
4836,fiber
4837,fiber
4838,fiber
4839,fiber
4840,fiber
4841,fiber
4842,fiber
4843,fiber
4844,fiber
4845,vesicle
4846,fiber
4847,fiber
4848,fiber
4849,fiber
4850,fiber
4851,fiber
4852,fiber
4853,fiber
4854,fiber
4855,fiber
4856,fiber
4857,fiber
4858,fiber
4859,vesicle
4860,fiber
4861,fiber
4862,fiber
4863,fiber
4864,fiber
4865,fiber
4866,fiber
4867,fiber
4868,fiber
4869,fiber
4870,fiber
4871,fiber
4872,fiber
4873,fiber
4874,fiber
4875,fiber
4876,fiber
4877,fiber
4878,fiber
4879,fiber
4880,fiber
4881,fiber
4882,fiber
4883,vesicle
4884,fiber
4885,fiber
4886,fiber
4887,fiber
4888,fiber
4889,fiber
4890,fiber
4891,vesicle
4892,fiber
4893,fiber
4894,fiber
4895,fiber
4896,fiber
4897,fiber
4898,fiber
4899,fiber
4900,fiber
4901,fiber
4902,vesicle
4903,fiber
4904,fiber
4905,vesicle
4906,fiber
4907,fiber
4908,fiber
4909,fiber
4910,vesicle
4911,fiber
4912,fiber
4913,fiber
4914,fiber
4915,fiber
4916,fiber
4917,fiber
4918,vesicle
4919,fiber
4920,fiber
4921,fiber
4922,fiber
4923,vesicle
4924,vesicle
4925,fiber
4926,vesicle
4927,fiber
4928,fiber
4929,fiber
4930,fiber
4931,fiber
4932,vesicle
4933,vesicle
4934,vesicle
4935,vesicle
4936,vesicle
4937,vesicle
4938,vesicle
4939,vesicle
4940,vesicle
4941,vesicle
4942,vesicle
4943,vesicle
4944,vesicle
4945,vesicle
4946,vesicle
4947,vesicle
4948,vesicle
4949,vesicle
4950,vesicle
4951,vesicle
4952,vesicle
4953,vesicle
4954,vesicle
4955,vesicle
4956,vesicle
4957,vesicle
4958,vesicle
4959,vesicle
4960,vesicle
4961,vesicle
4962,vesicle
4963,vesicle
4964,vesicle
4965,vesicle
4966,vesicle
4967,vesicle
4968,vesicle
4969,vesicle
4970,vesicle
4971,vesicle
4972,vesicle
4973,vesicle
4974,vesicle
4975,vesicle
4976,vesicle
4977,vesicle
4978,vesicle
4979,vesicle
4980,vesicle
4981,vesicle
4982,vesicle
4983,vesicle
4984,vesicle
4985,vesicle
4986,vesicle
4987,vesicle
4988,vesicle
4989,vesicle
4990,vesicle
4991,vesicle
4992,vesicle
4993,vesicle
4994,vesicle
4995,vesicle
4996,vesicle
4997,vesicle
4998,fiber
4999,vesicle
5000,vesicle
5001,vesicle
5002,vesicle
5003,vesicle
5004,vesicle
5005,vesicle
5006,vesicle
5007,vesicle
5008,vesicle
5009,vesicle
5010,vesicle
5011,vesicle
5012,vesicle
5013,vesicle
5014,vesicle
5015,vesicle
5016,vesicle
5017,vesicle
5018,vesicle
5019,vesicle
5020,vesicle
5021,vesicle
5022,vesicle
5023,vesicle
5024,fiber
5025,vesicle
5026,vesicle
5027,vesicle
5028,vesicle
5029,vesicle
5030,vesicle
5031,fiber
5032,vesicle
5033,vesicle
5034,vesicle
5035,vesicle
5036,vesicle
5037,vesicle
5038,vesicle
5039,vesicle
5040,vesicle
5041,vesicle
5042,vesicle
5043,vesicle
5044,vesicle
5045,vesicle
5046,vesicle
5047,vesicle
5048,vesicle
5049,vesicle
5050,vesicle
5051,vesicle
5052,vesicle
5053,vesicle
5054,vesicle
5055,vesicle
5056,vesicle
5057,vesicle
5058,vesicle
5059,vesicle
5060,vesicle
5061,vesicle
5062,vesicle
5063,vesicle
5064,vesicle
5065,vesicle
5066,vesicle
5067,vesicle
5068,vesicle
5069,vesicle
5070,vesicle
5071,vesicle
5072,vesicle
5073,vesicle
5074,vesicle
5075,vesicle
5076,vesicle
5077,vesicle
5078,vesicle
5079,vesicle
5080,vesicle
5081,vesicle
5082,vesicle
5083,vesicle
5084,vesicle
5085,vesicle
5086,vesicle
5087,vesicle
5088,vesicle
5089,vesicle
5090,vesicle
5091,vesicle
5092,vesicle
5093,vesicle
5094,vesicle
5095,vesicle
5096,vesicle
5097,vesicle
5098,vesicle
5099,vesicle
5100,vesicle
5101,vesicle
5102,vesicle
5103,vesicle
5104,vesicle
5105,vesicle
5106,vesicle
5107,vesicle
5108,vesicle
5109,vesicle
5110,vesicle
5111,vesicle
5112,vesicle
5113,vesicle
5114,vesicle
5115,vesicle
5116,vesicle
5117,vesicle
5118,vesicle
5119,vesicle
5120,vesicle
5121,vesicle
5122,vesicle
5123,vesicle
5124,vesicle
5125,vesicle
5126,vesicle
5127,vesicle
5128,vesicle
5129,vesicle
5130,vesicle
5131,vesicle
5132,vesicle
5133,vesicle
5134,vesicle
5135,vesicle
5136,vesicle
5137,vesicle
5138,vesicle
5139,vesicle
5140,vesicle
5141,vesicle
5142,vesicle
5143,vesicle
5144,vesicle
5145,vesicle
5146,vesicle
5147,vesicle
5148,vesicle
5149,vesicle
5150,vesicle
5151,vesicle
5152,vesicle
5153,vesicle
5154,vesicle
5155,vesicle
5156,vesicle
5157,vesicle
5158,vesicle
5159,vesicle
5160,vesicle
5161,vesicle
5162,vesicle
5163,vesicle
5164,vesicle
5165,vesicle
5166,vesicle
5167,vesicle
5168,vesicle
5169,vesicle
5170,vesicle
5171,vesicle
5172,vesicle
5173,vesicle
5174,vesicle
5175,vesicle
5176,vesicle
5177,vesicle
5178,vesicle
5179,vesicle
5180,vesicle
5181,vesicle
5182,vesicle
5183,vesicle
5184,vesicle
5185,vesicle
5186,vesicle
5187,vesicle
5188,vesicle
5189,vesicle
5190,vesicle
5191,vesicle
5192,vesicle
5193,vesicle
5194,vesicle
5195,vesicle
5196,vesicle
5197,vesicle
5198,vesicle
5199,vesicle
5200,vesicle
5201,vesicle
5202,vesicle
5203,vesicle
5204,vesicle
5205,vesicle
5206,vesicle
5207,vesicle
5208,vesicle
5209,vesicle
5210,vesicle
5211,vesicle
5212,vesicle
5213,vesicle
5214,vesicle
5215,vesicle
5216,vesicle
5217,vesicle
5218,vesicle
5219,vesicle
5220,fiber
5221,vesicle
5222,vesicle
5223,vesicle
5224,fiber
5225,fiber
5226,fiber
5227,vesicle
5228,vesicle
5229,vesicle
5230,vesicle
5231,vesicle
5232,vesicle
5233,vesicle
5234,vesicle
5235,vesicle
5236,vesicle
5237,vesicle
5238,vesicle
5239,vesicle
5240,vesicle
5241,vesicle
5242,vesicle
5243,fiber
5244,vesicle
5245,fiber
5246,fiber
5247,fiber
5248,fiber
5249,fiber
5250,fiber
5251,fiber
5252,vesicle
5253,fiber
5254,fiber
5255,vesicle
5256,fiber
5257,fiber
5258,fiber
5259,vesicle
5260,fiber
5261,fiber
5262,fiber
5263,fiber
5264,fiber
5265,fiber
5266,fiber
5267,fiber
5268,fiber
5269,fiber
5270,fiber
5271,fiber
5272,fiber
5273,fiber
5274,fiber
5275,fiber
5276,fiber
5277,fiber
5278,fiber
5279,fiber
5280,fiber
5281,fiber
5282,fiber
5283,fiber
5284,fiber
5285,fiber
5286,fiber
5287,fiber
5288,fiber
5289,fiber
5290,fiber
5291,vesicle
5292,fiber
5293,fiber
5294,fiber
5295,fiber
5296,vesicle
5297,fiber
5298,fiber
5299,fiber
5300,fiber
5301,fiber
5302,vesicle
5303,fiber
5304,fiber
5305,fiber
5306,vesicle
5307,fiber
5308,fiber
5309,fiber
5310,fiber
5311,fiber
5312,fiber
5313,vesicle
5314,fiber
5315,fiber
5316,fiber
5317,fiber
5318,fiber
5319,vesicle
5320,fiber
5321,fiber
5322,fiber
5323,fiber
5324,fiber
5325,fiber
5326,fiber
5327,fiber
5328,fiber
5329,fiber
5330,vesicle
5331,vesicle
5332,fiber
5333,vesicle
5334,fiber
5335,fiber
5336,fiber
5337,fiber
5338,fiber
5339,fiber
5340,vesicle
5341,fiber
5342,fiber
5343,fiber
5344,fiber
5345,fiber
5346,fiber
5347,vesicle
5348,vesicle
5349,fiber
5350,fiber
5351,fiber
5352,fiber
5353,fiber
5354,fiber
5355,fiber
5356,vesicle
5357,vesicle
5358,vesicle
5359,fiber
5360,fiber
5361,fiber
5362,fiber
5363,fiber
5364,fiber
5365,fiber
5366,fiber
5367,fiber
5368,fiber
5369,fiber
5370,fiber
5371,fiber
5372,vesicle
5373,fiber
5374,fiber
5375,fiber
5376,fiber
5377,fiber
5378,fiber
5379,fiber
5380,fiber
5381,fiber
5382,vesicle
5383,vesicle
5384,fiber
5385,fiber
5386,fiber
5387,fiber
5388,fiber
5389,fiber
5390,fiber
5391,vesicle
5392,vesicle
5393,fiber
5394,fiber
5395,fiber
5396,fiber
5397,fiber
5398,fiber
5399,vesicle
5400,vesicle
5401,fiber
5402,fiber
5403,fiber
5404,vesicle
5405,vesicle
5406,vesicle
5407,vesicle
5408,vesicle
5409,vesicle
5410,fiber
5411,fiber
5412,fiber
5413,fiber
5414,fiber
5415,fiber
5416,vesicle
5417,fiber
5418,fiber
5419,vesicle
5420,fiber
5421,vesicle
5422,fiber
5423,vesicle
5424,vesicle
5425,fiber
5426,fiber
5427,fiber
5428,vesicle
5429,fiber
5430,fiber
5431,fiber
5432,fiber
5433,fiber
5434,fiber
5435,fiber
5436,fiber
5437,fiber
5438,vesicle
5439,fiber
5440,vesicle
5441,vesicle
5442,vesicle
5443,vesicle
5444,vesicle
5445,vesicle
5446,fiber
5447,fiber
5448,fiber
5449,fiber
5450,fiber
5451,fiber
5452,fiber
5453,fiber
5454,vesicle
5455,vesicle
5456,vesicle
5457,fiber
5458,vesicle
5459,vesicle
5460,vesicle
5461,vesicle
5462,vesicle
5463,vesicle
5464,vesicle
5465,vesicle
5466,vesicle
5467,vesicle
5468,vesicle
5469,vesicle
5470,vesicle
5471,vesicle
5472,fiber
5473,vesicle
5474,vesicle
5475,vesicle
5476,vesicle
5477,vesicle
5478,vesicle
5479,vesicle
5480,vesicle
5481,vesicle
5482,vesicle
5483,vesicle
5484,vesicle
5485,vesicle
5486,fiber
5487,vesicle
5488,vesicle
5489,vesicle
5490,vesicle
5491,vesicle
5492,vesicle
5493,vesicle
5494,vesicle
5495,vesicle
5496,vesicle
5497,vesicle
5498,vesicle
5499,vesicle
5500,vesicle
5501,fiber
5502,vesicle
5503,fiber
5504,fiber
5505,vesicle
5506,fiber
5507,vesicle
5508,vesicle
5509,fiber
5510,vesicle
5511,vesicle
5512,vesicle
5513,vesicle
5514,vesicle
5515,vesicle
5516,vesicle
5517,vesicle
5518,vesicle
5519,vesicle
5520,vesicle
5521,vesicle
5522,vesicle
5523,vesicle
5524,vesicle
5525,vesicle
5526,vesicle
5527,vesicle
5528,vesicle
5529,vesicle
5530,vesicle
5531,vesicle
5532,vesicle
5533,vesicle
5534,vesicle
5535,vesicle
5536,vesicle
5537,vesicle
5538,vesicle
5539,vesicle
5540,vesicle
5541,vesicle
5542,vesicle
5543,vesicle
5544,vesicle
5545,vesicle
5546,vesicle
5547,vesicle
5548,vesicle
5549,vesicle
5550,vesicle
5551,vesicle
5552,vesicle
5553,vesicle
5554,vesicle
5555,vesicle
5556,vesicle
5557,vesicle
5558,vesicle
5559,vesicle
5560,vesicle
5561,vesicle
5562,vesicle
5563,vesicle
5564,vesicle
5565,vesicle
5566,vesicle
5567,vesicle
5568,vesicle
5569,vesicle
5570,vesicle
5571,vesicle
5572,fiber
5573,vesicle
5574,vesicle
5575,vesicle
5576,vesicle
5577,vesicle
5578,vesicle
5579,vesicle
5580,vesicle
5581,vesicle
5582,vesicle
5583,vesicle
5584,vesicle
5585,vesicle
5586,vesicle
5587,vesicle
5588,vesicle
5589,vesicle
5590,vesicle
5591,vesicle
5592,vesicle
5593,vesicle
5594,vesicle
5595,vesicle
5596,vesicle
5597,vesicle
5598,vesicle
5599,vesicle
5600,vesicle
5601,vesicle
5602,vesicle
5603,vesicle
5604,vesicle
5605,vesicle
5606,vesicle
5607,vesicle
5608,vesicle
5609,vesicle
5610,vesicle
5611,vesicle
5612,vesicle
5613,vesicle
5614,vesicle
5615,vesicle
5616,vesicle
5617,vesicle
5618,vesicle
5619,vesicle
5620,vesicle
5621,vesicle
5622,vesicle
5623,vesicle
5624,vesicle
5625,vesicle
5626,vesicle
5627,vesicle
5628,vesicle
5629,vesicle
5630,vesicle
5631,vesicle
5632,vesicle
5633,vesicle
5634,vesicle
5635,vesicle
5636,vesicle
5637,vesicle
5638,vesicle
5639,vesicle
5640,vesicle
5641,vesicle
5642,vesicle
5643,vesicle
5644,vesicle
5645,vesicle
5646,vesicle
5647,vesicle
5648,vesicle
5649,vesicle
5650,vesicle
5651,vesicle
5652,vesicle
5653,vesicle
5654,vesicle
5655,vesicle
5656,vesicle
5657,vesicle
5658,vesicle
5659,vesicle
5660,vesicle
5661,vesicle
5662,vesicle
5663,vesicle
5664,vesicle
5665,vesicle
5666,vesicle
5667,vesicle
5668,vesicle
5669,vesicle
5670,vesicle
5671,vesicle
5672,vesicle
5673,vesicle
5674,vesicle
5675,vesicle
5676,vesicle
5677,vesicle
5678,vesicle
5679,vesicle
5680,vesicle
5681,vesicle
5682,vesicle
5683,vesicle
5684,vesicle
5685,vesicle
5686,vesicle
5687,vesicle
5688,vesicle
5689,vesicle
5690,vesicle
5691,vesicle
5692,vesicle
5693,vesicle
5694,vesicle
5695,vesicle
5696,vesicle
5697,vesicle
5698,vesicle
5699,vesicle
5700,vesicle
5701,vesicle
5702,vesicle
5703,vesicle
5704,vesicle
5705,vesicle
5706,vesicle
5707,vesicle
5708,vesicle
5709,vesicle
5710,vesicle
5711,vesicle
5712,vesicle
5713,vesicle
5714,vesicle
5715,vesicle
5716,vesicle
5717,vesicle
5718,vesicle
5719,vesicle
5720,vesicle
5721,vesicle
5722,vesicle
5723,vesicle
5724,vesicle
5725,vesicle
5726,vesicle
5727,vesicle
5728,vesicle
5729,vesicle
5730,vesicle
5731,vesicle
5732,vesicle
5733,vesicle
5734,vesicle
5735,vesicle
5736,vesicle
5737,vesicle
5738,vesicle
5739,vesicle
5740,vesicle
5741,vesicle
5742,vesicle
5743,vesicle
5744,vesicle
5745,vesicle
5746,vesicle
5747,vesicle
5748,vesicle
5749,vesicle
5750,vesicle
5751,vesicle
5752,vesicle
5753,vesicle
5754,vesicle
5755,vesicle
5756,vesicle
5757,vesicle
5758,vesicle
5759,vesicle
5760,vesicle
5761,vesicle
5762,vesicle
5763,vesicle
5764,vesicle
5765,vesicle
5766,vesicle
5767,vesicle
5768,vesicle
5769,vesicle
5770,vesicle
5771,vesicle
5772,vesicle
5773,vesicle
5774,vesicle
5775,vesicle
5776,vesicle
5777,vesicle
5778,fiber
5779,vesicle
5780,vesicle
5781,vesicle
5782,vesicle
5783,vesicle
5784,vesicle
5785,vesicle
5786,fiber
5787,vesicle
5788,vesicle
5789,vesicle
5790,vesicle
5791,vesicle
5792,vesicle
5793,vesicle
5794,vesicle
5795,vesicle
5796,vesicle
5797,vesicle
5798,vesicle
5799,vesicle
5800,vesicle
5801,vesicle
5802,vesicle
5803,vesicle
5804,vesicle
5805,vesicle
5806,vesicle
5807,vesicle
5808,vesicle
5809,vesicle
5810,vesicle
5811,vesicle
5812,vesicle
5813,vesicle
5814,vesicle
5815,vesicle
5816,vesicle
5817,vesicle
5818,vesicle
5819,vesicle
5820,vesicle
5821,fiber
5822,vesicle
5823,vesicle
5824,vesicle
5825,fiber
5826,vesicle
5827,vesicle
5828,vesicle
5829,fiber
5830,vesicle
5831,vesicle
5832,vesicle
5833,vesicle
5834,vesicle
5835,vesicle
5836,vesicle
5837,fiber
5838,vesicle
5839,vesicle
5840,vesicle
5841,fiber
5842,vesicle
5843,fiber
5844,fiber
5845,vesicle
5846,vesicle
5847,vesicle
5848,vesicle
5849,vesicle
5850,vesicle
5851,vesicle
5852,vesicle
5853,vesicle
5854,vesicle
5855,vesicle
5856,vesicle
5857,vesicle
5858,vesicle
5859,vesicle
5860,vesicle
5861,vesicle
5862,vesicle
5863,fiber
5864,vesicle
5865,vesicle
5866,vesicle
5867,vesicle
5868,vesicle
5869,vesicle
5870,vesicle
5871,vesicle
5872,vesicle
5873,vesicle
5874,vesicle
5875,vesicle
5876,vesicle
5877,vesicle
5878,vesicle
5879,vesicle
5880,vesicle
5881,vesicle
5882,vesicle
5883,vesicle
5884,vesicle
5885,vesicle
5886,vesicle
5887,fiber
5888,fiber
5889,fiber
5890,fiber
5891,fiber
5892,fiber
5893,fiber
5894,fiber
5895,fiber
5896,vesicle
5897,fiber
5898,fiber
5899,vesicle
5900,vesicle
5901,vesicle
5902,vesicle
5903,vesicle
5904,fiber
5905,fiber
5906,fiber
5907,fiber
5908,vesicle
5909,vesicle
5910,vesicle
5911,vesicle
5912,vesicle
5913,vesicle
5914,vesicle
5915,vesicle
5916,vesicle
5917,vesicle
5918,vesicle
5919,vesicle
5920,vesicle
5921,vesicle
5922,vesicle
5923,vesicle
5924,vesicle
5925,vesicle
5926,vesicle
5927,vesicle
5928,vesicle
5929,vesicle
5930,vesicle
5931,vesicle
5932,vesicle
5933,vesicle
5934,vesicle
5935,vesicle
5936,vesicle
5937,vesicle
5938,vesicle
5939,vesicle
5940,fiber
5941,fiber
5942,fiber
5943,fiber
5944,fiber
5945,fiber
5946,vesicle
5947,vesicle
5948,vesicle
5949,vesicle
5950,vesicle
5951,vesicle
5952,vesicle
5953,vesicle
5954,vesicle
5955,vesicle
5956,fiber
5957,fiber
5958,fiber
5959,vesicle
5960,vesicle
5961,vesicle
5962,vesicle
5963,vesicle
5964,vesicle
5965,vesicle
5966,vesicle
5967,vesicle
5968,vesicle
5969,vesicle
5970,vesicle
5971,vesicle
5972,vesicle
5973,vesicle
5974,vesicle
5975,vesicle
5976,vesicle
5977,vesicle
5978,vesicle
5979,vesicle
5980,vesicle
5981,vesicle
5982,vesicle
5983,vesicle
5984,vesicle
5985,vesicle
5986,vesicle
5987,vesicle
5988,vesicle
5989,vesicle
5990,vesicle
5991,vesicle
5992,vesicle
5993,vesicle
5994,vesicle
5995,vesicle
5996,vesicle
5997,vesicle
5998,vesicle
5999,vesicle
6000,vesicle
6001,vesicle
6002,vesicle
6003,vesicle
6004,vesicle
6005,vesicle
6006,vesicle
6007,vesicle
6008,vesicle
6009,vesicle
6010,vesicle
6011,vesicle
6012,vesicle
6013,vesicle
6014,vesicle
6015,vesicle
6016,vesicle
6017,vesicle
6018,vesicle
6019,vesicle
6020,vesicle
6021,vesicle
6022,vesicle
6023,vesicle
6024,vesicle
6025,fiber
6026,fiber
6027,vesicle
6028,vesicle
6029,vesicle
6030,fiber
6031,vesicle
6032,vesicle
6033,vesicle
6034,vesicle
6035,vesicle
6036,vesicle
6037,vesicle
6038,vesicle
6039,vesicle
6040,vesicle
6041,fiber
6042,vesicle
6043,vesicle
6044,vesicle
6045,vesicle
6046,vesicle
6047,fiber
6048,vesicle
6049,vesicle
6050,vesicle
6051,vesicle
6052,vesicle
6053,vesicle
6054,vesicle
6055,vesicle
6056,vesicle
6057,vesicle
6058,vesicle
6059,vesicle
6060,vesicle
6061,fiber
6062,vesicle
6063,vesicle
6064,fiber
6065,vesicle
6066,fiber
6067,fiber
6068,vesicle
6069,vesicle
6070,fiber
6071,fiber
6072,fiber
6073,fiber
6074,fiber
6075,fiber
6076,fiber
6077,vesicle
6078,fiber
6079,vesicle
6080,vesicle
6081,vesicle
6082,vesicle
6083,vesicle
6084,vesicle
6085,vesicle
6086,vesicle
6087,fiber
6088,fiber
6089,fiber
6090,fiber
6091,fiber
6092,vesicle
6093,fiber
6094,fiber
6095,fiber
6096,vesicle
6097,fiber
6098,vesicle
6099,vesicle
6100,vesicle
6101,vesicle
6102,vesicle
6103,vesicle
6104,vesicle
6105,vesicle
6106,vesicle
6107,vesicle
6108,vesicle
6109,vesicle
6110,fiber
6111,vesicle
6112,fiber
6113,vesicle
6114,vesicle
6115,fiber
6116,fiber
6117,fiber
6118,fiber
6119,fiber
6120,fiber
6121,fiber
6122,fiber
6123,fiber
6124,fiber
6125,fiber
6126,fiber
6127,fiber
6128,fiber
6129,vesicle
6130,vesicle
6131,fiber
6132,fiber
6133,fiber
6134,vesicle
6135,fiber
6136,fiber
6137,fiber
6138,fiber
6139,vesicle
6140,fiber
6141,fiber
6142,vesicle
6143,fiber
6144,fiber
6145,fiber
6146,fiber
6147,fiber
6148,fiber
6149,fiber
6150,vesicle
6151,fiber
6152,fiber
6153,fiber
6154,fiber
6155,fiber
6156,fiber
6157,fiber
6158,fiber
6159,fiber
6160,fiber
6161,fiber
6162,fiber
6163,vesicle
6164,vesicle
6165,vesicle
6166,fiber
6167,fiber
6168,fiber
6169,vesicle
6170,fiber
6171,fiber
6172,fiber
6173,fiber
6174,fiber
6175,fiber
6176,fiber
6177,vesicle
6178,vesicle
6179,fiber
6180,vesicle
6181,vesicle
6182,vesicle
6183,vesicle
6184,vesicle
6185,vesicle
6186,vesicle
6187,vesicle
6188,vesicle
6189,vesicle
6190,vesicle
6191,vesicle
6192,vesicle
6193,vesicle
6194,vesicle
6195,vesicle
6196,vesicle
6197,vesicle
6198,vesicle
6199,vesicle
6200,vesicle
6201,vesicle
6202,vesicle
6203,vesicle
6204,vesicle
6205,vesicle
6206,vesicle
6207,vesicle
6208,vesicle
6209,vesicle
6210,vesicle
6211,vesicle
6212,vesicle
6213,vesicle
6214,vesicle
6215,vesicle
6216,vesicle
6217,vesicle
6218,vesicle
6219,vesicle
6220,vesicle
6221,vesicle
6222,vesicle
6223,vesicle
6224,vesicle
6225,vesicle
6226,vesicle
6227,vesicle
6228,vesicle
6229,vesicle
6230,vesicle
6231,vesicle
6232,vesicle
6233,vesicle
6234,vesicle
6235,vesicle
6236,vesicle
6237,vesicle
6238,vesicle
6239,vesicle
6240,vesicle
6241,vesicle
6242,vesicle
6243,vesicle
6244,vesicle
6245,vesicle
6246,vesicle
6247,vesicle
6248,vesicle
6249,vesicle
6250,vesicle
6251,vesicle
6252,vesicle
6253,vesicle
6254,vesicle
6255,vesicle
6256,vesicle
6257,vesicle
6258,vesicle
6259,vesicle
6260,fiber
6261,vesicle
6262,vesicle
6263,fiber
6264,fiber
6265,vesicle
6266,vesicle
6267,vesicle
6268,vesicle
6269,vesicle
6270,fiber
6271,vesicle
6272,vesicle
6273,fiber
6274,vesicle
6275,vesicle
6276,vesicle
6277,vesicle
6278,vesicle
6279,vesicle
6280,vesicle
6281,vesicle
6282,vesicle
6283,vesicle
6284,vesicle
6285,fiber
6286,vesicle
6287,vesicle
6288,vesicle
6289,vesicle
6290,vesicle
6291,vesicle
6292,vesicle
6293,vesicle
6294,vesicle
6295,vesicle
6296,vesicle
6297,vesicle
6298,vesicle
6299,vesicle
6300,vesicle
6301,vesicle
6302,vesicle
6303,vesicle
6304,vesicle
6305,vesicle
6306,vesicle
6307,vesicle
6308,vesicle
6309,vesicle
6310,vesicle
6311,vesicle
6312,vesicle
6313,fiber
6314,fiber
6315,fiber
6316,fiber
6317,fiber
6318,fiber
6319,fiber
6320,fiber
6321,fiber
6322,fiber
6323,fiber
6324,fiber
6325,fiber
6326,fiber
6327,fiber
6328,fiber
6329,fiber
6330,fiber
6331,fiber
6332,fiber
6333,vesicle
6334,vesicle
6335,fiber
6336,vesicle
6337,fiber
6338,fiber
6339,fiber
6340,fiber
6341,fiber
6342,vesicle
6343,fiber
6344,vesicle
6345,fiber
6346,fiber
6347,fiber
6348,fiber
6349,fiber
6350,fiber
6351,vesicle
6352,vesicle
6353,fiber
6354,fiber
6355,vesicle
6356,vesicle
6357,vesicle
6358,vesicle
6359,vesicle
6360,vesicle
6361,vesicle
6362,vesicle
6363,vesicle
6364,vesicle
6365,vesicle
6366,vesicle
6367,vesicle
6368,vesicle
6369,vesicle
6370,vesicle
6371,vesicle
6372,vesicle
6373,fiber
6374,vesicle
6375,vesicle
6376,vesicle
6377,fiber
6378,vesicle
6379,fiber
6380,vesicle
6381,fiber
6382,fiber
6383,fiber
6384,vesicle
6385,vesicle
6386,vesicle
6387,vesicle
6388,vesicle
6389,vesicle
6390,vesicle
6391,vesicle
6392,vesicle
6393,fiber
6394,vesicle
6395,fiber
6396,fiber
6397,fiber
6398,fiber
6399,fiber
6400,fiber
6401,fiber
6402,fiber
6403,fiber
6404,fiber
6405,fiber
6406,fiber
6407,fiber
6408,fiber
6409,vesicle
6410,vesicle
6411,fiber
6412,fiber
6413,fiber
6414,fiber
6415,fiber
6416,fiber
6417,fiber
6418,fiber
6419,fiber
6420,fiber
6421,fiber
6422,fiber
6423,vesicle
6424,fiber
6425,vesicle
6426,fiber
6427,fiber
6428,fiber
6429,fiber
6430,vesicle
6431,vesicle
6432,fiber
6433,vesicle
6434,fiber
6435,vesicle
6436,fiber
6437,fiber
6438,fiber
6439,fiber
6440,fiber
6441,vesicle
6442,vesicle
6443,fiber
6444,fiber
6445,fiber
6446,vesicle
6447,fiber
6448,vesicle
6449,fiber
6450,fiber
6451,fiber
6452,fiber
6453,fiber
6454,fiber
6455,fiber
6456,fiber
6457,fiber
6458,fiber
6459,fiber
6460,fiber
6461,fiber
6462,fiber
6463,fiber
6464,fiber
6465,fiber
6466,fiber
6467,fiber
6468,fiber
6469,fiber
6470,vesicle
6471,fiber
6472,fiber
6473,fiber
6474,fiber
6475,fiber
6476,fiber
6477,fiber
6478,fiber
6479,fiber
6480,fiber
6481,fiber
6482,fiber
6483,fiber
6484,vesicle
6485,fiber
6486,vesicle
6487,fiber
6488,fiber
6489,fiber
6490,fiber
6491,fiber
6492,fiber
6493,fiber
6494,fiber
6495,fiber
6496,fiber
6497,fiber
6498,fiber
6499,fiber
6500,fiber
6501,fiber
6502,fiber
6503,fiber
6504,vesicle
6505,fiber
6506,fiber
6507,fiber
6508,fiber
6509,fiber
6510,fiber
6511,fiber
6512,fiber
6513,fiber
6514,fiber
6515,fiber
6516,fiber
6517,fiber
6518,fiber
6519,fiber
6520,fiber
6521,fiber
6522,fiber
6523,fiber
6524,fiber
6525,fiber
6526,fiber
6527,fiber
6528,fiber
6529,fiber
6530,fiber
6531,fiber
6532,fiber
6533,fiber
6534,fiber
6535,fiber
6536,fiber
6537,fiber
6538,fiber
6539,fiber
6540,fiber
6541,fiber
6542,fiber
6543,fiber
6544,fiber
6545,fiber
6546,fiber
6547,fiber
6548,fiber
6549,fiber
6550,fiber
6551,fiber
6552,fiber
6553,fiber
6554,fiber
6555,fiber
6556,fiber
6557,fiber
6558,fiber
6559,fiber
6560,fiber
6561,fiber
6562,fiber
6563,fiber
6564,fiber
6565,fiber
6566,fiber
6567,fiber
6568,fiber
6569,fiber
6570,fiber
6571,fiber
6572,fiber
6573,fiber
6574,fiber
6575,fiber
6576,fiber
6577,fiber
6578,fiber
6579,fiber
6580,fiber
6581,fiber
6582,fiber
6583,fiber
6584,fiber
6585,fiber
6586,fiber
6587,fiber
6588,fiber
6589,fiber
6590,fiber
6591,fiber
6592,fiber
6593,fiber
6594,fiber
6595,fiber
6596,fiber
6597,fiber
6598,fiber
6599,fiber
6600,fiber
6601,fiber
6602,fiber
6603,fiber
6604,fiber
6605,fiber
6606,vesicle
6607,fiber
6608,fiber
6609,fiber
6610,fiber
6611,fiber
6612,fiber
6613,fiber
6614,fiber
6615,fiber
6616,fiber
6617,fiber
6618,fiber
6619,fiber
6620,fiber
6621,fiber
6622,fiber
6623,fiber
6624,fiber
6625,fiber
6626,fiber
6627,fiber
6628,fiber
6629,fiber
6630,fiber
6631,fiber
6632,fiber
6633,fiber
6634,fiber
6635,fiber
6636,fiber
6637,fiber
6638,fiber
6639,fiber
6640,fiber
6641,fiber
6642,fiber
6643,fiber
6644,fiber
6645,fiber
6646,fiber
6647,fiber
6648,fiber
6649,fiber
6650,fiber
6651,fiber
6652,vesicle
6653,fiber
6654,fiber
6655,fiber
6656,fiber
6657,fiber
6658,fiber
6659,fiber
6660,vesicle
6661,fiber
6662,fiber
6663,fiber
6664,fiber
6665,fiber
6666,fiber
6667,fiber
6668,fiber
6669,fiber
6670,fiber
6671,fiber
6672,fiber
6673,fiber
6674,fiber
6675,fiber
6676,fiber
6677,fiber
6678,fiber
6679,fiber
6680,fiber
6681,fiber
6682,fiber
6683,fiber
6684,fiber
6685,fiber
6686,fiber
6687,fiber
6688,fiber
6689,vesicle
6690,fiber
6691,fiber
6692,fiber
6693,fiber
6694,fiber
6695,fiber
6696,fiber
6697,fiber
6698,fiber
6699,fiber
6700,fiber
6701,fiber
6702,fiber
6703,fiber
6704,fiber
6705,fiber
6706,fiber
6707,fiber
6708,fiber
6709,fiber
6710,fiber
6711,fiber
6712,fiber
6713,fiber
6714,fiber
6715,fiber
6716,fiber
6717,fiber
6718,fiber
6719,fiber
6720,fiber
6721,fiber
6722,fiber
6723,fiber
6724,fiber
6725,fiber
6726,fiber
6727,fiber
6728,fiber
6729,fiber
6730,fiber
6731,fiber
6732,fiber
6733,fiber
6734,fiber
6735,fiber
6736,vesicle
6737,fiber
6738,fiber
6739,vesicle
6740,fiber
6741,fiber
6742,fiber
6743,fiber
6744,fiber
6745,fiber
6746,fiber
6747,fiber
6748,fiber
6749,fiber
6750,fiber
6751,fiber
6752,fiber
6753,fiber
6754,fiber
6755,fiber
6756,fiber
6757,fiber
6758,fiber
6759,fiber
6760,fiber
6761,fiber
6762,fiber
6763,fiber
6764,fiber
6765,fiber
6766,fiber
6767,fiber
6768,fiber
6769,fiber
6770,fiber
6771,fiber
6772,fiber
6773,fiber
6774,fiber
6775,fiber
6776,fiber
6777,fiber
6778,fiber
6779,fiber
6780,fiber
6781,fiber
6782,fiber
6783,fiber
6784,fiber
6785,fiber
6786,fiber
6787,fiber
6788,fiber
6789,fiber
6790,fiber
6791,fiber
6792,vesicle
6793,fiber
6794,fiber
6795,vesicle
6796,fiber
6797,fiber
6798,fiber
6799,fiber
6800,fiber
6801,fiber
6802,fiber
6803,fiber
6804,fiber
6805,fiber
6806,fiber
6807,fiber
6808,fiber
6809,fiber
6810,vesicle
6811,fiber
6812,vesicle
6813,fiber
6814,fiber
6815,fiber
6816,fiber
6817,fiber
6818,fiber
6819,fiber
6820,vesicle
6821,fiber
6822,vesicle
6823,vesicle
6824,vesicle
6825,vesicle
6826,vesicle
6827,vesicle
6828,fiber
6829,fiber
6830,vesicle
6831,fiber
6832,fiber
6833,fiber
6834,fiber
6835,fiber
6836,fiber
6837,fiber
6838,fiber
6839,fiber
6840,vesicle
6841,fiber
6842,fiber
6843,fiber
6844,fiber
6845,fiber
6846,fiber
6847,fiber
6848,fiber
6849,vesicle
6850,fiber
6851,fiber
6852,fiber
6853,vesicle
6854,vesicle
6855,fiber
6856,fiber
6857,vesicle
6858,fiber
6859,fiber
6860,fiber
6861,fiber
6862,fiber
6863,fiber
6864,fiber
6865,fiber
6866,fiber
6867,fiber
6868,fiber
6869,fiber
6870,fiber
6871,vesicle
6872,fiber
6873,fiber
6874,tube
6875,vesicle
6876,vesicle
6877,vesicle
6878,vesicle
6879,vesicle
6880,vesicle
6881,vesicle
6882,vesicle
6883,fiber
6884,vesicle
6885,vesicle
6886,vesicle
6887,vesicle
6888,vesicle
6889,fiber
6890,vesicle
6891,fiber
6892,vesicle
6893,fiber
6894,fiber
6895,vesicle
6896,fiber
6897,fiber
6898,fiber
6899,tube
6900,fiber
6901,fiber
6902,fiber
6903,tube
6904,vesicle
6905,fiber
6906,fiber
6907,fiber
6908,fiber
6909,fiber
6910,fiber
6911,vesicle
6912,vesicle
6913,vesicle
6914,vesicle
6915,vesicle
6916,vesicle
6917,vesicle
6918,fiber
6919,fiber
6920,fiber
6921,fiber
6922,fiber
6923,fiber
6924,fiber
6925,fiber
6926,fiber
6927,fiber
6928,fiber
6929,fiber
6930,fiber
6931,fiber
6932,fiber
6933,fiber
6934,fiber
6935,fiber
6936,fiber
6937,fiber
6938,fiber
6939,fiber
6940,fiber
6941,fiber
6942,fiber
6943,fiber
6944,fiber
6945,vesicle
6946,vesicle
6947,vesicle
6948,vesicle
6949,vesicle
6950,fiber
6951,fiber
6952,fiber
6953,fiber
6954,vesicle
6955,fiber
6956,fiber
6957,fiber
6958,fiber
6959,fiber
6960,fiber
6961,fiber
6962,fiber
6963,vesicle
6964,fiber
6965,fiber
6966,fiber
6967,fiber
6968,fiber
6969,fiber
6970,fiber
6971,fiber
6972,vesicle
6973,fiber
6974,fiber
6975,vesicle
6976,fiber
6977,fiber
6978,vesicle
6979,fiber
6980,vesicle
6981,vesicle
6982,vesicle
6983,vesicle
6984,vesicle
6985,vesicle
6986,vesicle
6987,vesicle
6988,vesicle
6989,vesicle
6990,vesicle
6991,vesicle
6992,vesicle
6993,tube
6994,vesicle
6995,vesicle
6996,vesicle
6997,vesicle
6998,fiber
6999,vesicle
7000,vesicle
7001,fiber
7002,fiber
7003,fiber
7004,vesicle
7005,vesicle
7006,vesicle
7007,fiber
7008,fiber
7009,fiber
7010,fiber
7011,vesicle
7012,vesicle
7013,vesicle
7014,vesicle
7015,vesicle
7016,vesicle
7017,vesicle
7018,vesicle
7019,fiber
7020,fiber
7021,fiber
7022,vesicle
7023,vesicle
7024,fiber
7025,fiber
7026,fiber
7027,fiber
7028,fiber
7029,vesicle
7030,vesicle
7031,vesicle
7032,vesicle
7033,vesicle
7034,vesicle
7035,vesicle
7036,vesicle
7037,vesicle
7038,vesicle
7039,vesicle
7040,vesicle
7041,vesicle
7042,vesicle
7043,fiber
7044,fiber
7045,fiber
7046,fiber
7047,fiber
7048,vesicle
7049,fiber
7050,fiber
7051,fiber
7052,fiber
7053,vesicle
7054,vesicle
7055,vesicle
7056,fiber
7057,vesicle
7058,vesicle
7059,fiber
7060,vesicle
7061,vesicle
7062,vesicle
7063,vesicle
7064,vesicle
7065,vesicle
7066,vesicle
7067,vesicle
7068,vesicle
7069,fiber
7070,fiber
7071,fiber
7072,fiber
7073,fiber
7074,fiber
7075,fiber
7076,fiber
7077,fiber
7078,fiber
7079,fiber
7080,fiber
7081,fiber
7082,fiber
7083,fiber
7084,fiber
7085,fiber
7086,fiber
7087,fiber
7088,fiber
7089,fiber
7090,fiber
7091,fiber
7092,fiber
7093,vesicle
7094,vesicle
7095,fiber
7096,fiber
7097,vesicle
7098,fiber
7099,vesicle
7100,fiber
7101,fiber
7102,vesicle
7103,fiber
7104,fiber
7105,vesicle
7106,fiber
7107,fiber
7108,fiber
7109,vesicle
7110,vesicle
7111,fiber
7112,fiber
7113,vesicle
7114,fiber
7115,fiber
7116,fiber
7117,fiber
7118,vesicle
7119,vesicle
7120,vesicle
7121,fiber
7122,vesicle
7123,vesicle
7124,vesicle
7125,fiber
7126,vesicle
7127,fiber
7128,fiber
7129,vesicle
7130,vesicle
7131,vesicle
7132,vesicle
7133,vesicle
7134,vesicle
7135,fiber
7136,vesicle
7137,fiber
7138,fiber
7139,fiber
7140,vesicle
7141,fiber
7142,fiber
7143,vesicle
7144,vesicle
7145,fiber
7146,vesicle
7147,fiber
7148,vesicle
7149,fiber
7150,fiber
7151,fiber
7152,fiber
7153,fiber
7154,fiber
7155,fiber
7156,fiber
7157,fiber
7158,fiber
7159,fiber
7160,fiber
7161,fiber
7162,fiber
7163,fiber
7164,fiber
7165,fiber
7166,fiber
7167,fiber
7168,vesicle
7169,fiber
7170,fiber
7171,fiber
7172,fiber
7173,fiber
7174,fiber
7175,fiber
7176,fiber
7177,fiber
7178,fiber
7179,fiber
7180,fiber
7181,fiber
7182,fiber
7183,fiber
7184,fiber
7185,vesicle
7186,vesicle
7187,vesicle
7188,fiber
7189,fiber
7190,fiber
7191,fiber
7192,fiber
7193,fiber
7194,fiber
7195,fiber
7196,fiber
7197,fiber
7198,fiber
7199,vesicle
7200,vesicle
7201,fiber
7202,vesicle
7203,fiber
7204,vesicle
7205,vesicle
7206,vesicle
7207,vesicle
7208,vesicle
7209,vesicle
7210,vesicle
7211,vesicle
7212,vesicle
7213,vesicle
7214,vesicle
7215,vesicle
7216,vesicle
7217,vesicle
7218,vesicle
7219,vesicle
7220,vesicle
7221,vesicle
7222,vesicle
7223,vesicle
7224,vesicle
7225,vesicle
7226,vesicle
7227,vesicle
7228,vesicle
7229,vesicle
7230,vesicle
7231,vesicle
7232,vesicle
7233,vesicle
7234,vesicle
7235,vesicle
7236,vesicle
7237,vesicle
7238,vesicle
7239,vesicle
7240,vesicle
7241,vesicle
7242,vesicle
7243,vesicle
7244,vesicle
7245,vesicle
7246,vesicle
7247,vesicle
7248,vesicle
7249,vesicle
7250,vesicle
7251,vesicle
7252,vesicle
7253,vesicle
7254,vesicle
7255,vesicle
7256,vesicle
7257,vesicle
7258,vesicle
7259,vesicle
7260,vesicle
7261,vesicle
7262,vesicle
7263,vesicle
7264,vesicle
7265,vesicle
7266,vesicle
7267,vesicle
7268,fiber
7269,vesicle
7270,vesicle
7271,vesicle
7272,vesicle
7273,vesicle
7274,vesicle
7275,vesicle
7276,vesicle
7277,vesicle
7278,vesicle
7279,vesicle
7280,vesicle
7281,vesicle
7282,vesicle
7283,vesicle
7284,vesicle
7285,vesicle
7286,vesicle
7287,vesicle
7288,vesicle
7289,vesicle
7290,vesicle
7291,vesicle
7292,vesicle
7293,vesicle
7294,vesicle
7295,vesicle
7296,vesicle
7297,vesicle
7298,vesicle
7299,vesicle
7300,vesicle
7301,vesicle
7302,fiber
7303,fiber
7304,fiber
7305,fiber
7306,fiber
7307,vesicle
7308,vesicle
7309,vesicle
7310,vesicle
7311,vesicle
7312,vesicle
7313,vesicle
7314,vesicle
7315,vesicle
7316,vesicle
7317,vesicle
7318,vesicle
7319,vesicle
7320,vesicle
7321,vesicle
7322,vesicle
7323,vesicle
7324,vesicle
7325,vesicle
7326,vesicle
7327,vesicle
7328,vesicle
7329,vesicle
7330,vesicle
7331,vesicle
7332,vesicle
7333,vesicle
7334,vesicle
7335,vesicle
7336,vesicle
7337,vesicle
7338,fiber
7339,fiber
7340,fiber
7341,tube
7342,vesicle
7343,vesicle
7344,vesicle
7345,fiber
7346,fiber
7347,fiber
7348,fiber
7349,vesicle
7350,vesicle
7351,vesicle
7352,fiber
7353,vesicle
7354,vesicle
7355,fiber
7356,fiber
7357,fiber
7358,fiber
7359,fiber
7360,fiber
7361,fiber
7362,fiber
7363,fiber
7364,fiber
7365,fiber
7366,fiber
7367,fiber
7368,fiber
7369,fiber
7370,fiber
7371,fiber
7372,fiber
7373,fiber
7374,fiber
7375,fiber
7376,fiber
7377,fiber
7378,fiber
7379,fiber
7380,fiber
7381,fiber
7382,fiber
7383,fiber
7384,fiber
7385,fiber
7386,fiber
7387,fiber
7388,fiber
7389,fiber
7390,fiber
7391,fiber
7392,fiber
7393,fiber
7394,fiber
7395,fiber
7396,fiber
7397,fiber
7398,fiber
7399,fiber
7400,fiber
7401,fiber
7402,fiber
7403,fiber
7404,fiber
7405,fiber
7406,fiber
7407,fiber
7408,fiber
7409,fiber
7410,fiber
7411,fiber
7412,fiber
7413,fiber
7414,fiber
7415,fiber
7416,fiber
7417,fiber
7418,fiber
7419,fiber
7420,fiber
7421,fiber
7422,fiber
7423,fiber
7424,fiber
7425,fiber
7426,fiber
7427,fiber
7428,fiber
7429,fiber
7430,fiber
7431,fiber
7432,fiber
7433,fiber
7434,fiber
7435,fiber
7436,fiber
7437,fiber
7438,fiber
7439,fiber
7440,fiber
7441,fiber
7442,fiber
7443,fiber
7444,fiber
7445,fiber
7446,fiber
7447,fiber
7448,fiber
7449,fiber
7450,fiber
7451,fiber
7452,fiber
7453,fiber
7454,fiber
7455,fiber
7456,fiber
7457,fiber
7458,fiber
7459,fiber
7460,fiber
7461,fiber
7462,fiber
7463,fiber
7464,fiber
7465,fiber
7466,fiber
7467,fiber
7468,fiber
7469,fiber
7470,fiber
7471,fiber
7472,fiber
7473,fiber
7474,fiber
7475,fiber
7476,fiber
7477,fiber
7478,fiber
7479,fiber
7480,fiber
7481,fiber
7482,fiber
7483,fiber
7484,fiber
7485,fiber
7486,fiber
7487,fiber
7488,fiber
7489,fiber
7490,fiber
7491,fiber
7492,fiber
7493,fiber
7494,fiber
7495,fiber
7496,fiber
7497,fiber
7498,fiber
7499,fiber
7500,fiber
7501,fiber
7502,fiber
7503,vesicle
7504,fiber
7505,vesicle
7506,fiber
7507,vesicle
7508,fiber
7509,fiber
7510,fiber
7511,fiber
7512,fiber
7513,fiber
7514,fiber
7515,fiber
7516,fiber
7517,fiber
7518,fiber
7519,fiber
7520,fiber
7521,vesicle
7522,fiber
7523,fiber
7524,fiber
7525,fiber
7526,fiber
7527,fiber
7528,fiber
7529,fiber
7530,fiber
7531,fiber
7532,fiber
7533,fiber
7534,fiber
7535,fiber
7536,fiber
7537,fiber
7538,fiber
7539,fiber
7540,fiber
7541,fiber
7542,fiber
7543,fiber
7544,fiber
7545,fiber
7546,fiber
7547,fiber
7548,fiber
7549,fiber
7550,fiber
7551,fiber
7552,fiber
7553,fiber
7554,fiber
7555,fiber
7556,fiber
7557,vesicle
7558,fiber
7559,fiber
7560,vesicle
7561,fiber
7562,fiber
7563,vesicle
7564,fiber
7565,fiber
7566,fiber
7567,fiber
7568,fiber
7569,fiber
7570,fiber
7571,fiber
7572,fiber
7573,vesicle
7574,vesicle
7575,fiber
7576,fiber
7577,fiber
7578,fiber
7579,fiber
7580,fiber
7581,fiber
7582,fiber
7583,fiber
7584,fiber
7585,fiber
7586,fiber
7587,fiber
7588,fiber
7589,fiber
7590,fiber
7591,fiber
7592,fiber
7593,fiber
7594,fiber
7595,fiber
7596,fiber
7597,fiber
7598,fiber
7599,fiber
7600,fiber
7601,fiber
7602,fiber
7603,fiber
7604,fiber
7605,fiber
7606,fiber
7607,fiber
7608,fiber
7609,fiber
7610,fiber
7611,fiber
7612,fiber
7613,fiber
7614,fiber
7615,fiber
7616,fiber
7617,fiber
7618,fiber
7619,fiber
7620,fiber
7621,fiber
7622,fiber
7623,fiber
7624,fiber
7625,fiber
7626,fiber
7627,fiber
7628,fiber
7629,fiber
7630,fiber
7631,fiber
7632,fiber
7633,fiber
7634,fiber
7635,fiber
7636,fiber
7637,fiber
7638,fiber
7639,fiber
7640,fiber
7641,fiber
7642,fiber
7643,fiber
7644,fiber
7645,fiber
7646,fiber
7647,fiber
7648,fiber
7649,fiber
7650,fiber
7651,fiber
7652,fiber
7653,fiber
7654,fiber
7655,fiber
7656,fiber
7657,fiber
7658,fiber
7659,fiber
7660,fiber
7661,fiber
7662,fiber
7663,fiber
7664,fiber
7665,fiber
7666,fiber
7667,fiber
7668,fiber
7669,fiber
7670,fiber
7671,fiber
7672,fiber
7673,fiber
7674,fiber
7675,fiber
7676,fiber
7677,fiber
7678,fiber
7679,fiber
7680,fiber
7681,fiber
7682,fiber
7683,fiber
7684,fiber
7685,fiber
7686,fiber
7687,fiber
7688,fiber
7689,fiber
7690,fiber
7691,fiber
7692,fiber
7693,fiber
7694,fiber
7695,fiber
7696,fiber
7697,fiber
7698,fiber
7699,fiber
7700,fiber
7701,fiber
7702,fiber
7703,fiber
7704,fiber
7705,fiber
7706,fiber
7707,fiber
7708,fiber
7709,fiber
7710,fiber
7711,fiber
7712,fiber
7713,fiber
7714,fiber
7715,fiber
7716,fiber
7717,fiber
7718,fiber
7719,fiber
7720,fiber
7721,fiber
7722,fiber
7723,fiber
7724,fiber
7725,fiber
7726,fiber
7727,fiber
7728,fiber
7729,fiber
7730,fiber
7731,fiber
7732,fiber
7733,fiber
7734,fiber
7735,fiber
7736,fiber
7737,fiber
7738,fiber
7739,fiber
7740,fiber
7741,fiber
7742,fiber
7743,fiber
7744,fiber
7745,fiber
7746,fiber
7747,fiber
7748,fiber
7749,fiber
7750,fiber
7751,fiber
7752,fiber
7753,fiber
7754,fiber
7755,fiber
7756,fiber
7757,fiber
7758,fiber
7759,fiber
7760,fiber
7761,fiber
7762,fiber
7763,fiber
7764,vesicle
7765,fiber
7766,fiber
7767,fiber
7768,fiber
7769,fiber
7770,fiber
7771,fiber
7772,fiber
7773,fiber
7774,fiber
7775,fiber
7776,fiber
7777,fiber
7778,fiber
7779,fiber
7780,fiber
7781,fiber
7782,fiber
7783,fiber
7784,fiber
7785,fiber
7786,fiber
7787,fiber
7788,fiber
7789,fiber
7790,fiber
7791,fiber
7792,fiber
7793,fiber
7794,vesicle
7795,fiber
7796,fiber
7797,fiber
7798,fiber
7799,fiber
7800,fiber
7801,fiber
7802,fiber
7803,fiber
7804,fiber
7805,fiber
7806,fiber
7807,fiber
7808,fiber
7809,fiber
7810,fiber
7811,fiber
7812,fiber
7813,fiber
7814,fiber
7815,fiber
7816,fiber
7817,fiber
7818,fiber
7819,fiber
7820,fiber
7821,fiber
7822,fiber
7823,fiber
7824,fiber
7825,fiber
7826,fiber
7827,fiber
7828,fiber
7829,fiber
7830,fiber
7831,fiber
7832,fiber
7833,fiber
7834,fiber
7835,fiber
7836,fiber
7837,fiber
7838,fiber
7839,fiber
7840,fiber
7841,fiber
7842,fiber
7843,fiber
7844,fiber
7845,fiber
7846,fiber
7847,fiber
7848,fiber
7849,fiber
7850,fiber
7851,fiber
7852,vesicle
7853,fiber
7854,fiber
7855,fiber
7856,fiber
7857,fiber
7858,fiber
7859,fiber
7860,fiber
7861,fiber
7862,fiber
7863,fiber
7864,fiber
7865,fiber
7866,fiber
7867,fiber
7868,vesicle
7869,fiber
7870,fiber
7871,vesicle
7872,fiber
7873,vesicle
7874,fiber
7875,fiber
7876,fiber
7877,fiber
7878,fiber
7879,fiber
7880,fiber
7881,fiber
7882,fiber
7883,fiber
7884,fiber
7885,fiber
7886,fiber
7887,vesicle
7888,fiber
7889,fiber
7890,fiber
7891,fiber
7892,fiber
7893,vesicle
7894,fiber
7895,fiber
7896,fiber
7897,fiber
7898,fiber
7899,fiber
7900,fiber
7901,fiber
7902,fiber
7903,fiber
7904,fiber
7905,vesicle
7906,fiber
7907,fiber
7908,fiber
7909,vesicle
7910,fiber
7911,fiber
7912,fiber
7913,fiber
7914,vesicle
7915,fiber
7916,fiber
7917,fiber
7918,fiber
7919,fiber
7920,fiber
7921,vesicle
7922,fiber
7923,fiber
7924,fiber
7925,fiber
7926,fiber
7927,fiber
7928,fiber
7929,fiber
7930,fiber
7931,fiber
7932,fiber
7933,vesicle
7934,fiber
7935,vesicle
7936,fiber
7937,fiber
7938,fiber
7939,fiber
7940,fiber
7941,vesicle
7942,fiber
7943,fiber
7944,vesicle
7945,fiber
7946,fiber
7947,fiber
7948,fiber
7949,fiber
7950,fiber
7951,fiber
7952,fiber
7953,fiber
7954,vesicle
7955,fiber
7956,fiber
7957,fiber
7958,fiber
7959,fiber
7960,fiber
7961,fiber
7962,fiber
7963,vesicle
7964,vesicle
7965,fiber
7966,vesicle
7967,vesicle
7968,fiber
7969,vesicle
7970,vesicle
7971,fiber
7972,fiber
7973,vesicle
7974,vesicle
7975,fiber
7976,vesicle
7977,fiber
7978,fiber
7979,fiber
7980,fiber
7981,fiber
7982,vesicle
7983,fiber
7984,fiber
7985,fiber
7986,fiber
7987,fiber
7988,fiber
7989,fiber
7990,fiber
7991,fiber
7992,fiber
7993,fiber
7994,fiber
7995,fiber
7996,fiber
7997,fiber
7998,fiber
7999,fiber
8000,fiber
8001,fiber
8002,fiber
8003,vesicle
8004,fiber
8005,fiber
8006,vesicle
8007,fiber
8008,fiber
8009,fiber
8010,fiber
8011,fiber
8012,fiber
8013,fiber
8014,fiber
8015,fiber
8016,fiber
8017,fiber
8018,fiber
8019,fiber
8020,fiber
8021,fiber
8022,fiber
8023,fiber
8024,vesicle
8025,fiber
8026,fiber
8027,fiber
8028,fiber
8029,fiber
8030,fiber
8031,fiber
8032,fiber
8033,fiber
8034,fiber
8035,fiber
8036,fiber
8037,fiber
8038,fiber
8039,vesicle
8040,fiber
8041,fiber
8042,fiber
8043,fiber
8044,fiber
8045,fiber
8046,fiber
8047,vesicle
8048,vesicle
8049,fiber
8050,fiber
8051,vesicle
8052,fiber
8053,vesicle
8054,fiber
8055,fiber
8056,fiber
8057,fiber
8058,fiber
8059,fiber
8060,fiber
8061,fiber
8062,fiber
8063,fiber
8064,fiber
8065,fiber
8066,fiber
8067,fiber
8068,fiber
8069,vesicle
8070,fiber
8071,vesicle
8072,vesicle
8073,fiber
8074,vesicle
8075,fiber
8076,fiber
8077,vesicle
8078,fiber
8079,vesicle
8080,fiber
8081,vesicle
8082,fiber
8083,fiber
8084,fiber
8085,vesicle
8086,fiber
8087,vesicle
8088,fiber
8089,fiber
8090,fiber
8091,fiber
8092,fiber
8093,fiber
8094,fiber
8095,fiber
8096,fiber
8097,fiber
8098,fiber
8099,fiber
8100,fiber
8101,fiber
8102,fiber
8103,fiber
8104,fiber
8105,fiber
8106,fiber
8107,fiber
8108,fiber
8109,fiber
8110,fiber
8111,fiber
8112,fiber
8113,fiber
8114,fiber
8115,fiber
8116,fiber
8117,fiber
8118,vesicle
8119,fiber
8120,fiber
8121,fiber
8122,vesicle
8123,fiber
8124,fiber
8125,vesicle
8126,fiber
8127,fiber
8128,fiber
8129,fiber
8130,fiber
8131,fiber
8132,fiber
8133,fiber
8134,fiber
8135,fiber
8136,fiber
8137,fiber
8138,fiber
8139,fiber
8140,fiber
8141,fiber
8142,fiber
8143,fiber
8144,fiber
8145,fiber
8146,fiber
8147,fiber
8148,fiber
8149,fiber
8150,fiber
8151,fiber
8152,vesicle
8153,fiber
8154,fiber
8155,fiber
8156,fiber
8157,fiber
8158,fiber
8159,fiber
8160,fiber
8161,fiber
8162,fiber
8163,fiber
8164,vesicle
8165,fiber
8166,fiber
8167,fiber
8168,fiber
8169,fiber
8170,fiber
8171,fiber
8172,fiber
8173,fiber
8174,fiber
8175,fiber
8176,vesicle
8177,vesicle
8178,fiber
8179,vesicle
8180,fiber
8181,fiber
8182,fiber
8183,fiber
8184,fiber
8185,fiber
8186,fiber
8187,fiber
8188,fiber
8189,fiber
8190,fiber
8191,fiber
8192,fiber
8193,fiber
8194,fiber
8195,fiber
8196,fiber
8197,fiber
8198,fiber
8199,fiber
8200,fiber
8201,vesicle
8202,fiber
8203,fiber
8204,fiber
8205,fiber
8206,fiber
8207,fiber
8208,fiber
8209,fiber
8210,fiber
8211,fiber
8212,fiber
8213,fiber
8214,fiber
8215,fiber
8216,fiber
8217,fiber
8218,fiber
8219,fiber
8220,fiber
8221,fiber
8222,fiber
8223,fiber
8224,fiber
8225,fiber
8226,fiber
8227,fiber
8228,fiber
8229,fiber
8230,fiber
8231,fiber
8232,fiber
8233,fiber
8234,fiber
8235,fiber
8236,fiber
8237,fiber
8238,fiber
8239,fiber
8240,fiber
8241,fiber
8242,fiber
8243,fiber
8244,fiber
8245,vesicle
8246,fiber
8247,fiber
8248,fiber
8249,fiber
8250,fiber
8251,fiber
8252,fiber
8253,fiber
8254,fiber
8255,fiber
8256,fiber
8257,fiber
8258,fiber
8259,fiber
8260,fiber
8261,fiber
8262,fiber
8263,fiber
8264,fiber
8265,vesicle
8266,fiber
8267,fiber
8268,fiber
8269,fiber
8270,fiber
8271,fiber
8272,fiber
8273,fiber
8274,fiber
8275,fiber
8276,fiber
8277,fiber
8278,fiber
8279,fiber
8280,fiber
8281,fiber
8282,fiber
8283,fiber
8284,fiber
8285,fiber
8286,fiber
8287,fiber
8288,fiber
8289,vesicle
8290,fiber
8291,fiber
8292,fiber
8293,fiber
8294,fiber
8295,fiber
8296,fiber
8297,fiber
8298,fiber
8299,fiber
8300,fiber
8301,vesicle
8302,fiber
8303,fiber
8304,fiber
8305,fiber
8306,fiber
8307,fiber
8308,fiber
8309,fiber
8310,fiber
8311,fiber
8312,fiber
8313,fiber
8314,fiber
8315,fiber
8316,fiber
8317,fiber
8318,fiber
8319,fiber
8320,fiber
8321,fiber
8322,fiber
8323,fiber
8324,fiber
8325,fiber
8326,fiber
8327,fiber
8328,fiber
8329,fiber
8330,fiber
8331,fiber
8332,fiber
8333,fiber
8334,fiber
8335,fiber
8336,fiber
8337,fiber
8338,fiber
8339,fiber
8340,fiber
8341,fiber
8342,fiber
8343,fiber
8344,fiber
8345,fiber
8346,fiber
8347,fiber
8348,fiber
8349,fiber
8350,fiber
8351,fiber
8352,fiber
8353,fiber
8354,fiber
8355,fiber
8356,fiber
8357,fiber
8358,fiber
8359,fiber
8360,fiber
8361,fiber
8362,fiber
8363,fiber
8364,fiber
8365,fiber
8366,fiber
8367,fiber
8368,fiber
8369,fiber
8370,fiber
8371,fiber
8372,fiber
8373,fiber
8374,fiber
8375,fiber
8376,fiber
8377,fiber
8378,fiber
8379,fiber
8380,fiber
8381,fiber
8382,fiber
8383,fiber
8384,fiber
8385,fiber
8386,fiber
8387,fiber
8388,fiber
8389,fiber
8390,fiber
8391,fiber
8392,fiber
8393,fiber
8394,fiber
8395,fiber
8396,fiber
8397,fiber
8398,fiber
8399,fiber
8400,fiber
8401,fiber
8402,fiber
8403,fiber
8404,fiber
8405,fiber
8406,fiber
8407,fiber
8408,fiber
8409,fiber
8410,fiber
8411,fiber
8412,fiber
8413,fiber
8414,fiber
8415,fiber
8416,fiber
8417,vesicle
8418,fiber
8419,fiber
8420,vesicle
8421,fiber
8422,fiber
8423,fiber
8424,fiber
8425,fiber
8426,fiber
8427,fiber
8428,fiber
8429,fiber
8430,vesicle
8431,fiber
8432,fiber
8433,fiber
8434,fiber
8435,fiber
8436,fiber
8437,fiber
8438,fiber
8439,fiber
8440,fiber
8441,fiber
8442,fiber
8443,fiber
8444,fiber
8445,fiber
8446,fiber
8447,fiber
8448,fiber
8449,fiber
8450,fiber
8451,fiber
8452,fiber
8453,fiber
8454,fiber
8455,fiber
8456,fiber
8457,fiber
8458,fiber
8459,fiber
8460,fiber
8461,fiber
8462,fiber
8463,fiber
8464,fiber
8465,fiber
8466,fiber
8467,fiber
8468,fiber
8469,fiber
8470,fiber
8471,fiber
8472,fiber
8473,fiber
8474,fiber
8475,fiber
8476,fiber
8477,fiber
8478,fiber
8479,fiber
8480,fiber
8481,fiber
8482,fiber
8483,fiber
8484,fiber
8485,fiber
8486,fiber
8487,fiber
8488,fiber
8489,fiber
8490,fiber
8491,fiber
8492,fiber
8493,fiber
8494,fiber
8495,fiber
8496,fiber
8497,fiber
8498,fiber
8499,fiber
8500,fiber
8501,fiber
8502,fiber
8503,fiber
8504,fiber
8505,fiber
8506,fiber
8507,fiber
8508,fiber
8509,fiber
8510,fiber
8511,fiber
8512,fiber
8513,fiber
8514,fiber
8515,fiber
8516,fiber
8517,fiber
8518,fiber
8519,fiber
8520,fiber
8521,fiber
8522,fiber
8523,fiber
8524,fiber
8525,fiber
8526,fiber
8527,fiber
8528,fiber
8529,fiber
8530,fiber
8531,fiber
8532,fiber
8533,fiber
8534,fiber
8535,vesicle
8536,fiber
8537,fiber
8538,fiber
8539,fiber
8540,fiber
8541,vesicle
8542,fiber
8543,fiber
8544,fiber
8545,fiber
8546,fiber
8547,fiber
8548,fiber
8549,fiber
8550,fiber
8551,fiber
8552,fiber
8553,fiber
8554,fiber
8555,fiber
8556,fiber
8557,fiber
8558,fiber
8559,fiber
8560,fiber
8561,fiber
8562,fiber
8563,fiber
8564,fiber
8565,fiber
8566,fiber
8567,fiber
8568,fiber
8569,fiber
8570,fiber
8571,fiber
8572,fiber
8573,fiber
8574,fiber
8575,fiber
8576,fiber
8577,fiber
8578,vesicle
8579,fiber
8580,fiber
8581,fiber
8582,fiber
8583,fiber
8584,fiber
8585,fiber
8586,fiber
8587,fiber
8588,fiber
8589,fiber
8590,fiber
8591,fiber
8592,fiber
8593,fiber
8594,fiber
8595,fiber
8596,fiber
8597,fiber
8598,fiber
8599,fiber
8600,fiber
8601,fiber
8602,fiber
8603,fiber
8604,fiber
8605,fiber
8606,fiber
8607,fiber
8608,fiber
8609,fiber
8610,fiber
8611,fiber
8612,fiber
8613,fiber
8614,fiber
8615,fiber
8616,fiber
8617,fiber
8618,fiber
8619,fiber
8620,fiber
8621,fiber
8622,fiber
8623,fiber
8624,fiber
8625,fiber
8626,fiber
8627,fiber
8628,fiber
8629,fiber
8630,fiber
8631,fiber
8632,fiber
8633,fiber
8634,fiber
8635,fiber
8636,fiber
8637,fiber
8638,fiber
8639,fiber
8640,fiber
8641,fiber
8642,fiber
8643,fiber
8644,fiber
8645,fiber
8646,fiber
8647,fiber
8648,fiber
8649,fiber
8650,fiber
8651,fiber
8652,fiber
8653,fiber
8654,fiber
8655,fiber
8656,fiber
8657,fiber
8658,fiber
8659,fiber
8660,fiber
8661,fiber
8662,fiber
8663,fiber
8664,fiber
8665,fiber
8666,fiber
8667,fiber
8668,fiber
8669,fiber
8670,fiber
8671,fiber
8672,fiber
8673,fiber
8674,fiber
8675,fiber
8676,fiber
8677,fiber
8678,fiber
8679,fiber
8680,fiber
8681,fiber
8682,fiber
8683,fiber
8684,fiber
8685,fiber
8686,fiber
8687,fiber
8688,fiber
8689,fiber
8690,fiber
8691,fiber
8692,fiber
8693,fiber
8694,fiber
8695,fiber
8696,fiber
8697,fiber
8698,fiber
8699,fiber
8700,fiber
8701,fiber
8702,fiber
8703,fiber
8704,fiber
8705,fiber
8706,fiber
8707,fiber
8708,fiber
8709,fiber
8710,fiber
8711,fiber
8712,fiber
8713,fiber
8714,fiber
8715,fiber
8716,fiber
8717,fiber
8718,fiber
8719,fiber
8720,fiber
8721,fiber
8722,fiber
8723,fiber
8724,fiber
8725,fiber
8726,fiber
8727,fiber
8728,fiber
8729,fiber
8730,fiber
8731,fiber
8732,fiber
8733,fiber
8734,fiber
8735,fiber
8736,fiber
8737,fiber
8738,fiber
8739,fiber
8740,fiber
8741,fiber
8742,fiber
8743,fiber
8744,fiber
8745,fiber
8746,fiber
8747,fiber
8748,fiber
8749,fiber
8750,fiber
8751,fiber
8752,fiber
8753,fiber
8754,fiber
8755,fiber
8756,fiber
8757,fiber
8758,fiber
8759,fiber
8760,fiber
8761,fiber
8762,fiber
8763,fiber
8764,fiber
8765,fiber
8766,fiber
8767,fiber
8768,fiber
8769,fiber
8770,fiber
8771,fiber
8772,fiber
8773,fiber
8774,fiber
8775,vesicle
8776,fiber
8777,fiber
8778,vesicle
8779,fiber
8780,fiber
8781,fiber
8782,vesicle
8783,fiber
8784,fiber
8785,fiber
8786,fiber
8787,fiber
8788,fiber
8789,fiber
8790,fiber
8791,fiber
8792,fiber
8793,fiber
8794,fiber
8795,fiber
8796,fiber
8797,fiber
8798,fiber
8799,fiber
8800,fiber
8801,fiber
8802,fiber
8803,fiber
8804,fiber
8805,fiber
8806,fiber
8807,fiber
8808,fiber
8809,fiber
8810,fiber
8811,fiber
8812,fiber
8813,fiber
8814,fiber
8815,fiber
8816,fiber
8817,fiber
8818,fiber
8819,fiber
8820,fiber
8821,fiber
8822,fiber
8823,fiber
8824,fiber
8825,fiber
8826,fiber
8827,fiber
8828,fiber
8829,fiber
8830,fiber
8831,fiber
8832,fiber
8833,fiber
8834,fiber
8835,fiber
8836,fiber
8837,fiber
8838,fiber
8839,fiber
8840,fiber
8841,fiber
8842,fiber
8843,fiber
8844,fiber
8845,fiber
8846,fiber
8847,fiber
8848,fiber
8849,fiber
8850,fiber
8851,fiber
8852,fiber
8853,fiber
8854,fiber
8855,fiber
8856,fiber
8857,vesicle
8858,fiber
8859,fiber
8860,fiber
8861,fiber
8862,fiber
8863,fiber
8864,fiber
8865,vesicle
8866,fiber
8867,fiber
8868,fiber
8869,fiber
8870,fiber
8871,fiber
8872,fiber
8873,vesicle
8874,fiber
8875,fiber
8876,fiber
8877,fiber
8878,fiber
8879,fiber
8880,fiber
8881,fiber
8882,fiber
8883,fiber
8884,fiber
8885,vesicle
8886,fiber
8887,fiber
8888,fiber
8889,fiber
8890,fiber
8891,fiber
8892,fiber
8893,fiber
8894,fiber
8895,fiber
8896,fiber
8897,fiber
8898,fiber
8899,fiber
8900,vesicle
8901,fiber
8902,fiber
8903,fiber
8904,fiber
8905,fiber
8906,fiber
8907,fiber
8908,fiber
8909,fiber
8910,fiber
8911,fiber
8912,fiber
8913,fiber
8914,fiber
8915,fiber
8916,fiber
8917,fiber
8918,fiber
8919,fiber
8920,fiber
8921,fiber
8922,vesicle
8923,fiber
8924,fiber
8925,fiber
8926,fiber
8927,fiber
8928,vesicle
8929,fiber
8930,fiber
8931,fiber
8932,fiber
8933,fiber
8934,fiber
8935,fiber
8936,fiber
8937,fiber
8938,fiber
8939,fiber
8940,fiber
8941,fiber
8942,fiber
8943,vesicle
8944,fiber
8945,fiber
8946,fiber
8947,fiber
8948,fiber
8949,fiber
8950,fiber
8951,fiber
8952,vesicle
8953,fiber
8954,vesicle
8955,fiber
8956,fiber
8957,fiber
8958,fiber
8959,fiber
8960,vesicle
8961,fiber
8962,fiber
8963,fiber
8964,fiber
8965,fiber
8966,fiber
8967,fiber
8968,fiber
8969,fiber
8970,fiber
8971,fiber
8972,fiber
8973,fiber
8974,fiber
8975,fiber
8976,fiber
8977,fiber
8978,fiber
8979,fiber
8980,fiber
8981,fiber
8982,fiber
8983,fiber
8984,fiber
8985,fiber
8986,fiber
8987,fiber
8988,fiber
8989,fiber
8990,fiber
8991,fiber
8992,fiber
8993,fiber
8994,fiber
8995,vesicle
8996,fiber
8997,fiber
8998,vesicle
8999,fiber
9000,fiber
9001,fiber
9002,fiber
9003,fiber
9004,fiber
9005,fiber
9006,fiber
9007,fiber
9008,fiber
9009,fiber
9010,fiber
9011,fiber
9012,fiber
9013,fiber
9014,fiber
9015,fiber
9016,fiber
9017,fiber
9018,fiber
9019,fiber
9020,fiber
9021,fiber
9022,vesicle
9023,fiber
9024,fiber
9025,fiber
9026,fiber
9027,fiber
9028,fiber
9029,vesicle
9030,fiber
9031,fiber
9032,fiber
9033,fiber
9034,fiber
9035,fiber
9036,fiber
9037,vesicle
9038,fiber
9039,fiber
9040,fiber
9041,fiber
9042,fiber
9043,fiber
9044,vesicle
9045,fiber
9046,fiber
9047,fiber
9048,fiber
9049,fiber
9050,fiber
9051,fiber
9052,vesicle
9053,fiber
9054,fiber
9055,fiber
9056,vesicle
9057,vesicle
9058,fiber
9059,fiber
9060,fiber
9061,sheet
9062,fiber
9063,fiber
9064,fiber
9065,fiber
9066,fiber
9067,fiber
9068,fiber
9069,fiber
9070,fiber
9071,fiber
9072,fiber
9073,fiber
9074,fiber
9075,vesicle
9076,fiber
9077,fiber
9078,fiber
9079,fiber
9080,fiber
9081,fiber
9082,sheet
9083,fiber
9084,sheet
9085,vesicle
9086,fiber
9087,fiber
9088,vesicle
9089,fiber
9090,fiber
9091,fiber
9092,fiber
9093,fiber
9094,fiber
9095,fiber
9096,fiber
9097,vesicle
9098,sheet
9099,fiber
9100,sheet
9101,fiber
9102,fiber
9103,fiber
9104,fiber
9105,sheet
9106,sheet
9107,vesicle
9108,fiber
9109,fiber
9110,fiber
9111,fiber
9112,fiber
9113,fiber
9114,fiber
9115,fiber
9116,fiber
9117,sheet
9118,vesicle
9119,fiber
9120,fiber
9121,fiber
9122,fiber
9123,fiber
9124,fiber
9125,fiber
9126,vesicle
9127,fiber
9128,fiber
9129,vesicle
9130,fiber
9131,fiber
9132,fiber
9133,vesicle
9134,fiber
9135,vesicle
9136,fiber
9137,fiber
9138,fiber
9139,fiber
9140,fiber
9141,fiber
9142,fiber
9143,fiber
9144,sheet
9145,fiber
9146,sheet
9147,fiber
9148,fiber
9149,fiber
9150,fiber
9151,fiber
9152,sheet
9153,fiber
9154,fiber
9155,fiber
9156,fiber
9157,fiber
9158,fiber
9159,fiber
9160,fiber
9161,fiber
9162,fiber
9163,fiber
9164,fiber
9165,fiber
9166,fiber
9167,fiber
9168,fiber
9169,fiber
9170,fiber
9171,sheet
9172,fiber
9173,fiber
9174,fiber
9175,vesicle
9176,fiber
9177,vesicle
9178,fiber
9179,fiber
9180,fiber
9181,fiber
9182,vesicle
9183,fiber
9184,vesicle
9185,fiber
9186,fiber
9187,vesicle
9188,fiber
9189,fiber
9190,fiber
9191,vesicle
9192,fiber
9193,fiber
9194,sheet
9195,fiber
9196,fiber
9197,vesicle
9198,fiber
9199,fiber
9200,fiber
9201,fiber
9202,fiber
9203,fiber
9204,fiber
9205,fiber
9206,vesicle
9207,fiber
9208,sheet
9209,fiber
9210,fiber
9211,sheet
9212,fiber
9213,fiber
9214,sheet
9215,fiber
9216,fiber
9217,sheet
9218,fiber
9219,fiber
9220,fiber
9221,sheet
9222,sheet
9223,sheet
9224,fiber
9225,sheet
9226,fiber
9227,fiber
9228,fiber
9229,fiber
9230,fiber
9231,fiber
9232,sheet
9233,fiber
9234,fiber
9235,fiber
9236,fiber
9237,fiber
9238,fiber
9239,fiber
9240,sheet
9241,fiber
9242,fiber
9243,fiber
9244,sheet
9245,sheet
9246,sheet
9247,fiber
9248,fiber
9249,fiber
9250,fiber
9251,fiber
9252,fiber
9253,sheet
9254,sheet
9255,fiber
9256,sheet
9257,sheet
9258,fiber
9259,sheet
9260,fiber
9261,vesicle
9262,fiber
9263,sheet
9264,fiber
9265,fiber
9266,sheet
9267,fiber
9268,sheet
9269,sheet
9270,fiber
9271,fiber
9272,sheet
9273,fiber
9274,vesicle
9275,fiber
9276,fiber
9277,fiber
9278,sheet
9279,fiber
9280,sheet
9281,sheet
9282,sheet
9283,sheet
9284,sheet
9285,sheet
9286,fiber
9287,sheet
9288,fiber
9289,fiber
9290,fiber
9291,fiber
9292,sheet
9293,fiber
9294,fiber
9295,fiber
9296,sheet
9297,fiber
9298,fiber
9299,fiber
9300,sheet
9301,sheet
9302,sheet
9303,sheet
9304,fiber
9305,fiber
9306,fiber
9307,sheet
9308,fiber
9309,fiber
9310,fiber
9311,sheet
9312,sheet
9313,sheet
9314,fiber
9315,sheet
9316,sheet
9317,sheet
9318,sheet
9319,fiber
9320,sheet
9321,fiber
9322,vesicle
9323,sheet
9324,fiber
9325,fiber
9326,sheet
9327,sheet
9328,fiber
9329,fiber
9330,vesicle
9331,fiber
9332,sheet
9333,fiber
9334,fiber
9335,fiber
9336,sheet
9337,sheet
9338,sheet
9339,sheet
9340,sheet
9341,sheet
9342,fiber
9343,sheet
9344,sheet
9345,sheet
9346,sheet
9347,sheet
9348,fiber
9349,fiber
9350,fiber
9351,fiber
9352,fiber
9353,fiber
9354,sheet
9355,fiber
9356,fiber
9357,sheet
9358,sheet
9359,fiber
9360,fiber
9361,fiber
9362,sheet
9363,sheet
9364,fiber
9365,sheet
9366,sheet
9367,sheet
9368,sheet
9369,sheet
9370,sheet
9371,sheet
9372,fiber
9373,sheet
9374,fiber
9375,fiber
9376,fiber
9377,fiber
9378,fiber
9379,fiber
9380,sheet
9381,fiber
9382,fiber
9383,fiber
9384,sheet
9385,sheet
9386,sheet
9387,sheet
9388,sheet
9389,fiber
9390,vesicle
9391,fiber
9392,sheet
9393,fiber
9394,fiber
9395,fiber
9396,fiber
9397,fiber
9398,fiber
9399,vesicle
9400,fiber
9401,fiber
9402,fiber
9403,fiber
9404,vesicle
9405,fiber
9406,fiber
9407,fiber
9408,fiber
9409,sheet
9410,vesicle
9411,fiber
9412,fiber
9413,sheet
9414,fiber
9415,fiber
9416,fiber
9417,fiber
9418,sheet
9419,fiber
9420,fiber
9421,fiber
9422,fiber
9423,fiber
9424,fiber
9425,fiber
9426,fiber
9427,vesicle
9428,fiber
9429,fiber
9430,vesicle
9431,fiber
9432,fiber
9433,fiber
9434,fiber
9435,sheet
9436,fiber
9437,fiber
9438,sheet
9439,fiber
9440,fiber
9441,fiber
9442,fiber
9443,sheet
9444,fiber
9445,sheet
9446,fiber
9447,fiber
9448,fiber
9449,vesicle
9450,fiber
9451,vesicle
9452,fiber
9453,fiber
9454,fiber
9455,fiber
9456,fiber
9457,fiber
9458,sheet
9459,fiber
9460,sheet
9461,fiber
9462,vesicle
9463,fiber
9464,sheet
9465,vesicle
9466,sheet
9467,fiber
9468,fiber
9469,sheet
9470,fiber
9471,fiber
9472,sheet
9473,fiber
9474,sheet
9475,fiber
9476,vesicle
9477,fiber
9478,sheet
9479,fiber
9480,fiber
9481,sheet
9482,fiber
9483,vesicle
9484,fiber
9485,fiber
9486,fiber
9487,fiber
9488,fiber
9489,sheet
9490,fiber
9491,sheet
9492,fiber
9493,fiber
9494,fiber
9495,fiber
9496,fiber
9497,fiber
9498,fiber
9499,fiber
9500,sheet
9501,fiber
9502,fiber
9503,fiber
9504,fiber
9505,fiber
9506,fiber
9507,fiber
9508,fiber
9509,sheet
9510,fiber
9511,fiber
9512,fiber
9513,fiber
9514,fiber
9515,fiber
9516,sheet
9517,fiber
9518,fiber
9519,fiber
9520,fiber
9521,fiber
9522,fiber
9523,sheet
9524,fiber
9525,fiber
9526,sheet
9527,fiber
9528,fiber
9529,fiber
9530,fiber
9531,fiber
9532,fiber
9533,sheet
9534,sheet
9535,fiber
9536,sheet
9537,fiber
9538,fiber
9539,sheet
9540,sheet
9541,sheet
9542,fiber
9543,fiber
9544,fiber
9545,fiber
9546,fiber
9547,fiber
9548,sheet
9549,fiber
9550,fiber
9551,fiber
9552,fiber
9553,fiber
9554,fiber
9555,fiber
9556,fiber
9557,fiber
9558,fiber
9559,fiber
9560,fiber
9561,fiber
9562,fiber
9563,fiber
9564,sheet
9565,fiber
9566,fiber
9567,fiber
9568,fiber
9569,fiber
9570,fiber
9571,sheet
9572,fiber
9573,fiber
9574,sheet
9575,fiber
9576,sheet
9577,fiber
9578,fiber
9579,fiber
9580,fiber
9581,fiber
9582,fiber
9583,sheet
9584,sheet
9585,fiber
9586,sheet
9587,fiber
9588,sheet
9589,fiber
9590,fiber
9591,fiber
9592,sheet
9593,fiber
9594,fiber
9595,fiber
9596,fiber
9597,sheet
9598,fiber
9599,fiber
9600,fiber
9601,sheet
9602,fiber
9603,fiber
9604,sheet
9605,sheet
9606,fiber
9607,fiber
9608,fiber
9609,sheet
9610,fiber
9611,sheet
9612,sheet
9613,fiber
9614,sheet
9615,fiber
9616,fiber
9617,fiber
9618,fiber
9619,fiber
9620,fiber
9621,fiber
9622,fiber
9623,fiber
9624,fiber
9625,fiber
9626,sheet
9627,fiber
9628,sheet
9629,sheet
9630,fiber
9631,fiber
9632,fiber
9633,fiber
9634,sheet
9635,fiber
9636,sheet
9637,fiber
9638,fiber
9639,sheet
9640,fiber
9641,sheet
9642,sheet
9643,sheet
9644,sheet
9645,sheet
9646,sheet
9647,sheet
9648,sheet
9649,sheet
9650,sheet
9651,sheet
9652,sheet
9653,sheet
9654,sheet
9655,sheet
9656,sheet
9657,sheet
9658,sheet
9659,sheet
9660,sheet
9661,sheet
9662,sheet
9663,sheet
9664,fiber
9665,sheet
9666,sheet
9667,sheet
9668,sheet
9669,sheet
9670,sheet
9671,sheet
9672,sheet
9673,sheet
9674,sheet
9675,sheet
9676,sheet
9677,sheet
9678,sheet
9679,sheet
9680,sheet
9681,sheet
9682,sheet
9683,sheet
9684,sheet
9685,sheet
9686,sheet
9687,sheet
9688,sheet
9689,sheet
9690,sheet
9691,sheet
9692,sheet
9693,sheet
9694,sheet
9695,sheet
9696,sheet
9697,sheet
9698,sheet
9699,sheet
9700,sheet
9701,sheet
9702,sheet
9703,sheet
9704,sheet
9705,sheet
9706,sheet
9707,sheet
9708,sheet
9709,sheet
9710,sheet
9711,sheet
9712,sheet
9713,sheet
9714,sheet
9715,sheet
9716,sheet
9717,sheet
9718,sheet
9719,sheet
9720,sheet
9721,sheet
9722,sheet
9723,sheet
9724,sheet
9725,sheet
9726,sheet
9727,sheet
9728,sheet
9729,sheet
9730,sheet
9731,sheet
9732,sheet
9733,sheet
9734,sheet
9735,sheet
9736,sheet
9737,sheet
9738,sheet
9739,sheet
9740,sheet
9741,sheet
9742,sheet
9743,sheet
9744,sheet
9745,sheet
9746,sheet
9747,sheet
9748,sheet
9749,sheet
9750,sheet
9751,sheet
9752,sheet
9753,sheet
9754,sheet
9755,sheet
9756,sheet
9757,sheet
9758,sheet
9759,sheet
9760,sheet
9761,sheet
9762,sheet
9763,sheet
9764,sheet
9765,sheet
9766,sheet
9767,sheet
9768,sheet
9769,sheet
9770,sheet
9771,sheet
9772,sheet
9773,sheet
9774,sheet
9775,sheet
9776,sheet
9777,sheet
9778,sheet
9779,sheet
9780,sheet
9781,sheet
9782,sheet
9783,sheet
9784,sheet
9785,sheet
9786,sheet
9787,sheet
9788,sheet
9789,sheet
9790,sheet
9791,vesicle
9792,sheet
9793,vesicle
9794,vesicle
9795,vesicle
9796,vesicle
9797,vesicle
9798,vesicle
9799,sheet
9800,vesicle
9801,vesicle
9802,vesicle
9803,vesicle
9804,vesicle
9805,sheet
9806,fiber
9807,fiber
9808,fiber
9809,vesicle
9810,fiber
9811,sheet
9812,fiber
9813,fiber
9814,fiber
9815,sheet
9816,fiber
9817,fiber
9818,fiber
9819,fiber
9820,fiber
9821,fiber
9822,fiber
9823,fiber
9824,fiber
9825,fiber
9826,fiber
9827,fiber
9828,fiber
9829,fiber
9830,fiber
9831,fiber
9832,fiber
9833,fiber
9834,fiber
9835,fiber
9836,fiber
9837,fiber
9838,fiber
9839,vesicle
9840,fiber
9841,fiber
9842,sheet
9843,vesicle
9844,fiber
9845,fiber
9846,fiber
9847,fiber
9848,vesicle
9849,sheet
9850,fiber
9851,vesicle
9852,sheet
9853,fiber
9854,fiber
9855,fiber
9856,fiber
9857,fiber
9858,fiber
9859,fiber
9860,fiber
9861,fiber
9862,fiber
9863,sheet
9864,fiber
9865,fiber
9866,fiber
9867,fiber
9868,fiber
9869,fiber
9870,fiber
9871,fiber
9872,fiber
9873,fiber
9874,fiber
9875,fiber
9876,fiber
9877,fiber
9878,sheet
9879,fiber
9880,fiber
9881,fiber
9882,fiber
9883,sheet
9884,fiber
9885,sheet
9886,fiber
9887,fiber
9888,fiber
9889,sheet
9890,fiber
9891,fiber
9892,fiber
9893,fiber
9894,fiber
9895,fiber
9896,fiber
9897,fiber
9898,fiber
9899,fiber
9900,fiber
9901,sheet
9902,fiber
9903,fiber
9904,fiber
9905,sheet
9906,fiber
9907,fiber
9908,fiber
9909,fiber
9910,fiber
9911,sheet
9912,fiber
9913,fiber
9914,fiber
9915,fiber
9916,fiber
9917,fiber
9918,fiber
9919,fiber
9920,fiber
9921,fiber
9922,fiber
9923,fiber
9924,fiber
9925,fiber
9926,fiber
9927,sheet
9928,sheet
9929,fiber
9930,fiber
9931,fiber
9932,fiber
9933,sheet
9934,fiber
9935,fiber
9936,sheet
9937,sheet
9938,fiber
9939,fiber
9940,fiber
9941,fiber
9942,fiber
9943,fiber
9944,fiber
9945,fiber
9946,fiber
9947,sheet
9948,vesicle
9949,fiber
9950,fiber
9951,fiber
9952,sheet
9953,fiber
9954,fiber
9955,sheet
9956,fiber
9957,fiber
9958,fiber
9959,fiber
9960,fiber
9961,fiber
9962,sheet
9963,fiber
9964,fiber
9965,sheet
9966,fiber
9967,fiber
9968,fiber
9969,fiber
9970,fiber
9971,fiber
9972,fiber
9973,sheet
9974,fiber
9975,sheet
9976,fiber
9977,sheet
9978,fiber
9979,fiber
9980,fiber
9981,fiber
9982,fiber
9983,fiber
9984,fiber
9985,fiber
9986,fiber
9987,fiber
9988,fiber
9989,fiber
9990,fiber
9991,fiber
9992,fiber
9993,fiber
9994,fiber
9995,fiber
9996,fiber
9997,fiber
9998,fiber
9999,sheet
10000,fiber
10001,fiber
10002,fiber
10003,fiber
10004,fiber
10005,fiber
10006,fiber
10007,fiber
10008,fiber
10009,fiber
10010,fiber
10011,fiber
10012,fiber
10013,fiber
10014,fiber
10015,sheet
10016,sheet
10017,sheet
10018,vesicle
10019,fiber
10020,fiber
10021,sheet
10022,fiber
10023,fiber
10024,fiber
10025,fiber
10026,vesicle
10027,vesicle
10028,fiber
10029,fiber
10030,fiber
10031,fiber
10032,fiber
10033,fiber
10034,vesicle
10035,vesicle
10036,fiber
10037,fiber
10038,fiber
10039,fiber
10040,fiber
10041,fiber
10042,vesicle
10043,fiber
10044,fiber
10045,fiber
10046,fiber
10047,fiber
10048,fiber
10049,fiber
10050,fiber
10051,fiber
10052,fiber
10053,fiber
10054,fiber
10055,fiber
10056,fiber
10057,fiber
10058,fiber
10059,vesicle
10060,vesicle
10061,fiber
10062,sheet
10063,fiber
10064,fiber
10065,fiber
10066,fiber
10067,fiber
10068,fiber
10069,fiber
10070,fiber
10071,fiber
10072,fiber
10073,fiber
10074,fiber
10075,fiber
10076,fiber
10077,fiber
10078,fiber
10079,fiber
10080,fiber
10081,fiber
10082,fiber
10083,fiber
10084,fiber
10085,fiber
10086,fiber
10087,fiber
10088,fiber
10089,fiber
10090,fiber
10091,fiber
10092,fiber
10093,fiber
10094,sheet
10095,fiber
10096,fiber
10097,fiber
10098,sheet
10099,fiber
10100,fiber
10101,fiber
10102,fiber
10103,fiber
10104,vesicle
10105,fiber
10106,fiber
10107,fiber
10108,sheet
10109,fiber
10110,fiber
10111,fiber
10112,fiber
10113,sheet
10114,fiber
10115,vesicle
10116,fiber
10117,fiber
10118,fiber
10119,fiber
10120,fiber
10121,fiber
10122,fiber
10123,sheet
10124,fiber
10125,fiber
10126,fiber
10127,fiber
10128,fiber
10129,fiber
10130,fiber
10131,fiber
10132,fiber
10133,fiber
10134,fiber
10135,fiber
10136,fiber
10137,fiber
10138,fiber
10139,vesicle
10140,fiber
10141,fiber
10142,fiber
10143,sheet
10144,fiber
10145,fiber
10146,fiber
10147,fiber
10148,fiber
10149,fiber
10150,fiber
10151,sheet
10152,fiber
10153,fiber
10154,fiber
10155,fiber
10156,fiber
10157,fiber
10158,fiber
10159,sheet
10160,fiber
10161,fiber
10162,sheet
10163,fiber
10164,fiber
10165,fiber
10166,fiber
10167,fiber
10168,fiber
10169,fiber
10170,sheet
10171,vesicle
10172,sheet
10173,fiber
10174,fiber
10175,fiber
10176,fiber
10177,fiber
10178,sheet
10179,fiber
10180,sheet
10181,fiber
10182,fiber
10183,fiber
10184,sheet
10185,fiber
10186,fiber
10187,sheet
10188,sheet
10189,fiber
10190,fiber
10191,sheet
10192,sheet
10193,fiber
10194,sheet
10195,fiber
10196,fiber
10197,fiber
10198,sheet
10199,sheet
10200,fiber
10201,fiber
10202,fiber
10203,fiber
10204,sheet
10205,fiber
10206,fiber
10207,fiber
10208,fiber
10209,fiber
10210,fiber
10211,fiber
10212,fiber
10213,fiber
10214,fiber
10215,fiber
10216,sheet
10217,fiber
10218,sheet
10219,fiber
10220,sheet
10221,fiber
10222,fiber
10223,fiber
10224,sheet
10225,fiber
10226,sheet
10227,fiber
10228,sheet
10229,fiber
10230,fiber
10231,fiber
10232,sheet
10233,fiber
10234,fiber
10235,fiber
10236,fiber
10237,sheet
10238,fiber
10239,sheet
10240,sheet
10241,sheet
10242,fiber
10243,sheet
10244,fiber
10245,fiber
10246,fiber
10247,sheet
10248,sheet
10249,sheet
10250,fiber
10251,fiber
10252,sheet
10253,sheet
10254,sheet
10255,sheet
10256,sheet
10257,sheet
10258,sheet
10259,fiber
10260,fiber
10261,fiber
10262,fiber
10263,fiber
10264,fiber
10265,fiber
10266,fiber
10267,fiber
10268,fiber
10269,sheet
10270,fiber
10271,fiber
10272,fiber
10273,fiber
10274,fiber
10275,fiber
10276,fiber
10277,sheet
10278,fiber
10279,fiber
10280,fiber
10281,fiber
10282,sheet
10283,fiber
10284,fiber
10285,fiber
10286,sheet
10287,fiber
10288,fiber
10289,fiber
10290,fiber
10291,fiber
10292,sheet
10293,fiber
10294,fiber
10295,sheet
10296,fiber
10297,fiber
10298,sheet
10299,fiber
10300,fiber
10301,fiber
10302,fiber
10303,sheet
10304,sheet
10305,sheet
10306,fiber
10307,fiber
10308,fiber
10309,sheet
10310,fiber
10311,fiber
10312,sheet
10313,fiber
10314,fiber
10315,fiber
10316,fiber
10317,sheet
10318,sheet
10319,fiber
10320,sheet
10321,fiber
10322,sheet
10323,sheet
10324,fiber
10325,sheet
10326,fiber
10327,fiber
10328,sheet
10329,fiber
10330,fiber
10331,fiber
10332,sheet
10333,sheet
10334,fiber
10335,fiber
10336,fiber
10337,fiber
10338,fiber
10339,fiber
10340,fiber
10341,fiber
10342,sheet
10343,sheet
10344,fiber
10345,sheet
10346,fiber
10347,fiber
10348,sheet
10349,fiber
10350,fiber
10351,fiber
10352,sheet
10353,sheet
10354,fiber
10355,sheet
10356,sheet
10357,sheet
10358,fiber
10359,sheet
10360,sheet
10361,fiber
10362,sheet
10363,fiber
10364,fiber
10365,sheet
10366,fiber
10367,fiber
10368,fiber
10369,fiber
10370,sheet
10371,fiber
10372,sheet
10373,fiber
10374,sheet
10375,fiber
10376,fiber
10377,fiber
10378,fiber
10379,fiber
10380,fiber
10381,fiber
10382,fiber
10383,sheet
10384,sheet
10385,sheet
10386,fiber
10387,fiber
10388,fiber
10389,sheet
10390,sheet
10391,sheet
10392,sheet
10393,fiber
10394,sheet
10395,fiber
10396,fiber
10397,sheet
10398,fiber
10399,fiber
10400,fiber
10401,sheet
10402,fiber
10403,fiber
10404,sheet
10405,fiber
10406,fiber
10407,fiber
10408,fiber
10409,fiber
10410,fiber
10411,vesicle
10412,fiber
10413,fiber
10414,vesicle
10415,vesicle
10416,fiber
10417,vesicle
10418,vesicle
10419,vesicle
10420,vesicle
10421,vesicle
10422,sheet
10423,vesicle
10424,fiber
10425,fiber
10426,fiber
10427,fiber
10428,fiber
10429,fiber
10430,fiber
10431,vesicle
10432,fiber
10433,fiber
10434,sheet
10435,fiber
10436,fiber
10437,fiber
10438,fiber
10439,fiber
10440,vesicle
10441,fiber
10442,sheet
10443,fiber
10444,fiber
10445,fiber
10446,sheet
10447,fiber
10448,fiber
10449,fiber
10450,fiber
10451,fiber
10452,fiber
10453,vesicle
10454,fiber
10455,fiber
10456,fiber
10457,sheet
10458,fiber
10459,vesicle
10460,sheet
10461,fiber
10462,fiber
10463,fiber
10464,fiber
10465,vesicle
10466,fiber
10467,vesicle
10468,vesicle
10469,vesicle
10470,fiber
10471,vesicle
10472,fiber
10473,fiber
10474,vesicle
10475,vesicle
10476,fiber
10477,fiber
10478,fiber
10479,fiber
10480,fiber
10481,fiber
10482,fiber
10483,sheet
10484,fiber
10485,fiber
10486,fiber
10487,fiber
10488,fiber
10489,fiber
10490,fiber
10491,fiber
10492,fiber
10493,fiber
10494,fiber
10495,fiber
10496,fiber
10497,fiber
10498,fiber
10499,fiber
10500,fiber
10501,fiber
10502,fiber
10503,fiber
10504,fiber
10505,fiber
10506,fiber
10507,fiber
10508,fiber
10509,fiber
10510,fiber
10511,fiber
10512,fiber
10513,fiber
10514,fiber
10515,fiber
10516,fiber
10517,fiber
10518,fiber
10519,fiber
10520,fiber
10521,fiber
10522,fiber
10523,fiber
10524,fiber
10525,fiber
10526,fiber
10527,fiber
10528,fiber
10529,fiber
10530,fiber
10531,fiber
10532,fiber
10533,fiber
10534,fiber
10535,fiber
10536,fiber
10537,fiber
10538,fiber
10539,fiber
10540,fiber
10541,fiber
10542,fiber
10543,fiber
10544,fiber
10545,fiber
10546,fiber
10547,fiber
10548,fiber
10549,fiber
10550,fiber
10551,fiber
10552,sheet
10553,fiber
10554,fiber
10555,fiber
10556,fiber
10557,fiber
10558,fiber
10559,fiber
10560,fiber
10561,fiber
10562,fiber
10563,fiber
10564,fiber
10565,fiber
10566,fiber
10567,fiber
10568,fiber
10569,fiber
10570,fiber
10571,fiber
10572,fiber
10573,sheet
10574,fiber
10575,fiber
10576,fiber
10577,fiber
10578,fiber
10579,fiber
10580,fiber
10581,fiber
10582,fiber
10583,sheet
10584,fiber
10585,fiber
10586,fiber
10587,fiber
10588,vesicle
10589,fiber
10590,sheet
10591,fiber
10592,vesicle
10593,fiber
10594,fiber
10595,fiber
10596,fiber
10597,fiber
10598,fiber
10599,fiber
10600,sheet
10601,fiber
10602,fiber
10603,fiber
10604,fiber
10605,fiber
10606,fiber
10607,vesicle
10608,fiber
10609,fiber
10610,fiber
10611,fiber
10612,sheet
10613,sheet
10614,sheet
10615,fiber
10616,fiber
10617,sheet
10618,fiber
10619,fiber
10620,fiber
10621,fiber
10622,fiber
10623,fiber
10624,fiber
10625,fiber
10626,fiber
10627,fiber
10628,fiber
10629,tube
10630,fiber
10631,fiber
10632,fiber
10633,fiber
10634,fiber
10635,fiber
10636,fiber
10637,fiber
10638,fiber
10639,fiber
10640,fiber
10641,fiber
10642,sheet
10643,fiber
10644,fiber
10645,fiber
10646,sheet
10647,fiber
10648,fiber
10649,fiber
10650,fiber
10651,fiber
10652,fiber
10653,fiber
10654,fiber
10655,fiber
10656,fiber
10657,fiber
10658,fiber
10659,fiber
10660,fiber
10661,fiber
10662,fiber
10663,fiber
10664,fiber
10665,fiber
10666,fiber
10667,fiber
10668,fiber
10669,fiber
10670,fiber
10671,fiber
10672,fiber
10673,fiber
10674,fiber
10675,fiber
10676,sheet
10677,sheet
10678,fiber
10679,fiber
10680,fiber
10681,fiber
10682,fiber
10683,fiber
10684,sheet
10685,fiber
10686,sheet
10687,fiber
10688,vesicle
10689,fiber
10690,fiber
10691,fiber
10692,fiber
10693,fiber
10694,fiber
10695,vesicle
10696,vesicle
10697,vesicle
10698,vesicle
10699,vesicle
10700,vesicle
10701,vesicle
10702,fiber
10703,vesicle
10704,vesicle
10705,vesicle
10706,fiber
10707,sheet
10708,fiber
10709,fiber
10710,fiber
10711,fiber
10712,sheet
10713,fiber
10714,fiber
10715,fiber
10716,sheet
10717,fiber
10718,fiber
10719,fiber
10720,fiber
10721,fiber
10722,fiber
10723,fiber
10724,fiber
10725,fiber
10726,fiber
10727,fiber
10728,fiber
10729,fiber
10730,fiber
10731,sheet
10732,fiber
10733,fiber
10734,fiber
10735,fiber
10736,fiber
10737,sheet
10738,fiber
10739,fiber
10740,fiber
10741,fiber
10742,fiber
10743,fiber
10744,fiber
10745,fiber
10746,fiber
10747,fiber
10748,fiber
10749,fiber
10750,fiber
10751,fiber
10752,fiber
10753,sheet
10754,fiber
10755,fiber
10756,fiber
10757,fiber
10758,fiber
10759,fiber
10760,fiber
10761,fiber
10762,fiber
10763,fiber
10764,fiber
10765,fiber
10766,fiber
10767,fiber
10768,fiber
10769,fiber
10770,fiber
10771,fiber
10772,fiber
10773,fiber
10774,sheet
10775,fiber
10776,fiber
10777,fiber
10778,sheet
10779,fiber
10780,vesicle
10781,fiber
10782,fiber
10783,vesicle
10784,fiber
10785,fiber
10786,vesicle
10787,fiber
10788,vesicle
10789,vesicle
10790,fiber
10791,fiber
10792,vesicle
10793,fiber
10794,vesicle
10795,vesicle
10796,sheet
10797,fiber
10798,vesicle
10799,sheet
10800,vesicle
10801,sheet
10802,vesicle
10803,sheet
10804,sheet
10805,sheet
10806,sheet
10807,fiber
10808,vesicle
10809,vesicle
10810,fiber
10811,fiber
10812,fiber
10813,fiber
10814,fiber
10815,fiber
10816,fiber
10817,fiber
10818,fiber
10819,fiber
10820,fiber
10821,fiber
10822,fiber
10823,fiber
10824,fiber
10825,vesicle
10826,vesicle
10827,fiber
10828,fiber
10829,fiber
10830,fiber
10831,fiber
10832,fiber
10833,fiber
10834,fiber
10835,vesicle
10836,fiber
10837,fiber
10838,fiber
10839,vesicle
10840,vesicle
10841,fiber
10842,fiber
10843,fiber
10844,fiber
10845,fiber
10846,fiber
10847,fiber
10848,fiber
10849,fiber
10850,fiber
10851,fiber
10852,fiber
10853,fiber
10854,fiber
10855,fiber
10856,fiber
10857,fiber
10858,fiber
10859,vesicle
10860,fiber
10861,fiber
10862,fiber
10863,fiber
10864,fiber
10865,fiber
10866,fiber
10867,vesicle
10868,vesicle
10869,fiber
10870,fiber
10871,fiber
10872,fiber
10873,fiber
10874,fiber
10875,fiber
10876,fiber
10877,fiber
10878,fiber
10879,fiber
10880,fiber
10881,fiber
10882,fiber
10883,fiber
10884,fiber
10885,sheet
10886,fiber
10887,fiber
10888,fiber
10889,fiber
10890,fiber
10891,fiber
10892,fiber
10893,fiber
10894,fiber
10895,fiber
10896,fiber
10897,fiber
10898,fiber
10899,fiber
10900,fiber
10901,sheet
10902,fiber
10903,fiber
10904,fiber
10905,sheet
10906,vesicle
10907,vesicle
10908,vesicle
10909,fiber
10910,vesicle
10911,fiber
10912,fiber
10913,fiber
10914,fiber
10915,fiber
10916,fiber
10917,fiber
10918,fiber
10919,fiber
10920,fiber
10921,fiber
10922,fiber
10923,vesicle
10924,vesicle
10925,vesicle
10926,vesicle
10927,vesicle
10928,fiber
10929,vesicle
10930,vesicle
10931,fiber
10932,vesicle
10933,vesicle
10934,vesicle
10935,vesicle
10936,vesicle
10937,fiber
10938,vesicle
10939,fiber
10940,fiber
10941,vesicle
10942,vesicle
10943,vesicle
10944,vesicle
10945,vesicle
10946,vesicle
10947,vesicle
10948,fiber
10949,vesicle
10950,vesicle
10951,vesicle
10952,vesicle
10953,vesicle
10954,fiber
10955,fiber
10956,fiber
10957,fiber
10958,fiber
10959,fiber
10960,vesicle
10961,vesicle
10962,fiber
10963,vesicle
10964,vesicle
10965,fiber
10966,fiber
10967,vesicle
10968,vesicle
10969,vesicle
10970,fiber
10971,fiber
10972,vesicle
10973,vesicle
10974,vesicle
10975,vesicle
10976,vesicle
10977,vesicle
10978,vesicle
10979,vesicle
10980,vesicle
10981,vesicle
10982,vesicle
10983,vesicle
10984,vesicle
10985,vesicle
10986,vesicle
10987,vesicle
10988,vesicle
10989,vesicle
10990,vesicle
10991,vesicle
10992,vesicle
10993,vesicle
10994,vesicle
10995,vesicle
10996,vesicle
10997,vesicle
10998,vesicle
10999,vesicle
11000,vesicle
11001,vesicle
11002,vesicle
11003,vesicle
11004,vesicle
11005,vesicle
11006,vesicle
11007,vesicle
11008,vesicle
11009,vesicle
11010,vesicle
11011,vesicle
11012,vesicle
11013,vesicle
11014,vesicle
11015,vesicle
11016,vesicle
11017,vesicle
11018,vesicle
11019,vesicle
11020,vesicle
11021,vesicle
11022,vesicle
11023,vesicle
11024,vesicle
11025,vesicle
11026,vesicle
11027,vesicle
11028,vesicle
11029,vesicle
11030,vesicle
11031,vesicle
11032,vesicle
11033,vesicle
11034,vesicle
11035,vesicle
11036,vesicle
11037,vesicle
11038,vesicle
11039,vesicle
11040,vesicle
11041,vesicle
11042,vesicle
11043,vesicle
11044,vesicle
11045,vesicle
11046,vesicle
11047,vesicle
11048,vesicle
11049,vesicle
11050,vesicle
11051,vesicle
11052,vesicle
11053,vesicle
11054,vesicle
11055,vesicle
11056,vesicle
11057,vesicle
11058,vesicle
11059,vesicle
11060,vesicle
11061,vesicle
11062,vesicle
11063,vesicle
11064,vesicle
11065,vesicle
11066,vesicle
11067,vesicle
11068,vesicle
11069,vesicle
11070,vesicle
11071,vesicle
11072,vesicle
11073,vesicle
11074,vesicle
11075,vesicle
11076,vesicle
11077,vesicle
11078,vesicle
11079,vesicle
11080,vesicle
11081,vesicle
11082,vesicle
11083,vesicle
11084,vesicle
11085,vesicle
11086,vesicle
11087,vesicle
11088,fiber
11089,fiber
11090,vesicle
11091,vesicle
11092,vesicle
11093,vesicle
11094,vesicle
11095,vesicle
11096,vesicle
11097,vesicle
11098,vesicle
11099,vesicle
11100,fiber
11101,vesicle
11102,vesicle
11103,vesicle
11104,vesicle
11105,vesicle
11106,vesicle
11107,vesicle
11108,vesicle
11109,vesicle
11110,vesicle
11111,vesicle
11112,vesicle
11113,vesicle
11114,vesicle
11115,vesicle
11116,fiber
11117,fiber
11118,vesicle
11119,vesicle
11120,vesicle
11121,vesicle
11122,vesicle
11123,fiber
11124,vesicle
11125,vesicle
11126,vesicle
11127,vesicle
11128,fiber
11129,vesicle
11130,fiber
11131,fiber
11132,fiber
11133,fiber
11134,fiber
11135,fiber
11136,vesicle
11137,vesicle
11138,vesicle
11139,fiber
11140,fiber
11141,fiber
11142,vesicle
11143,vesicle
11144,fiber
11145,fiber
11146,vesicle
11147,vesicle
11148,fiber
11149,vesicle
11150,fiber
11151,fiber
11152,vesicle
11153,fiber
11154,fiber
11155,vesicle
11156,fiber
11157,fiber
11158,vesicle
11159,vesicle
11160,fiber
11161,vesicle
11162,fiber
11163,fiber
11164,vesicle
11165,vesicle
11166,fiber
11167,fiber
11168,fiber
11169,fiber
11170,fiber
11171,fiber
11172,fiber
11173,fiber
11174,fiber
11175,vesicle
11176,fiber
11177,fiber
11178,fiber
11179,fiber
11180,fiber
11181,fiber
11182,fiber
11183,fiber
11184,fiber
11185,fiber
11186,fiber
11187,fiber
11188,fiber
11189,fiber
11190,fiber
11191,fiber
11192,fiber
11193,vesicle
11194,fiber
11195,fiber
11196,vesicle
11197,fiber
11198,fiber
11199,fiber
11200,fiber
11201,fiber
11202,fiber
11203,fiber
11204,fiber
11205,vesicle
11206,fiber
11207,fiber
11208,vesicle
11209,fiber
11210,fiber
11211,fiber
11212,fiber
11213,fiber
11214,fiber
11215,fiber
11216,fiber
11217,vesicle
11218,vesicle
11219,fiber
11220,fiber
11221,vesicle
11222,vesicle
11223,vesicle
11224,vesicle
11225,fiber
11226,vesicle
11227,fiber
11228,fiber
11229,fiber
11230,fiber
11231,vesicle
11232,fiber
11233,fiber
11234,vesicle
11235,vesicle
11236,vesicle
11237,vesicle
11238,fiber
11239,fiber
11240,vesicle
11241,vesicle
11242,vesicle
11243,vesicle
11244,vesicle
11245,vesicle
11246,fiber
11247,vesicle
11248,fiber
11249,vesicle
11250,vesicle
11251,vesicle
11252,fiber
11253,fiber
11254,fiber
11255,fiber
11256,fiber
11257,vesicle
11258,vesicle
11259,vesicle
11260,fiber
11261,fiber
11262,vesicle
11263,fiber
11264,vesicle
11265,fiber
11266,fiber
11267,fiber
11268,fiber
11269,vesicle
11270,fiber
11271,fiber
11272,vesicle
11273,fiber
11274,fiber
11275,vesicle
11276,fiber
11277,fiber
11278,fiber
11279,fiber
11280,fiber
11281,fiber
11282,fiber
11283,vesicle
11284,vesicle
11285,fiber
11286,fiber
11287,fiber
11288,fiber
11289,vesicle
11290,vesicle
11291,vesicle
11292,vesicle
11293,vesicle
11294,vesicle
11295,vesicle
11296,vesicle
11297,vesicle
11298,vesicle
11299,vesicle
11300,vesicle
11301,fiber
11302,fiber
11303,vesicle
11304,vesicle
11305,vesicle
11306,vesicle
11307,fiber
11308,vesicle
11309,vesicle
11310,fiber
11311,vesicle
11312,vesicle
11313,vesicle
11314,fiber
11315,fiber
11316,vesicle
11317,vesicle
11318,vesicle
11319,vesicle
11320,vesicle
11321,vesicle
11322,vesicle
11323,vesicle
11324,vesicle
11325,vesicle
11326,vesicle
11327,fiber
11328,fiber
11329,fiber
11330,fiber
11331,vesicle
11332,vesicle
11333,fiber
11334,vesicle
11335,fiber
11336,vesicle
11337,fiber
11338,vesicle
11339,fiber
11340,vesicle
11341,fiber
11342,fiber
11343,vesicle
11344,vesicle
11345,fiber
11346,fiber
11347,vesicle
11348,vesicle
11349,vesicle
11350,fiber
11351,vesicle
11352,vesicle
11353,vesicle
11354,vesicle
11355,vesicle
11356,vesicle
11357,vesicle
11358,vesicle
11359,vesicle
11360,vesicle
11361,vesicle
11362,vesicle
11363,vesicle
11364,vesicle
11365,vesicle
11366,vesicle
11367,vesicle
11368,vesicle
11369,vesicle
11370,fiber
11371,fiber
11372,vesicle
11373,vesicle
11374,vesicle
11375,fiber
11376,fiber
11377,fiber
11378,vesicle
11379,fiber
11380,vesicle
11381,vesicle
11382,vesicle
11383,vesicle
11384,vesicle
11385,fiber
11386,fiber
11387,fiber
11388,fiber
11389,fiber
11390,fiber
11391,vesicle
11392,fiber
11393,vesicle
11394,fiber
11395,vesicle
11396,fiber
11397,vesicle
11398,vesicle
11399,fiber
11400,fiber
11401,vesicle
11402,vesicle
11403,vesicle
11404,fiber
11405,vesicle
11406,vesicle
11407,vesicle
11408,vesicle
11409,vesicle
11410,vesicle
11411,vesicle
11412,vesicle
11413,vesicle
11414,vesicle
11415,vesicle
11416,vesicle
11417,fiber
11418,vesicle
11419,vesicle
11420,vesicle
11421,vesicle
11422,vesicle
11423,vesicle
11424,fiber
11425,vesicle
11426,vesicle
11427,vesicle
11428,vesicle
11429,fiber
11430,vesicle
11431,fiber
11432,vesicle
11433,vesicle
11434,vesicle
11435,vesicle
11436,fiber
11437,vesicle
11438,vesicle
11439,vesicle
11440,vesicle
11441,vesicle
11442,vesicle
11443,vesicle
11444,vesicle
11445,vesicle
11446,fiber
11447,vesicle
11448,vesicle
11449,vesicle
11450,fiber
11451,vesicle
11452,vesicle
11453,vesicle
11454,vesicle
11455,fiber
11456,vesicle
11457,vesicle
11458,fiber
11459,vesicle
11460,fiber
11461,vesicle
11462,vesicle
11463,vesicle
11464,vesicle
11465,vesicle
11466,vesicle
11467,vesicle
11468,fiber
11469,vesicle
11470,vesicle
11471,fiber
11472,vesicle
11473,vesicle
11474,vesicle
11475,vesicle
11476,fiber
11477,vesicle
11478,vesicle
11479,vesicle
11480,fiber
11481,vesicle
11482,fiber
11483,fiber
11484,fiber
11485,fiber
11486,fiber
11487,fiber
11488,fiber
11489,fiber
11490,fiber
11491,fiber
11492,vesicle
11493,vesicle
11494,vesicle
11495,fiber
11496,vesicle
11497,fiber
11498,vesicle
11499,vesicle
11500,vesicle
11501,fiber
11502,fiber
11503,fiber
11504,fiber
11505,fiber
11506,vesicle
11507,vesicle
11508,vesicle
11509,vesicle
11510,vesicle
11511,fiber
11512,fiber
11513,fiber
11514,fiber
11515,fiber
11516,fiber
11517,fiber
11518,fiber
11519,fiber
11520,vesicle
11521,fiber
11522,vesicle
11523,fiber
11524,vesicle
11525,vesicle
11526,fiber
11527,vesicle
11528,fiber
11529,vesicle
11530,vesicle
11531,vesicle
11532,vesicle
11533,fiber
11534,fiber
11535,vesicle
11536,vesicle
11537,vesicle
11538,fiber
11539,vesicle
11540,vesicle
11541,vesicle
11542,vesicle
11543,fiber
11544,vesicle
11545,vesicle
11546,vesicle
11547,vesicle
11548,vesicle
11549,vesicle
11550,vesicle
11551,vesicle
11552,fiber
11553,vesicle
11554,vesicle
11555,fiber
11556,vesicle
11557,vesicle
11558,fiber
11559,fiber
11560,fiber
11561,fiber
11562,vesicle
11563,fiber
11564,fiber
11565,fiber
11566,fiber
11567,fiber
11568,vesicle
11569,vesicle
11570,vesicle
11571,fiber
11572,fiber
11573,fiber
11574,fiber
11575,vesicle
11576,fiber
11577,fiber
11578,vesicle
11579,vesicle
11580,vesicle
11581,fiber
11582,vesicle
11583,fiber
11584,fiber
11585,vesicle
11586,vesicle
11587,vesicle
11588,vesicle
11589,vesicle
11590,vesicle
11591,vesicle
11592,vesicle
11593,fiber
11594,vesicle
11595,fiber
11596,fiber
11597,fiber
11598,fiber
11599,vesicle
11600,fiber
11601,fiber
11602,vesicle
11603,vesicle
11604,fiber
11605,fiber
11606,vesicle
11607,fiber
11608,vesicle
11609,fiber
11610,fiber
11611,fiber
11612,fiber
11613,vesicle
11614,fiber
11615,vesicle
11616,fiber
11617,vesicle
11618,fiber
11619,fiber
11620,fiber
11621,fiber
11622,fiber
11623,fiber
11624,fiber
11625,fiber
11626,fiber
11627,fiber
11628,fiber
11629,fiber
11630,fiber
11631,vesicle
11632,fiber
11633,fiber
11634,fiber
11635,fiber
11636,fiber
11637,fiber
11638,fiber
11639,fiber
11640,fiber
11641,fiber
11642,fiber
11643,fiber
11644,fiber
11645,fiber
11646,fiber
11647,fiber
11648,fiber
11649,fiber
11650,fiber
11651,fiber
11652,vesicle
11653,fiber
11654,fiber
11655,fiber
11656,fiber
11657,fiber
11658,fiber
11659,fiber
11660,fiber
11661,fiber
11662,fiber
11663,vesicle
11664,vesicle
11665,fiber
11666,fiber
11667,fiber
11668,vesicle
11669,fiber
11670,vesicle
11671,fiber
11672,vesicle
11673,fiber
11674,vesicle
11675,vesicle
11676,fiber
11677,vesicle
11678,vesicle
11679,fiber
11680,vesicle
11681,fiber
11682,vesicle
11683,vesicle
11684,fiber
11685,fiber
11686,vesicle
11687,fiber
11688,fiber
11689,fiber
11690,vesicle
11691,fiber
11692,fiber
11693,fiber
11694,fiber
11695,fiber
11696,fiber
11697,fiber
11698,vesicle
11699,vesicle
11700,vesicle
11701,fiber
11702,fiber
11703,fiber
11704,fiber
11705,fiber
11706,fiber
11707,fiber
11708,fiber
11709,fiber
11710,fiber
11711,fiber
11712,fiber
11713,fiber
11714,fiber
11715,fiber
11716,fiber
11717,fiber
11718,fiber
11719,fiber
11720,fiber
11721,fiber
11722,fiber
11723,fiber
11724,fiber
11725,fiber
11726,fiber
11727,fiber
11728,fiber
11729,fiber
11730,fiber
11731,fiber
11732,fiber
11733,fiber
11734,vesicle
11735,fiber
11736,fiber
11737,fiber
11738,fiber
11739,fiber
11740,fiber
11741,fiber
11742,fiber
11743,fiber
11744,fiber
11745,fiber
11746,fiber
11747,fiber
11748,fiber
11749,fiber
11750,fiber
11751,fiber
11752,fiber
11753,fiber
11754,fiber
11755,fiber
11756,fiber
11757,fiber
11758,fiber
11759,fiber
11760,fiber
11761,fiber
11762,fiber
11763,fiber
11764,fiber
11765,fiber
11766,fiber
11767,fiber
11768,fiber
11769,fiber
11770,fiber
11771,fiber
11772,fiber
11773,fiber
11774,fiber
11775,fiber
11776,fiber
11777,fiber
11778,fiber
11779,fiber
11780,fiber
11781,fiber
11782,fiber
11783,fiber
11784,fiber
11785,fiber
11786,fiber
11787,fiber
11788,fiber
11789,fiber
11790,fiber
11791,fiber
11792,fiber
11793,fiber
11794,fiber
11795,fiber
11796,fiber
11797,fiber
11798,fiber
11799,fiber
11800,fiber
11801,fiber
11802,fiber
11803,fiber
11804,fiber
11805,fiber
11806,fiber
11807,fiber
11808,fiber
11809,fiber
11810,fiber
11811,fiber
11812,fiber
11813,fiber
11814,fiber
11815,fiber
11816,fiber
11817,fiber
11818,fiber
11819,fiber
11820,fiber
11821,fiber
11822,fiber
11823,fiber
11824,fiber
11825,fiber
11826,fiber
11827,fiber
11828,fiber
11829,fiber
11830,fiber
11831,fiber
11832,fiber
11833,fiber
11834,fiber
11835,fiber
11836,fiber
11837,fiber
11838,fiber
11839,fiber
11840,fiber
11841,fiber
11842,fiber
11843,fiber
11844,fiber
11845,fiber
11846,fiber
11847,fiber
11848,fiber
11849,fiber
11850,fiber
11851,fiber
11852,fiber
11853,fiber
11854,fiber
11855,fiber
11856,fiber
11857,fiber
11858,fiber
11859,fiber
11860,fiber
11861,fiber
11862,fiber
11863,fiber
11864,fiber
11865,fiber
11866,fiber
11867,fiber
11868,fiber
11869,fiber
11870,fiber
11871,fiber
11872,fiber
11873,fiber
11874,fiber
11875,fiber
11876,fiber
11877,fiber
11878,fiber
11879,fiber
11880,fiber
11881,fiber
11882,fiber
11883,fiber
11884,tube
11885,fiber
11886,fiber
11887,tube
11888,fiber
11889,fiber
11890,fiber
11891,fiber
11892,fiber
11893,fiber
11894,fiber
11895,fiber
11896,fiber
11897,fiber
11898,fiber
11899,fiber
11900,fiber
11901,fiber
11902,fiber
11903,fiber
11904,fiber
11905,fiber
11906,fiber
11907,fiber
11908,fiber
11909,fiber
11910,fiber
11911,fiber
11912,fiber
11913,fiber
11914,fiber
11915,fiber
11916,fiber
11917,fiber
11918,fiber
11919,fiber
11920,fiber
11921,fiber
11922,fiber
11923,fiber
11924,fiber
11925,fiber
11926,fiber
11927,fiber
11928,fiber
11929,fiber
11930,fiber
11931,fiber
11932,fiber
11933,fiber
11934,tube
11935,tube
11936,tube
11937,tube
11938,fiber
11939,fiber
11940,tube
11941,fiber
11942,fiber
11943,tube
11944,vesicle
11945,fiber
11946,fiber
11947,fiber
11948,fiber
11949,fiber
11950,fiber
11951,fiber
11952,fiber
11953,fiber
11954,fiber
11955,fiber
11956,fiber
11957,fiber
11958,fiber
11959,tube
11960,fiber
11961,fiber
11962,fiber
11963,fiber
11964,fiber
11965,fiber
11966,fiber
11967,fiber
11968,fiber
11969,fiber
11970,fiber
11971,fiber
11972,fiber
11973,fiber
11974,fiber
11975,fiber
11976,fiber
11977,fiber
11978,fiber
11979,fiber
11980,fiber
11981,fiber
11982,fiber
11983,fiber
11984,fiber
11985,fiber
11986,fiber
11987,fiber
11988,fiber
11989,fiber
11990,fiber
11991,fiber
11992,vesicle
11993,fiber
11994,fiber
11995,fiber
11996,fiber
11997,fiber
11998,fiber
11999,fiber
