Frame,shape,pathway
0,sheet,sheet->vesicle->tube
1,sheet,sheet->vesicle->tube
2,sheet,sheet->vesicle->tube
3,sheet,sheet->vesicle->tube
4,sheet,sheet->vesicle->tube
5,sheet,sheet->vesicle->tube
6,sheet,sheet->vesicle->tube
7,sheet,sheet->vesicle
8,sheet,sheet->vesicle->tube
9,sheet,sheet->vesicle->tube
10,sheet,sheet->vesicle
11,sheet,sheet->vesicle
12,sheet,sheet->vesicle->tube
13,sheet,sheet->vesicle->tube
14,sheet,sheet->vesicle->tube
15,sheet,sheet->vesicle
16,sheet,sheet->vesicle
17,sheet,sheet->vesicle->tube
18,sheet,sheet->vesicle->tube
19,sheet,sheet->vesicle
20,sheet,sheet->vesicle->tube
21,sheet,sheet->vesicle->tube
22,sheet,sheet->vesicle
23,sheet,sheet->vesicle->tube
24,sheet,sheet->vesicle
25,sheet,sheet->vesicle
26,sheet,sheet->vesicle
27,sheet,sheet->vesicle
28,sheet,sheet->vesicle
29,sheet,sheet->vesicle->tube
30,sheet,sheet->vesicle->tube
31,sheet,sheet->vesicle
32,sheet,sheet->vesicle
33,sheet,sheet->vesicle
34,sheet,sheet->vesicle->tube
35,sheet,sheet->vesicle
36,sheet,sheet->vesicle->tube
37,sheet,sheet->vesicle->tube
38,sheet,sheet->vesicle->tube
39,sheet,sheet->vesicle
40,sheet,sheet->vesicle
41,sheet,sheet->vesicle
42,sheet,sheet->vesicle->tube
43,sheet,sheet->vesicle->tube
44,sheet,sheet->vesicle
45,sheet,sheet->vesicle
46,sheet,sheet->vesicle
47,sheet,sheet->vesicle
48,sheet,sheet->vesicle->tube
49,sheet,sheet->vesicle
50,sheet,sheet->vesicle
51,sheet,sheet->vesicle
52,sheet,sheet->vesicle
53,sheet,sheet->vesicle
54,sheet,sheet->vesicle
55,sheet,sheet->vesicle
56,sheet,sheet->vesicle
57,sheet,sheet->vesicle
58,sheet,sheet->vesicle
59,sheet,sheet->vesicle
60,sheet,sheet->vesicle
61,sheet,sheet->vesicle
62,sheet,sheet->vesicle
63,sheet,sheet->vesicle
64,sheet,sheet->vesicle->tube
65,sheet,sheet->vesicle
66,sheet,sheet->vesicle
67,sheet,sheet->vesicle
68,sheet,sheet->vesicle
69,sheet,sheet->vesicle
70,sheet,sheet->vesicle
71,sheet,sheet->vesicle->tube
72,sheet,sheet->vesicle
73,sheet,sheet->vesicle
74,sheet,sheet->vesicle
75,sheet,sheet->vesicle
76,sheet,sheet->vesicle
77,sheet,sheet->vesicle
78,sheet,sheet->vesicle
79,sheet,sheet->vesicle
80,sheet,sheet->vesicle
81,sheet,sheet->vesicle
82,sheet,sheet->vesicle
83,sheet,sheet->vesicle
84,sheet,sheet->vesicle
85,sheet,sheet->vesicle
86,sheet,sheet->vesicle
87,sheet,sheet->vesicle
88,sheet,sheet->vesicle
89,sheet,sheet->vesicle->tube
90,sheet,sheet->vesicle
91,sheet,sheet->vesicle
92,sheet,sheet->vesicle
93,sheet,sheet->vesicle
94,sheet,sheet->vesicle
95,sheet,sheet->vesicle
96,sheet,sheet->vesicle
97,sheet,sheet->vesicle->tube
98,sheet,sheet->vesicle->tube
99,sheet,sheet->vesicle->tube
100,sheet,sheet->vesicle
101,sheet,sheet->vesicle
102,sheet,sheet->vesicle
103,sheet,sheet->vesicle->tube
104,sheet,sheet->vesicle
105,sheet,sheet->vesicle
106,sheet,sheet->vesicle
107,sheet,sheet->vesicle->tube
108,sheet,sheet->vesicle
109,sheet,sheet->vesicle
110,sheet,sheet->vesicle
111,sheet,sheet->vesicle
112,sheet,sheet->vesicle
113,sheet,sheet->vesicle
114,sheet,sheet->vesicle
115,sheet,sheet->vesicle
116,sheet,sheet->vesicle
117,sheet,sheet->vesicle
118,sheet,sheet->vesicle
119,sheet,sheet->vesicle
120,sheet,sheet->vesicle
121,sheet,sheet->vesicle
122,sheet,sheet->vesicle
123,sheet,sheet->vesicle
124,sheet,sheet->vesicle
125,sheet,sheet->vesicle
126,sheet,sheet->vesicle
127,sheet,sheet->vesicle
128,sheet,sheet->vesicle
129,sheet,sheet->vesicle
130,sheet,sheet->vesicle
131,sheet,sheet->vesicle
132,sheet,sheet->vesicle
133,sheet,sheet->vesicle
134,sheet,sheet->vesicle
135,sheet,sheet->vesicle
136,sheet,sheet->vesicle
137,sheet,sheet->vesicle
138,sheet,sheet->vesicle
139,sheet,sheet->vesicle
140,sheet,sheet->vesicle
141,sheet,sheet->vesicle
142,sheet,sheet->vesicle
143,sheet,sheet->vesicle
144,sheet,sheet->vesicle
145,sheet,sheet->vesicle
146,sheet,sheet->vesicle
147,sheet,sheet->vesicle
148,fiber,fiber-only
149,fiber,fiber-only
150,sheet,sheet->vesicle
151,sheet,sheet->vesicle
152,sheet,sheet->vesicle
153,sheet,sheet->vesicle
154,sheet,sheet->vesicle
155,sheet,sheet->vesicle
156,sheet,sheet->vesicle->tube
157,sheet,sheet->vesicle
158,sheet,sheet->vesicle
159,sheet,sheet->vesicle
160,sheet,sheet->vesicle
161,sheet,sheet->vesicle->tube
162,fiber,fiber-only
163,sheet,sheet->vesicle
164,sheet,sheet->vesicle
165,sheet,sheet->vesicle
166,sheet,sheet->vesicle
167,sheet,sheet->vesicle
168,sheet,sheet->vesicle
169,fiber,fiber-only
170,sheet,sheet->vesicle
171,sheet,sheet->vesicle
172,sheet,sheet->vesicle
173,sheet,sheet->vesicle
174,fiber,fiber-only
175,fiber,fiber-only
176,sheet,sheet->vesicle
177,sheet,sheet->vesicle->tube
178,fiber,fiber-only
179,sheet,sheet->vesicle
180,fiber,fiber-only
181,fiber,fiber-only
182,fiber,fiber-only
183,fiber,fiber-only
184,fiber,fiber-only
185,fiber,fiber-only
186,fiber,fiber-only
187,fiber,fiber-only
188,fiber,fiber-only
189,fiber,fiber-only
190,fiber,fiber-only
191,sheet,sheet->vesicle
192,fiber,fiber-only
193,fiber,fiber-only
194,fiber,fiber-only
195,fiber,fiber-only
196,fiber,fiber-only
197,fiber,fiber-only
198,fiber,fiber-only
199,fiber,fiber-only
200,fiber,fiber-only
201,sheet,sheet->vesicle
202,fiber,fiber-only
203,fiber,fiber-only
204,fiber,fiber-only
205,fiber,fiber-only
206,fiber,fiber-only
207,fiber,fiber-only
208,fiber,fiber-only
209,fiber,fiber-only
210,fiber,fiber-only
211,fiber,fiber-only
212,fiber,fiber-only
213,fiber,fiber-only
214,fiber,fiber-only
215,sheet,sheet->vesicle
216,sheet,sheet->vesicle
217,sheet,sheet->vesicle
218,fiber,fiber-only
219,fiber,fiber-only
220,fiber,fiber-only
221,sheet,sheet->vesicle
222,sheet,sheet->vesicle
223,fiber,fiber-only
224,sheet,sheet->vesicle
225,sheet,sheet->vesicle->tube
226,sheet,sheet->vesicle
227,sheet,sheet->vesicle
228,sheet,sheet->vesicle
229,fiber,fiber-only
230,fiber,fiber-only
231,fiber,fiber-only
232,fiber,fiber-only
233,fiber,fiber-only
234,fiber,fiber-only
235,fiber,fiber-only
236,fiber,fiber-only
237,fiber,fiber-only
238,fiber,fiber-only
239,fiber,fiber-only
240,fiber,fiber-only
241,sheet,sheet->vesicle
242,fiber,fiber-only
243,sheet,sheet->vesicle
244,fiber,fiber-only
245,fiber,fiber-only
246,fiber,fiber-only
247,fiber,fiber-only
248,fiber,fiber-only
249,fiber,fiber-only
250,sheet,sheet->vesicle
251,fiber,fiber-only
252,fiber,fiber-only
253,fiber,fiber-only
254,fiber,fiber-only
255,fiber,fiber-only
256,fiber,fiber-only
257,fiber,fiber-only
258,sheet,sheet->vesicle
259,fiber,fiber-only
260,fiber,fiber-only
261,sheet,sheet->vesicle
262,fiber,fiber-only
263,fiber,fiber-only
264,sheet,sheet->vesicle
265,fiber,fiber-only
266,fiber,fiber-only
267,fiber,fiber-only
268,fiber,fiber-only
269,sheet,sheet->vesicle
270,fiber,fiber-only
271,sheet,sheet->vesicle
272,sheet,sheet->vesicle
273,sheet,sheet->vesicle
274,sheet,sheet->vesicle
275,sheet,sheet->vesicle
276,sheet,sheet->vesicle
277,fiber,fiber-only
278,fiber,fiber-only
279,fiber,fiber-only
280,fiber,fiber-only
281,sheet,sheet->vesicle
282,sheet,sheet->vesicle
283,fiber,fiber-only
284,fiber,fiber-only
285,sheet,sheet->vesicle
286,sheet,sheet->vesicle
287,fiber,fiber-only
288,sheet,sheet->vesicle
289,sheet,sheet->vesicle
290,sheet,sheet->vesicle
291,sheet,sheet->vesicle
292,sheet,sheet->vesicle
293,sheet,sheet->vesicle
294,sheet,sheet->vesicle
295,sheet,sheet->vesicle
296,fiber,fiber-only
297,fiber,fiber-only
298,sheet,sheet->vesicle
299,sheet,sheet->vesicle
300,sheet,sheet->vesicle
301,sheet,sheet->vesicle
302,fiber,fiber-only
303,sheet,sheet->vesicle
304,sheet,sheet->vesicle
305,sheet,sheet->vesicle
306,sheet,sheet->vesicle
307,sheet,sheet->vesicle
308,sheet,sheet->vesicle
309,fiber,fiber-only
310,fiber,fiber-only
311,fiber,fiber-only
312,fiber,fiber-only
313,fiber,fiber-only
314,fiber,fiber-only
315,fiber,fiber-only
316,fiber,fiber-only
317,fiber,fiber-only
318,fiber,fiber-only
319,fiber,fiber-only
320,fiber,fiber-only
321,fiber,fiber-only
322,sheet,sheet->vesicle->tube
323,fiber,fiber-only
324,fiber,fiber-only
325,fiber,fiber-only
326,fiber,fiber-only
327,sheet,sheet->vesicle
328,fiber,fiber-only
329,fiber,fiber-only
330,sheet,sheet->vesicle
331,fiber,fiber-only
332,fiber,fiber-only
333,sheet,sheet->vesicle
334,sheet,sheet->vesicle
335,sheet,sheet->vesicle
336,sheet,sheet->vesicle
337,sheet,sheet->vesicle
338,fiber,fiber-only
339,sheet,sheet->vesicle
340,fiber,fiber-only
341,sheet,sheet->vesicle
342,sheet,sheet->vesicle
343,sheet,sheet->vesicle
344,sheet,sheet->vesicle
345,sheet,sheet->vesicle
346,sheet,sheet->vesicle
347,fiber,fiber-only
348,fiber,fiber-only
349,sheet,sheet->vesicle
350,fiber,fiber-only
351,fiber,fiber-only
352,fiber,fiber-only
353,fiber,fiber-only
354,sheet,sheet->vesicle
355,fiber,fiber-only
356,sheet,sheet->vesicle
357,sheet,sheet->vesicle
358,fiber,fiber-only
359,fiber,fiber-only
360,fiber,fiber-only
361,fiber,fiber-only
362,fiber,fiber-only
363,fiber,fiber-only
364,fiber,fiber-only
365,fiber,fiber-only
366,fiber,fiber-only
367,fiber,fiber-only
368,sheet,sheet->vesicle
369,fiber,fiber-only
370,fiber,fiber-only
371,fiber,fiber-only
372,sheet,sheet->vesicle
373,fiber,fiber-only
374,fiber,fiber-only
375,fiber,fiber->tube
376,sheet,sheet->vesicle
377,sheet,sheet->vesicle
378,sheet,sheet->vesicle
379,sheet,sheet->vesicle
380,sheet,sheet->vesicle
381,sheet,sheet->vesicle
382,sheet,sheet->vesicle
383,sheet,sheet->vesicle
384,fiber,fiber-only
385,fiber,fiber-only
386,sheet,sheet->vesicle
387,fiber,fiber-only
388,fiber,fiber-only
389,fiber,fiber-only
390,sheet,sheet->vesicle
391,fiber,fiber-only
392,fiber,fiber-only
393,sheet,sheet->vesicle
394,sheet,sheet->vesicle
395,sheet,sheet->vesicle
396,fiber,fiber-only
397,fiber,fiber-only
398,sheet,sheet->vesicle
399,fiber,fiber-only
400,fiber,fiber-only
401,sheet,sheet->vesicle
402,fiber,fiber-only
403,fiber,fiber-only
404,fiber,fiber-only
405,sheet,sheet->vesicle
406,sheet,sheet->vesicle
407,sheet,sheet->vesicle
408,fiber,fiber-only
409,fiber,fiber-only
410,sheet,sheet->vesicle->tube
411,fiber,fiber-only
412,fiber,fiber-only
413,fiber,fiber-only
414,fiber,fiber-only
415,fiber,fiber-only
416,fiber,fiber-only
417,fiber,fiber-only
418,fiber,fiber-only
419,sheet,sheet->vesicle
420,sheet,sheet->vesicle->tube
421,sheet,sheet->vesicle
422,sheet,sheet->vesicle
423,sheet,sheet->vesicle
424,sheet,sheet->vesicle
425,sheet,sheet->vesicle->tube
426,fiber,fiber-only
427,sheet,sheet->vesicle->tube
428,fiber,fiber-only
429,sheet,sheet->vesicle->tube
430,fiber,fiber-only
431,sheet,sheet->vesicle
432,sheet,sheet->vesicle
433,fiber,fiber-only
434,sheet,sheet->vesicle
435,fiber,fiber-only
436,fiber,fiber-only
437,fiber,fiber-only
438,sheet,sheet->vesicle
439,fiber,fiber-only
440,sheet,sheet->vesicle
441,fiber,fiber-only
442,fiber,fiber-only
443,fiber,fiber-only
444,sheet,sheet->vesicle
445,sheet,sheet->vesicle
446,sheet,sheet->vesicle
447,fiber,fiber-only
448,fiber,fiber-only
449,fiber,fiber-only
450,sheet,sheet->vesicle
451,sheet,sheet->vesicle
452,fiber,fiber-only
453,fiber,fiber-only
454,fiber,fiber-only
455,fiber,fiber-only
456,fiber,fiber-only
457,fiber,fiber-only
458,fiber,fiber-only
459,sheet,sheet->vesicle
460,fiber,fiber-only
461,sheet,sheet->vesicle
462,fiber,fiber-only
463,sheet,sheet->vesicle
464,fiber,fiber-only
465,sheet,sheet->vesicle
466,fiber,fiber-only
467,sheet,sheet->vesicle
468,sheet,sheet->vesicle
469,fiber,fiber-only
470,fiber,fiber-only
471,sheet,sheet->vesicle
472,sheet,sheet->vesicle
473,sheet,sheet->vesicle
474,fiber,fiber-only
475,fiber,fiber-only
476,fiber,fiber-only
477,fiber,fiber-only
478,fiber,fiber-only
479,sheet,sheet->vesicle
480,sheet,sheet->vesicle
481,sheet,sheet->vesicle
482,sheet,sheet->vesicle
483,fiber,fiber-only
484,sheet,sheet->vesicle
485,sheet,sheet->vesicle
486,sheet,sheet->vesicle
487,fiber,fiber-only
488,fiber,fiber-only
489,fiber,fiber-only
490,sheet,sheet->vesicle
491,sheet,sheet->vesicle
492,sheet,sheet->vesicle
493,sheet,sheet->vesicle
494,fiber,fiber-only
495,fiber,fiber-only
496,fiber,fiber-only
497,fiber,fiber-only
498,fiber,fiber-only
499,fiber,fiber-only
500,fiber,fiber-only
501,fiber,fiber-only
502,fiber,fiber-only
503,fiber,fiber-only
504,fiber,fiber-only
505,fiber,fiber-only
506,fiber,fiber-only
507,fiber,fiber-only
508,fiber,fiber-only
509,fiber,fiber-only
510,fiber,fiber-only
511,fiber,fiber-only
512,fiber,fiber-only
513,fiber,fiber-only
514,fiber,fiber-only
515,fiber,fiber-only
516,fiber,fiber-only
517,fiber,fiber-only
518,sheet,sheet->vesicle
519,fiber,fiber-only
520,fiber,fiber-only
521,fiber,fiber-only
522,fiber,fiber-only
523,fiber,fiber-only
524,fiber,fiber-only
525,fiber,fiber-only
526,fiber,fiber-only
527,fiber,fiber-only
528,sheet,sheet->vesicle
529,sheet,sheet->vesicle
530,sheet,sheet->vesicle
531,fiber,fiber-only
532,fiber,fiber-only
533,fiber,fiber-only
534,fiber,fiber-only
535,fiber,fiber-only
536,fiber,fiber-only
537,fiber,fiber-only
538,sheet,sheet->vesicle
539,fiber,fiber-only
540,sheet,sheet->vesicle
541,fiber,fiber-only
542,fiber,fiber-only
543,sheet,sheet->vesicle
544,fiber,fiber-only
545,sheet,sheet->vesicle
546,fiber,fiber-only
547,fiber,fiber-only
548,fiber,fiber-only
549,sheet,sheet->vesicle
550,fiber,fiber-only
551,fiber,fiber-only
552,sheet,sheet->vesicle
553,sheet,sheet->vesicle->tube
554,sheet,sheet->vesicle
555,fiber,fiber-only
556,fiber,fiber-only
557,sheet,sheet->vesicle
558,fiber,fiber-only
559,fiber,fiber-only
560,fiber,fiber-only
561,fiber,fiber-only
562,sheet,sheet->vesicle
563,sheet,sheet->vesicle
564,fiber,fiber-only
565,fiber,fiber-only
566,fiber,fiber-only
567,sheet,sheet->vesicle
568,fiber,fiber-only
569,fiber,fiber-only
570,fiber,fiber-only
571,fiber,fiber-only
572,fiber,fiber-only
573,fiber,fiber-only
574,fiber,fiber-only
575,fiber,fiber-only
576,sheet,sheet->vesicle
577,fiber,fiber-only
578,fiber,fiber-only
579,fiber,fiber-only
580,sheet,sheet->vesicle
581,sheet,sheet->vesicle
582,sheet,sheet->vesicle
583,fiber,fiber-only
584,fiber,fiber-only
585,fiber,fiber-only
586,fiber,fiber-only
587,fiber,fiber-only
588,fiber,fiber-only
589,fiber,fiber-only
590,sheet,sheet->vesicle
591,fiber,fiber-only
592,sheet,sheet->vesicle
593,sheet,sheet->vesicle
594,sheet,sheet->vesicle
595,fiber,fiber-only
596,fiber,fiber-only
597,fiber,fiber-only
598,sheet,sheet->vesicle
599,sheet,sheet->vesicle
600,fiber,fiber-only
601,sheet,sheet->vesicle
602,sheet,sheet->vesicle
603,fiber,fiber-only
604,sheet,sheet->vesicle
605,fiber,fiber-only
606,fiber,fiber-only
607,fiber,fiber-only
608,fiber,fiber-only
609,fiber,fiber-only
610,fiber,fiber-only
611,fiber,fiber-only
612,fiber,fiber-only
613,fiber,fiber-only
614,fiber,fiber-only
615,fiber,fiber-only
616,fiber,fiber-only
617,fiber,fiber->tube
618,fiber,fiber-only
619,fiber,fiber-only
620,fiber,fiber-only
621,fiber,fiber-only
622,fiber,fiber-only
623,fiber,fiber-only
624,fiber,fiber-only
625,fiber,fiber-only
626,fiber,fiber-only
627,fiber,fiber-only
628,fiber,fiber-only
629,fiber,fiber-only
630,fiber,fiber-only
631,fiber,fiber-only
632,sheet,sheet->vesicle
633,fiber,fiber-only
634,fiber,fiber-only
635,sheet,sheet->vesicle
636,sheet,sheet->vesicle
637,fiber,fiber-only
638,fiber,fiber-only
639,fiber,fiber-only
640,fiber,fiber-only
641,fiber,fiber-only
642,fiber,fiber-only
643,fiber,fiber-only
644,fiber,fiber-only
645,fiber,fiber-only
646,fiber,fiber-only
647,fiber,fiber-only
648,fiber,fiber-only
649,fiber,fiber-only
650,fiber,fiber-only
651,fiber,fiber-only
652,sheet,sheet->vesicle
653,sheet,sheet->vesicle
654,fiber,fiber-only
655,fiber,fiber-only
656,fiber,fiber-only
657,fiber,fiber-only
658,fiber,fiber-only
659,fiber,fiber-only
660,fiber,fiber-only
661,fiber,fiber-only
662,fiber,fiber-only
663,fiber,fiber-only
664,sheet,sheet->vesicle
665,fiber,fiber-only
666,fiber,fiber-only
667,sheet,sheet->vesicle
668,sheet,sheet->vesicle
669,fiber,fiber-only
670,fiber,fiber-only
671,sheet,sheet->vesicle
672,fiber,fiber-only
673,fiber,fiber-only
674,sheet,sheet->vesicle
675,fiber,fiber-only
676,fiber,fiber-only
677,sheet,sheet->vesicle
678,sheet,sheet->vesicle
679,sheet,sheet->vesicle
680,sheet,sheet->vesicle
681,fiber,fiber-only
682,fiber,fiber-only
683,fiber,fiber-only
684,fiber,fiber-only
685,fiber,fiber-only
686,fiber,fiber-only
687,fiber,fiber-only
688,fiber,fiber-only
689,fiber,fiber-only
690,fiber,fiber-only
691,fiber,fiber-only
692,sheet,sheet->vesicle
693,fiber,fiber-only
694,fiber,fiber-only
695,fiber,fiber-only
696,fiber,fiber-only
697,fiber,fiber-only
698,fiber,fiber-only
699,fiber,fiber-only
700,fiber,fiber-only
701,fiber,fiber-only
702,fiber,fiber-only
703,fiber,fiber-only
704,fiber,fiber-only
705,fiber,fiber-only
706,fiber,fiber-only
707,fiber,fiber-only
708,fiber,fiber-only
709,fiber,fiber-only
710,fiber,fiber-only
711,fiber,fiber-only
712,sheet,sheet->vesicle
713,fiber,fiber-only
714,sheet,sheet->vesicle
715,fiber,fiber-only
716,sheet,sheet->vesicle->tube
717,sheet,sheet->vesicle
718,fiber,fiber-only
719,sheet,sheet->vesicle
720,fiber,fiber-only
721,fiber,fiber-only
722,sheet,sheet->vesicle
723,fiber,fiber-only
724,fiber,fiber-only
725,fiber,fiber-only
726,fiber,fiber-only
727,fiber,fiber-only
728,fiber,fiber-only
729,fiber,fiber-only
730,fiber,fiber-only
731,fiber,fiber-only
732,fiber,fiber-only
733,fiber,fiber-only
734,fiber,fiber-only
735,fiber,fiber-only
736,fiber,fiber-only
737,fiber,fiber-only
738,fiber,fiber-only
739,fiber,fiber-only
740,fiber,fiber-only
741,fiber,fiber-only
742,fiber,fiber-only
743,fiber,fiber-only
744,fiber,fiber-only
745,sheet,sheet->vesicle
746,sheet,sheet->vesicle
747,fiber,fiber-only
748,sheet,sheet->vesicle
749,fiber,fiber-only
750,fiber,fiber-only
751,fiber,fiber-only
752,sheet,sheet->vesicle
753,fiber,fiber-only
754,fiber,fiber-only
755,fiber,fiber-only
756,fiber,fiber-only
757,fiber,fiber-only
758,fiber,fiber-only
759,sheet,sheet->vesicle
760,fiber,fiber-only
761,fiber,fiber-only
762,fiber,fiber-only
763,fiber,fiber-only
764,fiber,fiber-only
765,fiber,fiber-only
766,fiber,fiber-only
767,fiber,fiber-only
768,fiber,fiber-only
769,fiber,fiber-only
770,fiber,fiber-only
771,fiber,fiber-only
772,fiber,fiber-only
773,fiber,fiber-only
774,fiber,fiber-only
775,fiber,fiber-only
776,fiber,fiber-only
777,fiber,fiber-only
778,fiber,fiber-only
779,fiber,fiber-only
780,fiber,fiber-only
781,fiber,fiber-only
782,fiber,fiber-only
783,fiber,fiber-only
784,fiber,fiber-only
785,fiber,fiber-only
786,fiber,fiber-only
787,fiber,fiber-only
788,fiber,fiber-only
789,fiber,fiber-only
790,fiber,fiber-only
791,fiber,fiber-only
792,fiber,fiber-only
793,fiber,fiber-only
794,fiber,fiber-only
795,fiber,fiber-only
796,fiber,fiber-only
797,fiber,fiber-only
798,fiber,fiber-only
799,fiber,fiber-only
800,fiber,fiber-only
801,fiber,fiber-only
802,fiber,fiber-only
803,fiber,fiber-only
804,fiber,fiber-only
805,fiber,fiber-only
806,fiber,fiber-only
807,fiber,fiber-only
808,fiber,fiber-only
809,fiber,fiber-only
810,fiber,fiber-only
811,fiber,fiber-only
812,sheet,sheet->vesicle
813,fiber,fiber-only
814,fiber,fiber-only
815,fiber,fiber-only
816,fiber,fiber-only
817,fiber,fiber-only
818,fiber,fiber-only
819,fiber,fiber-only
820,fiber,fiber-only
821,fiber,fiber-only
822,fiber,fiber-only
823,fiber,fiber-only
824,fiber,fiber-only
825,fiber,fiber-only
826,fiber,fiber-only
827,sheet,sheet->vesicle
828,fiber,fiber-only
829,fiber,fiber-only
830,fiber,fiber-only
831,sheet,sheet->vesicle
832,sheet,sheet->vesicle
833,fiber,fiber-only
834,sheet,sheet->vesicle->tube
835,fiber,fiber-only
836,fiber,fiber-only
837,fiber,fiber-only
838,fiber,fiber-only
839,sheet,sheet->vesicle
840,sheet,sheet->vesicle
841,fiber,fiber-only
842,fiber,fiber-only
843,fiber,fiber-only
844,fiber,fiber-only
845,fiber,fiber-only
846,fiber,fiber-only
847,fiber,fiber-only
848,fiber,fiber-only
849,fiber,fiber-only
850,fiber,fiber-only
851,fiber,fiber-only
852,fiber,fiber-only
853,fiber,fiber-only
854,fiber,fiber-only
855,fiber,fiber-only
856,fiber,fiber-only
857,fiber,fiber-only
858,fiber,fiber-only
859,sheet,sheet->vesicle
860,fiber,fiber-only
861,fiber,fiber-only
862,fiber,fiber-only
863,fiber,fiber-only
864,fiber,fiber-only
865,fiber,fiber-only
866,fiber,fiber-only
867,fiber,fiber-only
868,fiber,fiber-only
869,fiber,fiber-only
870,fiber,fiber-only
871,fiber,fiber-only
872,fiber,fiber-only
873,fiber,fiber-only
874,fiber,fiber-only
875,fiber,fiber-only
876,fiber,fiber-only
877,fiber,fiber-only
878,fiber,fiber-only
879,sheet,sheet->vesicle
880,fiber,fiber-only
881,fiber,fiber-only
882,fiber,fiber-only
883,fiber,fiber-only
884,fiber,fiber-only
885,fiber,fiber-only
886,fiber,fiber-only
887,fiber,fiber-only
888,fiber,fiber-only
889,fiber,fiber-only
890,fiber,fiber-only
891,fiber,fiber-only
892,fiber,fiber-only
893,fiber,fiber-only
894,fiber,fiber-only
895,fiber,fiber-only
896,fiber,fiber-only
897,fiber,fiber-only
898,fiber,fiber-only
899,fiber,fiber-only
900,fiber,fiber-only
901,fiber,fiber-only
902,fiber,fiber-only
903,fiber,fiber-only
904,fiber,fiber-only
905,fiber,fiber-only
906,fiber,fiber-only
907,fiber,fiber-only
908,fiber,fiber-only
909,fiber,fiber-only
910,fiber,fiber-only
911,fiber,fiber-only
912,fiber,fiber-only
913,fiber,fiber-only
914,fiber,fiber-only
915,fiber,fiber-only
916,fiber,fiber-only
917,fiber,fiber-only
918,fiber,fiber-only
919,fiber,fiber-only
920,fiber,fiber-only
921,fiber,fiber-only
922,fiber,fiber-only
923,fiber,fiber-only
924,sheet,sheet->vesicle
925,fiber,fiber-only
926,fiber,fiber-only
927,fiber,fiber-only
928,fiber,fiber-only
929,sheet,sheet->vesicle
930,sheet,sheet->vesicle
931,fiber,fiber-only
932,fiber,fiber-only
933,fiber,fiber-only
934,sheet,sheet->vesicle
935,sheet,sheet->vesicle
936,sheet,sheet->vesicle
937,sheet,sheet->vesicle
938,sheet,sheet->vesicle
939,fiber,fiber-only
940,fiber,fiber-only
941,fiber,fiber-only
942,fiber,fiber-only
943,fiber,fiber-only
944,fiber,fiber-only
945,fiber,fiber-only
946,fiber,fiber-only
947,fiber,fiber-only
948,fiber,fiber-only
949,fiber,fiber-only
950,fiber,fiber-only
951,sheet,sheet->vesicle
952,sheet,sheet->vesicle
953,fiber,fiber-only
954,fiber,fiber-only
955,fiber,fiber-only
956,sheet,sheet->vesicle
957,sheet,sheet->vesicle
958,sheet,sheet->vesicle
959,sheet,sheet->vesicle
960,sheet,sheet->vesicle
961,fiber,fiber-only
962,sheet,sheet->vesicle
963,sheet,sheet->vesicle
964,fiber,fiber-only
965,fiber,fiber-only
966,fiber,fiber-only
967,fiber,fiber-only
968,fiber,fiber-only
969,fiber,fiber-only
970,fiber,fiber-only
971,fiber,fiber-only
972,sheet,sheet->vesicle
973,fiber,fiber-only
974,fiber,fiber-only
975,fiber,fiber-only
976,sheet,sheet->vesicle
977,fiber,fiber-only
978,fiber,fiber-only
979,fiber,fiber-only
980,fiber,fiber-only
981,fiber,fiber-only
982,fiber,fiber-only
983,fiber,fiber-only
984,fiber,fiber-only
985,fiber,fiber-only
986,fiber,fiber-only
987,fiber,fiber-only
988,fiber,fiber-only
989,fiber,fiber-only
990,fiber,fiber-only
991,fiber,fiber-only
992,fiber,fiber-only
993,fiber,fiber-only
994,fiber,fiber-only
995,fiber,fiber-only
996,fiber,fiber-only
997,fiber,fiber-only
998,fiber,fiber-only
999,fiber,fiber-only
1000,sheet,sheet->vesicle
1001,sheet,sheet->vesicle->tube
1002,sheet,sheet->vesicle
1003,fiber,fiber-only
1004,sheet,sheet->vesicle
1005,sheet,sheet->vesicle
1006,fiber,fiber-only
1007,sheet,sheet->vesicle
1008,sheet,sheet->vesicle
1009,sheet,sheet->vesicle
1010,fiber,fiber-only
1011,sheet,sheet->vesicle
1012,fiber,fiber-only
1013,sheet,sheet->vesicle
1014,sheet,sheet->vesicle
1015,sheet,sheet->vesicle
1016,sheet,sheet->vesicle
1017,sheet,sheet->vesicle
1018,sheet,sheet->vesicle
1019,sheet,sheet->vesicle
1020,sheet,sheet->vesicle
1021,sheet,sheet->vesicle
1022,sheet,sheet->vesicle
1023,sheet,sheet->vesicle
1024,sheet,sheet->vesicle
1025,sheet,sheet->vesicle
1026,fiber,fiber-only
1027,sheet,sheet->vesicle
1028,sheet,sheet->vesicle
1029,sheet,sheet->vesicle
1030,sheet,sheet->vesicle
1031,sheet,sheet->vesicle
1032,sheet,sheet->vesicle
1033,sheet,sheet->vesicle
1034,sheet,sheet->vesicle
1035,sheet,sheet->vesicle
1036,sheet,sheet->vesicle
1037,sheet,sheet->vesicle
1038,sheet,sheet->vesicle
1039,sheet,sheet->vesicle
1040,sheet,sheet->vesicle
1041,sheet,sheet->vesicle
1042,sheet,sheet->vesicle
1043,sheet,sheet->vesicle
1044,sheet,sheet->vesicle
1045,fiber,fiber-only
1046,fiber,fiber-only
1047,sheet,sheet->vesicle->tube
1048,sheet,sheet->vesicle
1049,sheet,sheet->vesicle
1050,sheet,sheet->vesicle
1051,sheet,sheet->vesicle
1052,sheet,sheet->vesicle
1053,sheet,sheet->vesicle
1054,sheet,sheet->vesicle
1055,fiber,fiber-only
1056,sheet,sheet->vesicle
1057,sheet,sheet->vesicle
1058,fiber,fiber-only
1059,fiber,fiber-only
1060,fiber,fiber-only
1061,sheet,sheet->vesicle
1062,fiber,fiber-only
1063,fiber,fiber-only
1064,sheet,sheet->vesicle
1065,fiber,fiber-only
1066,fiber,fiber-only
1067,fiber,fiber-only
1068,fiber,fiber-only
1069,fiber,fiber-only
1070,sheet,sheet->vesicle
1071,sheet,sheet->vesicle
1072,sheet,sheet->vesicle
1073,sheet,sheet->vesicle
1074,sheet,sheet->vesicle
1075,sheet,sheet->vesicle
1076,sheet,sheet->vesicle
1077,sheet,sheet->vesicle
1078,fiber,fiber-only
1079,fiber,fiber-only
1080,sheet,sheet->vesicle
1081,fiber,fiber-only
1082,sheet,sheet->vesicle
1083,fiber,fiber-only
1084,sheet,sheet->vesicle
1085,sheet,sheet->vesicle
1086,fiber,fiber-only
1087,sheet,sheet->vesicle
1088,sheet,sheet->vesicle
1089,sheet,sheet->vesicle
1090,sheet,sheet->vesicle
1091,sheet,sheet->vesicle
1092,fiber,fiber-only
1093,sheet,sheet->vesicle
1094,sheet,sheet->vesicle
1095,sheet,sheet->vesicle
1096,sheet,sheet->vesicle
1097,sheet,sheet->vesicle
1098,sheet,sheet->vesicle
1099,sheet,sheet->vesicle
1100,sheet,sheet->vesicle
1101,sheet,sheet->vesicle
1102,sheet,sheet->vesicle
1103,sheet,sheet->vesicle
1104,sheet,sheet->vesicle
1105,sheet,sheet->vesicle
1106,sheet,sheet->vesicle
1107,sheet,sheet->vesicle
1108,sheet,sheet->vesicle
1109,fiber,fiber-only
1110,fiber,fiber-only
1111,sheet,sheet->vesicle
1112,fiber,fiber-only
1113,sheet,sheet->vesicle
1114,fiber,fiber-only
1115,fiber,fiber-only
1116,fiber,fiber-only
1117,fiber,fiber-only
1118,fiber,fiber-only
1119,fiber,fiber-only
1120,fiber,fiber-only
1121,fiber,fiber-only
1122,fiber,fiber-only
1123,sheet,sheet->vesicle
1124,fiber,fiber-only
1125,fiber,fiber-only
1126,sheet,sheet->vesicle
1127,sheet,sheet->vesicle
1128,sheet,sheet->vesicle
1129,sheet,sheet->vesicle
1130,fiber,fiber-only
1131,fiber,fiber-only
1132,sheet,sheet->vesicle
1133,fiber,fiber-only
1134,fiber,fiber-only
1135,sheet,sheet->vesicle
1136,fiber,fiber-only
1137,fiber,fiber-only
1138,sheet,sheet->vesicle
1139,fiber,fiber-only
1140,fiber,fiber-only
1141,fiber,fiber-only
1142,sheet,sheet->vesicle
1143,fiber,fiber-only
1144,fiber,fiber-only
1145,sheet,sheet->vesicle
1146,sheet,sheet->vesicle
1147,fiber,fiber-only
1148,fiber,fiber-only
1149,fiber,fiber-only
1150,fiber,fiber-only
1151,fiber,fiber-only
1152,fiber,fiber-only
1153,fiber,fiber-only
1154,fiber,fiber-only
1155,fiber,fiber-only
1156,sheet,sheet->vesicle
1157,fiber,fiber-only
1158,fiber,fiber-only
1159,fiber,fiber-only
1160,sheet,sheet->vesicle
1161,sheet,sheet->vesicle
1162,fiber,fiber-only
1163,fiber,fiber-only
1164,sheet,sheet->vesicle
1165,sheet,sheet->vesicle
1166,fiber,fiber-only
1167,sheet,sheet->vesicle
1168,fiber,fiber-only
1169,sheet,sheet->vesicle
1170,fiber,fiber-only
1171,sheet,sheet->vesicle
1172,fiber,fiber-only
1173,fiber,fiber-only
1174,fiber,fiber-only
1175,fiber,fiber-only
1176,fiber,fiber-only
1177,fiber,fiber-only
1178,fiber,fiber-only
1179,fiber,fiber-only
1180,sheet,sheet->vesicle
1181,fiber,fiber-only
1182,sheet,sheet->vesicle
1183,fiber,fiber-only
1184,fiber,fiber-only
1185,fiber,fiber-only
1186,sheet,sheet->vesicle
1187,sheet,sheet->vesicle
1188,sheet,sheet->vesicle
1189,sheet,sheet->vesicle
1190,sheet,sheet->vesicle
1191,sheet,sheet->vesicle
1192,sheet,sheet->vesicle
1193,sheet,sheet->vesicle
1194,sheet,sheet->vesicle
1195,fiber,fiber-only
1196,fiber,fiber-only
1197,fiber,fiber-only
1198,fiber,fiber-only
1199,sheet,sheet->vesicle
1200,sheet,sheet->vesicle
1201,sheet,sheet->vesicle
1202,sheet,sheet->vesicle
1203,sheet,sheet->vesicle
1204,sheet,sheet->vesicle
1205,sheet,sheet->vesicle
1206,sheet,sheet->vesicle
1207,sheet,sheet->vesicle
1208,sheet,sheet->vesicle
1209,sheet,sheet->vesicle
1210,sheet,sheet->vesicle
1211,sheet,sheet->vesicle
1212,sheet,sheet->vesicle
1213,sheet,sheet->vesicle
1214,sheet,sheet->vesicle
1215,sheet,sheet->vesicle
1216,sheet,sheet->vesicle
1217,sheet,sheet->vesicle
1218,sheet,sheet->vesicle
1219,sheet,sheet->vesicle
1220,sheet,sheet->vesicle
1221,sheet,sheet->vesicle
1222,sheet,sheet->vesicle
1223,sheet,sheet->vesicle
1224,sheet,sheet->vesicle
1225,sheet,sheet->vesicle
1226,sheet,sheet->vesicle
1227,sheet,sheet->vesicle
1228,sheet,sheet->vesicle
1229,sheet,sheet->vesicle
1230,sheet,sheet->vesicle
1231,sheet,sheet->vesicle
1232,sheet,sheet->vesicle
1233,sheet,sheet->vesicle
1234,sheet,sheet->vesicle
1235,sheet,sheet->vesicle
1236,sheet,sheet->vesicle
1237,sheet,sheet->vesicle
1238,sheet,sheet->vesicle
1239,sheet,sheet->vesicle
1240,sheet,sheet->vesicle
1241,sheet,sheet->vesicle
1242,sheet,sheet->vesicle
1243,sheet,sheet->vesicle
1244,sheet,sheet->vesicle
1245,sheet,sheet->vesicle
1246,sheet,sheet->vesicle
1247,sheet,sheet->vesicle
1248,sheet,sheet->vesicle
1249,sheet,sheet->vesicle
1250,sheet,sheet->vesicle
1251,sheet,sheet->vesicle
1252,sheet,sheet->vesicle
1253,sheet,sheet->vesicle
1254,sheet,sheet->vesicle
1255,sheet,sheet->vesicle
1256,sheet,sheet->vesicle
1257,sheet,sheet->vesicle
1258,sheet,sheet->vesicle
1259,sheet,sheet->vesicle
1260,sheet,sheet->vesicle
1261,sheet,sheet->vesicle
1262,sheet,sheet->vesicle
1263,sheet,sheet->vesicle
1264,sheet,sheet->vesicle
1265,sheet,sheet->vesicle
1266,sheet,sheet->vesicle
1267,sheet,sheet->vesicle
1268,sheet,sheet->vesicle
1269,sheet,sheet->vesicle
1270,sheet,sheet->vesicle
1271,sheet,sheet->vesicle
1272,sheet,sheet->vesicle
1273,sheet,sheet->vesicle
1274,sheet,sheet->vesicle
1275,sheet,sheet->vesicle
1276,sheet,sheet->vesicle
1277,sheet,sheet->vesicle
1278,sheet,sheet->vesicle
1279,sheet,sheet->vesicle
1280,sheet,sheet->vesicle
1281,sheet,sheet->vesicle
1282,sheet,sheet->vesicle
1283,sheet,sheet->vesicle
1284,sheet,sheet->vesicle
1285,sheet,sheet->vesicle
1286,sheet,sheet->vesicle
1287,sheet,sheet->vesicle
1288,sheet,sheet->vesicle
1289,sheet,sheet->vesicle
1290,sheet,sheet->vesicle
1291,sheet,sheet->vesicle
1292,sheet,sheet->vesicle
1293,sheet,sheet->vesicle
1294,sheet,sheet->vesicle
1295,sheet,sheet->vesicle
1296,sheet,sheet->vesicle
1297,sheet,sheet->vesicle
1298,sheet,sheet->vesicle
1299,sheet,sheet->vesicle
1300,sheet,sheet->vesicle
1301,sheet,sheet->vesicle
1302,sheet,sheet->vesicle
1303,sheet,sheet->vesicle
1304,sheet,sheet->vesicle
1305,sheet,sheet->vesicle
1306,sheet,sheet->vesicle
1307,sheet,sheet->vesicle
1308,sheet,sheet->vesicle
1309,sheet,sheet->vesicle
1310,sheet,sheet->vesicle
1311,sheet,sheet->vesicle
1312,sheet,sheet->vesicle
1313,sheet,sheet->vesicle
1314,sheet,sheet->vesicle
1315,sheet,sheet->vesicle
1316,sheet,sheet->vesicle
1317,sheet,sheet->vesicle
1318,sheet,sheet->vesicle
1319,sheet,sheet->vesicle
1320,sheet,sheet->vesicle
1321,sheet,sheet->vesicle
1322,sheet,sheet->vesicle
1323,sheet,sheet->vesicle
1324,sheet,sheet->vesicle
1325,sheet,sheet->vesicle
1326,sheet,sheet->vesicle
1327,sheet,sheet->vesicle
1328,sheet,sheet->vesicle
1329,sheet,sheet->vesicle
1330,sheet,sheet->vesicle
1331,sheet,sheet->vesicle
1332,sheet,sheet->vesicle
1333,sheet,sheet->vesicle
1334,fiber,fiber-only
1335,fiber,fiber-only
1336,sheet,sheet->vesicle
1337,fiber,fiber-only
1338,sheet,sheet->vesicle
1339,sheet,sheet->vesicle
1340,fiber,fiber-only
1341,fiber,fiber-only
1342,sheet,sheet->vesicle
1343,sheet,sheet->vesicle
1344,sheet,sheet->vesicle
1345,fiber,fiber-only
1346,fiber,fiber-only
1347,fiber,fiber-only
1348,fiber,fiber-only
1349,fiber,fiber-only
1350,fiber,fiber-only
1351,fiber,fiber-only
1352,fiber,fiber-only
1353,fiber,fiber-only
1354,fiber,fiber-only
1355,sheet,sheet->vesicle
1356,sheet,sheet->vesicle
1357,fiber,fiber-only
1358,fiber,fiber-only
1359,fiber,fiber-only
1360,sheet,sheet->vesicle
1361,fiber,fiber-only
1362,fiber,fiber-only
1363,fiber,fiber-only
1364,fiber,fiber-only
1365,fiber,fiber-only
1366,fiber,fiber-only
1367,fiber,fiber-only
1368,fiber,fiber-only
1369,fiber,fiber-only
1370,sheet,sheet->vesicle
1371,fiber,fiber-only
1372,fiber,fiber-only
1373,fiber,fiber-only
1374,sheet,sheet->vesicle
1375,fiber,fiber-only
1376,fiber,fiber-only
1377,fiber,fiber-only
1378,sheet,sheet->vesicle
1379,fiber,fiber-only
1380,sheet,sheet->vesicle
1381,fiber,fiber-only
1382,fiber,fiber-only
1383,fiber,fiber-only
1384,fiber,fiber-only
1385,sheet,sheet->vesicle
1386,fiber,fiber-only
1387,fiber,fiber-only
1388,fiber,fiber-only
1389,fiber,fiber-only
1390,fiber,fiber-only
1391,fiber,fiber-only
1392,sheet,sheet->vesicle
1393,sheet,sheet->vesicle
1394,fiber,fiber-only
1395,fiber,fiber-only
1396,fiber,fiber-only
1397,sheet,sheet->vesicle
1398,fiber,fiber-only
1399,sheet,sheet->vesicle
1400,fiber,fiber-only
1401,fiber,fiber-only
1402,fiber,fiber-only
1403,sheet,sheet->vesicle
1404,fiber,fiber-only
1405,sheet,sheet->vesicle
1406,fiber,fiber-only
1407,sheet,sheet->vesicle
1408,fiber,fiber-only
1409,fiber,fiber-only
1410,fiber,fiber-only
1411,fiber,fiber-only
1412,sheet,sheet->vesicle
1413,fiber,fiber-only
1414,fiber,fiber-only
1415,fiber,fiber-only
1416,fiber,fiber-only
1417,fiber,fiber-only
1418,fiber,fiber-only
1419,fiber,fiber-only
1420,fiber,fiber-only
1421,fiber,fiber-only
1422,fiber,fiber-only
1423,fiber,fiber-only
1424,fiber,fiber-only
1425,fiber,fiber-only
1426,fiber,fiber-only
1427,sheet,sheet->vesicle
1428,fiber,fiber-only
1429,fiber,fiber-only
1430,fiber,fiber-only
1431,fiber,fiber-only
1432,fiber,fiber-only
1433,fiber,fiber-only
1434,fiber,fiber-only
1435,fiber,fiber-only
1436,fiber,fiber-only
1437,fiber,fiber-only
1438,fiber,fiber-only
1439,fiber,fiber-only
1440,fiber,fiber-only
1441,fiber,fiber-only
1442,sheet,sheet->vesicle
1443,fiber,fiber-only
1444,fiber,fiber-only
1445,fiber,fiber-only
1446,fiber,fiber-only
1447,fiber,fiber-only
1448,fiber,fiber-only
1449,fiber,fiber-only
1450,fiber,fiber-only
1451,fiber,fiber-only
1452,fiber,fiber-only
1453,fiber,fiber-only
1454,fiber,fiber-only
1455,fiber,fiber-only
1456,sheet,sheet->vesicle
1457,fiber,fiber-only
1458,fiber,fiber-only
1459,fiber,fiber-only
1460,fiber,fiber-only
1461,fiber,fiber-only
1462,fiber,fiber-only
1463,fiber,fiber-only
1464,fiber,fiber-only
1465,fiber,fiber-only
1466,fiber,fiber-only
1467,fiber,fiber-only
1468,fiber,fiber-only
1469,fiber,fiber-only
1470,fiber,fiber-only
1471,sheet,sheet->vesicle
1472,sheet,sheet->vesicle
1473,fiber,fiber-only
1474,sheet,sheet->vesicle
1475,fiber,fiber-only
1476,fiber,fiber-only
1477,fiber,fiber-only
1478,fiber,fiber-only
1479,sheet,sheet->vesicle
1480,fiber,fiber-only
1481,fiber,fiber-only
1482,fiber,fiber-only
1483,fiber,fiber-only
1484,fiber,fiber-only
1485,fiber,fiber-only
1486,fiber,fiber-only
1487,fiber,fiber-only
1488,fiber,fiber-only
1489,fiber,fiber-only
1490,fiber,fiber-only
1491,sheet,sheet->vesicle
1492,fiber,fiber-only
1493,fiber,fiber-only
1494,fiber,fiber-only
1495,fiber,fiber-only
1496,sheet,sheet->vesicle
1497,fiber,fiber-only
1498,fiber,fiber-only
1499,sheet,sheet->vesicle
1500,fiber,fiber-only
1501,fiber,fiber-only
1502,fiber,fiber-only
1503,fiber,fiber-only
1504,fiber,fiber-only
1505,fiber,fiber-only
1506,fiber,fiber-only
1507,fiber,fiber-only
1508,fiber,fiber-only
1509,fiber,fiber-only
1510,fiber,fiber-only
1511,fiber,fiber-only
1512,fiber,fiber-only
1513,fiber,fiber-only
1514,fiber,fiber-only
1515,fiber,fiber-only
1516,fiber,fiber-only
1517,fiber,fiber-only
1518,fiber,fiber-only
1519,fiber,fiber-only
1520,fiber,fiber-only
1521,fiber,fiber-only
1522,fiber,fiber-only
1523,fiber,fiber-only
1524,fiber,fiber-only
1525,sheet,sheet->vesicle
1526,fiber,fiber-only
1527,fiber,fiber-only
1528,fiber,fiber-only
1529,fiber,fiber-only
1530,fiber,fiber-only
1531,fiber,fiber-only
1532,fiber,fiber-only
1533,fiber,fiber-only
1534,fiber,fiber-only
1535,fiber,fiber-only
1536,fiber,fiber-only
1537,fiber,fiber-only
1538,fiber,fiber-only
1539,fiber,fiber-only
1540,fiber,fiber-only
1541,fiber,fiber-only
1542,fiber,fiber-only
1543,fiber,fiber-only
1544,fiber,fiber-only
1545,sheet,sheet->vesicle
1546,fiber,fiber-only
1547,fiber,fiber-only
1548,fiber,fiber-only
1549,fiber,fiber-only
1550,fiber,fiber-only
1551,fiber,fiber-only
1552,fiber,fiber-only
1553,sheet,sheet->vesicle
1554,fiber,fiber-only
1555,fiber,fiber-only
1556,fiber,fiber-only
1557,fiber,fiber-only
1558,fiber,fiber-only
1559,sheet,sheet->vesicle
1560,fiber,fiber-only
1561,fiber,fiber-only
1562,fiber,fiber-only
1563,fiber,fiber-only
1564,fiber,fiber-only
1565,fiber,fiber-only
1566,fiber,fiber-only
1567,fiber,fiber-only
1568,fiber,fiber-only
1569,fiber,fiber-only
1570,fiber,fiber-only
1571,fiber,fiber-only
1572,fiber,fiber-only
1573,fiber,fiber-only
1574,fiber,fiber-only
1575,fiber,fiber-only
1576,fiber,fiber-only
1577,fiber,fiber-only
1578,sheet,sheet->vesicle
1579,fiber,fiber-only
1580,fiber,fiber-only
1581,fiber,fiber-only
1582,fiber,fiber-only
1583,fiber,fiber-only
1584,fiber,fiber-only
1585,fiber,fiber-only
1586,fiber,fiber-only
1587,fiber,fiber-only
1588,fiber,fiber-only
1589,fiber,fiber-only
1590,fiber,fiber-only
1591,fiber,fiber-only
1592,fiber,fiber-only
1593,fiber,fiber-only
1594,fiber,fiber-only
1595,fiber,fiber-only
1596,fiber,fiber-only
1597,fiber,fiber-only
1598,fiber,fiber-only
1599,fiber,fiber-only
1600,fiber,fiber-only
1601,fiber,fiber-only
1602,fiber,fiber-only
1603,fiber,fiber-only
1604,fiber,fiber-only
1605,fiber,fiber-only
1606,fiber,fiber-only
1607,fiber,fiber-only
1608,fiber,fiber-only
1609,fiber,fiber-only
1610,fiber,fiber-only
1611,fiber,fiber-only
1612,fiber,fiber-only
1613,fiber,fiber-only
1614,fiber,fiber-only
1615,fiber,fiber-only
1616,fiber,fiber-only
1617,fiber,fiber-only
1618,fiber,fiber-only
1619,fiber,fiber-only
1620,fiber,fiber-only
1621,fiber,fiber-only
1622,fiber,fiber-only
1623,fiber,fiber-only
1624,fiber,fiber-only
1625,fiber,fiber-only
1626,fiber,fiber-only
1627,fiber,fiber-only
1628,fiber,fiber-only
1629,fiber,fiber-only
1630,fiber,fiber-only
1631,fiber,fiber-only
1632,fiber,fiber-only
1633,fiber,fiber-only
1634,fiber,fiber-only
1635,fiber,fiber-only
1636,fiber,fiber-only
1637,fiber,fiber-only
1638,fiber,fiber-only
1639,fiber,fiber-only
1640,fiber,fiber-only
1641,fiber,fiber-only
1642,fiber,fiber-only
1643,fiber,fiber-only
1644,fiber,fiber-only
1645,fiber,fiber-only
1646,fiber,fiber-only
1647,fiber,fiber-only
1648,fiber,fiber-only
1649,fiber,fiber-only
1650,fiber,fiber-only
1651,fiber,fiber-only
1652,fiber,fiber-only
1653,fiber,fiber-only
1654,fiber,fiber-only
1655,fiber,fiber-only
1656,fiber,fiber-only
1657,fiber,fiber-only
1658,fiber,fiber-only
1659,fiber,fiber-only
1660,fiber,fiber-only
1661,fiber,fiber-only
1662,fiber,fiber-only
1663,fiber,fiber-only
1664,fiber,fiber-only
1665,fiber,fiber-only
1666,fiber,fiber-only
1667,fiber,fiber-only
1668,fiber,fiber-only
1669,fiber,fiber-only
1670,fiber,fiber-only
1671,fiber,fiber-only
1672,fiber,fiber-only
1673,fiber,fiber-only
1674,fiber,fiber-only
1675,fiber,fiber-only
1676,fiber,fiber-only
1677,fiber,fiber-only
1678,fiber,fiber-only
1679,fiber,fiber-only
1680,fiber,fiber-only
1681,fiber,fiber-only
1682,fiber,fiber-only
1683,fiber,fiber-only
1684,fiber,fiber-only
1685,fiber,fiber-only
1686,fiber,fiber-only
1687,fiber,fiber-only
1688,fiber,fiber-only
1689,fiber,fiber-only
1690,fiber,fiber-only
1691,fiber,fiber-only
1692,fiber,fiber-only
1693,fiber,fiber-only
1694,fiber,fiber-only
1695,fiber,fiber-only
1696,fiber,fiber-only
1697,fiber,fiber-only
1698,fiber,fiber-only
1699,fiber,fiber-only
1700,fiber,fiber-only
1701,fiber,fiber-only
1702,fiber,fiber-only
1703,fiber,fiber-only
1704,fiber,fiber-only
1705,fiber,fiber-only
1706,fiber,fiber-only
1707,fiber,fiber-only
1708,fiber,fiber-only
1709,fiber,fiber-only
1710,fiber,fiber-only
1711,fiber,fiber-only
1712,fiber,fiber-only
1713,sheet,sheet->vesicle
1714,fiber,fiber-only
1715,fiber,fiber-only
1716,fiber,fiber-only
1717,fiber,fiber-only
1718,fiber,fiber-only
1719,fiber,fiber-only
1720,fiber,fiber-only
1721,fiber,fiber-only
1722,fiber,fiber-only
1723,fiber,fiber-only
1724,fiber,fiber-only
1725,fiber,fiber-only
1726,fiber,fiber-only
1727,fiber,fiber-only
1728,sheet,sheet->vesicle
1729,fiber,fiber-only
1730,fiber,fiber-only
1731,fiber,fiber-only
1732,fiber,fiber-only
1733,sheet,sheet->vesicle
1734,sheet,sheet->vesicle
1735,fiber,fiber-only
1736,fiber,fiber-only
1737,fiber,fiber-only
1738,fiber,fiber-only
1739,sheet,sheet->vesicle
1740,sheet,sheet->vesicle
1741,sheet,sheet->vesicle
1742,sheet,sheet->vesicle
1743,fiber,fiber-only
1744,sheet,sheet->vesicle
1745,fiber,fiber-only
1746,fiber,fiber-only
1747,fiber,fiber-only
1748,fiber,fiber-only
1749,fiber,fiber-only
1750,sheet,sheet->vesicle
1751,sheet,sheet->vesicle
1752,sheet,sheet->vesicle
1753,fiber,fiber-only
1754,fiber,fiber-only
1755,fiber,fiber-only
1756,sheet,sheet->vesicle
1757,fiber,fiber-only
1758,sheet,sheet->vesicle
1759,fiber,fiber-only
1760,fiber,fiber-only
1761,sheet,sheet->vesicle
1762,fiber,fiber-only
1763,fiber,fiber-only
1764,fiber,fiber-only
1765,fiber,fiber-only
1766,fiber,fiber-only
1767,fiber,fiber-only
1768,fiber,fiber-only
1769,fiber,fiber-only
1770,fiber,fiber-only
1771,sheet,sheet->vesicle
1772,fiber,fiber-only
1773,fiber,fiber-only
1774,fiber,fiber-only
1775,sheet,sheet->vesicle
1776,sheet,sheet->vesicle
1777,fiber,fiber-only
1778,sheet,sheet->vesicle
1779,sheet,sheet->vesicle
1780,sheet,sheet->vesicle
1781,fiber,fiber-only
1782,sheet,sheet->vesicle
1783,fiber,fiber-only
1784,fiber,fiber-only
1785,sheet,sheet->vesicle
1786,fiber,fiber-only
1787,sheet,sheet->vesicle
1788,sheet,sheet->vesicle
1789,sheet,sheet->vesicle
1790,sheet,sheet->vesicle
1791,sheet,sheet->vesicle
1792,fiber,fiber-only
1793,fiber,fiber-only
1794,sheet,sheet->vesicle
1795,sheet,sheet->vesicle
1796,fiber,fiber-only
1797,fiber,fiber-only
1798,fiber,fiber-only
1799,sheet,sheet->vesicle
1800,sheet,sheet->vesicle
1801,sheet,sheet->vesicle
1802,sheet,sheet->vesicle
1803,sheet,sheet->vesicle
1804,sheet,sheet->vesicle
1805,sheet,sheet->vesicle
1806,fiber,fiber-only
1807,sheet,sheet->vesicle
1808,sheet,sheet->vesicle
1809,sheet,sheet->vesicle
1810,fiber,fiber-only
1811,sheet,sheet->vesicle
1812,sheet,sheet->vesicle
1813,sheet,sheet->vesicle
1814,sheet,sheet->vesicle
1815,sheet,sheet->vesicle
1816,sheet,sheet->vesicle
1817,sheet,sheet->vesicle
1818,sheet,sheet->vesicle
1819,sheet,sheet->vesicle
1820,sheet,sheet->vesicle
1821,sheet,sheet->vesicle
1822,sheet,sheet->vesicle
1823,sheet,sheet->vesicle
1824,fiber,fiber-only
1825,sheet,sheet->vesicle
1826,sheet,sheet->vesicle
1827,fiber,fiber-only
1828,sheet,sheet->vesicle
1829,sheet,sheet->vesicle
1830,fiber,fiber-only
1831,sheet,sheet->vesicle
1832,sheet,sheet->vesicle
1833,fiber,fiber-only
1834,sheet,sheet->vesicle
1835,sheet,sheet->vesicle
1836,sheet,sheet->vesicle
1837,sheet,sheet->vesicle
1838,fiber,fiber-only
1839,sheet,sheet->vesicle
1840,sheet,sheet->vesicle
1841,sheet,sheet->vesicle
1842,sheet,sheet->vesicle
1843,fiber,fiber-only
1844,sheet,sheet->vesicle
1845,sheet,sheet->vesicle
1846,fiber,fiber-only
1847,sheet,sheet->vesicle
1848,sheet,sheet->vesicle
1849,sheet,sheet->vesicle
1850,sheet,sheet->vesicle
1851,fiber,fiber-only
1852,fiber,fiber-only
1853,fiber,fiber-only
1854,fiber,fiber-only
1855,sheet,sheet->vesicle
1856,fiber,fiber-only
1857,sheet,sheet->vesicle
1858,fiber,fiber-only
1859,fiber,fiber-only
1860,fiber,fiber-only
1861,fiber,fiber-only
1862,fiber,fiber-only
1863,sheet,sheet->vesicle
1864,fiber,fiber-only
1865,fiber,fiber-only
1866,fiber,fiber-only
1867,fiber,fiber-only
1868,fiber,fiber-only
1869,fiber,fiber-only
1870,fiber,fiber-only
1871,sheet,sheet->vesicle
1872,sheet,sheet->vesicle
1873,sheet,sheet->vesicle
1874,sheet,sheet->vesicle
1875,fiber,fiber-only
1876,sheet,sheet->vesicle
1877,fiber,fiber-only
1878,fiber,fiber-only
1879,fiber,fiber-only
1880,fiber,fiber-only
1881,fiber,fiber-only
1882,fiber,fiber-only
1883,fiber,fiber-only
1884,fiber,fiber-only
1885,fiber,fiber-only
1886,fiber,fiber-only
1887,fiber,fiber-only
1888,fiber,fiber-only
1889,fiber,fiber-only
1890,fiber,fiber-only
1891,fiber,fiber-only
1892,fiber,fiber-only
1893,fiber,fiber-only
1894,fiber,fiber-only
1895,fiber,fiber-only
1896,fiber,fiber-only
1897,fiber,fiber-only
1898,fiber,fiber-only
1899,fiber,fiber-only
1900,fiber,fiber-only
1901,fiber,fiber-only
1902,fiber,fiber-only
1903,fiber,fiber-only
1904,fiber,fiber-only
1905,fiber,fiber-only
1906,fiber,fiber-only
1907,fiber,fiber-only
1908,fiber,fiber-only
1909,fiber,fiber-only
1910,fiber,fiber-only
1911,fiber,fiber-only
1912,fiber,fiber-only
1913,fiber,fiber-only
1914,fiber,fiber-only
1915,fiber,fiber-only
1916,fiber,fiber-only
1917,fiber,fiber-only
1918,sheet,sheet->vesicle
1919,fiber,fiber-only
1920,fiber,fiber-only
1921,fiber,fiber-only
1922,sheet,sheet->vesicle
1923,fiber,fiber-only
1924,fiber,fiber-only
1925,fiber,fiber-only
1926,fiber,fiber-only
1927,fiber,fiber-only
1928,sheet,sheet->vesicle
1929,fiber,fiber-only
1930,fiber,fiber-only
1931,fiber,fiber-only
1932,fiber,fiber-only
1933,fiber,fiber-only
1934,fiber,fiber-only
1935,fiber,fiber-only
1936,fiber,fiber-only
1937,fiber,fiber-only
1938,fiber,fiber-only
1939,fiber,fiber-only
1940,fiber,fiber-only
1941,fiber,fiber-only
1942,fiber,fiber-only
1943,fiber,fiber-only
1944,fiber,fiber-only
1945,fiber,fiber-only
1946,fiber,fiber-only
1947,fiber,fiber-only
1948,fiber,fiber-only
1949,fiber,fiber-only
1950,sheet,sheet->vesicle
1951,fiber,fiber-only
1952,fiber,fiber-only
1953,fiber,fiber-only
1954,fiber,fiber-only
1955,fiber,fiber-only
1956,fiber,fiber-only
1957,fiber,fiber-only
1958,fiber,fiber-only
1959,fiber,fiber-only
1960,fiber,fiber-only
1961,fiber,fiber-only
1962,fiber,fiber-only
1963,fiber,fiber-only
1964,fiber,fiber-only
1965,fiber,fiber-only
1966,fiber,fiber-only
1967,fiber,fiber-only
1968,fiber,fiber-only
1969,fiber,fiber-only
1970,fiber,fiber-only
1971,fiber,fiber-only
1972,fiber,fiber-only
1973,fiber,fiber-only
1974,fiber,fiber-only
1975,fiber,fiber-only
1976,fiber,fiber-only
1977,sheet,sheet->vesicle
1978,fiber,fiber-only
1979,fiber,fiber-only
1980,fiber,fiber-only
1981,fiber,fiber-only
1982,fiber,fiber-only
1983,fiber,fiber-only
1984,fiber,fiber-only
1985,fiber,fiber-only
1986,fiber,fiber-only
1987,fiber,fiber-only
1988,fiber,fiber-only
1989,fiber,fiber-only
1990,fiber,fiber-only
1991,fiber,fiber-only
1992,fiber,fiber-only
1993,fiber,fiber-only
1994,fiber,fiber-only
1995,fiber,fiber-only
1996,fiber,fiber-only
1997,fiber,fiber-only
1998,fiber,fiber-only
1999,fiber,fiber-only
2000,fiber,fiber-only
2001,fiber,fiber-only
2002,fiber,fiber-only
2003,fiber,fiber-only
2004,fiber,fiber-only
2005,sheet,sheet->vesicle
2006,fiber,fiber-only
2007,fiber,fiber-only
2008,fiber,fiber-only
2009,fiber,fiber-only
2010,fiber,fiber-only
2011,fiber,fiber-only
2012,fiber,fiber-only
2013,fiber,fiber-only
2014,fiber,fiber-only
2015,fiber,fiber-only
2016,fiber,fiber-only
2017,fiber,fiber-only
2018,fiber,fiber-only
2019,fiber,fiber-only
2020,fiber,fiber-only
2021,fiber,fiber-only
2022,fiber,fiber-only
2023,sheet,sheet->vesicle
2024,fiber,fiber-only
2025,fiber,fiber-only
2026,fiber,fiber-only
2027,fiber,fiber-only
2028,fiber,fiber-only
2029,fiber,fiber-only
2030,fiber,fiber-only
2031,fiber,fiber-only
2032,fiber,fiber-only
2033,fiber,fiber-only
2034,fiber,fiber-only
2035,fiber,fiber-only
2036,fiber,fiber-only
2037,sheet,sheet->vesicle
2038,fiber,fiber-only
2039,fiber,fiber-only
2040,fiber,fiber-only
2041,sheet,sheet->vesicle
2042,fiber,fiber-only
2043,sheet,sheet->vesicle
2044,fiber,fiber-only
2045,sheet,sheet->vesicle
2046,sheet,sheet->vesicle
2047,fiber,fiber-only
2048,sheet,sheet->vesicle
2049,sheet,sheet->vesicle
2050,sheet,sheet->vesicle
2051,sheet,sheet->vesicle
2052,fiber,fiber-only
2053,sheet,sheet->vesicle
2054,sheet,sheet->vesicle
2055,sheet,sheet->vesicle
2056,fiber,fiber-only
2057,sheet,sheet->vesicle
2058,sheet,sheet->vesicle
2059,fiber,fiber-only
2060,sheet,sheet->vesicle
2061,sheet,sheet->vesicle
2062,sheet,sheet->vesicle
2063,sheet,sheet->vesicle
2064,sheet,sheet->vesicle
2065,fiber,fiber-only
2066,fiber,fiber-only
2067,sheet,sheet->vesicle
2068,sheet,sheet->vesicle
2069,sheet,sheet->vesicle
2070,fiber,fiber-only
2071,sheet,sheet->vesicle
2072,fiber,fiber-only
2073,fiber,fiber-only
2074,sheet,sheet->vesicle
2075,sheet,sheet->vesicle
2076,fiber,fiber-only
2077,fiber,fiber-only
2078,sheet,sheet->vesicle
2079,fiber,fiber-only
2080,sheet,sheet->vesicle
2081,sheet,sheet->vesicle
2082,fiber,fiber-only
2083,sheet,sheet->vesicle
2084,sheet,sheet->vesicle
2085,fiber,fiber-only
2086,fiber,fiber-only
2087,sheet,sheet->vesicle
2088,sheet,sheet->vesicle
2089,sheet,sheet->vesicle
2090,fiber,fiber-only
2091,fiber,fiber-only
2092,sheet,sheet->vesicle
2093,fiber,fiber-only
2094,fiber,fiber-only
2095,fiber,fiber-only
2096,sheet,sheet->vesicle
2097,fiber,fiber-only
2098,fiber,fiber-only
2099,fiber,fiber-only
2100,fiber,fiber-only
2101,fiber,fiber-only
2102,sheet,sheet->vesicle
2103,fiber,fiber-only
2104,fiber,fiber-only
2105,fiber,fiber-only
2106,fiber,fiber-only
2107,fiber,fiber-only
2108,fiber,fiber-only
2109,fiber,fiber-only
2110,fiber,fiber-only
2111,fiber,fiber-only
2112,fiber,fiber-only
2113,fiber,fiber-only
2114,fiber,fiber-only
2115,fiber,fiber-only
2116,sheet,sheet->vesicle
2117,fiber,fiber-only
2118,fiber,fiber-only
2119,fiber,fiber-only
2120,fiber,fiber-only
2121,fiber,fiber-only
2122,fiber,fiber-only
2123,fiber,fiber-only
2124,fiber,fiber-only
2125,fiber,fiber-only
2126,fiber,fiber-only
2127,fiber,fiber-only
2128,fiber,fiber-only
2129,fiber,fiber-only
2130,fiber,fiber-only
2131,fiber,fiber-only
2132,fiber,fiber-only
2133,fiber,fiber-only
2134,sheet,sheet->vesicle
2135,fiber,fiber-only
2136,sheet,sheet->vesicle
2137,fiber,fiber-only
2138,fiber,fiber-only
2139,fiber,fiber-only
2140,fiber,fiber-only
2141,fiber,fiber-only
2142,fiber,fiber-only
2143,fiber,fiber-only
2144,fiber,fiber-only
2145,fiber,fiber-only
2146,fiber,fiber-only
2147,fiber,fiber-only
2148,fiber,fiber-only
2149,fiber,fiber-only
2150,fiber,fiber-only
2151,fiber,fiber-only
2152,fiber,fiber-only
2153,fiber,fiber-only
2154,fiber,fiber-only
2155,fiber,fiber-only
2156,fiber,fiber-only
2157,fiber,fiber-only
2158,fiber,fiber-only
2159,fiber,fiber-only
2160,sheet,sheet->vesicle
2161,fiber,fiber-only
2162,fiber,fiber-only
2163,fiber,fiber-only
2164,fiber,fiber-only
2165,fiber,fiber-only
2166,fiber,fiber-only
2167,fiber,fiber-only
2168,fiber,fiber-only
2169,fiber,fiber-only
2170,fiber,fiber-only
2171,fiber,fiber-only
2172,fiber,fiber-only
2173,fiber,fiber-only
2174,fiber,fiber-only
2175,fiber,fiber-only
2176,fiber,fiber-only
2177,sheet,sheet->vesicle
2178,fiber,fiber-only
2179,fiber,fiber-only
2180,fiber,fiber-only
2181,fiber,fiber-only
2182,fiber,fiber-only
2183,fiber,fiber->tube
2184,fiber,fiber-only
2185,fiber,fiber-only
2186,fiber,fiber-only
2187,fiber,fiber-only
2188,fiber,fiber-only
2189,fiber,fiber-only
2190,fiber,fiber-only
2191,fiber,fiber-only
2192,fiber,fiber-only
2193,fiber,fiber-only
2194,fiber,fiber->tube
2195,fiber,fiber-only
2196,fiber,fiber-only
2197,fiber,fiber-only
2198,fiber,fiber-only
2199,fiber,fiber-only
2200,fiber,fiber-only
2201,fiber,fiber-only
2202,fiber,fiber-only
2203,fiber,fiber-only
2204,fiber,fiber-only
2205,fiber,fiber-only
2206,fiber,fiber-only
2207,sheet,sheet->vesicle
2208,fiber,fiber-only
2209,fiber,fiber-only
2210,fiber,fiber-only
2211,fiber,fiber-only
2212,fiber,fiber-only
2213,fiber,fiber-only
2214,fiber,fiber-only
2215,fiber,fiber-only
2216,fiber,fiber-only
2217,fiber,fiber-only
2218,fiber,fiber-only
2219,fiber,fiber-only
2220,fiber,fiber-only
2221,fiber,fiber-only
2222,fiber,fiber-only
2223,fiber,fiber-only
2224,fiber,fiber-only
2225,fiber,fiber-only
2226,fiber,fiber-only
2227,fiber,fiber-only
2228,fiber,fiber-only
2229,fiber,fiber-only
2230,fiber,fiber-only
2231,fiber,fiber-only
2232,fiber,fiber-only
2233,fiber,fiber-only
2234,fiber,fiber-only
2235,fiber,fiber-only
2236,fiber,fiber-only
2237,fiber,fiber-only
2238,fiber,fiber-only
2239,fiber,fiber-only
2240,fiber,fiber-only
2241,fiber,fiber-only
2242,fiber,fiber-only
2243,fiber,fiber-only
2244,fiber,fiber-only
2245,fiber,fiber-only
2246,fiber,fiber-only
2247,fiber,fiber-only
2248,fiber,fiber-only
2249,fiber,fiber-only
2250,fiber,fiber-only
2251,fiber,fiber-only
2252,fiber,fiber-only
2253,fiber,fiber-only
2254,fiber,fiber-only
2255,fiber,fiber-only
2256,fiber,fiber-only
2257,fiber,fiber-only
2258,fiber,fiber-only
2259,fiber,fiber-only
2260,fiber,fiber-only
2261,fiber,fiber-only
2262,fiber,fiber-only
2263,fiber,fiber-only
2264,fiber,fiber-only
2265,fiber,fiber-only
2266,fiber,fiber-only
2267,fiber,fiber-only
2268,fiber,fiber-only
2269,fiber,fiber-only
2270,fiber,fiber-only
2271,fiber,fiber-only
2272,fiber,fiber-only
2273,fiber,fiber-only
2274,fiber,fiber-only
2275,fiber,fiber-only
2276,fiber,fiber-only
2277,fiber,fiber-only
2278,fiber,fiber-only
2279,fiber,fiber-only
2280,fiber,fiber-only
2281,fiber,fiber-only
2282,fiber,fiber-only
2283,fiber,fiber-only
2284,fiber,fiber-only
2285,fiber,fiber-only
2286,fiber,fiber-only
2287,fiber,fiber-only
2288,fiber,fiber-only
2289,fiber,fiber-only
2290,fiber,fiber-only
2291,fiber,fiber-only
2292,fiber,fiber-only
2293,fiber,fiber-only
2294,fiber,fiber-only
2295,fiber,fiber-only
2296,fiber,fiber-only
2297,fiber,fiber-only
2298,fiber,fiber-only
2299,fiber,fiber-only
2300,fiber,fiber-only
2301,fiber,fiber-only
2302,fiber,fiber-only
2303,sheet,sheet->vesicle
2304,fiber,fiber-only
2305,fiber,fiber-only
2306,fiber,fiber-only
2307,sheet,sheet->vesicle
2308,fiber,fiber-only
2309,fiber,fiber-only
2310,fiber,fiber-only
2311,fiber,fiber-only
2312,sheet,sheet->vesicle
2313,fiber,fiber-only
2314,fiber,fiber-only
2315,fiber,fiber-only
2316,sheet,sheet->vesicle
2317,fiber,fiber-only
2318,fiber,fiber-only
2319,fiber,fiber-only
2320,fiber,fiber-only
2321,fiber,fiber-only
2322,fiber,fiber-only
2323,fiber,fiber-only
2324,sheet,sheet->vesicle
2325,sheet,sheet->vesicle
2326,fiber,fiber-only
2327,fiber,fiber-only
2328,fiber,fiber-only
2329,fiber,fiber-only
2330,fiber,fiber-only
2331,fiber,fiber-only
2332,sheet,sheet->vesicle
2333,sheet,sheet->vesicle
2334,fiber,fiber-only
2335,sheet,sheet->vesicle
2336,sheet,sheet->vesicle
2337,sheet,sheet->vesicle
2338,fiber,fiber-only
2339,sheet,sheet->vesicle
2340,fiber,fiber-only
2341,fiber,fiber-only
2342,fiber,fiber-only
2343,fiber,fiber-only
2344,fiber,fiber-only
2345,sheet,sheet->vesicle
2346,sheet,sheet->vesicle
2347,fiber,fiber-only
2348,sheet,sheet->vesicle
2349,fiber,fiber-only
2350,sheet,sheet->vesicle
2351,fiber,fiber-only
2352,sheet,sheet->vesicle
2353,sheet,sheet->vesicle
2354,fiber,fiber-only
2355,fiber,fiber-only
2356,fiber,fiber-only
2357,sheet,sheet->vesicle
2358,sheet,sheet->vesicle
2359,sheet,sheet->vesicle
2360,sheet,sheet->vesicle
2361,fiber,fiber-only
2362,fiber,fiber-only
2363,sheet,sheet->vesicle
2364,sheet,sheet->vesicle
2365,sheet,sheet->vesicle
2366,sheet,sheet->vesicle
2367,fiber,fiber-only
2368,fiber,fiber-only
2369,sheet,sheet->vesicle
2370,fiber,fiber-only
2371,sheet,sheet->vesicle
2372,sheet,sheet->vesicle
2373,fiber,fiber-only
2374,sheet,sheet->vesicle
2375,fiber,fiber-only
2376,fiber,fiber-only
2377,sheet,sheet->vesicle
2378,sheet,sheet->vesicle
2379,fiber,fiber-only
2380,fiber,fiber-only
2381,fiber,fiber-only
2382,sheet,sheet->vesicle
2383,sheet,sheet->vesicle
2384,fiber,fiber-only
2385,sheet,sheet->vesicle
2386,fiber,fiber-only
2387,sheet,sheet->vesicle
2388,fiber,fiber-only
2389,sheet,sheet->vesicle
2390,sheet,sheet->vesicle
2391,sheet,sheet->vesicle
2392,sheet,sheet->vesicle
2393,sheet,sheet->vesicle
2394,sheet,sheet->vesicle
2395,sheet,sheet->vesicle
2396,fiber,fiber-only
2397,sheet,sheet->vesicle
2398,fiber,fiber-only
2399,sheet,sheet->vesicle
2400,sheet,sheet->vesicle
2401,sheet,sheet->vesicle
2402,fiber,fiber-only
2403,fiber,fiber-only
2404,sheet,sheet->vesicle
2405,sheet,sheet->vesicle
2406,sheet,sheet->vesicle
2407,sheet,sheet->vesicle
2408,sheet,sheet->vesicle
2409,fiber,fiber-only
2410,sheet,sheet->vesicle
2411,sheet,sheet->vesicle
2412,sheet,sheet->vesicle
2413,fiber,fiber-only
2414,fiber,fiber-only
2415,sheet,sheet->vesicle
2416,sheet,sheet->vesicle
2417,sheet,sheet->vesicle
2418,fiber,fiber-only
2419,sheet,sheet->vesicle
2420,sheet,sheet->vesicle
2421,sheet,sheet->vesicle
2422,sheet,sheet->vesicle
2423,sheet,sheet->vesicle
2424,sheet,sheet->vesicle
2425,fiber,fiber-only
2426,sheet,sheet->vesicle
2427,fiber,fiber-only
2428,fiber,fiber-only
2429,fiber,fiber-only
2430,fiber,fiber-only
2431,fiber,fiber-only
2432,fiber,fiber-only
2433,fiber,fiber-only
2434,sheet,sheet->vesicle
2435,sheet,sheet->vesicle
2436,sheet,sheet->vesicle
2437,sheet,sheet->vesicle
2438,sheet,sheet->vesicle
2439,fiber,fiber-only
2440,fiber,fiber-only
2441,sheet,sheet->vesicle
2442,sheet,sheet->vesicle
2443,sheet,sheet->vesicle
2444,sheet,sheet->vesicle
2445,sheet,sheet->vesicle
2446,sheet,sheet->vesicle
2447,fiber,fiber-only
2448,sheet,sheet->vesicle
2449,sheet,sheet->vesicle
2450,sheet,sheet->vesicle
2451,sheet,sheet->vesicle
2452,sheet,sheet->vesicle
2453,fiber,fiber-only
2454,sheet,sheet->vesicle
2455,sheet,sheet->vesicle
2456,fiber,fiber-only
2457,fiber,fiber-only
2458,fiber,fiber-only
2459,fiber,fiber-only
2460,fiber,fiber-only
2461,sheet,sheet->vesicle
2462,fiber,fiber-only
2463,sheet,sheet->vesicle
2464,fiber,fiber-only
2465,sheet,sheet->vesicle
2466,fiber,fiber-only
2467,fiber,fiber-only
2468,sheet,sheet->vesicle
2469,fiber,fiber-only
2470,fiber,fiber-only
2471,sheet,sheet->vesicle
2472,fiber,fiber-only
2473,sheet,sheet->vesicle
2474,fiber,fiber-only
2475,fiber,fiber-only
2476,sheet,sheet->vesicle
2477,sheet,sheet->vesicle
2478,sheet,sheet->vesicle
2479,fiber,fiber-only
2480,sheet,sheet->vesicle
2481,sheet,sheet->vesicle
2482,fiber,fiber-only
2483,sheet,sheet->vesicle
2484,fiber,fiber-only
2485,sheet,sheet->vesicle
2486,fiber,fiber-only
2487,sheet,sheet->vesicle
2488,sheet,sheet->vesicle
2489,sheet,sheet->vesicle
2490,sheet,sheet->vesicle
2491,sheet,sheet->vesicle
2492,sheet,sheet->vesicle
2493,sheet,sheet->vesicle
2494,sheet,sheet->vesicle
2495,fiber,fiber-only
2496,sheet,sheet->vesicle
2497,fiber,fiber-only
2498,fiber,fiber-only
2499,fiber,fiber-only
2500,sheet,sheet->vesicle
2501,sheet,sheet->vesicle
2502,fiber,fiber-only
2503,sheet,sheet->vesicle
2504,sheet,sheet->vesicle
2505,fiber,fiber-only
2506,fiber,fiber-only
2507,fiber,fiber-only
2508,sheet,sheet->vesicle
2509,sheet,sheet->vesicle
2510,sheet,sheet->vesicle
2511,fiber,fiber-only
2512,fiber,fiber-only
2513,fiber,fiber-only
2514,fiber,fiber-only
2515,fiber,fiber-only
2516,sheet,sheet->vesicle
2517,sheet,sheet->vesicle
2518,fiber,fiber-only
2519,fiber,fiber-only
2520,fiber,fiber-only
2521,fiber,fiber-only
2522,fiber,fiber-only
2523,fiber,fiber-only
2524,sheet,sheet->vesicle
2525,sheet,sheet->vesicle
2526,fiber,fiber-only
2527,fiber,fiber-only
2528,fiber,fiber-only
2529,fiber,fiber-only
2530,fiber,fiber-only
2531,fiber,fiber-only
2532,fiber,fiber-only
2533,fiber,fiber-only
2534,fiber,fiber-only
2535,fiber,fiber-only
2536,fiber,fiber-only
2537,fiber,fiber-only
2538,fiber,fiber-only
2539,fiber,fiber-only
2540,fiber,fiber-only
2541,fiber,fiber-only
2542,fiber,fiber-only
2543,fiber,fiber-only
2544,fiber,fiber-only
2545,fiber,fiber-only
2546,fiber,fiber-only
2547,fiber,fiber-only
2548,fiber,fiber-only
2549,fiber,fiber-only
2550,fiber,fiber-only
2551,fiber,fiber-only
2552,fiber,fiber-only
2553,fiber,fiber-only
2554,fiber,fiber-only
2555,fiber,fiber-only
2556,fiber,fiber-only
2557,fiber,fiber-only
2558,sheet,sheet->vesicle
2559,fiber,fiber-only
2560,fiber,fiber-only
2561,sheet,sheet->vesicle
2562,fiber,fiber-only
2563,fiber,fiber-only
2564,fiber,fiber-only
2565,sheet,sheet->vesicle
2566,fiber,fiber-only
2567,fiber,fiber-only
2568,fiber,fiber-only
2569,fiber,fiber-only
2570,fiber,fiber-only
2571,fiber,fiber-only
2572,fiber,fiber-only
2573,fiber,fiber-only
2574,fiber,fiber-only
2575,fiber,fiber-only
2576,fiber,fiber-only
2577,fiber,fiber-only
2578,fiber,fiber-only
2579,fiber,fiber-only
2580,fiber,fiber-only
2581,fiber,fiber-only
2582,fiber,fiber-only
2583,fiber,fiber-only
2584,fiber,fiber-only
2585,fiber,fiber-only
2586,fiber,fiber-only
2587,fiber,fiber-only
2588,sheet,sheet->vesicle
2589,fiber,fiber-only
2590,fiber,fiber-only
2591,fiber,fiber-only
2592,sheet,sheet->vesicle
2593,sheet,sheet->vesicle
2594,fiber,fiber-only
2595,fiber,fiber-only
2596,fiber,fiber-only
2597,sheet,sheet->vesicle
2598,fiber,fiber-only
2599,sheet,sheet->vesicle
2600,fiber,fiber-only
2601,fiber,fiber-only
2602,fiber,fiber-only
2603,fiber,fiber-only
2604,fiber,fiber-only
2605,fiber,fiber-only
2606,fiber,fiber-only
2607,fiber,fiber-only
2608,fiber,fiber-only
2609,sheet,sheet->vesicle
2610,fiber,fiber-only
2611,sheet,sheet->vesicle
2612,sheet,sheet->vesicle
2613,fiber,fiber-only
2614,fiber,fiber-only
2615,sheet,sheet->vesicle
2616,fiber,fiber-only
2617,fiber,fiber-only
2618,fiber,fiber-only
2619,fiber,fiber-only
2620,sheet,sheet->vesicle
2621,fiber,fiber-only
2622,fiber,fiber-only
2623,fiber,fiber-only
2624,fiber,fiber-only
2625,fiber,fiber-only
2626,fiber,fiber-only
2627,fiber,fiber-only
2628,fiber,fiber-only
2629,fiber,fiber-only
2630,fiber,fiber-only
2631,sheet,sheet->vesicle
2632,fiber,fiber-only
2633,fiber,fiber-only
2634,sheet,sheet->vesicle
2635,fiber,fiber-only
2636,fiber,fiber-only
2637,fiber,fiber-only
2638,fiber,fiber-only
2639,fiber,fiber-only
2640,fiber,fiber-only
2641,sheet,sheet->vesicle
2642,fiber,fiber-only
2643,fiber,fiber-only
2644,fiber,fiber-only
2645,fiber,fiber-only
2646,fiber,fiber-only
2647,fiber,fiber-only
2648,sheet,sheet->vesicle
2649,fiber,fiber-only
2650,sheet,sheet->vesicle
2651,fiber,fiber-only
2652,fiber,fiber-only
2653,sheet,sheet->vesicle
2654,fiber,fiber-only
2655,fiber,fiber-only
2656,fiber,fiber-only
2657,fiber,fiber-only
2658,fiber,fiber-only
2659,fiber,fiber-only
2660,fiber,fiber-only
2661,fiber,fiber-only
2662,sheet,sheet->vesicle
2663,sheet,sheet->vesicle
2664,fiber,fiber-only
2665,fiber,fiber-only
2666,sheet,sheet->vesicle
2667,fiber,fiber-only
2668,fiber,fiber-only
2669,fiber,fiber-only
2670,fiber,fiber-only
2671,fiber,fiber-only
2672,fiber,fiber-only
2673,fiber,fiber-only
2674,sheet,sheet->vesicle
2675,fiber,fiber-only
2676,fiber,fiber-only
2677,fiber,fiber-only
2678,fiber,fiber-only
2679,fiber,fiber-only
2680,fiber,fiber-only
2681,fiber,fiber-only
2682,fiber,fiber-only
2683,fiber,fiber-only
2684,fiber,fiber-only
2685,sheet,sheet->vesicle
2686,fiber,fiber-only
2687,fiber,fiber-only
2688,fiber,fiber-only
2689,fiber,fiber-only
2690,fiber,fiber-only
2691,sheet,sheet->vesicle
2692,sheet,sheet->vesicle
2693,fiber,fiber-only
2694,fiber,fiber-only
2695,fiber,fiber-only
2696,fiber,fiber-only
2697,fiber,fiber-only
2698,fiber,fiber-only
2699,fiber,fiber-only
2700,fiber,fiber-only
2701,fiber,fiber-only
2702,fiber,fiber-only
2703,fiber,fiber-only
2704,fiber,fiber-only
2705,fiber,fiber-only
2706,fiber,fiber-only
2707,fiber,fiber-only
2708,fiber,fiber-only
2709,fiber,fiber-only
2710,fiber,fiber-only
2711,fiber,fiber-only
2712,sheet,sheet->vesicle
2713,fiber,fiber-only
2714,fiber,fiber-only
2715,fiber,fiber-only
2716,fiber,fiber-only
2717,fiber,fiber-only
2718,fiber,fiber-only
2719,fiber,fiber-only
2720,fiber,fiber-only
2721,fiber,fiber-only
2722,fiber,fiber-only
2723,fiber,fiber-only
2724,fiber,fiber-only
2725,fiber,fiber-only
2726,fiber,fiber-only
2727,fiber,fiber-only
2728,fiber,fiber-only
2729,fiber,fiber-only
2730,fiber,fiber-only
2731,fiber,fiber-only
2732,fiber,fiber-only
2733,fiber,fiber-only
2734,sheet,sheet->vesicle
2735,fiber,fiber-only
2736,sheet,sheet->vesicle
2737,fiber,fiber-only
2738,sheet,sheet->vesicle
2739,sheet,sheet->vesicle
2740,sheet,sheet->vesicle
2741,fiber,fiber-only
2742,fiber,fiber-only
2743,fiber,fiber-only
2744,sheet,sheet->vesicle
2745,sheet,sheet->vesicle
2746,sheet,sheet->vesicle
2747,fiber,fiber-only
2748,fiber,fiber-only
2749,fiber,fiber-only
2750,fiber,fiber-only
2751,fiber,fiber-only
2752,fiber,fiber-only
2753,sheet,sheet->vesicle
2754,fiber,fiber-only
2755,fiber,fiber-only
2756,sheet,sheet->vesicle
2757,sheet,sheet->vesicle
2758,fiber,fiber-only
2759,fiber,fiber-only
2760,fiber,fiber-only
2761,fiber,fiber-only
2762,fiber,fiber-only
2763,fiber,fiber-only
2764,sheet,sheet->vesicle
2765,fiber,fiber-only
2766,fiber,fiber-only
2767,fiber,fiber-only
2768,fiber,fiber-only
2769,fiber,fiber-only
2770,fiber,fiber-only
2771,sheet,sheet->vesicle
2772,fiber,fiber-only
2773,fiber,fiber-only
2774,fiber,fiber-only
2775,sheet,sheet->vesicle
2776,fiber,fiber-only
2777,fiber,fiber-only
2778,fiber,fiber-only
2779,fiber,fiber-only
2780,fiber,fiber-only
2781,fiber,fiber-only
2782,sheet,sheet->vesicle
2783,fiber,fiber-only
2784,sheet,sheet->vesicle
2785,fiber,fiber-only
2786,fiber,fiber-only
2787,fiber,fiber-only
2788,fiber,fiber-only
2789,fiber,fiber-only
2790,fiber,fiber-only
2791,fiber,fiber-only
2792,fiber,fiber-only
2793,fiber,fiber-only
2794,fiber,fiber-only
2795,fiber,fiber-only
2796,fiber,fiber-only
2797,fiber,fiber-only
2798,fiber,fiber-only
2799,fiber,fiber-only
2800,fiber,fiber-only
2801,fiber,fiber-only
2802,fiber,fiber-only
2803,fiber,fiber-only
2804,fiber,fiber-only
2805,fiber,fiber-only
2806,fiber,fiber-only
2807,fiber,fiber-only
2808,fiber,fiber-only
2809,fiber,fiber-only
2810,fiber,fiber-only
2811,fiber,fiber-only
2812,fiber,fiber-only
2813,fiber,fiber-only
2814,fiber,fiber-only
2815,fiber,fiber-only
2816,fiber,fiber-only
2817,fiber,fiber-only
2818,fiber,fiber-only
2819,fiber,fiber-only
2820,fiber,fiber-only
2821,fiber,fiber-only
2822,fiber,fiber-only
2823,fiber,fiber-only
2824,fiber,fiber-only
2825,fiber,fiber-only
2826,fiber,fiber-only
2827,fiber,fiber-only
2828,fiber,fiber-only
2829,fiber,fiber-only
2830,fiber,fiber-only
2831,fiber,fiber-only
2832,fiber,fiber-only
2833,fiber,fiber-only
2834,fiber,fiber-only
2835,sheet,sheet->vesicle
2836,fiber,fiber-only
2837,fiber,fiber-only
2838,fiber,fiber-only
2839,fiber,fiber-only
2840,fiber,fiber-only
2841,fiber,fiber-only
2842,fiber,fiber-only
2843,fiber,fiber-only
2844,fiber,fiber-only
2845,fiber,fiber-only
2846,fiber,fiber-only
2847,fiber,fiber-only
2848,fiber,fiber-only
2849,fiber,fiber-only
2850,sheet,sheet->vesicle
2851,fiber,fiber-only
2852,fiber,fiber-only
2853,fiber,fiber-only
2854,fiber,fiber-only
2855,fiber,fiber-only
2856,fiber,fiber-only
2857,fiber,fiber-only
2858,fiber,fiber-only
2859,fiber,fiber-only
2860,fiber,fiber-only
2861,fiber,fiber-only
2862,fiber,fiber-only
2863,fiber,fiber-only
2864,fiber,fiber-only
2865,fiber,fiber-only
2866,fiber,fiber-only
2867,fiber,fiber-only
2868,fiber,fiber-only
2869,fiber,fiber-only
2870,fiber,fiber-only
2871,fiber,fiber-only
2872,fiber,fiber-only
2873,fiber,fiber-only
2874,fiber,fiber-only
2875,fiber,fiber-only
2876,fiber,fiber-only
2877,fiber,fiber-only
2878,fiber,fiber-only
2879,fiber,fiber-only
2880,fiber,fiber-only
2881,fiber,fiber-only
2882,fiber,fiber-only
2883,fiber,fiber-only
2884,fiber,fiber-only
2885,fiber,fiber-only
2886,fiber,fiber-only
2887,fiber,fiber-only
2888,fiber,fiber-only
2889,fiber,fiber-only
2890,fiber,fiber-only
2891,fiber,fiber-only
2892,fiber,fiber-only
2893,fiber,fiber-only
2894,fiber,fiber-only
2895,fiber,fiber-only
2896,fiber,fiber-only
2897,fiber,fiber-only
2898,fiber,fiber-only
2899,fiber,fiber-only
2900,fiber,fiber-only
2901,fiber,fiber-only
2902,fiber,fiber-only
2903,fiber,fiber-only
2904,fiber,fiber-only
2905,fiber,fiber-only
2906,fiber,fiber-only
2907,fiber,fiber-only
2908,fiber,fiber-only
2909,fiber,fiber-only
2910,fiber,fiber-only
2911,fiber,fiber-only
2912,fiber,fiber-only
2913,fiber,fiber-only
2914,fiber,fiber-only
2915,fiber,fiber-only
2916,fiber,fiber-only
2917,fiber,fiber-only
2918,fiber,fiber-only
2919,fiber,fiber-only
2920,fiber,fiber-only
2921,fiber,fiber-only
2922,fiber,fiber-only
2923,fiber,fiber-only
2924,fiber,fiber-only
2925,fiber,fiber-only
2926,fiber,fiber-only
2927,fiber,fiber-only
2928,fiber,fiber-only
2929,fiber,fiber-only
2930,fiber,fiber-only
2931,fiber,fiber-only
2932,fiber,fiber-only
2933,fiber,fiber-only
2934,fiber,fiber-only
2935,fiber,fiber-only
2936,fiber,fiber-only
2937,fiber,fiber-only
2938,fiber,fiber-only
2939,fiber,fiber-only
2940,fiber,fiber-only
2941,fiber,fiber-only
2942,fiber,fiber-only
2943,fiber,fiber-only
2944,fiber,fiber-only
2945,fiber,fiber-only
2946,fiber,fiber-only
2947,fiber,fiber-only
2948,fiber,fiber-only
2949,fiber,fiber-only
2950,fiber,fiber-only
2951,fiber,fiber-only
2952,fiber,fiber-only
2953,fiber,fiber-only
2954,fiber,fiber-only
2955,fiber,fiber-only
2956,fiber,fiber-only
2957,fiber,fiber-only
2958,fiber,fiber-only
2959,sheet,sheet->vesicle
2960,fiber,fiber-only
2961,fiber,fiber-only
2962,fiber,fiber-only
2963,fiber,fiber-only
2964,fiber,fiber-only
2965,fiber,fiber-only
2966,fiber,fiber-only
2967,fiber,fiber-only
2968,fiber,fiber-only
2969,fiber,fiber-only
2970,fiber,fiber-only
2971,fiber,fiber-only
2972,fiber,fiber-only
2973,fiber,fiber-only
2974,fiber,fiber-only
2975,fiber,fiber-only
2976,fiber,fiber-only
2977,fiber,fiber-only
2978,fiber,fiber-only
2979,fiber,fiber-only
2980,fiber,fiber-only
2981,fiber,fiber-only
2982,fiber,fiber-only
2983,fiber,fiber-only
2984,fiber,fiber-only
2985,fiber,fiber-only
2986,fiber,fiber-only
2987,fiber,fiber-only
2988,fiber,fiber-only
2989,fiber,fiber-only
2990,fiber,fiber-only
2991,fiber,fiber-only
2992,fiber,fiber-only
2993,fiber,fiber-only
2994,fiber,fiber-only
2995,fiber,fiber-only
2996,fiber,fiber-only
2997,fiber,fiber-only
2998,fiber,fiber-only
2999,fiber,fiber->tube
3000,fiber,fiber-only
3001,fiber,fiber-only
3002,fiber,fiber-only
3003,fiber,fiber-only
3004,fiber,fiber-only
3005,fiber,fiber-only
3006,fiber,fiber-only
3007,fiber,fiber-only
3008,fiber,fiber-only
3009,fiber,fiber-only
3010,fiber,fiber-only
3011,fiber,fiber-only
3012,fiber,fiber-only
3013,fiber,fiber-only
3014,fiber,fiber-only
3015,fiber,fiber->tube
3016,fiber,fiber-only
3017,fiber,fiber-only
3018,fiber,fiber-only
3019,fiber,fiber-only
3020,fiber,fiber-only
3021,fiber,fiber-only
3022,fiber,fiber-only
3023,fiber,fiber-only
3024,fiber,fiber->tube
3025,fiber,fiber-only
3026,fiber,fiber-only
3027,fiber,fiber-only
3028,fiber,fiber-only
3029,fiber,fiber-only
3030,fiber,fiber-only
3031,fiber,fiber-only
3032,fiber,fiber-only
3033,fiber,fiber-only
3034,fiber,fiber-only
3035,fiber,fiber-only
3036,fiber,fiber-only
3037,fiber,fiber-only
3038,fiber,fiber-only
3039,fiber,fiber->tube
3040,fiber,fiber-only
3041,fiber,fiber->tube
3042,fiber,fiber->tube
3043,fiber,fiber-only
3044,fiber,fiber-only
3045,fiber,fiber-only
3046,fiber,fiber-only
3047,fiber,fiber->tube
3048,fiber,fiber-only
3049,fiber,fiber-only
3050,fiber,fiber-only
3051,fiber,fiber-only
3052,fiber,fiber-only
3053,fiber,fiber-only
3054,fiber,fiber-only
3055,fiber,fiber-only
3056,fiber,fiber-only
3057,fiber,fiber-only
3058,fiber,fiber-only
3059,fiber,fiber-only
3060,fiber,fiber-only
3061,fiber,fiber-only
3062,fiber,fiber-only
3063,fiber,fiber-only
3064,fiber,fiber-only
3065,fiber,fiber-only
3066,fiber,fiber-only
3067,fiber,fiber-only
3068,fiber,fiber-only
3069,fiber,fiber-only
3070,fiber,fiber-only
3071,fiber,fiber-only
3072,fiber,fiber-only
3073,fiber,fiber-only
3074,fiber,fiber-only
3075,fiber,fiber-only
3076,fiber,fiber-only
3077,fiber,fiber-only
3078,fiber,fiber-only
3079,fiber,fiber-only
3080,fiber,fiber-only
3081,fiber,fiber-only
3082,fiber,fiber-only
3083,fiber,fiber-only
3084,fiber,fiber-only
3085,fiber,fiber-only
3086,fiber,fiber-only
3087,fiber,fiber-only
3088,fiber,fiber-only
3089,fiber,fiber-only
3090,fiber,fiber-only
3091,fiber,fiber-only
3092,fiber,fiber-only
3093,fiber,fiber-only
3094,fiber,fiber-only
3095,fiber,fiber-only
3096,fiber,fiber-only
3097,fiber,fiber-only
3098,fiber,fiber-only
3099,fiber,fiber-only
3100,fiber,fiber-only
3101,fiber,fiber-only
3102,fiber,fiber-only
3103,fiber,fiber-only
3104,fiber,fiber-only
3105,fiber,fiber-only
3106,fiber,fiber-only
3107,fiber,fiber-only
3108,fiber,fiber-only
3109,fiber,fiber-only
3110,fiber,fiber-only
3111,fiber,fiber-only
3112,fiber,fiber-only
3113,fiber,fiber-only
3114,fiber,fiber-only
3115,fiber,fiber-only
3116,fiber,fiber-only
3117,fiber,fiber-only
3118,fiber,fiber-only
3119,fiber,fiber-only
3120,fiber,fiber-only
3121,fiber,fiber-only
3122,fiber,fiber-only
3123,fiber,fiber-only
3124,fiber,fiber-only
3125,fiber,fiber-only
3126,fiber,fiber-only
3127,fiber,fiber-only
3128,fiber,fiber-only
3129,fiber,fiber-only
3130,fiber,fiber-only
3131,fiber,fiber-only
3132,fiber,fiber-only
3133,fiber,fiber-only
3134,fiber,fiber-only
3135,fiber,fiber-only
3136,fiber,fiber-only
3137,fiber,fiber-only
3138,fiber,fiber-only
3139,fiber,fiber-only
3140,fiber,fiber-only
3141,fiber,fiber-only
3142,fiber,fiber-only
3143,fiber,fiber-only
3144,fiber,fiber-only
3145,fiber,fiber-only
3146,fiber,fiber-only
3147,fiber,fiber-only
3148,fiber,fiber-only
3149,fiber,fiber-only
3150,fiber,fiber-only
3151,fiber,fiber->tube
3152,fiber,fiber-only
3153,fiber,fiber-only
3154,fiber,fiber->tube
3155,fiber,fiber-only
3156,fiber,fiber-only
3157,fiber,fiber-only
3158,fiber,fiber-only
3159,fiber,fiber-only
3160,fiber,fiber-only
3161,fiber,fiber->tube
3162,fiber,fiber-only
3163,fiber,fiber->tube
3164,fiber,fiber-only
3165,fiber,fiber->tube
3166,fiber,fiber-only
3167,fiber,fiber-only
3168,fiber,fiber->tube
3169,fiber,fiber->tube
3170,fiber,fiber->tube
3171,fiber,fiber-only
3172,fiber,fiber-only
3173,fiber,fiber-only
3174,fiber,fiber-only
3175,fiber,fiber-only
3176,fiber,fiber-only
3177,fiber,fiber-only
3178,fiber,fiber-only
3179,fiber,fiber-only
3180,sheet,sheet->vesicle
3181,fiber,fiber-only
3182,fiber,fiber-only
3183,fiber,fiber-only
3184,fiber,fiber-only
3185,fiber,fiber-only
3186,fiber,fiber-only
3187,fiber,fiber-only
3188,fiber,fiber-only
3189,fiber,fiber-only
3190,fiber,fiber-only
3191,fiber,fiber->tube
3192,fiber,fiber-only
3193,fiber,fiber-only
3194,fiber,fiber-only
3195,fiber,fiber-only
3196,fiber,fiber-only
3197,fiber,fiber-only
3198,fiber,fiber-only
3199,fiber,fiber-only
3200,fiber,fiber-only
3201,fiber,fiber-only
3202,fiber,fiber-only
3203,fiber,fiber-only
3204,fiber,fiber-only
3205,fiber,fiber-only
3206,fiber,fiber-only
3207,fiber,fiber-only
3208,fiber,fiber-only
3209,fiber,fiber-only
3210,fiber,fiber-only
3211,fiber,fiber-only
3212,fiber,fiber-only
3213,fiber,fiber-only
3214,fiber,fiber-only
3215,fiber,fiber-only
3216,fiber,fiber-only
3217,sheet,sheet->vesicle
3218,fiber,fiber-only
3219,fiber,fiber-only
3220,fiber,fiber-only
3221,fiber,fiber-only
3222,fiber,fiber-only
3223,fiber,fiber-only
3224,fiber,fiber-only
3225,fiber,fiber-only
3226,sheet,sheet->vesicle
3227,fiber,fiber-only
3228,fiber,fiber-only
3229,fiber,fiber-only
3230,fiber,fiber->tube
3231,fiber,fiber-only
3232,fiber,fiber-only
3233,fiber,fiber-only
3234,fiber,fiber-only
3235,fiber,fiber-only
3236,fiber,fiber-only
3237,fiber,fiber-only
3238,fiber,fiber-only
3239,fiber,fiber-only
3240,fiber,fiber-only
3241,fiber,fiber-only
3242,fiber,fiber-only
3243,fiber,fiber-only
3244,fiber,fiber-only
3245,fiber,fiber-only
3246,fiber,fiber-only
3247,fiber,fiber-only
3248,fiber,fiber-only
3249,fiber,fiber-only
3250,fiber,fiber-only
3251,fiber,fiber-only
3252,fiber,fiber->tube
3253,fiber,fiber-only
3254,fiber,fiber-only
3255,fiber,fiber-only
3256,fiber,fiber-only
3257,fiber,fiber-only
3258,fiber,fiber-only
3259,fiber,fiber-only
3260,fiber,fiber-only
3261,fiber,fiber-only
3262,fiber,fiber-only
3263,fiber,fiber-only
3264,fiber,fiber-only
3265,fiber,fiber-only
3266,fiber,fiber->tube
3267,fiber,fiber-only
3268,fiber,fiber-only
3269,fiber,fiber-only
3270,fiber,fiber-only
3271,fiber,fiber-only
3272,fiber,fiber-only
3273,fiber,fiber-only
3274,fiber,fiber-only
3275,fiber,fiber-only
3276,fiber,fiber-only
3277,fiber,fiber-only
3278,fiber,fiber-only
3279,fiber,fiber-only
3280,fiber,fiber-only
3281,fiber,fiber-only
3282,fiber,fiber-only
3283,fiber,fiber->tube
3284,fiber,fiber-only
3285,fiber,fiber-only
3286,fiber,fiber->tube
3287,fiber,fiber->tube
3288,fiber,fiber-only
3289,fiber,fiber-only
3290,fiber,fiber-only
3291,sheet,sheet->vesicle->tube
3292,fiber,fiber-only
3293,fiber,fiber-only
3294,fiber,fiber-only
3295,fiber,fiber-only
3296,fiber,fiber-only
3297,fiber,fiber-only
3298,fiber,fiber-only
3299,fiber,fiber-only
3300,sheet,sheet->vesicle
3301,fiber,fiber-only
3302,fiber,fiber-only
3303,fiber,fiber-only
3304,fiber,fiber-only
3305,fiber,fiber-only
3306,fiber,fiber-only
3307,fiber,fiber-only
3308,fiber,fiber-only
3309,fiber,fiber-only
3310,fiber,fiber-only
3311,fiber,fiber-only
3312,fiber,fiber-only
3313,fiber,fiber-only
3314,fiber,fiber-only
3315,fiber,fiber-only
3316,fiber,fiber-only
3317,fiber,fiber-only
3318,fiber,fiber-only
3319,fiber,fiber-only
3320,fiber,fiber->tube
3321,fiber,fiber-only
3322,fiber,fiber-only
3323,fiber,fiber-only
3324,fiber,fiber-only
3325,fiber,fiber-only
3326,fiber,fiber->tube
3327,fiber,fiber-only
3328,fiber,fiber-only
3329,fiber,fiber-only
3330,fiber,fiber-only
3331,fiber,fiber-only
3332,fiber,fiber-only
3333,fiber,fiber-only
3334,fiber,fiber-only
3335,fiber,fiber->tube
3336,fiber,fiber-only
3337,fiber,fiber-only
3338,fiber,fiber-only
3339,fiber,fiber-only
3340,fiber,fiber-only
3341,fiber,fiber-only
3342,fiber,fiber-only
3343,fiber,fiber-only
3344,fiber,fiber-only
3345,fiber,fiber->tube
3346,fiber,fiber-only
3347,fiber,fiber-only
3348,fiber,fiber->tube
3349,fiber,fiber-only
3350,fiber,fiber->tube
3351,fiber,fiber-only
3352,fiber,fiber->tube
3353,fiber,fiber-only
3354,fiber,fiber-only
3355,fiber,fiber-only
3356,fiber,fiber-only
3357,fiber,fiber-only
3358,fiber,fiber-only
3359,fiber,fiber-only
3360,fiber,fiber->tube
3361,fiber,fiber->tube
3362,fiber,fiber->tube
3363,fiber,fiber-only
3364,fiber,fiber-only
3365,fiber,fiber->tube
3366,fiber,fiber->tube
3367,fiber,fiber-only
3368,fiber,fiber-only
3369,fiber,fiber-only
3370,fiber,fiber-only
3371,fiber,fiber-only
3372,fiber,fiber-only
3373,fiber,fiber-only
3374,fiber,fiber-only
3375,fiber,fiber->tube
3376,fiber,fiber->tube
3377,fiber,fiber-only
3378,fiber,fiber-only
3379,fiber,fiber->tube
3380,fiber,fiber->tube
3381,fiber,fiber-only
3382,fiber,fiber-only
3383,fiber,fiber-only
3384,fiber,fiber-only
3385,fiber,fiber-only
3386,fiber,fiber-only
3387,fiber,fiber-only
3388,fiber,fiber-only
3389,fiber,fiber-only
3390,fiber,fiber-only
3391,fiber,fiber-only
3392,fiber,fiber-only
3393,fiber,fiber-only
3394,fiber,fiber-only
3395,fiber,fiber-only
3396,fiber,fiber-only
3397,fiber,fiber-only
3398,fiber,fiber-only
3399,fiber,fiber->tube
3400,fiber,fiber->tube
3401,fiber,fiber-only
3402,fiber,fiber-only
3403,fiber,fiber-only
3404,fiber,fiber-only
3405,fiber,fiber-only
3406,fiber,fiber-only
3407,fiber,fiber-only
3408,fiber,fiber-only
3409,fiber,fiber-only
3410,fiber,fiber-only
3411,fiber,fiber-only
3412,fiber,fiber-only
3413,fiber,fiber-only
3414,fiber,fiber-only
3415,fiber,fiber-only
3416,fiber,fiber-only
3417,fiber,fiber->tube
3418,fiber,fiber-only
3419,fiber,fiber-only
3420,fiber,fiber-only
3421,fiber,fiber-only
3422,fiber,fiber-only
3423,fiber,fiber-only
3424,fiber,fiber-only
3425,fiber,fiber-only
3426,fiber,fiber-only
3427,fiber,fiber-only
3428,fiber,fiber-only
3429,fiber,fiber-only
3430,fiber,fiber-only
3431,fiber,fiber-only
3432,fiber,fiber-only
3433,fiber,fiber-only
3434,fiber,fiber-only
3435,fiber,fiber-only
3436,fiber,fiber-only
3437,fiber,fiber-only
3438,fiber,fiber-only
3439,fiber,fiber-only
3440,fiber,fiber-only
3441,fiber,fiber-only
3442,fiber,fiber-only
3443,fiber,fiber-only
3444,fiber,fiber-only
3445,fiber,fiber-only
3446,fiber,fiber-only
3447,fiber,fiber-only
3448,fiber,fiber-only
3449,fiber,fiber-only
3450,fiber,fiber-only
3451,fiber,fiber-only
3452,fiber,fiber-only
3453,fiber,fiber-only
3454,fiber,fiber-only
3455,fiber,fiber-only
3456,fiber,fiber-only
3457,fiber,fiber-only
3458,fiber,fiber-only
3459,fiber,fiber-only
3460,fiber,fiber-only
3461,fiber,fiber-only
3462,fiber,fiber-only
3463,fiber,fiber-only
3464,fiber,fiber-only
3465,fiber,fiber-only
3466,fiber,fiber-only
3467,fiber,fiber-only
3468,fiber,fiber-only
3469,fiber,fiber-only
3470,fiber,fiber-only
3471,fiber,fiber-only
3472,fiber,fiber-only
3473,fiber,fiber-only
3474,fiber,fiber-only
3475,fiber,fiber-only
3476,fiber,fiber-only
3477,fiber,fiber-only
3478,fiber,fiber-only
3479,fiber,fiber-only
3480,fiber,fiber-only
3481,fiber,fiber-only
3482,sheet,sheet->vesicle
3483,fiber,fiber-only
3484,fiber,fiber-only
3485,fiber,fiber-only
3486,fiber,fiber-only
3487,fiber,fiber-only
3488,fiber,fiber-only
3489,fiber,fiber-only
3490,fiber,fiber-only
3491,fiber,fiber-only
3492,fiber,fiber-only
3493,fiber,fiber-only
3494,fiber,fiber-only
3495,fiber,fiber-only
3496,fiber,fiber-only
3497,fiber,fiber-only
3498,fiber,fiber-only
3499,fiber,fiber-only
3500,fiber,fiber-only
3501,fiber,fiber-only
3502,fiber,fiber-only
3503,fiber,fiber-only
3504,fiber,fiber-only
3505,fiber,fiber-only
3506,fiber,fiber-only
3507,fiber,fiber-only
3508,fiber,fiber-only
3509,fiber,fiber-only
3510,fiber,fiber-only
3511,fiber,fiber-only
3512,fiber,fiber-only
3513,fiber,fiber-only
3514,fiber,fiber-only
3515,fiber,fiber-only
3516,fiber,fiber-only
3517,fiber,fiber-only
3518,fiber,fiber-only
3519,fiber,fiber-only
3520,sheet,sheet->vesicle
3521,fiber,fiber-only
3522,fiber,fiber-only
3523,fiber,fiber-only
3524,sheet,sheet->vesicle
3525,fiber,fiber-only
3526,fiber,fiber-only
3527,fiber,fiber-only
3528,fiber,fiber-only
3529,fiber,fiber-only
3530,fiber,fiber-only
3531,fiber,fiber-only
3532,fiber,fiber-only
3533,fiber,fiber-only
3534,fiber,fiber-only
3535,fiber,fiber-only
3536,fiber,fiber-only
3537,fiber,fiber-only
3538,fiber,fiber-only
3539,fiber,fiber-only
3540,fiber,fiber-only
3541,fiber,fiber-only
3542,fiber,fiber-only
3543,fiber,fiber-only
3544,fiber,fiber-only
3545,fiber,fiber-only
3546,fiber,fiber-only
3547,fiber,fiber-only
3548,fiber,fiber-only
3549,fiber,fiber-only
3550,fiber,fiber-only
3551,fiber,fiber-only
3552,fiber,fiber-only
3553,fiber,fiber-only
3554,fiber,fiber-only
3555,fiber,fiber-only
3556,fiber,fiber-only
3557,fiber,fiber-only
3558,fiber,fiber-only
3559,fiber,fiber-only
3560,fiber,fiber-only
3561,fiber,fiber-only
3562,fiber,fiber-only
3563,fiber,fiber-only
3564,fiber,fiber-only
3565,fiber,fiber-only
3566,fiber,fiber-only
3567,fiber,fiber-only
3568,fiber,fiber-only
3569,fiber,fiber-only
3570,fiber,fiber-only
3571,fiber,fiber-only
3572,fiber,fiber-only
3573,fiber,fiber-only
3574,fiber,fiber-only
3575,fiber,fiber-only
3576,fiber,fiber-only
3577,fiber,fiber-only
3578,fiber,fiber-only
3579,fiber,fiber-only
3580,fiber,fiber-only
3581,fiber,fiber-only
3582,fiber,fiber-only
3583,fiber,fiber-only
3584,fiber,fiber-only
3585,fiber,fiber-only
3586,fiber,fiber-only
3587,fiber,fiber-only
3588,fiber,fiber-only
3589,fiber,fiber-only
3590,fiber,fiber-only
3591,fiber,fiber-only
3592,fiber,fiber-only
3593,fiber,fiber-only
3594,fiber,fiber-only
3595,fiber,fiber-only
3596,fiber,fiber-only
3597,fiber,fiber-only
3598,fiber,fiber-only
3599,fiber,fiber-only
3600,fiber,fiber-only
3601,fiber,fiber-only
3602,fiber,fiber-only
3603,fiber,fiber-only
3604,fiber,fiber-only
3605,fiber,fiber-only
3606,fiber,fiber-only
3607,fiber,fiber-only
3608,fiber,fiber-only
3609,fiber,fiber-only
3610,fiber,fiber-only
3611,fiber,fiber-only
3612,fiber,fiber-only
3613,fiber,fiber-only
3614,fiber,fiber-only
3615,fiber,fiber-only
3616,fiber,fiber-only
3617,fiber,fiber-only
3618,fiber,fiber-only
3619,fiber,fiber-only
3620,fiber,fiber-only
3621,fiber,fiber-only
3622,fiber,fiber-only
3623,fiber,fiber-only
3624,fiber,fiber-only
3625,fiber,fiber-only
3626,fiber,fiber-only
3627,sheet,sheet->vesicle
3628,fiber,fiber-only
3629,fiber,fiber-only
3630,fiber,fiber-only
3631,fiber,fiber-only
3632,fiber,fiber-only
3633,fiber,fiber-only
3634,fiber,fiber-only
3635,fiber,fiber-only
3636,fiber,fiber-only
3637,sheet,sheet->vesicle
3638,fiber,fiber-only
3639,sheet,sheet->vesicle
3640,fiber,fiber-only
3641,fiber,fiber-only
3642,sheet,sheet->vesicle
3643,sheet,sheet->vesicle
3644,fiber,fiber-only
3645,fiber,fiber-only
3646,fiber,fiber-only
3647,fiber,fiber-only
3648,fiber,fiber-only
3649,fiber,fiber-only
3650,fiber,fiber-only
3651,fiber,fiber-only
3652,fiber,fiber-only
3653,fiber,fiber-only
3654,fiber,fiber-only
3655,fiber,fiber-only
3656,fiber,fiber-only
3657,fiber,fiber-only
3658,fiber,fiber-only
3659,sheet,sheet->vesicle
3660,fiber,fiber-only
3661,fiber,fiber-only
3662,fiber,fiber-only
3663,fiber,fiber-only
3664,fiber,fiber-only
3665,fiber,fiber-only
3666,fiber,fiber-only
3667,fiber,fiber-only
3668,fiber,fiber-only
3669,fiber,fiber-only
3670,fiber,fiber-only
3671,fiber,fiber-only
3672,fiber,fiber-only
3673,fiber,fiber-only
3674,fiber,fiber-only
3675,fiber,fiber-only
3676,fiber,fiber-only
3677,fiber,fiber-only
3678,fiber,fiber-only
3679,fiber,fiber-only
3680,fiber,fiber-only
3681,fiber,fiber-only
3682,fiber,fiber-only
3683,fiber,fiber-only
3684,fiber,fiber-only
3685,fiber,fiber-only
3686,fiber,fiber-only
3687,fiber,fiber-only
3688,fiber,fiber-only
3689,fiber,fiber-only
3690,sheet,sheet->vesicle
3691,fiber,fiber-only
3692,fiber,fiber-only
3693,fiber,fiber-only
3694,fiber,fiber-only
3695,fiber,fiber-only
3696,fiber,fiber-only
3697,fiber,fiber-only
3698,fiber,fiber-only
3699,fiber,fiber-only
3700,fiber,fiber-only
3701,fiber,fiber-only
3702,fiber,fiber-only
3703,fiber,fiber-only
3704,fiber,fiber-only
3705,fiber,fiber-only
3706,fiber,fiber-only
3707,fiber,fiber-only
3708,fiber,fiber-only
3709,fiber,fiber-only
3710,fiber,fiber-only
3711,fiber,fiber-only
3712,fiber,fiber-only
3713,fiber,fiber-only
3714,fiber,fiber-only
3715,fiber,fiber-only
3716,fiber,fiber-only
3717,fiber,fiber-only
3718,fiber,fiber-only
3719,fiber,fiber-only
3720,fiber,fiber-only
3721,fiber,fiber-only
3722,fiber,fiber-only
3723,fiber,fiber-only
3724,fiber,fiber-only
3725,fiber,fiber-only
3726,fiber,fiber-only
3727,fiber,fiber-only
3728,fiber,fiber-only
3729,fiber,fiber-only
3730,fiber,fiber-only
3731,fiber,fiber-only
3732,fiber,fiber-only
3733,fiber,fiber-only
3734,fiber,fiber-only
3735,fiber,fiber-only
3736,fiber,fiber-only
3737,fiber,fiber-only
3738,fiber,fiber-only
3739,fiber,fiber-only
3740,fiber,fiber-only
3741,fiber,fiber-only
3742,sheet,sheet->vesicle
3743,fiber,fiber-only
3744,fiber,fiber-only
3745,fiber,fiber-only
3746,fiber,fiber-only
3747,fiber,fiber-only
3748,fiber,fiber-only
3749,fiber,fiber-only
3750,fiber,fiber-only
3751,fiber,fiber-only
3752,fiber,fiber-only
3753,fiber,fiber-only
3754,fiber,fiber-only
3755,fiber,fiber-only
3756,fiber,fiber-only
3757,fiber,fiber-only
3758,fiber,fiber-only
3759,fiber,fiber-only
3760,fiber,fiber-only
3761,fiber,fiber-only
3762,fiber,fiber-only
3763,fiber,fiber-only
3764,fiber,fiber-only
3765,fiber,fiber-only
3766,fiber,fiber-only
3767,fiber,fiber-only
3768,fiber,fiber-only
3769,fiber,fiber-only
3770,fiber,fiber-only
3771,fiber,fiber-only
3772,fiber,fiber-only
3773,fiber,fiber-only
3774,fiber,fiber-only
3775,fiber,fiber-only
3776,fiber,fiber-only
3777,fiber,fiber-only
3778,fiber,fiber-only
3779,fiber,fiber-only
3780,fiber,fiber-only
3781,fiber,fiber-only
3782,fiber,fiber-only
3783,fiber,fiber-only
3784,fiber,fiber-only
3785,fiber,fiber-only
3786,fiber,fiber-only
3787,fiber,fiber-only
3788,fiber,fiber-only
3789,fiber,fiber-only
3790,fiber,fiber-only
3791,fiber,fiber-only
3792,fiber,fiber-only
3793,fiber,fiber-only
3794,fiber,fiber-only
3795,fiber,fiber-only
3796,fiber,fiber-only
3797,fiber,fiber-only
3798,fiber,fiber-only
3799,fiber,fiber-only
3800,fiber,fiber-only
3801,fiber,fiber-only
3802,fiber,fiber-only
3803,fiber,fiber-only
3804,fiber,fiber-only
3805,fiber,fiber-only
3806,fiber,fiber-only
3807,fiber,fiber-only
3808,fiber,fiber-only
3809,sheet,sheet->vesicle
3810,fiber,fiber-only
3811,fiber,fiber-only
3812,fiber,fiber-only
3813,fiber,fiber-only
3814,fiber,fiber-only
3815,fiber,fiber-only
3816,fiber,fiber-only
3817,fiber,fiber-only
3818,fiber,fiber-only
3819,fiber,fiber-only
3820,sheet,sheet->vesicle
3821,sheet,sheet->vesicle
3822,fiber,fiber-only
3823,fiber,fiber-only
3824,fiber,fiber-only
3825,fiber,fiber-only
3826,fiber,fiber-only
3827,fiber,fiber-only
3828,fiber,fiber-only
3829,fiber,fiber-only
3830,fiber,fiber-only
3831,fiber,fiber-only
3832,fiber,fiber-only
3833,fiber,fiber-only
3834,fiber,fiber-only
3835,fiber,fiber-only
3836,fiber,fiber-only
3837,fiber,fiber-only
3838,fiber,fiber-only
3839,fiber,fiber-only
3840,fiber,fiber-only
3841,fiber,fiber-only
3842,fiber,fiber-only
3843,fiber,fiber-only
3844,fiber,fiber-only
3845,fiber,fiber-only
3846,fiber,fiber-only
3847,fiber,fiber-only
3848,fiber,fiber-only
3849,fiber,fiber-only
3850,fiber,fiber-only
3851,fiber,fiber-only
3852,fiber,fiber-only
3853,fiber,fiber-only
3854,sheet,sheet->vesicle
3855,fiber,fiber-only
3856,fiber,fiber-only
3857,fiber,fiber-only
3858,fiber,fiber-only
3859,fiber,fiber-only
3860,fiber,fiber-only
3861,fiber,fiber-only
3862,fiber,fiber-only
3863,fiber,fiber-only
3864,fiber,fiber-only
3865,fiber,fiber-only
3866,fiber,fiber-only
3867,fiber,fiber-only
3868,fiber,fiber-only
3869,fiber,fiber-only
3870,sheet,sheet->vesicle
3871,fiber,fiber-only
3872,fiber,fiber-only
3873,fiber,fiber-only
3874,fiber,fiber-only
3875,fiber,fiber-only
3876,fiber,fiber-only
3877,sheet,sheet->vesicle
3878,fiber,fiber-only
3879,fiber,fiber-only
3880,fiber,fiber-only
3881,fiber,fiber-only
3882,fiber,fiber-only
3883,fiber,fiber-only
3884,fiber,fiber-only
3885,fiber,fiber-only
3886,fiber,fiber-only
3887,fiber,fiber-only
3888,fiber,fiber-only
3889,fiber,fiber-only
3890,fiber,fiber-only
3891,fiber,fiber-only
3892,fiber,fiber-only
3893,fiber,fiber-only
3894,fiber,fiber-only
3895,fiber,fiber-only
3896,fiber,fiber-only
3897,fiber,fiber-only
3898,fiber,fiber-only
3899,fiber,fiber-only
3900,fiber,fiber-only
3901,fiber,fiber-only
3902,fiber,fiber-only
3903,fiber,fiber-only
3904,fiber,fiber-only
3905,fiber,fiber-only
3906,fiber,fiber-only
3907,sheet,sheet->vesicle
3908,fiber,fiber-only
3909,fiber,fiber-only
3910,fiber,fiber-only
3911,fiber,fiber-only
3912,fiber,fiber-only
3913,fiber,fiber-only
3914,fiber,fiber-only
3915,fiber,fiber-only
3916,fiber,fiber-only
3917,fiber,fiber-only
3918,fiber,fiber-only
3919,fiber,fiber-only
3920,fiber,fiber-only
3921,fiber,fiber-only
3922,fiber,fiber-only
3923,fiber,fiber-only
3924,sheet,sheet->vesicle
3925,fiber,fiber-only
3926,fiber,fiber-only
3927,sheet,sheet->vesicle
3928,fiber,fiber-only
3929,fiber,fiber-only
3930,fiber,fiber-only
3931,fiber,fiber-only
3932,fiber,fiber-only
3933,fiber,fiber-only
3934,fiber,fiber-only
3935,fiber,fiber-only
3936,fiber,fiber-only
3937,sheet,sheet->vesicle
3938,sheet,sheet->vesicle
3939,fiber,fiber-only
3940,fiber,fiber-only
3941,fiber,fiber-only
3942,fiber,fiber-only
3943,fiber,fiber-only
3944,fiber,fiber-only
3945,sheet,sheet->vesicle
3946,fiber,fiber-only
3947,fiber,fiber-only
3948,fiber,fiber-only
3949,fiber,fiber-only
3950,sheet,sheet->vesicle
3951,fiber,fiber-only
3952,fiber,fiber-only
3953,fiber,fiber-only
3954,fiber,fiber-only
3955,fiber,fiber-only
3956,fiber,fiber-only
3957,fiber,fiber-only
3958,fiber,fiber-only
3959,fiber,fiber-only
3960,fiber,fiber-only
3961,sheet,sheet->vesicle
3962,fiber,fiber-only
3963,fiber,fiber-only
3964,fiber,fiber-only
3965,fiber,fiber-only
3966,fiber,fiber-only
3967,fiber,fiber-only
3968,fiber,fiber-only
3969,fiber,fiber-only
3970,fiber,fiber-only
3971,fiber,fiber-only
3972,fiber,fiber-only
3973,fiber,fiber-only
3974,fiber,fiber-only
3975,fiber,fiber-only
3976,fiber,fiber-only
3977,fiber,fiber-only
3978,fiber,fiber-only
3979,fiber,fiber-only
3980,fiber,fiber-only
3981,fiber,fiber-only
3982,sheet,sheet->vesicle
3983,sheet,sheet->vesicle
3984,fiber,fiber-only
3985,fiber,fiber-only
3986,fiber,fiber-only
3987,sheet,sheet->vesicle
3988,fiber,fiber-only
3989,fiber,fiber-only
3990,fiber,fiber-only
3991,fiber,fiber-only
3992,fiber,fiber-only
3993,fiber,fiber-only
3994,fiber,fiber-only
3995,fiber,fiber-only
3996,fiber,fiber-only
3997,fiber,fiber-only
3998,fiber,fiber-only
3999,fiber,fiber-only
4000,fiber,fiber-only
4001,fiber,fiber-only
4002,fiber,fiber-only
4003,fiber,fiber-only
4004,fiber,fiber-only
4005,fiber,fiber-only
4006,fiber,fiber-only
4007,fiber,fiber-only
4008,fiber,fiber-only
4009,fiber,fiber-only
4010,fiber,fiber-only
4011,fiber,fiber-only
4012,fiber,fiber-only
4013,fiber,fiber-only
4014,sheet,sheet->vesicle
4015,fiber,fiber-only
4016,fiber,fiber-only
4017,fiber,fiber-only
4018,fiber,fiber-only
4019,fiber,fiber-only
4020,fiber,fiber-only
4021,fiber,fiber-only
4022,fiber,fiber-only
4023,fiber,fiber-only
4024,fiber,fiber-only
4025,fiber,fiber-only
4026,fiber,fiber-only
4027,fiber,fiber-only
4028,fiber,fiber-only
4029,fiber,fiber-only
4030,fiber,fiber-only
4031,fiber,fiber-only
4032,fiber,fiber-only
4033,fiber,fiber-only
4034,fiber,fiber-only
4035,fiber,fiber-only
4036,fiber,fiber-only
4037,fiber,fiber-only
4038,fiber,fiber-only
4039,fiber,fiber-only
4040,sheet,sheet->vesicle
4041,fiber,fiber-only
4042,fiber,fiber-only
4043,fiber,fiber-only
4044,fiber,fiber-only
4045,fiber,fiber-only
4046,fiber,fiber-only
4047,fiber,fiber-only
4048,fiber,fiber-only
4049,sheet,sheet->vesicle
4050,fiber,fiber-only
4051,fiber,fiber-only
4052,fiber,fiber-only
4053,fiber,fiber-only
4054,fiber,fiber-only
4055,fiber,fiber-only
4056,fiber,fiber-only
4057,fiber,fiber-only
4058,fiber,fiber-only
4059,fiber,fiber-only
4060,fiber,fiber-only
4061,fiber,fiber-only
4062,fiber,fiber-only
4063,sheet,sheet->vesicle
4064,fiber,fiber-only
4065,fiber,fiber-only
4066,fiber,fiber-only
4067,fiber,fiber-only
4068,fiber,fiber-only
4069,fiber,fiber-only
4070,fiber,fiber-only
4071,fiber,fiber-only
4072,sheet,sheet->vesicle
4073,fiber,fiber-only
4074,fiber,fiber-only
4075,fiber,fiber-only
4076,fiber,fiber-only
4077,fiber,fiber-only
4078,fiber,fiber-only
4079,fiber,fiber-only
4080,fiber,fiber-only
4081,fiber,fiber-only
4082,fiber,fiber-only
4083,fiber,fiber-only
4084,fiber,fiber-only
4085,fiber,fiber-only
4086,fiber,fiber-only
4087,fiber,fiber-only
4088,sheet,sheet->vesicle
4089,fiber,fiber-only
4090,fiber,fiber-only
4091,fiber,fiber-only
4092,fiber,fiber-only
4093,fiber,fiber-only
4094,fiber,fiber-only
4095,fiber,fiber-only
4096,fiber,fiber-only
4097,fiber,fiber-only
4098,fiber,fiber-only
4099,fiber,fiber-only
4100,fiber,fiber-only
4101,fiber,fiber-only
4102,fiber,fiber-only
4103,fiber,fiber-only
4104,fiber,fiber-only
4105,fiber,fiber-only
4106,fiber,fiber-only
4107,fiber,fiber-only
4108,fiber,fiber-only
4109,fiber,fiber-only
4110,fiber,fiber-only
4111,fiber,fiber-only
4112,fiber,fiber-only
4113,fiber,fiber-only
4114,fiber,fiber-only
4115,fiber,fiber-only
4116,fiber,fiber-only
4117,sheet,sheet->vesicle
4118,sheet,sheet->vesicle
4119,fiber,fiber-only
4120,fiber,fiber-only
4121,sheet,sheet->vesicle
4122,sheet,sheet->vesicle
4123,fiber,fiber-only
4124,fiber,fiber-only
4125,fiber,fiber-only
4126,sheet,sheet->vesicle
4127,sheet,sheet->vesicle
4128,fiber,fiber-only
4129,fiber,fiber-only
4130,sheet,sheet->vesicle
4131,fiber,fiber-only
4132,fiber,fiber-only
4133,fiber,fiber-only
4134,fiber,fiber-only
4135,fiber,fiber-only
4136,fiber,fiber-only
4137,fiber,fiber-only
4138,sheet,sheet->vesicle
4139,fiber,fiber-only
4140,fiber,fiber-only
4141,fiber,fiber-only
4142,sheet,sheet->vesicle
4143,fiber,fiber-only
4144,fiber,fiber-only
4145,fiber,fiber-only
4146,fiber,fiber-only
4147,sheet,sheet->vesicle
4148,fiber,fiber-only
4149,fiber,fiber-only
4150,sheet,sheet->vesicle
4151,sheet,sheet->vesicle
4152,fiber,fiber-only
4153,fiber,fiber-only
4154,fiber,fiber-only
4155,fiber,fiber-only
4156,fiber,fiber-only
4157,fiber,fiber-only
4158,fiber,fiber-only
4159,fiber,fiber-only
4160,fiber,fiber-only
4161,fiber,fiber-only
4162,fiber,fiber-only
4163,fiber,fiber-only
4164,fiber,fiber-only
4165,fiber,fiber-only
4166,fiber,fiber-only
4167,fiber,fiber-only
4168,fiber,fiber-only
4169,fiber,fiber-only
4170,fiber,fiber-only
4171,sheet,sheet->vesicle
4172,fiber,fiber-only
4173,fiber,fiber-only
4174,fiber,fiber-only
4175,fiber,fiber-only
4176,fiber,fiber-only
4177,fiber,fiber-only
4178,fiber,fiber-only
4179,fiber,fiber-only
4180,fiber,fiber-only
4181,fiber,fiber-only
4182,fiber,fiber-only
4183,fiber,fiber-only
4184,fiber,fiber-only
4185,fiber,fiber-only
4186,fiber,fiber-only
4187,fiber,fiber-only
4188,fiber,fiber-only
4189,fiber,fiber-only
4190,fiber,fiber-only
4191,fiber,fiber-only
4192,fiber,fiber-only
4193,fiber,fiber-only
4194,fiber,fiber-only
4195,fiber,fiber-only
4196,fiber,fiber-only
4197,fiber,fiber-only
4198,fiber,fiber-only
4199,fiber,fiber-only
4200,fiber,fiber-only
4201,fiber,fiber-only
4202,fiber,fiber-only
4203,fiber,fiber-only
4204,fiber,fiber-only
4205,sheet,sheet->vesicle
4206,fiber,fiber-only
4207,sheet,sheet->vesicle
4208,sheet,sheet->vesicle
4209,fiber,fiber-only
4210,fiber,fiber-only
4211,fiber,fiber-only
4212,fiber,fiber-only
4213,fiber,fiber-only
4214,fiber,fiber-only
4215,fiber,fiber-only
4216,fiber,fiber-only
4217,fiber,fiber-only
4218,fiber,fiber-only
4219,fiber,fiber-only
4220,fiber,fiber-only
4221,fiber,fiber-only
4222,fiber,fiber-only
4223,fiber,fiber-only
4224,fiber,fiber-only
4225,fiber,fiber-only
4226,fiber,fiber-only
4227,fiber,fiber-only
4228,fiber,fiber-only
4229,fiber,fiber-only
4230,fiber,fiber-only
4231,fiber,fiber-only
4232,sheet,sheet->vesicle
4233,fiber,fiber-only
4234,fiber,fiber-only
4235,fiber,fiber-only
4236,fiber,fiber-only
4237,fiber,fiber-only
4238,fiber,fiber-only
4239,fiber,fiber-only
4240,fiber,fiber-only
4241,fiber,fiber-only
4242,fiber,fiber-only
4243,fiber,fiber-only
4244,fiber,fiber-only
4245,fiber,fiber-only
4246,fiber,fiber-only
4247,fiber,fiber-only
4248,fiber,fiber-only
4249,fiber,fiber-only
4250,fiber,fiber-only
4251,fiber,fiber-only
4252,fiber,fiber-only
4253,fiber,fiber-only
4254,fiber,fiber-only
4255,fiber,fiber-only
4256,fiber,fiber-only
4257,fiber,fiber-only
4258,fiber,fiber-only
4259,fiber,fiber-only
4260,fiber,fiber-only
4261,fiber,fiber-only
4262,fiber,fiber-only
4263,sheet,sheet->vesicle
4264,fiber,fiber-only
4265,sheet,sheet->vesicle
4266,fiber,fiber-only
4267,fiber,fiber-only
4268,fiber,fiber-only
4269,sheet,sheet->vesicle
4270,fiber,fiber-only
4271,fiber,fiber-only
4272,fiber,fiber-only
4273,fiber,fiber-only
4274,fiber,fiber-only
4275,sheet,sheet->vesicle
4276,fiber,fiber-only
4277,fiber,fiber-only
4278,fiber,fiber-only
4279,fiber,fiber-only
4280,fiber,fiber-only
4281,fiber,fiber-only
4282,fiber,fiber-only
4283,sheet,sheet->vesicle
4284,fiber,fiber-only
4285,fiber,fiber-only
4286,fiber,fiber-only
4287,fiber,fiber-only
4288,fiber,fiber-only
4289,fiber,fiber-only
4290,fiber,fiber-only
4291,sheet,sheet->vesicle
4292,fiber,fiber-only
4293,fiber,fiber-only
4294,fiber,fiber-only
4295,sheet,sheet->vesicle
4296,fiber,fiber-only
4297,fiber,fiber-only
4298,fiber,fiber-only
4299,fiber,fiber-only
4300,fiber,fiber-only
4301,fiber,fiber-only
4302,fiber,fiber-only
4303,sheet,sheet->vesicle
4304,fiber,fiber-only
4305,fiber,fiber-only
4306,fiber,fiber-only
4307,fiber,fiber-only
4308,fiber,fiber-only
4309,fiber,fiber-only
4310,fiber,fiber-only
4311,fiber,fiber-only
4312,fiber,fiber-only
4313,fiber,fiber-only
4314,sheet,sheet->vesicle
4315,sheet,sheet->vesicle
4316,fiber,fiber-only
4317,fiber,fiber-only
4318,fiber,fiber-only
4319,fiber,fiber-only
4320,fiber,fiber-only
4321,fiber,fiber-only
4322,fiber,fiber-only
4323,sheet,sheet->vesicle
4324,fiber,fiber-only
4325,fiber,fiber-only
4326,fiber,fiber-only
4327,fiber,fiber-only
4328,fiber,fiber-only
4329,fiber,fiber-only
4330,fiber,fiber-only
4331,fiber,fiber-only
4332,sheet,sheet->vesicle
4333,fiber,fiber-only
4334,sheet,sheet->vesicle
4335,fiber,fiber-only
4336,fiber,fiber-only
4337,fiber,fiber-only
4338,sheet,sheet->vesicle
4339,fiber,fiber-only
4340,fiber,fiber-only
4341,fiber,fiber-only
4342,sheet,sheet->vesicle
4343,sheet,sheet->vesicle
4344,fiber,fiber-only
4345,fiber,fiber-only
4346,fiber,fiber-only
4347,fiber,fiber-only
4348,fiber,fiber-only
4349,sheet,sheet->vesicle
4350,fiber,fiber-only
4351,fiber,fiber-only
4352,fiber,fiber-only
4353,fiber,fiber-only
4354,fiber,fiber-only
4355,sheet,sheet->vesicle
4356,fiber,fiber-only
4357,fiber,fiber-only
4358,fiber,fiber-only
4359,fiber,fiber-only
4360,sheet,sheet->vesicle
4361,fiber,fiber-only
4362,fiber,fiber-only
4363,fiber,fiber-only
4364,fiber,fiber-only
4365,fiber,fiber-only
4366,fiber,fiber-only
4367,fiber,fiber-only
4368,fiber,fiber-only
4369,fiber,fiber-only
4370,fiber,fiber-only
4371,fiber,fiber-only
4372,fiber,fiber-only
4373,fiber,fiber-only
4374,sheet,sheet->vesicle
4375,fiber,fiber-only
4376,fiber,fiber-only
4377,fiber,fiber-only
4378,fiber,fiber-only
4379,fiber,fiber-only
4380,sheet,sheet->vesicle
4381,fiber,fiber-only
4382,fiber,fiber-only
4383,fiber,fiber-only
4384,fiber,fiber-only
4385,sheet,sheet->vesicle
4386,fiber,fiber-only
4387,sheet,sheet->vesicle
4388,sheet,sheet->vesicle
4389,fiber,fiber-only
4390,fiber,fiber-only
4391,fiber,fiber-only
4392,fiber,fiber-only
4393,fiber,fiber-only
4394,fiber,fiber-only
4395,fiber,fiber-only
4396,fiber,fiber-only
4397,fiber,fiber-only
4398,sheet,sheet->vesicle
4399,sheet,sheet->vesicle
4400,fiber,fiber-only
4401,fiber,fiber-only
4402,fiber,fiber-only
4403,sheet,sheet->vesicle
4404,fiber,fiber-only
4405,fiber,fiber-only
4406,fiber,fiber-only
4407,sheet,sheet->vesicle
4408,fiber,fiber-only
4409,fiber,fiber-only
4410,fiber,fiber-only
4411,fiber,fiber-only
4412,sheet,sheet->vesicle
4413,fiber,fiber-only
4414,fiber,fiber-only
4415,sheet,sheet->vesicle
4416,fiber,fiber-only
4417,fiber,fiber-only
4418,fiber,fiber-only
4419,sheet,sheet->vesicle
4420,sheet,sheet->vesicle
4421,fiber,fiber-only
4422,fiber,fiber-only
4423,sheet,sheet->vesicle
4424,fiber,fiber-only
4425,fiber,fiber-only
4426,fiber,fiber-only
4427,fiber,fiber-only
4428,fiber,fiber-only
4429,sheet,sheet->vesicle
4430,sheet,sheet->vesicle
4431,fiber,fiber-only
4432,fiber,fiber-only
4433,fiber,fiber-only
4434,sheet,sheet->vesicle
4435,sheet,sheet->vesicle
4436,fiber,fiber-only
4437,fiber,fiber-only
4438,fiber,fiber-only
4439,fiber,fiber-only
4440,fiber,fiber-only
4441,fiber,fiber-only
4442,fiber,fiber-only
4443,fiber,fiber-only
4444,fiber,fiber-only
4445,fiber,fiber-only
4446,fiber,fiber-only
4447,fiber,fiber-only
4448,fiber,fiber-only
4449,fiber,fiber-only
4450,fiber,fiber-only
4451,fiber,fiber-only
4452,fiber,fiber-only
4453,fiber,fiber-only
4454,fiber,fiber-only
4455,fiber,fiber-only
4456,fiber,fiber-only
4457,fiber,fiber-only
4458,fiber,fiber-only
4459,fiber,fiber-only
4460,fiber,fiber-only
4461,fiber,fiber-only
4462,fiber,fiber-only
4463,sheet,sheet->vesicle
4464,fiber,fiber-only
4465,fiber,fiber-only
4466,fiber,fiber-only
4467,fiber,fiber-only
4468,sheet,sheet->vesicle
4469,fiber,fiber-only
4470,fiber,fiber-only
4471,fiber,fiber-only
4472,fiber,fiber-only
4473,fiber,fiber-only
4474,fiber,fiber-only
4475,fiber,fiber-only
4476,fiber,fiber-only
4477,fiber,fiber-only
4478,sheet,sheet->vesicle
4479,sheet,sheet->vesicle
4480,fiber,fiber-only
4481,sheet,sheet->vesicle
4482,sheet,sheet->vesicle
4483,sheet,sheet->vesicle
4484,fiber,fiber-only
4485,fiber,fiber-only
4486,fiber,fiber-only
4487,sheet,sheet->vesicle
4488,sheet,sheet->vesicle
4489,fiber,fiber-only
4490,sheet,sheet->vesicle
4491,sheet,sheet->vesicle
4492,fiber,fiber-only
4493,fiber,fiber-only
4494,fiber,fiber-only
4495,fiber,fiber-only
4496,sheet,sheet->vesicle
4497,fiber,fiber-only
4498,sheet,sheet->vesicle
4499,sheet,sheet->vesicle
4500,sheet,sheet->vesicle
4501,sheet,sheet->vesicle
4502,fiber,fiber-only
4503,fiber,fiber-only
4504,fiber,fiber-only
4505,sheet,sheet->vesicle
4506,fiber,fiber-only
4507,fiber,fiber-only
4508,fiber,fiber-only
4509,fiber,fiber-only
4510,fiber,fiber-only
4511,sheet,sheet->vesicle
4512,sheet,sheet->vesicle
4513,fiber,fiber-only
4514,fiber,fiber-only
4515,sheet,sheet->vesicle
4516,sheet,sheet->vesicle
4517,fiber,fiber-only
4518,sheet,sheet->vesicle
4519,fiber,fiber-only
4520,fiber,fiber-only
4521,fiber,fiber-only
4522,fiber,fiber-only
4523,sheet,sheet->vesicle
4524,sheet,sheet->vesicle
4525,fiber,fiber-only
4526,fiber,fiber-only
4527,fiber,fiber-only
4528,fiber,fiber-only
4529,fiber,fiber-only
4530,fiber,fiber-only
4531,sheet,sheet->vesicle
4532,sheet,sheet->vesicle
4533,sheet,sheet->vesicle
4534,sheet,sheet->vesicle
4535,fiber,fiber-only
4536,fiber,fiber-only
4537,fiber,fiber-only
4538,fiber,fiber-only
4539,fiber,fiber-only
4540,fiber,fiber-only
4541,fiber,fiber-only
4542,fiber,fiber-only
4543,fiber,fiber-only
4544,fiber,fiber-only
4545,fiber,fiber-only
4546,fiber,fiber-only
4547,fiber,fiber-only
4548,fiber,fiber-only
4549,fiber,fiber-only
4550,fiber,fiber-only
4551,fiber,fiber-only
4552,fiber,fiber-only
4553,fiber,fiber-only
4554,fiber,fiber-only
4555,sheet,sheet->vesicle
4556,sheet,sheet->vesicle
4557,fiber,fiber-only
4558,sheet,sheet->vesicle
4559,fiber,fiber-only
4560,fiber,fiber-only
4561,fiber,fiber-only
4562,fiber,fiber-only
4563,fiber,fiber-only
4564,sheet,sheet->vesicle
4565,fiber,fiber-only
4566,fiber,fiber-only
4567,sheet,sheet->vesicle
4568,fiber,fiber-only
4569,fiber,fiber-only
4570,sheet,sheet->vesicle
4571,fiber,fiber-only
4572,sheet,sheet->vesicle
4573,fiber,fiber-only
4574,fiber,fiber-only
4575,fiber,fiber-only
4576,fiber,fiber-only
4577,sheet,sheet->vesicle
4578,fiber,fiber-only
4579,fiber,fiber-only
4580,fiber,fiber-only
4581,fiber,fiber-only
4582,fiber,fiber-only
4583,fiber,fiber-only
4584,fiber,fiber-only
4585,sheet,sheet->vesicle
4586,fiber,fiber-only
4587,fiber,fiber-only
4588,fiber,fiber-only
4589,fiber,fiber-only
4590,fiber,fiber-only
4591,fiber,fiber-only
4592,fiber,fiber-only
4593,fiber,fiber-only
4594,fiber,fiber-only
4595,fiber,fiber-only
4596,fiber,fiber-only
4597,fiber,fiber-only
4598,fiber,fiber-only
4599,fiber,fiber-only
4600,fiber,fiber-only
4601,fiber,fiber-only
4602,fiber,fiber-only
4603,fiber,fiber-only
4604,fiber,fiber-only
4605,sheet,sheet->vesicle
4606,fiber,fiber-only
4607,fiber,fiber-only
4608,fiber,fiber-only
4609,fiber,fiber-only
4610,fiber,fiber-only
4611,fiber,fiber-only
4612,fiber,fiber-only
4613,fiber,fiber-only
4614,sheet,sheet->vesicle
4615,sheet,sheet->vesicle
4616,sheet,sheet->vesicle
4617,fiber,fiber-only
4618,fiber,fiber-only
4619,fiber,fiber-only
4620,fiber,fiber-only
4621,fiber,fiber-only
4622,sheet,sheet->vesicle
4623,fiber,fiber-only
4624,fiber,fiber-only
4625,fiber,fiber-only
4626,fiber,fiber-only
4627,fiber,fiber-only
4628,fiber,fiber-only
4629,sheet,sheet->vesicle
4630,fiber,fiber-only
4631,sheet,sheet->vesicle
4632,fiber,fiber-only
4633,fiber,fiber-only
4634,fiber,fiber-only
4635,sheet,sheet->vesicle
4636,fiber,fiber-only
4637,fiber,fiber-only
4638,fiber,fiber-only
4639,fiber,fiber-only
4640,fiber,fiber-only
4641,fiber,fiber-only
4642,fiber,fiber-only
4643,fiber,fiber-only
4644,fiber,fiber-only
4645,fiber,fiber-only
4646,fiber,fiber-only
4647,sheet,sheet->vesicle
4648,fiber,fiber-only
4649,fiber,fiber-only
4650,fiber,fiber-only
4651,sheet,sheet->vesicle
4652,fiber,fiber-only
4653,fiber,fiber-only
4654,fiber,fiber-only
4655,sheet,sheet->vesicle
4656,sheet,sheet->vesicle
4657,sheet,sheet->vesicle
4658,sheet,sheet->vesicle
4659,sheet,sheet->vesicle
4660,sheet,sheet->vesicle
4661,sheet,sheet->vesicle
4662,sheet,sheet->vesicle
4663,fiber,fiber-only
4664,sheet,sheet->vesicle
4665,sheet,sheet->vesicle
4666,sheet,sheet->vesicle
4667,fiber,fiber-only
4668,fiber,fiber-only
4669,fiber,fiber-only
4670,sheet,sheet->vesicle
4671,fiber,fiber-only
4672,fiber,fiber-only
4673,sheet,sheet->vesicle
4674,sheet,sheet->vesicle
4675,sheet,sheet->vesicle
4676,sheet,sheet->vesicle
4677,sheet,sheet->vesicle
4678,fiber,fiber-only
4679,fiber,fiber-only
4680,sheet,sheet->vesicle
4681,sheet,sheet->vesicle
4682,fiber,fiber-only
4683,sheet,sheet->vesicle
4684,fiber,fiber-only
4685,fiber,fiber-only
4686,fiber,fiber-only
4687,sheet,sheet->vesicle
4688,sheet,sheet->vesicle
4689,sheet,sheet->vesicle
4690,fiber,fiber-only
4691,sheet,sheet->vesicle
4692,sheet,sheet->vesicle
4693,sheet,sheet->vesicle
4694,sheet,sheet->vesicle
4695,sheet,sheet->vesicle
4696,sheet,sheet->vesicle
4697,sheet,sheet->vesicle
4698,fiber,fiber-only
4699,sheet,sheet->vesicle
4700,fiber,fiber-only
4701,sheet,sheet->vesicle
4702,fiber,fiber-only
4703,fiber,fiber-only
4704,fiber,fiber-only
4705,fiber,fiber-only
4706,sheet,sheet->vesicle
4707,fiber,fiber-only
4708,fiber,fiber-only
4709,sheet,sheet->vesicle
4710,sheet,sheet->vesicle
4711,sheet,sheet->vesicle
4712,fiber,fiber-only
4713,fiber,fiber-only
4714,sheet,sheet->vesicle
4715,fiber,fiber-only
4716,sheet,sheet->vesicle
4717,sheet,sheet->vesicle
4718,fiber,fiber-only
4719,sheet,sheet->vesicle
4720,sheet,sheet->vesicle
4721,sheet,sheet->vesicle
4722,fiber,fiber-only
4723,sheet,sheet->vesicle
4724,fiber,fiber-only
4725,sheet,sheet->vesicle
4726,sheet,sheet->vesicle
4727,fiber,fiber-only
4728,sheet,sheet->vesicle
4729,fiber,fiber-only
4730,fiber,fiber-only
4731,sheet,sheet->vesicle
4732,sheet,sheet->vesicle
4733,fiber,fiber-only
4734,sheet,sheet->vesicle
4735,fiber,fiber-only
4736,fiber,fiber-only
4737,fiber,fiber-only
4738,fiber,fiber-only
4739,fiber,fiber-only
4740,sheet,sheet->vesicle
4741,fiber,fiber-only
4742,sheet,sheet->vesicle
4743,sheet,sheet->vesicle
4744,sheet,sheet->vesicle
4745,sheet,sheet->vesicle
4746,sheet,sheet->vesicle
4747,sheet,sheet->vesicle
4748,sheet,sheet->vesicle
4749,sheet,sheet->vesicle
4750,sheet,sheet->vesicle
4751,sheet,sheet->vesicle
4752,sheet,sheet->vesicle
4753,sheet,sheet->vesicle
4754,sheet,sheet->vesicle
4755,sheet,sheet->vesicle
4756,sheet,sheet->vesicle
4757,sheet,sheet->vesicle
4758,sheet,sheet->vesicle
4759,fiber,fiber-only
4760,sheet,sheet->vesicle
4761,sheet,sheet->vesicle
4762,sheet,sheet->vesicle
4763,sheet,sheet->vesicle
4764,sheet,sheet->vesicle
4765,sheet,sheet->vesicle
4766,sheet,sheet->vesicle
4767,sheet,sheet->vesicle
4768,fiber,fiber-only
4769,sheet,sheet->vesicle
4770,sheet,sheet->vesicle
4771,sheet,sheet->vesicle
4772,fiber,fiber-only
4773,fiber,fiber-only
4774,fiber,fiber-only
4775,fiber,fiber-only
4776,fiber,fiber-only
4777,sheet,sheet->vesicle
4778,sheet,sheet->vesicle
4779,fiber,fiber-only
4780,sheet,sheet->vesicle
4781,fiber,fiber-only
4782,fiber,fiber-only
4783,fiber,fiber-only
4784,fiber,fiber-only
4785,fiber,fiber-only
4786,fiber,fiber-only
4787,fiber,fiber-only
4788,sheet,sheet->vesicle
4789,fiber,fiber-only
4790,sheet,sheet->vesicle
4791,fiber,fiber-only
4792,sheet,sheet->vesicle
4793,fiber,fiber-only
4794,fiber,fiber-only
4795,fiber,fiber-only
4796,sheet,sheet->vesicle
4797,fiber,fiber-only
4798,fiber,fiber-only
4799,fiber,fiber-only
4800,fiber,fiber-only
4801,fiber,fiber-only
4802,fiber,fiber-only
4803,fiber,fiber-only
4804,fiber,fiber-only
4805,fiber,fiber-only
4806,fiber,fiber-only
4807,fiber,fiber-only
4808,fiber,fiber-only
4809,fiber,fiber-only
4810,fiber,fiber-only
4811,fiber,fiber-only
4812,fiber,fiber-only
4813,fiber,fiber-only
4814,fiber,fiber-only
4815,fiber,fiber-only
4816,fiber,fiber-only
4817,fiber,fiber-only
4818,fiber,fiber-only
4819,sheet,sheet->vesicle
4820,sheet,sheet->vesicle
4821,fiber,fiber-only
4822,fiber,fiber-only
4823,fiber,fiber-only
4824,fiber,fiber-only
4825,fiber,fiber-only
4826,fiber,fiber-only
4827,fiber,fiber-only
4828,fiber,fiber-only
4829,fiber,fiber-only
4830,fiber,fiber-only
4831,sheet,sheet->vesicle
4832,sheet,sheet->vesicle
4833,fiber,fiber-only
4834,fiber,fiber-only
4835,fiber,fiber-only
4836,fiber,fiber-only
4837,fiber,fiber-only
4838,fiber,fiber-only
4839,fiber,fiber-only
4840,fiber,fiber-only
4841,fiber,fiber-only
4842,fiber,fiber-only
4843,fiber,fiber-only
4844,fiber,fiber-only
4845,sheet,sheet->vesicle
4846,fiber,fiber-only
4847,fiber,fiber-only
4848,fiber,fiber-only
4849,fiber,fiber-only
4850,fiber,fiber-only
4851,fiber,fiber-only
4852,fiber,fiber-only
4853,fiber,fiber-only
4854,fiber,fiber-only
4855,fiber,fiber-only
4856,fiber,fiber-only
4857,fiber,fiber-only
4858,fiber,fiber-only
4859,sheet,sheet->vesicle
4860,fiber,fiber-only
4861,fiber,fiber-only
4862,fiber,fiber-only
4863,fiber,fiber-only
4864,fiber,fiber-only
4865,fiber,fiber-only
4866,fiber,fiber-only
4867,fiber,fiber-only
4868,fiber,fiber-only
4869,fiber,fiber-only
4870,fiber,fiber-only
4871,fiber,fiber-only
4872,fiber,fiber-only
4873,fiber,fiber-only
4874,fiber,fiber-only
4875,fiber,fiber-only
4876,fiber,fiber-only
4877,fiber,fiber-only
4878,fiber,fiber-only
4879,fiber,fiber-only
4880,fiber,fiber-only
4881,fiber,fiber-only
4882,fiber,fiber-only
4883,sheet,sheet->vesicle
4884,fiber,fiber-only
4885,fiber,fiber-only
4886,fiber,fiber-only
4887,fiber,fiber-only
4888,fiber,fiber-only
4889,fiber,fiber-only
4890,fiber,fiber-only
4891,sheet,sheet->vesicle
4892,fiber,fiber-only
4893,fiber,fiber-only
4894,fiber,fiber-only
4895,fiber,fiber-only
4896,fiber,fiber-only
4897,fiber,fiber-only
4898,fiber,fiber-only
4899,fiber,fiber-only
4900,fiber,fiber-only
4901,fiber,fiber-only
4902,sheet,sheet->vesicle
4903,fiber,fiber-only
4904,fiber,fiber-only
4905,sheet,sheet->vesicle
4906,fiber,fiber-only
4907,fiber,fiber-only
4908,fiber,fiber-only
4909,fiber,fiber-only
4910,sheet,sheet->vesicle
4911,fiber,fiber-only
4912,fiber,fiber-only
4913,fiber,fiber-only
4914,fiber,fiber-only
4915,fiber,fiber-only
4916,fiber,fiber-only
4917,fiber,fiber-only
4918,fiber,fiber-only
4919,fiber,fiber-only
4920,fiber,fiber-only
4921,fiber,fiber-only
4922,fiber,fiber-only
4923,fiber,fiber-only
4924,fiber,fiber-only
4925,fiber,fiber-only
4926,fiber,fiber-only
4927,fiber,fiber-only
4928,fiber,fiber-only
4929,fiber,fiber-only
4930,fiber,fiber-only
4931,fiber,fiber-only
4932,fiber,fiber-only
4933,fiber,fiber-only
4934,sheet,sheet->vesicle
4935,fiber,fiber-only
4936,sheet,sheet->vesicle
4937,sheet,sheet->vesicle
4938,sheet,sheet->vesicle
4939,fiber,fiber-only
4940,fiber,fiber-only
4941,sheet,sheet->vesicle
4942,fiber,fiber-only
4943,fiber,fiber-only
4944,fiber,fiber-only
4945,sheet,sheet->vesicle
4946,sheet,sheet->vesicle
4947,sheet,sheet->vesicle
4948,sheet,sheet->vesicle
4949,sheet,sheet->vesicle
4950,fiber,fiber-only
4951,fiber,fiber-only
4952,sheet,sheet->vesicle
4953,sheet,sheet->vesicle
4954,sheet,sheet->vesicle
4955,sheet,sheet->vesicle
4956,fiber,fiber-only
4957,fiber,fiber-only
4958,fiber,fiber-only
4959,fiber,fiber-only
4960,fiber,fiber-only
4961,fiber,fiber-only
4962,sheet,sheet->vesicle
4963,fiber,fiber-only
4964,sheet,sheet->vesicle
4965,sheet,sheet->vesicle
4966,sheet,sheet->vesicle
4967,fiber,fiber-only
4968,sheet,sheet->vesicle
4969,fiber,fiber-only
4970,fiber,fiber-only
4971,sheet,sheet->vesicle
4972,fiber,fiber-only
4973,sheet,sheet->vesicle
4974,fiber,fiber-only
4975,fiber,fiber-only
4976,fiber,fiber-only
4977,fiber,fiber-only
4978,fiber,fiber-only
4979,fiber,fiber-only
4980,sheet,sheet->vesicle
4981,fiber,fiber-only
4982,sheet,sheet->vesicle
4983,sheet,sheet->vesicle
4984,sheet,sheet->vesicle
4985,fiber,fiber-only
4986,sheet,sheet->vesicle
4987,fiber,fiber-only
4988,sheet,sheet->vesicle
4989,fiber,fiber-only
4990,fiber,fiber-only
4991,fiber,fiber-only
4992,fiber,fiber-only
4993,fiber,fiber-only
4994,fiber,fiber-only
4995,sheet,sheet->vesicle
4996,fiber,fiber-only
4997,sheet,sheet->vesicle
4998,fiber,fiber-only
4999,fiber,fiber-only
5000,sheet,sheet->vesicle
5001,sheet,sheet->vesicle
5002,fiber,fiber-only
5003,fiber,fiber-only
5004,sheet,sheet->vesicle
5005,fiber,fiber-only
5006,sheet,sheet->vesicle
5007,fiber,fiber-only
5008,sheet,sheet->vesicle
5009,sheet,sheet->vesicle
5010,fiber,fiber-only
5011,sheet,sheet->vesicle
5012,fiber,fiber-only
5013,fiber,fiber-only
5014,fiber,fiber-only
5015,sheet,sheet->vesicle
5016,fiber,fiber-only
5017,fiber,fiber-only
5018,sheet,sheet->vesicle
5019,sheet,sheet->vesicle
5020,fiber,fiber-only
5021,sheet,sheet->vesicle
5022,fiber,fiber-only
5023,sheet,sheet->vesicle
5024,fiber,fiber-only
5025,fiber,fiber-only
5026,fiber,fiber-only
5027,fiber,fiber-only
5028,fiber,fiber-only
5029,fiber,fiber-only
5030,fiber,fiber-only
5031,fiber,fiber-only
5032,fiber,fiber-only
5033,fiber,fiber-only
5034,fiber,fiber-only
5035,fiber,fiber-only
5036,fiber,fiber-only
5037,sheet,sheet->vesicle
5038,sheet,sheet->vesicle
5039,fiber,fiber-only
5040,fiber,fiber-only
5041,sheet,sheet->vesicle
5042,fiber,fiber-only
5043,sheet,sheet->vesicle
5044,sheet,sheet->vesicle
5045,fiber,fiber-only
5046,fiber,fiber-only
5047,fiber,fiber-only
5048,fiber,fiber-only
5049,fiber,fiber-only
5050,sheet,sheet->vesicle
5051,fiber,fiber-only
5052,sheet,sheet->vesicle
5053,fiber,fiber-only
5054,sheet,sheet->vesicle
5055,sheet,sheet->vesicle
5056,sheet,sheet->vesicle
5057,fiber,fiber-only
5058,fiber,fiber-only
5059,sheet,sheet->vesicle
5060,sheet,sheet->vesicle
5061,fiber,fiber-only
5062,fiber,fiber-only
5063,fiber,fiber-only
5064,fiber,fiber-only
5065,fiber,fiber-only
5066,sheet,sheet->vesicle
5067,sheet,sheet->vesicle
5068,fiber,fiber-only
5069,sheet,sheet->vesicle
5070,sheet,sheet->vesicle
5071,fiber,fiber-only
5072,fiber,fiber-only
5073,fiber,fiber-only
5074,sheet,sheet->vesicle
5075,fiber,fiber-only
5076,fiber,fiber-only
5077,fiber,fiber-only
5078,sheet,sheet->vesicle
5079,fiber,fiber-only
5080,fiber,fiber-only
5081,fiber,fiber-only
5082,sheet,sheet->vesicle
5083,fiber,fiber-only
5084,fiber,fiber-only
5085,sheet,sheet->vesicle
5086,fiber,fiber-only
5087,sheet,sheet->vesicle
5088,fiber,fiber-only
5089,fiber,fiber-only
5090,sheet,sheet->vesicle
5091,sheet,sheet->vesicle
5092,sheet,sheet->vesicle
5093,fiber,fiber-only
5094,fiber,fiber-only
5095,fiber,fiber-only
5096,fiber,fiber-only
5097,sheet,sheet->vesicle
5098,fiber,fiber-only
5099,fiber,fiber-only
5100,fiber,fiber-only
5101,fiber,fiber-only
5102,sheet,sheet->vesicle
5103,sheet,sheet->vesicle
5104,fiber,fiber-only
5105,fiber,fiber-only
5106,fiber,fiber-only
5107,fiber,fiber-only
5108,fiber,fiber-only
5109,fiber,fiber-only
5110,fiber,fiber-only
5111,sheet,sheet->vesicle
5112,sheet,sheet->vesicle
5113,sheet,sheet->vesicle
5114,sheet,sheet->vesicle
5115,fiber,fiber-only
5116,fiber,fiber-only
5117,fiber,fiber-only
5118,fiber,fiber-only
5119,fiber,fiber-only
5120,fiber,fiber-only
5121,fiber,fiber-only
5122,fiber,fiber-only
5123,fiber,fiber-only
5124,sheet,sheet->vesicle
5125,fiber,fiber-only
5126,fiber,fiber-only
5127,fiber,fiber-only
5128,sheet,sheet->vesicle
5129,sheet,sheet->vesicle
5130,sheet,sheet->vesicle
5131,fiber,fiber-only
5132,fiber,fiber-only
5133,fiber,fiber-only
5134,fiber,fiber-only
5135,fiber,fiber-only
5136,fiber,fiber-only
5137,fiber,fiber-only
5138,sheet,sheet->vesicle
5139,fiber,fiber-only
5140,fiber,fiber-only
5141,fiber,fiber-only
5142,fiber,fiber-only
5143,fiber,fiber-only
5144,sheet,sheet->vesicle
5145,fiber,fiber-only
5146,fiber,fiber-only
5147,sheet,sheet->vesicle
5148,fiber,fiber-only
5149,fiber,fiber-only
5150,fiber,fiber-only
5151,fiber,fiber-only
5152,fiber,fiber-only
5153,fiber,fiber-only
5154,fiber,fiber-only
5155,fiber,fiber-only
5156,fiber,fiber-only
5157,fiber,fiber-only
5158,fiber,fiber-only
5159,fiber,fiber-only
5160,fiber,fiber-only
5161,fiber,fiber-only
5162,fiber,fiber-only
5163,fiber,fiber-only
5164,sheet,sheet->vesicle
5165,fiber,fiber-only
5166,sheet,sheet->vesicle
5167,sheet,sheet->vesicle
5168,sheet,sheet->vesicle
5169,fiber,fiber-only
5170,fiber,fiber-only
5171,sheet,sheet->vesicle
5172,fiber,fiber-only
5173,sheet,sheet->vesicle
5174,fiber,fiber-only
5175,fiber,fiber-only
5176,sheet,sheet->vesicle
5177,fiber,fiber-only
5178,fiber,fiber-only
5179,fiber,fiber-only
5180,fiber,fiber-only
5181,sheet,sheet->vesicle
5182,fiber,fiber-only
5183,fiber,fiber-only
5184,fiber,fiber-only
5185,sheet,sheet->vesicle
5186,fiber,fiber-only
5187,fiber,fiber-only
5188,fiber,fiber-only
5189,fiber,fiber-only
5190,fiber,fiber-only
5191,fiber,fiber-only
5192,sheet,sheet->vesicle
5193,fiber,fiber-only
5194,fiber,fiber-only
5195,fiber,fiber-only
5196,sheet,sheet->vesicle
5197,sheet,sheet->vesicle
5198,sheet,sheet->vesicle
5199,sheet,sheet->vesicle
5200,sheet,sheet->vesicle
5201,fiber,fiber-only
5202,fiber,fiber-only
5203,fiber,fiber-only
5204,sheet,sheet->vesicle
5205,sheet,sheet->vesicle
5206,fiber,fiber-only
5207,fiber,fiber-only
5208,fiber,fiber-only
5209,fiber,fiber-only
5210,fiber,fiber-only
5211,fiber,fiber-only
5212,fiber,fiber-only
5213,sheet,sheet->vesicle
5214,fiber,fiber-only
5215,fiber,fiber-only
5216,fiber,fiber-only
5217,sheet,sheet->vesicle
5218,fiber,fiber-only
5219,fiber,fiber-only
5220,fiber,fiber-only
5221,sheet,sheet->vesicle
5222,fiber,fiber-only
5223,sheet,sheet->vesicle
5224,fiber,fiber-only
5225,fiber,fiber-only
5226,fiber,fiber-only
5227,fiber,fiber-only
5228,fiber,fiber-only
5229,sheet,sheet->vesicle
5230,fiber,fiber-only
5231,fiber,fiber-only
5232,fiber,fiber-only
5233,sheet,sheet->vesicle
5234,fiber,fiber-only
5235,sheet,sheet->vesicle
5236,fiber,fiber-only
5237,sheet,sheet->vesicle
5238,sheet,sheet->vesicle
5239,sheet,sheet->vesicle
5240,fiber,fiber-only
5241,sheet,sheet->vesicle
5242,sheet,sheet->vesicle
5243,fiber,fiber-only
5244,fiber,fiber-only
5245,fiber,fiber-only
5246,fiber,fiber-only
5247,fiber,fiber-only
5248,fiber,fiber-only
5249,fiber,fiber-only
5250,fiber,fiber-only
5251,fiber,fiber-only
5252,sheet,sheet->vesicle
5253,fiber,fiber-only
5254,fiber,fiber-only
5255,sheet,sheet->vesicle
5256,fiber,fiber-only
5257,fiber,fiber-only
5258,fiber,fiber-only
5259,sheet,sheet->vesicle
5260,fiber,fiber-only
5261,fiber,fiber-only
5262,fiber,fiber-only
5263,fiber,fiber-only
5264,fiber,fiber-only
5265,fiber,fiber-only
5266,fiber,fiber-only
5267,fiber,fiber-only
5268,fiber,fiber-only
5269,fiber,fiber-only
5270,fiber,fiber-only
5271,fiber,fiber-only
5272,fiber,fiber-only
5273,fiber,fiber-only
5274,fiber,fiber-only
5275,fiber,fiber-only
5276,fiber,fiber-only
5277,fiber,fiber-only
5278,fiber,fiber-only
5279,fiber,fiber-only
5280,fiber,fiber-only
5281,fiber,fiber-only
5282,fiber,fiber-only
5283,fiber,fiber-only
5284,fiber,fiber-only
5285,fiber,fiber-only
5286,fiber,fiber-only
5287,fiber,fiber-only
5288,fiber,fiber-only
5289,fiber,fiber-only
5290,fiber,fiber-only
5291,sheet,sheet->vesicle
5292,fiber,fiber-only
5293,fiber,fiber-only
5294,fiber,fiber-only
5295,fiber,fiber-only
5296,sheet,sheet->vesicle
5297,fiber,fiber-only
5298,fiber,fiber-only
5299,fiber,fiber-only
5300,fiber,fiber-only
5301,fiber,fiber-only
5302,sheet,sheet->vesicle
5303,fiber,fiber-only
5304,fiber,fiber-only
5305,fiber,fiber-only
5306,sheet,sheet->vesicle
5307,fiber,fiber-only
5308,fiber,fiber-only
5309,fiber,fiber-only
5310,fiber,fiber-only
5311,fiber,fiber-only
5312,fiber,fiber-only
5313,fiber,fiber-only
5314,fiber,fiber-only
5315,fiber,fiber-only
5316,fiber,fiber-only
5317,fiber,fiber-only
5318,fiber,fiber-only
5319,sheet,sheet->vesicle
5320,fiber,fiber-only
5321,fiber,fiber-only
5322,fiber,fiber-only
5323,fiber,fiber-only
5324,fiber,fiber-only
5325,fiber,fiber-only
5326,fiber,fiber-only
5327,fiber,fiber-only
5328,fiber,fiber-only
5329,fiber,fiber-only
5330,sheet,sheet->vesicle
5331,sheet,sheet->vesicle
5332,fiber,fiber-only
5333,sheet,sheet->vesicle
5334,fiber,fiber-only
5335,fiber,fiber-only
5336,fiber,fiber-only
5337,fiber,fiber-only
5338,fiber,fiber-only
5339,fiber,fiber-only
5340,sheet,sheet->vesicle
5341,fiber,fiber-only
5342,fiber,fiber-only
5343,fiber,fiber-only
5344,fiber,fiber-only
5345,fiber,fiber-only
5346,fiber,fiber-only
5347,sheet,sheet->vesicle
5348,sheet,sheet->vesicle
5349,fiber,fiber-only
5350,fiber,fiber-only
5351,fiber,fiber-only
5352,fiber,fiber-only
5353,fiber,fiber-only
5354,fiber,fiber-only
5355,fiber,fiber-only
5356,sheet,sheet->vesicle
5357,fiber,fiber-only
5358,fiber,fiber-only
5359,fiber,fiber-only
5360,fiber,fiber-only
5361,fiber,fiber-only
5362,fiber,fiber-only
5363,fiber,fiber-only
5364,fiber,fiber-only
5365,fiber,fiber-only
5366,fiber,fiber-only
5367,fiber,fiber-only
5368,fiber,fiber-only
5369,fiber,fiber-only
5370,fiber,fiber-only
5371,fiber,fiber-only
5372,fiber,fiber-only
5373,fiber,fiber-only
5374,fiber,fiber-only
5375,fiber,fiber-only
5376,fiber,fiber-only
5377,fiber,fiber-only
5378,fiber,fiber-only
5379,fiber,fiber-only
5380,fiber,fiber-only
5381,fiber,fiber-only
5382,fiber,fiber-only
5383,fiber,fiber-only
5384,fiber,fiber-only
5385,fiber,fiber-only
5386,fiber,fiber-only
5387,fiber,fiber-only
5388,fiber,fiber-only
5389,fiber,fiber-only
5390,fiber,fiber-only
5391,fiber,fiber-only
5392,sheet,sheet->vesicle
5393,fiber,fiber-only
5394,fiber,fiber-only
5395,fiber,fiber-only
5396,fiber,fiber-only
5397,fiber,fiber-only
5398,fiber,fiber-only
5399,fiber,fiber-only
5400,fiber,fiber-only
5401,fiber,fiber-only
5402,fiber,fiber-only
5403,fiber,fiber-only
5404,sheet,sheet->vesicle
5405,sheet,sheet->vesicle
5406,fiber,fiber-only
5407,fiber,fiber-only
5408,fiber,fiber-only
5409,sheet,sheet->vesicle
5410,fiber,fiber-only
5411,fiber,fiber-only
5412,fiber,fiber-only
5413,fiber,fiber-only
5414,fiber,fiber-only
5415,fiber,fiber-only
5416,sheet,sheet->vesicle
5417,fiber,fiber-only
5418,fiber,fiber-only
5419,fiber,fiber-only
5420,fiber,fiber-only
5421,fiber,fiber-only
5422,fiber,fiber-only
5423,fiber,fiber-only
5424,fiber,fiber-only
5425,fiber,fiber-only
5426,fiber,fiber-only
5427,fiber,fiber-only
5428,sheet,sheet->vesicle
5429,fiber,fiber-only
5430,fiber,fiber-only
5431,fiber,fiber-only
5432,fiber,fiber-only
5433,fiber,fiber-only
5434,fiber,fiber-only
5435,fiber,fiber-only
5436,fiber,fiber-only
5437,fiber,fiber-only
5438,sheet,sheet->vesicle
5439,fiber,fiber-only
5440,sheet,sheet->vesicle
5441,fiber,fiber-only
5442,fiber,fiber-only
5443,fiber,fiber-only
5444,sheet,sheet->vesicle
5445,fiber,fiber-only
5446,fiber,fiber-only
5447,fiber,fiber-only
5448,fiber,fiber-only
5449,fiber,fiber-only
5450,fiber,fiber-only
5451,fiber,fiber-only
5452,fiber,fiber-only
5453,fiber,fiber-only
5454,fiber,fiber-only
5455,fiber,fiber-only
5456,fiber,fiber-only
5457,fiber,fiber-only
5458,fiber,fiber-only
5459,fiber,fiber-only
5460,sheet,sheet->vesicle
5461,fiber,fiber-only
5462,fiber,fiber-only
5463,fiber,fiber-only
5464,fiber,fiber-only
5465,fiber,fiber-only
5466,sheet,sheet->vesicle
5467,fiber,fiber-only
5468,fiber,fiber-only
5469,fiber,fiber-only
5470,sheet,sheet->vesicle
5471,fiber,fiber-only
5472,fiber,fiber-only
5473,fiber,fiber-only
5474,fiber,fiber-only
5475,fiber,fiber-only
5476,fiber,fiber-only
5477,fiber,fiber-only
5478,fiber,fiber-only
5479,fiber,fiber-only
5480,fiber,fiber-only
5481,fiber,fiber-only
5482,fiber,fiber-only
5483,sheet,sheet->vesicle
5484,fiber,fiber-only
5485,sheet,sheet->vesicle
5486,fiber,fiber-only
5487,fiber,fiber-only
5488,fiber,fiber-only
5489,sheet,sheet->vesicle
5490,fiber,fiber-only
5491,fiber,fiber-only
5492,fiber,fiber-only
5493,fiber,fiber-only
5494,sheet,sheet->vesicle
5495,sheet,sheet->vesicle
5496,sheet,sheet->vesicle
5497,fiber,fiber-only
5498,fiber,fiber-only
5499,fiber,fiber-only
5500,sheet,sheet->vesicle
5501,fiber,fiber-only
5502,fiber,fiber-only
5503,fiber,fiber-only
5504,fiber,fiber-only
5505,sheet,sheet->vesicle
5506,fiber,fiber-only
5507,sheet,sheet->vesicle
5508,sheet,sheet->vesicle
5509,fiber,fiber-only
5510,fiber,fiber-only
5511,fiber,fiber-only
5512,fiber,fiber-only
5513,fiber,fiber-only
5514,fiber,fiber-only
5515,fiber,fiber-only
5516,fiber,fiber-only
5517,fiber,fiber-only
5518,fiber,fiber-only
5519,fiber,fiber-only
5520,sheet,sheet->vesicle
5521,fiber,fiber-only
5522,fiber,fiber-only
5523,fiber,fiber-only
5524,sheet,sheet->vesicle
5525,fiber,fiber-only
5526,fiber,fiber-only
5527,fiber,fiber-only
5528,sheet,sheet->vesicle
5529,fiber,fiber-only
5530,sheet,sheet->vesicle
5531,fiber,fiber-only
5532,sheet,sheet->vesicle
5533,fiber,fiber-only
5534,fiber,fiber-only
5535,sheet,sheet->vesicle
5536,fiber,fiber-only
5537,sheet,sheet->vesicle
5538,fiber,fiber-only
5539,sheet,sheet->vesicle
5540,fiber,fiber-only
5541,sheet,sheet->vesicle
5542,fiber,fiber-only
5543,sheet,sheet->vesicle
5544,sheet,sheet->vesicle
5545,sheet,sheet->vesicle
5546,sheet,sheet->vesicle
5547,sheet,sheet->vesicle
5548,sheet,sheet->vesicle
5549,sheet,sheet->vesicle
5550,sheet,sheet->vesicle
5551,fiber,fiber-only
5552,fiber,fiber-only
5553,sheet,sheet->vesicle
5554,sheet,sheet->vesicle
5555,sheet,sheet->vesicle
5556,sheet,sheet->vesicle
5557,sheet,sheet->vesicle
5558,sheet,sheet->vesicle
5559,sheet,sheet->vesicle
5560,sheet,sheet->vesicle
5561,fiber,fiber-only
5562,sheet,sheet->vesicle
5563,sheet,sheet->vesicle
5564,sheet,sheet->vesicle
5565,sheet,sheet->vesicle
5566,sheet,sheet->vesicle
5567,sheet,sheet->vesicle
5568,fiber,fiber-only
5569,sheet,sheet->vesicle
5570,sheet,sheet->vesicle
5571,sheet,sheet->vesicle
5572,fiber,fiber-only
5573,sheet,sheet->vesicle
5574,sheet,sheet->vesicle
5575,sheet,sheet->vesicle
5576,sheet,sheet->vesicle
5577,sheet,sheet->vesicle
5578,sheet,sheet->vesicle
5579,sheet,sheet->vesicle
5580,sheet,sheet->vesicle
5581,sheet,sheet->vesicle
5582,sheet,sheet->vesicle
5583,sheet,sheet->vesicle
5584,sheet,sheet->vesicle
5585,sheet,sheet->vesicle
5586,sheet,sheet->vesicle
5587,sheet,sheet->vesicle
5588,sheet,sheet->vesicle
5589,fiber,fiber-only
5590,fiber,fiber-only
5591,fiber,fiber-only
5592,fiber,fiber-only
5593,fiber,fiber-only
5594,sheet,sheet->vesicle
5595,fiber,fiber-only
5596,fiber,fiber-only
5597,fiber,fiber-only
5598,fiber,fiber-only
5599,fiber,fiber-only
5600,sheet,sheet->vesicle
5601,fiber,fiber-only
5602,fiber,fiber-only
5603,fiber,fiber-only
5604,fiber,fiber-only
5605,fiber,fiber-only
5606,fiber,fiber-only
5607,sheet,sheet->vesicle
5608,fiber,fiber-only
5609,fiber,fiber-only
5610,fiber,fiber-only
5611,sheet,sheet->vesicle
5612,sheet,sheet->vesicle
5613,fiber,fiber-only
5614,fiber,fiber-only
5615,fiber,fiber-only
5616,fiber,fiber-only
5617,fiber,fiber-only
5618,fiber,fiber-only
5619,fiber,fiber-only
5620,fiber,fiber-only
5621,fiber,fiber-only
5622,fiber,fiber-only
5623,fiber,fiber-only
5624,fiber,fiber-only
5625,sheet,sheet->vesicle
5626,sheet,sheet->vesicle
5627,fiber,fiber-only
5628,fiber,fiber-only
5629,fiber,fiber-only
5630,sheet,sheet->vesicle
5631,fiber,fiber-only
5632,sheet,sheet->vesicle
5633,fiber,fiber-only
5634,fiber,fiber-only
5635,fiber,fiber-only
5636,fiber,fiber-only
5637,sheet,sheet->vesicle
5638,fiber,fiber-only
5639,fiber,fiber-only
5640,sheet,sheet->vesicle
5641,fiber,fiber-only
5642,sheet,sheet->vesicle
5643,fiber,fiber-only
5644,sheet,sheet->vesicle
5645,fiber,fiber-only
5646,fiber,fiber-only
5647,sheet,sheet->vesicle
5648,sheet,sheet->vesicle
5649,sheet,sheet->vesicle
5650,sheet,sheet->vesicle
5651,fiber,fiber-only
5652,fiber,fiber-only
5653,sheet,sheet->vesicle
5654,sheet,sheet->vesicle
5655,fiber,fiber-only
5656,sheet,sheet->vesicle
5657,sheet,sheet->vesicle
5658,sheet,sheet->vesicle
5659,sheet,sheet->vesicle
5660,sheet,sheet->vesicle
5661,sheet,sheet->vesicle
5662,sheet,sheet->vesicle
5663,sheet,sheet->vesicle
5664,sheet,sheet->vesicle
5665,sheet,sheet->vesicle
5666,sheet,sheet->vesicle
5667,sheet,sheet->vesicle
5668,fiber,fiber-only
5669,sheet,sheet->vesicle
5670,sheet,sheet->vesicle
5671,fiber,fiber-only
5672,sheet,sheet->vesicle
5673,fiber,fiber-only
5674,fiber,fiber-only
5675,sheet,sheet->vesicle
5676,fiber,fiber-only
5677,fiber,fiber-only
5678,fiber,fiber-only
5679,sheet,sheet->vesicle
5680,fiber,fiber-only
5681,sheet,sheet->vesicle
5682,fiber,fiber-only
5683,sheet,sheet->vesicle
5684,sheet,sheet->vesicle
5685,fiber,fiber-only
5686,fiber,fiber-only
5687,fiber,fiber-only
5688,fiber,fiber-only
5689,fiber,fiber-only
5690,sheet,sheet->vesicle
5691,sheet,sheet->vesicle
5692,fiber,fiber-only
5693,fiber,fiber-only
5694,fiber,fiber-only
5695,fiber,fiber-only
5696,sheet,sheet->vesicle
5697,fiber,fiber-only
5698,fiber,fiber-only
5699,fiber,fiber-only
5700,fiber,fiber-only
5701,sheet,sheet->vesicle
5702,sheet,sheet->vesicle
5703,sheet,sheet->vesicle
5704,sheet,sheet->vesicle
5705,fiber,fiber-only
5706,sheet,sheet->vesicle
5707,sheet,sheet->vesicle
5708,fiber,fiber-only
5709,sheet,sheet->vesicle
5710,sheet,sheet->vesicle
5711,sheet,sheet->vesicle
5712,sheet,sheet->vesicle
5713,sheet,sheet->vesicle
5714,fiber,fiber-only
5715,sheet,sheet->vesicle
5716,sheet,sheet->vesicle
5717,sheet,sheet->vesicle
5718,fiber,fiber-only
5719,sheet,sheet->vesicle
5720,fiber,fiber-only
5721,sheet,sheet->vesicle
5722,sheet,sheet->vesicle
5723,fiber,fiber-only
5724,sheet,sheet->vesicle
5725,sheet,sheet->vesicle
5726,fiber,fiber-only
5727,fiber,fiber-only
5728,fiber,fiber-only
5729,fiber,fiber-only
5730,fiber,fiber-only
5731,fiber,fiber-only
5732,fiber,fiber-only
5733,fiber,fiber-only
5734,sheet,sheet->vesicle
5735,sheet,sheet->vesicle
5736,fiber,fiber-only
5737,fiber,fiber-only
5738,fiber,fiber-only
5739,fiber,fiber-only
5740,fiber,fiber-only
5741,fiber,fiber-only
5742,fiber,fiber-only
5743,fiber,fiber-only
5744,fiber,fiber-only
5745,fiber,fiber-only
5746,fiber,fiber-only
5747,fiber,fiber-only
5748,fiber,fiber-only
5749,fiber,fiber-only
5750,fiber,fiber-only
5751,fiber,fiber-only
5752,fiber,fiber-only
5753,sheet,sheet->vesicle
5754,fiber,fiber-only
5755,fiber,fiber-only
5756,fiber,fiber-only
5757,fiber,fiber-only
5758,fiber,fiber-only
5759,fiber,fiber-only
5760,sheet,sheet->vesicle
5761,fiber,fiber-only
5762,sheet,sheet->vesicle
5763,fiber,fiber-only
5764,sheet,sheet->vesicle
5765,fiber,fiber-only
5766,fiber,fiber-only
5767,fiber,fiber-only
5768,fiber,fiber-only
5769,fiber,fiber-only
5770,fiber,fiber-only
5771,fiber,fiber-only
5772,fiber,fiber-only
5773,fiber,fiber-only
5774,fiber,fiber-only
5775,fiber,fiber-only
5776,fiber,fiber-only
5777,fiber,fiber-only
5778,fiber,fiber-only
5779,fiber,fiber-only
5780,fiber,fiber-only
5781,fiber,fiber-only
5782,fiber,fiber-only
5783,fiber,fiber-only
5784,fiber,fiber-only
5785,fiber,fiber-only
5786,fiber,fiber-only
5787,sheet,sheet->vesicle
5788,fiber,fiber-only
5789,sheet,sheet->vesicle
5790,sheet,sheet->vesicle
5791,sheet,sheet->vesicle
5792,fiber,fiber-only
5793,fiber,fiber-only
5794,sheet,sheet->vesicle
5795,fiber,fiber-only
5796,sheet,sheet->vesicle
5797,fiber,fiber-only
5798,sheet,sheet->vesicle
5799,fiber,fiber-only
5800,fiber,fiber-only
5801,sheet,sheet->vesicle
5802,fiber,fiber-only
5803,fiber,fiber-only
5804,fiber,fiber-only
5805,fiber,fiber-only
5806,fiber,fiber-only
5807,sheet,sheet->vesicle
5808,sheet,sheet->vesicle
5809,sheet,sheet->vesicle
5810,fiber,fiber-only
5811,fiber,fiber-only
5812,fiber,fiber-only
5813,fiber,fiber-only
5814,fiber,fiber-only
5815,fiber,fiber-only
5816,fiber,fiber-only
5817,fiber,fiber-only
5818,sheet,sheet->vesicle
5819,fiber,fiber-only
5820,fiber,fiber-only
5821,fiber,fiber-only
5822,fiber,fiber-only
5823,fiber,fiber-only
5824,fiber,fiber-only
5825,fiber,fiber-only
5826,sheet,sheet->vesicle
5827,fiber,fiber-only
5828,sheet,sheet->vesicle
5829,fiber,fiber-only
5830,sheet,sheet->vesicle
5831,sheet,sheet->vesicle
5832,fiber,fiber-only
5833,sheet,sheet->vesicle
5834,fiber,fiber-only
5835,fiber,fiber-only
5836,fiber,fiber-only
5837,fiber,fiber-only
5838,fiber,fiber-only
5839,fiber,fiber-only
5840,fiber,fiber-only
5841,fiber,fiber-only
5842,fiber,fiber-only
5843,fiber,fiber-only
5844,fiber,fiber-only
5845,fiber,fiber-only
5846,fiber,fiber-only
5847,fiber,fiber-only
5848,sheet,sheet->vesicle
5849,fiber,fiber-only
5850,fiber,fiber-only
5851,fiber,fiber-only
5852,sheet,sheet->vesicle
5853,fiber,fiber-only
5854,fiber,fiber-only
5855,fiber,fiber-only
5856,fiber,fiber-only
5857,fiber,fiber-only
5858,sheet,sheet->vesicle
5859,sheet,sheet->vesicle
5860,fiber,fiber-only
5861,fiber,fiber-only
5862,fiber,fiber-only
5863,fiber,fiber-only
5864,fiber,fiber-only
5865,fiber,fiber-only
5866,fiber,fiber-only
5867,fiber,fiber-only
5868,fiber,fiber-only
5869,fiber,fiber-only
5870,fiber,fiber-only
5871,fiber,fiber-only
5872,fiber,fiber-only
5873,fiber,fiber-only
5874,fiber,fiber-only
5875,fiber,fiber-only
5876,fiber,fiber-only
5877,fiber,fiber-only
5878,fiber,fiber-only
5879,fiber,fiber-only
5880,fiber,fiber-only
5881,fiber,fiber-only
5882,fiber,fiber-only
5883,fiber,fiber-only
5884,fiber,fiber-only
5885,fiber,fiber-only
5886,fiber,fiber-only
5887,fiber,fiber-only
5888,fiber,fiber-only
5889,fiber,fiber-only
5890,fiber,fiber-only
5891,fiber,fiber-only
5892,fiber,fiber-only
5893,fiber,fiber-only
5894,fiber,fiber-only
5895,fiber,fiber-only
5896,sheet,sheet->vesicle
5897,fiber,fiber-only
5898,fiber,fiber-only
5899,sheet,sheet->vesicle
5900,fiber,fiber-only
5901,sheet,sheet->vesicle
5902,sheet,sheet->vesicle
5903,sheet,sheet->vesicle
5904,fiber,fiber-only
5905,fiber,fiber-only
5906,fiber,fiber-only
5907,fiber,fiber-only
5908,fiber,fiber-only
5909,fiber,fiber-only
5910,fiber,fiber-only
5911,fiber,fiber-only
5912,fiber,fiber-only
5913,fiber,fiber-only
5914,fiber,fiber-only
5915,fiber,fiber-only
5916,fiber,fiber-only
5917,fiber,fiber-only
5918,fiber,fiber-only
5919,fiber,fiber-only
5920,sheet,sheet->vesicle
5921,fiber,fiber-only
5922,fiber,fiber-only
5923,fiber,fiber-only
5924,sheet,sheet->vesicle
5925,fiber,fiber-only
5926,fiber,fiber-only
5927,fiber,fiber-only
5928,fiber,fiber-only
5929,fiber,fiber-only
5930,fiber,fiber-only
5931,fiber,fiber-only
5932,fiber,fiber-only
5933,fiber,fiber-only
5934,fiber,fiber-only
5935,fiber,fiber-only
5936,sheet,sheet->vesicle
5937,sheet,sheet->vesicle
5938,fiber,fiber-only
5939,sheet,sheet->vesicle
5940,fiber,fiber-only
5941,fiber,fiber-only
5942,fiber,fiber-only
5943,fiber,fiber-only
5944,fiber,fiber-only
5945,fiber,fiber-only
5946,fiber,fiber-only
5947,fiber,fiber-only
5948,fiber,fiber-only
5949,fiber,fiber-only
5950,fiber,fiber-only
5951,fiber,fiber-only
5952,fiber,fiber-only
5953,fiber,fiber-only
5954,fiber,fiber-only
5955,fiber,fiber-only
5956,fiber,fiber-only
5957,fiber,fiber-only
5958,fiber,fiber-only
5959,fiber,fiber-only
5960,fiber,fiber-only
5961,fiber,fiber-only
5962,fiber,fiber-only
5963,fiber,fiber-only
5964,fiber,fiber-only
5965,fiber,fiber-only
5966,fiber,fiber-only
5967,fiber,fiber-only
5968,fiber,fiber-only
5969,fiber,fiber-only
5970,fiber,fiber-only
5971,fiber,fiber-only
5972,sheet,sheet->vesicle
5973,fiber,fiber-only
5974,fiber,fiber-only
5975,fiber,fiber-only
5976,sheet,sheet->vesicle
5977,sheet,sheet->vesicle
5978,fiber,fiber-only
5979,fiber,fiber-only
5980,fiber,fiber-only
5981,fiber,fiber-only
5982,sheet,sheet->vesicle
5983,sheet,sheet->vesicle
5984,sheet,sheet->vesicle
5985,fiber,fiber-only
5986,fiber,fiber-only
5987,fiber,fiber-only
5988,fiber,fiber-only
5989,sheet,sheet->vesicle
5990,fiber,fiber-only
5991,fiber,fiber-only
5992,fiber,fiber-only
5993,fiber,fiber-only
5994,fiber,fiber-only
5995,fiber,fiber-only
5996,fiber,fiber-only
5997,sheet,sheet->vesicle
5998,fiber,fiber-only
5999,fiber,fiber-only
6000,fiber,fiber-only
6001,fiber,fiber-only
6002,fiber,fiber-only
6003,fiber,fiber-only
6004,fiber,fiber-only
6005,fiber,fiber-only
6006,fiber,fiber-only
6007,sheet,sheet->vesicle
6008,sheet,sheet->vesicle
6009,sheet,sheet->vesicle
6010,sheet,sheet->vesicle
6011,fiber,fiber-only
6012,fiber,fiber-only
6013,fiber,fiber-only
6014,fiber,fiber-only
6015,fiber,fiber-only
6016,fiber,fiber-only
6017,sheet,sheet->vesicle
6018,fiber,fiber-only
6019,fiber,fiber-only
6020,fiber,fiber-only
6021,fiber,fiber-only
6022,fiber,fiber-only
6023,fiber,fiber-only
6024,fiber,fiber-only
6025,fiber,fiber-only
6026,fiber,fiber-only
6027,fiber,fiber-only
6028,fiber,fiber-only
6029,fiber,fiber-only
6030,fiber,fiber-only
6031,fiber,fiber-only
6032,sheet,sheet->vesicle
6033,sheet,sheet->vesicle
6034,sheet,sheet->vesicle
6035,sheet,sheet->vesicle
6036,fiber,fiber-only
6037,fiber,fiber-only
6038,fiber,fiber-only
6039,fiber,fiber-only
6040,fiber,fiber-only
6041,fiber,fiber-only
6042,sheet,sheet->vesicle
6043,fiber,fiber-only
6044,fiber,fiber-only
6045,fiber,fiber-only
6046,fiber,fiber-only
6047,fiber,fiber-only
6048,fiber,fiber-only
6049,sheet,sheet->vesicle
6050,sheet,sheet->vesicle
6051,fiber,fiber-only
6052,fiber,fiber-only
6053,sheet,sheet->vesicle
6054,fiber,fiber-only
6055,fiber,fiber-only
6056,fiber,fiber-only
6057,fiber,fiber-only
6058,sheet,sheet->vesicle
6059,fiber,fiber-only
6060,sheet,sheet->vesicle
6061,fiber,fiber-only
6062,fiber,fiber-only
6063,fiber,fiber-only
6064,fiber,fiber-only
6065,sheet,sheet->vesicle
6066,fiber,fiber-only
6067,fiber,fiber-only
6068,sheet,sheet->vesicle
6069,sheet,sheet->vesicle
6070,fiber,fiber-only
6071,fiber,fiber-only
6072,fiber,fiber-only
6073,fiber,fiber-only
6074,fiber,fiber-only
6075,fiber,fiber-only
6076,fiber,fiber-only
6077,fiber,fiber-only
6078,fiber,fiber-only
6079,fiber,fiber-only
6080,sheet,sheet->vesicle
6081,fiber,fiber-only
6082,fiber,fiber-only
6083,fiber,fiber-only
6084,fiber,fiber-only
6085,sheet,sheet->vesicle
6086,sheet,sheet->vesicle
6087,fiber,fiber-only
6088,fiber,fiber-only
6089,fiber,fiber-only
6090,fiber,fiber-only
6091,fiber,fiber-only
6092,sheet,sheet->vesicle
6093,fiber,fiber-only
6094,fiber,fiber-only
6095,fiber,fiber-only
6096,sheet,sheet->vesicle
6097,fiber,fiber-only
6098,fiber,fiber-only
6099,fiber,fiber-only
6100,fiber,fiber-only
6101,fiber,fiber-only
6102,fiber,fiber-only
6103,sheet,sheet->vesicle
6104,fiber,fiber-only
6105,sheet,sheet->vesicle
6106,fiber,fiber-only
6107,sheet,sheet->vesicle
6108,sheet,sheet->vesicle
6109,fiber,fiber-only
6110,fiber,fiber-only
6111,sheet,sheet->vesicle
6112,fiber,fiber-only
6113,sheet,sheet->vesicle
6114,sheet,sheet->vesicle
6115,fiber,fiber-only
6116,fiber,fiber-only
6117,fiber,fiber-only
6118,fiber,fiber-only
6119,fiber,fiber-only
6120,fiber,fiber-only
6121,fiber,fiber-only
6122,fiber,fiber-only
6123,fiber,fiber-only
6124,fiber,fiber-only
6125,fiber,fiber-only
6126,fiber,fiber-only
6127,fiber,fiber-only
6128,fiber,fiber-only
6129,sheet,sheet->vesicle
6130,fiber,fiber-only
6131,fiber,fiber-only
6132,fiber,fiber-only
6133,fiber,fiber-only
6134,sheet,sheet->vesicle
6135,fiber,fiber-only
6136,fiber,fiber-only
6137,fiber,fiber-only
6138,fiber,fiber-only
6139,sheet,sheet->vesicle
6140,fiber,fiber-only
6141,fiber,fiber-only
6142,sheet,sheet->vesicle
6143,fiber,fiber-only
6144,fiber,fiber-only
6145,fiber,fiber-only
6146,fiber,fiber-only
6147,fiber,fiber-only
6148,fiber,fiber-only
6149,fiber,fiber-only
6150,sheet,sheet->vesicle
6151,fiber,fiber-only
6152,fiber,fiber-only
6153,fiber,fiber-only
6154,fiber,fiber-only
6155,fiber,fiber-only
6156,fiber,fiber-only
6157,fiber,fiber-only
6158,fiber,fiber-only
6159,fiber,fiber-only
6160,fiber,fiber-only
6161,fiber,fiber-only
6162,fiber,fiber-only
6163,sheet,sheet->vesicle
6164,sheet,sheet->vesicle
6165,sheet,sheet->vesicle
6166,fiber,fiber-only
6167,fiber,fiber-only
6168,fiber,fiber-only
6169,sheet,sheet->vesicle
6170,fiber,fiber-only
6171,fiber,fiber-only
6172,fiber,fiber-only
6173,fiber,fiber-only
6174,fiber,fiber-only
6175,fiber,fiber-only
6176,fiber,fiber-only
6177,sheet,sheet->vesicle
6178,sheet,sheet->vesicle
6179,fiber,fiber-only
6180,sheet,sheet->vesicle
6181,sheet,sheet->vesicle
6182,sheet,sheet->vesicle
6183,sheet,sheet->vesicle
6184,sheet,sheet->vesicle
6185,sheet,sheet->vesicle
6186,sheet,sheet->vesicle
6187,sheet,sheet->vesicle
6188,sheet,sheet->vesicle
6189,sheet,sheet->vesicle
6190,sheet,sheet->vesicle
6191,sheet,sheet->vesicle
6192,sheet,sheet->vesicle
6193,sheet,sheet->vesicle
6194,sheet,sheet->vesicle
6195,sheet,sheet->vesicle
6196,sheet,sheet->vesicle
6197,sheet,sheet->vesicle
6198,sheet,sheet->vesicle
6199,sheet,sheet->vesicle
6200,sheet,sheet->vesicle
6201,sheet,sheet->vesicle
6202,sheet,sheet->vesicle
6203,sheet,sheet->vesicle
6204,sheet,sheet->vesicle
6205,sheet,sheet->vesicle
6206,sheet,sheet->vesicle
6207,sheet,sheet->vesicle
6208,sheet,sheet->vesicle
6209,sheet,sheet->vesicle
6210,sheet,sheet->vesicle
6211,sheet,sheet->vesicle
6212,sheet,sheet->vesicle
6213,sheet,sheet->vesicle
6214,fiber,fiber-only
6215,sheet,sheet->vesicle
6216,sheet,sheet->vesicle
6217,sheet,sheet->vesicle
6218,sheet,sheet->vesicle
6219,sheet,sheet->vesicle
6220,sheet,sheet->vesicle
6221,sheet,sheet->vesicle
6222,sheet,sheet->vesicle
6223,sheet,sheet->vesicle
6224,fiber,fiber-only
6225,fiber,fiber-only
6226,sheet,sheet->vesicle
6227,sheet,sheet->vesicle
6228,fiber,fiber-only
6229,sheet,sheet->vesicle
6230,sheet,sheet->vesicle
6231,sheet,sheet->vesicle
6232,sheet,sheet->vesicle
6233,sheet,sheet->vesicle
6234,sheet,sheet->vesicle
6235,sheet,sheet->vesicle
6236,sheet,sheet->vesicle
6237,sheet,sheet->vesicle
6238,sheet,sheet->vesicle
6239,sheet,sheet->vesicle
6240,sheet,sheet->vesicle
6241,sheet,sheet->vesicle
6242,sheet,sheet->vesicle
6243,sheet,sheet->vesicle
6244,sheet,sheet->vesicle
6245,sheet,sheet->vesicle
6246,sheet,sheet->vesicle
6247,sheet,sheet->vesicle
6248,sheet,sheet->vesicle
6249,sheet,sheet->vesicle
6250,sheet,sheet->vesicle
6251,sheet,sheet->vesicle
6252,sheet,sheet->vesicle
6253,sheet,sheet->vesicle
6254,sheet,sheet->vesicle
6255,sheet,sheet->vesicle
6256,sheet,sheet->vesicle
6257,sheet,sheet->vesicle
6258,sheet,sheet->vesicle
6259,sheet,sheet->vesicle
6260,fiber,fiber-only
6261,sheet,sheet->vesicle
6262,sheet,sheet->vesicle
6263,fiber,fiber-only
6264,fiber,fiber-only
6265,sheet,sheet->vesicle
6266,sheet,sheet->vesicle
6267,sheet,sheet->vesicle
6268,sheet,sheet->vesicle
6269,sheet,sheet->vesicle
6270,fiber,fiber-only
6271,sheet,sheet->vesicle
6272,sheet,sheet->vesicle
6273,fiber,fiber-only
6274,sheet,sheet->vesicle
6275,sheet,sheet->vesicle
6276,sheet,sheet->vesicle
6277,sheet,sheet->vesicle
6278,sheet,sheet->vesicle
6279,sheet,sheet->vesicle
6280,sheet,sheet->vesicle
6281,sheet,sheet->vesicle
6282,sheet,sheet->vesicle
6283,sheet,sheet->vesicle
6284,sheet,sheet->vesicle
6285,fiber,fiber-only
6286,sheet,sheet->vesicle
6287,sheet,sheet->vesicle
6288,sheet,sheet->vesicle
6289,fiber,fiber-only
6290,sheet,sheet->vesicle
6291,sheet,sheet->vesicle
6292,sheet,sheet->vesicle
6293,sheet,sheet->vesicle
6294,sheet,sheet->vesicle
6295,sheet,sheet->vesicle
6296,sheet,sheet->vesicle
6297,fiber,fiber-only
6298,sheet,sheet->vesicle
6299,sheet,sheet->vesicle
6300,sheet,sheet->vesicle
6301,sheet,sheet->vesicle
6302,sheet,sheet->vesicle
6303,fiber,fiber-only
6304,sheet,sheet->vesicle
6305,fiber,fiber-only
6306,sheet,sheet->vesicle
6307,sheet,sheet->vesicle
6308,fiber,fiber-only
6309,fiber,fiber-only
6310,sheet,sheet->vesicle
6311,sheet,sheet->vesicle
6312,sheet,sheet->vesicle
6313,fiber,fiber-only
6314,fiber,fiber-only
6315,fiber,fiber-only
6316,fiber,fiber-only
6317,fiber,fiber-only
6318,fiber,fiber-only
6319,fiber,fiber-only
6320,fiber,fiber-only
6321,fiber,fiber-only
6322,fiber,fiber-only
6323,fiber,fiber-only
6324,fiber,fiber-only
6325,fiber,fiber-only
6326,fiber,fiber-only
6327,fiber,fiber-only
6328,fiber,fiber-only
6329,fiber,fiber-only
6330,fiber,fiber-only
6331,fiber,fiber-only
6332,fiber,fiber-only
6333,sheet,sheet->vesicle
6334,sheet,sheet->vesicle
6335,fiber,fiber-only
6336,fiber,fiber-only
6337,fiber,fiber-only
6338,fiber,fiber-only
6339,fiber,fiber-only
6340,fiber,fiber-only
6341,fiber,fiber-only
6342,sheet,sheet->vesicle
6343,fiber,fiber-only
6344,fiber,fiber-only
6345,fiber,fiber-only
6346,fiber,fiber-only
6347,fiber,fiber-only
6348,fiber,fiber-only
6349,fiber,fiber-only
6350,fiber,fiber-only
6351,sheet,sheet->vesicle
6352,sheet,sheet->vesicle
6353,fiber,fiber-only
6354,fiber,fiber-only
6355,sheet,sheet->vesicle
6356,sheet,sheet->vesicle
6357,sheet,sheet->vesicle
6358,fiber,fiber-only
6359,fiber,fiber-only
6360,sheet,sheet->vesicle
6361,sheet,sheet->vesicle
6362,sheet,sheet->vesicle
6363,sheet,sheet->vesicle
6364,sheet,sheet->vesicle
6365,sheet,sheet->vesicle
6366,sheet,sheet->vesicle
6367,sheet,sheet->vesicle
6368,sheet,sheet->vesicle
6369,sheet,sheet->vesicle
6370,sheet,sheet->vesicle
6371,fiber,fiber-only
6372,fiber,fiber-only
6373,fiber,fiber-only
6374,sheet,sheet->vesicle
6375,fiber,fiber-only
6376,sheet,sheet->vesicle
6377,fiber,fiber-only
6378,fiber,fiber-only
6379,fiber,fiber-only
6380,fiber,fiber-only
6381,fiber,fiber-only
6382,fiber,fiber-only
6383,fiber,fiber-only
6384,sheet,sheet->vesicle
6385,sheet,sheet->vesicle
6386,sheet,sheet->vesicle
6387,sheet,sheet->vesicle
6388,sheet,sheet->vesicle
6389,sheet,sheet->vesicle
6390,sheet,sheet->vesicle
6391,sheet,sheet->vesicle
6392,sheet,sheet->vesicle
6393,fiber,fiber-only
6394,sheet,sheet->vesicle
6395,fiber,fiber-only
6396,fiber,fiber-only
6397,fiber,fiber-only
6398,fiber,fiber-only
6399,fiber,fiber-only
6400,fiber,fiber-only
6401,fiber,fiber-only
6402,fiber,fiber-only
6403,fiber,fiber-only
6404,fiber,fiber-only
6405,fiber,fiber-only
6406,fiber,fiber-only
6407,fiber,fiber-only
6408,fiber,fiber-only
6409,sheet,sheet->vesicle
6410,sheet,sheet->vesicle
6411,fiber,fiber-only
6412,fiber,fiber-only
6413,fiber,fiber-only
6414,fiber,fiber-only
6415,fiber,fiber-only
6416,fiber,fiber-only
6417,fiber,fiber-only
6418,fiber,fiber-only
6419,fiber,fiber-only
6420,fiber,fiber-only
6421,fiber,fiber-only
6422,fiber,fiber-only
6423,sheet,sheet->vesicle
6424,fiber,fiber-only
6425,sheet,sheet->vesicle
6426,fiber,fiber-only
6427,fiber,fiber-only
6428,fiber,fiber-only
6429,fiber,fiber-only
6430,sheet,sheet->vesicle
6431,sheet,sheet->vesicle
6432,fiber,fiber-only
6433,sheet,sheet->vesicle
6434,fiber,fiber-only
6435,sheet,sheet->vesicle
6436,fiber,fiber-only
6437,fiber,fiber-only
6438,fiber,fiber-only
6439,fiber,fiber-only
6440,fiber,fiber-only
6441,sheet,sheet->vesicle
6442,sheet,sheet->vesicle
6443,fiber,fiber-only
6444,fiber,fiber-only
6445,fiber,fiber-only
6446,sheet,sheet->vesicle
6447,fiber,fiber-only
6448,sheet,sheet->vesicle
6449,fiber,fiber-only
6450,fiber,fiber-only
6451,fiber,fiber-only
6452,fiber,fiber-only
6453,fiber,fiber-only
6454,fiber,fiber-only
6455,fiber,fiber-only
6456,fiber,fiber-only
6457,fiber,fiber-only
6458,fiber,fiber-only
6459,fiber,fiber-only
6460,fiber,fiber-only
6461,fiber,fiber-only
6462,fiber,fiber-only
6463,fiber,fiber-only
6464,fiber,fiber-only
6465,fiber,fiber-only
6466,fiber,fiber-only
6467,fiber,fiber-only
6468,fiber,fiber-only
6469,fiber,fiber-only
6470,sheet,sheet->vesicle
6471,fiber,fiber-only
6472,fiber,fiber-only
6473,fiber,fiber-only
6474,fiber,fiber-only
6475,fiber,fiber-only
6476,fiber,fiber-only
6477,fiber,fiber-only
6478,fiber,fiber-only
6479,fiber,fiber-only
6480,fiber,fiber-only
6481,fiber,fiber-only
6482,fiber,fiber-only
6483,fiber,fiber-only
6484,sheet,sheet->vesicle
6485,fiber,fiber-only
6486,sheet,sheet->vesicle
6487,fiber,fiber-only
6488,fiber,fiber-only
6489,fiber,fiber-only
6490,fiber,fiber-only
6491,fiber,fiber-only
6492,fiber,fiber-only
6493,fiber,fiber-only
6494,fiber,fiber-only
6495,fiber,fiber-only
6496,fiber,fiber-only
6497,fiber,fiber-only
6498,fiber,fiber-only
6499,fiber,fiber-only
6500,fiber,fiber-only
6501,fiber,fiber-only
6502,fiber,fiber-only
6503,fiber,fiber-only
6504,sheet,sheet->vesicle
6505,fiber,fiber-only
6506,fiber,fiber-only
6507,fiber,fiber-only
6508,fiber,fiber-only
6509,fiber,fiber-only
6510,fiber,fiber-only
6511,fiber,fiber-only
6512,fiber,fiber-only
6513,fiber,fiber-only
6514,fiber,fiber-only
6515,fiber,fiber-only
6516,fiber,fiber-only
6517,fiber,fiber-only
6518,fiber,fiber-only
6519,fiber,fiber-only
6520,fiber,fiber-only
6521,fiber,fiber-only
6522,fiber,fiber-only
6523,fiber,fiber-only
6524,fiber,fiber-only
6525,fiber,fiber-only
6526,fiber,fiber-only
6527,fiber,fiber-only
6528,fiber,fiber-only
6529,fiber,fiber-only
6530,fiber,fiber-only
6531,fiber,fiber-only
6532,fiber,fiber-only
6533,fiber,fiber-only
6534,fiber,fiber-only
6535,fiber,fiber-only
6536,fiber,fiber-only
6537,fiber,fiber-only
6538,fiber,fiber-only
6539,fiber,fiber-only
6540,fiber,fiber-only
6541,fiber,fiber-only
6542,fiber,fiber-only
6543,fiber,fiber-only
6544,fiber,fiber-only
6545,fiber,fiber-only
6546,fiber,fiber-only
6547,fiber,fiber-only
6548,fiber,fiber-only
6549,fiber,fiber-only
6550,fiber,fiber-only
6551,fiber,fiber-only
6552,fiber,fiber-only
6553,fiber,fiber-only
6554,fiber,fiber-only
6555,fiber,fiber-only
6556,fiber,fiber-only
6557,fiber,fiber-only
6558,fiber,fiber-only
6559,fiber,fiber-only
6560,fiber,fiber-only
6561,fiber,fiber-only
6562,fiber,fiber-only
6563,fiber,fiber-only
6564,fiber,fiber-only
6565,fiber,fiber-only
6566,fiber,fiber-only
6567,fiber,fiber-only
6568,fiber,fiber-only
6569,fiber,fiber-only
6570,fiber,fiber-only
6571,fiber,fiber-only
6572,fiber,fiber-only
6573,fiber,fiber-only
6574,fiber,fiber-only
6575,fiber,fiber-only
6576,fiber,fiber-only
6577,fiber,fiber-only
6578,fiber,fiber-only
6579,fiber,fiber-only
6580,fiber,fiber-only
6581,fiber,fiber-only
6582,fiber,fiber-only
6583,fiber,fiber-only
6584,fiber,fiber-only
6585,fiber,fiber-only
6586,fiber,fiber-only
6587,fiber,fiber-only
6588,fiber,fiber-only
6589,fiber,fiber-only
6590,fiber,fiber-only
6591,fiber,fiber-only
6592,fiber,fiber-only
6593,fiber,fiber-only
6594,fiber,fiber-only
6595,fiber,fiber-only
6596,fiber,fiber-only
6597,fiber,fiber-only
6598,fiber,fiber-only
6599,fiber,fiber-only
6600,fiber,fiber-only
6601,fiber,fiber-only
6602,fiber,fiber-only
6603,fiber,fiber-only
6604,fiber,fiber-only
6605,fiber,fiber-only
6606,sheet,sheet->vesicle
6607,fiber,fiber-only
6608,fiber,fiber-only
6609,fiber,fiber-only
6610,fiber,fiber-only
6611,fiber,fiber-only
6612,fiber,fiber-only
6613,fiber,fiber-only
6614,fiber,fiber-only
6615,fiber,fiber-only
6616,fiber,fiber-only
6617,fiber,fiber-only
6618,fiber,fiber-only
6619,fiber,fiber-only
6620,fiber,fiber-only
6621,fiber,fiber-only
6622,fiber,fiber-only
6623,fiber,fiber-only
6624,fiber,fiber-only
6625,fiber,fiber-only
6626,fiber,fiber-only
6627,fiber,fiber-only
6628,fiber,fiber-only
6629,fiber,fiber-only
6630,fiber,fiber-only
6631,fiber,fiber-only
6632,fiber,fiber-only
6633,fiber,fiber-only
6634,fiber,fiber-only
6635,fiber,fiber-only
6636,fiber,fiber-only
6637,fiber,fiber-only
6638,fiber,fiber-only
6639,fiber,fiber-only
6640,fiber,fiber-only
6641,fiber,fiber-only
6642,fiber,fiber-only
6643,fiber,fiber-only
6644,fiber,fiber-only
6645,fiber,fiber-only
6646,fiber,fiber-only
6647,fiber,fiber-only
6648,fiber,fiber-only
6649,fiber,fiber-only
6650,fiber,fiber-only
6651,fiber,fiber-only
6652,sheet,sheet->vesicle
6653,fiber,fiber-only
6654,fiber,fiber-only
6655,fiber,fiber-only
6656,fiber,fiber-only
6657,fiber,fiber-only
6658,fiber,fiber-only
6659,fiber,fiber-only
6660,sheet,sheet->vesicle
6661,fiber,fiber-only
6662,fiber,fiber-only
6663,fiber,fiber-only
6664,fiber,fiber-only
6665,fiber,fiber-only
6666,fiber,fiber-only
6667,fiber,fiber-only
6668,fiber,fiber-only
6669,fiber,fiber-only
6670,fiber,fiber-only
6671,fiber,fiber-only
6672,fiber,fiber-only
6673,fiber,fiber-only
6674,fiber,fiber-only
6675,fiber,fiber-only
6676,fiber,fiber-only
6677,fiber,fiber-only
6678,fiber,fiber-only
6679,fiber,fiber-only
6680,fiber,fiber-only
6681,fiber,fiber-only
6682,fiber,fiber-only
6683,fiber,fiber-only
6684,fiber,fiber-only
6685,fiber,fiber-only
6686,fiber,fiber-only
6687,fiber,fiber-only
6688,fiber,fiber-only
6689,sheet,sheet->vesicle
6690,fiber,fiber-only
6691,fiber,fiber-only
6692,fiber,fiber-only
6693,fiber,fiber-only
6694,fiber,fiber-only
6695,fiber,fiber-only
6696,fiber,fiber-only
6697,fiber,fiber-only
6698,fiber,fiber-only
6699,fiber,fiber-only
6700,fiber,fiber-only
6701,fiber,fiber-only
6702,fiber,fiber-only
6703,fiber,fiber-only
6704,fiber,fiber-only
6705,fiber,fiber-only
6706,fiber,fiber-only
6707,fiber,fiber-only
6708,fiber,fiber-only
6709,fiber,fiber-only
6710,fiber,fiber-only
6711,fiber,fiber-only
6712,fiber,fiber-only
6713,fiber,fiber-only
6714,fiber,fiber-only
6715,fiber,fiber-only
6716,fiber,fiber-only
6717,fiber,fiber-only
6718,fiber,fiber-only
6719,fiber,fiber-only
6720,fiber,fiber-only
6721,fiber,fiber-only
6722,fiber,fiber-only
6723,fiber,fiber-only
6724,fiber,fiber-only
6725,fiber,fiber-only
6726,fiber,fiber-only
6727,fiber,fiber-only
6728,fiber,fiber-only
6729,fiber,fiber-only
6730,fiber,fiber-only
6731,fiber,fiber-only
6732,fiber,fiber-only
6733,fiber,fiber-only
6734,fiber,fiber-only
6735,fiber,fiber-only
6736,sheet,sheet->vesicle
6737,fiber,fiber-only
6738,fiber,fiber-only
6739,sheet,sheet->vesicle
6740,fiber,fiber-only
6741,fiber,fiber-only
6742,fiber,fiber-only
6743,fiber,fiber-only
6744,fiber,fiber-only
6745,fiber,fiber-only
6746,fiber,fiber-only
6747,fiber,fiber-only
6748,fiber,fiber-only
6749,fiber,fiber-only
6750,fiber,fiber-only
6751,fiber,fiber-only
6752,fiber,fiber-only
6753,fiber,fiber-only
6754,fiber,fiber-only
6755,fiber,fiber-only
6756,fiber,fiber-only
6757,fiber,fiber-only
6758,fiber,fiber-only
6759,fiber,fiber-only
6760,fiber,fiber-only
6761,fiber,fiber-only
6762,fiber,fiber-only
6763,fiber,fiber-only
6764,fiber,fiber-only
6765,fiber,fiber-only
6766,fiber,fiber-only
6767,fiber,fiber-only
6768,fiber,fiber-only
6769,fiber,fiber-only
6770,fiber,fiber-only
6771,fiber,fiber-only
6772,fiber,fiber-only
6773,fiber,fiber-only
6774,fiber,fiber-only
6775,fiber,fiber-only
6776,fiber,fiber-only
6777,fiber,fiber-only
6778,fiber,fiber-only
6779,fiber,fiber-only
6780,fiber,fiber-only
6781,fiber,fiber-only
6782,fiber,fiber-only
6783,fiber,fiber-only
6784,fiber,fiber-only
6785,fiber,fiber-only
6786,fiber,fiber-only
6787,fiber,fiber-only
6788,fiber,fiber-only
6789,fiber,fiber-only
6790,fiber,fiber-only
6791,fiber,fiber-only
6792,sheet,sheet->vesicle
6793,fiber,fiber-only
6794,fiber,fiber-only
6795,sheet,sheet->vesicle
6796,fiber,fiber-only
6797,fiber,fiber-only
6798,fiber,fiber-only
6799,fiber,fiber-only
6800,fiber,fiber-only
6801,fiber,fiber-only
6802,fiber,fiber-only
6803,fiber,fiber-only
6804,fiber,fiber-only
6805,fiber,fiber-only
6806,fiber,fiber-only
6807,fiber,fiber-only
6808,fiber,fiber-only
6809,fiber,fiber-only
6810,sheet,sheet->vesicle
6811,fiber,fiber-only
6812,sheet,sheet->vesicle
6813,fiber,fiber-only
6814,fiber,fiber-only
6815,fiber,fiber-only
6816,fiber,fiber-only
6817,fiber,fiber-only
6818,fiber,fiber-only
6819,fiber,fiber-only
6820,sheet,sheet->vesicle
6821,fiber,fiber-only
6822,sheet,sheet->vesicle
6823,sheet,sheet->vesicle
6824,sheet,sheet->vesicle
6825,sheet,sheet->vesicle
6826,sheet,sheet->vesicle
6827,sheet,sheet->vesicle
6828,fiber,fiber-only
6829,fiber,fiber-only
6830,sheet,sheet->vesicle
6831,fiber,fiber-only
6832,fiber,fiber-only
6833,fiber,fiber-only
6834,fiber,fiber-only
6835,fiber,fiber-only
6836,fiber,fiber-only
6837,fiber,fiber-only
6838,fiber,fiber-only
6839,fiber,fiber-only
6840,sheet,sheet->vesicle
6841,fiber,fiber-only
6842,fiber,fiber-only
6843,fiber,fiber-only
6844,fiber,fiber-only
6845,fiber,fiber-only
6846,fiber,fiber-only
6847,fiber,fiber-only
6848,fiber,fiber-only
6849,sheet,sheet->vesicle
6850,fiber,fiber-only
6851,fiber,fiber-only
6852,fiber,fiber-only
6853,sheet,sheet->vesicle
6854,sheet,sheet->vesicle
6855,fiber,fiber-only
6856,fiber,fiber-only
6857,sheet,sheet->vesicle
6858,fiber,fiber-only
6859,fiber,fiber-only
6860,fiber,fiber-only
6861,fiber,fiber-only
6862,fiber,fiber-only
6863,fiber,fiber-only
6864,fiber,fiber-only
6865,fiber,fiber-only
6866,fiber,fiber-only
6867,fiber,fiber-only
6868,fiber,fiber-only
6869,fiber,fiber-only
6870,fiber,fiber-only
6871,sheet,sheet->vesicle
6872,fiber,fiber-only
6873,fiber,fiber-only
6874,fiber,fiber->tube
6875,fiber,fiber-only
6876,fiber,fiber-only
6877,fiber,fiber-only
6878,sheet,sheet->vesicle
6879,fiber,fiber-only
6880,sheet,sheet->vesicle
6881,fiber,fiber-only
6882,fiber,fiber-only
6883,fiber,fiber-only
6884,sheet,sheet->vesicle
6885,sheet,sheet->vesicle
6886,fiber,fiber-only
6887,sheet,sheet->vesicle
6888,sheet,sheet->vesicle
6889,fiber,fiber-only
6890,sheet,sheet->vesicle
6891,fiber,fiber-only
6892,fiber,fiber-only
6893,fiber,fiber-only
6894,fiber,fiber-only
6895,sheet,sheet->vesicle
6896,fiber,fiber-only
6897,fiber,fiber-only
6898,fiber,fiber-only
6899,fiber,fiber->tube
6900,fiber,fiber-only
6901,fiber,fiber-only
6902,fiber,fiber-only
6903,sheet,sheet->vesicle->tube
6904,sheet,sheet->vesicle
6905,fiber,fiber-only
6906,fiber,fiber-only
6907,fiber,fiber-only
6908,fiber,fiber-only
6909,fiber,fiber-only
6910,fiber,fiber-only
6911,sheet,sheet->vesicle
6912,sheet,sheet->vesicle
6913,sheet,sheet->vesicle
6914,sheet,sheet->vesicle
6915,sheet,sheet->vesicle
6916,sheet,sheet->vesicle
6917,sheet,sheet->vesicle
6918,fiber,fiber-only
6919,fiber,fiber-only
6920,fiber,fiber-only
6921,fiber,fiber-only
6922,fiber,fiber-only
6923,fiber,fiber-only
6924,fiber,fiber-only
6925,fiber,fiber-only
6926,fiber,fiber-only
6927,fiber,fiber-only
6928,fiber,fiber-only
6929,fiber,fiber-only
6930,fiber,fiber-only
6931,fiber,fiber-only
6932,fiber,fiber-only
6933,fiber,fiber-only
6934,fiber,fiber-only
6935,fiber,fiber-only
6936,fiber,fiber-only
6937,fiber,fiber-only
6938,fiber,fiber-only
6939,fiber,fiber-only
6940,fiber,fiber-only
6941,fiber,fiber-only
6942,fiber,fiber-only
6943,fiber,fiber-only
6944,fiber,fiber-only
6945,sheet,sheet->vesicle
6946,sheet,sheet->vesicle
6947,sheet,sheet->vesicle
6948,sheet,sheet->vesicle
6949,sheet,sheet->vesicle
6950,fiber,fiber-only
6951,fiber,fiber-only
6952,fiber,fiber-only
6953,fiber,fiber-only
6954,sheet,sheet->vesicle
6955,fiber,fiber-only
6956,fiber,fiber-only
6957,fiber,fiber-only
6958,fiber,fiber-only
6959,fiber,fiber-only
6960,fiber,fiber-only
6961,fiber,fiber-only
6962,fiber,fiber-only
6963,sheet,sheet->vesicle
6964,fiber,fiber-only
6965,fiber,fiber-only
6966,fiber,fiber-only
6967,fiber,fiber-only
6968,fiber,fiber-only
6969,fiber,fiber-only
6970,fiber,fiber-only
6971,fiber,fiber-only
6972,sheet,sheet->vesicle
6973,fiber,fiber-only
6974,fiber,fiber-only
6975,sheet,sheet->vesicle
6976,fiber,fiber-only
6977,fiber,fiber-only
6978,sheet,sheet->vesicle
6979,fiber,fiber-only
6980,sheet,sheet->vesicle
6981,sheet,sheet->vesicle
6982,sheet,sheet->vesicle
6983,sheet,sheet->vesicle
6984,sheet,sheet->vesicle
6985,sheet,sheet->vesicle
6986,sheet,sheet->vesicle
6987,sheet,sheet->vesicle
6988,sheet,sheet->vesicle
6989,sheet,sheet->vesicle
6990,sheet,sheet->vesicle
6991,sheet,sheet->vesicle
6992,sheet,sheet->vesicle
6993,sheet,sheet->vesicle->tube
6994,sheet,sheet->vesicle
6995,sheet,sheet->vesicle
6996,sheet,sheet->vesicle
6997,sheet,sheet->vesicle
6998,fiber,fiber-only
6999,sheet,sheet->vesicle
7000,sheet,sheet->vesicle
7001,fiber,fiber-only
7002,fiber,fiber-only
7003,fiber,fiber-only
7004,sheet,sheet->vesicle
7005,sheet,sheet->vesicle
7006,sheet,sheet->vesicle
7007,fiber,fiber-only
7008,fiber,fiber-only
7009,fiber,fiber-only
7010,fiber,fiber-only
7011,sheet,sheet->vesicle
7012,sheet,sheet->vesicle
7013,sheet,sheet->vesicle
7014,sheet,sheet->vesicle
7015,sheet,sheet->vesicle
7016,sheet,sheet->vesicle
7017,sheet,sheet->vesicle
7018,sheet,sheet->vesicle
7019,fiber,fiber-only
7020,fiber,fiber-only
7021,fiber,fiber-only
7022,sheet,sheet->vesicle
7023,fiber,fiber-only
7024,fiber,fiber-only
7025,fiber,fiber-only
7026,fiber,fiber-only
7027,fiber,fiber-only
7028,fiber,fiber-only
7029,fiber,fiber-only
7030,fiber,fiber-only
7031,fiber,fiber-only
7032,fiber,fiber-only
7033,fiber,fiber-only
7034,fiber,fiber-only
7035,fiber,fiber-only
7036,sheet,sheet->vesicle
7037,fiber,fiber-only
7038,fiber,fiber-only
7039,sheet,sheet->vesicle
7040,fiber,fiber-only
7041,fiber,fiber-only
7042,fiber,fiber-only
7043,fiber,fiber-only
7044,fiber,fiber-only
7045,fiber,fiber-only
7046,fiber,fiber-only
7047,fiber,fiber-only
7048,sheet,sheet->vesicle
7049,fiber,fiber-only
7050,fiber,fiber-only
7051,fiber,fiber-only
7052,fiber,fiber-only
7053,fiber,fiber-only
7054,fiber,fiber-only
7055,fiber,fiber-only
7056,fiber,fiber-only
7057,sheet,sheet->vesicle
7058,sheet,sheet->vesicle
7059,fiber,fiber-only
7060,fiber,fiber-only
7061,fiber,fiber-only
7062,fiber,fiber-only
7063,fiber,fiber-only
7064,fiber,fiber-only
7065,fiber,fiber-only
7066,fiber,fiber-only
7067,fiber,fiber-only
7068,fiber,fiber-only
7069,fiber,fiber-only
7070,fiber,fiber-only
7071,fiber,fiber-only
7072,fiber,fiber-only
7073,fiber,fiber-only
7074,fiber,fiber-only
7075,fiber,fiber-only
7076,fiber,fiber-only
7077,fiber,fiber-only
7078,fiber,fiber-only
7079,fiber,fiber-only
7080,fiber,fiber-only
7081,fiber,fiber-only
7082,fiber,fiber-only
7083,fiber,fiber-only
7084,fiber,fiber-only
7085,fiber,fiber-only
7086,fiber,fiber-only
7087,fiber,fiber-only
7088,fiber,fiber-only
7089,fiber,fiber-only
7090,fiber,fiber-only
7091,fiber,fiber-only
7092,fiber,fiber-only
7093,fiber,fiber-only
7094,fiber,fiber-only
7095,fiber,fiber-only
7096,fiber,fiber-only
7097,fiber,fiber-only
7098,fiber,fiber-only
7099,fiber,fiber-only
7100,fiber,fiber-only
7101,fiber,fiber-only
7102,fiber,fiber-only
7103,fiber,fiber-only
7104,fiber,fiber-only
7105,fiber,fiber-only
7106,fiber,fiber-only
7107,fiber,fiber-only
7108,fiber,fiber-only
7109,fiber,fiber-only
7110,fiber,fiber-only
7111,fiber,fiber-only
7112,fiber,fiber-only
7113,fiber,fiber-only
7114,fiber,fiber-only
7115,fiber,fiber-only
7116,fiber,fiber-only
7117,fiber,fiber-only
7118,fiber,fiber-only
7119,fiber,fiber-only
7120,fiber,fiber-only
7121,fiber,fiber-only
7122,fiber,fiber-only
7123,fiber,fiber-only
7124,fiber,fiber-only
7125,fiber,fiber-only
7126,sheet,sheet->vesicle
7127,fiber,fiber-only
7128,fiber,fiber-only
7129,fiber,fiber-only
7130,fiber,fiber-only
7131,fiber,fiber-only
7132,sheet,sheet->vesicle
7133,fiber,fiber-only
7134,fiber,fiber-only
7135,fiber,fiber-only
7136,fiber,fiber-only
7137,fiber,fiber-only
7138,fiber,fiber-only
7139,fiber,fiber-only
7140,fiber,fiber-only
7141,fiber,fiber-only
7142,fiber,fiber-only
7143,fiber,fiber-only
7144,fiber,fiber-only
7145,fiber,fiber-only
7146,fiber,fiber-only
7147,fiber,fiber-only
7148,sheet,sheet->vesicle
7149,fiber,fiber-only
7150,fiber,fiber-only
7151,fiber,fiber-only
7152,fiber,fiber-only
7153,fiber,fiber-only
7154,fiber,fiber-only
7155,fiber,fiber-only
7156,fiber,fiber-only
7157,fiber,fiber-only
7158,fiber,fiber-only
7159,fiber,fiber-only
7160,fiber,fiber-only
7161,fiber,fiber-only
7162,fiber,fiber-only
7163,fiber,fiber-only
7164,fiber,fiber-only
7165,fiber,fiber-only
7166,fiber,fiber-only
7167,fiber,fiber-only
7168,sheet,sheet->vesicle
7169,fiber,fiber-only
7170,fiber,fiber-only
7171,fiber,fiber-only
7172,fiber,fiber-only
7173,fiber,fiber-only
7174,fiber,fiber-only
7175,fiber,fiber-only
7176,fiber,fiber-only
7177,fiber,fiber-only
7178,fiber,fiber-only
7179,fiber,fiber-only
7180,fiber,fiber-only
7181,fiber,fiber-only
7182,fiber,fiber-only
7183,fiber,fiber-only
7184,fiber,fiber-only
7185,fiber,fiber-only
7186,fiber,fiber-only
7187,fiber,fiber-only
7188,fiber,fiber-only
7189,fiber,fiber-only
7190,fiber,fiber-only
7191,fiber,fiber-only
7192,fiber,fiber-only
7193,fiber,fiber-only
7194,fiber,fiber-only
7195,fiber,fiber-only
7196,fiber,fiber-only
7197,fiber,fiber-only
7198,fiber,fiber-only
7199,fiber,fiber-only
7200,fiber,fiber-only
7201,fiber,fiber-only
7202,fiber,fiber-only
7203,fiber,fiber-only
7204,fiber,fiber-only
7205,fiber,fiber-only
7206,fiber,fiber-only
7207,fiber,fiber-only
7208,sheet,sheet->vesicle
7209,fiber,fiber-only
7210,sheet,sheet->vesicle
7211,fiber,fiber-only
7212,fiber,fiber-only
7213,fiber,fiber-only
7214,fiber,fiber-only
7215,fiber,fiber-only
7216,fiber,fiber-only
7217,fiber,fiber-only
7218,sheet,sheet->vesicle
7219,sheet,sheet->vesicle
7220,fiber,fiber-only
7221,sheet,sheet->vesicle
7222,fiber,fiber-only
7223,fiber,fiber-only
7224,sheet,sheet->vesicle
7225,fiber,fiber-only
7226,fiber,fiber-only
7227,fiber,fiber-only
7228,sheet,sheet->vesicle
7229,sheet,sheet->vesicle
7230,sheet,sheet->vesicle
7231,sheet,sheet->vesicle
7232,sheet,sheet->vesicle
7233,sheet,sheet->vesicle
7234,sheet,sheet->vesicle
7235,fiber,fiber-only
7236,fiber,fiber-only
7237,fiber,fiber-only
7238,fiber,fiber-only
7239,fiber,fiber-only
7240,fiber,fiber-only
7241,fiber,fiber-only
7242,fiber,fiber-only
7243,fiber,fiber-only
7244,fiber,fiber-only
7245,fiber,fiber-only
7246,fiber,fiber-only
7247,fiber,fiber-only
7248,fiber,fiber-only
7249,fiber,fiber-only
7250,sheet,sheet->vesicle
7251,fiber,fiber-only
7252,fiber,fiber-only
7253,fiber,fiber-only
7254,fiber,fiber-only
7255,sheet,sheet->vesicle
7256,fiber,fiber-only
7257,sheet,sheet->vesicle
7258,fiber,fiber-only
7259,sheet,sheet->vesicle
7260,fiber,fiber-only
7261,sheet,sheet->vesicle
7262,fiber,fiber-only
7263,fiber,fiber-only
7264,fiber,fiber-only
7265,fiber,fiber-only
7266,fiber,fiber-only
7267,fiber,fiber-only
7268,fiber,fiber-only
7269,fiber,fiber-only
7270,fiber,fiber-only
7271,fiber,fiber-only
7272,fiber,fiber-only
7273,fiber,fiber-only
7274,fiber,fiber-only
7275,fiber,fiber-only
7276,fiber,fiber-only
7277,fiber,fiber-only
7278,fiber,fiber-only
7279,sheet,sheet->vesicle
7280,fiber,fiber-only
7281,fiber,fiber-only
7282,fiber,fiber-only
7283,fiber,fiber-only
7284,fiber,fiber-only
7285,fiber,fiber-only
7286,fiber,fiber-only
7287,fiber,fiber-only
7288,fiber,fiber-only
7289,fiber,fiber-only
7290,fiber,fiber-only
7291,fiber,fiber-only
7292,fiber,fiber-only
7293,fiber,fiber-only
7294,fiber,fiber-only
7295,fiber,fiber-only
7296,fiber,fiber-only
7297,fiber,fiber-only
7298,fiber,fiber-only
7299,fiber,fiber-only
7300,fiber,fiber-only
7301,fiber,fiber-only
7302,fiber,fiber-only
7303,fiber,fiber-only
7304,fiber,fiber-only
7305,fiber,fiber-only
7306,fiber,fiber-only
7307,sheet,sheet->vesicle
7308,fiber,fiber-only
7309,fiber,fiber-only
7310,fiber,fiber-only
7311,fiber,fiber-only
7312,fiber,fiber-only
7313,fiber,fiber-only
7314,fiber,fiber-only
7315,sheet,sheet->vesicle
7316,fiber,fiber-only
7317,fiber,fiber-only
7318,fiber,fiber-only
7319,fiber,fiber-only
7320,sheet,sheet->vesicle
7321,fiber,fiber-only
7322,fiber,fiber-only
7323,fiber,fiber-only
7324,fiber,fiber-only
7325,fiber,fiber-only
7326,fiber,fiber-only
7327,fiber,fiber-only
7328,fiber,fiber-only
7329,fiber,fiber-only
7330,sheet,sheet->vesicle
7331,fiber,fiber-only
7332,fiber,fiber-only
7333,fiber,fiber-only
7334,sheet,sheet->vesicle
7335,fiber,fiber-only
7336,fiber,fiber-only
7337,sheet,sheet->vesicle
7338,fiber,fiber-only
7339,fiber,fiber-only
7340,fiber,fiber-only
7341,fiber,fiber->tube
7342,fiber,fiber-only
7343,fiber,fiber-only
7344,fiber,fiber-only
7345,fiber,fiber-only
7346,fiber,fiber-only
7347,fiber,fiber-only
7348,fiber,fiber-only
7349,fiber,fiber-only
7350,sheet,sheet->vesicle
7351,fiber,fiber-only
7352,fiber,fiber-only
7353,fiber,fiber-only
7354,fiber,fiber-only
7355,fiber,fiber-only
7356,fiber,fiber-only
7357,fiber,fiber-only
7358,fiber,fiber-only
7359,fiber,fiber-only
7360,fiber,fiber-only
7361,fiber,fiber-only
7362,fiber,fiber-only
7363,fiber,fiber-only
7364,fiber,fiber-only
7365,fiber,fiber-only
7366,fiber,fiber-only
7367,fiber,fiber-only
7368,fiber,fiber-only
7369,fiber,fiber-only
7370,fiber,fiber-only
7371,fiber,fiber-only
7372,fiber,fiber-only
7373,fiber,fiber-only
7374,fiber,fiber-only
7375,fiber,fiber-only
7376,fiber,fiber-only
7377,fiber,fiber-only
7378,fiber,fiber-only
7379,fiber,fiber-only
7380,fiber,fiber-only
7381,fiber,fiber-only
7382,fiber,fiber-only
7383,fiber,fiber-only
7384,fiber,fiber-only
7385,fiber,fiber-only
7386,fiber,fiber-only
7387,fiber,fiber-only
7388,fiber,fiber-only
7389,fiber,fiber-only
7390,fiber,fiber-only
7391,fiber,fiber-only
7392,fiber,fiber-only
7393,fiber,fiber-only
7394,fiber,fiber-only
7395,fiber,fiber-only
7396,fiber,fiber-only
7397,fiber,fiber-only
7398,fiber,fiber-only
7399,fiber,fiber-only
7400,fiber,fiber-only
7401,fiber,fiber-only
7402,fiber,fiber-only
7403,fiber,fiber-only
7404,fiber,fiber-only
7405,fiber,fiber-only
7406,fiber,fiber-only
7407,fiber,fiber-only
7408,fiber,fiber-only
7409,fiber,fiber-only
7410,fiber,fiber-only
7411,fiber,fiber-only
7412,fiber,fiber-only
7413,fiber,fiber-only
7414,fiber,fiber-only
7415,fiber,fiber-only
7416,fiber,fiber-only
7417,fiber,fiber-only
7418,fiber,fiber-only
7419,fiber,fiber-only
7420,fiber,fiber-only
7421,fiber,fiber-only
7422,fiber,fiber-only
7423,fiber,fiber-only
7424,fiber,fiber-only
7425,fiber,fiber-only
7426,fiber,fiber-only
7427,fiber,fiber-only
7428,fiber,fiber-only
7429,fiber,fiber-only
7430,fiber,fiber-only
7431,fiber,fiber-only
7432,fiber,fiber-only
7433,fiber,fiber-only
7434,fiber,fiber-only
7435,fiber,fiber-only
7436,fiber,fiber-only
7437,fiber,fiber-only
7438,fiber,fiber-only
7439,fiber,fiber-only
7440,fiber,fiber-only
7441,fiber,fiber-only
7442,fiber,fiber-only
7443,fiber,fiber-only
7444,fiber,fiber-only
7445,fiber,fiber-only
7446,fiber,fiber-only
7447,fiber,fiber-only
7448,fiber,fiber-only
7449,fiber,fiber-only
7450,fiber,fiber-only
7451,fiber,fiber-only
7452,fiber,fiber-only
7453,fiber,fiber-only
7454,fiber,fiber-only
7455,fiber,fiber-only
7456,fiber,fiber-only
7457,fiber,fiber-only
7458,fiber,fiber-only
7459,fiber,fiber-only
7460,fiber,fiber-only
7461,fiber,fiber-only
7462,fiber,fiber-only
7463,fiber,fiber-only
7464,fiber,fiber-only
7465,fiber,fiber-only
7466,fiber,fiber-only
7467,fiber,fiber-only
7468,fiber,fiber-only
7469,fiber,fiber-only
7470,fiber,fiber-only
7471,fiber,fiber-only
7472,fiber,fiber-only
7473,fiber,fiber-only
7474,fiber,fiber-only
7475,fiber,fiber-only
7476,fiber,fiber-only
7477,fiber,fiber-only
7478,fiber,fiber-only
7479,fiber,fiber-only
7480,fiber,fiber-only
7481,fiber,fiber-only
7482,fiber,fiber-only
7483,fiber,fiber-only
7484,fiber,fiber-only
7485,fiber,fiber-only
7486,fiber,fiber-only
7487,fiber,fiber-only
7488,fiber,fiber-only
7489,fiber,fiber-only
7490,fiber,fiber-only
7491,fiber,fiber-only
7492,fiber,fiber-only
7493,fiber,fiber-only
7494,fiber,fiber-only
7495,fiber,fiber-only
7496,fiber,fiber-only
7497,fiber,fiber-only
7498,fiber,fiber-only
7499,fiber,fiber-only
7500,fiber,fiber-only
7501,fiber,fiber-only
7502,fiber,fiber-only
7503,sheet,sheet->vesicle
7504,fiber,fiber-only
7505,sheet,sheet->vesicle
7506,fiber,fiber-only
7507,sheet,sheet->vesicle
7508,fiber,fiber-only
7509,fiber,fiber-only
7510,fiber,fiber-only
7511,fiber,fiber-only
7512,fiber,fiber-only
7513,fiber,fiber-only
7514,fiber,fiber-only
7515,fiber,fiber-only
7516,fiber,fiber-only
7517,fiber,fiber-only
7518,fiber,fiber-only
7519,fiber,fiber-only
7520,fiber,fiber-only
7521,sheet,sheet->vesicle
7522,fiber,fiber-only
7523,fiber,fiber-only
7524,fiber,fiber-only
7525,fiber,fiber-only
7526,fiber,fiber-only
7527,fiber,fiber-only
7528,fiber,fiber-only
7529,fiber,fiber-only
7530,fiber,fiber-only
7531,fiber,fiber-only
7532,fiber,fiber-only
7533,fiber,fiber-only
7534,fiber,fiber-only
7535,fiber,fiber-only
7536,fiber,fiber-only
7537,fiber,fiber-only
7538,fiber,fiber-only
7539,fiber,fiber-only
7540,fiber,fiber-only
7541,fiber,fiber-only
7542,fiber,fiber-only
7543,fiber,fiber-only
7544,fiber,fiber-only
7545,fiber,fiber-only
7546,fiber,fiber-only
7547,fiber,fiber-only
7548,fiber,fiber-only
7549,fiber,fiber-only
7550,fiber,fiber-only
7551,fiber,fiber-only
7552,fiber,fiber-only
7553,fiber,fiber-only
7554,fiber,fiber-only
7555,fiber,fiber-only
7556,fiber,fiber-only
7557,sheet,sheet->vesicle
7558,fiber,fiber-only
7559,fiber,fiber-only
7560,sheet,sheet->vesicle
7561,fiber,fiber-only
7562,fiber,fiber-only
7563,sheet,sheet->vesicle
7564,fiber,fiber-only
7565,fiber,fiber-only
7566,fiber,fiber-only
7567,fiber,fiber-only
7568,fiber,fiber-only
7569,fiber,fiber-only
7570,fiber,fiber-only
7571,fiber,fiber-only
7572,fiber,fiber-only
7573,sheet,sheet->vesicle
7574,sheet,sheet->vesicle
7575,fiber,fiber-only
7576,fiber,fiber-only
7577,fiber,fiber-only
7578,fiber,fiber-only
7579,fiber,fiber-only
7580,fiber,fiber-only
7581,fiber,fiber-only
7582,fiber,fiber-only
7583,fiber,fiber-only
7584,fiber,fiber-only
7585,fiber,fiber-only
7586,fiber,fiber-only
7587,fiber,fiber-only
7588,fiber,fiber-only
7589,fiber,fiber-only
7590,fiber,fiber-only
7591,fiber,fiber-only
7592,fiber,fiber-only
7593,fiber,fiber-only
7594,fiber,fiber-only
7595,fiber,fiber-only
7596,fiber,fiber-only
7597,fiber,fiber-only
7598,fiber,fiber-only
7599,fiber,fiber-only
7600,fiber,fiber-only
7601,fiber,fiber-only
7602,fiber,fiber-only
7603,fiber,fiber-only
7604,fiber,fiber-only
7605,fiber,fiber-only
7606,fiber,fiber-only
7607,fiber,fiber-only
7608,fiber,fiber-only
7609,fiber,fiber-only
7610,fiber,fiber-only
7611,fiber,fiber-only
7612,fiber,fiber-only
7613,fiber,fiber-only
7614,fiber,fiber-only
7615,fiber,fiber-only
7616,fiber,fiber-only
7617,fiber,fiber-only
7618,fiber,fiber-only
7619,fiber,fiber-only
7620,fiber,fiber-only
7621,fiber,fiber-only
7622,fiber,fiber-only
7623,fiber,fiber-only
7624,fiber,fiber-only
7625,fiber,fiber-only
7626,fiber,fiber-only
7627,fiber,fiber-only
7628,fiber,fiber-only
7629,fiber,fiber-only
7630,fiber,fiber-only
7631,fiber,fiber-only
7632,fiber,fiber-only
7633,fiber,fiber-only
7634,fiber,fiber-only
7635,fiber,fiber-only
7636,fiber,fiber-only
7637,fiber,fiber-only
7638,fiber,fiber-only
7639,fiber,fiber-only
7640,fiber,fiber-only
7641,fiber,fiber-only
7642,fiber,fiber-only
7643,fiber,fiber-only
7644,fiber,fiber-only
7645,fiber,fiber-only
7646,fiber,fiber-only
7647,fiber,fiber-only
7648,fiber,fiber-only
7649,fiber,fiber-only
7650,fiber,fiber-only
7651,fiber,fiber-only
7652,fiber,fiber-only
7653,fiber,fiber-only
7654,fiber,fiber-only
7655,fiber,fiber-only
7656,fiber,fiber-only
7657,fiber,fiber-only
7658,fiber,fiber-only
7659,fiber,fiber-only
7660,fiber,fiber-only
7661,fiber,fiber-only
7662,fiber,fiber-only
7663,fiber,fiber-only
7664,fiber,fiber-only
7665,fiber,fiber-only
7666,fiber,fiber-only
7667,fiber,fiber-only
7668,fiber,fiber-only
7669,fiber,fiber-only
7670,fiber,fiber-only
7671,fiber,fiber-only
7672,fiber,fiber-only
7673,fiber,fiber-only
7674,fiber,fiber-only
7675,fiber,fiber-only
7676,fiber,fiber-only
7677,fiber,fiber-only
7678,fiber,fiber-only
7679,fiber,fiber-only
7680,fiber,fiber-only
7681,fiber,fiber-only
7682,fiber,fiber-only
7683,fiber,fiber-only
7684,fiber,fiber-only
7685,fiber,fiber-only
7686,fiber,fiber-only
7687,fiber,fiber-only
7688,fiber,fiber-only
7689,fiber,fiber-only
7690,fiber,fiber-only
7691,fiber,fiber-only
7692,fiber,fiber-only
7693,fiber,fiber-only
7694,fiber,fiber-only
7695,fiber,fiber-only
7696,fiber,fiber-only
7697,fiber,fiber-only
7698,fiber,fiber-only
7699,fiber,fiber-only
7700,fiber,fiber-only
7701,fiber,fiber-only
7702,fiber,fiber-only
7703,fiber,fiber-only
7704,fiber,fiber-only
7705,fiber,fiber-only
7706,fiber,fiber-only
7707,fiber,fiber-only
7708,fiber,fiber-only
7709,fiber,fiber-only
7710,fiber,fiber-only
7711,fiber,fiber-only
7712,fiber,fiber-only
7713,fiber,fiber-only
7714,fiber,fiber-only
7715,fiber,fiber-only
7716,fiber,fiber-only
7717,fiber,fiber-only
7718,fiber,fiber-only
7719,fiber,fiber-only
7720,fiber,fiber-only
7721,fiber,fiber-only
7722,fiber,fiber-only
7723,fiber,fiber-only
7724,fiber,fiber-only
7725,fiber,fiber-only
7726,fiber,fiber-only
7727,fiber,fiber-only
7728,fiber,fiber-only
7729,fiber,fiber-only
7730,fiber,fiber-only
7731,fiber,fiber-only
7732,fiber,fiber-only
7733,fiber,fiber-only
7734,fiber,fiber-only
7735,fiber,fiber-only
7736,fiber,fiber-only
7737,fiber,fiber-only
7738,fiber,fiber-only
7739,fiber,fiber-only
7740,fiber,fiber-only
7741,fiber,fiber-only
7742,fiber,fiber-only
7743,fiber,fiber-only
7744,fiber,fiber-only
7745,fiber,fiber-only
7746,fiber,fiber-only
7747,fiber,fiber-only
7748,fiber,fiber-only
7749,fiber,fiber-only
7750,fiber,fiber-only
7751,fiber,fiber-only
7752,fiber,fiber-only
7753,fiber,fiber-only
7754,fiber,fiber-only
7755,fiber,fiber-only
7756,fiber,fiber-only
7757,fiber,fiber-only
7758,fiber,fiber-only
7759,fiber,fiber-only
7760,fiber,fiber-only
7761,fiber,fiber-only
7762,fiber,fiber-only
7763,fiber,fiber-only
7764,sheet,sheet->vesicle
7765,fiber,fiber-only
7766,fiber,fiber-only
7767,fiber,fiber-only
7768,fiber,fiber-only
7769,fiber,fiber-only
7770,fiber,fiber-only
7771,fiber,fiber-only
7772,fiber,fiber-only
7773,fiber,fiber-only
7774,fiber,fiber-only
7775,fiber,fiber-only
7776,fiber,fiber-only
7777,fiber,fiber-only
7778,fiber,fiber-only
7779,fiber,fiber-only
7780,fiber,fiber-only
7781,fiber,fiber-only
7782,fiber,fiber-only
7783,fiber,fiber-only
7784,fiber,fiber-only
7785,fiber,fiber-only
7786,fiber,fiber-only
7787,fiber,fiber-only
7788,fiber,fiber-only
7789,fiber,fiber-only
7790,fiber,fiber-only
7791,fiber,fiber-only
7792,fiber,fiber-only
7793,fiber,fiber-only
7794,sheet,sheet->vesicle
7795,fiber,fiber-only
7796,fiber,fiber-only
7797,fiber,fiber-only
7798,fiber,fiber-only
7799,fiber,fiber-only
7800,fiber,fiber-only
7801,fiber,fiber-only
7802,fiber,fiber-only
7803,fiber,fiber-only
7804,fiber,fiber-only
7805,fiber,fiber-only
7806,fiber,fiber-only
7807,fiber,fiber-only
7808,fiber,fiber-only
7809,fiber,fiber-only
7810,fiber,fiber-only
7811,fiber,fiber-only
7812,fiber,fiber-only
7813,fiber,fiber-only
7814,fiber,fiber-only
7815,fiber,fiber-only
7816,fiber,fiber-only
7817,fiber,fiber-only
7818,fiber,fiber-only
7819,fiber,fiber-only
7820,fiber,fiber-only
7821,fiber,fiber-only
7822,fiber,fiber-only
7823,fiber,fiber-only
7824,fiber,fiber-only
7825,fiber,fiber-only
7826,fiber,fiber-only
7827,fiber,fiber-only
7828,fiber,fiber-only
7829,fiber,fiber-only
7830,fiber,fiber-only
7831,fiber,fiber-only
7832,fiber,fiber-only
7833,fiber,fiber-only
7834,fiber,fiber-only
7835,fiber,fiber-only
7836,fiber,fiber-only
7837,fiber,fiber-only
7838,fiber,fiber-only
7839,fiber,fiber-only
7840,fiber,fiber-only
7841,fiber,fiber-only
7842,fiber,fiber-only
7843,fiber,fiber-only
7844,fiber,fiber-only
7845,fiber,fiber-only
7846,fiber,fiber-only
7847,fiber,fiber-only
7848,fiber,fiber-only
7849,fiber,fiber-only
7850,fiber,fiber-only
7851,fiber,fiber-only
7852,sheet,sheet->vesicle
7853,fiber,fiber-only
7854,fiber,fiber-only
7855,fiber,fiber-only
7856,fiber,fiber-only
7857,fiber,fiber-only
7858,fiber,fiber-only
7859,fiber,fiber-only
7860,fiber,fiber-only
7861,fiber,fiber-only
7862,fiber,fiber-only
7863,fiber,fiber-only
7864,fiber,fiber-only
7865,fiber,fiber-only
7866,fiber,fiber-only
7867,fiber,fiber-only
7868,sheet,sheet->vesicle
7869,fiber,fiber-only
7870,fiber,fiber-only
7871,sheet,sheet->vesicle
7872,fiber,fiber-only
7873,sheet,sheet->vesicle
7874,fiber,fiber-only
7875,fiber,fiber-only
7876,fiber,fiber-only
7877,fiber,fiber-only
7878,fiber,fiber-only
7879,fiber,fiber-only
7880,fiber,fiber-only
7881,fiber,fiber-only
7882,fiber,fiber-only
7883,fiber,fiber-only
7884,fiber,fiber-only
7885,fiber,fiber-only
7886,fiber,fiber-only
7887,sheet,sheet->vesicle
7888,fiber,fiber-only
7889,fiber,fiber-only
7890,fiber,fiber-only
7891,fiber,fiber-only
7892,fiber,fiber-only
7893,sheet,sheet->vesicle
7894,fiber,fiber-only
7895,fiber,fiber-only
7896,fiber,fiber-only
7897,fiber,fiber-only
7898,fiber,fiber-only
7899,fiber,fiber-only
7900,fiber,fiber-only
7901,fiber,fiber-only
7902,fiber,fiber-only
7903,fiber,fiber-only
7904,fiber,fiber-only
7905,sheet,sheet->vesicle
7906,fiber,fiber-only
7907,fiber,fiber-only
7908,fiber,fiber-only
7909,sheet,sheet->vesicle
7910,fiber,fiber-only
7911,fiber,fiber-only
7912,fiber,fiber-only
7913,fiber,fiber-only
7914,sheet,sheet->vesicle
7915,fiber,fiber-only
7916,fiber,fiber-only
7917,fiber,fiber-only
7918,fiber,fiber-only
7919,fiber,fiber-only
7920,fiber,fiber-only
7921,sheet,sheet->vesicle
7922,fiber,fiber-only
7923,fiber,fiber-only
7924,fiber,fiber-only
7925,fiber,fiber-only
7926,fiber,fiber-only
7927,fiber,fiber-only
7928,fiber,fiber-only
7929,fiber,fiber-only
7930,fiber,fiber-only
7931,fiber,fiber-only
7932,fiber,fiber-only
7933,sheet,sheet->vesicle
7934,fiber,fiber-only
7935,sheet,sheet->vesicle
7936,fiber,fiber-only
7937,fiber,fiber-only
7938,fiber,fiber-only
7939,fiber,fiber-only
7940,fiber,fiber-only
7941,sheet,sheet->vesicle
7942,fiber,fiber-only
7943,fiber,fiber-only
7944,sheet,sheet->vesicle
7945,fiber,fiber-only
7946,fiber,fiber-only
7947,fiber,fiber-only
7948,fiber,fiber-only
7949,fiber,fiber-only
7950,fiber,fiber-only
7951,fiber,fiber-only
7952,fiber,fiber-only
7953,fiber,fiber-only
7954,sheet,sheet->vesicle
7955,fiber,fiber-only
7956,fiber,fiber-only
7957,fiber,fiber-only
7958,fiber,fiber-only
7959,fiber,fiber-only
7960,fiber,fiber-only
7961,fiber,fiber-only
7962,fiber,fiber-only
7963,sheet,sheet->vesicle
7964,sheet,sheet->vesicle
7965,fiber,fiber-only
7966,sheet,sheet->vesicle
7967,sheet,sheet->vesicle
7968,fiber,fiber-only
7969,sheet,sheet->vesicle
7970,sheet,sheet->vesicle
7971,fiber,fiber-only
7972,fiber,fiber-only
7973,sheet,sheet->vesicle
7974,sheet,sheet->vesicle
7975,fiber,fiber-only
7976,sheet,sheet->vesicle
7977,fiber,fiber-only
7978,fiber,fiber-only
7979,fiber,fiber-only
7980,fiber,fiber-only
7981,fiber,fiber-only
7982,sheet,sheet->vesicle
7983,fiber,fiber-only
7984,fiber,fiber-only
7985,fiber,fiber-only
7986,fiber,fiber-only
7987,fiber,fiber-only
7988,fiber,fiber-only
7989,fiber,fiber-only
7990,fiber,fiber-only
7991,fiber,fiber-only
7992,fiber,fiber-only
7993,fiber,fiber-only
7994,fiber,fiber-only
7995,fiber,fiber-only
7996,fiber,fiber-only
7997,fiber,fiber-only
7998,fiber,fiber-only
7999,fiber,fiber-only
8000,fiber,fiber-only
8001,fiber,fiber-only
8002,fiber,fiber-only
8003,sheet,sheet->vesicle
8004,fiber,fiber-only
8005,fiber,fiber-only
8006,sheet,sheet->vesicle
8007,fiber,fiber-only
8008,fiber,fiber-only
8009,fiber,fiber-only
8010,fiber,fiber-only
8011,fiber,fiber-only
8012,fiber,fiber-only
8013,fiber,fiber-only
8014,fiber,fiber-only
8015,fiber,fiber-only
8016,fiber,fiber-only
8017,fiber,fiber-only
8018,fiber,fiber-only
8019,fiber,fiber-only
8020,fiber,fiber-only
8021,fiber,fiber-only
8022,fiber,fiber-only
8023,fiber,fiber-only
8024,sheet,sheet->vesicle
8025,fiber,fiber-only
8026,fiber,fiber-only
8027,fiber,fiber-only
8028,fiber,fiber-only
8029,fiber,fiber-only
8030,fiber,fiber-only
8031,fiber,fiber-only
8032,fiber,fiber-only
8033,fiber,fiber-only
8034,fiber,fiber-only
8035,fiber,fiber-only
8036,fiber,fiber-only
8037,fiber,fiber-only
8038,fiber,fiber-only
8039,sheet,sheet->vesicle
8040,fiber,fiber-only
8041,fiber,fiber-only
8042,fiber,fiber-only
8043,fiber,fiber-only
8044,fiber,fiber-only
8045,fiber,fiber-only
8046,fiber,fiber-only
8047,sheet,sheet->vesicle
8048,sheet,sheet->vesicle
8049,fiber,fiber-only
8050,fiber,fiber-only
8051,sheet,sheet->vesicle
8052,fiber,fiber-only
8053,sheet,sheet->vesicle
8054,fiber,fiber-only
8055,fiber,fiber-only
8056,fiber,fiber-only
8057,fiber,fiber-only
8058,fiber,fiber-only
8059,fiber,fiber-only
8060,fiber,fiber-only
8061,fiber,fiber-only
8062,fiber,fiber-only
8063,fiber,fiber-only
8064,fiber,fiber-only
8065,fiber,fiber-only
8066,fiber,fiber-only
8067,fiber,fiber-only
8068,fiber,fiber-only
8069,sheet,sheet->vesicle
8070,fiber,fiber-only
8071,sheet,sheet->vesicle
8072,sheet,sheet->vesicle
8073,fiber,fiber-only
8074,sheet,sheet->vesicle
8075,fiber,fiber-only
8076,fiber,fiber-only
8077,sheet,sheet->vesicle
8078,fiber,fiber-only
8079,sheet,sheet->vesicle
8080,fiber,fiber-only
8081,sheet,sheet->vesicle
8082,fiber,fiber-only
8083,fiber,fiber-only
8084,fiber,fiber-only
8085,sheet,sheet->vesicle
8086,fiber,fiber-only
8087,sheet,sheet->vesicle
8088,fiber,fiber-only
8089,fiber,fiber-only
8090,fiber,fiber-only
8091,fiber,fiber-only
8092,fiber,fiber-only
8093,fiber,fiber-only
8094,fiber,fiber-only
8095,fiber,fiber-only
8096,fiber,fiber-only
8097,fiber,fiber-only
8098,fiber,fiber-only
8099,fiber,fiber-only
8100,fiber,fiber-only
8101,fiber,fiber-only
8102,fiber,fiber-only
8103,fiber,fiber-only
8104,fiber,fiber-only
8105,fiber,fiber-only
8106,fiber,fiber-only
8107,fiber,fiber-only
8108,fiber,fiber-only
8109,fiber,fiber-only
8110,fiber,fiber-only
8111,fiber,fiber-only
8112,fiber,fiber-only
8113,fiber,fiber-only
8114,fiber,fiber-only
8115,fiber,fiber-only
8116,fiber,fiber-only
8117,fiber,fiber-only
8118,sheet,sheet->vesicle
8119,fiber,fiber-only
8120,fiber,fiber-only
8121,fiber,fiber-only
8122,sheet,sheet->vesicle
8123,fiber,fiber-only
8124,fiber,fiber-only
8125,sheet,sheet->vesicle
8126,fiber,fiber-only
8127,fiber,fiber-only
8128,fiber,fiber-only
8129,fiber,fiber-only
8130,fiber,fiber-only
8131,fiber,fiber-only
8132,fiber,fiber-only
8133,fiber,fiber-only
8134,fiber,fiber-only
8135,fiber,fiber-only
8136,fiber,fiber-only
8137,fiber,fiber-only
8138,fiber,fiber-only
8139,fiber,fiber-only
8140,fiber,fiber-only
8141,fiber,fiber-only
8142,fiber,fiber-only
8143,fiber,fiber-only
8144,fiber,fiber-only
8145,fiber,fiber-only
8146,fiber,fiber-only
8147,fiber,fiber-only
8148,fiber,fiber-only
8149,fiber,fiber-only
8150,fiber,fiber-only
8151,fiber,fiber-only
8152,sheet,sheet->vesicle
8153,fiber,fiber-only
8154,fiber,fiber-only
8155,fiber,fiber-only
8156,fiber,fiber-only
8157,fiber,fiber-only
8158,fiber,fiber-only
8159,fiber,fiber-only
8160,fiber,fiber-only
8161,fiber,fiber-only
8162,fiber,fiber-only
8163,fiber,fiber-only
8164,sheet,sheet->vesicle
8165,fiber,fiber-only
8166,fiber,fiber-only
8167,fiber,fiber-only
8168,fiber,fiber-only
8169,fiber,fiber-only
8170,fiber,fiber-only
8171,fiber,fiber-only
8172,fiber,fiber-only
8173,fiber,fiber-only
8174,fiber,fiber-only
8175,fiber,fiber-only
8176,sheet,sheet->vesicle
8177,fiber,fiber-only
8178,fiber,fiber-only
8179,fiber,fiber-only
8180,fiber,fiber-only
8181,fiber,fiber-only
8182,fiber,fiber-only
8183,fiber,fiber-only
8184,fiber,fiber-only
8185,fiber,fiber-only
8186,fiber,fiber-only
8187,fiber,fiber-only
8188,fiber,fiber-only
8189,fiber,fiber-only
8190,fiber,fiber-only
8191,fiber,fiber-only
8192,fiber,fiber-only
8193,fiber,fiber-only
8194,fiber,fiber-only
8195,fiber,fiber-only
8196,fiber,fiber-only
8197,fiber,fiber-only
8198,fiber,fiber-only
8199,fiber,fiber-only
8200,fiber,fiber-only
8201,fiber,fiber-only
8202,fiber,fiber-only
8203,fiber,fiber-only
8204,fiber,fiber-only
8205,fiber,fiber-only
8206,fiber,fiber-only
8207,fiber,fiber-only
8208,fiber,fiber-only
8209,fiber,fiber-only
8210,fiber,fiber-only
8211,fiber,fiber-only
8212,fiber,fiber-only
8213,fiber,fiber-only
8214,fiber,fiber-only
8215,fiber,fiber-only
8216,fiber,fiber-only
8217,fiber,fiber-only
8218,fiber,fiber-only
8219,fiber,fiber-only
8220,fiber,fiber-only
8221,fiber,fiber-only
8222,fiber,fiber-only
8223,fiber,fiber-only
8224,fiber,fiber-only
8225,fiber,fiber-only
8226,fiber,fiber-only
8227,fiber,fiber-only
8228,fiber,fiber-only
8229,fiber,fiber-only
8230,fiber,fiber-only
8231,fiber,fiber-only
8232,fiber,fiber-only
8233,fiber,fiber-only
8234,fiber,fiber-only
8235,fiber,fiber-only
8236,fiber,fiber-only
8237,fiber,fiber-only
8238,fiber,fiber-only
8239,fiber,fiber-only
8240,fiber,fiber-only
8241,fiber,fiber-only
8242,fiber,fiber-only
8243,fiber,fiber-only
8244,fiber,fiber-only
8245,fiber,fiber-only
8246,fiber,fiber-only
8247,fiber,fiber-only
8248,fiber,fiber-only
8249,fiber,fiber-only
8250,fiber,fiber-only
8251,fiber,fiber-only
8252,fiber,fiber-only
8253,fiber,fiber-only
8254,fiber,fiber-only
8255,fiber,fiber-only
8256,fiber,fiber-only
8257,fiber,fiber-only
8258,fiber,fiber-only
8259,fiber,fiber-only
8260,fiber,fiber-only
8261,fiber,fiber-only
8262,fiber,fiber-only
8263,fiber,fiber-only
8264,fiber,fiber-only
8265,fiber,fiber-only
8266,fiber,fiber-only
8267,fiber,fiber-only
8268,fiber,fiber-only
8269,fiber,fiber-only
8270,fiber,fiber-only
8271,fiber,fiber-only
8272,fiber,fiber-only
8273,fiber,fiber-only
8274,fiber,fiber-only
8275,fiber,fiber-only
8276,fiber,fiber-only
8277,fiber,fiber-only
8278,fiber,fiber-only
8279,fiber,fiber-only
8280,fiber,fiber-only
8281,fiber,fiber-only
8282,fiber,fiber-only
8283,fiber,fiber-only
8284,fiber,fiber-only
8285,fiber,fiber-only
8286,fiber,fiber-only
8287,fiber,fiber-only
8288,fiber,fiber-only
8289,fiber,fiber-only
8290,fiber,fiber-only
8291,fiber,fiber-only
8292,fiber,fiber-only
8293,fiber,fiber-only
8294,fiber,fiber-only
8295,fiber,fiber-only
8296,fiber,fiber-only
8297,fiber,fiber-only
8298,fiber,fiber-only
8299,fiber,fiber-only
8300,fiber,fiber-only
8301,fiber,fiber-only
8302,fiber,fiber-only
8303,fiber,fiber-only
8304,fiber,fiber-only
8305,fiber,fiber-only
8306,fiber,fiber-only
8307,fiber,fiber-only
8308,fiber,fiber-only
8309,fiber,fiber-only
8310,fiber,fiber-only
8311,fiber,fiber-only
8312,fiber,fiber-only
8313,fiber,fiber-only
8314,fiber,fiber-only
8315,fiber,fiber-only
8316,fiber,fiber-only
8317,fiber,fiber-only
8318,fiber,fiber-only
8319,fiber,fiber-only
8320,fiber,fiber-only
8321,fiber,fiber-only
8322,fiber,fiber-only
8323,fiber,fiber-only
8324,fiber,fiber-only
8325,fiber,fiber-only
8326,fiber,fiber-only
8327,fiber,fiber-only
8328,fiber,fiber-only
8329,fiber,fiber-only
8330,fiber,fiber-only
8331,fiber,fiber-only
8332,fiber,fiber-only
8333,fiber,fiber-only
8334,fiber,fiber-only
8335,fiber,fiber-only
8336,fiber,fiber-only
8337,fiber,fiber-only
8338,fiber,fiber-only
8339,fiber,fiber-only
8340,fiber,fiber-only
8341,fiber,fiber-only
8342,fiber,fiber-only
8343,fiber,fiber-only
8344,fiber,fiber-only
8345,fiber,fiber-only
8346,fiber,fiber-only
8347,fiber,fiber-only
8348,fiber,fiber-only
8349,fiber,fiber-only
8350,fiber,fiber-only
8351,fiber,fiber-only
8352,fiber,fiber-only
8353,fiber,fiber-only
8354,fiber,fiber-only
8355,fiber,fiber-only
8356,fiber,fiber-only
8357,fiber,fiber-only
8358,fiber,fiber-only
8359,fiber,fiber-only
8360,fiber,fiber-only
8361,fiber,fiber-only
8362,fiber,fiber-only
8363,fiber,fiber-only
8364,fiber,fiber-only
8365,fiber,fiber-only
8366,fiber,fiber-only
8367,fiber,fiber-only
8368,fiber,fiber-only
8369,fiber,fiber-only
8370,fiber,fiber-only
8371,fiber,fiber-only
8372,fiber,fiber-only
8373,fiber,fiber-only
8374,fiber,fiber-only
8375,fiber,fiber-only
8376,fiber,fiber-only
8377,fiber,fiber-only
8378,fiber,fiber-only
8379,fiber,fiber-only
8380,fiber,fiber-only
8381,fiber,fiber-only
8382,fiber,fiber-only
8383,fiber,fiber-only
8384,fiber,fiber-only
8385,fiber,fiber-only
8386,fiber,fiber-only
8387,fiber,fiber-only
8388,fiber,fiber-only
8389,fiber,fiber-only
8390,fiber,fiber-only
8391,fiber,fiber-only
8392,fiber,fiber-only
8393,fiber,fiber-only
8394,fiber,fiber-only
8395,fiber,fiber-only
8396,fiber,fiber-only
8397,fiber,fiber-only
8398,fiber,fiber-only
8399,fiber,fiber-only
8400,fiber,fiber-only
8401,fiber,fiber-only
8402,fiber,fiber-only
8403,fiber,fiber-only
8404,fiber,fiber-only
8405,fiber,fiber-only
8406,fiber,fiber-only
8407,fiber,fiber-only
8408,fiber,fiber-only
8409,fiber,fiber-only
8410,fiber,fiber-only
8411,fiber,fiber-only
8412,fiber,fiber-only
8413,fiber,fiber-only
8414,fiber,fiber-only
8415,fiber,fiber-only
8416,fiber,fiber-only
8417,fiber,fiber-only
8418,fiber,fiber-only
8419,fiber,fiber-only
8420,sheet,sheet->vesicle
8421,fiber,fiber-only
8422,fiber,fiber-only
8423,fiber,fiber-only
8424,fiber,fiber-only
8425,fiber,fiber-only
8426,fiber,fiber-only
8427,fiber,fiber-only
8428,fiber,fiber-only
8429,fiber,fiber-only
8430,sheet,sheet->vesicle
8431,fiber,fiber-only
8432,fiber,fiber-only
8433,fiber,fiber-only
8434,fiber,fiber-only
8435,fiber,fiber-only
8436,fiber,fiber-only
8437,fiber,fiber-only
8438,fiber,fiber-only
8439,fiber,fiber-only
8440,fiber,fiber-only
8441,fiber,fiber-only
8442,fiber,fiber-only
8443,fiber,fiber-only
8444,fiber,fiber-only
8445,fiber,fiber-only
8446,fiber,fiber-only
8447,fiber,fiber-only
8448,fiber,fiber-only
8449,fiber,fiber-only
8450,fiber,fiber-only
8451,fiber,fiber-only
8452,fiber,fiber-only
8453,fiber,fiber-only
8454,fiber,fiber-only
8455,fiber,fiber-only
8456,fiber,fiber-only
8457,fiber,fiber-only
8458,fiber,fiber-only
8459,fiber,fiber-only
8460,fiber,fiber-only
8461,fiber,fiber-only
8462,fiber,fiber-only
8463,fiber,fiber-only
8464,fiber,fiber-only
8465,fiber,fiber-only
8466,fiber,fiber-only
8467,fiber,fiber-only
8468,fiber,fiber-only
8469,fiber,fiber-only
8470,fiber,fiber-only
8471,fiber,fiber-only
8472,fiber,fiber-only
8473,fiber,fiber-only
8474,fiber,fiber-only
8475,fiber,fiber-only
8476,fiber,fiber-only
8477,fiber,fiber-only
8478,fiber,fiber-only
8479,fiber,fiber-only
8480,fiber,fiber-only
8481,fiber,fiber-only
8482,fiber,fiber-only
8483,fiber,fiber-only
8484,fiber,fiber-only
8485,fiber,fiber-only
8486,fiber,fiber-only
8487,fiber,fiber-only
8488,fiber,fiber-only
8489,fiber,fiber-only
8490,fiber,fiber-only
8491,fiber,fiber-only
8492,fiber,fiber-only
8493,fiber,fiber-only
8494,fiber,fiber-only
8495,fiber,fiber-only
8496,fiber,fiber-only
8497,fiber,fiber-only
8498,fiber,fiber-only
8499,fiber,fiber-only
8500,fiber,fiber-only
8501,fiber,fiber-only
8502,fiber,fiber-only
8503,fiber,fiber-only
8504,fiber,fiber-only
8505,fiber,fiber-only
8506,fiber,fiber-only
8507,fiber,fiber-only
8508,fiber,fiber-only
8509,fiber,fiber-only
8510,fiber,fiber-only
8511,fiber,fiber-only
8512,fiber,fiber-only
8513,fiber,fiber-only
8514,fiber,fiber-only
8515,fiber,fiber-only
8516,fiber,fiber-only
8517,fiber,fiber-only
8518,fiber,fiber-only
8519,fiber,fiber-only
8520,fiber,fiber-only
8521,fiber,fiber-only
8522,fiber,fiber-only
8523,fiber,fiber-only
8524,fiber,fiber-only
8525,fiber,fiber-only
8526,fiber,fiber-only
8527,fiber,fiber-only
8528,fiber,fiber-only
8529,fiber,fiber-only
8530,fiber,fiber-only
8531,fiber,fiber-only
8532,fiber,fiber-only
8533,fiber,fiber-only
8534,fiber,fiber-only
8535,sheet,sheet->vesicle
8536,fiber,fiber-only
8537,fiber,fiber-only
8538,fiber,fiber-only
8539,fiber,fiber-only
8540,fiber,fiber-only
8541,sheet,sheet->vesicle
8542,fiber,fiber-only
8543,fiber,fiber-only
8544,fiber,fiber-only
8545,fiber,fiber-only
8546,fiber,fiber-only
8547,fiber,fiber-only
8548,fiber,fiber-only
8549,fiber,fiber-only
8550,fiber,fiber-only
8551,fiber,fiber-only
8552,fiber,fiber-only
8553,fiber,fiber-only
8554,fiber,fiber-only
8555,fiber,fiber-only
8556,fiber,fiber-only
8557,fiber,fiber-only
8558,fiber,fiber-only
8559,fiber,fiber-only
8560,fiber,fiber-only
8561,fiber,fiber-only
8562,fiber,fiber-only
8563,fiber,fiber-only
8564,fiber,fiber-only
8565,fiber,fiber-only
8566,fiber,fiber-only
8567,fiber,fiber-only
8568,fiber,fiber-only
8569,fiber,fiber-only
8570,fiber,fiber-only
8571,fiber,fiber-only
8572,fiber,fiber-only
8573,fiber,fiber-only
8574,fiber,fiber-only
8575,fiber,fiber-only
8576,fiber,fiber-only
8577,fiber,fiber-only
8578,sheet,sheet->vesicle
8579,fiber,fiber-only
8580,fiber,fiber-only
8581,fiber,fiber-only
8582,fiber,fiber-only
8583,fiber,fiber-only
8584,fiber,fiber-only
8585,fiber,fiber-only
8586,fiber,fiber-only
8587,fiber,fiber-only
8588,fiber,fiber-only
8589,fiber,fiber-only
8590,fiber,fiber-only
8591,fiber,fiber-only
8592,fiber,fiber-only
8593,fiber,fiber-only
8594,fiber,fiber-only
8595,fiber,fiber-only
8596,fiber,fiber-only
8597,fiber,fiber-only
8598,fiber,fiber-only
8599,fiber,fiber-only
8600,fiber,fiber-only
8601,fiber,fiber-only
8602,fiber,fiber-only
8603,fiber,fiber-only
8604,fiber,fiber-only
8605,fiber,fiber-only
8606,fiber,fiber-only
8607,fiber,fiber-only
8608,fiber,fiber-only
8609,fiber,fiber-only
8610,fiber,fiber-only
8611,fiber,fiber-only
8612,fiber,fiber-only
8613,fiber,fiber-only
8614,fiber,fiber-only
8615,fiber,fiber-only
8616,fiber,fiber-only
8617,fiber,fiber-only
8618,fiber,fiber-only
8619,fiber,fiber-only
8620,fiber,fiber-only
8621,fiber,fiber-only
8622,fiber,fiber-only
8623,fiber,fiber-only
8624,fiber,fiber-only
8625,fiber,fiber-only
8626,fiber,fiber-only
8627,fiber,fiber-only
8628,fiber,fiber-only
8629,fiber,fiber-only
8630,fiber,fiber-only
8631,fiber,fiber-only
8632,fiber,fiber-only
8633,fiber,fiber-only
8634,fiber,fiber-only
8635,fiber,fiber-only
8636,fiber,fiber-only
8637,fiber,fiber-only
8638,fiber,fiber-only
8639,fiber,fiber-only
8640,fiber,fiber-only
8641,fiber,fiber-only
8642,fiber,fiber-only
8643,fiber,fiber-only
8644,fiber,fiber-only
8645,fiber,fiber-only
8646,fiber,fiber-only
8647,fiber,fiber-only
8648,fiber,fiber-only
8649,fiber,fiber-only
8650,fiber,fiber-only
8651,fiber,fiber-only
8652,fiber,fiber-only
8653,fiber,fiber-only
8654,fiber,fiber-only
8655,fiber,fiber-only
8656,fiber,fiber-only
8657,fiber,fiber-only
8658,fiber,fiber-only
8659,fiber,fiber-only
8660,fiber,fiber-only
8661,fiber,fiber-only
8662,fiber,fiber-only
8663,fiber,fiber-only
8664,fiber,fiber-only
8665,fiber,fiber-only
8666,fiber,fiber-only
8667,fiber,fiber-only
8668,fiber,fiber-only
8669,fiber,fiber-only
8670,fiber,fiber-only
8671,fiber,fiber-only
8672,fiber,fiber-only
8673,fiber,fiber-only
8674,fiber,fiber-only
8675,fiber,fiber-only
8676,fiber,fiber-only
8677,fiber,fiber-only
8678,fiber,fiber-only
8679,fiber,fiber-only
8680,fiber,fiber-only
8681,fiber,fiber-only
8682,fiber,fiber-only
8683,fiber,fiber-only
8684,fiber,fiber-only
8685,fiber,fiber-only
8686,fiber,fiber-only
8687,fiber,fiber-only
8688,fiber,fiber-only
8689,fiber,fiber-only
8690,fiber,fiber-only
8691,fiber,fiber-only
8692,fiber,fiber-only
8693,fiber,fiber-only
8694,fiber,fiber-only
8695,fiber,fiber-only
8696,fiber,fiber-only
8697,fiber,fiber-only
8698,fiber,fiber-only
8699,fiber,fiber-only
8700,fiber,fiber-only
8701,fiber,fiber-only
8702,fiber,fiber-only
8703,fiber,fiber-only
8704,fiber,fiber-only
8705,fiber,fiber-only
8706,fiber,fiber-only
8707,fiber,fiber-only
8708,fiber,fiber-only
8709,fiber,fiber-only
8710,fiber,fiber-only
8711,fiber,fiber-only
8712,fiber,fiber-only
8713,fiber,fiber-only
8714,fiber,fiber-only
8715,fiber,fiber-only
8716,fiber,fiber-only
8717,fiber,fiber-only
8718,fiber,fiber-only
8719,fiber,fiber-only
8720,fiber,fiber-only
8721,fiber,fiber-only
8722,fiber,fiber-only
8723,fiber,fiber-only
8724,fiber,fiber-only
8725,fiber,fiber-only
8726,fiber,fiber-only
8727,fiber,fiber-only
8728,fiber,fiber-only
8729,fiber,fiber-only
8730,fiber,fiber-only
8731,fiber,fiber-only
8732,fiber,fiber-only
8733,fiber,fiber-only
8734,fiber,fiber-only
8735,fiber,fiber-only
8736,fiber,fiber-only
8737,fiber,fiber-only
8738,fiber,fiber-only
8739,fiber,fiber-only
8740,fiber,fiber-only
8741,fiber,fiber-only
8742,fiber,fiber-only
8743,fiber,fiber-only
8744,fiber,fiber-only
8745,fiber,fiber-only
8746,fiber,fiber-only
8747,fiber,fiber-only
8748,fiber,fiber-only
8749,fiber,fiber-only
8750,fiber,fiber-only
8751,fiber,fiber-only
8752,fiber,fiber-only
8753,fiber,fiber-only
8754,fiber,fiber-only
8755,fiber,fiber-only
8756,fiber,fiber-only
8757,fiber,fiber-only
8758,fiber,fiber-only
8759,fiber,fiber-only
8760,fiber,fiber-only
8761,fiber,fiber-only
8762,fiber,fiber-only
8763,fiber,fiber-only
8764,fiber,fiber-only
8765,fiber,fiber-only
8766,fiber,fiber-only
8767,fiber,fiber-only
8768,fiber,fiber-only
8769,fiber,fiber-only
8770,fiber,fiber-only
8771,fiber,fiber-only
8772,fiber,fiber-only
8773,fiber,fiber-only
8774,fiber,fiber-only
8775,sheet,sheet->vesicle
8776,fiber,fiber-only
8777,fiber,fiber-only
8778,sheet,sheet->vesicle
8779,fiber,fiber-only
8780,fiber,fiber-only
8781,fiber,fiber-only
8782,sheet,sheet->vesicle
8783,fiber,fiber-only
8784,fiber,fiber-only
8785,fiber,fiber-only
8786,fiber,fiber-only
8787,fiber,fiber-only
8788,fiber,fiber-only
8789,fiber,fiber-only
8790,fiber,fiber-only
8791,fiber,fiber-only
8792,fiber,fiber-only
8793,fiber,fiber-only
8794,fiber,fiber-only
8795,fiber,fiber-only
8796,fiber,fiber-only
8797,fiber,fiber-only
8798,fiber,fiber-only
8799,fiber,fiber-only
8800,fiber,fiber-only
8801,fiber,fiber-only
8802,fiber,fiber-only
8803,fiber,fiber-only
8804,fiber,fiber-only
8805,fiber,fiber-only
8806,fiber,fiber-only
8807,fiber,fiber-only
8808,fiber,fiber-only
8809,fiber,fiber-only
8810,fiber,fiber-only
8811,fiber,fiber-only
8812,fiber,fiber-only
8813,fiber,fiber-only
8814,fiber,fiber-only
8815,fiber,fiber-only
8816,fiber,fiber-only
8817,fiber,fiber-only
8818,fiber,fiber-only
8819,fiber,fiber-only
8820,fiber,fiber-only
8821,fiber,fiber-only
8822,fiber,fiber-only
8823,fiber,fiber-only
8824,fiber,fiber-only
8825,fiber,fiber-only
8826,fiber,fiber-only
8827,fiber,fiber-only
8828,fiber,fiber-only
8829,fiber,fiber-only
8830,fiber,fiber-only
8831,fiber,fiber-only
8832,fiber,fiber-only
8833,fiber,fiber-only
8834,fiber,fiber-only
8835,fiber,fiber-only
8836,fiber,fiber-only
8837,fiber,fiber-only
8838,fiber,fiber-only
8839,fiber,fiber-only
8840,fiber,fiber-only
8841,fiber,fiber-only
8842,fiber,fiber-only
8843,fiber,fiber-only
8844,fiber,fiber-only
8845,fiber,fiber-only
8846,fiber,fiber-only
8847,fiber,fiber-only
8848,fiber,fiber-only
8849,fiber,fiber-only
8850,fiber,fiber-only
8851,fiber,fiber-only
8852,fiber,fiber-only
8853,fiber,fiber-only
8854,fiber,fiber-only
8855,fiber,fiber-only
8856,fiber,fiber-only
8857,sheet,sheet->vesicle
8858,fiber,fiber-only
8859,fiber,fiber-only
8860,fiber,fiber-only
8861,fiber,fiber-only
8862,fiber,fiber-only
8863,fiber,fiber-only
8864,fiber,fiber-only
8865,sheet,sheet->vesicle
8866,fiber,fiber-only
8867,fiber,fiber-only
8868,fiber,fiber-only
8869,fiber,fiber-only
8870,fiber,fiber-only
8871,fiber,fiber-only
8872,fiber,fiber-only
8873,sheet,sheet->vesicle
8874,fiber,fiber-only
8875,fiber,fiber-only
8876,fiber,fiber-only
8877,fiber,fiber-only
8878,fiber,fiber-only
8879,fiber,fiber-only
8880,fiber,fiber-only
8881,fiber,fiber-only
8882,fiber,fiber-only
8883,fiber,fiber-only
8884,fiber,fiber-only
8885,sheet,sheet->vesicle
8886,fiber,fiber-only
8887,fiber,fiber-only
8888,fiber,fiber-only
8889,fiber,fiber-only
8890,fiber,fiber-only
8891,fiber,fiber-only
8892,fiber,fiber-only
8893,fiber,fiber-only
8894,fiber,fiber-only
8895,fiber,fiber-only
8896,fiber,fiber-only
8897,fiber,fiber-only
8898,fiber,fiber-only
8899,fiber,fiber-only
8900,sheet,sheet->vesicle
8901,fiber,fiber-only
8902,fiber,fiber-only
8903,fiber,fiber-only
8904,fiber,fiber-only
8905,fiber,fiber-only
8906,fiber,fiber-only
8907,fiber,fiber-only
8908,fiber,fiber-only
8909,fiber,fiber-only
8910,fiber,fiber-only
8911,fiber,fiber-only
8912,fiber,fiber-only
8913,fiber,fiber-only
8914,fiber,fiber-only
8915,fiber,fiber-only
8916,fiber,fiber-only
8917,fiber,fiber-only
8918,fiber,fiber-only
8919,fiber,fiber-only
8920,fiber,fiber-only
8921,fiber,fiber-only
8922,sheet,sheet->vesicle
8923,fiber,fiber-only
8924,fiber,fiber-only
8925,fiber,fiber-only
8926,fiber,fiber-only
8927,fiber,fiber-only
8928,sheet,sheet->vesicle
8929,fiber,fiber-only
8930,fiber,fiber-only
8931,fiber,fiber-only
8932,fiber,fiber-only
8933,fiber,fiber-only
8934,fiber,fiber-only
8935,fiber,fiber-only
8936,fiber,fiber-only
8937,fiber,fiber-only
8938,fiber,fiber-only
8939,fiber,fiber-only
8940,fiber,fiber-only
8941,fiber,fiber-only
8942,fiber,fiber-only
8943,sheet,sheet->vesicle
8944,fiber,fiber-only
8945,fiber,fiber-only
8946,fiber,fiber-only
8947,fiber,fiber-only
8948,fiber,fiber-only
8949,fiber,fiber-only
8950,fiber,fiber-only
8951,fiber,fiber-only
8952,sheet,sheet->vesicle
8953,fiber,fiber-only
8954,sheet,sheet->vesicle
8955,fiber,fiber-only
8956,fiber,fiber-only
8957,fiber,fiber-only
8958,fiber,fiber-only
8959,fiber,fiber-only
8960,sheet,sheet->vesicle
8961,fiber,fiber-only
8962,fiber,fiber-only
8963,fiber,fiber-only
8964,fiber,fiber-only
8965,fiber,fiber-only
8966,fiber,fiber-only
8967,fiber,fiber-only
8968,fiber,fiber-only
8969,fiber,fiber-only
8970,fiber,fiber-only
8971,fiber,fiber-only
8972,fiber,fiber-only
8973,fiber,fiber-only
8974,fiber,fiber-only
8975,fiber,fiber-only
8976,fiber,fiber-only
8977,fiber,fiber-only
8978,fiber,fiber-only
8979,fiber,fiber-only
8980,fiber,fiber-only
8981,fiber,fiber-only
8982,fiber,fiber-only
8983,fiber,fiber-only
8984,fiber,fiber-only
8985,fiber,fiber-only
8986,fiber,fiber-only
8987,fiber,fiber-only
8988,fiber,fiber-only
8989,fiber,fiber-only
8990,fiber,fiber-only
8991,fiber,fiber-only
8992,fiber,fiber-only
8993,fiber,fiber-only
8994,fiber,fiber-only
8995,sheet,sheet->vesicle
8996,fiber,fiber-only
8997,fiber,fiber-only
8998,sheet,sheet->vesicle
8999,fiber,fiber-only
9000,fiber,fiber-only
9001,fiber,fiber-only
9002,fiber,fiber-only
9003,fiber,fiber-only
9004,fiber,fiber-only
9005,fiber,fiber-only
9006,fiber,fiber-only
9007,fiber,fiber-only
9008,fiber,fiber-only
9009,fiber,fiber-only
9010,fiber,fiber-only
9011,fiber,fiber-only
9012,fiber,fiber-only
9013,fiber,fiber-only
9014,fiber,fiber-only
9015,fiber,fiber-only
9016,fiber,fiber-only
9017,fiber,fiber-only
9018,fiber,fiber-only
9019,fiber,fiber-only
9020,fiber,fiber-only
9021,fiber,fiber-only
9022,sheet,sheet->vesicle
9023,fiber,fiber-only
9024,fiber,fiber-only
9025,fiber,fiber-only
9026,fiber,fiber-only
9027,fiber,fiber-only
9028,fiber,fiber-only
9029,sheet,sheet->vesicle
9030,fiber,fiber-only
9031,fiber,fiber-only
9032,fiber,fiber-only
9033,fiber,fiber-only
9034,fiber,fiber-only
9035,fiber,fiber-only
9036,fiber,fiber-only
9037,sheet,sheet->vesicle
9038,fiber,fiber-only
9039,fiber,fiber-only
9040,fiber,fiber-only
9041,fiber,fiber-only
9042,fiber,fiber-only
9043,fiber,fiber-only
9044,sheet,sheet->vesicle
9045,fiber,fiber-only
9046,fiber,fiber-only
9047,fiber,fiber-only
9048,fiber,fiber-only
9049,fiber,fiber-only
9050,fiber,fiber-only
9051,fiber,fiber-only
9052,sheet,sheet->vesicle
9053,fiber,fiber-only
9054,fiber,fiber-only
9055,fiber,fiber-only
9056,sheet,sheet->vesicle
9057,sheet,sheet->vesicle
9058,fiber,fiber-only
9059,fiber,fiber-only
9060,fiber,fiber-only
9061,sheet,sheet->vesicle
9062,fiber,fiber-only
9063,fiber,fiber-only
9064,fiber,fiber-only
9065,fiber,fiber-only
9066,fiber,fiber-only
9067,fiber,fiber-only
9068,fiber,fiber-only
9069,fiber,fiber-only
9070,fiber,fiber-only
9071,fiber,fiber-only
9072,fiber,fiber-only
9073,fiber,fiber-only
9074,fiber,fiber-only
9075,sheet,sheet->vesicle
9076,fiber,fiber-only
9077,fiber,fiber-only
9078,fiber,fiber-only
9079,fiber,fiber-only
9080,fiber,fiber-only
9081,fiber,fiber-only
9082,sheet,sheet->vesicle
9083,fiber,fiber-only
9084,sheet,sheet-only
9085,sheet,sheet->vesicle
9086,fiber,fiber-only
9087,fiber,fiber-only
9088,sheet,sheet->vesicle
9089,fiber,fiber-only
9090,fiber,fiber-only
9091,fiber,fiber-only
9092,fiber,fiber-only
9093,fiber,fiber-only
9094,fiber,fiber-only
9095,fiber,fiber-only
9096,fiber,fiber-only
9097,sheet,sheet->vesicle
9098,sheet,sheet->vesicle
9099,fiber,fiber-only
9100,sheet,sheet-only
9101,fiber,fiber-only
9102,fiber,fiber-only
9103,fiber,fiber-only
9104,fiber,fiber-only
9105,sheet,sheet->vesicle
9106,sheet,sheet->vesicle
9107,sheet,sheet->vesicle
9108,fiber,fiber-only
9109,fiber,fiber-only
9110,fiber,fiber-only
9111,fiber,fiber-only
9112,fiber,fiber-only
9113,fiber,fiber-only
9114,fiber,fiber-only
9115,fiber,fiber-only
9116,fiber,fiber-only
9117,sheet,sheet-only
9118,sheet,sheet->vesicle
9119,fiber,fiber-only
9120,fiber,fiber-only
9121,fiber,fiber-only
9122,fiber,fiber-only
9123,fiber,fiber-only
9124,fiber,fiber-only
9125,fiber,fiber-only
9126,sheet,sheet->vesicle
9127,fiber,fiber-only
9128,fiber,fiber-only
9129,sheet,sheet->vesicle
9130,fiber,fiber-only
9131,fiber,fiber-only
9132,fiber,fiber-only
9133,sheet,sheet->vesicle
9134,fiber,fiber-only
9135,sheet,sheet->vesicle
9136,fiber,fiber-only
9137,fiber,fiber-only
9138,fiber,fiber-only
9139,fiber,fiber-only
9140,fiber,fiber-only
9141,fiber,fiber-only
9142,fiber,fiber-only
9143,fiber,fiber-only
9144,sheet,sheet-only
9145,fiber,fiber-only
9146,sheet,sheet->vesicle
9147,fiber,fiber-only
9148,fiber,fiber-only
9149,fiber,fiber-only
9150,fiber,fiber-only
9151,fiber,fiber-only
9152,sheet,sheet->vesicle
9153,fiber,fiber-only
9154,fiber,fiber-only
9155,fiber,fiber-only
9156,fiber,fiber-only
9157,fiber,fiber-only
9158,fiber,fiber-only
9159,fiber,fiber-only
9160,fiber,fiber-only
9161,fiber,fiber-only
9162,fiber,fiber-only
9163,fiber,fiber-only
9164,fiber,fiber-only
9165,fiber,fiber-only
9166,fiber,fiber-only
9167,fiber,fiber-only
9168,fiber,fiber-only
9169,fiber,fiber-only
9170,fiber,fiber-only
9171,sheet,sheet->vesicle
9172,fiber,fiber-only
9173,fiber,fiber-only
9174,fiber,fiber-only
9175,sheet,sheet->vesicle
9176,fiber,fiber-only
9177,sheet,sheet->vesicle
9178,fiber,fiber-only
9179,fiber,fiber-only
9180,fiber,fiber-only
9181,fiber,fiber-only
9182,sheet,sheet->vesicle
9183,fiber,fiber-only
9184,sheet,sheet->vesicle
9185,fiber,fiber-only
9186,fiber,fiber-only
9187,sheet,sheet->vesicle
9188,fiber,fiber-only
9189,fiber,fiber-only
9190,fiber,fiber-only
9191,sheet,sheet->vesicle
9192,fiber,fiber-only
9193,fiber,fiber-only
9194,sheet,sheet->vesicle
9195,fiber,fiber-only
9196,fiber,fiber-only
9197,sheet,sheet->vesicle
9198,fiber,fiber-only
9199,fiber,fiber-only
9200,fiber,fiber-only
9201,fiber,fiber-only
9202,fiber,fiber-only
9203,fiber,fiber-only
9204,fiber,fiber-only
9205,fiber,fiber-only
9206,sheet,sheet->vesicle
9207,fiber,fiber-only
9208,sheet,sheet->vesicle
9209,fiber,fiber-only
9210,fiber,fiber-only
9211,sheet,sheet->vesicle
9212,fiber,fiber-only
9213,fiber,fiber-only
9214,sheet,sheet->vesicle
9215,fiber,fiber-only
9216,fiber,fiber-only
9217,sheet,sheet-only
9218,fiber,fiber-only
9219,fiber,fiber-only
9220,fiber,fiber-only
9221,sheet,sheet-only
9222,sheet,sheet->vesicle
9223,sheet,sheet->vesicle
9224,fiber,fiber-only
9225,sheet,sheet->vesicle
9226,fiber,fiber-only
9227,fiber,fiber-only
9228,fiber,fiber-only
9229,fiber,fiber-only
9230,fiber,fiber-only
9231,fiber,fiber-only
9232,sheet,sheet->vesicle
9233,fiber,fiber-only
9234,fiber,fiber-only
9235,fiber,fiber-only
9236,fiber,fiber-only
9237,fiber,fiber-only
9238,fiber,fiber-only
9239,fiber,fiber-only
9240,sheet,sheet->vesicle
9241,fiber,fiber-only
9242,fiber,fiber-only
9243,fiber,fiber-only
9244,sheet,sheet-only
9245,sheet,sheet->vesicle
9246,sheet,sheet->vesicle
9247,fiber,fiber-only
9248,fiber,fiber-only
9249,fiber,fiber-only
9250,fiber,fiber-only
9251,fiber,fiber-only
9252,fiber,fiber-only
9253,sheet,sheet->vesicle
9254,sheet,sheet-only
9255,fiber,fiber-only
9256,sheet,sheet->vesicle
9257,sheet,sheet->vesicle
9258,fiber,fiber-only
9259,sheet,sheet->vesicle
9260,fiber,fiber-only
9261,sheet,sheet->vesicle
9262,fiber,fiber-only
9263,sheet,sheet->vesicle
9264,fiber,fiber-only
9265,fiber,fiber-only
9266,sheet,sheet-only
9267,fiber,fiber-only
9268,sheet,sheet-only
9269,sheet,sheet->vesicle
9270,fiber,fiber-only
9271,fiber,fiber-only
9272,sheet,sheet->vesicle
9273,fiber,fiber-only
9274,sheet,sheet->vesicle
9275,fiber,fiber-only
9276,fiber,fiber-only
9277,fiber,fiber-only
9278,sheet,sheet->vesicle
9279,fiber,fiber-only
9280,sheet,sheet->vesicle
9281,sheet,sheet->vesicle
9282,sheet,sheet-only
9283,sheet,sheet->vesicle
9284,sheet,sheet->vesicle
9285,sheet,sheet->vesicle
9286,fiber,fiber-only
9287,sheet,sheet->vesicle
9288,fiber,fiber-only
9289,fiber,fiber-only
9290,fiber,fiber-only
9291,fiber,fiber-only
9292,sheet,sheet->vesicle
9293,fiber,fiber-only
9294,fiber,fiber-only
9295,fiber,fiber-only
9296,sheet,sheet->vesicle
9297,fiber,fiber-only
9298,fiber,fiber-only
9299,fiber,fiber-only
9300,sheet,sheet->vesicle
9301,sheet,sheet->vesicle
9302,sheet,sheet->vesicle
9303,sheet,sheet->vesicle
9304,fiber,fiber-only
9305,fiber,fiber-only
9306,fiber,fiber-only
9307,sheet,sheet->vesicle
9308,fiber,fiber-only
9309,fiber,fiber-only
9310,fiber,fiber-only
9311,sheet,sheet->vesicle
9312,sheet,sheet->vesicle
9313,sheet,sheet->vesicle
9314,fiber,fiber-only
9315,sheet,sheet-only
9316,sheet,sheet->vesicle
9317,sheet,sheet->vesicle
9318,sheet,sheet->vesicle
9319,fiber,fiber-only
9320,sheet,sheet->vesicle
9321,fiber,fiber-only
9322,sheet,sheet->vesicle
9323,sheet,sheet->vesicle
9324,fiber,fiber-only
9325,fiber,fiber-only
9326,sheet,sheet-only
9327,sheet,sheet->vesicle
9328,fiber,fiber-only
9329,fiber,fiber-only
9330,sheet,sheet->vesicle
9331,fiber,fiber-only
9332,sheet,sheet-only
9333,fiber,fiber-only
9334,fiber,fiber-only
9335,fiber,fiber-only
9336,sheet,sheet->vesicle
9337,sheet,sheet->vesicle
9338,sheet,sheet->vesicle
9339,sheet,sheet->vesicle
9340,sheet,sheet->vesicle
9341,sheet,sheet-only
9342,fiber,fiber-only
9343,sheet,sheet-only
9344,sheet,sheet-only
9345,sheet,sheet->vesicle
9346,sheet,sheet-only
9347,sheet,sheet-only
9348,fiber,fiber-only
9349,fiber,fiber-only
9350,fiber,fiber-only
9351,fiber,fiber-only
9352,fiber,fiber-only
9353,fiber,fiber-only
9354,sheet,sheet-only
9355,fiber,fiber-only
9356,fiber,fiber-only
9357,sheet,sheet-only
9358,sheet,sheet->vesicle
9359,fiber,fiber-only
9360,fiber,fiber-only
9361,fiber,fiber-only
9362,sheet,sheet-only
9363,sheet,sheet->vesicle
9364,fiber,fiber-only
9365,sheet,sheet-only
9366,sheet,sheet->vesicle
9367,sheet,sheet->vesicle
9368,sheet,sheet-only
9369,sheet,sheet->vesicle
9370,sheet,sheet-only
9371,sheet,sheet-only
9372,fiber,fiber-only
9373,sheet,sheet->vesicle
9374,fiber,fiber-only
9375,fiber,fiber-only
9376,fiber,fiber-only
9377,fiber,fiber-only
9378,fiber,fiber-only
9379,fiber,fiber-only
9380,sheet,sheet->vesicle
9381,fiber,fiber-only
9382,fiber,fiber-only
9383,fiber,fiber-only
9384,sheet,sheet-only
9385,sheet,sheet->vesicle
9386,sheet,sheet-only
9387,sheet,sheet-only
9388,sheet,sheet-only
9389,fiber,fiber-only
9390,sheet,sheet->vesicle
9391,fiber,fiber-only
9392,sheet,sheet->vesicle
9393,fiber,fiber-only
9394,fiber,fiber-only
9395,fiber,fiber-only
9396,fiber,fiber-only
9397,fiber,fiber-only
9398,fiber,fiber-only
9399,sheet,sheet->vesicle
9400,fiber,fiber-only
9401,fiber,fiber-only
9402,fiber,fiber-only
9403,fiber,fiber-only
9404,sheet,sheet->vesicle
9405,fiber,fiber-only
9406,fiber,fiber-only
9407,fiber,fiber-only
9408,fiber,fiber-only
9409,sheet,sheet-only
9410,sheet,sheet->vesicle
9411,fiber,fiber-only
9412,fiber,fiber-only
9413,sheet,sheet->vesicle
9414,fiber,fiber-only
9415,fiber,fiber-only
9416,fiber,fiber-only
9417,fiber,fiber-only
9418,sheet,sheet-only
9419,fiber,fiber-only
9420,fiber,fiber-only
9421,fiber,fiber-only
9422,fiber,fiber-only
9423,fiber,fiber-only
9424,fiber,fiber-only
9425,fiber,fiber-only
9426,fiber,fiber-only
9427,sheet,sheet->vesicle
9428,fiber,fiber-only
9429,fiber,fiber-only
9430,sheet,sheet->vesicle
9431,fiber,fiber-only
9432,fiber,fiber-only
9433,fiber,fiber-only
9434,fiber,fiber-only
9435,sheet,sheet->vesicle
9436,fiber,fiber-only
9437,fiber,fiber-only
9438,sheet,sheet->vesicle
9439,fiber,fiber-only
9440,fiber,fiber-only
9441,fiber,fiber-only
9442,fiber,fiber-only
9443,sheet,sheet->vesicle
9444,fiber,fiber-only
9445,sheet,sheet->vesicle
9446,fiber,fiber-only
9447,fiber,fiber-only
9448,fiber,fiber-only
9449,sheet,sheet->vesicle
9450,fiber,fiber-only
9451,sheet,sheet->vesicle
9452,fiber,fiber-only
9453,fiber,fiber-only
9454,fiber,fiber-only
9455,fiber,fiber-only
9456,fiber,fiber-only
9457,fiber,fiber-only
9458,sheet,sheet->vesicle
9459,fiber,fiber-only
9460,sheet,sheet-only
9461,fiber,fiber-only
9462,sheet,sheet->vesicle
9463,fiber,fiber-only
9464,sheet,sheet->vesicle
9465,sheet,sheet->vesicle
9466,sheet,sheet-only
9467,fiber,fiber-only
9468,fiber,fiber-only
9469,sheet,sheet->vesicle
9470,fiber,fiber-only
9471,fiber,fiber-only
9472,sheet,sheet->vesicle
9473,fiber,fiber-only
9474,sheet,sheet->vesicle
9475,fiber,fiber-only
9476,sheet,sheet->vesicle
9477,fiber,fiber-only
9478,sheet,sheet-only
9479,fiber,fiber-only
9480,fiber,fiber-only
9481,sheet,sheet->vesicle
9482,fiber,fiber-only
9483,sheet,sheet->vesicle
9484,fiber,fiber-only
9485,fiber,fiber-only
9486,fiber,fiber-only
9487,fiber,fiber-only
9488,fiber,fiber-only
9489,sheet,sheet->vesicle
9490,fiber,fiber-only
9491,sheet,sheet->vesicle
9492,fiber,fiber-only
9493,fiber,fiber-only
9494,fiber,fiber-only
9495,fiber,fiber-only
9496,fiber,fiber-only
9497,fiber,fiber-only
9498,fiber,fiber-only
9499,fiber,fiber-only
9500,sheet,sheet->vesicle
9501,fiber,fiber-only
9502,fiber,fiber-only
9503,fiber,fiber-only
9504,fiber,fiber-only
9505,fiber,fiber-only
9506,fiber,fiber-only
9507,fiber,fiber-only
9508,fiber,fiber-only
9509,sheet,sheet-only
9510,fiber,fiber-only
9511,fiber,fiber-only
9512,fiber,fiber-only
9513,fiber,fiber-only
9514,fiber,fiber-only
9515,fiber,fiber-only
9516,sheet,sheet-only
9517,fiber,fiber-only
9518,fiber,fiber-only
9519,fiber,fiber-only
9520,fiber,fiber-only
9521,fiber,fiber-only
9522,fiber,fiber-only
9523,sheet,sheet-only
9524,fiber,fiber-only
9525,fiber,fiber-only
9526,sheet,sheet-only
9527,fiber,fiber-only
9528,fiber,fiber-only
9529,fiber,fiber-only
9530,fiber,fiber-only
9531,fiber,fiber-only
9532,fiber,fiber-only
9533,sheet,sheet-only
9534,sheet,sheet-only
9535,fiber,fiber-only
9536,sheet,sheet-only
9537,fiber,fiber-only
9538,fiber,fiber-only
9539,sheet,sheet-only
9540,sheet,sheet-only
9541,sheet,sheet-only
9542,fiber,fiber-only
9543,fiber,fiber-only
9544,fiber,fiber-only
9545,fiber,fiber-only
9546,fiber,fiber-only
9547,fiber,fiber-only
9548,sheet,sheet-only
9549,fiber,fiber-only
9550,fiber,fiber-only
9551,fiber,fiber-only
9552,fiber,fiber-only
9553,fiber,fiber-only
9554,fiber,fiber-only
9555,fiber,fiber-only
9556,fiber,fiber-only
9557,fiber,fiber-only
9558,fiber,fiber-only
9559,fiber,fiber-only
9560,fiber,fiber-only
9561,fiber,fiber-only
9562,fiber,fiber-only
9563,fiber,fiber-only
9564,sheet,sheet-only
9565,fiber,fiber-only
9566,fiber,fiber-only
9567,fiber,fiber-only
9568,fiber,fiber-only
9569,fiber,fiber-only
9570,fiber,fiber-only
9571,sheet,sheet-only
9572,fiber,fiber-only
9573,fiber,fiber-only
9574,sheet,sheet-only
9575,fiber,fiber-only
9576,sheet,sheet-only
9577,fiber,fiber-only
9578,fiber,fiber-only
9579,fiber,fiber-only
9580,fiber,fiber-only
9581,fiber,fiber-only
9582,fiber,fiber-only
9583,sheet,sheet-only
9584,sheet,sheet-only
9585,fiber,fiber-only
9586,sheet,sheet-only
9587,fiber,fiber-only
9588,sheet,sheet-only
9589,fiber,fiber-only
9590,fiber,fiber-only
9591,fiber,fiber-only
9592,sheet,sheet-only
9593,fiber,fiber-only
9594,fiber,fiber-only
9595,fiber,fiber-only
9596,fiber,fiber-only
9597,sheet,sheet-only
9598,fiber,fiber-only
9599,fiber,fiber-only
9600,fiber,fiber-only
9601,sheet,sheet-only
9602,fiber,fiber-only
9603,fiber,fiber-only
9604,sheet,sheet-only
9605,sheet,sheet-only
9606,fiber,fiber-only
9607,fiber,fiber-only
9608,fiber,fiber-only
9609,sheet,sheet-only
9610,fiber,fiber-only
9611,sheet,sheet-only
9612,sheet,sheet-only
9613,fiber,fiber-only
9614,sheet,sheet-only
9615,fiber,fiber-only
9616,fiber,fiber-only
9617,fiber,fiber-only
9618,fiber,fiber-only
9619,fiber,fiber-only
9620,fiber,fiber-only
9621,fiber,fiber-only
9622,fiber,fiber-only
9623,fiber,fiber-only
9624,fiber,fiber-only
9625,fiber,fiber-only
9626,sheet,sheet-only
9627,fiber,fiber-only
9628,sheet,sheet-only
9629,sheet,sheet-only
9630,fiber,fiber-only
9631,fiber,fiber-only
9632,fiber,fiber-only
9633,fiber,fiber-only
9634,sheet,sheet-only
9635,fiber,fiber-only
9636,sheet,sheet-only
9637,fiber,fiber-only
9638,fiber,fiber-only
9639,sheet,sheet-only
9640,fiber,fiber-only
9641,sheet,sheet-only
9642,sheet,sheet-only
9643,sheet,sheet-only
9644,sheet,sheet-only
9645,sheet,sheet-only
9646,sheet,sheet-only
9647,sheet,sheet-only
9648,sheet,sheet-only
9649,sheet,sheet-only
9650,sheet,sheet-only
9651,sheet,sheet-only
9652,sheet,sheet-only
9653,sheet,sheet-only
9654,sheet,sheet-only
9655,sheet,sheet-only
9656,sheet,sheet-only
9657,sheet,sheet-only
9658,sheet,sheet-only
9659,sheet,sheet->vesicle
9660,sheet,sheet->vesicle
9661,sheet,sheet-only
9662,sheet,sheet-only
9663,sheet,sheet-only
9664,fiber,fiber-only
9665,sheet,sheet-only
9666,sheet,sheet-only
9667,sheet,sheet-only
9668,sheet,sheet-only
9669,sheet,sheet-only
9670,sheet,sheet-only
9671,sheet,sheet-only
9672,sheet,sheet-only
9673,sheet,sheet-only
9674,sheet,sheet-only
9675,sheet,sheet-only
9676,sheet,sheet-only
9677,sheet,sheet-only
9678,sheet,sheet-only
9679,sheet,sheet-only
9680,sheet,sheet-only
9681,sheet,sheet-only
9682,sheet,sheet-only
9683,sheet,sheet-only
9684,sheet,sheet-only
9685,sheet,sheet-only
9686,sheet,sheet-only
9687,sheet,sheet-only
9688,sheet,sheet-only
9689,sheet,sheet-only
9690,sheet,sheet-only
9691,sheet,sheet-only
9692,sheet,sheet-only
9693,sheet,sheet-only
9694,sheet,sheet-only
9695,sheet,sheet-only
9696,sheet,sheet-only
9697,sheet,sheet-only
9698,sheet,sheet-only
9699,sheet,sheet-only
9700,sheet,sheet-only
9701,sheet,sheet-only
9702,sheet,sheet-only
9703,sheet,sheet-only
9704,sheet,sheet-only
9705,sheet,sheet-only
9706,sheet,sheet-only
9707,sheet,sheet-only
9708,sheet,sheet-only
9709,sheet,sheet-only
9710,sheet,sheet-only
9711,sheet,sheet-only
9712,sheet,sheet-only
9713,sheet,sheet-only
9714,sheet,sheet-only
9715,sheet,sheet-only
9716,sheet,sheet-only
9717,sheet,sheet-only
9718,sheet,sheet-only
9719,sheet,sheet-only
9720,sheet,sheet->vesicle
9721,sheet,sheet-only
9722,sheet,sheet->vesicle
9723,sheet,sheet-only
9724,sheet,sheet-only
9725,sheet,sheet-only
9726,sheet,sheet-only
9727,sheet,sheet-only
9728,sheet,sheet->vesicle
9729,sheet,sheet->vesicle
9730,sheet,sheet->vesicle
9731,sheet,sheet-only
9732,sheet,sheet->vesicle
9733,sheet,sheet-only
9734,sheet,sheet->vesicle
9735,sheet,sheet-only
9736,sheet,sheet-only
9737,sheet,sheet-only
9738,sheet,sheet-only
9739,sheet,sheet->vesicle
9740,sheet,sheet-only
9741,sheet,sheet->vesicle
9742,sheet,sheet->vesicle
9743,sheet,sheet->vesicle
9744,sheet,sheet->vesicle
9745,sheet,sheet->vesicle
9746,sheet,sheet->vesicle
9747,sheet,sheet->vesicle
9748,sheet,sheet->vesicle
9749,sheet,sheet-only
9750,sheet,sheet-only
9751,sheet,sheet->vesicle
9752,sheet,sheet-only
9753,sheet,sheet-only
9754,sheet,sheet-only
9755,sheet,sheet-only
9756,sheet,sheet-only
9757,sheet,sheet-only
9758,sheet,sheet-only
9759,sheet,sheet-only
9760,sheet,sheet-only
9761,sheet,sheet-only
9762,sheet,sheet-only
9763,sheet,sheet->vesicle
9764,sheet,sheet-only
9765,sheet,sheet-only
9766,sheet,sheet->vesicle
9767,sheet,sheet->vesicle
9768,sheet,sheet-only
9769,sheet,sheet-only
9770,sheet,sheet->vesicle
9771,sheet,sheet-only
9772,sheet,sheet-only
9773,sheet,sheet-only
9774,sheet,sheet->vesicle
9775,sheet,sheet-only
9776,sheet,sheet-only
9777,sheet,sheet->vesicle
9778,sheet,sheet->vesicle
9779,sheet,sheet-only
9780,sheet,sheet->vesicle
9781,sheet,sheet-only
9782,sheet,sheet-only
9783,sheet,sheet->vesicle
9784,sheet,sheet-only
9785,sheet,sheet-only
9786,sheet,sheet->vesicle
9787,sheet,sheet-only
9788,sheet,sheet-only
9789,sheet,sheet->vesicle
9790,sheet,sheet->vesicle
9791,sheet,sheet->vesicle
9792,sheet,sheet->vesicle
9793,sheet,sheet->vesicle
9794,sheet,sheet->vesicle
9795,sheet,sheet->vesicle
9796,sheet,sheet->vesicle
9797,sheet,sheet->vesicle
9798,sheet,sheet->vesicle
9799,sheet,sheet->vesicle
9800,sheet,sheet->vesicle
9801,sheet,sheet->vesicle
9802,sheet,sheet->vesicle
9803,sheet,sheet->vesicle
9804,sheet,sheet->vesicle
9805,sheet,sheet->vesicle
9806,fiber,fiber-only
9807,fiber,fiber-only
9808,fiber,fiber-only
9809,sheet,sheet->vesicle
9810,fiber,fiber-only
9811,sheet,sheet->vesicle
9812,fiber,fiber-only
9813,fiber,fiber-only
9814,fiber,fiber-only
9815,sheet,sheet->vesicle
9816,fiber,fiber-only
9817,fiber,fiber-only
9818,fiber,fiber-only
9819,fiber,fiber-only
9820,fiber,fiber-only
9821,fiber,fiber-only
9822,fiber,fiber-only
9823,fiber,fiber-only
9824,fiber,fiber-only
9825,fiber,fiber-only
9826,fiber,fiber-only
9827,fiber,fiber-only
9828,fiber,fiber-only
9829,fiber,fiber-only
9830,fiber,fiber-only
9831,fiber,fiber-only
9832,fiber,fiber-only
9833,fiber,fiber-only
9834,fiber,fiber-only
9835,fiber,fiber-only
9836,fiber,fiber-only
9837,fiber,fiber-only
9838,fiber,fiber-only
9839,sheet,sheet->vesicle
9840,fiber,fiber-only
9841,fiber,fiber-only
9842,sheet,sheet->vesicle
9843,sheet,sheet->vesicle
9844,fiber,fiber-only
9845,fiber,fiber-only
9846,fiber,fiber-only
9847,fiber,fiber-only
9848,sheet,sheet->vesicle
9849,sheet,sheet->vesicle
9850,fiber,fiber-only
9851,sheet,sheet->vesicle
9852,sheet,sheet->vesicle
9853,fiber,fiber-only
9854,fiber,fiber-only
9855,fiber,fiber-only
9856,fiber,fiber-only
9857,fiber,fiber-only
9858,fiber,fiber-only
9859,fiber,fiber-only
9860,fiber,fiber-only
9861,fiber,fiber-only
9862,fiber,fiber-only
9863,sheet,sheet-only
9864,fiber,fiber-only
9865,fiber,fiber-only
9866,fiber,fiber-only
9867,fiber,fiber-only
9868,fiber,fiber-only
9869,fiber,fiber-only
9870,fiber,fiber-only
9871,fiber,fiber-only
9872,fiber,fiber-only
9873,fiber,fiber-only
9874,fiber,fiber-only
9875,fiber,fiber-only
9876,fiber,fiber-only
9877,fiber,fiber-only
9878,sheet,sheet->vesicle
9879,fiber,fiber-only
9880,fiber,fiber-only
9881,fiber,fiber-only
9882,fiber,fiber-only
9883,sheet,sheet->vesicle
9884,fiber,fiber-only
9885,sheet,sheet-only
9886,fiber,fiber-only
9887,fiber,fiber-only
9888,fiber,fiber-only
9889,sheet,sheet-only
9890,fiber,fiber-only
9891,fiber,fiber-only
9892,fiber,fiber-only
9893,fiber,fiber-only
9894,fiber,fiber-only
9895,fiber,fiber-only
9896,fiber,fiber-only
9897,fiber,fiber-only
9898,fiber,fiber-only
9899,fiber,fiber-only
9900,fiber,fiber-only
9901,sheet,sheet->vesicle
9902,fiber,fiber-only
9903,fiber,fiber-only
9904,fiber,fiber-only
9905,sheet,sheet->vesicle
9906,fiber,fiber-only
9907,fiber,fiber-only
9908,fiber,fiber-only
9909,fiber,fiber-only
9910,fiber,fiber-only
9911,sheet,sheet-only
9912,fiber,fiber-only
9913,fiber,fiber-only
9914,fiber,fiber-only
9915,fiber,fiber-only
9916,fiber,fiber-only
9917,fiber,fiber-only
9918,fiber,fiber-only
9919,fiber,fiber-only
9920,fiber,fiber-only
9921,fiber,fiber-only
9922,fiber,fiber-only
9923,fiber,fiber-only
9924,fiber,fiber-only
9925,fiber,fiber-only
9926,fiber,fiber-only
9927,sheet,sheet->vesicle
9928,sheet,sheet->vesicle
9929,fiber,fiber-only
9930,fiber,fiber-only
9931,fiber,fiber-only
9932,fiber,fiber-only
9933,sheet,sheet->vesicle
9934,fiber,fiber-only
9935,fiber,fiber-only
9936,sheet,sheet->vesicle
9937,sheet,sheet->vesicle
9938,fiber,fiber-only
9939,fiber,fiber-only
9940,fiber,fiber-only
9941,fiber,fiber-only
9942,fiber,fiber-only
9943,fiber,fiber-only
9944,fiber,fiber-only
9945,fiber,fiber-only
9946,fiber,fiber-only
9947,sheet,sheet->vesicle
9948,sheet,sheet->vesicle
9949,fiber,fiber-only
9950,fiber,fiber-only
9951,fiber,fiber-only
9952,sheet,sheet->vesicle
9953,fiber,fiber-only
9954,fiber,fiber-only
9955,sheet,sheet-only
9956,fiber,fiber-only
9957,fiber,fiber-only
9958,fiber,fiber-only
9959,fiber,fiber-only
9960,fiber,fiber-only
9961,fiber,fiber-only
9962,sheet,sheet->vesicle
9963,fiber,fiber-only
9964,fiber,fiber-only
9965,sheet,sheet->vesicle
9966,fiber,fiber-only
9967,fiber,fiber-only
9968,fiber,fiber-only
9969,fiber,fiber-only
9970,fiber,fiber-only
9971,fiber,fiber-only
9972,fiber,fiber-only
9973,sheet,sheet->vesicle
9974,fiber,fiber-only
9975,sheet,sheet->vesicle
9976,fiber,fiber-only
9977,sheet,sheet-only
9978,fiber,fiber-only
9979,fiber,fiber-only
9980,fiber,fiber-only
9981,fiber,fiber-only
9982,fiber,fiber-only
9983,fiber,fiber-only
9984,fiber,fiber-only
9985,fiber,fiber-only
9986,fiber,fiber-only
9987,fiber,fiber-only
9988,fiber,fiber-only
9989,fiber,fiber-only
9990,fiber,fiber-only
9991,fiber,fiber-only
9992,fiber,fiber-only
9993,fiber,fiber-only
9994,fiber,fiber-only
9995,fiber,fiber-only
9996,fiber,fiber-only
9997,fiber,fiber-only
9998,fiber,fiber-only
9999,sheet,sheet-only
10000,fiber,fiber-only
10001,fiber,fiber-only
10002,fiber,fiber-only
10003,fiber,fiber-only
10004,fiber,fiber-only
10005,fiber,fiber-only
10006,fiber,fiber-only
10007,fiber,fiber-only
10008,fiber,fiber-only
10009,fiber,fiber-only
10010,fiber,fiber-only
10011,fiber,fiber-only
10012,fiber,fiber-only
10013,fiber,fiber-only
10014,fiber,fiber-only
10015,sheet,sheet->vesicle
10016,sheet,sheet-only
10017,sheet,sheet->vesicle
10018,sheet,sheet->vesicle
10019,fiber,fiber-only
10020,fiber,fiber-only
10021,sheet,sheet-only
10022,fiber,fiber-only
10023,fiber,fiber-only
10024,fiber,fiber-only
10025,fiber,fiber-only
10026,sheet,sheet->vesicle
10027,sheet,sheet->vesicle
10028,fiber,fiber-only
10029,fiber,fiber-only
10030,fiber,fiber-only
10031,fiber,fiber-only
10032,fiber,fiber-only
10033,fiber,fiber-only
10034,sheet,sheet->vesicle
10035,sheet,sheet->vesicle
10036,fiber,fiber-only
10037,fiber,fiber-only
10038,fiber,fiber-only
10039,fiber,fiber-only
10040,fiber,fiber-only
10041,fiber,fiber-only
10042,sheet,sheet->vesicle
10043,fiber,fiber-only
10044,fiber,fiber-only
10045,fiber,fiber-only
10046,fiber,fiber-only
10047,fiber,fiber-only
10048,fiber,fiber-only
10049,fiber,fiber-only
10050,fiber,fiber-only
10051,fiber,fiber-only
10052,fiber,fiber-only
10053,fiber,fiber-only
10054,fiber,fiber-only
10055,fiber,fiber-only
10056,fiber,fiber-only
10057,fiber,fiber-only
10058,fiber,fiber-only
10059,sheet,sheet->vesicle
10060,sheet,sheet->vesicle
10061,fiber,fiber-only
10062,sheet,sheet->vesicle
10063,fiber,fiber-only
10064,fiber,fiber-only
10065,fiber,fiber-only
10066,fiber,fiber-only
10067,fiber,fiber-only
10068,fiber,fiber-only
10069,fiber,fiber-only
10070,fiber,fiber-only
10071,fiber,fiber-only
10072,fiber,fiber-only
10073,fiber,fiber-only
10074,fiber,fiber-only
10075,fiber,fiber-only
10076,fiber,fiber-only
10077,fiber,fiber-only
10078,fiber,fiber-only
10079,fiber,fiber-only
10080,fiber,fiber-only
10081,fiber,fiber-only
10082,fiber,fiber-only
10083,fiber,fiber-only
10084,fiber,fiber-only
10085,fiber,fiber-only
10086,fiber,fiber-only
10087,fiber,fiber-only
10088,fiber,fiber-only
10089,fiber,fiber-only
10090,fiber,fiber-only
10091,fiber,fiber-only
10092,fiber,fiber-only
10093,fiber,fiber-only
10094,sheet,sheet->vesicle
10095,fiber,fiber-only
10096,fiber,fiber-only
10097,fiber,fiber-only
10098,sheet,sheet->vesicle
10099,fiber,fiber-only
10100,fiber,fiber-only
10101,fiber,fiber-only
10102,fiber,fiber-only
10103,fiber,fiber-only
10104,sheet,sheet->vesicle
10105,fiber,fiber-only
10106,fiber,fiber-only
10107,fiber,fiber-only
10108,sheet,sheet->vesicle
10109,fiber,fiber-only
10110,fiber,fiber-only
10111,fiber,fiber-only
10112,fiber,fiber-only
10113,sheet,sheet->vesicle
10114,fiber,fiber-only
10115,sheet,sheet->vesicle
10116,fiber,fiber-only
10117,fiber,fiber-only
10118,fiber,fiber-only
10119,fiber,fiber-only
10120,fiber,fiber-only
10121,fiber,fiber-only
10122,fiber,fiber-only
10123,sheet,sheet->vesicle
10124,fiber,fiber-only
10125,fiber,fiber-only
10126,fiber,fiber-only
10127,fiber,fiber-only
10128,fiber,fiber-only
10129,fiber,fiber-only
10130,fiber,fiber-only
10131,fiber,fiber-only
10132,fiber,fiber-only
10133,fiber,fiber-only
10134,fiber,fiber-only
10135,fiber,fiber-only
10136,fiber,fiber-only
10137,fiber,fiber-only
10138,fiber,fiber-only
10139,sheet,sheet->vesicle
10140,fiber,fiber-only
10141,fiber,fiber-only
10142,fiber,fiber-only
10143,sheet,sheet-only
10144,fiber,fiber-only
10145,fiber,fiber-only
10146,fiber,fiber-only
10147,fiber,fiber-only
10148,fiber,fiber-only
10149,fiber,fiber-only
10150,fiber,fiber-only
10151,sheet,sheet->vesicle
10152,fiber,fiber-only
10153,fiber,fiber-only
10154,fiber,fiber-only
10155,fiber,fiber-only
10156,fiber,fiber-only
10157,fiber,fiber-only
10158,fiber,fiber-only
10159,sheet,sheet->vesicle
10160,fiber,fiber-only
10161,fiber,fiber-only
10162,sheet,sheet->vesicle
10163,fiber,fiber-only
10164,fiber,fiber-only
10165,fiber,fiber-only
10166,fiber,fiber-only
10167,fiber,fiber-only
10168,fiber,fiber-only
10169,fiber,fiber-only
10170,sheet,sheet->vesicle
10171,sheet,sheet->vesicle
10172,sheet,sheet->vesicle
10173,fiber,fiber-only
10174,fiber,fiber-only
10175,fiber,fiber-only
10176,fiber,fiber-only
10177,fiber,fiber-only
10178,sheet,sheet->vesicle
10179,fiber,fiber-only
10180,sheet,sheet-only
10181,fiber,fiber-only
10182,fiber,fiber-only
10183,fiber,fiber-only
10184,sheet,sheet-only
10185,fiber,fiber-only
10186,fiber,fiber-only
10187,sheet,sheet-only
10188,sheet,sheet-only
10189,fiber,fiber-only
10190,fiber,fiber-only
10191,sheet,sheet-only
10192,sheet,sheet->vesicle
10193,fiber,fiber-only
10194,sheet,sheet-only
10195,fiber,fiber-only
10196,fiber,fiber-only
10197,fiber,fiber-only
10198,sheet,sheet->vesicle
10199,sheet,sheet-only
10200,fiber,fiber-only
10201,fiber,fiber-only
10202,fiber,fiber-only
10203,fiber,fiber-only
10204,sheet,sheet-only
10205,fiber,fiber-only
10206,fiber,fiber-only
10207,fiber,fiber-only
10208,fiber,fiber-only
10209,fiber,fiber-only
10210,fiber,fiber-only
10211,fiber,fiber-only
10212,fiber,fiber-only
10213,fiber,fiber-only
10214,fiber,fiber-only
10215,fiber,fiber-only
10216,sheet,sheet-only
10217,fiber,fiber-only
10218,sheet,sheet-only
10219,fiber,fiber-only
10220,sheet,sheet-only
10221,fiber,fiber-only
10222,fiber,fiber-only
10223,fiber,fiber-only
10224,sheet,sheet->vesicle
10225,fiber,fiber-only
10226,sheet,sheet-only
10227,fiber,fiber-only
10228,sheet,sheet-only
10229,fiber,fiber-only
10230,fiber,fiber-only
10231,fiber,fiber-only
10232,sheet,sheet-only
10233,fiber,fiber-only
10234,fiber,fiber-only
10235,fiber,fiber-only
10236,fiber,fiber-only
10237,sheet,sheet->vesicle
10238,fiber,fiber-only
10239,sheet,sheet-only
10240,sheet,sheet-only
10241,sheet,sheet-only
10242,fiber,fiber-only
10243,sheet,sheet-only
10244,fiber,fiber-only
10245,fiber,fiber-only
10246,fiber,fiber-only
10247,sheet,sheet-only
10248,sheet,sheet-only
10249,sheet,sheet-only
10250,fiber,fiber-only
10251,fiber,fiber-only
10252,sheet,sheet-only
10253,sheet,sheet-only
10254,sheet,sheet-only
10255,sheet,sheet-only
10256,sheet,sheet-only
10257,sheet,sheet-only
10258,sheet,sheet-only
10259,fiber,fiber-only
10260,fiber,fiber-only
10261,fiber,fiber-only
10262,fiber,fiber-only
10263,fiber,fiber-only
10264,fiber,fiber-only
10265,fiber,fiber-only
10266,fiber,fiber-only
10267,fiber,fiber-only
10268,fiber,fiber-only
10269,sheet,sheet->vesicle
10270,fiber,fiber-only
10271,fiber,fiber-only
10272,fiber,fiber-only
10273,fiber,fiber-only
10274,fiber,fiber-only
10275,fiber,fiber-only
10276,fiber,fiber-only
10277,sheet,sheet->vesicle
10278,fiber,fiber-only
10279,fiber,fiber-only
10280,fiber,fiber-only
10281,fiber,fiber-only
10282,sheet,sheet->vesicle
10283,fiber,fiber-only
10284,fiber,fiber-only
10285,fiber,fiber-only
10286,sheet,sheet-only
10287,fiber,fiber-only
10288,fiber,fiber-only
10289,fiber,fiber-only
10290,fiber,fiber-only
10291,fiber,fiber-only
10292,sheet,sheet-only
10293,fiber,fiber-only
10294,fiber,fiber-only
10295,sheet,sheet-only
10296,fiber,fiber-only
10297,fiber,fiber-only
10298,sheet,sheet-only
10299,fiber,fiber-only
10300,fiber,fiber-only
10301,fiber,fiber-only
10302,fiber,fiber-only
10303,sheet,sheet-only
10304,sheet,sheet-only
10305,sheet,sheet-only
10306,fiber,fiber-only
10307,fiber,fiber-only
10308,fiber,fiber-only
10309,sheet,sheet-only
10310,fiber,fiber-only
10311,fiber,fiber-only
10312,sheet,sheet-only
10313,fiber,fiber-only
10314,fiber,fiber-only
10315,fiber,fiber-only
10316,fiber,fiber-only
10317,sheet,sheet-only
10318,sheet,sheet-only
10319,fiber,fiber-only
10320,sheet,sheet-only
10321,fiber,fiber-only
10322,sheet,sheet-only
10323,sheet,sheet->vesicle
10324,fiber,fiber-only
10325,sheet,sheet-only
10326,fiber,fiber-only
10327,fiber,fiber-only
10328,sheet,sheet->vesicle
10329,fiber,fiber-only
10330,fiber,fiber-only
10331,fiber,fiber-only
10332,sheet,sheet-only
10333,sheet,sheet-only
10334,fiber,fiber-only
10335,fiber,fiber-only
10336,fiber,fiber-only
10337,fiber,fiber-only
10338,fiber,fiber-only
10339,fiber,fiber-only
10340,fiber,fiber-only
10341,fiber,fiber-only
10342,sheet,sheet-only
10343,sheet,sheet-only
10344,fiber,fiber-only
10345,sheet,sheet->vesicle
10346,fiber,fiber-only
10347,fiber,fiber-only
10348,sheet,sheet->vesicle
10349,fiber,fiber-only
10350,fiber,fiber-only
10351,fiber,fiber-only
10352,sheet,sheet-only
10353,sheet,sheet->vesicle
10354,fiber,fiber-only
10355,sheet,sheet->vesicle
10356,sheet,sheet->vesicle
10357,sheet,sheet->vesicle
10358,fiber,fiber-only
10359,sheet,sheet->vesicle
10360,sheet,sheet->vesicle
10361,fiber,fiber-only
10362,sheet,sheet->vesicle
10363,fiber,fiber-only
10364,fiber,fiber-only
10365,sheet,sheet->vesicle
10366,fiber,fiber-only
10367,fiber,fiber-only
10368,fiber,fiber-only
10369,fiber,fiber-only
10370,sheet,sheet->vesicle
10371,fiber,fiber-only
10372,sheet,sheet->vesicle
10373,fiber,fiber-only
10374,sheet,sheet->vesicle
10375,fiber,fiber-only
10376,fiber,fiber-only
10377,fiber,fiber-only
10378,fiber,fiber-only
10379,fiber,fiber-only
10380,fiber,fiber-only
10381,fiber,fiber-only
10382,fiber,fiber-only
10383,sheet,sheet-only
10384,sheet,sheet-only
10385,sheet,sheet-only
10386,fiber,fiber-only
10387,fiber,fiber-only
10388,fiber,fiber-only
10389,sheet,sheet-only
10390,sheet,sheet-only
10391,sheet,sheet-only
10392,sheet,sheet-only
10393,fiber,fiber-only
10394,sheet,sheet-only
10395,fiber,fiber-only
10396,fiber,fiber-only
10397,sheet,sheet-only
10398,fiber,fiber-only
10399,fiber,fiber-only
10400,fiber,fiber-only
10401,sheet,sheet-only
10402,fiber,fiber-only
10403,fiber,fiber-only
10404,sheet,sheet-only
10405,fiber,fiber-only
10406,fiber,fiber-only
10407,fiber,fiber-only
10408,fiber,fiber-only
10409,fiber,fiber-only
10410,fiber,fiber-only
10411,sheet,sheet->vesicle
10412,fiber,fiber-only
10413,fiber,fiber-only
10414,sheet,sheet->vesicle
10415,sheet,sheet->vesicle
10416,fiber,fiber-only
10417,sheet,sheet->vesicle
10418,sheet,sheet->vesicle
10419,sheet,sheet->vesicle
10420,sheet,sheet->vesicle
10421,sheet,sheet->vesicle
10422,sheet,sheet-only
10423,sheet,sheet->vesicle
10424,fiber,fiber-only
10425,fiber,fiber-only
10426,fiber,fiber-only
10427,fiber,fiber-only
10428,fiber,fiber-only
10429,fiber,fiber-only
10430,fiber,fiber-only
10431,sheet,sheet->vesicle
10432,fiber,fiber-only
10433,fiber,fiber-only
10434,sheet,sheet-only
10435,fiber,fiber-only
10436,fiber,fiber-only
10437,fiber,fiber-only
10438,fiber,fiber-only
10439,fiber,fiber-only
10440,sheet,sheet->vesicle
10441,fiber,fiber-only
10442,sheet,sheet-only
10443,fiber,fiber-only
10444,fiber,fiber-only
10445,fiber,fiber-only
10446,sheet,sheet-only
10447,fiber,fiber-only
10448,fiber,fiber-only
10449,fiber,fiber-only
10450,fiber,fiber-only
10451,fiber,fiber-only
10452,fiber,fiber-only
10453,sheet,sheet->vesicle
10454,fiber,fiber-only
10455,fiber,fiber-only
10456,fiber,fiber-only
10457,sheet,sheet->vesicle
10458,fiber,fiber-only
10459,sheet,sheet->vesicle
10460,sheet,sheet->vesicle
10461,fiber,fiber-only
10462,fiber,fiber-only
10463,fiber,fiber-only
10464,fiber,fiber-only
10465,sheet,sheet->vesicle
10466,fiber,fiber-only
10467,sheet,sheet->vesicle
10468,sheet,sheet->vesicle
10469,sheet,sheet->vesicle
10470,fiber,fiber-only
10471,sheet,sheet->vesicle
10472,fiber,fiber-only
10473,fiber,fiber-only
10474,sheet,sheet->vesicle
10475,sheet,sheet->vesicle
10476,fiber,fiber-only
10477,fiber,fiber-only
10478,fiber,fiber-only
10479,fiber,fiber-only
10480,fiber,fiber-only
10481,fiber,fiber-only
10482,fiber,fiber-only
10483,sheet,sheet-only
10484,fiber,fiber-only
10485,fiber,fiber-only
10486,fiber,fiber-only
10487,fiber,fiber-only
10488,fiber,fiber-only
10489,fiber,fiber-only
10490,fiber,fiber-only
10491,fiber,fiber-only
10492,fiber,fiber-only
10493,fiber,fiber-only
10494,fiber,fiber-only
10495,fiber,fiber-only
10496,fiber,fiber-only
10497,fiber,fiber-only
10498,fiber,fiber-only
10499,fiber,fiber-only
10500,fiber,fiber-only
10501,fiber,fiber-only
10502,fiber,fiber-only
10503,fiber,fiber-only
10504,fiber,fiber-only
10505,fiber,fiber-only
10506,fiber,fiber-only
10507,fiber,fiber-only
10508,fiber,fiber-only
10509,fiber,fiber-only
10510,fiber,fiber-only
10511,fiber,fiber-only
10512,fiber,fiber-only
10513,fiber,fiber-only
10514,fiber,fiber-only
10515,fiber,fiber-only
10516,fiber,fiber-only
10517,fiber,fiber-only
10518,fiber,fiber-only
10519,fiber,fiber-only
10520,fiber,fiber-only
10521,fiber,fiber-only
10522,fiber,fiber-only
10523,fiber,fiber-only
10524,fiber,fiber-only
10525,fiber,fiber-only
10526,fiber,fiber-only
10527,fiber,fiber-only
10528,fiber,fiber-only
10529,fiber,fiber-only
10530,fiber,fiber-only
10531,fiber,fiber-only
10532,fiber,fiber-only
10533,fiber,fiber-only
10534,fiber,fiber-only
10535,fiber,fiber-only
10536,fiber,fiber-only
10537,fiber,fiber-only
10538,fiber,fiber-only
10539,fiber,fiber-only
10540,fiber,fiber-only
10541,fiber,fiber-only
10542,fiber,fiber-only
10543,fiber,fiber-only
10544,fiber,fiber-only
10545,fiber,fiber-only
10546,fiber,fiber-only
10547,fiber,fiber-only
10548,fiber,fiber-only
10549,fiber,fiber-only
10550,fiber,fiber-only
10551,fiber,fiber-only
10552,sheet,sheet-only
10553,fiber,fiber-only
10554,fiber,fiber-only
10555,fiber,fiber-only
10556,fiber,fiber-only
10557,fiber,fiber-only
10558,fiber,fiber-only
10559,fiber,fiber-only
10560,fiber,fiber-only
10561,fiber,fiber-only
10562,fiber,fiber-only
10563,fiber,fiber-only
10564,fiber,fiber-only
10565,fiber,fiber-only
10566,fiber,fiber-only
10567,fiber,fiber-only
10568,fiber,fiber-only
10569,fiber,fiber-only
10570,fiber,fiber-only
10571,fiber,fiber-only
10572,fiber,fiber-only
10573,sheet,sheet-only
10574,fiber,fiber-only
10575,fiber,fiber-only
10576,fiber,fiber-only
10577,fiber,fiber-only
10578,fiber,fiber-only
10579,fiber,fiber-only
10580,fiber,fiber-only
10581,fiber,fiber-only
10582,fiber,fiber-only
10583,sheet,sheet-only
10584,fiber,fiber-only
10585,fiber,fiber-only
10586,fiber,fiber-only
10587,fiber,fiber-only
10588,sheet,sheet->vesicle
10589,fiber,fiber-only
10590,sheet,sheet-only
10591,fiber,fiber-only
10592,sheet,sheet->vesicle
10593,fiber,fiber-only
10594,fiber,fiber-only
10595,fiber,fiber-only
10596,fiber,fiber-only
10597,fiber,fiber-only
10598,fiber,fiber-only
10599,fiber,fiber-only
10600,sheet,sheet-only
10601,fiber,fiber-only
10602,fiber,fiber-only
10603,fiber,fiber-only
10604,fiber,fiber-only
10605,fiber,fiber-only
10606,fiber,fiber-only
10607,sheet,sheet->vesicle
10608,fiber,fiber-only
10609,fiber,fiber-only
10610,fiber,fiber-only
10611,fiber,fiber-only
10612,sheet,sheet-only
10613,sheet,sheet-only
10614,sheet,sheet-only
10615,fiber,fiber-only
10616,fiber,fiber-only
10617,sheet,sheet-only
10618,fiber,fiber-only
10619,fiber,fiber-only
10620,fiber,fiber-only
10621,fiber,fiber-only
10622,fiber,fiber-only
10623,fiber,fiber-only
10624,fiber,fiber-only
10625,fiber,fiber-only
10626,fiber,fiber-only
10627,fiber,fiber-only
10628,fiber,fiber-only
10629,sheet,sheet-only
10630,fiber,fiber-only
10631,fiber,fiber-only
10632,fiber,fiber-only
10633,fiber,fiber-only
10634,fiber,fiber-only
10635,fiber,fiber-only
10636,fiber,fiber-only
10637,fiber,fiber-only
10638,fiber,fiber-only
10639,fiber,fiber-only
10640,fiber,fiber-only
10641,fiber,fiber-only
10642,sheet,sheet-only
10643,fiber,fiber-only
10644,fiber,fiber-only
10645,fiber,fiber-only
10646,sheet,sheet-only
10647,fiber,fiber-only
10648,fiber,fiber-only
10649,fiber,fiber-only
10650,fiber,fiber-only
10651,fiber,fiber-only
10652,fiber,fiber-only
10653,fiber,fiber-only
10654,fiber,fiber-only
10655,fiber,fiber-only
10656,fiber,fiber-only
10657,fiber,fiber-only
10658,fiber,fiber-only
10659,fiber,fiber-only
10660,fiber,fiber-only
10661,fiber,fiber-only
10662,fiber,fiber-only
10663,fiber,fiber-only
10664,fiber,fiber-only
10665,fiber,fiber-only
10666,fiber,fiber-only
10667,fiber,fiber-only
10668,fiber,fiber-only
10669,fiber,fiber-only
10670,fiber,fiber-only
10671,fiber,fiber-only
10672,fiber,fiber-only
10673,fiber,fiber-only
10674,fiber,fiber-only
10675,fiber,fiber-only
10676,sheet,sheet-only
10677,sheet,sheet-only
10678,fiber,fiber-only
10679,fiber,fiber-only
10680,fiber,fiber-only
10681,fiber,fiber-only
10682,fiber,fiber-only
10683,fiber,fiber-only
10684,sheet,sheet-only
10685,fiber,fiber-only
10686,sheet,sheet-only
10687,fiber,fiber-only
10688,sheet,sheet->vesicle
10689,fiber,fiber-only
10690,fiber,fiber-only
10691,fiber,fiber-only
10692,fiber,fiber-only
10693,fiber,fiber-only
10694,fiber,fiber-only
10695,sheet,sheet->vesicle
10696,sheet,sheet->vesicle
10697,sheet,sheet->vesicle
10698,sheet,sheet->vesicle
10699,sheet,sheet->vesicle
10700,sheet,sheet->vesicle
10701,sheet,sheet->vesicle
10702,fiber,fiber-only
10703,sheet,sheet->vesicle
10704,sheet,sheet->vesicle
10705,sheet,sheet->vesicle
10706,fiber,fiber-only
10707,sheet,sheet->vesicle
10708,fiber,fiber-only
10709,fiber,fiber-only
10710,fiber,fiber-only
10711,fiber,fiber-only
10712,sheet,sheet->vesicle
10713,fiber,fiber-only
10714,fiber,fiber-only
10715,fiber,fiber-only
10716,sheet,sheet->vesicle
10717,fiber,fiber-only
10718,fiber,fiber-only
10719,fiber,fiber-only
10720,fiber,fiber-only
10721,fiber,fiber-only
10722,fiber,fiber-only
10723,fiber,fiber-only
10724,fiber,fiber-only
10725,fiber,fiber-only
10726,fiber,fiber-only
10727,fiber,fiber-only
10728,fiber,fiber-only
10729,fiber,fiber-only
10730,fiber,fiber-only
10731,sheet,sheet->vesicle
10732,fiber,fiber-only
10733,fiber,fiber-only
10734,fiber,fiber-only
10735,fiber,fiber-only
10736,fiber,fiber-only
10737,sheet,sheet-only
10738,fiber,fiber-only
10739,fiber,fiber-only
10740,fiber,fiber-only
10741,fiber,fiber-only
10742,fiber,fiber-only
10743,fiber,fiber-only
10744,fiber,fiber-only
10745,fiber,fiber-only
10746,fiber,fiber-only
10747,fiber,fiber-only
10748,fiber,fiber-only
10749,fiber,fiber-only
10750,fiber,fiber-only
10751,fiber,fiber-only
10752,fiber,fiber-only
10753,sheet,sheet-only
10754,fiber,fiber-only
10755,fiber,fiber-only
10756,fiber,fiber-only
10757,fiber,fiber-only
10758,fiber,fiber-only
10759,fiber,fiber-only
10760,fiber,fiber-only
10761,fiber,fiber-only
10762,fiber,fiber-only
10763,fiber,fiber-only
10764,fiber,fiber-only
10765,fiber,fiber-only
10766,fiber,fiber-only
10767,fiber,fiber-only
10768,fiber,fiber-only
10769,fiber,fiber-only
10770,fiber,fiber-only
10771,fiber,fiber-only
10772,fiber,fiber-only
10773,fiber,fiber-only
10774,sheet,sheet-only
10775,fiber,fiber-only
10776,fiber,fiber-only
10777,fiber,fiber-only
10778,sheet,sheet-only
10779,fiber,fiber-only
10780,sheet,sheet->vesicle
10781,fiber,fiber-only
10782,fiber,fiber-only
10783,sheet,sheet->vesicle
10784,fiber,fiber-only
10785,fiber,fiber-only
10786,sheet,sheet->vesicle
10787,fiber,fiber-only
10788,sheet,sheet->vesicle
10789,sheet,sheet->vesicle
10790,fiber,fiber-only
10791,fiber,fiber-only
10792,sheet,sheet->vesicle
10793,fiber,fiber-only
10794,sheet,sheet->vesicle
10795,sheet,sheet->vesicle
10796,sheet,sheet-only
10797,fiber,fiber-only
10798,sheet,sheet->vesicle
10799,sheet,sheet-only
10800,sheet,sheet->vesicle
10801,sheet,sheet-only
10802,sheet,sheet->vesicle
10803,sheet,sheet-only
10804,sheet,sheet-only
10805,sheet,sheet-only
10806,sheet,sheet-only
10807,fiber,fiber-only
10808,sheet,sheet->vesicle
10809,sheet,sheet->vesicle
10810,fiber,fiber-only
10811,fiber,fiber-only
10812,fiber,fiber-only
10813,fiber,fiber-only
10814,fiber,fiber-only
10815,fiber,fiber-only
10816,fiber,fiber-only
10817,fiber,fiber-only
10818,fiber,fiber-only
10819,fiber,fiber-only
10820,fiber,fiber-only
10821,fiber,fiber-only
10822,fiber,fiber-only
10823,fiber,fiber-only
10824,fiber,fiber-only
10825,sheet,sheet->vesicle
10826,sheet,sheet->vesicle
10827,fiber,fiber-only
10828,fiber,fiber-only
10829,fiber,fiber-only
10830,fiber,fiber-only
10831,fiber,fiber-only
10832,fiber,fiber-only
10833,fiber,fiber-only
10834,fiber,fiber-only
10835,sheet,sheet->vesicle
10836,fiber,fiber-only
10837,fiber,fiber-only
10838,fiber,fiber-only
10839,sheet,sheet->vesicle
10840,sheet,sheet->vesicle
10841,fiber,fiber-only
10842,fiber,fiber-only
10843,fiber,fiber-only
10844,fiber,fiber-only
10845,fiber,fiber-only
10846,fiber,fiber-only
10847,fiber,fiber-only
10848,fiber,fiber-only
10849,fiber,fiber-only
10850,fiber,fiber-only
10851,fiber,fiber-only
10852,fiber,fiber-only
10853,fiber,fiber-only
10854,fiber,fiber-only
10855,fiber,fiber-only
10856,fiber,fiber-only
10857,fiber,fiber-only
10858,fiber,fiber-only
10859,sheet,sheet->vesicle
10860,fiber,fiber-only
10861,fiber,fiber-only
10862,fiber,fiber-only
10863,fiber,fiber-only
10864,fiber,fiber-only
10865,fiber,fiber-only
10866,fiber,fiber-only
10867,sheet,sheet->vesicle
10868,sheet,sheet->vesicle
10869,fiber,fiber-only
10870,fiber,fiber-only
10871,fiber,fiber-only
10872,fiber,fiber-only
10873,fiber,fiber-only
10874,fiber,fiber-only
10875,fiber,fiber-only
10876,fiber,fiber-only
10877,fiber,fiber-only
10878,fiber,fiber-only
10879,fiber,fiber-only
10880,fiber,fiber-only
10881,fiber,fiber-only
10882,fiber,fiber-only
10883,fiber,fiber-only
10884,fiber,fiber-only
10885,sheet,sheet-only
10886,fiber,fiber-only
10887,fiber,fiber-only
10888,fiber,fiber-only
10889,fiber,fiber-only
10890,fiber,fiber-only
10891,fiber,fiber-only
10892,fiber,fiber-only
10893,fiber,fiber-only
10894,fiber,fiber-only
10895,fiber,fiber-only
10896,fiber,fiber-only
10897,fiber,fiber-only
10898,fiber,fiber-only
10899,fiber,fiber-only
10900,fiber,fiber-only
10901,sheet,sheet-only
10902,fiber,fiber-only
10903,fiber,fiber-only
10904,fiber,fiber-only
10905,sheet,sheet-only
10906,sheet,sheet->vesicle
10907,sheet,sheet->vesicle
10908,sheet,sheet->vesicle
10909,fiber,fiber-only
10910,sheet,sheet->vesicle
10911,fiber,fiber-only
10912,fiber,fiber-only
10913,fiber,fiber-only
10914,fiber,fiber-only
10915,fiber,fiber-only
10916,fiber,fiber-only
10917,fiber,fiber-only
10918,fiber,fiber-only
10919,fiber,fiber-only
10920,fiber,fiber-only
10921,fiber,fiber-only
10922,fiber,fiber-only
10923,sheet,sheet->vesicle
10924,sheet,sheet->vesicle
10925,sheet,sheet->vesicle
10926,sheet,sheet->vesicle
10927,sheet,sheet->vesicle
10928,fiber,fiber-only
10929,sheet,sheet->vesicle
10930,sheet,sheet->vesicle
10931,fiber,fiber-only
10932,sheet,sheet->vesicle
10933,sheet,sheet->vesicle
10934,sheet,sheet->vesicle
10935,sheet,sheet->vesicle
10936,sheet,sheet->vesicle
10937,fiber,fiber-only
10938,sheet,sheet->vesicle
10939,fiber,fiber-only
10940,fiber,fiber-only
10941,sheet,sheet->vesicle
10942,sheet,sheet->vesicle
10943,sheet,sheet->vesicle
10944,sheet,sheet->vesicle
10945,sheet,sheet->vesicle
10946,sheet,sheet->vesicle
10947,sheet,sheet->vesicle
10948,fiber,fiber-only
10949,sheet,sheet->vesicle
10950,sheet,sheet->vesicle
10951,sheet,sheet->vesicle
10952,sheet,sheet->vesicle
10953,sheet,sheet->vesicle
10954,fiber,fiber-only
10955,fiber,fiber-only
10956,fiber,fiber-only
10957,fiber,fiber-only
10958,fiber,fiber-only
10959,fiber,fiber-only
10960,sheet,sheet->vesicle
10961,sheet,sheet->vesicle
10962,fiber,fiber-only
10963,sheet,sheet->vesicle
10964,sheet,sheet->vesicle
10965,fiber,fiber-only
10966,fiber,fiber-only
10967,sheet,sheet->vesicle
10968,sheet,sheet->vesicle
10969,sheet,sheet->vesicle
10970,fiber,fiber-only
10971,fiber,fiber-only
10972,sheet,sheet->vesicle
10973,sheet,sheet->vesicle
10974,sheet,sheet->vesicle
10975,sheet,sheet->vesicle
10976,sheet,sheet->vesicle
10977,sheet,sheet->vesicle
10978,sheet,sheet->vesicle
10979,sheet,sheet->vesicle
10980,sheet,sheet->vesicle
10981,sheet,sheet->vesicle
10982,sheet,sheet->vesicle
10983,sheet,sheet->vesicle
10984,sheet,sheet->vesicle
10985,sheet,sheet->vesicle
10986,sheet,sheet->vesicle
10987,fiber,fiber-only
10988,fiber,fiber-only
10989,sheet,sheet->vesicle
10990,fiber,fiber-only
10991,sheet,sheet->vesicle
10992,fiber,fiber-only
10993,fiber,fiber-only
10994,fiber,fiber-only
10995,fiber,fiber-only
10996,sheet,sheet->vesicle
10997,sheet,sheet->vesicle
10998,sheet,sheet->vesicle
10999,sheet,sheet->vesicle
11000,sheet,sheet->vesicle
11001,sheet,sheet->vesicle
11002,sheet,sheet->vesicle
11003,fiber,fiber-only
11004,sheet,sheet->vesicle
11005,sheet,sheet->vesicle
11006,fiber,fiber-only
11007,sheet,sheet->vesicle
11008,sheet,sheet->vesicle
11009,sheet,sheet->vesicle
11010,sheet,sheet->vesicle
11011,sheet,sheet->vesicle
11012,fiber,fiber-only
11013,sheet,sheet->vesicle
11014,fiber,fiber-only
11015,sheet,sheet->vesicle
11016,sheet,sheet->vesicle
11017,sheet,sheet->vesicle
11018,sheet,sheet->vesicle
11019,sheet,sheet->vesicle
11020,sheet,sheet->vesicle
11021,sheet,sheet->vesicle
11022,sheet,sheet->vesicle
11023,sheet,sheet->vesicle
11024,fiber,fiber-only
11025,fiber,fiber-only
11026,fiber,fiber-only
11027,sheet,sheet->vesicle
11028,sheet,sheet->vesicle
11029,sheet,sheet->vesicle
11030,fiber,fiber-only
11031,sheet,sheet->vesicle
11032,fiber,fiber-only
11033,sheet,sheet->vesicle
11034,sheet,sheet->vesicle
11035,sheet,sheet->vesicle
11036,sheet,sheet->vesicle
11037,fiber,fiber-only
11038,sheet,sheet->vesicle
11039,fiber,fiber-only
11040,sheet,sheet->vesicle
11041,sheet,sheet->vesicle
11042,sheet,sheet->vesicle
11043,fiber,fiber-only
11044,sheet,sheet->vesicle
11045,sheet,sheet->vesicle
11046,fiber,fiber-only
11047,fiber,fiber-only
11048,fiber,fiber-only
11049,sheet,sheet->vesicle
11050,fiber,fiber-only
11051,fiber,fiber-only
11052,fiber,fiber-only
11053,sheet,sheet->vesicle
11054,sheet,sheet->vesicle
11055,fiber,fiber-only
11056,sheet,sheet->vesicle
11057,fiber,fiber-only
11058,sheet,sheet->vesicle
11059,sheet,sheet->vesicle
11060,sheet,sheet->vesicle
11061,sheet,sheet->vesicle
11062,fiber,fiber-only
11063,fiber,fiber-only
11064,sheet,sheet->vesicle
11065,fiber,fiber-only
11066,sheet,sheet->vesicle
11067,fiber,fiber-only
11068,sheet,sheet->vesicle
11069,sheet,sheet->vesicle
11070,sheet,sheet->vesicle
11071,sheet,sheet->vesicle
11072,sheet,sheet->vesicle
11073,sheet,sheet->vesicle
11074,sheet,sheet->vesicle
11075,sheet,sheet->vesicle
11076,sheet,sheet->vesicle
11077,sheet,sheet->vesicle
11078,sheet,sheet->vesicle
11079,sheet,sheet->vesicle
11080,fiber,fiber-only
11081,sheet,sheet->vesicle
11082,sheet,sheet->vesicle
11083,fiber,fiber-only
11084,sheet,sheet->vesicle
11085,sheet,sheet->vesicle
11086,sheet,sheet->vesicle
11087,sheet,sheet->vesicle
11088,fiber,fiber-only
11089,fiber,fiber-only
11090,sheet,sheet->vesicle
11091,sheet,sheet->vesicle
11092,sheet,sheet->vesicle
11093,sheet,sheet->vesicle
11094,fiber,fiber-only
11095,fiber,fiber-only
11096,sheet,sheet->vesicle
11097,fiber,fiber-only
11098,fiber,fiber-only
11099,fiber,fiber-only
11100,fiber,fiber-only
11101,fiber,fiber-only
11102,fiber,fiber-only
11103,fiber,fiber-only
11104,sheet,sheet->vesicle
11105,fiber,fiber-only
11106,sheet,sheet->vesicle
11107,sheet,sheet->vesicle
11108,sheet,sheet->vesicle
11109,sheet,sheet->vesicle
11110,sheet,sheet->vesicle
11111,sheet,sheet->vesicle
11112,sheet,sheet->vesicle
11113,sheet,sheet->vesicle
11114,sheet,sheet->vesicle
11115,sheet,sheet->vesicle
11116,fiber,fiber-only
11117,fiber,fiber-only
11118,sheet,sheet->vesicle
11119,sheet,sheet->vesicle
11120,sheet,sheet->vesicle
11121,sheet,sheet->vesicle
11122,sheet,sheet->vesicle
11123,fiber,fiber-only
11124,sheet,sheet->vesicle
11125,sheet,sheet->vesicle
11126,sheet,sheet->vesicle
11127,sheet,sheet->vesicle
11128,fiber,fiber-only
11129,sheet,sheet->vesicle
11130,fiber,fiber-only
11131,fiber,fiber-only
11132,fiber,fiber-only
11133,fiber,fiber-only
11134,fiber,fiber-only
11135,fiber,fiber-only
11136,sheet,sheet->vesicle
11137,sheet,sheet->vesicle
11138,sheet,sheet->vesicle
11139,fiber,fiber-only
11140,fiber,fiber-only
11141,fiber,fiber-only
11142,sheet,sheet->vesicle
11143,sheet,sheet->vesicle
11144,fiber,fiber-only
11145,fiber,fiber-only
11146,sheet,sheet->vesicle
11147,sheet,sheet->vesicle
11148,fiber,fiber-only
11149,sheet,sheet->vesicle
11150,fiber,fiber-only
11151,fiber,fiber-only
11152,sheet,sheet->vesicle
11153,fiber,fiber-only
11154,fiber,fiber-only
11155,sheet,sheet->vesicle
11156,fiber,fiber-only
11157,fiber,fiber-only
11158,fiber,fiber-only
11159,fiber,fiber-only
11160,fiber,fiber-only
11161,fiber,fiber-only
11162,fiber,fiber-only
11163,fiber,fiber-only
11164,fiber,fiber-only
11165,sheet,sheet->vesicle
11166,fiber,fiber-only
11167,fiber,fiber-only
11168,fiber,fiber-only
11169,fiber,fiber-only
11170,fiber,fiber-only
11171,fiber,fiber-only
11172,fiber,fiber-only
11173,fiber,fiber-only
11174,fiber,fiber-only
11175,fiber,fiber-only
11176,fiber,fiber-only
11177,fiber,fiber-only
11178,fiber,fiber-only
11179,fiber,fiber-only
11180,fiber,fiber-only
11181,fiber,fiber-only
11182,fiber,fiber-only
11183,fiber,fiber-only
11184,fiber,fiber-only
11185,fiber,fiber-only
11186,fiber,fiber-only
11187,fiber,fiber-only
11188,fiber,fiber-only
11189,fiber,fiber-only
11190,fiber,fiber-only
11191,fiber,fiber-only
11192,fiber,fiber-only
11193,sheet,sheet->vesicle
11194,fiber,fiber-only
11195,fiber,fiber-only
11196,sheet,sheet->vesicle
11197,fiber,fiber-only
11198,fiber,fiber-only
11199,fiber,fiber-only
11200,fiber,fiber-only
11201,fiber,fiber-only
11202,fiber,fiber-only
11203,fiber,fiber-only
11204,fiber,fiber-only
11205,fiber,fiber-only
11206,fiber,fiber-only
11207,fiber,fiber-only
11208,fiber,fiber-only
11209,fiber,fiber-only
11210,fiber,fiber-only
11211,fiber,fiber-only
11212,fiber,fiber-only
11213,fiber,fiber-only
11214,fiber,fiber-only
11215,fiber,fiber-only
11216,fiber,fiber-only
11217,fiber,fiber-only
11218,fiber,fiber-only
11219,fiber,fiber-only
11220,fiber,fiber-only
11221,fiber,fiber-only
11222,fiber,fiber-only
11223,sheet,sheet->vesicle
11224,fiber,fiber-only
11225,fiber,fiber-only
11226,fiber,fiber-only
11227,fiber,fiber-only
11228,fiber,fiber-only
11229,fiber,fiber-only
11230,fiber,fiber-only
11231,sheet,sheet->vesicle
11232,fiber,fiber-only
11233,fiber,fiber-only
11234,fiber,fiber-only
11235,fiber,fiber-only
11236,fiber,fiber-only
11237,fiber,fiber-only
11238,fiber,fiber-only
11239,fiber,fiber-only
11240,fiber,fiber-only
11241,fiber,fiber-only
11242,fiber,fiber-only
11243,fiber,fiber-only
11244,fiber,fiber-only
11245,fiber,fiber-only
11246,fiber,fiber-only
11247,fiber,fiber-only
11248,fiber,fiber-only
11249,fiber,fiber-only
11250,fiber,fiber-only
11251,sheet,sheet->vesicle
11252,fiber,fiber-only
11253,fiber,fiber-only
11254,fiber,fiber-only
11255,fiber,fiber-only
11256,fiber,fiber-only
11257,fiber,fiber-only
11258,sheet,sheet->vesicle
11259,sheet,sheet->vesicle
11260,fiber,fiber-only
11261,fiber,fiber-only
11262,sheet,sheet->vesicle
11263,fiber,fiber-only
11264,sheet,sheet->vesicle
11265,fiber,fiber-only
11266,fiber,fiber-only
11267,fiber,fiber-only
11268,fiber,fiber-only
11269,sheet,sheet->vesicle
11270,fiber,fiber-only
11271,fiber,fiber-only
11272,sheet,sheet->vesicle
11273,fiber,fiber-only
11274,fiber,fiber-only
11275,sheet,sheet->vesicle
11276,fiber,fiber-only
11277,fiber,fiber-only
11278,fiber,fiber-only
11279,fiber,fiber-only
11280,fiber,fiber-only
11281,fiber,fiber-only
11282,fiber,fiber-only
11283,sheet,sheet->vesicle
11284,sheet,sheet->vesicle
11285,fiber,fiber-only
11286,fiber,fiber-only
11287,fiber,fiber-only
11288,fiber,fiber-only
11289,fiber,fiber-only
11290,sheet,sheet->vesicle
11291,fiber,fiber-only
11292,fiber,fiber-only
11293,fiber,fiber-only
11294,fiber,fiber-only
11295,fiber,fiber-only
11296,fiber,fiber-only
11297,fiber,fiber-only
11298,fiber,fiber-only
11299,fiber,fiber-only
11300,fiber,fiber-only
11301,fiber,fiber-only
11302,fiber,fiber-only
11303,fiber,fiber-only
11304,fiber,fiber-only
11305,fiber,fiber-only
11306,sheet,sheet->vesicle
11307,fiber,fiber-only
11308,fiber,fiber-only
11309,fiber,fiber-only
11310,fiber,fiber-only
11311,sheet,sheet->vesicle
11312,sheet,sheet->vesicle
11313,fiber,fiber-only
11314,fiber,fiber-only
11315,fiber,fiber-only
11316,fiber,fiber-only
11317,fiber,fiber-only
11318,sheet,sheet->vesicle
11319,fiber,fiber-only
11320,fiber,fiber-only
11321,fiber,fiber-only
11322,fiber,fiber-only
11323,fiber,fiber-only
11324,fiber,fiber-only
11325,fiber,fiber-only
11326,sheet,sheet->vesicle
11327,fiber,fiber-only
11328,fiber,fiber-only
11329,fiber,fiber-only
11330,fiber,fiber-only
11331,sheet,sheet->vesicle
11332,sheet,sheet->vesicle
11333,fiber,fiber-only
11334,sheet,sheet->vesicle
11335,fiber,fiber-only
11336,sheet,sheet->vesicle
11337,fiber,fiber-only
11338,fiber,fiber-only
11339,fiber,fiber-only
11340,sheet,sheet->vesicle
11341,fiber,fiber-only
11342,fiber,fiber-only
11343,sheet,sheet->vesicle
11344,sheet,sheet->vesicle
11345,fiber,fiber-only
11346,fiber,fiber-only
11347,sheet,sheet->vesicle
11348,sheet,sheet->vesicle
11349,sheet,sheet->vesicle
11350,fiber,fiber-only
11351,sheet,sheet->vesicle
11352,sheet,sheet->vesicle
11353,sheet,sheet->vesicle
11354,sheet,sheet->vesicle
11355,sheet,sheet->vesicle
11356,sheet,sheet->vesicle
11357,sheet,sheet->vesicle
11358,sheet,sheet->vesicle
11359,sheet,sheet->vesicle
11360,sheet,sheet->vesicle
11361,sheet,sheet->vesicle
11362,sheet,sheet->vesicle
11363,sheet,sheet->vesicle
11364,sheet,sheet->vesicle
11365,sheet,sheet->vesicle
11366,sheet,sheet->vesicle
11367,sheet,sheet->vesicle
11368,sheet,sheet->vesicle
11369,sheet,sheet->vesicle
11370,fiber,fiber-only
11371,fiber,fiber-only
11372,sheet,sheet->vesicle
11373,sheet,sheet->vesicle
11374,sheet,sheet->vesicle
11375,fiber,fiber-only
11376,fiber,fiber-only
11377,fiber,fiber-only
11378,sheet,sheet->vesicle
11379,fiber,fiber-only
11380,sheet,sheet->vesicle
11381,sheet,sheet->vesicle
11382,sheet,sheet->vesicle
11383,sheet,sheet->vesicle
11384,sheet,sheet->vesicle
11385,fiber,fiber-only
11386,fiber,fiber-only
11387,fiber,fiber-only
11388,fiber,fiber-only
11389,fiber,fiber-only
11390,fiber,fiber-only
11391,sheet,sheet->vesicle
11392,fiber,fiber-only
11393,sheet,sheet->vesicle
11394,fiber,fiber-only
11395,sheet,sheet->vesicle
11396,fiber,fiber-only
11397,sheet,sheet->vesicle
11398,sheet,sheet->vesicle
11399,fiber,fiber-only
11400,fiber,fiber-only
11401,fiber,fiber-only
11402,fiber,fiber-only
11403,fiber,fiber-only
11404,fiber,fiber-only
11405,fiber,fiber-only
11406,fiber,fiber-only
11407,fiber,fiber-only
11408,fiber,fiber-only
11409,fiber,fiber-only
11410,fiber,fiber-only
11411,fiber,fiber-only
11412,fiber,fiber-only
11413,fiber,fiber-only
11414,fiber,fiber-only
11415,fiber,fiber-only
11416,fiber,fiber-only
11417,fiber,fiber-only
11418,fiber,fiber-only
11419,fiber,fiber-only
11420,fiber,fiber-only
11421,fiber,fiber-only
11422,fiber,fiber-only
11423,fiber,fiber-only
11424,fiber,fiber-only
11425,fiber,fiber-only
11426,fiber,fiber-only
11427,fiber,fiber-only
11428,fiber,fiber-only
11429,fiber,fiber-only
11430,fiber,fiber-only
11431,fiber,fiber-only
11432,fiber,fiber-only
11433,fiber,fiber-only
11434,fiber,fiber-only
11435,fiber,fiber-only
11436,fiber,fiber-only
11437,fiber,fiber-only
11438,fiber,fiber-only
11439,fiber,fiber-only
11440,fiber,fiber-only
11441,fiber,fiber-only
11442,fiber,fiber-only
11443,fiber,fiber-only
11444,fiber,fiber-only
11445,fiber,fiber-only
11446,fiber,fiber-only
11447,fiber,fiber-only
11448,fiber,fiber-only
11449,fiber,fiber-only
11450,fiber,fiber-only
11451,fiber,fiber-only
11452,fiber,fiber-only
11453,fiber,fiber-only
11454,fiber,fiber-only
11455,fiber,fiber-only
11456,fiber,fiber-only
11457,fiber,fiber-only
11458,fiber,fiber-only
11459,fiber,fiber-only
11460,fiber,fiber-only
11461,fiber,fiber-only
11462,fiber,fiber-only
11463,fiber,fiber-only
11464,fiber,fiber-only
11465,fiber,fiber-only
11466,fiber,fiber-only
11467,fiber,fiber-only
11468,fiber,fiber-only
11469,fiber,fiber-only
11470,fiber,fiber-only
11471,fiber,fiber-only
11472,fiber,fiber-only
11473,fiber,fiber-only
11474,fiber,fiber-only
11475,fiber,fiber-only
11476,fiber,fiber-only
11477,fiber,fiber-only
11478,fiber,fiber-only
11479,fiber,fiber-only
11480,fiber,fiber-only
11481,fiber,fiber-only
11482,fiber,fiber-only
11483,fiber,fiber-only
11484,fiber,fiber-only
11485,fiber,fiber-only
11486,fiber,fiber-only
11487,fiber,fiber-only
11488,fiber,fiber-only
11489,fiber,fiber-only
11490,fiber,fiber-only
11491,fiber,fiber-only
11492,fiber,fiber-only
11493,fiber,fiber-only
11494,fiber,fiber-only
11495,fiber,fiber-only
11496,fiber,fiber-only
11497,fiber,fiber-only
11498,fiber,fiber-only
11499,fiber,fiber-only
11500,fiber,fiber-only
11501,fiber,fiber-only
11502,fiber,fiber-only
11503,fiber,fiber-only
11504,fiber,fiber-only
11505,fiber,fiber-only
11506,fiber,fiber-only
11507,fiber,fiber-only
11508,fiber,fiber-only
11509,fiber,fiber-only
11510,fiber,fiber-only
11511,fiber,fiber-only
11512,fiber,fiber-only
11513,fiber,fiber-only
11514,fiber,fiber-only
11515,fiber,fiber-only
11516,fiber,fiber-only
11517,fiber,fiber-only
11518,fiber,fiber-only
11519,fiber,fiber-only
11520,fiber,fiber-only
11521,fiber,fiber-only
11522,fiber,fiber-only
11523,fiber,fiber-only
11524,fiber,fiber-only
11525,sheet,sheet->vesicle
11526,fiber,fiber-only
11527,sheet,sheet->vesicle
11528,fiber,fiber-only
11529,fiber,fiber-only
11530,fiber,fiber-only
11531,fiber,fiber-only
11532,fiber,fiber-only
11533,fiber,fiber-only
11534,fiber,fiber-only
11535,fiber,fiber-only
11536,fiber,fiber-only
11537,fiber,fiber-only
11538,fiber,fiber-only
11539,fiber,fiber-only
11540,fiber,fiber-only
11541,fiber,fiber-only
11542,fiber,fiber-only
11543,fiber,fiber-only
11544,fiber,fiber-only
11545,fiber,fiber-only
11546,fiber,fiber-only
11547,fiber,fiber-only
11548,fiber,fiber-only
11549,sheet,sheet->vesicle
11550,fiber,fiber-only
11551,fiber,fiber-only
11552,fiber,fiber-only
11553,fiber,fiber-only
11554,fiber,fiber-only
11555,fiber,fiber-only
11556,fiber,fiber-only
11557,fiber,fiber-only
11558,fiber,fiber-only
11559,fiber,fiber-only
11560,fiber,fiber-only
11561,fiber,fiber-only
11562,fiber,fiber-only
11563,fiber,fiber-only
11564,fiber,fiber-only
11565,fiber,fiber-only
11566,fiber,fiber-only
11567,fiber,fiber-only
11568,fiber,fiber-only
11569,fiber,fiber-only
11570,fiber,fiber-only
11571,fiber,fiber-only
11572,fiber,fiber-only
11573,fiber,fiber-only
11574,fiber,fiber-only
11575,fiber,fiber-only
11576,fiber,fiber-only
11577,fiber,fiber-only
11578,fiber,fiber-only
11579,fiber,fiber-only
11580,fiber,fiber-only
11581,fiber,fiber-only
11582,fiber,fiber-only
11583,fiber,fiber-only
11584,fiber,fiber-only
11585,fiber,fiber-only
11586,fiber,fiber-only
11587,fiber,fiber-only
11588,fiber,fiber-only
11589,fiber,fiber-only
11590,fiber,fiber-only
11591,fiber,fiber-only
11592,fiber,fiber-only
11593,fiber,fiber-only
11594,fiber,fiber-only
11595,fiber,fiber-only
11596,fiber,fiber-only
11597,fiber,fiber-only
11598,fiber,fiber-only
11599,fiber,fiber-only
11600,fiber,fiber-only
11601,fiber,fiber-only
11602,fiber,fiber-only
11603,fiber,fiber-only
11604,fiber,fiber-only
11605,fiber,fiber-only
11606,fiber,fiber-only
11607,fiber,fiber-only
11608,fiber,fiber-only
11609,fiber,fiber-only
11610,fiber,fiber-only
11611,fiber,fiber-only
11612,fiber,fiber-only
11613,sheet,sheet->vesicle
11614,fiber,fiber-only
11615,fiber,fiber-only
11616,fiber,fiber-only
11617,sheet,sheet->vesicle
11618,fiber,fiber-only
11619,fiber,fiber-only
11620,fiber,fiber-only
11621,fiber,fiber-only
11622,fiber,fiber-only
11623,fiber,fiber-only
11624,fiber,fiber-only
11625,fiber,fiber-only
11626,fiber,fiber-only
11627,fiber,fiber-only
11628,fiber,fiber-only
11629,fiber,fiber-only
11630,fiber,fiber-only
11631,sheet,sheet->vesicle
11632,fiber,fiber-only
11633,fiber,fiber-only
11634,fiber,fiber-only
11635,fiber,fiber-only
11636,fiber,fiber-only
11637,fiber,fiber-only
11638,fiber,fiber-only
11639,fiber,fiber-only
11640,fiber,fiber-only
11641,fiber,fiber-only
11642,fiber,fiber-only
11643,fiber,fiber-only
11644,fiber,fiber-only
11645,fiber,fiber-only
11646,fiber,fiber-only
11647,fiber,fiber-only
11648,fiber,fiber-only
11649,fiber,fiber-only
11650,fiber,fiber-only
11651,fiber,fiber-only
11652,sheet,sheet->vesicle
11653,fiber,fiber-only
11654,fiber,fiber-only
11655,fiber,fiber-only
11656,fiber,fiber-only
11657,fiber,fiber-only
11658,fiber,fiber-only
11659,fiber,fiber-only
11660,fiber,fiber-only
11661,fiber,fiber-only
11662,fiber,fiber-only
11663,sheet,sheet->vesicle
11664,fiber,fiber-only
11665,fiber,fiber-only
11666,fiber,fiber-only
11667,fiber,fiber-only
11668,fiber,fiber-only
11669,fiber,fiber-only
11670,fiber,fiber-only
11671,fiber,fiber-only
11672,fiber,fiber-only
11673,fiber,fiber-only
11674,fiber,fiber-only
11675,fiber,fiber-only
11676,fiber,fiber-only
11677,sheet,sheet->vesicle
11678,sheet,sheet->vesicle
11679,fiber,fiber-only
11680,fiber,fiber-only
11681,fiber,fiber-only
11682,fiber,fiber-only
11683,sheet,sheet->vesicle
11684,fiber,fiber-only
11685,fiber,fiber-only
11686,fiber,fiber-only
11687,fiber,fiber-only
11688,fiber,fiber-only
11689,fiber,fiber-only
11690,sheet,sheet->vesicle
11691,fiber,fiber-only
11692,fiber,fiber-only
11693,fiber,fiber-only
11694,fiber,fiber-only
11695,fiber,fiber-only
11696,fiber,fiber-only
11697,fiber,fiber-only
11698,fiber,fiber-only
11699,fiber,fiber-only
11700,fiber,fiber-only
11701,fiber,fiber-only
11702,fiber,fiber-only
11703,fiber,fiber-only
11704,fiber,fiber-only
11705,fiber,fiber-only
11706,fiber,fiber-only
11707,fiber,fiber-only
11708,fiber,fiber-only
11709,fiber,fiber-only
11710,fiber,fiber-only
11711,fiber,fiber-only
11712,fiber,fiber-only
11713,fiber,fiber-only
11714,fiber,fiber-only
11715,fiber,fiber-only
11716,fiber,fiber-only
11717,fiber,fiber-only
11718,fiber,fiber-only
11719,fiber,fiber-only
11720,fiber,fiber-only
11721,fiber,fiber-only
11722,fiber,fiber-only
11723,fiber,fiber-only
11724,fiber,fiber-only
11725,fiber,fiber-only
11726,fiber,fiber-only
11727,fiber,fiber-only
11728,fiber,fiber-only
11729,fiber,fiber-only
11730,fiber,fiber-only
11731,fiber,fiber-only
11732,fiber,fiber-only
11733,fiber,fiber-only
11734,fiber,fiber-only
11735,fiber,fiber-only
11736,fiber,fiber-only
11737,fiber,fiber-only
11738,fiber,fiber-only
11739,fiber,fiber-only
11740,fiber,fiber-only
11741,fiber,fiber-only
11742,fiber,fiber-only
11743,fiber,fiber-only
11744,fiber,fiber-only
11745,fiber,fiber-only
11746,fiber,fiber-only
11747,fiber,fiber-only
11748,fiber,fiber-only
11749,fiber,fiber-only
11750,fiber,fiber-only
11751,fiber,fiber-only
11752,fiber,fiber-only
11753,fiber,fiber-only
11754,fiber,fiber-only
11755,fiber,fiber-only
11756,fiber,fiber-only
11757,fiber,fiber-only
11758,fiber,fiber-only
11759,fiber,fiber-only
11760,fiber,fiber-only
11761,fiber,fiber-only
11762,fiber,fiber-only
11763,fiber,fiber-only
11764,fiber,fiber-only
11765,fiber,fiber-only
11766,fiber,fiber-only
11767,fiber,fiber-only
11768,fiber,fiber-only
11769,fiber,fiber-only
11770,fiber,fiber-only
11771,fiber,fiber-only
11772,fiber,fiber-only
11773,fiber,fiber-only
11774,fiber,fiber-only
11775,fiber,fiber-only
11776,fiber,fiber-only
11777,fiber,fiber-only
11778,fiber,fiber-only
11779,fiber,fiber-only
11780,fiber,fiber-only
11781,fiber,fiber-only
11782,fiber,fiber-only
11783,fiber,fiber-only
11784,fiber,fiber-only
11785,fiber,fiber-only
11786,fiber,fiber-only
11787,fiber,fiber-only
11788,fiber,fiber-only
11789,fiber,fiber-only
11790,fiber,fiber-only
11791,fiber,fiber-only
11792,fiber,fiber-only
11793,fiber,fiber-only
11794,fiber,fiber-only
11795,fiber,fiber-only
11796,fiber,fiber-only
11797,fiber,fiber-only
11798,fiber,fiber-only
11799,fiber,fiber-only
11800,fiber,fiber-only
11801,fiber,fiber-only
11802,fiber,fiber-only
11803,fiber,fiber-only
11804,fiber,fiber-only
11805,fiber,fiber-only
11806,fiber,fiber-only
11807,fiber,fiber-only
11808,fiber,fiber-only
11809,fiber,fiber-only
11810,fiber,fiber-only
11811,fiber,fiber-only
11812,fiber,fiber-only
11813,fiber,fiber-only
11814,fiber,fiber-only
11815,fiber,fiber-only
11816,fiber,fiber-only
11817,fiber,fiber-only
11818,fiber,fiber-only
11819,fiber,fiber-only
11820,fiber,fiber-only
11821,fiber,fiber-only
11822,fiber,fiber-only
11823,fiber,fiber-only
11824,fiber,fiber-only
11825,fiber,fiber-only
11826,fiber,fiber-only
11827,fiber,fiber-only
11828,fiber,fiber-only
11829,fiber,fiber-only
11830,fiber,fiber-only
11831,fiber,fiber-only
11832,fiber,fiber-only
11833,fiber,fiber-only
11834,fiber,fiber-only
11835,fiber,fiber-only
11836,fiber,fiber-only
11837,fiber,fiber-only
11838,fiber,fiber-only
11839,fiber,fiber-only
11840,fiber,fiber-only
11841,fiber,fiber-only
11842,fiber,fiber-only
11843,fiber,fiber-only
11844,fiber,fiber-only
11845,fiber,fiber-only
11846,fiber,fiber-only
11847,fiber,fiber-only
11848,fiber,fiber-only
11849,fiber,fiber-only
11850,fiber,fiber-only
11851,fiber,fiber-only
11852,fiber,fiber-only
11853,fiber,fiber-only
11854,fiber,fiber-only
11855,fiber,fiber-only
11856,fiber,fiber-only
11857,fiber,fiber-only
11858,fiber,fiber-only
11859,fiber,fiber-only
11860,fiber,fiber-only
11861,fiber,fiber-only
11862,fiber,fiber-only
11863,fiber,fiber-only
11864,fiber,fiber-only
11865,fiber,fiber-only
11866,fiber,fiber-only
11867,fiber,fiber-only
11868,fiber,fiber-only
11869,fiber,fiber-only
11870,fiber,fiber-only
11871,fiber,fiber-only
11872,fiber,fiber->tube
11873,fiber,fiber-only
11874,fiber,fiber-only
11875,fiber,fiber-only
11876,fiber,fiber-only
11877,fiber,fiber-only
11878,fiber,fiber-only
11879,fiber,fiber->tube
11880,fiber,fiber-only
11881,fiber,fiber->tube
11882,fiber,fiber-only
11883,fiber,fiber-only
11884,fiber,fiber->tube
11885,fiber,fiber->tube
11886,fiber,fiber-only
11887,fiber,fiber->tube
11888,fiber,fiber-only
11889,fiber,fiber->tube
11890,fiber,fiber-only
11891,fiber,fiber-only
11892,fiber,fiber->tube
11893,fiber,fiber-only
11894,fiber,fiber->tube
11895,fiber,fiber-only
11896,fiber,fiber-only
11897,fiber,fiber-only
11898,fiber,fiber-only
11899,fiber,fiber-only
11900,fiber,fiber->tube
11901,fiber,fiber->tube
11902,fiber,fiber->tube
11903,fiber,fiber-only
11904,fiber,fiber-only
11905,fiber,fiber-only
11906,fiber,fiber-only
11907,fiber,fiber-only
11908,fiber,fiber-only
11909,fiber,fiber-only
11910,fiber,fiber-only
11911,fiber,fiber-only
11912,fiber,fiber-only
11913,fiber,fiber-only
11914,fiber,fiber-only
11915,fiber,fiber-only
11916,fiber,fiber-only
11917,fiber,fiber-only
11918,fiber,fiber-only
11919,fiber,fiber-only
11920,fiber,fiber-only
11921,fiber,fiber-only
11922,fiber,fiber-only
11923,fiber,fiber-only
11924,fiber,fiber-only
11925,fiber,fiber-only
11926,fiber,fiber-only
11927,fiber,fiber-only
11928,fiber,fiber-only
11929,fiber,fiber-only
11930,fiber,fiber-only
11931,fiber,fiber-only
11932,fiber,fiber-only
11933,fiber,fiber-only
11934,sheet,sheet-only
11935,fiber,fiber->tube
11936,fiber,fiber->tube
11937,fiber,fiber->tube
11938,fiber,fiber->tube
11939,fiber,fiber-only
11940,fiber,fiber->tube
11941,fiber,fiber-only
11942,fiber,fiber-only
11943,fiber,fiber->tube
11944,sheet,sheet->vesicle
11945,fiber,fiber-only
11946,fiber,fiber-only
11947,fiber,fiber-only
11948,fiber,fiber-only
11949,fiber,fiber-only
11950,fiber,fiber-only
11951,fiber,fiber-only
11952,fiber,fiber-only
11953,fiber,fiber-only
11954,fiber,fiber-only
11955,fiber,fiber-only
11956,fiber,fiber-only
11957,fiber,fiber-only
11958,fiber,fiber-only
11959,sheet,sheet-only
11960,fiber,fiber-only
11961,fiber,fiber-only
11962,fiber,fiber-only
11963,fiber,fiber-only
11964,fiber,fiber-only
11965,fiber,fiber-only
11966,fiber,fiber-only
11967,fiber,fiber-only
11968,fiber,fiber-only
11969,fiber,fiber-only
11970,fiber,fiber-only
11971,fiber,fiber-only
11972,fiber,fiber-only
11973,fiber,fiber-only
11974,fiber,fiber-only
11975,fiber,fiber-only
11976,fiber,fiber-only
11977,fiber,fiber-only
11978,fiber,fiber-only
11979,fiber,fiber-only
11980,fiber,fiber-only
11981,fiber,fiber-only
11982,fiber,fiber-only
11983,fiber,fiber-only
11984,fiber,fiber-only
11985,fiber,fiber-only
11986,fiber,fiber-only
11987,fiber,fiber-only
11988,fiber,fiber-only
11989,fiber,fiber-only
11990,fiber,fiber-only
11991,fiber,fiber-only
11992,sheet,sheet->vesicle
11993,fiber,fiber-only
11994,fiber,fiber-only
11995,fiber,fiber-only
11996,fiber,fiber-only
11997,fiber,fiber-only
11998,fiber,fiber-only
11999,fiber,fiber-only
