Frame,aggregate_count,total_peptides_in_aggregate,avg_aggregate_size
0,17,1072,63.1
1,13,926,71.2
2,14,868,62.0
3,22,1506,68.4
4,22,1528,69.4
5,20,1443,72.2
6,23,1607,69.9
7,22,1575,71.6
8,23,1526,66.4
9,20,1465,73.2
10,30,1991,66.4
11,22,1604,72.9
12,27,1996,73.9
13,25,2042,81.7
14,28,2151,76.8
15,32,2247,70.2
16,24,1939,80.8
17,26,2051,78.9
18,31,2261,72.9
19,28,2262,80.8
20,24,1844,76.8
21,25,1992,79.7
22,27,2052,76.0
23,32,2374,74.2
24,35,2733,78.1
25,32,2430,75.9
26,34,2661,78.3
27,32,2458,76.8
28,33,2578,78.1
29,31,2438,78.6
30,32,2409,75.3
31,39,2946,75.5
32,31,2479,80.0
33,35,2743,78.4
34,39,3222,82.6
35,37,2872,77.6
36,37,2926,79.1
37,38,2939,77.3
38,36,2903,80.6
39,41,3134,76.4
40,39,3043,78.0
41,37,2972,80.3
42,33,2635,79.8
43,37,2967,80.2
44,35,2852,81.5
45,32,2585,80.8
46,37,2964,80.1
47,38,3242,85.3
48,39,3268,83.8
49,38,3093,81.4
50,36,3028,84.1
51,35,2879,82.3
52,40,3254,81.4
53,38,3198,84.2
54,39,3329,85.4
55,34,2849,83.8
56,39,3116,79.9
57,32,2768,86.5
58,35,2841,81.2
59,37,2855,77.2
60,40,3089,77.2
61,35,3057,87.3
62,38,3245,85.4
63,38,3341,87.9
64,33,2807,85.1
65,36,3231,89.8
66,35,3066,87.6
67,41,3361,82.0
68,40,3543,88.6
69,38,3502,92.2
70,43,3797,88.3
71,41,3610,88.0
72,39,3628,93.0
73,43,3772,87.7
74,35,3216,91.9
75,49,4026,82.2
76,42,3267,77.8
77,41,3272,79.8
78,36,2911,80.9
79,33,2733,82.8
80,41,3449,84.1
81,41,3746,91.4
82,38,3426,90.2
83,41,3440,83.9
84,38,3363,88.5
85,40,3765,94.1
86,39,3550,91.0
87,36,3513,97.6
88,34,3208,94.4
89,39,3657,93.8
90,39,3613,92.6
91,35,3183,90.9
92,34,3383,99.5
93,36,3478,96.6
94,44,3788,86.1
95,37,3476,94.0
96,32,3089,96.5
97,38,3462,91.1
98,37,3529,95.4
99,41,3538,86.3
100,31,3310,106.8
101,36,3669,101.9
102,34,3521,103.6
103,35,3282,93.8
104,33,3520,106.7
105,38,3646,96.0
106,37,3538,95.6
107,34,3573,105.1
108,38,3495,92.0
109,32,3103,97.0
110,35,3243,92.7
111,39,3517,90.2
112,34,3243,95.4
113,35,3279,93.7
114,36,3395,94.3
115,38,3534,93.0
116,34,3544,104.2
117,33,3091,93.7
118,38,3364,88.5
119,33,3005,91.1
120,33,3459,104.8
121,37,3285,88.8
122,36,3441,95.6
123,38,3670,96.6
124,40,3736,93.4
125,41,3516,85.8
126,39,3645,93.5
127,37,3605,97.4
128,36,3583,99.5
129,39,3675,94.2
130,34,3413,100.4
131,34,3521,103.6
132,32,3206,100.2
133,35,3485,99.6
134,32,3327,104.0
135,36,3639,101.1
136,36,3514,97.6
137,38,3509,92.3
138,36,3501,97.2
139,36,3537,98.2
140,34,3619,106.4
141,37,3665,99.0
142,37,3695,99.9
143,38,3689,97.1
144,33,3393,102.8
145,38,3873,101.9
146,35,3754,107.3
147,40,3915,97.9
148,41,3885,94.8
149,37,3630,98.1
150,37,3403,92.0
151,41,3953,96.4
152,33,3385,102.6
153,36,3675,102.1
154,39,3859,99.0
155,40,3816,95.4
156,37,3581,96.8
157,41,3758,91.7
158,36,3404,94.6
159,36,3570,99.2
160,38,3675,96.7
161,38,3571,94.0
162,41,3833,93.5
163,40,3851,96.3
164,34,3413,100.4
165,37,3634,98.2
166,34,3612,106.2
167,36,3654,101.5
168,36,3577,99.4
169,39,3726,95.5
170,38,3685,97.0
171,34,3594,105.7
172,40,3853,96.3
173,37,3820,103.2
174,37,3578,96.7
175,30,3412,113.7
176,33,3596,109.0
177,36,3584,99.6
178,34,3806,111.9
179,34,3671,108.0
180,41,3753,91.5
181,38,3923,103.2
182,40,4105,102.6
183,40,3910,97.8
184,42,4162,99.1
185,41,4101,100.0
186,41,4326,105.5
187,40,4225,105.6
188,39,4169,106.9
189,37,4153,112.2
190,39,4303,110.3
191,37,4158,112.4
192,34,3663,107.7
193,35,3962,113.2
194,33,3849,116.6
195,43,4279,99.5
196,39,4066,104.3
197,40,4135,103.4
198,38,4003,105.3
199,35,3686,105.3
200,34,3901,114.7
201,39,4128,105.8
202,34,3820,112.4
203,37,3943,106.6
204,33,3855,116.8
205,33,3950,119.7
206,36,3867,107.4
207,39,3977,102.0
208,36,4001,111.1
209,37,3943,106.6
210,37,3924,106.0
211,39,4076,104.5
212,36,3790,105.3
213,37,4139,111.9
214,35,4002,114.3
215,34,4065,119.6
216,44,4192,95.3
217,44,4281,97.3
218,43,4105,95.5
219,37,3833,103.6
220,40,4285,107.1
221,38,4022,105.8
222,41,4307,105.0
223,37,4270,115.4
224,37,4063,109.8
225,40,4049,101.2
226,36,3905,108.5
227,40,4052,101.3
228,42,4023,95.8
229,37,3866,104.5
230,31,3785,122.1
231,38,3793,99.8
232,33,3732,113.1
233,39,3790,97.2
234,37,3746,101.2
235,43,4131,96.1
236,42,4340,103.3
237,40,3929,98.2
238,43,4268,99.3
239,34,4132,121.5
240,38,4206,110.7
241,38,4126,108.6
242,38,3961,104.2
243,39,4218,108.2
244,38,4098,107.8
245,36,4105,114.0
246,44,4223,96.0
247,36,3967,110.2
248,37,4172,112.8
249,35,3905,111.6
250,33,3660,110.9
251,36,3804,105.7
252,35,3817,109.1
253,32,3522,110.1
254,32,3650,114.1
255,30,3719,124.0
256,34,3815,112.2
257,33,3724,112.8
258,36,3738,103.8
259,35,3966,113.3
260,36,4047,112.4
261,34,3763,110.7
262,30,3628,120.9
263,33,3671,111.2
264,30,3871,129.0
265,27,3285,121.7
266,33,3588,108.7
267,34,3967,116.7
268,33,3952,119.8
269,33,3923,118.9
270,33,3742,113.4
271,36,3917,108.8
272,39,3960,101.5
273,36,3598,99.9
274,39,4031,103.4
275,39,4070,104.4
276,41,4213,102.8
277,36,4031,112.0
278,38,4136,108.8
279,35,4285,122.4
280,35,3822,109.2
281,36,3942,109.5
282,35,3982,113.8
283,34,3921,115.3
284,36,3956,109.9
285,40,4181,104.5
286,38,4074,107.2
287,34,3560,104.7
288,31,3709,119.6
289,34,3683,108.3
290,40,3879,97.0
291,39,3921,100.5
292,37,3822,103.3
293,41,3996,97.5
294,35,3772,107.8
295,33,3506,106.2
296,36,3824,106.2
297,34,3508,103.2
298,35,3730,106.6
299,37,3816,103.1
300,34,3660,107.6
301,34,3718,109.4
302,35,3611,103.2
303,37,3892,105.2
304,32,3524,110.1
305,28,3392,121.1
306,33,3565,108.0
307,33,3718,112.7
308,31,3609,116.4
309,33,3542,107.3
310,38,3773,99.3
311,37,3868,104.5
312,32,3466,108.3
313,36,3959,110.0
314,39,3659,93.8
315,38,3652,96.1
316,44,3924,89.2
317,35,3630,103.7
318,38,3645,95.9
319,39,3832,98.3
320,39,3667,94.0
321,32,3462,108.2
322,40,3818,95.4
323,37,3582,96.8
324,38,3872,101.9
325,35,3879,110.8
326,35,3587,102.5
327,32,3545,110.8
328,36,3912,108.7
329,33,3531,107.0
330,33,3603,109.2
331,32,3259,101.8
332,35,3389,96.8
333,32,3357,104.9
334,33,3577,108.4
335,29,3340,115.2
336,32,3562,111.3
337,35,3728,106.5
338,36,3957,109.9
339,34,3779,111.2
340,31,3506,113.1
341,29,3389,116.9
342,32,3484,108.9
343,32,3560,111.2
344,34,3686,108.4
345,33,3545,107.4
346,35,3415,97.6
347,38,3706,97.5
348,36,3735,103.8
349,30,3437,114.6
350,33,3723,112.8
351,35,3573,102.1
352,38,3701,97.4
353,37,3585,96.9
354,34,3444,101.3
355,36,3532,98.1
356,32,3388,105.9
357,34,3325,97.8
358,33,3040,92.1
359,32,3228,100.9
360,37,3638,98.3
361,36,3703,102.9
362,40,3788,94.7
363,37,3484,94.2
364,41,3703,90.3
365,40,3779,94.5
366,40,3851,96.3
367,37,3584,96.9
368,38,3488,91.8
369,41,3673,89.6
370,36,3419,95.0
371,39,3766,96.6
372,38,3604,94.8
373,40,3765,94.1
374,38,3705,97.5
375,44,3918,89.0
376,42,3872,92.2
377,39,4021,103.1
378,38,3740,98.4
379,42,3906,93.0
380,41,4015,97.9
381,38,4074,107.2
382,31,3434,110.8
383,35,3757,107.3
384,37,3648,98.6
385,39,3768,96.6
386,41,3758,91.7
387,41,3771,92.0
388,39,3635,93.2
389,40,3688,92.2
390,40,3563,89.1
391,38,3517,92.6
392,40,3671,91.8
393,38,3508,92.3
394,36,3659,101.6
395,40,3631,90.8
396,36,3661,101.7
397,43,3797,88.3
398,41,3715,90.6
399,34,3330,97.9
400,37,3560,96.2
401,37,3361,90.8
402,37,3362,90.9
403,38,3682,96.9
404,38,3631,95.6
405,35,3590,102.6
406,32,3291,102.8
407,32,3193,99.8
408,34,3492,102.7
409,35,3468,99.1
410,32,3373,105.4
411,37,3409,92.1
412,34,3291,96.8
413,34,3376,99.3
414,38,3627,95.4
415,34,3485,102.5
416,35,3446,98.5
417,38,3658,96.3
418,34,3576,105.2
419,36,3639,101.1
420,41,3822,93.2
421,33,3558,107.8
422,37,3792,102.5
423,42,3742,89.1
424,38,3471,91.3
425,33,3271,99.1
426,39,3307,84.8
427,35,3308,94.5
428,36,3327,92.4
429,38,3652,96.1
430,35,3521,100.6
431,40,3728,93.2
432,37,3528,95.4
433,37,3412,92.2
434,38,3449,90.8
435,38,3635,95.7
436,37,3532,95.5
437,31,3350,108.1
438,34,3232,95.1
439,40,3624,90.6
440,43,3742,87.0
441,34,3326,97.8
442,37,3394,91.7
443,36,3390,94.2
444,34,3230,95.0
445,32,3125,97.7
446,31,2986,96.3
447,37,3451,93.3
448,35,3396,97.0
449,32,2925,91.4
450,36,3441,95.6
451,36,3136,87.1
452,39,3459,88.7
453,35,3354,95.8
454,32,3370,105.3
455,40,3645,91.1
456,36,3559,98.9
457,32,3175,99.2
458,36,3038,84.4
459,34,3016,88.7
460,33,3234,98.0
461,29,3194,110.1
462,36,3320,92.2
463,34,3133,92.2
464,36,3489,96.9
465,38,3486,91.7
466,32,3392,106.0
467,39,3691,94.6
468,36,3398,94.4
469,36,3188,88.6
470,31,3014,97.2
471,35,3366,96.2
472,34,3519,103.5
473,36,3603,100.1
474,37,3605,97.4
475,35,3405,97.3
476,37,3255,88.0
477,34,3186,93.7
478,34,3387,99.6
479,37,3540,95.7
480,36,3446,95.7
481,35,3272,93.5
482,37,3630,98.1
483,35,3455,98.7
484,36,3393,94.2
485,37,3714,100.4
486,34,3481,102.4
487,38,3537,93.1
488,35,3542,101.2
489,35,3470,99.1
490,38,3638,95.7
491,35,3475,99.3
492,34,3495,102.8
493,33,3139,95.1
494,35,3411,97.5
495,39,3924,100.6
496,35,3785,108.1
497,39,3703,95.0
498,37,3630,98.1
499,44,4113,93.5
500,36,3802,105.6
501,42,3949,94.0
502,41,3659,89.2
503,34,3420,100.6
504,34,3384,99.5
505,39,3707,95.0
506,38,3944,103.8
507,38,3716,97.8
508,38,3707,97.6
509,38,3504,92.2
510,36,3636,101.0
511,35,3416,97.6
512,34,3511,103.3
513,36,3418,94.9
514,36,3477,96.6
515,32,3339,104.3
516,31,3288,106.1
517,35,3327,95.1
518,36,3585,99.6
519,34,3527,103.7
520,33,3498,106.0
521,33,3293,99.8
522,38,3632,95.6
523,33,3350,101.5
524,36,3530,98.1
525,39,3389,86.9
526,30,3171,105.7
527,29,2983,102.9
528,35,3174,90.7
529,38,3538,93.1
530,36,3502,97.3
531,33,3251,98.5
532,32,3268,102.1
533,36,3453,95.9
534,39,3486,89.4
535,31,3280,105.8
536,35,3446,98.5
537,37,3337,90.2
538,40,3528,88.2
539,35,3200,91.4
540,43,3723,86.6
541,40,3416,85.4
542,40,3410,85.2
543,39,3622,92.9
544,39,3618,92.8
545,41,3818,93.1
546,37,3381,91.4
547,41,3866,94.3
548,36,3385,94.0
549,32,3360,105.0
550,32,3224,100.8
551,33,3442,104.3
552,37,3595,97.2
553,36,3834,106.5
554,38,3809,100.2
555,39,4078,104.6
556,38,3681,96.9
557,35,3585,102.4
558,39,3891,99.8
559,35,3571,102.0
560,32,3476,108.6
561,37,3367,91.0
562,39,3713,95.2
563,30,3461,115.4
564,33,3591,108.8
565,35,3752,107.2
566,32,3760,117.5
567,36,3630,100.8
568,35,3702,105.8
569,33,3435,104.1
570,37,3465,93.6
571,37,3455,93.4
572,38,3468,91.3
573,35,3749,107.1
574,35,3515,100.4
575,34,3511,103.3
576,36,3493,97.0
577,36,3491,97.0
578,37,3714,100.4
579,34,3161,93.0
580,41,3964,96.7
581,38,3645,95.9
582,41,4101,100.0
583,39,3961,101.6
584,37,3854,104.2
585,37,3571,96.5
586,40,4067,101.7
587,36,3643,101.2
588,39,3483,89.3
589,32,3964,123.9
590,39,3601,92.3
591,36,3477,96.6
592,36,3444,95.7
593,33,3466,105.0
594,38,3728,98.1
595,40,3747,93.7
596,40,3622,90.6
597,32,3198,99.9
598,35,3311,94.6
599,34,3410,100.3
600,32,3471,108.5
601,34,3407,100.2
602,32,3348,104.6
603,44,3688,83.8
604,40,3635,90.9
605,38,3624,95.4
606,36,3332,92.6
607,34,3431,100.9
608,37,3634,98.2
609,35,3463,98.9
610,38,3532,93.0
611,37,3269,88.4
612,31,3011,97.1
613,34,3385,99.6
614,32,3064,95.8
615,35,3443,98.4
616,35,3405,97.3
617,32,3117,97.4
618,32,3076,96.1
619,33,3113,94.3
620,43,3792,88.2
621,37,3470,93.8
622,36,2991,83.1
623,44,3698,84.0
624,41,3674,89.6
625,38,3638,95.7
626,39,3418,87.6
627,35,3326,95.0
628,40,3636,90.9
629,39,3684,94.5
630,42,3823,91.0
631,38,3674,96.7
632,33,3290,99.7
633,36,3665,101.8
634,34,3579,105.3
635,39,3783,97.0
636,43,3980,92.6
637,39,3955,101.4
638,36,3708,103.0
639,34,3593,105.7
640,31,3438,110.9
641,37,3807,102.9
642,36,3392,94.2
643,37,3924,106.0
644,37,3841,103.8
645,33,3498,106.0
646,33,3745,113.5
647,36,3583,99.5
648,29,3319,114.4
649,34,3452,101.5
650,34,3642,107.1
651,35,3628,103.7
652,35,3538,101.1
653,32,3473,108.5
654,35,3644,104.1
655,35,3868,110.5
656,36,3855,107.1
657,34,3919,115.3
658,34,3634,106.9
659,36,3708,103.0
660,34,3380,99.4
661,41,3943,96.2
662,39,3743,96.0
663,40,3939,98.5
664,33,3425,103.8
665,41,3589,87.5
666,33,3340,101.2
667,34,3343,98.3
668,35,3467,99.1
669,34,3412,100.4
670,33,3263,98.9
671,34,3590,105.6
672,34,3397,99.9
673,33,3412,103.4
674,34,3411,100.3
675,35,3301,94.3
676,35,3242,92.6
677,31,3242,104.6
678,38,3713,97.7
679,35,3407,97.3
680,34,3574,105.1
681,35,3414,97.5
682,35,3495,99.9
683,34,3401,100.0
684,36,3552,98.7
685,32,3333,104.2
686,30,3334,111.1
687,30,2990,99.7
688,37,3627,98.0
689,35,3441,98.3
690,37,3474,93.9
691,32,3302,103.2
692,30,3058,101.9
693,35,3277,93.6
694,34,3533,103.9
695,37,3546,95.8
696,38,3710,97.6
697,34,3647,107.3
698,40,3846,96.2
699,36,3285,91.2
700,34,3618,106.4
701,35,3619,103.4
702,37,3706,100.2
703,39,3775,96.8
704,40,3874,96.8
705,39,3807,97.6
706,40,3915,97.9
707,41,3863,94.2
708,43,4103,95.4
709,37,3613,97.6
710,39,3787,97.1
711,33,3293,99.8
712,36,3380,93.9
713,46,3841,83.5
714,41,3733,91.0
715,42,3618,86.1
716,42,3692,87.9
717,40,3890,97.2
718,44,3804,86.4
719,39,3870,99.2
720,42,3859,91.9
721,41,3882,94.7
722,39,3658,93.8
723,39,3634,93.2
724,41,3656,89.2
725,38,3653,96.1
726,38,3526,92.8
727,36,3601,100.0
728,38,3505,92.2
729,39,3749,96.1
730,36,3588,99.7
731,41,3730,91.0
732,44,3669,83.4
733,40,3484,87.1
734,40,3592,89.8
735,44,3573,81.2
736,43,3646,84.8
737,44,3691,83.9
738,43,3698,86.0
739,40,3514,87.8
740,41,3507,85.5
741,41,3546,86.5
742,40,3535,88.4
743,41,3613,88.1
744,40,3425,85.6
745,36,3428,95.2
746,38,3548,93.4
747,40,3509,87.7
748,40,3496,87.4
749,41,3656,89.2
750,39,3286,84.3
751,40,3825,95.6
752,43,3705,86.2
753,44,3776,85.8
754,36,3447,95.8
755,36,3499,97.2
756,35,3320,94.9
757,36,3437,95.5
758,38,3577,94.1
759,41,3674,89.6
760,38,3505,92.2
761,40,3641,91.0
762,33,3322,100.7
763,41,3593,87.6
764,36,3419,95.0
765,37,3378,91.3
766,35,3212,91.8
767,34,3158,92.9
768,33,3036,92.0
769,39,3475,89.1
770,40,3534,88.4
771,40,3600,90.0
772,41,3818,93.1
773,38,3719,97.9
774,40,3653,91.3
775,37,3420,92.4
776,42,3814,90.8
777,47,4092,87.1
778,47,4167,88.7
779,41,3779,92.2
780,37,3697,99.9
781,42,3876,92.3
782,43,4012,93.3
783,36,3588,99.7
784,35,3711,106.0
785,38,3615,95.1
786,34,3408,100.2
787,35,3368,96.2
788,39,3543,90.8
789,33,3413,103.4
790,38,3476,91.5
791,42,3688,87.8
792,34,3400,100.0
793,36,3477,96.6
794,38,3506,92.3
795,29,2983,102.9
796,38,3420,90.0
797,38,3387,89.1
798,36,3127,86.9
799,36,3421,95.0
800,33,3323,100.7
801,44,3863,87.8
802,37,3488,94.3
803,35,3375,96.4
804,33,3008,91.2
805,31,3532,113.9
806,40,3745,93.6
807,34,3035,89.3
808,34,3483,102.4
809,35,3140,89.7
810,38,3346,88.0
811,39,3648,93.5
812,34,3325,97.8
813,41,3797,92.6
814,37,3794,102.5
815,36,3629,100.8
816,36,3728,103.6
817,32,3281,102.5
818,41,4137,100.9
819,38,3556,93.6
820,37,3479,94.0
821,42,3785,90.1
822,39,3758,96.4
823,39,3772,96.7
824,40,3801,95.0
825,41,3605,87.9
826,37,3646,98.5
827,41,3752,91.5
828,44,3914,89.0
829,36,3501,97.2
830,35,3662,104.6
831,39,3919,100.5
832,36,3675,102.1
833,35,3549,101.4
834,36,3829,106.4
835,41,3872,94.4
836,39,3705,95.0
837,38,3765,99.1
838,41,3772,92.0
839,40,3645,91.1
840,39,3575,91.7
841,39,3626,93.0
842,40,3877,96.9
843,36,3559,98.9
844,37,3642,98.4
845,33,3526,106.8
846,42,3957,94.2
847,39,3732,95.7
848,39,3778,96.9
849,34,3521,103.6
850,35,3572,102.1
851,36,3377,93.8
852,35,3620,103.4
853,35,3657,104.5
854,35,3690,105.4
855,42,3844,91.5
856,36,3764,104.6
857,37,3661,99.0
858,40,3916,97.9
859,38,3774,99.3
860,40,3654,91.4
861,35,3688,105.4
862,40,3784,94.6
863,39,3858,98.9
864,42,4005,95.4
865,35,3689,105.4
866,40,3888,97.2
867,37,3772,102.0
868,37,3572,96.5
869,34,3436,101.1
870,36,3486,96.8
871,35,3604,103.0
872,35,3737,106.8
873,34,3546,104.3
874,35,3725,106.4
875,40,4022,100.6
876,40,3929,98.2
877,36,3634,100.9
878,39,3867,99.2
879,39,4146,106.3
880,41,3906,95.3
881,41,4054,98.9
882,39,3851,98.7
883,40,3901,97.5
884,37,3856,104.2
885,37,3683,99.5
886,37,3783,102.2
887,35,3861,110.3
888,38,3847,101.2
889,38,3944,103.8
890,40,4076,101.9
891,41,4270,104.2
892,39,3911,100.3
893,35,3621,103.5
894,41,3968,96.8
895,42,3958,94.2
896,46,4133,89.8
897,41,3762,91.8
898,40,3836,95.9
899,41,3872,94.4
900,40,4016,100.4
901,41,4010,97.8
902,37,3647,98.6
903,40,3774,94.4
904,41,3957,96.5
905,39,3779,96.9
906,41,3903,95.2
907,38,3935,103.6
908,42,3838,91.4
909,41,3654,89.1
910,36,3856,107.1
911,40,3660,91.5
912,40,4032,100.8
913,40,3982,99.6
914,38,3799,100.0
915,42,3804,90.6
916,44,4079,92.7
917,41,3809,92.9
918,39,3857,98.9
919,39,3724,95.5
920,46,4070,88.5
921,41,3878,94.6
922,44,3873,88.0
923,40,3780,94.5
924,41,3847,93.8
925,39,3772,96.7
926,42,3923,93.4
927,39,3820,98.0
928,38,3865,101.7
929,40,3735,93.4
930,37,3653,98.7
931,36,3749,104.1
932,37,3694,99.8
933,40,3915,97.9
934,41,4026,98.2
935,38,3911,102.9
936,38,3860,101.6
937,40,4273,106.8
938,37,4193,113.3
939,42,3870,92.1
940,42,3970,94.5
941,39,4221,108.2
942,37,3967,107.2
943,37,3970,107.3
944,37,3975,107.4
945,43,4082,94.9
946,43,4202,97.7
947,42,4113,97.9
948,45,4227,93.9
949,38,3928,103.4
950,41,4144,101.1
951,43,4189,97.4
952,36,3876,107.7
953,37,3820,103.2
954,38,3900,102.6
955,40,4052,101.3
956,36,3922,108.9
957,34,3651,107.4
958,42,4139,98.6
959,37,3917,105.9
960,41,3992,97.4
961,35,3769,107.7
962,38,3776,99.4
963,34,3928,115.5
964,32,3694,115.4
965,34,3619,106.4
966,34,3561,104.7
967,36,3630,100.8
968,38,3671,96.6
969,38,3767,99.1
970,37,3801,102.7
971,40,3857,96.4
972,38,3787,99.7
973,34,3720,109.4
974,39,4029,103.3
975,37,4125,111.5
976,38,3873,101.9
977,39,3860,99.0
978,32,3832,119.8
979,35,3948,112.8
980,33,3677,111.4
981,40,4002,100.0
982,36,3937,109.4
983,36,3885,107.9
984,35,3807,108.8
985,37,3975,107.4
986,39,4232,108.5
987,43,4372,101.7
988,41,4148,101.2
989,43,4236,98.5
990,40,4200,105.0
991,40,3908,97.7
992,41,4131,100.8
993,42,4047,96.4
994,42,4166,99.2
995,39,4050,103.8
996,44,4272,97.1
997,46,4434,96.4
998,41,4172,101.8
999,38,4110,108.2
1000,44,4391,99.8
1001,47,4307,91.6
1002,42,4113,97.9
1003,41,4026,98.2
1004,40,4044,101.1
1005,41,4135,100.8
1006,37,3837,103.7
1007,41,4130,100.7
1008,38,3965,104.3
1009,39,4023,103.2
1010,37,3815,103.1
1011,41,4100,100.0
1012,37,3882,104.9
1013,37,4115,111.2
1014,37,4167,112.6
1015,37,3821,103.3
1016,41,4088,99.7
1017,39,4011,102.8
1018,42,4155,98.9
1019,36,3854,107.1
1020,40,4092,102.3
1021,44,4359,99.1
1022,39,4128,105.8
1023,42,4012,95.5
1024,42,4079,97.1
1025,39,4112,105.4
1026,39,3880,99.5
1027,40,3880,97.0
1028,40,4089,102.2
1029,42,4153,98.9
1030,45,4042,89.8
1031,43,3957,92.0
1032,40,4138,103.4
1033,38,3951,104.0
1034,40,3892,97.3
1035,39,4079,104.6
1036,39,4061,104.1
1037,42,4070,96.9
1038,40,3935,98.4
1039,35,3758,107.4
1040,43,4167,96.9
1041,45,4185,93.0
1042,41,4334,105.7
1043,41,3850,93.9
1044,43,4096,95.3
1045,42,3921,93.4
1046,41,4154,101.3
1047,42,4069,96.9
1048,41,3945,96.2
1049,38,3722,98.0
1050,36,3815,106.0
1051,40,3824,95.6
1052,34,3532,103.9
1053,37,3838,103.7
1054,45,4100,91.1
1055,43,4241,98.6
1056,40,4276,106.9
1057,37,4123,111.4
1058,41,4190,102.2
1059,37,3942,106.5
1060,34,3921,115.3
1061,41,4057,99.0
1062,36,4287,119.1
1063,37,4089,110.5
1064,39,4238,108.7
1065,31,3926,126.6
1066,37,4153,112.2
1067,35,4144,118.4
1068,34,3853,113.3
1069,38,4082,107.4
1070,34,4015,118.1
1071,34,3789,111.4
1072,31,3556,114.7
1073,35,3745,107.0
1074,32,3553,111.0
1075,33,3593,108.9
1076,36,4008,111.3
1077,39,4036,103.5
1078,34,4006,117.8
1079,33,3918,118.7
1080,35,4014,114.7
1081,36,3900,108.3
1082,34,3738,109.9
1083,37,3844,103.9
1084,39,4023,103.2
1085,35,3697,105.6
1086,35,3920,112.0
1087,37,4013,108.5
1088,35,4032,115.2
1089,38,3910,102.9
1090,35,3784,108.1
1091,37,4058,109.7
1092,37,3991,107.9
1093,37,4101,110.8
1094,39,3855,98.8
1095,42,4129,98.3
1096,39,3963,101.6
1097,34,3722,109.5
1098,41,4015,97.9
1099,35,3691,105.5
1100,36,3741,103.9
1101,35,3765,107.6
1102,40,3825,95.6
1103,34,3856,113.4
1104,41,3998,97.5
1105,37,3653,98.7
1106,40,4017,100.4
1107,38,3986,104.9
1108,38,3974,104.6
1109,42,3967,94.4
1110,39,4143,106.2
1111,38,3789,99.7
1112,38,4131,108.7
1113,41,4281,104.4
1114,42,4241,101.0
1115,39,3996,102.5
1116,47,4255,90.5
1117,42,4021,95.7
1118,39,4005,102.7
1119,42,4186,99.7
1120,40,4157,103.9
1121,42,4333,103.2
1122,39,4225,108.3
1123,38,4039,106.3
1124,37,3988,107.8
1125,37,4022,108.7
1126,36,3759,104.4
1127,35,3903,111.5
1128,35,4139,118.3
1129,35,3927,112.2
1130,31,3571,115.2
1131,39,4124,105.7
1132,37,4060,109.7
1133,41,4198,102.4
1134,37,3909,105.6
1135,40,4105,102.6
1136,37,3975,107.4
1137,38,4102,108.0
1138,38,4130,108.7
1139,38,4021,105.8
1140,38,4137,108.9
1141,39,4056,104.0
1142,42,4273,101.7
1143,40,4244,106.1
1144,37,4176,112.9
1145,38,4179,110.0
1146,40,4369,109.2
1147,40,4281,107.0
1148,37,4137,111.8
1149,38,4214,110.9
1150,39,4200,107.7
1151,36,4198,116.6
1152,34,4050,119.1
1153,39,4359,111.8
1154,43,4326,100.6
1155,41,4120,100.5
1156,34,3846,113.1
1157,36,4214,117.1
1158,33,3985,120.8
1159,39,4223,108.3
1160,40,4158,104.0
1161,39,4364,111.9
1162,42,4303,102.4
1163,38,4099,107.9
1164,39,3967,101.7
1165,35,3635,103.9
1166,37,4250,114.9
1167,36,3832,106.4
1168,35,3841,109.7
1169,34,4010,117.9
1170,35,3979,113.7
1171,33,3783,114.6
1172,33,3792,114.9
1173,32,3397,106.2
1174,34,3544,104.2
1175,39,3841,98.5
1176,42,4127,98.3
1177,35,3650,104.3
1178,37,3801,102.7
1179,34,3652,107.4
1180,37,3985,107.7
1181,40,4086,102.2
1182,37,4344,117.4
1183,37,3992,107.9
1184,39,4368,112.0
1185,38,4019,105.8
1186,37,4135,111.8
1187,35,3804,108.7
1188,39,4136,106.0
1189,38,4050,106.6
1190,38,3922,103.2
1191,33,3860,117.0
1192,39,4233,108.5
1193,35,3958,113.1
1194,40,3973,99.3
1195,38,3996,105.2
1196,43,4055,94.3
1197,42,4106,97.8
1198,39,3914,100.4
1199,35,3881,110.9
1200,39,3918,100.5
1201,38,4105,108.0
1202,38,4023,105.9
1203,35,4084,116.7
1204,38,3985,104.9
1205,37,3937,106.4
1206,35,3859,110.3
1207,38,3938,103.6
1208,36,3914,108.7
1209,39,3890,99.7
1210,36,3831,106.4
1211,38,4001,105.3
1212,39,4125,105.8
1213,39,3914,100.4
1214,36,3795,105.4
1215,37,3791,102.5
1216,39,4142,106.2
1217,37,3911,105.7
1218,38,4157,109.4
1219,35,3923,112.1
1220,34,3853,113.3
1221,38,3865,101.7
1222,36,3861,107.2
1223,32,3593,112.3
1224,32,3568,111.5
1225,33,3509,106.3
1226,36,3783,105.1
1227,35,3523,100.7
1228,35,3749,107.1
1229,38,3542,93.2
1230,38,3659,96.3
1231,36,3655,101.5
1232,34,3295,96.9
1233,35,3468,99.1
1234,34,3402,100.1
1235,34,3471,102.1
1236,36,3620,100.6
1237,38,3728,98.1
1238,40,3919,98.0
1239,43,4073,94.7
1240,39,3679,94.3
1241,41,3897,95.0
1242,38,3582,94.3
1243,37,3603,97.4
1244,41,3717,90.7
1245,36,3603,100.1
1246,35,3728,106.5
1247,35,3738,106.8
1248,36,3710,103.1
1249,40,3871,96.8
1250,34,3636,106.9
1251,33,3635,110.2
1252,34,3723,109.5
1253,30,3722,124.1
1254,34,3681,108.3
1255,31,3487,112.5
1256,35,3678,105.1
1257,30,3731,124.4
1258,31,3700,119.4
1259,33,3823,115.8
1260,35,3630,103.7
1261,34,3775,111.0
1262,37,3909,105.6
1263,35,3728,106.5
1264,35,3837,109.6
1265,37,3914,105.8
1266,32,3598,112.4
1267,34,3923,115.4
1268,36,4076,113.2
1269,38,3924,103.3
1270,37,3934,106.3
1271,35,3807,108.8
1272,34,3823,112.4
1273,33,4032,122.2
1274,38,3809,100.2
1275,37,3790,102.4
1276,34,3852,113.3
1277,35,3507,100.2
1278,33,3349,101.5
1279,37,3726,100.7
1280,37,4047,109.4
1281,36,3689,102.5
1282,41,3897,95.0
1283,39,4023,103.2
1284,34,3788,111.4
1285,40,3987,99.7
1286,39,3994,102.4
1287,40,3958,99.0
1288,34,3666,107.8
1289,35,3885,111.0
1290,34,3923,115.4
1291,34,4125,121.3
1292,38,3738,98.4
1293,32,3667,114.6
1294,38,3963,104.3
1295,37,3929,106.2
1296,33,3671,111.2
1297,35,3942,112.6
1298,37,4122,111.4
1299,36,3903,108.4
1300,35,4045,115.6
1301,38,4252,111.9
1302,32,4096,128.0
1303,36,3944,109.6
1304,38,4177,109.9
1305,33,3936,119.3
1306,38,3896,102.5
1307,40,4193,104.8
1308,39,4368,112.0
1309,39,4174,107.0
1310,38,3943,103.8
1311,39,4010,102.8
1312,41,3979,97.0
1313,42,3933,93.6
1314,42,4268,101.6
1315,41,4043,98.6
1316,36,3922,108.9
1317,35,3828,109.4
1318,35,3629,103.7
1319,37,3941,106.5
1320,39,3894,99.8
1321,35,3813,108.9
1322,40,4016,100.4
1323,39,3816,97.8
1324,38,3794,99.8
1325,37,4041,109.2
1326,35,3906,111.6
1327,29,3780,130.3
1328,35,3853,110.1
1329,39,4134,106.0
1330,40,4285,107.1
1331,36,3954,109.8
1332,38,4266,112.3
1333,37,4098,110.8
1334,38,3773,99.3
1335,40,3906,97.6
1336,38,4130,108.7
1337,33,3479,105.4
1338,41,3875,94.5
1339,30,3538,117.9
1340,35,3784,108.1
1341,36,3882,107.8
1342,37,3906,105.6
1343,35,3893,111.2
1344,37,4170,112.7
1345,39,4144,106.3
1346,33,3896,118.1
1347,37,3935,106.4
1348,38,4054,106.7
1349,39,3875,99.4
1350,37,4040,109.2
1351,37,3637,98.3
1352,36,3942,109.5
1353,42,3972,94.6
1354,38,3940,103.7
1355,36,3853,107.0
1356,35,3749,107.1
1357,41,3898,95.1
1358,40,4120,103.0
1359,33,3718,112.7
1360,35,3896,111.3
1361,36,3706,102.9
1362,40,4081,102.0
1363,35,4004,114.4
1364,35,3885,111.0
1365,40,4029,100.7
1366,37,4138,111.8
1367,41,4286,104.5
1368,37,3929,106.2
1369,40,4069,101.7
1370,45,4126,91.7
1371,42,4441,105.7
1372,42,4265,101.6
1373,37,4178,112.9
1374,41,4338,105.8
1375,39,4026,103.2
1376,44,4204,95.6
1377,36,4165,115.7
1378,45,4323,96.1
1379,39,4250,109.0
1380,41,4329,105.6
1381,43,4378,101.8
1382,36,3962,110.1
1383,38,4002,105.3
1384,35,4025,115.0
1385,38,4235,111.4
1386,34,3970,116.8
1387,39,4135,106.0
1388,37,4255,115.0
1389,33,4109,124.5
1390,34,3999,117.6
1391,40,4200,105.0
1392,41,4347,106.0
1393,39,4128,105.8
1394,40,4465,111.6
1395,36,4229,117.5
1396,43,4248,98.8
1397,39,4316,110.7
1398,41,4395,107.2
1399,46,4601,100.0
1400,40,4358,109.0
1401,37,4008,108.3
1402,37,4050,109.5
1403,40,4145,103.6
1404,37,4155,112.3
1405,38,4342,114.3
1406,43,4384,102.0
1407,39,4259,109.2
1408,37,4103,110.9
1409,37,4066,109.9
1410,39,4178,107.1
1411,32,3728,116.5
1412,38,4066,107.0
1413,35,4082,116.6
1414,35,4243,121.2
1415,33,4190,127.0
1416,39,4178,107.1
1417,42,4493,107.0
1418,36,4015,111.5
1419,35,4055,115.9
1420,39,4121,105.7
1421,38,4472,117.7
1422,35,4255,121.6
1423,33,3916,118.7
1424,34,4096,120.5
1425,34,4092,120.4
1426,33,4017,121.7
1427,35,4005,114.4
1428,41,4352,106.2
1429,38,4233,111.4
1430,39,4289,110.0
1431,41,4432,108.1
1432,37,4035,109.0
1433,44,4344,98.7
1434,41,4144,101.1
1435,42,4015,95.6
1436,39,4366,112.0
1437,36,3647,101.3
1438,37,3966,107.2
1439,40,4114,102.8
1440,37,3957,107.0
1441,38,3963,104.3
1442,42,4068,96.9
1443,37,3804,102.8
1444,43,4292,99.8
1445,42,4157,99.0
1446,38,4086,107.5
1447,38,3991,105.0
1448,35,4224,120.7
1449,32,3931,122.8
1450,41,4233,103.2
1451,39,4226,108.4
1452,37,3936,106.4
1453,37,4083,110.4
1454,38,3963,104.3
1455,36,4025,111.8
1456,37,3764,101.7
1457,33,3697,112.0
1458,36,3703,102.9
1459,35,3837,109.6
1460,31,3570,115.2
1461,30,3398,113.3
1462,28,3429,122.5
1463,32,3709,115.9
1464,30,3584,119.5
1465,36,3740,103.9
1466,34,3628,106.7
1467,37,3808,102.9
1468,42,3898,92.8
1469,35,3574,102.1
1470,41,4020,98.0
1471,32,3596,112.4
1472,38,3718,97.8
1473,33,3694,111.9
1474,39,3964,101.6
1475,40,3878,97.0
1476,40,3718,93.0
1477,36,3812,105.9
1478,37,3763,101.7
1479,36,3832,106.4
1480,37,4028,108.9
1481,35,3651,104.3
1482,36,3736,103.8
1483,35,3884,111.0
1484,35,3984,113.8
1485,33,3675,111.4
1486,42,3877,92.3
1487,38,4017,105.7
1488,38,3771,99.2
1489,43,3910,90.9
1490,32,3574,111.7
1491,36,3792,105.3
1492,42,4183,99.6
1493,41,3961,96.6
1494,38,3980,104.7
1495,40,4203,105.1
1496,35,3848,109.9
1497,36,3985,110.7
1498,35,4068,116.2
1499,38,4341,114.2
1500,37,4062,109.8
1501,40,4282,107.0
1502,37,4017,108.6
1503,36,3923,109.0
1504,32,3631,113.5
1505,34,3465,101.9
1506,35,3515,100.4
1507,32,3580,111.9
1508,32,3637,113.7
1509,33,3775,114.4
1510,35,3554,101.5
1511,31,3535,114.0
1512,36,3765,104.6
1513,34,3526,103.7
1514,39,3820,98.0
1515,36,3577,99.4
1516,32,3500,109.4
1517,36,3746,104.1
1518,38,3852,101.4
1519,36,3721,103.4
1520,38,3717,97.8
1521,39,3971,101.8
1522,39,4058,104.0
1523,40,4145,103.6
1524,41,4166,101.6
1525,33,3896,118.1
1526,38,4004,105.4
1527,36,4083,113.4
1528,35,4019,114.8
1529,34,3921,115.3
1530,36,3841,106.7
1531,34,4281,125.9
1532,38,4093,107.7
1533,38,3981,104.8
1534,32,3962,123.8
1535,38,3996,105.2
1536,36,3895,108.2
1537,34,3889,114.4
1538,32,3760,117.5
1539,36,3738,103.8
1540,35,3719,106.3
1541,35,3607,103.1
1542,37,3813,103.0
1543,38,4022,105.8
1544,38,3879,102.1
1545,35,3702,105.8
1546,38,4007,105.4
1547,34,3775,111.0
1548,33,3645,110.4
1549,34,3726,109.6
1550,35,3909,111.7
1551,31,3399,109.6
1552,38,3880,102.1
1553,32,3899,121.8
1554,36,4011,111.4
1555,35,3909,111.7
1556,32,3898,121.8
1557,29,3616,124.7
1558,32,3898,121.8
1559,30,3624,120.8
1560,27,3529,130.7
1561,29,3611,124.5
1562,34,3593,105.7
1563,30,3488,116.3
1564,33,3602,109.2
1565,32,3541,110.7
1566,35,3622,103.5
1567,31,3604,116.3
1568,31,3563,114.9
1569,37,3810,103.0
1570,33,3566,108.1
1571,37,3762,101.7
1572,31,3556,114.7
1573,32,3568,111.5
1574,37,3599,97.3
1575,33,3516,106.6
1576,34,3735,109.8
1577,35,3620,103.4
1578,35,3613,103.2
1579,35,3561,101.7
1580,35,3761,107.5
1581,32,3409,106.5
1582,37,3626,98.0
1583,37,3536,95.6
1584,37,3739,101.0
1585,38,3672,96.6
1586,41,3932,95.9
1587,32,3553,111.0
1588,37,3647,98.6
1589,35,3539,101.1
1590,32,3552,111.0
1591,37,3715,100.4
1592,32,3414,106.7
1593,39,3668,94.0
1594,28,3374,120.5
1595,34,3638,107.0
1596,27,3383,125.3
1597,34,3633,106.8
1598,33,3551,107.6
1599,30,3412,113.7
1600,29,3323,114.6
1601,32,3631,113.5
1602,35,3715,106.1
1603,31,3502,113.0
1604,32,3400,106.2
1605,30,3608,120.3
1606,32,3583,112.0
1607,35,3776,107.9
1608,31,3480,112.3
1609,36,4100,113.9
1610,32,3786,118.3
1611,37,4150,112.2
1612,34,3840,112.9
1613,38,3854,101.4
1614,37,3685,99.6
1615,34,3646,107.2
1616,34,3670,107.9
1617,32,3648,114.0
1618,34,3774,111.0
1619,34,3604,106.0
1620,35,3694,105.5
1621,30,3483,116.1
1622,35,3859,110.3
1623,32,3639,113.7
1624,36,3882,107.8
1625,35,3728,106.5
1626,38,3722,98.0
1627,34,3746,110.2
1628,35,3825,109.3
1629,32,3506,109.6
1630,36,4064,112.9
1631,35,3704,105.8
1632,34,3897,114.6
1633,34,3784,111.3
1634,39,3702,94.9
1635,34,3896,114.6
1636,34,3911,115.0
1637,36,3972,110.3
1638,34,3798,111.7
1639,34,3941,115.9
1640,32,3706,115.8
1641,37,4065,109.9
1642,33,3658,110.8
1643,37,3528,95.4
1644,40,3793,94.8
1645,39,3629,93.0
1646,38,3535,93.0
1647,32,3342,104.4
1648,38,3716,97.8
1649,34,3468,102.0
1650,34,3712,109.2
1651,37,3650,98.6
1652,37,3763,101.7
1653,37,3567,96.4
1654,41,3887,94.8
1655,41,3936,96.0
1656,33,3537,107.2
1657,37,3903,105.5
1658,36,3858,107.2
1659,41,3868,94.3
1660,36,3517,97.7
1661,42,3664,87.2
1662,43,3546,82.5
1663,43,3819,88.8
1664,45,3741,83.1
1665,42,3829,91.2
1666,46,3921,85.2
1667,45,4011,89.1
1668,36,3334,92.6
1669,47,3890,82.8
1670,39,3611,92.6
1671,36,3275,91.0
1672,40,3602,90.0
1673,41,3703,90.3
1674,38,3487,91.8
1675,35,3395,97.0
1676,38,3615,95.1
1677,39,3557,91.2
1678,40,3752,93.8
1679,39,3953,101.4
1680,36,3571,99.2
1681,36,3809,105.8
1682,37,3781,102.2
1683,38,3910,102.9
1684,37,3911,105.7
1685,36,3812,105.9
1686,40,4025,100.6
1687,35,3727,106.5
1688,35,3715,106.1
1689,37,3784,102.3
1690,33,3556,107.8
1691,41,3809,92.9
1692,38,3946,103.8
1693,35,3737,106.8
1694,33,3924,118.9
1695,36,3836,106.6
1696,35,3489,99.7
1697,30,3343,111.4
1698,34,3465,101.9
1699,33,3349,101.5
1700,30,3213,107.1
1701,36,3721,103.4
1702,35,3686,105.3
1703,33,3747,113.6
1704,37,3884,105.0
1705,35,3692,105.5
1706,33,3693,111.9
1707,32,3889,121.5
1708,35,3802,108.6
1709,34,3725,109.6
1710,36,3798,105.5
1711,34,3878,114.1
1712,35,3961,113.2
1713,32,3787,118.3
1714,34,3936,115.8
1715,33,3749,113.6
1716,37,3874,104.7
1717,33,3783,114.6
1718,35,3841,109.7
1719,35,3900,111.4
1720,36,4056,112.7
1721,41,4156,101.4
1722,36,4036,112.1
1723,34,3951,116.2
1724,36,4073,113.1
1725,36,4056,112.7
1726,41,4078,99.5
1727,37,3918,105.9
1728,39,4389,112.5
1729,37,4047,109.4
1730,38,4236,111.5
1731,39,4148,106.4
1732,36,3859,107.2
1733,42,4163,99.1
1734,37,3980,107.6
1735,38,4217,111.0
1736,36,3889,108.0
1737,39,4071,104.4
1738,37,3924,106.0
1739,38,3890,102.4
1740,33,3763,114.0
1741,35,3886,111.0
1742,33,3860,117.0
1743,30,3827,127.6
1744,34,4020,118.2
1745,36,3998,111.1
1746,42,4048,96.4
1747,35,4013,114.7
1748,41,4205,102.6
1749,40,4112,102.8
1750,42,4434,105.6
1751,36,4001,111.1
1752,32,3892,121.6
1753,33,3932,119.2
1754,35,4057,115.9
1755,36,4092,113.7
1756,33,4101,124.3
1757,30,3900,130.0
1758,34,4160,122.4
1759,34,3831,112.7
1760,33,4118,124.8
1761,31,3603,116.2
1762,37,3920,106.0
1763,38,3947,103.9
1764,38,4013,105.6
1765,36,3939,109.4
1766,38,3960,104.2
1767,37,4201,113.5
1768,35,3963,113.2
1769,36,3908,108.6
1770,34,3681,108.3
1771,31,3995,128.9
1772,36,3818,106.1
1773,35,3678,105.1
1774,35,3687,105.3
1775,34,3691,108.6
1776,32,3523,110.1
1777,37,3764,101.7
1778,36,3670,101.9
1779,33,3466,105.0
1780,36,3391,94.2
1781,37,3629,98.1
1782,34,3722,109.5
1783,37,3715,100.4
1784,31,3307,106.7
1785,36,3429,95.2
1786,33,3573,108.3
1787,32,3419,106.8
1788,36,3757,104.4
1789,34,3549,104.4
1790,37,3697,99.9
1791,32,3333,104.2
1792,33,3501,106.1
1793,33,3742,113.4
1794,35,3756,107.3
1795,32,3706,115.8
1796,36,3848,106.9
1797,37,3773,102.0
1798,35,3824,109.3
1799,30,3412,113.7
1800,33,3577,108.4
1801,33,3479,105.4
1802,33,3403,103.1
1803,35,3653,104.4
1804,31,3643,117.5
1805,37,3955,106.9
1806,33,3634,110.1
1807,32,3757,117.4
1808,30,3609,120.3
1809,36,3796,105.4
1810,32,3681,115.0
1811,32,3636,113.6
1812,35,3755,107.3
1813,35,3865,110.4
1814,34,3808,112.0
1815,37,4023,108.7
1816,32,3750,117.2
1817,35,3861,110.3
1818,37,3806,102.9
1819,33,3710,112.4
1820,41,4088,99.7
1821,34,4039,118.8
1822,36,3963,110.1
1823,31,3825,123.4
1824,33,3635,110.2
1825,36,3692,102.6
1826,30,3402,113.4
1827,33,3526,106.8
1828,35,3884,111.0
1829,36,3793,105.4
1830,40,3969,99.2
1831,36,3867,107.4
1832,38,3809,100.2
1833,36,3767,104.6
1834,37,3899,105.4
1835,40,4279,107.0
1836,40,4133,103.3
1837,37,3976,107.5
1838,43,4225,98.3
1839,46,4404,95.7
1840,39,4150,106.4
1841,38,4031,106.1
1842,39,4241,108.7
1843,36,3808,105.8
1844,40,3867,96.7
1845,39,4111,105.4
1846,40,4137,103.4
1847,37,3963,107.1
1848,38,3991,105.0
1849,34,3910,115.0
1850,39,3982,102.1
1851,41,3976,97.0
1852,38,3972,104.5
1853,38,4057,106.8
1854,35,3945,112.7
1855,32,3832,119.8
1856,31,3629,117.1
1857,36,3890,108.1
1858,34,3756,110.5
1859,37,3881,104.9
1860,39,3956,101.4
1861,35,3998,114.2
1862,38,4011,105.6
1863,39,4031,103.4
1864,34,3591,105.6
1865,38,3782,99.5
1866,36,3535,98.2
1867,42,3813,90.8
1868,33,3461,104.9
1869,29,3291,113.5
1870,30,3462,115.4
1871,35,3560,101.7
1872,33,3404,103.2
1873,36,3628,100.8
1874,34,3636,106.9
1875,34,3627,106.7
1876,34,3441,101.2
1877,36,3457,96.0
1878,36,3737,103.8
1879,35,3678,105.1
1880,36,3489,96.9
1881,39,3959,101.5
1882,35,3850,110.0
1883,38,3971,104.5
1884,37,4099,110.8
1885,40,4227,105.7
1886,35,3800,108.6
1887,32,3454,107.9
1888,40,3810,95.2
1889,35,3624,103.5
1890,32,3708,115.9
1891,37,3773,102.0
1892,35,3508,100.2
1893,34,3508,103.2
1894,34,3720,109.4
1895,36,3908,108.6
1896,32,3821,119.4
1897,33,3673,111.3
1898,41,3999,97.5
1899,34,3726,109.6
1900,37,3967,107.2
1901,38,3969,104.4
1902,35,3770,107.7
1903,36,3712,103.1
1904,35,3692,105.5
1905,38,4005,105.4
1906,35,3883,110.9
1907,39,4012,102.9
1908,33,3544,107.4
1909,43,3984,92.6
1910,42,3853,91.7
1911,37,3865,104.5
1912,35,3547,101.3
1913,38,3782,99.5
1914,38,3817,100.4
1915,42,4015,95.6
1916,39,4245,108.8
1917,34,3907,114.9
1918,41,3973,96.9
1919,38,3759,98.9
1920,38,4109,108.1
1921,40,4127,103.2
1922,38,3865,101.7
1923,44,4187,95.2
1924,41,3856,94.0
1925,39,3898,100.0
1926,38,4097,107.8
1927,39,3700,94.9
1928,39,3953,101.4
1929,36,3774,104.8
1930,38,3655,96.2
1931,33,3388,102.7
1932,41,3835,93.5
1933,37,3761,101.6
1934,34,3722,109.5
1935,33,3539,107.2
1936,36,3497,97.1
1937,36,3642,101.2
1938,33,3522,106.7
1939,39,3981,102.1
1940,38,3954,104.0
1941,38,3590,94.5
1942,46,4279,93.0
1943,39,3892,99.8
1944,42,4141,98.6
1945,42,4021,95.7
1946,41,3868,94.3
1947,42,4227,100.6
1948,39,3675,94.2
1949,44,4106,93.3
1950,39,4184,107.3
1951,42,4370,104.0
1952,38,3803,100.1
1953,37,3940,106.5
1954,40,4007,100.2
1955,42,4156,99.0
1956,39,3874,99.3
1957,34,3657,107.6
1958,37,3653,98.7
1959,36,3668,101.9
1960,35,3614,103.3
1961,38,3802,100.0
1962,33,3237,98.1
1963,41,3906,95.3
1964,33,3418,103.6
1965,34,3427,100.8
1966,39,3662,93.9
1967,40,3840,96.0
1968,41,3928,95.8
1969,37,3581,96.8
1970,36,3883,107.9
1971,36,3987,110.8
1972,37,3810,103.0
1973,40,3899,97.5
1974,37,3617,97.8
1975,35,3603,102.9
1976,35,3702,105.8
1977,32,3543,110.7
1978,37,3422,92.5
1979,39,3528,90.5
1980,37,3555,96.1
1981,35,3532,100.9
1982,35,3430,98.0
1983,37,3419,92.4
1984,37,3362,90.9
1985,34,3355,98.7
1986,35,3597,102.8
1987,34,3587,105.5
1988,38,3603,94.8
1989,37,3623,97.9
1990,40,3775,94.4
1991,37,3827,103.4
1992,41,3892,94.9
1993,38,3739,98.4
1994,38,3583,94.3
1995,37,3585,96.9
1996,35,3517,100.5
1997,36,3413,94.8
1998,32,3246,101.4
1999,32,3189,99.7
2000,35,3507,100.2
2001,30,3494,116.5
2002,33,3534,107.1
2003,35,3540,101.1
2004,40,3778,94.4
2005,42,4032,96.0
2006,38,3821,100.6
2007,34,3521,103.6
2008,31,3605,116.3
2009,37,3678,99.4
2010,39,3833,98.3
2011,41,3914,95.5
2012,35,3848,109.9
2013,33,3687,111.7
2014,33,3835,116.2
2015,35,3945,112.7
2016,37,3930,106.2
2017,38,3981,104.8
2018,40,3926,98.2
2019,34,3541,104.2
2020,40,3806,95.2
2021,38,3900,102.6
2022,33,3776,114.4
2023,36,3830,106.4
2024,36,3880,107.8
2025,34,3659,107.6
2026,36,4016,111.6
2027,39,4087,104.8
2028,37,3850,104.0
2029,36,3660,101.7
2030,40,3788,94.7
2031,37,3796,102.6
2032,32,3489,109.0
2033,37,3656,98.8
2034,40,3648,91.2
2035,37,3682,99.5
2036,34,3581,105.3
2037,38,3705,97.5
2038,32,3370,105.3
2039,35,3421,97.7
2040,38,3657,96.2
2041,39,3842,98.5
2042,42,3993,95.1
2043,38,3909,102.9
2044,35,3837,109.6
2045,37,3795,102.6
2046,38,4000,105.3
2047,40,4151,103.8
2048,42,4049,96.4
2049,38,4013,105.6
2050,35,3772,107.8
2051,36,3664,101.8
2052,34,3920,115.3
2053,35,3547,101.3
2054,32,3643,113.8
2055,34,3730,109.7
2056,38,3892,102.4
2057,38,4037,106.2
2058,34,3789,111.4
2059,38,3710,97.6
2060,34,3539,104.1
2061,35,3691,105.5
2062,36,3671,102.0
2063,32,3716,116.1
2064,38,3887,102.3
2065,40,4058,101.4
2066,39,4052,103.9
2067,41,4019,98.0
2068,37,3742,101.1
2069,42,4140,98.6
2070,39,4006,102.7
2071,37,3963,107.1
2072,39,4090,104.9
2073,39,3937,101.0
2074,36,3833,106.5
2075,36,3764,104.6
2076,39,4063,104.2
2077,33,3870,117.3
2078,38,3906,102.8
2079,38,3970,104.5
2080,36,4017,111.6
2081,35,3969,113.4
2082,34,3727,109.6
2083,33,3677,111.4
2084,36,3685,102.4
2085,34,3839,112.9
2086,35,3785,108.1
2087,35,3782,108.1
2088,40,4070,101.8
2089,35,3774,107.8
2090,39,4114,105.5
2091,36,4097,113.8
2092,37,3897,105.3
2093,35,3739,106.8
2094,41,3990,97.3
2095,33,3714,112.6
2096,40,4110,102.8
2097,35,3815,109.0
2098,36,3823,106.2
2099,36,3818,106.1
2100,33,3645,110.4
2101,34,3684,108.4
2102,37,3696,99.9
2103,38,3768,99.2
2104,36,3749,104.1
2105,36,3680,102.2
2106,38,3805,100.1
2107,40,4035,100.9
2108,37,3988,107.8
2109,32,3568,111.5
2110,42,3912,93.1
2111,40,3947,98.7
2112,33,3827,116.0
2113,38,3936,103.6
2114,38,3846,101.2
2115,40,4122,103.0
2116,36,3904,108.4
2117,34,4101,120.6
2118,34,4308,126.7
2119,35,4128,117.9
2120,32,3766,117.7
2121,31,3514,113.4
2122,34,3933,115.7
2123,31,3679,118.7
2124,38,4276,112.5
2125,38,4202,110.6
2126,42,4236,100.9
2127,37,4137,111.8
2128,37,4162,112.5
2129,37,4124,111.5
2130,39,4220,108.2
2131,42,4357,103.7
2132,37,4296,116.1
2133,42,3998,95.2
2134,35,3857,110.2
2135,41,3780,92.2
2136,36,3822,106.2
2137,36,4028,111.9
2138,41,4221,103.0
2139,38,3882,102.2
2140,39,3843,98.5
2141,36,3751,104.2
2142,37,3866,104.5
2143,40,4039,101.0
2144,34,3744,110.1
2145,37,4109,111.0
2146,35,3895,111.3
2147,39,4061,104.1
2148,40,4348,108.7
2149,40,4222,105.6
2150,42,4107,97.8
2151,40,4099,102.5
2152,42,4147,98.7
2153,44,4420,100.4
2154,42,4107,97.8
2155,42,3957,94.2
2156,42,4134,98.4
2157,42,4052,96.5
2158,38,3909,102.9
2159,44,4240,96.4
2160,42,4210,100.2
2161,42,4203,100.1
2162,41,4253,103.7
2163,39,4116,105.5
2164,39,4255,109.1
2165,39,3878,99.4
2166,38,3918,103.1
2167,38,3989,105.0
2168,39,3925,100.6
2169,41,4089,99.7
2170,36,3929,109.1
2171,39,3973,101.9
2172,40,4022,100.6
2173,42,4173,99.4
2174,41,4211,102.7
2175,37,4180,113.0
2176,38,4141,109.0
2177,41,4445,108.4
2178,41,4342,105.9
2179,43,4462,103.8
2180,41,4138,100.9
2181,37,4098,110.8
2182,38,4015,105.7
2183,39,4165,106.8
2184,39,4079,104.6
2185,35,3780,108.0
2186,41,4093,99.8
2187,42,3835,91.3
2188,37,3788,102.4
2189,36,3582,99.5
2190,38,3756,98.8
2191,35,3776,107.9
2192,37,3902,105.5
2193,37,3425,92.6
2194,33,3584,108.6
2195,31,3704,119.5
2196,39,3914,100.4
2197,36,3696,102.7
2198,38,3729,98.1
2199,38,3711,97.7
2200,36,3703,102.9
2201,42,3873,92.2
2202,35,3812,108.9
2203,33,3707,112.3
2204,36,3808,105.8
2205,33,3810,115.4
2206,38,4072,107.2
2207,34,3675,108.1
2208,36,3765,104.6
2209,34,3671,108.0
2210,37,3811,103.0
2211,33,3589,108.8
2212,36,3941,109.5
2213,33,3898,118.1
2214,36,3944,109.6
2215,39,4059,104.1
2216,35,3840,109.7
2217,39,4166,106.8
2218,37,4062,109.8
2219,37,3930,106.2
2220,40,3895,97.4
2221,31,3614,116.6
2222,41,3709,90.5
2223,42,3882,92.4
2224,38,3626,95.4
2225,40,3892,97.3
2226,38,3909,102.9
2227,37,3754,101.5
2228,30,3343,111.4
2229,34,3540,104.1
2230,37,3645,98.5
2231,34,3648,107.3
2232,34,3539,104.1
2233,36,3445,95.7
2234,35,3567,101.9
2235,38,3604,94.8
2236,40,3665,91.6
2237,37,3701,100.0
2238,35,3386,96.7
2239,38,3862,101.6
2240,32,3386,105.8
2241,32,3228,100.9
2242,38,3685,97.0
2243,38,3768,99.2
2244,35,3356,95.9
2245,36,3379,93.9
2246,38,3528,92.8
2247,37,3561,96.2
2248,37,3703,100.1
2249,41,3968,96.8
2250,37,3543,95.8
2251,34,3432,100.9
2252,36,3472,96.4
2253,34,3384,99.5
2254,34,3301,97.1
2255,36,3482,96.7
2256,39,3484,89.3
2257,37,3314,89.6
2258,36,3359,93.3
2259,36,3501,97.2
2260,33,3264,98.9
2261,35,3494,99.8
2262,35,3528,100.8
2263,35,3452,98.6
2264,36,3719,103.3
2265,38,3753,98.8
2266,33,3487,105.7
2267,33,3551,107.6
2268,35,3301,94.3
2269,37,3561,96.2
2270,36,3695,102.6
2271,42,3884,92.5
2272,39,3925,100.6
2273,36,3670,101.9
2274,32,3540,110.6
2275,39,3850,98.7
2276,39,3772,96.7
2277,37,3797,102.6
2278,37,3663,99.0
2279,37,3769,101.9
2280,39,3777,96.8
2281,36,3878,107.7
2282,40,4035,100.9
2283,39,4024,103.2
2284,37,4135,111.8
2285,34,3709,109.1
2286,36,3952,109.8
2287,33,3741,113.4
2288,35,3801,108.6
2289,34,3835,112.8
2290,33,3797,115.1
2291,32,3784,118.2
2292,33,3608,109.3
2293,35,3873,110.7
2294,32,3535,110.5
2295,36,3540,98.3
2296,36,3542,98.4
2297,33,3386,102.6
2298,34,3694,108.6
2299,39,4125,105.8
2300,29,3419,117.9
2301,36,3621,100.6
2302,34,3688,108.5
2303,34,3784,111.3
2304,38,3852,101.4
2305,29,3548,122.3
2306,33,3702,112.2
2307,31,3548,114.4
2308,36,3814,105.9
2309,33,3317,100.5
2310,30,3493,116.4
2311,33,3583,108.6
2312,33,3772,114.3
2313,29,3493,120.4
2314,33,3104,94.1
2315,33,3664,111.0
2316,32,3364,105.1
2317,37,3641,98.4
2318,37,3808,102.9
2319,34,3419,100.6
2320,39,3810,97.7
2321,36,3643,101.2
2322,29,3712,128.0
2323,33,3487,105.7
2324,34,3541,104.2
2325,34,3365,99.0
2326,34,3391,99.7
2327,33,3389,102.7
2328,35,3624,103.5
2329,35,3644,104.1
2330,33,3507,106.3
2331,32,3482,108.8
2332,34,3594,105.7
2333,32,3513,109.8
2334,33,3409,103.3
2335,35,3476,99.3
2336,35,3651,104.3
2337,38,3658,96.3
2338,36,3605,100.1
2339,38,3869,101.8
2340,35,3590,102.6
2341,35,3699,105.7
2342,33,3527,106.9
2343,31,3458,111.6
2344,33,3657,110.8
2345,36,3682,102.3
2346,34,3442,101.2
2347,34,3644,107.2
2348,33,3830,116.1
2349,35,3840,109.7
2350,34,3877,114.0
2351,36,3699,102.8
2352,34,3702,108.9
2353,36,3981,110.6
2354,30,3648,121.6
2355,31,3868,124.8
2356,34,3949,116.2
2357,34,4070,119.7
2358,37,4009,108.4
2359,37,3970,107.3
2360,37,4192,113.3
2361,39,4190,107.4
2362,40,4390,109.8
2363,38,4299,113.1
2364,32,4128,129.0
2365,35,3955,113.0
2366,35,3999,114.3
2367,33,3703,112.2
2368,34,3766,110.8
2369,34,3859,113.5
2370,32,3782,118.2
2371,34,4196,123.4
2372,31,3715,119.8
2373,36,4020,111.7
2374,34,4000,117.6
2375,36,4123,114.5
2376,35,4073,116.4
2377,33,4081,123.7
2378,31,3762,121.4
2379,31,3697,119.3
2380,35,3849,110.0
2381,37,3975,107.4
2382,38,3987,104.9
2383,36,4066,112.9
2384,36,4056,112.7
2385,34,3968,116.7
2386,33,3715,112.6
2387,34,3796,111.6
2388,35,4043,115.5
2389,36,3909,108.6
2390,36,3795,105.4
2391,37,3943,106.6
2392,33,3836,116.2
2393,35,3775,107.9
2394,34,3760,110.6
2395,35,3972,113.5
2396,37,3724,100.6
2397,36,3841,106.7
2398,31,3627,117.0
2399,35,3690,105.4
2400,31,3500,112.9
2401,34,3858,113.5
2402,34,3735,109.8
2403,33,3751,113.7
2404,36,3881,107.8
2405,33,3771,114.3
2406,36,3822,106.2
2407,38,3986,104.9
2408,35,3973,113.5
2409,34,3963,116.6
2410,35,3621,103.5
2411,32,3750,117.2
2412,36,3939,109.4
2413,35,3974,113.5
2414,34,4001,117.7
2415,35,3931,112.3
2416,39,4167,106.8
2417,36,3826,106.3
2418,40,4363,109.1
2419,37,3905,105.5
2420,33,3864,117.1
2421,38,3969,104.4
2422,34,3995,117.5
2423,36,4142,115.1
2424,37,4179,113.0
2425,37,3899,105.4
2426,40,4241,106.0
2427,39,4231,108.5
2428,37,4064,109.8
2429,38,4119,108.4
2430,39,4058,104.0
2431,40,4191,104.8
2432,40,4089,102.2
2433,37,3842,103.8
2434,36,3866,107.4
2435,39,3917,100.4
2436,40,3860,96.5
2437,38,3833,100.9
2438,42,4052,96.5
2439,40,3947,98.7
2440,39,3821,98.0
2441,37,3951,106.8
2442,43,4178,97.2
2443,34,3885,114.3
2444,41,4116,100.4
2445,36,3796,105.4
2446,41,3989,97.3
2447,38,3925,103.3
2448,37,3815,103.1
2449,39,3947,101.2
2450,37,3956,106.9
2451,39,3997,102.5
2452,38,4159,109.4
2453,38,4173,109.8
2454,34,3953,116.3
2455,42,4033,96.0
2456,35,3977,113.6
2457,41,3879,94.6
2458,36,3799,105.5
2459,35,3918,111.9
2460,34,3835,112.8
2461,37,4206,113.7
2462,37,4147,112.1
2463,37,4074,110.1
2464,35,3931,112.3
2465,33,3807,115.4
2466,36,3840,106.7
2467,39,4204,107.8
2468,36,4071,113.1
2469,38,4117,108.3
2470,39,4073,104.4
2471,34,3895,114.6
2472,39,4217,108.1
2473,35,4200,120.0
2474,38,4225,111.2
2475,39,4238,108.7
2476,36,4071,113.1
2477,36,4046,112.4
2478,39,4131,105.9
2479,36,3981,110.6
2480,42,4036,96.1
2481,39,3894,99.8
2482,40,4290,107.2
2483,37,4020,108.6
2484,42,4208,100.2
2485,36,4001,111.1
2486,38,4069,107.1
2487,40,4399,110.0
2488,37,4014,108.5
2489,36,3926,109.1
2490,39,4233,108.5
2491,32,3713,116.0
2492,32,3836,119.9
2493,36,4046,112.4
2494,34,4078,119.9
2495,36,4184,116.2
2496,37,4262,115.2
2497,36,4088,113.6
2498,35,4198,119.9
2499,33,4064,123.2
2500,37,4110,111.1
2501,39,4329,111.0
2502,39,4332,111.1
2503,36,3944,109.6
2504,40,4225,105.6
2505,39,4015,103.0
2506,39,4180,107.2
2507,39,3963,101.6
2508,40,4243,106.1
2509,41,4111,100.3
2510,40,4098,102.4
2511,40,4189,104.7
2512,38,4067,107.0
2513,36,3909,108.6
2514,37,4010,108.4
2515,43,4288,99.7
2516,39,4263,109.3
2517,39,4439,113.8
2518,40,4327,108.2
2519,38,4146,109.1
2520,34,4120,121.2
2521,39,4233,108.5
2522,34,3864,113.6
2523,36,4303,119.5
2524,41,4475,109.2
2525,36,4312,119.8
2526,37,4256,115.0
2527,35,4009,114.5
2528,33,3960,120.0
2529,36,4114,114.3
2530,35,4486,128.2
2531,38,4237,111.5
2532,40,4368,109.2
2533,39,4386,112.5
2534,41,4318,105.3
2535,41,4320,105.4
2536,42,4264,101.5
2537,38,4124,108.5
2538,37,4275,115.5
2539,40,4223,105.6
2540,40,4305,107.6
2541,39,4262,109.3
2542,37,4152,112.2
2543,39,4306,110.4
2544,35,3895,111.3
2545,38,4105,108.0
2546,40,4079,102.0
2547,42,4075,97.0
2548,41,4341,105.9
2549,36,4388,121.9
2550,41,4392,107.1
2551,38,4359,114.7
2552,34,4076,119.9
2553,39,4311,110.5
2554,41,4239,103.4
2555,35,3865,110.4
2556,39,4177,107.1
2557,40,4091,102.3
2558,42,4042,96.2
2559,38,3878,102.0
2560,43,4259,99.0
2561,37,4031,109.0
2562,41,4056,98.9
2563,33,3677,111.4
2564,36,3774,104.8
2565,34,3748,110.2
2566,36,3795,105.4
2567,38,4114,108.3
2568,35,4028,115.1
2569,34,3852,113.3
2570,32,4253,132.9
2571,36,4048,112.4
2572,35,4269,122.0
2573,34,4065,119.6
2574,36,3953,109.8
2575,36,3835,106.5
2576,35,3829,109.4
2577,33,3673,111.3
2578,39,4029,103.3
2579,35,4006,114.5
2580,38,4089,107.6
2581,34,4077,119.9
2582,36,3914,108.7
2583,39,3863,99.0
2584,38,3990,105.0
2585,36,3951,109.8
2586,39,4008,102.8
2587,37,4003,108.2
2588,34,3740,110.0
2589,33,3939,119.4
2590,40,4441,111.0
2591,38,4240,111.6
2592,37,4047,109.4
2593,40,4131,103.3
2594,40,4349,108.7
2595,36,3877,107.7
2596,35,3976,113.6
2597,37,3836,103.7
2598,38,4133,108.8
2599,34,3936,115.8
2600,31,3855,124.4
2601,35,4086,116.7
2602,38,4125,108.6
2603,39,4237,108.6
2604,39,4303,110.3
2605,40,4263,106.6
2606,42,4488,106.9
2607,40,4486,112.2
2608,37,4383,118.5
2609,36,4125,114.6
2610,33,3843,116.4
2611,31,3939,127.1
2612,29,3859,133.1
2613,35,3859,110.3
2614,30,3638,121.3
2615,34,3893,114.5
2616,34,4025,118.4
2617,36,4012,111.4
2618,35,3845,109.9
2619,39,4271,109.5
2620,39,4229,108.4
2621,36,4075,113.2
2622,38,4161,109.5
2623,35,3837,109.6
2624,38,4052,106.6
2625,37,4128,111.6
2626,37,4153,112.2
2627,39,4117,105.6
2628,36,4228,117.4
2629,33,4257,129.0
2630,35,4054,115.8
2631,39,4404,112.9
2632,33,4122,124.9
2633,35,4103,117.2
2634,36,4037,112.1
2635,36,4045,112.4
2636,34,3875,114.0
2637,31,4064,131.1
2638,34,4311,126.8
2639,36,4177,116.0
2640,38,4157,109.4
2641,41,4121,100.5
2642,39,4208,107.9
2643,40,4241,106.0
2644,42,4440,105.7
2645,37,4172,112.8
2646,33,4384,132.8
2647,36,4104,114.0
2648,34,4131,121.5
2649,33,4022,121.9
2650,37,4380,118.4
2651,36,4009,111.4
2652,38,3901,102.7
2653,36,4318,119.9
2654,35,3999,114.3
2655,37,4395,118.8
2656,33,4273,129.5
2657,33,4325,131.1
2658,38,4136,108.8
2659,40,3967,99.2
2660,32,4045,126.4
2661,34,4207,123.7
2662,41,4329,105.6
2663,40,3999,100.0
2664,41,4197,102.4
2665,38,4168,109.7
2666,37,4048,109.4
2667,37,4183,113.0
2668,40,4257,106.4
2669,38,4041,106.3
2670,36,4099,113.9
2671,39,4312,110.6
2672,40,4247,106.2
2673,41,4081,99.5
2674,32,4022,125.7
2675,37,4449,120.2
2676,33,4344,131.6
2677,35,4275,122.1
2678,31,4215,136.0
2679,36,4265,118.5
2680,37,4336,117.2
2681,37,4132,111.7
2682,39,4402,112.9
2683,36,4050,112.5
2684,35,4269,122.0
2685,38,4331,114.0
2686,40,4178,104.4
2687,35,4129,118.0
2688,34,3993,117.4
2689,33,3934,119.2
2690,40,4193,104.8
2691,37,4149,112.1
2692,40,4407,110.2
2693,38,4280,112.6
2694,38,4364,114.8
2695,39,4209,107.9
2696,35,3996,114.2
2697,37,4225,114.2
2698,45,4568,101.5
2699,45,4660,103.6
2700,42,4319,102.8
2701,40,4132,103.3
2702,44,4319,98.2
2703,43,4386,102.0
2704,37,4174,112.8
2705,40,4234,105.8
2706,35,3962,113.2
2707,39,4023,103.2
2708,37,3994,108.0
2709,38,3904,102.7
2710,40,4072,101.8
2711,40,3872,96.8
2712,39,3995,102.4
2713,40,4048,101.2
2714,39,3883,99.6
2715,36,3892,108.1
2716,37,3987,107.8
2717,36,3520,97.8
2718,37,3963,107.1
2719,40,4222,105.6
2720,43,4450,103.5
2721,46,4548,98.9
2722,42,4351,103.6
2723,37,3841,103.8
2724,36,3985,110.7
2725,39,4207,107.9
2726,38,4151,109.2
2727,35,4085,116.7
2728,37,4066,109.9
2729,40,4379,109.5
2730,41,4303,105.0
2731,40,4164,104.1
2732,32,3829,119.7
2733,32,4119,128.7
2734,38,3833,100.9
2735,34,3777,111.1
2736,30,3678,122.6
2737,32,3661,114.4
2738,34,4171,122.7
2739,38,3997,105.2
2740,33,4106,124.4
2741,32,3858,120.6
2742,35,3881,110.9
2743,35,4004,114.4
2744,37,3657,98.8
2745,38,3822,100.6
2746,38,3839,101.0
2747,40,3976,99.4
2748,40,3788,94.7
2749,40,4138,103.4
2750,38,4150,109.2
2751,37,3913,105.8
2752,40,4058,101.4
2753,39,4036,103.5
2754,34,4079,120.0
2755,36,3746,104.1
2756,34,3795,111.6
2757,31,3832,123.6
2758,33,3892,117.9
2759,39,3825,98.1
2760,37,4010,108.4
2761,39,3824,98.0
2762,39,3815,97.8
2763,36,3795,105.4
2764,39,4076,104.5
2765,37,4021,108.7
2766,38,4230,111.3
2767,40,4302,107.6
2768,37,4130,111.6
2769,40,3784,94.6
2770,37,3841,103.8
2771,41,4303,105.0
2772,36,3657,101.6
2773,40,4122,103.0
2774,36,3821,106.1
2775,35,3823,109.2
2776,35,4061,116.0
2777,42,3907,93.0
2778,34,3709,109.1
2779,35,3743,106.9
2780,36,3710,103.1
2781,36,3739,103.9
2782,37,3778,102.1
2783,37,3872,104.6
2784,34,3840,112.9
2785,36,3790,105.3
2786,33,3839,116.3
2787,39,4067,104.3
2788,32,3853,120.4
2789,36,4140,115.0
2790,30,3733,124.4
2791,34,3896,114.6
2792,37,3994,108.0
2793,37,3789,102.4
2794,42,4004,95.3
2795,35,3837,109.6
2796,37,3884,105.0
2797,34,3654,107.5
2798,36,3837,106.6
2799,39,4055,104.0
2800,35,3928,112.2
2801,36,3995,111.0
2802,36,4089,113.6
2803,38,4005,105.4
2804,36,3931,109.2
2805,35,4047,115.6
2806,35,3958,113.1
2807,36,3968,110.2
2808,36,4080,113.3
2809,37,4073,110.1
2810,38,4144,109.0
2811,37,4081,110.3
2812,42,4295,102.3
2813,37,3993,107.9
2814,38,4042,106.4
2815,38,4045,106.4
2816,41,4147,101.2
2817,40,4269,106.7
2818,41,4193,102.3
2819,42,4204,100.1
2820,42,4283,102.0
2821,38,3891,102.4
2822,36,4044,112.3
2823,39,4216,108.1
2824,40,3980,99.5
2825,41,4027,98.2
2826,37,3974,107.4
2827,37,3803,102.8
2828,37,3772,102.0
2829,34,3755,110.4
2830,41,4173,101.8
2831,33,3812,115.5
2832,37,3988,107.8
2833,37,4022,108.7
2834,40,3994,99.8
2835,36,3780,105.0
2836,37,3992,107.9
2837,36,3875,107.6
2838,38,3822,100.6
2839,32,3561,111.3
2840,31,3568,115.1
2841,32,3639,113.7
2842,33,3477,105.4
2843,40,4047,101.2
2844,38,4156,109.4
2845,36,3854,107.1
2846,35,3727,106.5
2847,37,3785,102.3
2848,37,3843,103.9
2849,32,3470,108.4
2850,30,3647,121.6
2851,38,3863,101.7
2852,38,4025,105.9
2853,36,3874,107.6
2854,36,3906,108.5
2855,34,3795,111.6
2856,36,3753,104.2
2857,35,3743,106.9
2858,37,3983,107.6
2859,37,3950,106.8
2860,35,3671,104.9
2861,34,3707,109.0
2862,34,3785,111.3
2863,36,3974,110.4
2864,40,4026,100.6
2865,40,3998,100.0
2866,37,4069,110.0
2867,33,3434,104.1
2868,38,3705,97.5
2869,35,3519,100.5
2870,32,3446,107.7
2871,35,3644,104.1
2872,34,3696,108.7
2873,39,3934,100.9
2874,36,3802,105.6
2875,40,4073,101.8
2876,38,3845,101.2
2877,39,3904,100.1
2878,41,4009,97.8
2879,43,4019,93.5
2880,39,3727,95.6
2881,41,3915,95.5
2882,42,4117,98.0
2883,42,4165,99.2
2884,39,4018,103.0
2885,42,4203,100.1
2886,39,4065,104.2
2887,40,4180,104.5
2888,36,4175,116.0
2889,41,4126,100.6
2890,38,3840,101.0
2891,42,4142,98.6
2892,42,4131,98.4
2893,38,3901,102.7
2894,42,4223,100.6
2895,38,4190,110.3
2896,39,4079,104.6
2897,38,4355,114.6
2898,39,4196,107.6
2899,37,4088,110.5
2900,38,4037,106.2
2901,40,4100,102.5
2902,37,4025,108.8
2903,39,4005,102.7
2904,39,4117,105.6
2905,40,4335,108.4
2906,36,4123,114.5
2907,36,4046,112.4
2908,35,4045,115.6
2909,33,4038,122.4
2910,37,4232,114.4
2911,39,4495,115.3
2912,38,4265,112.2
2913,37,4143,112.0
2914,41,4332,105.7
2915,38,4234,111.4
2916,41,4186,102.1
2917,35,4009,114.5
2918,38,3971,104.5
2919,42,4187,99.7
2920,30,3893,129.8
2921,36,4088,113.6
2922,31,3888,125.4
2923,33,4020,121.8
2924,37,3813,103.0
2925,36,4084,113.4
2926,37,4039,109.2
2927,38,4051,106.6
2928,37,4043,109.3
2929,37,3890,105.1
2930,38,3943,103.8
2931,38,4067,107.0
2932,43,4273,99.4
2933,39,4234,108.6
2934,38,3913,103.0
2935,39,3835,98.3
2936,43,4042,94.0
2937,37,4059,109.7
2938,39,4075,104.5
2939,40,4086,102.2
2940,41,3866,94.3
2941,38,3920,103.2
2942,42,4210,100.2
2943,47,4240,90.2
2944,42,3926,93.5
2945,38,3714,97.7
2946,41,3975,97.0
2947,45,4272,94.9
2948,39,3997,102.5
2949,41,4152,101.3
2950,39,3996,102.5
2951,40,4133,103.3
2952,43,4326,100.6
2953,41,4255,103.8
2954,40,4439,111.0
2955,37,4251,114.9
2956,41,4097,99.9
2957,41,4107,100.2
2958,43,4353,101.2
2959,35,4032,115.2
2960,38,4136,108.8
2961,41,4353,106.2
2962,41,4492,109.6
2963,34,4028,118.5
2964,36,4182,116.2
2965,38,4354,114.6
2966,33,4046,122.6
2967,43,4470,104.0
2968,34,4173,122.7
2969,33,4130,125.2
2970,35,4049,115.7
2971,36,4249,118.0
2972,39,4071,104.4
2973,37,4210,113.8
2974,37,4209,113.8
2975,37,4388,118.6
2976,42,4456,106.1
2977,39,4556,116.8
2978,40,4526,113.2
2979,37,4324,116.9
2980,38,4113,108.2
2981,36,3927,109.1
2982,37,3953,106.8
2983,29,3781,130.4
2984,43,4374,101.7
2985,39,4227,108.4
2986,34,4047,119.0
2987,35,4046,115.6
2988,33,4266,129.3
2989,36,4346,120.7
2990,40,4539,113.5
2991,39,4353,111.6
2992,39,4343,111.4
2993,37,4290,116.0
2994,36,4330,120.3
2995,33,3949,119.7
2996,37,4156,112.3
2997,34,4090,120.3
2998,32,3831,119.7
2999,36,4064,112.9
3000,35,4076,116.5
3001,34,4356,128.1
3002,35,4015,114.7
3003,37,4174,112.8
3004,34,4195,123.4
3005,36,4207,116.9
3006,34,4468,131.4
3007,36,4394,122.1
3008,36,4492,124.8
3009,33,4316,130.8
3010,34,4100,120.6
3011,37,4217,114.0
3012,31,4037,130.2
3013,38,4368,115.0
3014,32,4175,130.5
3015,35,4225,120.7
3016,28,4025,143.8
3017,34,3981,117.1
3018,36,4356,121.0
3019,34,4230,124.4
3020,36,4224,117.3
3021,32,4022,125.7
3022,34,3993,117.4
3023,33,4236,128.4
3024,34,4423,130.1
3025,36,4422,122.8
3026,31,4432,143.0
3027,31,4332,139.7
3028,31,4118,132.8
3029,31,4151,133.9
3030,32,4428,138.4
3031,36,4265,118.5
3032,34,4058,119.4
3033,33,4154,125.9
3034,32,4031,126.0
3035,31,3829,123.5
3036,31,4018,129.6
3037,32,3872,121.0
3038,30,3697,123.2
3039,31,3967,128.0
3040,32,4126,128.9
3041,36,4043,112.3
3042,32,4246,132.7
3043,35,4229,120.8
3044,33,3752,113.7
3045,33,3851,116.7
3046,32,3906,122.1
3047,40,4383,109.6
3048,30,3593,119.8
3049,36,3993,110.9
3050,36,4155,115.4
3051,35,4053,115.8
3052,34,3894,114.5
3053,32,4087,127.7
3054,34,4038,118.8
3055,34,3874,113.9
3056,31,3935,126.9
3057,35,4013,114.7
3058,31,3812,123.0
3059,31,4029,130.0
3060,29,3890,134.1
3061,34,3891,114.4
3062,33,3945,119.6
3063,32,3998,124.9
3064,37,4106,111.0
3065,38,4316,113.6
3066,37,4085,110.4
3067,35,4120,117.7
3068,36,4191,116.4
3069,36,4204,116.8
3070,30,3992,133.1
3071,30,4194,139.8
3072,33,4333,131.3
3073,32,4265,133.3
3074,34,4048,119.1
3075,34,4210,123.8
3076,41,4464,108.9
3077,34,4086,120.2
3078,36,4213,117.0
3079,31,3568,115.1
3080,31,4169,134.5
3081,32,3635,113.6
3082,33,4101,124.3
3083,34,4061,119.4
3084,33,4274,129.5
3085,35,4247,121.3
3086,33,4393,133.1
3087,36,4409,122.5
3088,32,4196,131.1
3089,33,3970,120.3
3090,32,4279,133.7
3091,35,4025,115.0
3092,36,4243,117.9
3093,35,4354,124.4
3094,35,4095,117.0
3095,32,4232,132.2
3096,32,3972,124.1
3097,35,4170,119.1
3098,34,4157,122.3
3099,37,4142,112.0
3100,31,3955,127.6
3101,34,4221,124.2
3102,39,4438,113.8
3103,32,4199,131.2
3104,33,4188,126.9
3105,33,4013,121.6
3106,41,4379,106.8
3107,35,4012,114.6
3108,28,3938,140.6
3109,33,4084,123.8
3110,32,3934,122.9
3111,36,4161,115.6
3112,31,3942,127.2
3113,29,3794,130.8
3114,36,4073,113.1
3115,32,4077,127.4
3116,34,4158,122.3
3117,35,4311,123.2
3118,35,4233,120.9
3119,37,4361,117.9
3120,36,4242,117.8
3121,33,4092,124.0
3122,34,4053,119.2
3123,33,3947,119.6
3124,32,3980,124.4
3125,35,4099,117.1
3126,32,4238,132.4
3127,33,4117,124.8
3128,33,4172,126.4
3129,34,4241,124.7
3130,33,4174,126.5
3131,34,4050,119.1
3132,36,4207,116.9
3133,36,4130,114.7
3134,34,3984,117.2
3135,33,3974,120.4
3136,34,4139,121.7
3137,31,3955,127.6
3138,35,4182,119.5
3139,37,4138,111.8
3140,36,3990,110.8
3141,35,4004,114.4
3142,34,4252,125.1
3143,34,4134,121.6
3144,34,4131,121.5
3145,37,4197,113.4
3146,33,4141,125.5
3147,34,4159,122.3
3148,34,4153,122.2
3149,35,3946,112.7
3150,32,4023,125.7
3151,33,4081,123.7
3152,31,4076,131.5
3153,31,4013,129.4
3154,36,4071,113.1
3155,34,4030,118.5
3156,36,4189,116.4
3157,34,4286,126.1
3158,36,4287,119.1
3159,31,3927,126.7
3160,34,3950,116.2
3161,31,4036,130.2
3162,33,4073,123.4
3163,32,4016,125.5
3164,35,4111,117.5
3165,36,4130,114.7
3166,39,4263,109.3
3167,39,4243,108.8
3168,32,3984,124.5
3169,36,4104,114.0
3170,36,4225,117.4
3171,32,4120,128.8
3172,36,4158,115.5
3173,36,4121,114.5
3174,33,4054,122.8
3175,28,3945,140.9
3176,27,4001,148.2
3177,32,3954,123.6
3178,32,4049,126.5
3179,36,4299,119.4
3180,35,4174,119.3
3181,38,4206,110.7
3182,36,4156,115.4
3183,35,4053,115.8
3184,37,4227,114.2
3185,33,3951,119.7
3186,32,3839,120.0
3187,34,3766,110.8
3188,36,4477,124.4
3189,39,4593,117.8
3190,37,4311,116.5
3191,33,4181,126.7
3192,37,4234,114.4
3193,37,4600,124.3
3194,36,4140,115.0
3195,34,4007,117.8
3196,34,3981,117.1
3197,41,4363,106.4
3198,46,4546,98.8
3199,41,4165,101.6
3200,34,4056,119.3
3201,37,3797,102.6
3202,39,3915,100.4
3203,34,3661,107.7
3204,29,3602,124.2
3205,36,3912,108.7
3206,31,3928,126.7
3207,34,3970,116.8
3208,37,3868,104.5
3209,33,3566,108.1
3210,30,3756,125.2
3211,34,3925,115.4
3212,33,3940,119.4
3213,36,3922,108.9
3214,35,3896,111.3
3215,37,3824,103.4
3216,38,4085,107.5
3217,36,3900,108.3
3218,35,4001,114.3
3219,38,4072,107.2
3220,43,4175,97.1
3221,36,4157,115.5
3222,34,3906,114.9
3223,34,3761,110.6
3224,32,3688,115.2
3225,35,3955,113.0
3226,32,3942,123.2
3227,36,4002,111.2
3228,36,4188,116.3
3229,38,4091,107.7
3230,35,4202,120.1
3231,38,3896,102.5
3232,39,4223,108.3
3233,39,4193,107.5
3234,38,4084,107.5
3235,34,4133,121.6
3236,38,4098,107.8
3237,33,3884,117.7
3238,35,3913,111.8
3239,35,3808,108.8
3240,37,3873,104.7
3241,35,3814,109.0
3242,36,4181,116.1
3243,32,3875,121.1
3244,35,3861,110.3
3245,32,3769,117.8
3246,35,3812,108.9
3247,34,3845,113.1
3248,32,3755,117.3
3249,34,3835,112.8
3250,34,3599,105.8
3251,39,3900,100.0
3252,34,3814,112.2
3253,32,3816,119.2
3254,37,3932,106.3
3255,31,3529,113.8
3256,29,3535,121.9
3257,32,3727,116.5
3258,28,3396,121.3
3259,33,3885,117.7
3260,35,3821,109.2
3261,32,3766,117.7
3262,34,3744,110.1
3263,35,3713,106.1
3264,34,3800,111.8
3265,32,3624,113.2
3266,40,3971,99.3
3267,33,3928,119.0
3268,36,3990,110.8
3269,35,3784,108.1
3270,35,3847,109.9
3271,35,3870,110.6
3272,34,3869,113.8
3273,30,3438,114.6
3274,32,3701,115.7
3275,30,3527,117.6
3276,30,3481,116.0
3277,28,3491,124.7
3278,31,3525,113.7
3279,34,3650,107.4
3280,36,3920,108.9
3281,30,3545,118.2
3282,31,3664,118.2
3283,33,3598,109.0
3284,30,3580,119.3
3285,34,3533,103.9
3286,35,3519,100.5
3287,34,3629,106.7
3288,32,3463,108.2
3289,34,3502,103.0
3290,35,3648,104.2
3291,37,3777,102.1
3292,30,3340,111.3
3293,31,3596,116.0
3294,28,3479,124.2
3295,31,3446,111.2
3296,34,3558,104.6
3297,30,3451,115.0
3298,30,3344,111.5
3299,33,3498,106.0
3300,32,3304,103.2
3301,32,3506,109.6
3302,32,3546,110.8
3303,31,3437,110.9
3304,34,3686,108.4
3305,33,3577,108.4
3306,35,3797,108.5
3307,32,3626,113.3
3308,37,3964,107.1
3309,36,4057,112.7
3310,36,4064,112.9
3311,38,4027,106.0
3312,28,3486,124.5
3313,32,3792,118.5
3314,36,4051,112.5
3315,40,4187,104.7
3316,35,3768,107.7
3317,36,3940,109.4
3318,34,3783,111.3
3319,38,3940,103.7
3320,37,3922,106.0
3321,30,3830,127.7
3322,36,3744,104.0
3323,34,3883,114.2
3324,38,4099,107.9
3325,38,4112,108.2
3326,33,3630,110.0
3327,34,3681,108.3
3328,34,3965,116.6
3329,34,3844,113.1
3330,35,4018,114.8
3331,37,4125,111.5
3332,37,3887,105.0
3333,37,3961,107.0
3334,41,4130,100.7
3335,35,4132,118.1
3336,35,4248,121.4
3337,40,4075,101.9
3338,35,4124,117.8
3339,34,3934,115.7
3340,35,3989,114.0
3341,39,4011,102.8
3342,34,4172,122.7
3343,36,4289,119.1
3344,37,4351,117.6
3345,42,4446,105.9
3346,41,4218,102.9
3347,38,3957,104.1
3348,34,3887,114.3
3349,39,4075,104.5
3350,35,3819,109.1
3351,40,4116,102.9
3352,37,4153,112.2
3353,33,3907,118.4
3354,37,4123,111.4
3355,32,4072,127.2
3356,35,4066,116.2
3357,37,4083,110.4
3358,39,3961,101.6
3359,36,4102,113.9
3360,38,4172,109.8
3361,43,4155,96.6
3362,43,4324,100.6
3363,41,3961,96.6
3364,40,3983,99.6
3365,40,4027,100.7
3366,40,4314,107.8
3367,35,4059,116.0
3368,36,3939,109.4
3369,37,4122,111.4
3370,41,4185,102.1
3371,40,4153,103.8
3372,34,4229,124.4
3373,31,3911,126.2
3374,36,4145,115.1
3375,37,4287,115.9
3376,38,4182,110.0
3377,37,4179,113.0
3378,38,4208,110.7
3379,35,4077,116.5
3380,39,4082,104.7
3381,41,4300,104.9
3382,39,4227,108.4
3383,45,4587,101.9
3384,36,4131,114.8
3385,41,4333,105.7
3386,38,4219,111.0
3387,35,4027,115.1
3388,38,3911,102.9
3389,35,3953,112.9
3390,35,3825,109.3
3391,38,3876,102.0
3392,37,3906,105.6
3393,34,3883,114.2
3394,31,3608,116.4
3395,35,3887,111.1
3396,35,3915,111.9
3397,37,4023,108.7
3398,37,3866,104.5
3399,32,3762,117.6
3400,32,3593,112.3
3401,34,3651,107.4
3402,30,3309,110.3
3403,32,3560,111.2
3404,36,3607,100.2
3405,35,3576,102.2
3406,36,3529,98.0
3407,38,3788,99.7
3408,37,3762,101.7
3409,39,3866,99.1
3410,40,4133,103.3
3411,36,4016,111.6
3412,38,3758,98.9
3413,34,3635,106.9
3414,34,3750,110.3
3415,38,3774,99.3
3416,34,3781,111.2
3417,33,3836,116.2
3418,36,3997,111.0
3419,34,3771,110.9
3420,38,4051,106.6
3421,37,4012,108.4
3422,38,3969,104.4
3423,38,4192,110.3
3424,40,3898,97.4
3425,38,4063,106.9
3426,39,4042,103.6
3427,36,4182,116.2
3428,39,4195,107.6
3429,37,3765,101.8
3430,35,3459,98.8
3431,37,3609,97.5
3432,40,3798,95.0
3433,37,3908,105.6
3434,36,3743,104.0
3435,35,3716,106.2
3436,34,3519,103.5
3437,37,3540,95.7
3438,35,3622,103.5
3439,38,3664,96.4
3440,37,3797,102.6
3441,39,3713,95.2
3442,34,3613,106.3
3443,36,3821,106.1
3444,34,3875,114.0
3445,36,3682,102.3
3446,31,3552,114.6
3447,36,3576,99.3
3448,37,3849,104.0
3449,33,3642,110.4
3450,34,3639,107.0
3451,33,3890,117.9
3452,32,3543,110.7
3453,33,3687,111.7
3454,31,3447,111.2
3455,32,3555,111.1
3456,35,3973,113.5
3457,34,3648,107.3
3458,38,3543,93.2
3459,38,3674,96.7
3460,34,3634,106.9
3461,35,3850,110.0
3462,33,3684,111.6
3463,32,3579,111.8
3464,35,3533,100.9
3465,34,3415,100.4
3466,38,3624,95.4
3467,37,3771,101.9
3468,33,3649,110.6
3469,37,3759,101.6
3470,36,3362,93.4
3471,35,3838,109.7
3472,31,3532,113.9
3473,35,3703,105.8
3474,30,3613,120.4
3475,32,3466,108.3
3476,36,3773,104.8
3477,40,3800,95.0
3478,42,4021,95.7
3479,37,3982,107.6
3480,33,3651,110.6
3481,37,3884,105.0
3482,37,3918,105.9
3483,39,4157,106.6
3484,41,4227,103.1
3485,39,3879,99.5
3486,38,3910,102.9
3487,40,3827,95.7
3488,36,3890,108.1
3489,39,3964,101.6
3490,41,4084,99.6
3491,42,4020,95.7
3492,39,4136,106.0
3493,38,4056,106.7
3494,39,4007,102.7
3495,36,3943,109.5
3496,39,3862,99.0
3497,37,4051,109.5
3498,38,4134,108.8
3499,38,4109,108.1
3500,40,4194,104.8
3501,37,4046,109.4
3502,40,4150,103.8
3503,37,4040,109.2
3504,37,4100,110.8
3505,33,4109,124.5
3506,35,4071,116.3
3507,37,4272,115.5
3508,37,4113,111.2
3509,37,4160,112.4
3510,36,4130,114.7
3511,37,4340,117.3
3512,40,4466,111.6
3513,38,3989,105.0
3514,36,4027,111.9
3515,36,4054,112.6
3516,38,4011,105.6
3517,33,3859,116.9
3518,36,3883,107.9
3519,36,4202,116.7
3520,41,4018,98.0
3521,39,4029,103.3
3522,39,3954,101.4
3523,36,3769,104.7
3524,45,4175,92.8
3525,42,4157,99.0
3526,38,3898,102.6
3527,40,3848,96.2
3528,41,4110,100.2
3529,37,4027,108.8
3530,36,4040,112.2
3531,38,3961,104.2
3532,40,4061,101.5
3533,39,4102,105.2
3534,35,3850,110.0
3535,38,4050,106.6
3536,38,3945,103.8
3537,38,3908,102.8
3538,38,3990,105.0
3539,33,3809,115.4
3540,35,3945,112.7
3541,36,3991,110.9
3542,35,3993,114.1
3543,41,4264,104.0
3544,40,4082,102.0
3545,38,4219,111.0
3546,41,4349,106.1
3547,39,4156,106.6
3548,39,4197,107.6
3549,40,4087,102.2
3550,38,3819,100.5
3551,37,4160,112.4
3552,35,3913,111.8
3553,37,4216,114.0
3554,37,3919,105.9
3555,35,3866,110.5
3556,41,4090,99.8
3557,41,4100,100.0
3558,40,3995,99.9
3559,39,3989,102.3
3560,38,4178,110.0
3561,40,4381,109.5
3562,38,4125,108.6
3563,33,3798,115.1
3564,36,4009,111.4
3565,35,4116,117.6
3566,38,3984,104.8
3567,38,3816,100.4
3568,35,3724,106.4
3569,35,3703,105.8
3570,38,3901,102.7
3571,37,3946,106.6
3572,37,3776,102.0
3573,36,3868,107.4
3574,35,3791,108.3
3575,37,3962,107.1
3576,36,3846,106.8
3577,38,4063,106.9
3578,32,3443,107.6
3579,36,3549,98.6
3580,35,3418,97.7
3581,39,3835,98.3
3582,32,3622,113.2
3583,34,3707,109.0
3584,34,3904,114.8
3585,38,3939,103.7
3586,37,3870,104.6
3587,39,4038,103.5
3588,39,4108,105.3
3589,37,4104,110.9
3590,35,4093,116.9
3591,32,3979,124.3
3592,33,3719,112.7
3593,34,3793,111.6
3594,30,3952,131.7
3595,34,4150,122.1
3596,34,3933,115.7
3597,37,3897,105.3
3598,32,3585,112.0
3599,26,3570,137.3
3600,29,3499,120.7
3601,32,3752,117.2
3602,34,3720,109.4
3603,34,3558,104.6
3604,29,3618,124.8
3605,31,3625,116.9
3606,36,3909,108.6
3607,32,3715,116.1
3608,35,3944,112.7
3609,36,3969,110.2
3610,29,3663,126.3
3611,33,3481,105.5
3612,33,3691,111.8
3613,36,3784,105.1
3614,33,3589,108.8
3615,39,3935,100.9
3616,33,3767,114.2
3617,40,3814,95.4
3618,39,3967,101.7
3619,37,3743,101.2
3620,38,3902,102.7
3621,36,3663,101.8
3622,31,3752,121.0
3623,34,3801,111.8
3624,36,3913,108.7
3625,35,3908,111.7
3626,35,3721,106.3
3627,37,3997,108.0
3628,37,3853,104.1
3629,37,3887,105.0
3630,36,3835,106.5
3631,37,3871,104.6
3632,38,3658,96.3
3633,40,3874,96.8
3634,39,4019,103.0
3635,38,3791,99.8
3636,38,3876,102.0
3637,39,3885,99.6
3638,35,3849,110.0
3639,37,3804,102.8
3640,35,3914,111.8
3641,38,4011,105.6
3642,42,4189,99.7
3643,37,3979,107.5
3644,41,3892,94.9
3645,38,3795,99.9
3646,40,4074,101.8
3647,35,4223,120.7
3648,39,4320,110.8
3649,40,3931,98.3
3650,41,4176,101.8
3651,40,3899,97.5
3652,38,4145,109.1
3653,39,4009,102.8
3654,39,4093,105.0
3655,45,4192,93.2
3656,42,4035,96.1
3657,44,4233,96.2
3658,39,3997,102.5
3659,44,4214,95.8
3660,43,4315,100.4
3661,41,4227,103.1
3662,43,4517,105.0
3663,41,4520,110.2
3664,39,4176,107.1
3665,42,4405,104.9
3666,47,4614,98.2
3667,49,4669,95.3
3668,44,4112,93.4
3669,44,4226,96.0
3670,43,4051,94.2
3671,50,4506,90.1
3672,43,4199,97.6
3673,45,4183,93.0
3674,40,4057,101.4
3675,42,4339,103.3
3676,38,3873,101.9
3677,39,4022,103.1
3678,44,4451,101.2
3679,43,4414,102.6
3680,42,4200,100.0
3681,43,4352,101.2
3682,39,4250,109.0
3683,43,4460,103.7
3684,40,4195,104.9
3685,41,4083,99.6
3686,40,3922,98.0
3687,42,4357,103.7
3688,44,4221,95.9
3689,45,4259,94.6
3690,46,4367,94.9
3691,40,3900,97.5
3692,40,3885,97.1
3693,46,4004,87.0
3694,45,4398,97.7
3695,43,4051,94.2
3696,41,4209,102.7
3697,42,4214,100.3
3698,45,4470,99.3
3699,43,4195,97.6
3700,44,4141,94.1
3701,45,4220,93.8
3702,40,3925,98.1
3703,45,4177,92.8
3704,42,4180,99.5
3705,40,4081,102.0
3706,40,4276,106.9
3707,38,4203,110.6
3708,38,4253,111.9
3709,39,4030,103.3
3710,41,4143,101.0
3711,41,4419,107.8
3712,43,4117,95.7
3713,40,4193,104.8
3714,41,4177,101.9
3715,41,4204,102.5
3716,41,4228,103.1
3717,38,4211,110.8
3718,40,3812,95.3
3719,43,3952,91.9
3720,43,4230,98.4
3721,42,4249,101.2
3722,39,3996,102.5
3723,41,4105,100.1
3724,43,4220,98.1
3725,47,4198,89.3
3726,38,4132,108.7
3727,42,4058,96.6
3728,41,4049,98.8
3729,40,3798,95.0
3730,43,4161,96.8
3731,39,4047,103.8
3732,43,4135,96.2
3733,41,4082,99.6
3734,40,4023,100.6
3735,44,4166,94.7
3736,42,4128,98.3
3737,41,3958,96.5
3738,41,3958,96.5
3739,42,4007,95.4
3740,36,3793,105.4
3741,39,3920,100.5
3742,39,3826,98.1
3743,39,3669,94.1
3744,41,4045,98.7
3745,41,4042,98.6
3746,38,3931,103.4
3747,37,3716,100.4
3748,38,3692,97.2
3749,32,3610,112.8
3750,34,3790,111.5
3751,39,4127,105.8
3752,37,4055,109.6
3753,41,3888,94.8
3754,34,3958,116.4
3755,38,4041,106.3
3756,32,3733,116.7
3757,33,3515,106.5
3758,39,3874,99.3
3759,43,4017,93.4
3760,43,4283,99.6
3761,43,4047,94.1
3762,42,3879,92.4
3763,41,4142,101.0
3764,40,4110,102.8
3765,41,3903,95.2
3766,41,3909,95.3
3767,40,3720,93.0
3768,34,3335,98.1
3769,37,3633,98.2
3770,34,3455,101.6
3771,38,3444,90.6
3772,36,3382,93.9
3773,33,3357,101.7
3774,36,3555,98.8
3775,41,3895,95.0
3776,36,3624,100.7
3777,38,3651,96.1
3778,34,3376,99.3
3779,39,3500,89.7
3780,36,3746,104.1
3781,37,3495,94.5
3782,36,3578,99.4
3783,39,3557,91.2
3784,40,3758,94.0
3785,40,3693,92.3
3786,37,3566,96.4
3787,38,3669,96.6
3788,35,3486,99.6
3789,37,3725,100.7
3790,33,3668,111.2
3791,38,3673,96.7
3792,40,4010,100.2
3793,38,3786,99.6
3794,36,3534,98.2
3795,38,3738,98.4
3796,37,3615,97.7
3797,38,3892,102.4
3798,35,3642,104.1
3799,38,3820,100.5
3800,33,3383,102.5
3801,36,3898,108.3
3802,37,3833,103.6
3803,33,3775,114.4
3804,35,3926,112.2
3805,32,3688,115.2
3806,34,3682,108.3
3807,34,3728,109.6
3808,37,3625,98.0
3809,43,4016,93.4
3810,36,3883,107.9
3811,36,3628,100.8
3812,39,3973,101.9
3813,40,3900,97.5
3814,32,3547,110.8
3815,31,3483,112.4
3816,34,3525,103.7
3817,31,3632,117.2
3818,38,3641,95.8
3819,36,3667,101.9
3820,31,3240,104.5
3821,36,3458,96.1
3822,34,3457,101.7
3823,33,3279,99.4
3824,39,3654,93.7
3825,32,3419,106.8
3826,34,3300,97.1
3827,39,3787,97.1
3828,34,3532,103.9
3829,34,3442,101.2
3830,39,3796,97.3
3831,37,3616,97.7
3832,35,3472,99.2
3833,35,3575,102.1
3834,42,3895,92.7
3835,33,3631,110.0
3836,35,3630,103.7
3837,35,3404,97.3
3838,35,3707,105.9
3839,37,3694,99.8
3840,30,3208,106.9
3841,33,3507,106.3
3842,32,3287,102.7
3843,32,3292,102.9
3844,31,3361,108.4
3845,31,3331,107.4
3846,35,3506,100.2
3847,38,3772,99.3
3848,34,3700,108.8
3849,39,3764,96.5
3850,38,3814,100.4
3851,39,3889,99.7
3852,37,3676,99.4
3853,40,3878,97.0
3854,36,3773,104.8
3855,36,3612,100.3
3856,35,3508,100.2
3857,32,3190,99.7
3858,37,3423,92.5
3859,36,3361,93.4
3860,33,3369,102.1
3861,37,3557,96.1
3862,37,3459,93.5
3863,38,3500,92.1
3864,39,3702,94.9
3865,40,3562,89.0
3866,36,3313,92.0
3867,33,3152,95.5
3868,31,3308,106.7
3869,34,3423,100.7
3870,31,3513,113.3
3871,36,3485,96.8
3872,35,3604,103.0
3873,41,4000,97.6
3874,35,3667,104.8
3875,28,3156,112.7
3876,34,3355,98.7
3877,34,3407,100.2
3878,39,3711,95.2
3879,35,3369,96.3
3880,30,3496,116.5
3881,36,3766,104.6
3882,40,3952,98.8
3883,36,3782,105.1
3884,32,3862,120.7
3885,31,3687,118.9
3886,38,3814,100.4
3887,38,3969,104.4
3888,39,3853,98.8
3889,34,3578,105.2
3890,33,3328,100.8
3891,35,3574,102.1
3892,32,3428,107.1
3893,35,3563,101.8
3894,33,3335,101.1
3895,32,3591,112.2
3896,36,3795,105.4
3897,35,3772,107.8
3898,40,3960,99.0
3899,36,3854,107.1
3900,38,3926,103.3
3901,38,3993,105.1
3902,36,3623,100.6
3903,41,3845,93.8
3904,45,4147,92.2
3905,36,3642,101.2
3906,37,3563,96.3
3907,40,3735,93.4
3908,35,3767,107.6
3909,40,3806,95.2
3910,38,3699,97.3
3911,37,3929,106.2
3912,34,3772,110.9
3913,34,3616,106.4
3914,35,3527,100.8
3915,39,3775,96.8
3916,33,3533,107.1
3917,31,3640,117.4
3918,29,3555,122.6
3919,33,3835,116.2
3920,29,3510,121.0
3921,32,3572,111.6
3922,32,3558,111.2
3923,29,3622,124.9
3924,30,3563,118.8
3925,30,3438,114.6
3926,35,3660,104.6
3927,29,3356,115.7
3928,29,3580,123.4
3929,31,3617,116.7
3930,30,3635,121.2
3931,27,3404,126.1
3932,28,3154,112.6
3933,33,3556,107.8
3934,31,3249,104.8
3935,31,3472,112.0
3936,29,3348,115.4
3937,29,3215,110.9
3938,31,3463,111.7
3939,32,3673,114.8
3940,32,3305,103.3
3941,32,3486,108.9
3942,35,3616,103.3
3943,38,3756,98.8
3944,36,3799,105.5
3945,33,3571,108.2
3946,36,3704,102.9
3947,35,3639,104.0
3948,37,3816,103.1
3949,31,3595,116.0
3950,33,3509,106.3
3951,35,3754,107.3
3952,33,3527,106.9
3953,29,3237,111.6
3954,35,3555,101.6
3955,38,3934,103.5
3956,36,3783,105.1
3957,32,3563,111.3
3958,36,3668,101.9
3959,36,3942,109.5
3960,35,3511,100.3
3961,34,3800,111.8
3962,35,3357,95.9
3963,35,3716,106.2
3964,30,3583,119.4
3965,30,3537,117.9
3966,36,3743,104.0
3967,34,3890,114.4
3968,36,3674,102.1
3969,32,3400,106.2
3970,30,3356,111.9
3971,28,3222,115.1
3972,28,3333,119.0
3973,31,3665,118.2
3974,31,3618,116.7
3975,31,3532,113.9
3976,31,3657,118.0
3977,34,3506,103.1
3978,34,3600,105.9
3979,34,3597,105.8
3980,30,3578,119.3
3981,30,3418,113.9
3982,36,3715,103.2
3983,36,3482,96.7
3984,34,3588,105.5
3985,29,3499,120.7
3986,32,3774,117.9
3987,34,3777,111.1
3988,35,3641,104.0
3989,32,3577,111.8
3990,33,3662,111.0
3991,31,3748,120.9
3992,30,3679,122.6
3993,30,3747,124.9
3994,31,3532,113.9
3995,34,3904,114.8
3996,30,3508,116.9
3997,36,3886,107.9
3998,33,3564,108.0
3999,34,3489,102.6
4000,35,3547,101.3
4001,37,3620,97.8
4002,36,3591,99.8
4003,37,3830,103.5
4004,36,3774,104.8
4005,34,3666,107.8
4006,36,3606,100.2
4007,36,3520,97.8
4008,32,3479,108.7
4009,39,3868,99.2
4010,34,3765,110.7
4011,37,3806,102.9
4012,37,3796,102.6
4013,37,3879,104.8
4014,39,3786,97.1
4015,37,3495,94.5
4016,35,3904,111.5
4017,35,3896,111.3
4018,40,3840,96.0
4019,35,3546,101.3
4020,36,3637,101.0
4021,33,3433,104.0
4022,33,3550,107.6
4023,32,3878,121.2
4024,36,3833,106.5
4025,35,3707,105.9
4026,32,3684,115.1
4027,38,3943,103.8
4028,36,3927,109.1
4029,31,3817,123.1
4030,33,3898,118.1
4031,34,3950,116.2
4032,37,3878,104.8
4033,38,3903,102.7
4034,28,3660,130.7
4035,31,3757,121.2
4036,32,3589,112.2
4037,29,3267,112.7
4038,27,3495,129.4
4039,28,3543,126.5
4040,35,3830,109.4
4041,34,3661,107.7
4042,34,3687,108.4
4043,30,3376,112.5
4044,31,3617,116.7
4045,33,3783,114.6
4046,34,3792,111.5
4047,31,3620,116.8
4048,30,3653,121.8
4049,34,3757,110.5
4050,30,3609,120.3
4051,30,3643,121.4
4052,32,3755,117.3
4053,32,3804,118.9
4054,32,3855,120.5
4055,30,3607,120.2
4056,29,3744,129.1
4057,33,3833,116.2
4058,35,3923,112.1
4059,32,3795,118.6
4060,37,3845,103.9
4061,33,4020,121.8
4062,32,3636,113.6
4063,35,3757,107.3
4064,33,3942,119.4
4065,37,4087,110.5
4066,34,3794,111.6
4067,37,4041,109.2
4068,30,3549,118.3
4069,33,3856,116.8
4070,31,3660,118.1
4071,34,3922,115.4
4072,32,3874,121.1
4073,36,4166,115.7
4074,32,3771,117.8
4075,30,3469,115.6
4076,30,3786,126.2
4077,31,3939,127.1
4078,30,3530,117.7
4079,30,3536,117.9
4080,34,3834,112.8
4081,26,3289,126.5
4082,32,3802,118.8
4083,30,3644,121.5
4084,28,3603,128.7
4085,28,3727,133.1
4086,32,3678,114.9
4087,26,3222,123.9
4088,32,3644,113.9
4089,32,3549,110.9
4090,35,3675,105.0
4091,27,3384,125.3
4092,35,3713,106.1
4093,34,3640,107.1
4094,40,3947,98.7
4095,36,3773,104.8
4096,36,3968,110.2
4097,34,3750,110.3
4098,33,3776,114.4
4099,34,3629,106.7
4100,34,3851,113.3
4101,35,3821,109.2
4102,37,3754,101.5
4103,39,4065,104.2
4104,38,4033,106.1
4105,36,3864,107.3
4106,35,3903,111.5
4107,34,3820,112.4
4108,36,4209,116.9
4109,36,4084,113.4
4110,32,3699,115.6
4111,33,3724,112.8
4112,37,3658,98.9
4113,31,3645,117.6
4114,31,3618,116.7
4115,33,3545,107.4
4116,39,3900,100.0
4117,34,3671,108.0
4118,32,3566,111.4
4119,27,3546,131.3
4120,31,3710,119.7
4121,33,3896,118.1
4122,34,3788,111.4
4123,33,3572,108.2
4124,32,3543,110.7
4125,32,3813,119.2
4126,35,3921,112.0
4127,32,3606,112.7
4128,34,3778,111.1
4129,29,3740,129.0
4130,31,3693,119.1
4131,31,3512,113.3
4132,29,3676,126.8
4133,34,3688,108.5
4134,32,3809,119.0
4135,35,3846,109.9
4136,35,4160,118.9
4137,36,4154,115.4
4138,37,4023,108.7
4139,40,4105,102.6
4140,38,4224,111.2
4141,37,3688,99.7
4142,37,3968,107.2
4143,39,4073,104.4
4144,35,3611,103.2
4145,37,3947,106.7
4146,41,4021,98.1
4147,35,3601,102.9
4148,38,3911,102.9
4149,33,3898,118.1
4150,38,3786,99.6
4151,36,3903,108.4
4152,40,3965,99.1
4153,35,3992,114.1
4154,43,4239,98.6
4155,36,4098,113.8
4156,38,4049,106.6
4157,41,4024,98.2
4158,39,4075,104.5
4159,41,3977,97.0
4160,41,4050,98.8
4161,42,4021,95.7
4162,41,3993,97.4
4163,36,3686,102.4
4164,36,3831,106.4
4165,40,3992,99.8
4166,36,3693,102.6
4167,39,3967,101.7
4168,37,3877,104.8
4169,33,3748,113.6
4170,35,3765,107.6
4171,37,3975,107.4
4172,36,3814,105.9
4173,41,3976,97.0
4174,32,3546,110.8
4175,38,3765,99.1
4176,31,3657,118.0
4177,30,3614,120.5
4178,35,3744,107.0
4179,35,3992,114.1
4180,32,3791,118.5
4181,31,3698,119.3
4182,33,3980,120.6
4183,33,3877,117.5
4184,37,4124,111.5
4185,35,4011,114.6
4186,38,4126,108.6
4187,37,4065,109.9
4188,40,4213,105.3
4189,38,4109,108.1
4190,38,3977,104.7
4191,37,3841,103.8
4192,39,3913,100.3
4193,37,3715,100.4
4194,38,4055,106.7
4195,32,3643,113.8
4196,32,3736,116.8
4197,33,3775,114.4
4198,35,3676,105.0
4199,37,3727,100.7
4200,38,3943,103.8
4201,36,3754,104.3
4202,39,3991,102.3
4203,35,3637,103.9
4204,40,4215,105.4
4205,37,3996,108.0
4206,39,4035,103.5
4207,42,4087,97.3
4208,39,4024,103.2
4209,39,4004,102.7
4210,37,3718,100.5
4211,44,4221,95.9
4212,38,4000,105.3
4213,34,3896,114.6
4214,42,4206,100.1
4215,36,3975,110.4
4216,34,3767,110.8
4217,38,4168,109.7
4218,39,4117,105.6
4219,34,3732,109.8
4220,36,3831,106.4
4221,34,3735,109.8
4222,34,3795,111.6
4223,42,4332,103.1
4224,44,4417,100.4
4225,39,4349,111.5
4226,37,4097,110.7
4227,36,4094,113.7
4228,40,4311,107.8
4229,39,4170,106.9
4230,40,4240,106.0
4231,34,4140,121.8
4232,40,4264,106.6
4233,41,4232,103.2
4234,39,4231,108.5
4235,38,3974,104.6
4236,40,4041,101.0
4237,43,4423,102.9
4238,40,4061,101.5
4239,42,4006,95.4
4240,40,4060,101.5
4241,41,3969,96.8
4242,40,4000,100.0
4243,39,3891,99.8
4244,41,3863,94.2
4245,40,3837,95.9
4246,44,4248,96.6
4247,39,3796,97.3
4248,41,4083,99.6
4249,37,3898,105.4
4250,40,4026,100.6
4251,36,3762,104.5
4252,40,3987,99.7
4253,44,4038,91.8
4254,40,3810,95.2
4255,40,3831,95.8
4256,38,3934,103.5
4257,40,3880,97.0
4258,44,4191,95.2
4259,38,3769,99.2
4260,39,3770,96.7
4261,35,3635,103.9
4262,39,3915,100.4
4263,40,4034,100.8
4264,36,3581,99.5
4265,36,3762,104.5
4266,39,4009,102.8
4267,36,3952,109.8
4268,42,4217,100.4
4269,37,4327,117.0
4270,39,4117,105.6
4271,35,3831,109.5
4272,37,3607,97.5
4273,41,3914,95.5
4274,42,4159,99.0
4275,38,3876,102.0
4276,44,4075,92.6
4277,41,3864,94.2
4278,38,3914,103.0
4279,42,3962,94.3
4280,42,3948,94.0
4281,40,3892,97.3
4282,37,3890,105.1
4283,39,4005,102.7
4284,41,3958,96.5
4285,45,4312,95.8
4286,43,4172,97.0
4287,38,3922,103.2
4288,47,4343,92.4
4289,41,4105,100.1
4290,43,4015,93.4
4291,46,4184,91.0
4292,47,4293,91.3
4293,44,3920,89.1
4294,43,4164,96.8
4295,44,4189,95.2
4296,43,3885,90.4
4297,37,3873,104.7
4298,41,4019,98.0
4299,39,4067,104.3
4300,40,3832,95.8
4301,37,4142,112.0
4302,41,4063,99.1
4303,40,4105,102.6
4304,40,4063,101.6
4305,42,4256,101.3
4306,45,4524,100.5
4307,46,4246,92.3
4308,42,4159,99.0
4309,41,4137,100.9
4310,42,4330,103.1
4311,43,4366,101.5
4312,41,4102,100.0
4313,44,4175,94.9
4314,42,4169,99.3
4315,40,4011,100.3
4316,41,4215,102.8
4317,38,4122,108.5
4318,44,4184,95.1
4319,39,3862,99.0
4320,40,3922,98.0
4321,36,3974,110.4
4322,40,4133,103.3
4323,38,4201,110.6
4324,40,4021,100.5
4325,40,4237,105.9
4326,42,4452,106.0
4327,38,4181,110.0
4328,39,4338,111.2
4329,40,4183,104.6
4330,33,4011,121.6
4331,38,4231,111.3
4332,34,3885,114.3
4333,39,4041,103.6
4334,41,4200,102.4
4335,36,3960,110.0
4336,36,4085,113.5
4337,38,4097,107.8
4338,37,3873,104.7
4339,37,4081,110.3
4340,39,3969,101.8
4341,37,3971,107.3
4342,41,4064,99.1
4343,40,4057,101.4
4344,36,3915,108.8
4345,40,4058,101.4
4346,43,3946,91.8
4347,39,4112,105.4
4348,41,4218,102.9
4349,46,4351,94.6
4350,39,3925,100.6
4351,43,4149,96.5
4352,38,3725,98.0
4353,40,3969,99.2
4354,42,3913,93.2
4355,40,3969,99.2
4356,40,3713,92.8
4357,44,3884,88.3
4358,46,4103,89.2
4359,40,3947,98.7
4360,41,4090,99.8
4361,40,3856,96.4
4362,41,3830,93.4
4363,41,3669,89.5
4364,39,3755,96.3
4365,46,4173,90.7
4366,45,4037,89.7
4367,39,3791,97.2
4368,42,4092,97.4
4369,41,4063,99.1
4370,36,3861,107.2
4371,37,3800,102.7
4372,37,4174,112.8
4373,36,4087,113.5
4374,36,3926,109.1
4375,39,3995,102.4
4376,37,4108,111.0
4377,31,3554,114.6
4378,44,4159,94.5
4379,35,3711,106.0
4380,37,3693,99.8
4381,38,3837,101.0
4382,38,3977,104.7
4383,36,3796,105.4
4384,35,3811,108.9
4385,37,3871,104.6
4386,43,4155,96.6
4387,35,3953,112.9
4388,36,3837,106.6
4389,41,4008,97.8
4390,37,3720,100.5
4391,38,3873,101.9
4392,37,3875,104.7
4393,37,3823,103.3
4394,37,3834,103.6
4395,36,3620,100.6
4396,35,3577,102.2
4397,36,3736,103.8
4398,39,3940,101.0
4399,36,3661,101.7
4400,33,3765,114.1
4401,37,3982,107.6
4402,37,3874,104.7
4403,36,3659,101.6
4404,36,3717,103.2
4405,35,3598,102.8
4406,38,3908,102.8
4407,42,4208,100.2
4408,42,3923,93.4
4409,39,3979,102.0
4410,39,4114,105.5
4411,31,3483,112.4
4412,39,3864,99.1
4413,40,3904,97.6
4414,38,4037,106.2
4415,41,3939,96.1
4416,35,3709,106.0
4417,35,3836,109.6
4418,38,3923,103.2
4419,40,4071,101.8
4420,39,3812,97.7
4421,38,3942,103.7
4422,37,3764,101.7
4423,41,4062,99.1
4424,41,4240,103.4
4425,40,4184,104.6
4426,39,3961,101.6
4427,38,4227,111.2
4428,39,4003,102.6
4429,37,3985,107.7
4430,38,3811,100.3
4431,41,4103,100.1
4432,39,3901,100.0
4433,44,4054,92.1
4434,39,3725,95.5
4435,41,4189,102.2
4436,39,4012,102.9
4437,37,3685,99.6
4438,39,4051,103.9
4439,40,3869,96.7
4440,41,3962,96.6
4441,42,4006,95.4
4442,41,3812,93.0
4443,43,3998,93.0
4444,38,3849,101.3
4445,41,3832,93.5
4446,42,3868,92.1
4447,38,3644,95.9
4448,43,4091,95.1
4449,37,3774,102.0
4450,40,3734,93.4
4451,39,3902,100.0
4452,40,3973,99.3
4453,42,3957,94.2
4454,36,3969,110.2
4455,38,4056,106.7
4456,38,3801,100.0
4457,40,3895,97.4
4458,35,3759,107.4
4459,37,3827,103.4
4460,37,3870,104.6
4461,39,3859,99.0
4462,39,4021,103.1
4463,35,3744,107.0
4464,38,3767,99.1
4465,40,3787,94.7
4466,39,3959,101.5
4467,40,3974,99.4
4468,31,3658,118.0
4469,34,3791,111.5
4470,33,3625,109.8
4471,30,3736,124.5
4472,34,3752,110.4
4473,39,3899,100.0
4474,42,3856,91.8
4475,39,3951,101.3
4476,38,3989,105.0
4477,35,3781,108.0
4478,37,3886,105.0
4479,40,4016,100.4
4480,42,4077,97.1
4481,40,3962,99.0
4482,40,4151,103.8
4483,43,4009,93.2
4484,34,3656,107.5
4485,38,3910,102.9
4486,34,3719,109.4
4487,37,3884,105.0
4488,43,4138,96.2
4489,37,3939,106.5
4490,37,4024,108.8
4491,41,4127,100.7
4492,36,3847,106.9
4493,35,3981,113.7
4494,38,3632,95.6
4495,40,4109,102.7
4496,39,3970,101.8
4497,37,3865,104.5
4498,33,3702,112.2
4499,38,4126,108.6
4500,35,3934,112.4
4501,38,3987,104.9
4502,41,4056,98.9
4503,39,3892,99.8
4504,35,3908,111.7
4505,36,3846,106.8
4506,40,4152,103.8
4507,37,3859,104.3
4508,39,3886,99.6
4509,38,4097,107.8
4510,35,3773,107.8
4511,40,4037,100.9
4512,40,4106,102.6
4513,37,4162,112.5
4514,40,4261,106.5
4515,42,4220,100.5
4516,39,4084,104.7
4517,36,3681,102.2
4518,42,4065,96.8
4519,43,4016,93.4
4520,38,3917,103.1
4521,38,3887,102.3
4522,39,4011,102.8
4523,45,4170,92.7
4524,38,3922,103.2
4525,38,3693,97.2
4526,37,3739,101.0
4527,39,3842,98.5
4528,41,3816,93.1
4529,41,3606,88.0
4530,38,3830,100.8
4531,43,3844,89.4
4532,39,3986,102.2
4533,41,3734,91.1
4534,38,3769,99.2
4535,39,3694,94.7
4536,43,3999,93.0
4537,39,3733,95.7
4538,44,3781,85.9
4539,42,3748,89.2
4540,43,3936,91.5
4541,36,3500,97.2
4542,36,3590,99.7
4543,38,4031,106.1
4544,38,4030,106.0
4545,39,3922,100.6
4546,37,3723,100.6
4547,42,3989,95.0
4548,44,4215,95.8
4549,43,4210,97.9
4550,42,4298,102.3
4551,40,4155,103.9
4552,43,4395,102.2
4553,42,4075,97.0
4554,38,3924,103.3
4555,38,3993,105.1
4556,45,4243,94.3
4557,44,4293,97.6
4558,46,4354,94.6
4559,42,4156,99.0
4560,44,4234,96.2
4561,42,4176,99.4
4562,43,4227,98.3
4563,44,4071,92.5
4564,42,4102,97.7
4565,44,4011,91.2
4566,40,3999,100.0
4567,44,4268,97.0
4568,41,3874,94.5
4569,41,3987,97.2
4570,41,4016,98.0
4571,45,4341,96.5
4572,39,3897,99.9
4573,39,4031,103.4
4574,42,4082,97.2
4575,40,4162,104.0
4576,45,4164,92.5
4577,46,4423,96.2
4578,39,4116,105.5
4579,40,4194,104.8
4580,38,4162,109.5
4581,37,4307,116.4
4582,43,4502,104.7
4583,36,4368,121.3
4584,42,4129,98.3
4585,43,4036,93.9
4586,42,4135,98.4
4587,42,3985,94.9
4588,42,4313,102.7
4589,49,4359,89.0
4590,41,4140,101.0
4591,39,4015,103.0
4592,41,4077,99.4
4593,43,4357,101.3
4594,41,4412,107.6
4595,40,4287,107.2
4596,40,4187,104.7
4597,38,4170,109.7
4598,41,4499,109.7
4599,39,3983,102.1
4600,41,4072,99.3
4601,42,4343,103.4
4602,43,4187,97.4
4603,38,4156,109.4
4604,41,3824,93.3
4605,41,3921,95.6
4606,40,4237,105.9
4607,38,4138,108.9
4608,41,4077,99.4
4609,39,4268,109.4
4610,38,3964,104.3
4611,35,4225,120.7
4612,37,4206,113.7
4613,40,4037,100.9
4614,41,4179,101.9
4615,43,4253,98.9
4616,38,4121,108.4
4617,37,4130,111.6
4618,44,4280,97.3
4619,44,4444,101.0
4620,45,4474,99.4
4621,37,3935,106.4
4622,41,4019,98.0
4623,41,4059,99.0
4624,37,3822,103.3
4625,41,4245,103.5
4626,39,4139,106.1
4627,40,4035,100.9
4628,42,4027,95.9
4629,42,4177,99.4
4630,46,4212,91.6
4631,43,4452,103.5
4632,45,4426,98.4
4633,36,4043,112.3
4634,41,4426,108.0
4635,39,4180,107.2
4636,46,4385,95.3
4637,41,4154,101.3
4638,44,4300,97.7
4639,46,4434,96.4
4640,42,4117,98.0
4641,36,3881,107.8
4642,43,4389,102.1
4643,48,4547,94.7
4644,39,4212,108.0
4645,43,4295,99.9
4646,42,4193,99.8
4647,37,4045,109.3
4648,39,4236,108.6
4649,38,3983,104.8
4650,41,4430,108.0
4651,46,4519,98.2
4652,43,4138,96.2
4653,41,4182,102.0
4654,43,4229,98.4
4655,39,4132,106.0
4656,40,4070,101.8
4657,41,4285,104.5
4658,39,4146,106.3
4659,40,4202,105.0
4660,44,4254,96.7
4661,41,3994,97.4
4662,45,4381,97.4
4663,40,4338,108.4
4664,36,4169,115.8
4665,43,4247,98.8
4666,40,4170,104.2
4667,41,4243,103.5
4668,43,4361,101.4
4669,42,4040,96.2
4670,39,4115,105.5
4671,39,4266,109.4
4672,40,4312,107.8
4673,41,4217,102.8
4674,38,3972,104.5
4675,41,4609,112.4
4676,42,4229,100.7
4677,42,4490,106.9
4678,44,4540,103.2
4679,40,4326,108.2
4680,43,4424,102.9
4681,43,4533,105.4
4682,43,4473,104.0
4683,43,4609,107.2
4684,40,3940,98.5
4685,43,4620,107.4
4686,39,4253,109.0
4687,40,3976,99.4
4688,39,4236,108.6
4689,42,4219,100.4
4690,39,4309,110.5
4691,43,4062,94.5
4692,43,4505,104.8
4693,36,3828,106.3
4694,42,4297,102.3
4695,40,4170,104.2
4696,42,4182,99.6
4697,39,4143,106.2
4698,39,4246,108.9
4699,41,4288,104.6
4700,41,4432,108.1
4701,42,4463,106.3
4702,41,4479,109.2
4703,40,4181,104.5
4704,45,4546,101.0
4705,41,4308,105.1
4706,46,4238,92.1
4707,41,4202,102.5
4708,42,4192,99.8
4709,42,4193,99.8
4710,38,3886,102.3
4711,41,4174,101.8
4712,37,4071,110.0
4713,40,4301,107.5
4714,43,4112,95.6
4715,43,4102,95.4
4716,42,4238,100.9
4717,38,3960,104.2
4718,44,4265,96.9
4719,42,4230,100.7
4720,39,4118,105.6
4721,41,4085,99.6
4722,40,4202,105.0
4723,41,4152,101.3
4724,40,4127,103.2
4725,40,4094,102.4
4726,39,4139,106.1
4727,43,4350,101.2
4728,40,4414,110.4
4729,41,4329,105.6
4730,41,4315,105.2
4731,39,4245,108.8
4732,39,4049,103.8
4733,35,3935,112.4
4734,44,4364,99.2
4735,40,3916,97.9
4736,41,4103,100.1
4737,35,3803,108.7
4738,39,4020,103.1
4739,43,4334,100.8
4740,40,4137,103.4
4741,36,3971,110.3
4742,35,3991,114.0
4743,38,4180,110.0
4744,42,4385,104.4
4745,41,4061,99.0
4746,37,3979,107.5
4747,40,4142,103.6
4748,37,4078,110.2
4749,39,4041,103.6
4750,35,3888,111.1
4751,43,4368,101.6
4752,38,4127,108.6
4753,37,4044,109.3
4754,38,4186,110.2
4755,40,4249,106.2
4756,37,4166,112.6
4757,41,4280,104.4
4758,37,4126,111.5
4759,35,3889,111.1
4760,40,4276,106.9
4761,36,3884,107.9
4762,35,4084,116.7
4763,38,4030,106.0
4764,38,4196,110.4
4765,34,4059,119.4
4766,42,4427,105.4
4767,41,4211,102.7
4768,34,3898,114.6
4769,36,4198,116.6
4770,36,4119,114.4
4771,37,4324,116.9
4772,43,4357,101.3
4773,38,4163,109.6
4774,39,4369,112.0
4775,39,4477,114.8
4776,33,4086,123.8
4777,33,4061,123.1
4778,36,4218,117.2
4779,37,3951,106.8
4780,37,4253,115.0
4781,37,3962,107.1
4782,35,4029,115.1
4783,33,4023,121.9
4784,33,3963,120.1
4785,36,3988,110.8
4786,29,3908,134.8
4787,32,4109,128.4
4788,31,3967,128.0
4789,29,3957,136.4
4790,35,4196,119.9
4791,31,3924,126.6
4792,34,4211,123.8
4793,37,4174,112.8
4794,37,4296,116.1
4795,37,4234,114.4
4796,33,4056,122.9
4797,34,3982,117.1
4798,36,3882,107.8
4799,33,3947,119.6
4800,34,3981,117.1
4801,38,4340,114.2
4802,40,4207,105.2
4803,36,4138,114.9
4804,37,4073,110.1
4805,37,4022,108.7
4806,34,4038,118.8
4807,37,4173,112.8
4808,38,4025,105.9
4809,38,3822,100.6
4810,32,3782,118.2
4811,40,4098,102.4
4812,40,4377,109.4
4813,40,4091,102.3
4814,41,4097,99.9
4815,44,4018,91.3
4816,45,4230,94.0
4817,44,4229,96.1
4818,36,3959,110.0
4819,38,3907,102.8
4820,42,4287,102.1
4821,41,3875,94.5
4822,41,3851,93.9
4823,41,3928,95.8
4824,40,3977,99.4
4825,36,3690,102.5
4826,40,3819,95.5
4827,39,3936,100.9
4828,35,3498,99.9
4829,32,3786,118.3
4830,37,3730,100.8
4831,32,3722,116.3
4832,34,3864,113.6
4833,36,4077,113.2
4834,36,4034,112.1
4835,40,4309,107.7
4836,35,3922,112.1
4837,39,4436,113.7
4838,41,4489,109.5
4839,38,4347,114.4
4840,45,4748,105.5
4841,41,4356,106.2
4842,41,4140,101.0
4843,40,4249,106.2
4844,41,4394,107.2
4845,38,4436,116.7
4846,40,4309,107.7
4847,44,4180,95.0
4848,42,4267,101.6
4849,40,4131,103.3
4850,44,4388,99.7
4851,50,4702,94.0
4852,42,4297,102.3
4853,42,4452,106.0
4854,43,4463,103.8
4855,41,4463,108.8
4856,41,4442,108.3
4857,43,4476,104.1
4858,41,4509,110.0
4859,39,4140,106.2
4860,44,4392,99.8
4861,38,4145,109.1
4862,40,4301,107.5
4863,46,4314,93.8
4864,41,4399,107.3
4865,43,4133,96.1
4866,43,4552,105.9
4867,38,4121,108.4
4868,40,4146,103.6
4869,43,4279,99.5
4870,42,4268,101.6
4871,40,4116,102.9
4872,41,4058,99.0
4873,42,4170,99.3
4874,43,3994,92.9
4875,45,4319,96.0
4876,39,4123,105.7
4877,38,4257,112.0
4878,42,4334,103.2
4879,41,4177,101.9
4880,41,4132,100.8
4881,41,4027,98.2
4882,44,4216,95.8
4883,40,4262,106.6
4884,43,4424,102.9
4885,42,4311,102.6
4886,40,4068,101.7
4887,39,3970,101.8
4888,40,4180,104.5
4889,40,3958,99.0
4890,42,4242,101.0
4891,43,4316,100.4
4892,41,4128,100.7
4893,45,4214,93.6
4894,42,4417,105.2
4895,40,3918,98.0
4896,42,4147,98.7
4897,43,4152,96.6
4898,40,4099,102.5
4899,38,3925,103.3
4900,45,4181,92.9
4901,41,4039,98.5
4902,43,4252,98.9
4903,43,4239,98.6
4904,45,4377,97.3
4905,44,4289,97.5
4906,41,4308,105.1
4907,41,4245,103.5
4908,40,4004,100.1
4909,42,4198,100.0
4910,39,4326,110.9
4911,38,4078,107.3
4912,43,4289,99.7
4913,41,4182,102.0
4914,37,4027,108.8
4915,38,4342,114.3
4916,40,4267,106.7
4917,41,4281,104.4
4918,42,4118,98.0
4919,41,4397,107.2
4920,40,4262,106.6
4921,39,4091,104.9
4922,37,4065,109.9
4923,38,4259,112.1
4924,42,4339,103.3
4925,42,4274,101.8
4926,37,4114,111.2
4927,38,4154,109.3
4928,42,4244,101.0
4929,43,4219,98.1
4930,45,4387,97.5
4931,42,4304,102.5
4932,44,4359,99.1
4933,44,4279,97.2
4934,43,4301,100.0
4935,43,4155,96.6
4936,35,3970,113.4
4937,37,3907,105.6
4938,36,4258,118.3
4939,39,4082,104.7
4940,35,4024,115.0
4941,39,3928,100.7
4942,43,4036,93.9
4943,42,4210,100.2
4944,42,4212,100.3
4945,40,4056,101.4
4946,39,4141,106.2
4947,41,4108,100.2
4948,36,4195,116.5
4949,42,4229,100.7
4950,39,4395,112.7
4951,45,4282,95.2
4952,38,4087,107.6
4953,41,4238,103.4
4954,36,3949,109.7
4955,40,3958,99.0
4956,42,4119,98.1
4957,38,3980,104.7
4958,42,4356,103.7
4959,38,3996,105.2
4960,43,4321,100.5
4961,42,4148,98.8
4962,36,4027,111.9
4963,40,4206,105.2
4964,41,4189,102.2
4965,37,4140,111.9
4966,43,4289,99.7
4967,38,3790,99.7
4968,42,4458,106.1
4969,36,4078,113.3
4970,40,4015,100.4
4971,41,4280,104.4
4972,42,4306,102.5
4973,45,4535,100.8
4974,41,4140,101.0
4975,42,4360,103.8
4976,45,4248,94.4
4977,38,4169,109.7
4978,39,4184,107.3
4979,41,4448,108.5
4980,38,4183,110.1
4981,46,4547,98.8
4982,42,4271,101.7
4983,42,4222,100.5
4984,42,4417,105.2
4985,40,4134,103.4
4986,45,4449,98.9
4987,43,4322,100.5
4988,43,4381,101.9
4989,41,4044,98.6
4990,43,4248,98.8
4991,41,4364,106.4
4992,39,4286,109.9
4993,39,4252,109.0
4994,36,3886,107.9
4995,42,4547,108.3
4996,39,4313,110.6
4997,41,4309,105.1
4998,40,4284,107.1
4999,40,4124,103.1
5000,36,3846,106.8
5001,37,3918,105.9
5002,37,3892,105.2
5003,39,4258,109.2
5004,36,3770,104.7
5005,37,4132,111.7
5006,34,4046,119.0
5007,33,3846,116.6
5008,32,3687,115.2
5009,38,3929,103.4
5010,30,3501,116.7
5011,34,3764,110.7
5012,33,3793,114.9
5013,33,3728,113.0
5014,32,3720,116.2
5015,32,3847,120.2
5016,34,3885,114.3
5017,34,3755,110.4
5018,32,3762,117.6
5019,34,3989,117.3
5020,31,3862,124.6
5021,33,3940,119.4
5022,30,3811,127.0
5023,32,3535,110.5
5024,40,4149,103.7
5025,29,3616,124.7
5026,37,3925,106.1
5027,35,3711,106.0
5028,34,3595,105.7
5029,37,3627,98.0
5030,34,3553,104.5
5031,39,3767,96.6
5032,36,4050,112.5
5033,38,3817,100.4
5034,39,3943,101.1
5035,31,3497,112.8
5036,32,3785,118.3
5037,33,3865,117.1
5038,39,4206,107.8
5039,39,4068,104.3
5040,35,3879,110.8
5041,39,4001,102.6
5042,38,3969,104.4
5043,34,3791,111.5
5044,41,4238,103.4
5045,37,3871,104.6
5046,39,4099,105.1
5047,40,4149,103.7
5048,38,4219,111.0
5049,36,4047,112.4
5050,42,4233,100.8
5051,40,4226,105.6
5052,38,3929,103.4
5053,45,4298,95.5
5054,41,4056,98.9
5055,43,4321,100.5
5056,45,4018,89.3
5057,43,4109,95.6
5058,42,4151,98.8
5059,40,4007,100.2
5060,39,3858,98.9
5061,41,4241,103.4
5062,39,3984,102.2
5063,42,4087,97.3
5064,39,3901,100.0
5065,38,3950,104.0
5066,37,3804,102.8
5067,40,3978,99.4
5068,38,3884,102.2
5069,34,3705,109.0
5070,39,4025,103.2
5071,38,3926,103.3
5072,36,3801,105.6
5073,33,3666,111.1
5074,34,3736,109.9
5075,36,3866,107.4
5076,35,3864,110.4
5077,31,3887,125.4
5078,34,3780,111.2
5079,40,4245,106.1
5080,40,4057,101.4
5081,35,3804,108.7
5082,35,3851,110.0
5083,30,3566,118.9
5084,42,4079,97.1
5085,36,3677,102.1
5086,39,3809,97.7
5087,30,3578,119.3
5088,35,3786,108.2
5089,34,3535,104.0
5090,41,3940,96.1
5091,43,4023,93.6
5092,38,3967,104.4
5093,34,3777,111.1
5094,40,3817,95.4
5095,37,3619,97.8
5096,38,3857,101.5
5097,37,3806,102.9
5098,34,3638,107.0
5099,33,3626,109.9
5100,37,4105,111.0
5101,32,3607,112.7
5102,38,3608,95.0
5103,33,3635,110.2
5104,34,3639,107.0
5105,33,3854,116.8
5106,38,3789,99.7
5107,35,3737,106.8
5108,31,3658,118.0
5109,37,4063,109.8
5110,41,4135,100.8
5111,38,4043,106.4
5112,33,3854,116.8
5113,37,4126,111.5
5114,33,3958,119.9
5115,35,4136,118.2
5116,35,3972,113.5
5117,38,4142,109.0
5118,35,4013,114.7
5119,36,4072,113.1
5120,32,3821,119.4
5121,34,3608,106.1
5122,38,3914,103.0
5123,38,4066,107.0
5124,36,3893,108.1
5125,34,3815,112.2
5126,32,3685,115.2
5127,31,3671,118.4
5128,32,3848,120.2
5129,33,3755,113.8
5130,34,3668,107.9
5131,36,3688,102.4
5132,40,3859,96.5
5133,35,3660,104.6
5134,32,3667,114.6
5135,38,3824,100.6
5136,37,3780,102.2
5137,33,3610,109.4
5138,32,3457,108.0
5139,33,3454,104.7
5140,37,3827,103.4
5141,33,3801,115.2
5142,33,3871,117.3
5143,34,3561,104.7
5144,36,3924,109.0
5145,36,3570,99.2
5146,36,3823,106.2
5147,36,3359,93.3
5148,37,3566,96.4
5149,37,3738,101.0
5150,38,3797,99.9
5151,36,3450,95.8
5152,37,3544,95.8
5153,37,3540,95.7
5154,37,3584,96.9
5155,35,3623,103.5
5156,38,3850,101.3
5157,39,4056,104.0
5158,38,3932,103.5
5159,39,3845,98.6
5160,39,3759,96.4
5161,36,3641,101.1
5162,34,3667,107.8
5163,37,3885,105.0
5164,36,3442,95.6
5165,38,3865,101.7
5166,34,3466,101.9
5167,36,3734,103.7
5168,36,3683,102.3
5169,38,3621,95.3
5170,34,3500,102.9
5171,37,3876,104.8
5172,42,4032,96.0
5173,36,3478,96.6
5174,38,3806,100.2
5175,40,4001,100.0
5176,35,3802,108.6
5177,35,3771,107.7
5178,37,3763,101.7
5179,39,3830,98.2
5180,34,3577,105.2
5181,39,3918,100.5
5182,37,3867,104.5
5183,33,3720,112.7
5184,35,3864,110.4
5185,38,3851,101.3
5186,39,3872,99.3
5187,36,3653,101.5
5188,38,3648,96.0
5189,37,3540,95.7
5190,40,3837,95.9
5191,41,3800,92.7
5192,40,3927,98.2
5193,37,3911,105.7
5194,41,4122,100.5
5195,37,3720,100.5
5196,40,3789,94.7
5197,34,3672,108.0
5198,35,3857,110.2
5199,36,3738,103.8
5200,38,3944,103.8
5201,37,3737,101.0
5202,41,4033,98.4
5203,42,4151,98.8
5204,40,3844,96.1
5205,41,3783,92.3
5206,43,3939,91.6
5207,39,3586,92.0
5208,33,3383,102.5
5209,36,3554,98.7
5210,35,3551,101.5
5211,36,3406,94.6
5212,35,3580,102.3
5213,36,3483,96.8
5214,34,3404,100.1
5215,33,3364,101.9
5216,33,3409,103.3
5217,35,3607,103.1
5218,37,3764,101.7
5219,38,3827,100.7
5220,33,3445,104.4
5221,37,3704,100.1
5222,38,3795,99.9
5223,42,3975,94.6
5224,33,3562,107.9
5225,36,3618,100.5
5226,32,3278,102.4
5227,36,3599,100.0
5228,38,3741,98.4
5229,39,3715,95.3
5230,40,4141,103.5
5231,37,3754,101.5
5232,39,3728,95.6
5233,40,3917,97.9
5234,38,4016,105.7
5235,38,3895,102.5
5236,37,3846,104.0
5237,43,3945,91.7
5238,42,3914,93.2
5239,41,3950,96.3
5240,40,3770,94.2
5241,39,3818,97.9
5242,36,3496,97.1
5243,36,3584,99.6
5244,36,3598,99.9
5245,35,3565,101.9
5246,38,3858,101.5
5247,34,3663,107.7
5248,38,3848,101.3
5249,35,3654,104.4
5250,33,3606,109.3
5251,35,3813,108.9
5252,37,3731,100.8
5253,39,3931,100.8
5254,36,3667,101.9
5255,41,3819,93.2
5256,33,3264,98.9
5257,36,3555,98.8
5258,38,3738,98.4
5259,38,3742,98.5
5260,39,3782,97.0
5261,38,3818,100.5
5262,37,3488,94.3
5263,37,3560,96.2
5264,39,3492,89.5
5265,40,3612,90.3
5266,43,3882,90.3
5267,40,3639,91.0
5268,40,3654,91.4
5269,38,3833,100.9
5270,35,3594,102.7
5271,33,3638,110.2
5272,40,3731,93.3
5273,37,3529,95.4
5274,39,3702,94.9
5275,39,3523,90.3
5276,37,3691,99.8
5277,34,3389,99.7
5278,37,3390,91.6
5279,34,3512,103.3
5280,41,4001,97.6
5281,29,3395,117.1
5282,40,3768,94.2
5283,40,3679,92.0
5284,36,3473,96.5
5285,41,3782,92.2
5286,37,3891,105.2
5287,36,3688,102.4
5288,41,3798,92.6
5289,38,3795,99.9
5290,34,3561,104.7
5291,36,3533,98.1
5292,39,3802,97.5
5293,37,3555,96.1
5294,34,3365,99.0
5295,37,3681,99.5
5296,38,3598,94.7
5297,36,3630,100.8
5298,34,3324,97.8
5299,36,3654,101.5
5300,37,3511,94.9
5301,36,3665,101.8
5302,38,3729,98.1
5303,40,3905,97.6
5304,36,3746,104.1
5305,35,3691,105.5
5306,38,3754,98.8
5307,37,3640,98.4
5308,38,3926,103.3
5309,40,3698,92.4
5310,41,3831,93.4
5311,39,3789,97.2
5312,38,3339,87.9
5313,37,3418,92.4
5314,42,3720,88.6
5315,38,3656,96.2
5316,39,3561,91.3
5317,36,3492,97.0
5318,37,3577,96.7
5319,32,3188,99.6
5320,42,3560,84.8
5321,40,3458,86.4
5322,38,3209,84.4
5323,39,3435,88.1
5324,36,3371,93.6
5325,39,3716,95.3
5326,42,3807,90.6
5327,40,3694,92.4
5328,44,3797,86.3
5329,41,3784,92.3
5330,41,3561,86.8
5331,39,3633,93.2
5332,39,3607,92.5
5333,37,3611,97.6
5334,38,3407,89.7
5335,39,3463,88.8
5336,38,3511,92.4
5337,38,3577,94.1
5338,37,3603,97.4
5339,38,3763,99.0
5340,36,3416,94.9
5341,37,3433,92.8
5342,40,3639,91.0
5343,42,3801,90.5
5344,38,3462,91.1
5345,35,3352,95.8
5346,39,3705,95.0
5347,31,3065,98.9
5348,30,3171,105.7
5349,31,3205,103.4
5350,33,3365,102.0
5351,30,3314,110.5
5352,31,3239,104.5
5353,33,3363,101.9
5354,31,3229,104.2
5355,31,3290,106.1
5356,31,3133,101.1
5357,30,3287,109.6
5358,28,3441,122.9
5359,33,3529,106.9
5360,39,3863,99.0
5361,35,3388,96.8
5362,35,3491,99.7
5363,39,3876,99.4
5364,33,3581,108.5
5365,36,3741,103.9
5366,34,3600,105.9
5367,36,3660,101.7
5368,34,3483,102.4
5369,36,3793,105.4
5370,34,3628,106.7
5371,36,3600,100.0
5372,42,3826,91.1
5373,39,3844,98.6
5374,42,3880,92.4
5375,41,3955,96.5
5376,41,3883,94.7
5377,37,3305,89.3
5378,33,3191,96.7
5379,34,3332,98.0
5380,35,3239,92.5
5381,36,3325,92.4
5382,34,3249,95.6
5383,36,3529,98.0
5384,36,3739,103.9
5385,34,3493,102.7
5386,39,3698,94.8
5387,33,3420,103.6
5388,42,3888,92.6
5389,37,3800,102.7
5390,39,3719,95.4
5391,36,3595,99.9
5392,38,3649,96.0
5393,37,3810,103.0
5394,40,3795,94.9
5395,36,3797,105.5
5396,41,3876,94.5
5397,39,3822,98.0
5398,41,3872,94.4
5399,35,3863,110.4
5400,37,3604,97.4
5401,41,3742,91.3
5402,35,3681,105.2
5403,35,3930,112.3
5404,42,4113,97.9
5405,41,4103,100.1
5406,39,4056,104.0
5407,37,3934,106.3
5408,38,3975,104.6
5409,39,4185,107.3
5410,40,4105,102.6
5411,40,4033,100.8
5412,42,3968,94.5
5413,43,3913,91.0
5414,41,3761,91.7
5415,45,3978,88.4
5416,44,3943,89.6
5417,43,3938,91.6
5418,40,3909,97.7
5419,45,4373,97.2
5420,44,4255,96.7
5421,43,4143,96.4
5422,44,4134,94.0
5423,42,3844,91.5
5424,43,4218,98.1
5425,44,4294,97.6
5426,43,4241,98.6
5427,44,4234,96.2
5428,46,4216,91.6
5429,46,4245,92.3
5430,45,4435,98.6
5431,44,4454,101.2
5432,46,4401,95.7
5433,39,4098,105.1
5434,44,4244,96.4
5435,47,4342,92.4
5436,46,4192,91.1
5437,37,3957,107.0
5438,41,4071,99.3
5439,42,4285,102.0
5440,44,4194,95.3
5441,36,3960,110.0
5442,40,4197,104.9
5443,43,4279,99.5
5444,37,4041,109.2
5445,38,4035,106.2
5446,38,4038,106.3
5447,42,4136,98.5
5448,42,4027,95.9
5449,37,3858,104.3
5450,37,3741,101.1
5451,39,3872,99.3
5452,38,3822,100.6
5453,42,3912,93.1
5454,37,3872,104.6
5455,37,3803,102.8
5456,39,3909,100.2
5457,42,4045,96.3
5458,34,3772,110.9
5459,41,4041,98.6
5460,38,3832,100.8
5461,36,3792,105.3
5462,36,3739,103.9
5463,37,3747,101.3
5464,40,3879,97.0
5465,39,3689,94.6
5466,41,3825,93.3
5467,37,3606,97.5
5468,36,3661,101.7
5469,36,3478,96.6
5470,39,3693,94.7
5471,37,3638,98.3
5472,36,3610,100.3
5473,36,3613,100.4
5474,38,3751,98.7
5475,41,3861,94.2
5476,44,3975,90.3
5477,44,3802,86.4
5478,42,3702,88.1
5479,38,3780,99.5
5480,41,3810,92.9
5481,40,3831,95.8
5482,39,3767,96.6
5483,45,4111,91.4
5484,40,3648,91.2
5485,39,3476,89.1
5486,39,3475,89.1
5487,39,3621,92.8
5488,40,3699,92.5
5489,38,3757,98.9
5490,35,3418,97.7
5491,39,3591,92.1
5492,38,3402,89.5
5493,36,3528,98.0
5494,36,3612,100.3
5495,35,3612,103.2
5496,36,3558,98.8
5497,34,3315,97.5
5498,35,3513,100.4
5499,33,3298,99.9
5500,36,3434,95.4
5501,34,3504,103.1
5502,37,3433,92.8
5503,35,3687,105.3
5504,36,3670,101.9
5505,32,3584,112.0
5506,34,3526,103.7
5507,34,3528,103.8
5508,35,3500,100.0
5509,34,3458,101.7
5510,34,3536,104.0
5511,36,3494,97.1
5512,37,3596,97.2
5513,40,3797,94.9
5514,34,3962,116.5
5515,40,3950,98.8
5516,36,3701,102.8
5517,36,3803,105.6
5518,37,4017,108.6
5519,37,3974,107.4
5520,39,3921,100.5
5521,27,3278,121.4
5522,37,3807,102.9
5523,35,3305,94.4
5524,35,3535,101.0
5525,38,3593,94.6
5526,40,3839,96.0
5527,38,3856,101.5
5528,36,3759,104.4
5529,37,3835,103.6
5530,39,3843,98.5
5531,35,3614,103.3
5532,36,3755,104.3
5533,39,3735,95.8
5534,41,3968,96.8
5535,35,3736,106.7
5536,40,3854,96.4
5537,38,3983,104.8
5538,33,3586,108.7
5539,36,3841,106.7
5540,40,4094,102.4
5541,42,4123,98.2
5542,40,4059,101.5
5543,39,3814,97.8
5544,36,3786,105.2
5545,34,3587,105.5
5546,36,3601,100.0
5547,33,3535,107.1
5548,40,3690,92.2
5549,44,3988,90.6
5550,34,3406,100.2
5551,33,3531,107.0
5552,38,3818,100.5
5553,39,3938,101.0
5554,35,3565,101.9
5555,35,3603,102.9
5556,43,4045,94.1
5557,39,3947,101.2
5558,44,4008,91.1
5559,47,4112,87.5
5560,44,4116,93.6
5561,38,3739,98.4
5562,42,3966,94.4
5563,41,3982,97.1
5564,37,3443,93.0
5565,34,3909,115.0
5566,41,3883,94.7
5567,36,3598,99.9
5568,41,3956,96.5
5569,35,3552,101.5
5570,34,3421,100.6
5571,36,3802,105.6
5572,32,3361,105.0
5573,34,3678,108.2
5574,37,3478,94.0
5575,35,3536,101.0
5576,39,3803,97.5
5577,32,3408,106.5
5578,40,4015,100.4
5579,39,3744,96.0
5580,33,3500,106.1
5581,35,3750,107.1
5582,37,3898,105.4
5583,35,3691,105.5
5584,39,3849,98.7
5585,38,3717,97.8
5586,39,3890,99.7
5587,30,3490,116.3
5588,38,3810,100.3
5589,34,3753,110.4
5590,36,3768,104.7
5591,39,3990,102.3
5592,37,3888,105.1
5593,35,3464,99.0
5594,40,3798,95.0
5595,39,3725,95.5
5596,32,3620,113.1
5597,35,3867,110.5
5598,36,3945,109.6
5599,38,3912,103.0
5600,41,4059,99.0
5601,38,3884,102.2
5602,38,3930,103.4
5603,36,4064,112.9
5604,38,3883,102.2
5605,36,3553,98.7
5606,39,3819,97.9
5607,38,3720,97.9
5608,35,3699,105.7
5609,34,3632,106.8
5610,35,3674,105.0
5611,37,3740,101.1
5612,36,3618,100.5
5613,38,3867,101.8
5614,34,3495,102.8
5615,38,4043,106.4
5616,33,3730,113.0
5617,36,3759,104.4
5618,38,3860,101.6
5619,43,3978,92.5
5620,40,3777,94.4
5621,38,3679,96.8
5622,44,3837,87.2
5623,40,3903,97.6
5624,43,3999,93.0
5625,43,4170,97.0
5626,40,3956,98.9
5627,42,4069,96.9
5628,43,4116,95.7
5629,43,4094,95.2
5630,42,4139,98.6
5631,43,4280,99.5
5632,41,4193,102.3
5633,41,4277,104.3
5634,36,4163,115.6
5635,38,4331,114.0
5636,40,4087,102.2
5637,39,4064,104.2
5638,40,4197,104.9
5639,40,4211,105.3
5640,45,4392,97.6
5641,42,4233,100.8
5642,41,4570,111.5
5643,41,3858,94.1
5644,41,4101,100.0
5645,39,4196,107.6
5646,42,4377,104.2
5647,43,4615,107.3
5648,36,4224,117.3
5649,39,4271,109.5
5650,41,4045,98.7
5651,43,4563,106.1
5652,38,4404,115.9
5653,36,4204,116.8
5654,40,4366,109.2
5655,36,4022,111.7
5656,38,4166,109.6
5657,49,4397,89.7
5658,36,4003,111.2
5659,39,4287,109.9
5660,35,4094,117.0
5661,40,4113,102.8
5662,36,4191,116.4
5663,42,4518,107.6
5664,39,4298,110.2
5665,39,4278,109.7
5666,39,4123,105.7
5667,42,4387,104.4
5668,37,3926,106.1
5669,41,4183,102.0
5670,41,4239,103.4
5671,38,4089,107.6
5672,43,4396,102.2
5673,40,4116,102.9
5674,44,4460,101.4
5675,43,4301,100.0
5676,40,4428,110.7
5677,42,4332,103.1
5678,40,3975,99.4
5679,40,4172,104.3
5680,38,4037,106.2
5681,38,3988,105.0
5682,33,3854,116.8
5683,35,3930,112.3
5684,35,4027,115.1
5685,34,3835,112.8
5686,35,3911,111.7
5687,33,3845,116.5
5688,33,3908,118.4
5689,34,3991,117.4
5690,32,3938,123.1
5691,36,4087,113.5
5692,37,3771,101.9
5693,35,3821,109.2
5694,38,4111,108.2
5695,37,4046,109.4
5696,36,3884,107.9
5697,34,3865,113.7
5698,36,3913,108.7
5699,38,4205,110.7
5700,34,3941,115.9
5701,41,4307,105.0
5702,32,4007,125.2
5703,32,3766,117.7
5704,31,3844,124.0
5705,35,3993,114.1
5706,32,3846,120.2
5707,34,4106,120.8
5708,39,4214,108.0
5709,38,3878,102.0
5710,35,3809,108.8
5711,37,3771,101.9
5712,39,3993,102.4
5713,38,4131,108.7
5714,40,4209,105.2
5715,37,3986,107.7
5716,39,4080,104.6
5717,38,3902,102.7
5718,41,4124,100.6
5719,38,4262,112.2
5720,39,3888,99.7
5721,37,3980,107.6
5722,37,3974,107.4
5723,44,4245,96.5
5724,42,3980,94.8
5725,41,4118,100.4
5726,37,3853,104.1
5727,36,3814,105.9
5728,37,4005,108.2
5729,36,3755,104.3
5730,40,3865,96.6
5731,40,3994,99.8
5732,34,3816,112.2
5733,38,3961,104.2
5734,39,3956,101.4
5735,37,3805,102.8
5736,44,4192,95.3
5737,39,3886,99.6
5738,36,3907,108.5
5739,41,4035,98.4
5740,42,3970,94.5
5741,41,3857,94.1
5742,40,3706,92.6
5743,35,3855,110.1
5744,39,3905,100.1
5745,38,3678,96.8
5746,37,3645,98.5
5747,35,3545,101.3
5748,35,3620,103.4
5749,36,3531,98.1
5750,35,3705,105.9
5751,31,3663,118.2
5752,36,3507,97.4
5753,36,3580,99.4
5754,37,3851,104.1
5755,42,4217,100.4
5756,35,3736,106.7
5757,40,4057,101.4
5758,36,3705,102.9
5759,39,3915,100.4
5760,32,3663,114.5
5761,37,3789,102.4
5762,39,4151,106.4
5763,36,3782,105.1
5764,39,3827,98.1
5765,37,3663,99.0
5766,38,3894,102.5
5767,33,3853,116.8
5768,35,3927,112.2
5769,35,4091,116.9
5770,36,3892,108.1
5771,31,3875,125.0
5772,32,3716,116.1
5773,38,4047,106.5
5774,38,4189,110.2
5775,39,4119,105.6
5776,34,4113,121.0
5777,39,4211,108.0
5778,37,4206,113.7
5779,39,4138,106.1
5780,35,3970,113.4
5781,35,4118,117.7
5782,42,4275,101.8
5783,42,4194,99.9
5784,37,4081,110.3
5785,33,4020,121.8
5786,36,3943,109.5
5787,36,4183,116.2
5788,37,3948,106.7
5789,38,3814,100.4
5790,34,3744,110.1
5791,37,3812,103.0
5792,34,3751,110.3
5793,40,3974,99.4
5794,44,4077,92.7
5795,39,3839,98.4
5796,40,4137,103.4
5797,36,4053,112.6
5798,36,3792,105.3
5799,35,3902,111.5
5800,39,4058,104.0
5801,36,3732,103.7
5802,35,3636,103.9
5803,38,3915,103.0
5804,35,3738,106.8
5805,38,4024,105.9
5806,37,3910,105.7
5807,35,3993,114.1
5808,31,4016,129.6
5809,35,4019,114.8
5810,31,3739,120.6
5811,33,4101,124.3
5812,33,3926,119.0
5813,36,4027,111.9
5814,37,3970,107.3
5815,34,3987,117.3
5816,36,4241,117.8
5817,36,4091,113.6
5818,36,3935,109.3
5819,35,3822,109.2
5820,37,4059,109.7
5821,36,4051,112.5
5822,40,3978,99.4
5823,42,4094,97.5
5824,38,3736,98.3
5825,36,3686,102.4
5826,38,3736,98.3
5827,38,3944,103.8
5828,38,3987,104.9
5829,31,3707,119.6
5830,37,3786,102.3
5831,40,4139,103.5
5832,43,4350,101.2
5833,41,4089,99.7
5834,38,3911,102.9
5835,37,4027,108.8
5836,40,4049,101.2
5837,40,4264,106.6
5838,45,4261,94.7
5839,39,4102,105.2
5840,36,4002,111.2
5841,37,4185,113.1
5842,40,4054,101.4
5843,36,3969,110.2
5844,36,4088,113.6
5845,40,4156,103.9
5846,40,4006,100.2
5847,40,4031,100.8
5848,40,4020,100.5
5849,36,3633,100.9
5850,37,3713,100.4
5851,36,3795,105.4
5852,36,3871,107.5
5853,34,3873,113.9
5854,32,3926,122.7
5855,34,3899,114.7
5856,39,4107,105.3
5857,34,4029,118.5
5858,36,4238,117.7
5859,42,4108,97.8
5860,33,4156,125.9
5861,39,4319,110.7
5862,38,4300,113.2
5863,37,4081,110.3
5864,35,4123,117.8
5865,36,4103,114.0
5866,35,4098,117.1
5867,38,4281,112.7
5868,39,4204,107.8
5869,36,4033,112.0
5870,34,3727,109.6
5871,37,4011,108.4
5872,36,3802,105.6
5873,34,3861,113.6
5874,42,4317,102.8
5875,40,4218,105.4
5876,43,4166,96.9
5877,42,4286,102.0
5878,35,3829,109.4
5879,44,4076,92.6
5880,36,3737,103.8
5881,36,3930,109.2
5882,39,3974,101.9
5883,34,3829,112.6
5884,36,3987,110.8
5885,37,4059,109.7
5886,39,4297,110.2
5887,41,4535,110.6
5888,39,4154,106.5
5889,40,4393,109.8
5890,42,4350,103.6
5891,39,4489,115.1
5892,39,4163,106.7
5893,36,4177,116.0
5894,38,3870,101.8
5895,37,4023,108.7
5896,39,4209,107.9
5897,40,4071,101.8
5898,39,3948,101.2
5899,40,4172,104.3
5900,37,4060,109.7
5901,37,3928,106.2
5902,38,4023,105.9
5903,35,3935,112.4
5904,40,4052,101.3
5905,36,3975,110.4
5906,38,3983,104.8
5907,39,4027,103.3
5908,39,4134,106.0
5909,39,4008,102.8
5910,38,4026,106.0
5911,40,4049,101.2
5912,42,4222,100.5
5913,42,4324,103.0
5914,40,4223,105.6
5915,37,4013,108.5
5916,37,3947,106.7
5917,38,3992,105.0
5918,41,4041,98.6
5919,41,3877,94.6
5920,37,4154,112.3
5921,38,3939,103.7
5922,34,3950,116.2
5923,34,3706,109.0
5924,43,4116,95.7
5925,41,4201,102.5
5926,37,3855,104.2
5927,39,3938,101.0
5928,37,3731,100.8
5929,33,3924,118.9
5930,41,4199,102.4
5931,35,3844,109.8
5932,37,4149,112.1
5933,35,4066,116.2
5934,31,3762,121.4
5935,38,4204,110.6
5936,34,3953,116.3
5937,37,3980,107.6
5938,37,3851,104.1
5939,36,4050,112.5
5940,36,4088,113.6
5941,35,4062,116.1
5942,40,4476,111.9
5943,40,3984,99.6
5944,38,4277,112.6
5945,40,4289,107.2
5946,38,4244,111.7
5947,35,4010,114.6
5948,39,4341,111.3
5949,38,4304,113.3
5950,35,4281,122.3
5951,36,4304,119.6
5952,37,4182,113.0
5953,35,4114,117.5
5954,33,4010,121.5
5955,35,4002,114.3
5956,34,3787,111.4
5957,36,3930,109.2
5958,33,4083,123.7
5959,37,4253,115.0
5960,35,4038,115.4
5961,33,4138,125.4
5962,35,4107,117.3
5963,37,4123,111.4
5964,37,3988,107.8
5965,39,3839,98.4
5966,37,3795,102.6
5967,32,3784,118.2
5968,41,4274,104.2
5969,31,3536,114.1
5970,37,3711,100.3
5971,33,3678,111.4
5972,38,4115,108.3
5973,43,4393,102.2
5974,35,3990,114.0
5975,41,4272,104.2
5976,39,4177,107.1
5977,41,4323,105.4
5978,34,4064,119.5
5979,40,4223,105.6
5980,41,4305,105.0
5981,37,3958,107.0
5982,39,4077,104.5
5983,42,4103,97.7
5984,36,3697,102.7
5985,43,4006,93.2
5986,38,4017,105.7
5987,32,3771,117.8
5988,38,4088,107.6
5989,36,3960,110.0
5990,37,3660,98.9
5991,39,4041,103.6
5992,35,3832,109.5
5993,35,3860,110.3
5994,36,3997,111.0
5995,43,3986,92.7
5996,44,4182,95.0
5997,41,4083,99.6
5998,42,4199,100.0
5999,41,4061,99.0
6000,38,3871,101.9
6001,39,4309,110.5
6002,35,4008,114.5
6003,44,4265,96.9
6004,40,4514,112.8
6005,38,4020,105.8
6006,41,4244,103.5
6007,37,3723,100.6
6008,41,3963,96.7
6009,39,3935,100.9
6010,42,4032,96.0
6011,45,3968,88.2
6012,42,4039,96.2
6013,43,3804,88.5
6014,43,3946,91.8
6015,47,4159,88.5
6016,41,3836,93.6
6017,41,3950,96.3
6018,42,3988,95.0
6019,47,4204,89.4
6020,41,3865,94.3
6021,45,3939,87.5
6022,37,3889,105.1
6023,39,3962,101.6
6024,38,3693,97.2
6025,39,4051,103.9
6026,42,4064,96.8
6027,41,4034,98.4
6028,43,4050,94.2
6029,39,3997,102.5
6030,40,3871,96.8
6031,38,4089,107.6
6032,35,3819,109.1
6033,32,3582,111.9
6034,34,3818,112.3
6035,34,4105,120.7
6036,36,4096,113.8
6037,38,4145,109.1
6038,38,4056,106.7
6039,44,4261,96.8
6040,38,3886,102.3
6041,38,3808,100.2
6042,41,3981,97.1
6043,35,3684,105.3
6044,40,3954,98.8
6045,40,3968,99.2
6046,37,3734,100.9
6047,40,3745,93.6
6048,39,3596,92.2
6049,35,3682,105.2
6050,35,3755,107.3
6051,34,3659,107.6
6052,37,3936,106.4
6053,39,4006,102.7
6054,38,3753,98.8
6055,41,4007,97.7
6056,36,3958,109.9
6057,42,4089,97.4
6058,44,4214,95.8
6059,43,4031,93.7
6060,36,3697,102.7
6061,35,3483,99.5
6062,36,3462,96.2
6063,40,4119,103.0
6064,38,3644,95.9
6065,43,4062,94.5
6066,37,3619,97.8
6067,42,3956,94.2
6068,40,3824,95.6
6069,39,3772,96.7
6070,41,3831,93.4
6071,40,3728,93.2
6072,41,3949,96.3
6073,36,3852,107.0
6074,40,4125,103.1
6075,35,3839,109.7
6076,41,4242,103.5
6077,39,4121,105.7
6078,39,4016,103.0
6079,39,4065,104.2
6080,40,4108,102.7
6081,37,3920,106.0
6082,38,3803,100.1
6083,40,4018,100.4
6084,38,3781,99.5
6085,39,3844,98.6
6086,39,3905,100.1
6087,38,3695,97.2
6088,39,3814,97.8
6089,41,3920,95.6
6090,40,3944,98.6
6091,40,3766,94.2
6092,43,3774,87.8
6093,45,3906,86.8
6094,43,3871,90.0
6095,43,3920,91.2
6096,36,3440,95.6
6097,42,3952,94.1
6098,37,3711,100.3
6099,38,3854,101.4
6100,42,4128,98.3
6101,35,3805,108.7
6102,40,3904,97.6
6103,41,4092,99.8
6104,36,4073,113.1
6105,36,3771,104.8
6106,33,3859,116.9
6107,36,3905,108.5
6108,39,4012,102.9
6109,34,3681,108.3
6110,36,3706,102.9
6111,42,4072,97.0
6112,39,4021,103.1
6113,39,3739,95.9
6114,37,3881,104.9
6115,43,4080,94.9
6116,45,4136,91.9
6117,40,4146,103.6
6118,38,4001,105.3
6119,38,4101,107.9
6120,41,4039,98.5
6121,38,3973,104.6
6122,40,3795,94.9
6123,39,3826,98.1
6124,38,3828,100.7
6125,33,3547,107.5
6126,40,3818,95.4
6127,39,3816,97.8
6128,38,3884,102.2
6129,38,3804,100.1
6130,41,3934,96.0
6131,37,3851,104.1
6132,38,3834,100.9
6133,39,3743,96.0
6134,42,4006,95.4
6135,46,4011,87.2
6136,45,4165,92.6
6137,40,3903,97.6
6138,40,3902,97.6
6139,41,3953,96.4
6140,33,3746,113.5
6141,44,4552,103.4
6142,37,3980,107.6
6143,42,3976,94.7
6144,40,4033,100.8
6145,38,4024,105.9
6146,43,4205,97.8
6147,40,4092,102.3
6148,42,4103,97.7
6149,40,4175,104.4
6150,38,4059,106.8
6151,40,3822,95.6
6152,44,4215,95.8
6153,44,4082,92.8
6154,41,4266,104.0
6155,43,4228,98.3
6156,42,3938,93.8
6157,43,4182,97.3
6158,42,4071,96.9
6159,41,3985,97.2
6160,40,4177,104.4
6161,45,4263,94.7
6162,45,4170,92.7
6163,40,3822,95.6
6164,44,3965,90.1
6165,45,4099,91.1
6166,41,3744,91.3
6167,42,3938,93.8
6168,42,3820,91.0
6169,44,4021,91.4
6170,42,3934,93.7
6171,44,4115,93.5
6172,38,3777,99.4
6173,42,3826,91.1
6174,42,4007,95.4
6175,38,3777,99.4
6176,36,3622,100.6
6177,41,4098,100.0
6178,41,3958,96.5
6179,41,3863,94.2
6180,43,3952,91.9
6181,40,3840,96.0
6182,44,4094,93.0
6183,40,3974,99.4
6184,41,4036,98.4
6185,42,3808,90.7
6186,40,3860,96.5
6187,42,4150,98.8
6188,43,4010,93.3
6189,41,3985,97.2
6190,42,4026,95.9
6191,46,4147,90.2
6192,47,4596,97.8
6193,44,3976,90.4
6194,44,4309,97.9
6195,43,4287,99.7
6196,47,4563,97.1
6197,43,4457,103.6
6198,44,4182,95.0
6199,42,4052,96.5
6200,42,4657,110.9
6201,40,3978,99.4
6202,43,4465,103.8
6203,46,4375,95.1
6204,46,4405,95.8
6205,45,4547,101.0
6206,50,4589,91.8
6207,45,4490,99.8
6208,43,4141,96.3
6209,42,4113,97.9
6210,45,4148,92.2
6211,40,3748,93.7
6212,39,4121,105.7
6213,38,4144,109.0
6214,44,4277,97.2
6215,40,4188,104.7
6216,43,4381,101.9
6217,42,4162,99.1
6218,39,3700,94.9
6219,40,3746,93.6
6220,41,3845,93.8
6221,42,4003,95.3
6222,43,3902,90.7
6223,44,4079,92.7
6224,39,3802,97.5
6225,41,4006,97.7
6226,39,3901,100.0
6227,41,3896,95.0
6228,38,3622,95.3
6229,41,3827,93.3
6230,37,3632,98.2
6231,37,3758,101.6
6232,41,3839,93.6
6233,42,4045,96.3
6234,46,4122,89.6
6235,45,4014,89.2
6236,39,3676,94.3
6237,42,3883,92.4
6238,45,4075,90.6
6239,47,4161,88.5
6240,44,3922,89.1
6241,46,3890,84.6
6242,43,3845,89.4
6243,39,3691,94.6
6244,46,4191,91.1
6245,39,3724,95.5
6246,45,4157,92.4
6247,41,3911,95.4
6248,41,3950,96.3
6249,38,3702,97.4
6250,38,3733,98.2
6251,42,3867,92.1
6252,40,3877,96.9
6253,37,3535,95.5
6254,33,3481,105.5
6255,42,3826,91.1
6256,36,3660,101.7
6257,41,3852,94.0
6258,39,3790,97.2
6259,37,3610,97.6
6260,41,3995,97.4
6261,40,3887,97.2
6262,39,3798,97.4
6263,40,3781,94.5
6264,37,3430,92.7
6265,40,3596,89.9
6266,38,3556,93.6
6267,38,3739,98.4
6268,35,3625,103.6
6269,39,3840,98.5
6270,40,3856,96.4
6271,41,4070,99.3
6272,38,3653,96.1
6273,35,3620,103.4
6274,38,3412,89.8
6275,42,3781,90.0
6276,39,3626,93.0
6277,35,3576,102.2
6278,39,3849,98.7
6279,36,3595,99.9
6280,35,3563,101.8
6281,37,3531,95.4
6282,38,3664,96.4
6283,35,3619,103.4
6284,37,3455,93.4
6285,40,3797,94.9
6286,37,3714,100.4
6287,35,3561,101.7
6288,33,3787,114.8
6289,35,3765,107.6
6290,35,3743,106.9
6291,35,3541,101.2
6292,38,3851,101.3
6293,36,3869,107.5
6294,37,3866,104.5
6295,35,3687,105.3
6296,32,3653,114.2
6297,36,3746,104.1
6298,38,3781,99.5
6299,36,3719,103.3
6300,32,3576,111.8
6301,35,3578,102.2
6302,36,3817,106.0
6303,32,3366,105.2
6304,35,3597,102.8
6305,33,3387,102.6
6306,36,3689,102.5
6307,36,3629,100.8
6308,37,3562,96.3
6309,33,3470,105.2
6310,33,3359,101.8
6311,34,3381,99.4
6312,37,3820,103.2
6313,36,3541,98.4
6314,36,3567,99.1
6315,40,4000,100.0
6316,33,3492,105.8
6317,35,3529,100.8
6318,40,3770,94.2
6319,39,3610,92.6
6320,39,3635,93.2
6321,34,3388,99.6
6322,36,3686,102.4
6323,39,3731,95.7
6324,36,3742,103.9
6325,37,3585,96.9
6326,35,3555,101.6
6327,33,3558,107.8
6328,36,3536,98.2
6329,35,3617,103.3
6330,33,3625,109.8
6331,34,3612,106.2
6332,34,3475,102.2
6333,33,3525,106.8
6334,38,3773,99.3
6335,35,3667,104.8
6336,35,3536,101.0
6337,34,3918,115.2
6338,39,3953,101.4
6339,36,3904,108.4
6340,37,3948,106.7
6341,42,3966,94.4
6342,39,4048,103.8
6343,39,4073,104.4
6344,42,4130,98.3
6345,40,3979,99.5
6346,40,4176,104.4
6347,41,3879,94.6
6348,40,3937,98.4
6349,40,3799,95.0
6350,41,4183,102.0
6351,40,3872,96.8
6352,42,3976,94.7
6353,37,3578,96.7
6354,37,3924,106.0
6355,40,3871,96.8
6356,37,3728,100.8
6357,37,3818,103.2
6358,40,4057,101.4
6359,39,3734,95.7
6360,36,3592,99.8
6361,31,3491,112.6
6362,35,3363,96.1
6363,40,3852,96.3
6364,42,3966,94.4
6365,38,3610,95.0
6366,39,3690,94.6
6367,36,3683,102.3
6368,32,3429,107.2
6369,36,3860,107.2
6370,37,3833,103.6
6371,39,4129,105.9
6372,37,3914,105.8
6373,34,3689,108.5
6374,37,3747,101.3
6375,33,3757,113.8
6376,32,3764,117.6
6377,37,3834,103.6
6378,33,3808,115.4
6379,37,3987,107.8
6380,39,4030,103.3
6381,36,4083,113.4
6382,35,3929,112.3
6383,32,3934,122.9
6384,30,3930,131.0
6385,36,4057,112.7
6386,33,3751,113.7
6387,35,3866,110.5
6388,35,3833,109.5
6389,40,4244,106.1
6390,34,3707,109.0
6391,41,3866,94.3
6392,34,3646,107.2
6393,38,3875,102.0
6394,40,3775,94.4
6395,38,3683,96.9
6396,37,3816,103.1
6397,39,3744,96.0
6398,37,3841,103.8
6399,39,4010,102.8
6400,42,4080,97.1
6401,43,4197,97.6
6402,37,4026,108.8
6403,36,3995,111.0
6404,37,3904,105.5
6405,40,4016,100.4
6406,43,4200,97.7
6407,35,3894,111.3
6408,39,4136,106.0
6409,38,4131,108.7
6410,48,4492,93.6
6411,46,4287,93.2
6412,44,4390,99.8
6413,45,4162,92.5
6414,37,3893,105.2
6415,38,4124,108.5
6416,37,3953,106.8
6417,40,3986,99.6
6418,41,3851,93.9
6419,34,3793,111.6
6420,40,4103,102.6
6421,37,3983,107.6
6422,40,3978,99.4
6423,32,3644,113.9
6424,38,4013,105.6
6425,36,3988,110.8
6426,39,3939,101.0
6427,36,3987,110.8
6428,38,3999,105.2
6429,42,4137,98.5
6430,40,4000,100.0
6431,40,3886,97.2
6432,33,3585,108.6
6433,43,4139,96.3
6434,35,3719,106.3
6435,40,3960,99.0
6436,39,4092,104.9
6437,38,3962,104.3
6438,35,3916,111.9
6439,35,3598,102.8
6440,33,3610,109.4
6441,39,3737,95.8
6442,35,3852,110.1
6443,35,3800,108.6
6444,37,3893,105.2
6445,40,4012,100.3
6446,36,3734,103.7
6447,35,3671,104.9
6448,33,3592,108.8
6449,38,3917,103.1
6450,39,3984,102.2
6451,37,3778,102.1
6452,34,3513,103.3
6453,35,3703,105.8
6454,34,3599,105.8
6455,38,3845,101.2
6456,38,3736,98.3
6457,38,3706,97.5
6458,40,3821,95.5
6459,31,3460,111.6
6460,32,3659,114.3
6461,40,3761,94.0
6462,38,3702,97.4
6463,40,3807,95.2
6464,36,3558,98.8
6465,32,3412,106.6
6466,31,3397,109.6
6467,33,3454,104.7
6468,33,3392,102.8
6469,30,3676,122.5
6470,34,3711,109.2
6471,33,3533,107.1
6472,39,3690,94.6
6473,37,3665,99.0
6474,39,3683,94.4
6475,35,3668,104.8
6476,36,3703,102.9
6477,36,3589,99.7
6478,36,3694,102.6
6479,39,3787,97.1
6480,33,3560,107.9
6481,36,3568,99.1
6482,32,3460,108.1
6483,35,3541,101.2
6484,30,3281,109.4
6485,36,3779,105.0
6486,38,3684,97.0
6487,36,3634,100.9
6488,38,3666,96.5
6489,35,3497,99.9
6490,38,3730,98.2
6491,36,3762,104.5
6492,30,3460,115.3
6493,32,3694,115.4
6494,36,3957,109.9
6495,37,4002,108.2
6496,36,3972,110.3
6497,38,3806,100.2
6498,37,3617,97.8
6499,34,3931,115.6
6500,32,3669,114.7
6501,29,3545,122.2
6502,29,3705,127.8
6503,36,3863,107.3
6504,34,3667,107.8
6505,36,3809,105.8
6506,39,3813,97.8
6507,37,3703,100.1
6508,35,3605,103.0
6509,36,4057,112.7
6510,33,3773,114.3
6511,36,4043,112.3
6512,32,3528,110.2
6513,36,3730,103.6
6514,36,3838,106.6
6515,36,3865,107.4
6516,36,3724,103.4
6517,32,3589,112.2
6518,33,3457,104.8
6519,37,3937,106.4
6520,37,3751,101.4
6521,37,3803,102.8
6522,39,3877,99.4
6523,44,4255,96.7
6524,39,4031,103.4
6525,38,4056,106.7
6526,38,4078,107.3
6527,35,3905,111.6
6528,40,3981,99.5
6529,38,3834,100.9
6530,38,3751,98.7
6531,39,3899,100.0
6532,37,3623,97.9
6533,45,4148,92.2
6534,36,3609,100.2
6535,40,3809,95.2
6536,41,3881,94.7
6537,40,3783,94.6
6538,44,3921,89.1
6539,37,3739,101.0
6540,38,3669,96.6
6541,43,4052,94.2
6542,38,3774,99.3
6543,43,3975,92.4
6544,42,3943,93.9
6545,41,3923,95.7
6546,35,3738,106.8
6547,40,4017,100.4
6548,36,3945,109.6
6549,40,4090,102.2
6550,39,4179,107.2
6551,38,3876,102.0
6552,37,3854,104.2
6553,40,3819,95.5
6554,37,3861,104.4
6555,41,3767,91.9
6556,37,3876,104.8
6557,38,3880,102.1
6558,41,3942,96.2
6559,37,3797,102.6
6560,42,4038,96.1
6561,41,3824,93.3
6562,42,4064,96.8
6563,34,3673,108.0
6564,39,3902,100.0
6565,37,3928,106.2
6566,38,4250,111.8
6567,40,4229,105.7
6568,34,3680,108.2
6569,38,3804,100.1
6570,41,4096,99.9
6571,41,3975,97.0
6572,38,3737,98.3
6573,40,3749,93.7
6574,40,4098,102.4
6575,39,3858,98.9
6576,36,3756,104.3
6577,35,3895,111.3
6578,38,4218,111.0
6579,36,3834,106.5
6580,39,3782,97.0
6581,40,4121,103.0
6582,34,3946,116.1
6583,37,4185,113.1
6584,39,4102,105.2
6585,36,4143,115.1
6586,33,3918,118.7
6587,32,3829,119.7
6588,35,3885,111.0
6589,33,3678,111.4
6590,39,3841,98.5
6591,30,3756,125.2
6592,36,3700,102.8
6593,40,3795,94.9
6594,41,4059,99.0
6595,38,3854,101.4
6596,39,3689,94.6
6597,34,3645,107.2
6598,37,4075,110.1
6599,35,3965,113.3
6600,36,4029,111.9
6601,36,3957,109.9
6602,37,3914,105.8
6603,36,3693,102.6
6604,35,3751,107.2
6605,36,3588,99.7
6606,36,3780,105.0
6607,38,3885,102.2
6608,34,3596,105.8
6609,36,3845,106.8
6610,34,3659,107.6
6611,37,4084,110.4
6612,39,3860,99.0
6613,34,3761,110.6
6614,40,4010,100.2
6615,39,4010,102.8
6616,39,3885,99.6
6617,41,3860,94.2
6618,37,3479,94.0
6619,41,3815,93.0
6620,41,3930,95.8
6621,37,3795,102.6
6622,38,3785,99.6
6623,42,3855,91.8
6624,40,4034,100.8
6625,39,3951,101.3
6626,36,3923,109.0
6627,34,3766,110.8
6628,36,4020,111.7
6629,33,3884,117.7
6630,36,3791,105.3
6631,37,4055,109.6
6632,34,3927,115.5
6633,36,3942,109.5
6634,42,4260,101.4
6635,41,4358,106.3
6636,43,4308,100.2
6637,44,4332,98.4
6638,37,4010,108.4
6639,46,4349,94.5
6640,38,3988,105.0
6641,45,4331,96.2
6642,38,3836,101.0
6643,41,4327,105.5
6644,41,3946,96.2
6645,41,4115,100.4
6646,42,4243,101.0
6647,38,4100,107.9
6648,40,3998,100.0
6649,40,3968,99.2
6650,36,3867,107.4
6651,39,3887,99.7
6652,41,4077,99.4
6653,36,3900,108.3
6654,39,3896,99.9
6655,43,4169,97.0
6656,39,3974,101.9
6657,42,4150,98.8
6658,44,4164,94.6
6659,40,3799,95.0
6660,36,3918,108.8
6661,43,4307,100.2
6662,39,4199,107.7
6663,39,4103,105.2
6664,36,4035,112.1
6665,36,4127,114.6
6666,39,4028,103.3
6667,37,4276,115.6
6668,37,4113,111.2
6669,37,4225,114.2
6670,37,4148,112.1
6671,35,3795,108.4
6672,31,3969,128.0
6673,37,4134,111.7
6674,34,4083,120.1
6675,34,3925,115.4
6676,38,4130,108.7
6677,33,3933,119.2
6678,35,4015,114.7
6679,34,3873,113.9
6680,35,3936,112.5
6681,38,4045,106.4
6682,34,4045,119.0
6683,36,3869,107.5
6684,38,3995,105.1
6685,34,3901,114.7
6686,39,4103,105.2
6687,38,4214,110.9
6688,43,4446,103.4
6689,41,4326,105.5
6690,42,4587,109.2
6691,39,4475,114.7
6692,36,4590,127.5
6693,37,4638,125.4
6694,40,4560,114.0
6695,42,4684,111.5
6696,38,4412,116.1
6697,45,4509,100.2
6698,40,4430,110.8
6699,37,4310,116.5
6700,38,4489,118.1
6701,39,4298,110.2
6702,41,4316,105.3
6703,33,4129,125.1
6704,32,3973,124.2
6705,38,3982,104.8
6706,35,4168,119.1
6707,38,4119,108.4
6708,40,4297,107.4
6709,35,3875,110.7
6710,38,4274,112.5
6711,41,4384,106.9
6712,40,4313,107.8
6713,41,4051,98.8
6714,42,4157,99.0
6715,39,4072,104.4
6716,40,4119,103.0
6717,45,4106,91.2
6718,37,4204,113.6
6719,39,3931,100.8
6720,37,4308,116.4
6721,36,4099,113.9
6722,42,4251,101.2
6723,40,4136,103.4
6724,30,3665,122.2
6725,37,4098,110.8
6726,35,4004,114.4
6727,36,4186,116.3
6728,40,4115,102.9
6729,36,3876,107.7
6730,41,4112,100.3
6731,39,4154,106.5
6732,43,4118,95.8
6733,35,4218,120.5
6734,40,3966,99.2
6735,44,4056,92.2
6736,42,4067,96.8
6737,42,4170,99.3
6738,41,4165,101.6
6739,39,4346,111.4
6740,42,4349,103.6
6741,41,4043,98.6
6742,36,3993,110.9
6743,40,4232,105.8
6744,41,4357,106.3
6745,39,4145,106.3
6746,35,3851,110.0
6747,38,3943,103.8
6748,38,3843,101.1
6749,41,4172,101.8
6750,41,4373,106.7
6751,39,4023,103.2
6752,38,3922,103.2
6753,41,4182,102.0
6754,40,3983,99.6
6755,38,3758,98.9
6756,39,3933,100.8
6757,41,3897,95.0
6758,38,3858,101.5
6759,39,3850,98.7
6760,40,3820,95.5
6761,34,3936,115.8
6762,36,3905,108.5
6763,36,4031,112.0
6764,37,4165,112.6
6765,39,4227,108.4
6766,36,4020,111.7
6767,39,4176,107.1
6768,40,4242,106.0
6769,42,4277,101.8
6770,38,4054,106.7
6771,38,4263,112.2
6772,41,4087,99.7
6773,41,4281,104.4
6774,36,4038,112.2
6775,42,4333,103.2
6776,46,4169,90.6
6777,41,4071,99.3
6778,39,4001,102.6
6779,43,4250,98.8
6780,37,3985,107.7
6781,40,3896,97.4
6782,42,4159,99.0
6783,36,3824,106.2
6784,38,4145,109.1
6785,44,4390,99.8
6786,42,4341,103.4
6787,36,3960,110.0
6788,40,4145,103.6
6789,39,3928,100.7
6790,37,3959,107.0
6791,38,3830,100.8
6792,40,4131,103.3
6793,45,4269,94.9
6794,41,4099,100.0
6795,42,4218,100.4
6796,44,4167,94.7
6797,40,4007,100.2
6798,38,3537,93.1
6799,39,3712,95.2
6800,40,3822,95.6
6801,41,3998,97.5
6802,43,4078,94.8
6803,40,4011,100.3
6804,37,3626,98.0
6805,41,3983,97.2
6806,38,3884,102.2
6807,37,3801,102.7
6808,38,3882,102.2
6809,39,4080,104.6
6810,38,3779,99.4
6811,36,3761,104.5
6812,40,3776,94.4
6813,35,3579,102.3
6814,38,3854,101.4
6815,39,3813,97.8
6816,36,3696,102.7
6817,40,3883,97.1
6818,38,3744,98.5
6819,38,3729,98.1
6820,42,3981,94.8
6821,41,3914,95.5
6822,40,3691,92.3
6823,38,4089,107.6
6824,44,4228,96.1
6825,41,3975,97.0
6826,43,4060,94.4
6827,39,3923,100.6
6828,42,3866,92.0
6829,45,4399,97.8
6830,40,3884,97.1
6831,44,4117,93.6
6832,43,4069,94.6
6833,44,4094,93.0
6834,41,3844,93.8
6835,42,3721,88.6
6836,42,3942,93.9
6837,39,3668,94.0
6838,46,4264,92.7
6839,45,3939,87.5
6840,44,3861,87.8
6841,45,3901,86.7
6842,40,3638,91.0
6843,41,3825,93.3
6844,41,3972,96.9
6845,43,4245,98.7
6846,40,3859,96.5
6847,44,4118,93.6
6848,43,3948,91.8
6849,45,4032,89.6
6850,46,4174,90.7
6851,44,4252,96.6
6852,41,3827,93.3
6853,39,4132,106.0
6854,44,4052,92.1
6855,42,4041,96.2
6856,44,4147,94.2
6857,43,4122,95.9
6858,44,4213,95.8
6859,44,4158,94.5
6860,39,3730,95.6
6861,41,3795,92.6
6862,43,3923,91.2
6863,42,4177,99.4
6864,46,4234,92.0
6865,44,4198,95.4
6866,42,3964,94.4
6867,45,4255,94.6
6868,43,4263,99.1
6869,42,4080,97.1
6870,44,4144,94.2
6871,39,3949,101.3
6872,41,4141,101.0
6873,38,4352,114.5
6874,44,4355,99.0
6875,41,4163,101.5
6876,41,4019,98.0
6877,40,4159,104.0
6878,38,4194,110.4
6879,34,3752,110.4
6880,37,3870,104.6
6881,39,4068,104.3
6882,43,4308,100.2
6883,41,4047,98.7
6884,41,4142,101.0
6885,37,3666,99.1
6886,43,4180,97.2
6887,37,3952,106.8
6888,38,4254,112.0
6889,39,4082,104.7
6890,40,4306,107.6
6891,36,4359,121.1
6892,38,4410,116.0
6893,35,3998,114.2
6894,40,4316,107.9
6895,38,4235,111.4
6896,44,4183,95.1
6897,42,4428,105.4
6898,36,4150,115.3
6899,41,4216,102.8
6900,40,4209,105.2
6901,39,4217,108.1
6902,39,4202,107.7
6903,41,4031,98.3
6904,40,4027,100.7
6905,42,4092,97.4
6906,41,4124,100.6
6907,46,4457,96.9
6908,42,4142,98.6
6909,43,4138,96.2
6910,42,4332,103.1
6911,37,3879,104.8
6912,33,3739,113.3
6913,38,4097,107.8
6914,41,4291,104.7
6915,37,3968,107.2
6916,33,3710,112.4
6917,36,4224,117.3
6918,31,3668,118.3
6919,33,3822,115.8
6920,29,4033,139.1
6921,31,4011,129.4
6922,33,4009,121.5
6923,31,3843,124.0
6924,33,4016,121.7
6925,36,3974,110.4
6926,35,4086,116.7
6927,32,3684,115.1
6928,33,3869,117.2
6929,32,3779,118.1
6930,34,3830,112.6
6931,31,3699,119.3
6932,37,4003,108.2
6933,38,4052,106.6
6934,35,3983,113.8
6935,34,3930,115.6
6936,38,4021,105.8
6937,36,3735,103.8
6938,35,3734,106.7
6939,36,3889,108.0
6940,31,3662,118.1
6941,33,3882,117.6
6942,33,3769,114.2
6943,31,3564,115.0
6944,28,3792,135.4
6945,34,3924,115.4
6946,32,3870,120.9
6947,33,3848,116.6
6948,32,3726,116.4
6949,31,3806,122.8
6950,32,3635,113.6
6951,33,3686,111.7
6952,32,3912,122.2
6953,35,3774,107.8
6954,31,3785,122.1
6955,35,4119,117.7
6956,36,3924,109.0
6957,37,3963,107.1
6958,41,4333,105.7
6959,35,3967,113.3
6960,37,4100,110.8
6961,36,4044,112.3
6962,38,4116,108.3
6963,38,4039,106.3
6964,37,4033,109.0
6965,36,4147,115.2
6966,39,4126,105.8
6967,33,3951,119.7
6968,38,3990,105.0
6969,34,4033,118.6
6970,34,4132,121.5
6971,31,3962,127.8
6972,30,3870,129.0
6973,33,3985,120.8
6974,29,3649,125.8
6975,33,3693,111.9
6976,34,3690,108.5
6977,28,3433,122.6
6978,35,3796,108.5
6979,38,4023,105.9
6980,35,4076,116.5
6981,35,4159,118.8
6982,33,3992,121.0
6983,36,3989,110.8
6984,35,3944,112.7
6985,36,3964,110.1
6986,38,3953,104.0
6987,36,3913,108.7
6988,34,3710,109.1
6989,32,3727,116.5
6990,31,3813,123.0
6991,35,3885,111.0
6992,34,3838,112.9
6993,34,3876,114.0
6994,33,3876,117.4
6995,37,3988,107.8
6996,39,4225,108.3
6997,36,4096,113.8
6998,35,3698,105.7
6999,33,3928,119.0
7000,36,3921,108.9
7001,32,3733,116.7
7002,36,3901,108.4
7003,40,4339,108.5
7004,39,4034,103.4
7005,37,4078,110.2
7006,33,3841,116.4
7007,38,4306,113.3
7008,44,4543,103.2
7009,40,4306,107.6
7010,42,4092,97.4
7011,36,4091,113.6
7012,38,4091,107.7
7013,42,4330,103.1
7014,39,4205,107.8
7015,39,4406,113.0
7016,40,4279,107.0
7017,36,3995,111.0
7018,36,4114,114.3
7019,39,4159,106.6
7020,36,3970,110.3
7021,42,4248,101.1
7022,34,3950,116.2
7023,31,3820,123.2
7024,37,4109,111.0
7025,36,4008,111.3
7026,37,4043,109.3
7027,37,4163,112.5
7028,39,4097,105.0
7029,40,4269,106.7
7030,42,4092,97.4
7031,39,4090,104.9
7032,44,4552,103.4
7033,40,4141,103.5
7034,36,4168,115.8
7035,39,4382,112.4
7036,41,4330,105.6
7037,48,4569,95.2
7038,41,4125,100.6
7039,41,4129,100.7
7040,40,4334,108.4
7041,39,4046,103.7
7042,43,4294,99.9
7043,36,3864,107.3
7044,38,4107,108.1
7045,37,3995,108.0
7046,38,4155,109.3
7047,47,4420,94.0
7048,44,4261,96.8
7049,40,4122,103.0
7050,40,4162,104.0
7051,38,3772,99.3
7052,41,4134,100.8
7053,41,3919,95.6
7054,37,3752,101.4
7055,41,4267,104.1
7056,38,4075,107.2
7057,38,3818,100.5
7058,37,3752,101.4
7059,40,4078,102.0
7060,37,3948,106.7
7061,40,3928,98.2
7062,38,4167,109.7
7063,39,4118,105.6
7064,37,4078,110.2
7065,36,3858,107.2
7066,38,3888,102.3
7067,37,3935,106.4
7068,42,4136,98.5
7069,40,4085,102.1
7070,41,4083,99.6
7071,44,4127,93.8
7072,42,4330,103.1
7073,41,4425,107.9
7074,39,4226,108.4
7075,38,4071,107.1
7076,41,4363,106.4
7077,40,4133,103.3
7078,41,4290,104.6
7079,39,4207,107.9
7080,42,4307,102.6
7081,37,4019,108.6
7082,47,4563,97.1
7083,41,4307,105.0
7084,42,4443,105.8
7085,40,4024,100.6
7086,39,4075,104.5
7087,43,4129,96.0
7088,43,3964,92.2
7089,44,4147,94.2
7090,43,3895,90.6
7091,42,4112,97.9
7092,42,4011,95.5
7093,47,4344,92.4
7094,39,3841,98.5
7095,42,4037,96.1
7096,43,4014,93.4
7097,42,3883,92.4
7098,39,3805,97.6
7099,38,3827,100.7
7100,42,4117,98.0
7101,42,3865,92.0
7102,40,3887,97.2
7103,40,4166,104.2
7104,41,4038,98.5
7105,38,3741,98.4
7106,41,3774,92.0
7107,42,3861,91.9
7108,41,4210,102.7
7109,42,4217,100.4
7110,40,4090,102.2
7111,43,3904,90.8
7112,43,4079,94.9
7113,40,3995,99.9
7114,44,4257,96.8
7115,38,3931,103.4
7116,38,3903,102.7
7117,43,3991,92.8
7118,42,3892,92.7
7119,41,3993,97.4
7120,40,3828,95.7
7121,38,3858,101.5
7122,40,3898,97.4
7123,36,4045,112.4
7124,39,4116,105.5
7125,35,3933,112.4
7126,37,3900,105.4
7127,39,3973,101.9
7128,41,4074,99.4
7129,42,4152,98.9
7130,42,3781,90.0
7131,38,3833,100.9
7132,39,4004,102.7
7133,41,3816,93.1
7134,40,3903,97.6
7135,40,3991,99.8
7136,40,3932,98.3
7137,37,3609,97.5
7138,37,3509,94.8
7139,42,4035,96.1
7140,39,3938,101.0
7141,36,3829,106.4
7142,40,4044,101.1
7143,40,4203,105.1
7144,42,4240,101.0
7145,42,4250,101.2
7146,37,4149,112.1
7147,36,3800,105.6
7148,37,3849,104.0
7149,37,3944,106.6
7150,37,3773,102.0
7151,37,4033,109.0
7152,34,3957,116.4
7153,33,4002,121.3
7154,36,4048,112.4
7155,37,4028,108.9
7156,39,4242,108.8
7157,41,3954,96.4
7158,39,3942,101.1
7159,41,4152,101.3
7160,42,4091,97.4
7161,40,4040,101.0
7162,39,3937,101.0
7163,36,3780,105.0
7164,39,3943,101.1
7165,37,3765,101.8
7166,39,3798,97.4
7167,38,3550,93.4
7168,36,3424,95.1
7169,41,3896,95.0
7170,43,4028,93.7
7171,41,3629,88.5
7172,39,3866,99.1
7173,42,4070,96.9
7174,42,3862,92.0
7175,44,4085,92.8
7176,43,4058,94.4
7177,42,4106,97.8
7178,43,3955,92.0
7179,40,4024,100.6
7180,37,3616,97.7
7181,38,3871,101.9
7182,34,3737,109.9
7183,34,3449,101.4
7184,36,3861,107.2
7185,40,3894,97.4
7186,45,3954,87.9
7187,41,3863,94.2
7188,43,3900,90.7
7189,39,3938,101.0
7190,41,3901,95.2
7191,46,4235,92.1
7192,40,4220,105.5
7193,41,3824,93.3
7194,43,4189,97.4
7195,47,4224,89.9
7196,36,3966,110.2
7197,41,4170,101.7
7198,43,4256,99.0
7199,42,3873,92.2
7200,45,3939,87.5
7201,51,4328,84.9
7202,51,4570,89.6
7203,46,4296,93.4
7204,42,3972,94.6
7205,44,4159,94.5
7206,41,4060,99.0
7207,45,4049,90.0
7208,43,4080,94.9
7209,41,3962,96.6
7210,45,4150,92.2
7211,41,3955,96.5
7212,39,4072,104.4
7213,38,3970,104.5
7214,40,4022,100.6
7215,39,4023,103.2
7216,42,4227,100.6
7217,44,3928,89.3
7218,46,4103,89.2
7219,41,3817,93.1
7220,37,3647,98.6
7221,43,3869,90.0
7222,46,4118,89.5
7223,40,4044,101.1
7224,47,3987,84.8
7225,46,4067,88.4
7226,43,3979,92.5
7227,45,4245,94.3
7228,41,4041,98.6
7229,40,3988,99.7
7230,44,3837,87.2
7231,42,3953,94.1
7232,44,3727,84.7
7233,42,3915,93.2
7234,42,4016,95.6
7235,40,4059,101.5
7236,38,3922,103.2
7237,42,3937,93.7
7238,44,3994,90.8
7239,41,3891,94.9
7240,42,3990,95.0
7241,41,4005,97.7
7242,44,4296,97.6
7243,44,4096,93.1
7244,38,3755,98.8
7245,40,3929,98.2
7246,41,3675,89.6
7247,44,4124,93.7
7248,41,3747,91.4
7249,35,4054,115.8
7250,38,3900,102.6
7251,39,3702,94.9
7252,41,3992,97.4
7253,37,3730,100.8
7254,39,4196,107.6
7255,39,4261,109.3
7256,38,3811,100.3
7257,40,3940,98.5
7258,38,3688,97.0
7259,41,3985,97.2
7260,44,3928,89.3
7261,40,3843,96.1
7262,43,4151,96.5
7263,44,4175,94.9
7264,38,3860,101.6
7265,37,3939,106.5
7266,40,3917,97.9
7267,38,3695,97.2
7268,45,3932,87.4
7269,37,3468,93.7
7270,39,3934,100.9
7271,41,4048,98.7
7272,42,4139,98.6
7273,40,4011,100.3
7274,39,3782,97.0
7275,38,3907,102.8
7276,32,3643,113.8
7277,36,3692,102.6
7278,37,3810,103.0
7279,36,3640,101.1
7280,40,3913,97.8
7281,40,3927,98.2
7282,40,3860,96.5
7283,36,4075,113.2
7284,38,4145,109.1
7285,40,4202,105.0
7286,39,3892,99.8
7287,44,4202,95.5
7288,41,3941,96.1
7289,41,4018,98.0
7290,39,4150,106.4
7291,38,3953,104.0
7292,37,3978,107.5
7293,40,4075,101.9
7294,42,4468,106.4
7295,42,4269,101.6
7296,43,4068,94.6
7297,42,4009,95.4
7298,42,4092,97.4
7299,39,4069,104.3
7300,41,3914,95.5
7301,37,3861,104.4
7302,41,3984,97.2
7303,35,3793,108.4
7304,32,3515,109.8
7305,41,3988,97.3
7306,40,3903,97.6
7307,37,3857,104.2
7308,37,3986,107.7
7309,36,3702,102.8
7310,39,3971,101.8
7311,38,3962,104.3
7312,40,4137,103.4
7313,34,4172,122.7
7314,36,4024,111.8
7315,38,3962,104.3
7316,33,4057,122.9
7317,38,4121,108.4
7318,38,4024,105.9
7319,36,4152,115.3
7320,35,3928,112.2
7321,40,4144,103.6
7322,38,3991,105.0
7323,38,4106,108.0
7324,37,3881,104.9
7325,38,4080,107.4
7326,38,4163,109.6
7327,32,3782,118.2
7328,37,3829,103.5
7329,39,4112,105.4
7330,41,4191,102.2
7331,44,4257,96.8
7332,41,4116,100.4
7333,41,4070,99.3
7334,42,4014,95.6
7335,39,4001,102.6
7336,39,3892,99.8
7337,39,4226,108.4
7338,41,4151,101.2
7339,40,4113,102.8
7340,38,4170,109.7
7341,36,3909,108.6
7342,38,3967,104.4
7343,41,4452,108.6
7344,35,4020,114.9
7345,33,3906,118.4
7346,36,4254,118.2
7347,34,4224,124.2
7348,33,3789,114.8
7349,34,4026,118.4
7350,34,4203,123.6
7351,32,4086,127.7
7352,36,4164,115.7
7353,40,4310,107.8
7354,30,3972,132.4
7355,34,4196,123.4
7356,36,3976,110.4
7357,36,4200,116.7
7358,35,4171,119.2
7359,39,4224,108.3
7360,34,4181,123.0
7361,33,4101,124.3
7362,34,3961,116.5
7363,35,3952,112.9
7364,33,3962,120.1
7365,35,3882,110.9
7366,38,3978,104.7
7367,37,4229,114.3
7368,32,3761,117.5
7369,38,4124,108.5
7370,37,4273,115.5
7371,34,4021,118.3
7372,35,4216,120.5
7373,35,4069,116.3
7374,35,3949,112.8
7375,32,3916,122.4
7376,35,3869,110.5
7377,40,4093,102.3
7378,35,4126,117.9
7379,33,3878,117.5
7380,35,4035,115.3
7381,37,4279,115.6
7382,33,3658,110.8
7383,33,3787,114.8
7384,33,3826,115.9
7385,34,3855,113.4
7386,32,4044,126.4
7387,30,3888,129.6
7388,29,3918,135.1
7389,29,3758,129.6
7390,31,4023,129.8
7391,32,4061,126.9
7392,33,4170,126.4
7393,31,4095,132.1
7394,34,4031,118.6
7395,34,4097,120.5
7396,31,3813,123.0
7397,33,4183,126.8
7398,30,3835,127.8
7399,35,4149,118.5
7400,35,3978,113.7
7401,30,3851,128.4
7402,34,3885,114.3
7403,33,3843,116.4
7404,35,3949,112.8
7405,35,3912,111.8
7406,33,3809,115.4
7407,34,3597,105.8
7408,32,3531,110.3
7409,35,3670,104.9
7410,30,3457,115.2
7411,34,4093,120.4
7412,36,4007,111.3
7413,36,3991,110.9
7414,33,4085,123.8
7415,38,4100,107.9
7416,30,3731,124.4
7417,36,4041,112.2
7418,35,4160,118.9
7419,34,3928,115.5
7420,36,4022,111.7
7421,41,4207,102.6
7422,37,4086,110.4
7423,40,4065,101.6
7424,42,4282,102.0
7425,41,4084,99.6
7426,38,3986,104.9
7427,40,3991,99.8
7428,39,3985,102.2
7429,41,4212,102.7
7430,38,4082,107.4
7431,38,4125,108.6
7432,30,4036,134.5
7433,39,4141,106.2
7434,33,3951,119.7
7435,35,3988,113.9
7436,33,3975,120.4
7437,29,3676,126.8
7438,32,3723,116.3
7439,31,3570,115.2
7440,33,3774,114.4
7441,33,4044,122.6
7442,33,3957,119.9
7443,32,3849,120.3
7444,36,3933,109.2
7445,36,4068,113.0
7446,38,3919,103.1
7447,35,3841,109.7
7448,34,3889,114.4
7449,35,4253,121.5
7450,33,4073,123.4
7451,31,3919,126.4
7452,32,4002,125.1
7453,31,3845,124.0
7454,34,3950,116.2
7455,32,4091,127.8
7456,29,3627,125.1
7457,32,3714,116.1
7458,31,3623,116.9
7459,31,3659,118.0
7460,33,3749,113.6
7461,37,3649,98.6
7462,37,3873,104.7
7463,35,4008,114.5
7464,34,3897,114.6
7465,33,3824,115.9
7466,42,4203,100.1
7467,38,4222,111.1
7468,32,3386,105.8
7469,34,4048,119.1
7470,32,3801,118.8
7471,33,3819,115.7
7472,36,3920,108.9
7473,39,4119,105.6
7474,41,4157,101.4
7475,39,4086,104.8
7476,37,4025,108.8
7477,36,4149,115.2
7478,39,4157,106.6
7479,38,4063,106.9
7480,37,3930,106.2
7481,33,3660,110.9
7482,41,3675,89.6
7483,43,3894,90.6
7484,40,3791,94.8
7485,40,4000,100.0
7486,41,4161,101.5
7487,42,4373,104.1
7488,41,4218,102.9
7489,40,4149,103.7
7490,44,4220,95.9
7491,41,4127,100.7
7492,41,4157,101.4
7493,40,4085,102.1
7494,42,4364,103.9
7495,40,4041,101.0
7496,37,3775,102.0
7497,42,4081,97.2
7498,36,3979,110.5
7499,35,4009,114.5
7500,36,3905,108.5
7501,37,3885,105.0
7502,36,3988,110.8
7503,37,3974,107.4
7504,39,3871,99.3
7505,37,4023,108.7
7506,36,4118,114.4
7507,34,3886,114.3
7508,35,3977,113.6
7509,43,4253,98.9
7510,42,4294,102.2
7511,41,4194,102.3
7512,40,4083,102.1
7513,40,4258,106.4
7514,39,4132,106.0
7515,44,4375,99.4
7516,40,4129,103.2
7517,40,4106,102.6
7518,38,4023,105.9
7519,36,3816,106.0
7520,38,3967,104.4
7521,43,4303,100.1
7522,38,4214,110.9
7523,43,3980,92.6
7524,39,3986,102.2
7525,40,4216,105.4
7526,41,4314,105.2
7527,36,3999,111.1
7528,40,4329,108.2
7529,37,4071,110.0
7530,36,3941,109.5
7531,42,4256,101.3
7532,36,3757,104.4
7533,34,3793,111.6
7534,36,3808,105.8
7535,38,4140,109.0
7536,36,4070,113.1
7537,40,4292,107.3
7538,40,4547,113.7
7539,34,4246,124.9
7540,35,4157,118.8
7541,38,4132,108.7
7542,38,4074,107.2
7543,40,4323,108.1
7544,41,4235,103.3
7545,36,4156,115.4
7546,40,4263,106.6
7547,39,4160,106.7
7548,34,4116,121.1
7549,36,4172,115.9
7550,35,3991,114.0
7551,39,4158,106.6
7552,36,3960,110.0
7553,33,3853,116.8
7554,37,4171,112.7
7555,39,4127,105.8
7556,35,3890,111.1
7557,37,3926,106.1
7558,36,4022,111.7
7559,37,3868,104.5
7560,38,3943,103.8
7561,38,4082,107.4
7562,35,3807,108.8
7563,35,3980,113.7
7564,36,3936,109.3
7565,36,3979,110.5
7566,37,4167,112.6
7567,39,4120,105.6
7568,41,3856,94.0
7569,36,3601,100.0
7570,37,3878,104.8
7571,37,4153,112.2
7572,40,4191,104.8
7573,39,4108,105.3
7574,34,4095,120.4
7575,39,4098,105.1
7576,35,3875,110.7
7577,35,4006,114.5
7578,34,3807,112.0
7579,34,3989,117.3
7580,34,3947,116.1
7581,37,3889,105.1
7582,36,3907,108.5
7583,37,4147,112.1
7584,37,4202,113.6
7585,36,4293,119.2
7586,38,4337,114.1
7587,40,4308,107.7
7588,35,3911,111.7
7589,34,3928,115.5
7590,37,3995,108.0
7591,37,4219,114.0
7592,40,4023,100.6
7593,37,4080,110.3
7594,35,4200,120.0
7595,35,3935,112.4
7596,37,3974,107.4
7597,37,3960,107.0
7598,35,3923,112.1
7599,38,4009,105.5
7600,37,4090,110.5
7601,37,4244,114.7
7602,34,3935,115.7
7603,38,4142,109.0
7604,37,3965,107.2
7605,41,4219,102.9
7606,38,4085,107.5
7607,39,4090,104.9
7608,39,4204,107.8
7609,35,4004,114.4
7610,36,4140,115.0
7611,35,4189,119.7
7612,32,3835,119.8
7613,34,3993,117.4
7614,42,4457,106.1
7615,42,4457,106.1
7616,37,4067,109.9
7617,40,4004,100.1
7618,38,4319,113.7
7619,36,4260,118.3
7620,41,4254,103.8
7621,38,4008,105.5
7622,41,4094,99.8
7623,37,4128,111.6
7624,35,4068,116.2
7625,37,4093,110.6
7626,34,4054,119.2
7627,34,4320,127.1
7628,34,4279,125.8
7629,39,4331,111.0
7630,35,4263,121.8
7631,33,4017,121.7
7632,40,4417,110.4
7633,38,4394,115.6
7634,38,4447,117.0
7635,35,4319,123.4
7636,38,4157,109.4
7637,40,4160,104.0
7638,41,4140,101.0
7639,41,4222,103.0
7640,39,4181,107.2
7641,39,4260,109.2
7642,40,4042,101.0
7643,38,3880,102.1
7644,43,4248,98.8
7645,42,4344,103.4
7646,41,4053,98.8
7647,42,4231,100.7
7648,38,4210,110.8
7649,42,4163,99.1
7650,40,4140,103.5
7651,44,4288,97.4
7652,43,4056,94.3
7653,39,3851,98.7
7654,44,4005,91.0
7655,42,4182,99.6
7656,43,4304,100.1
7657,44,4270,97.0
7658,45,4183,93.0
7659,45,4231,94.0
7660,40,3930,98.2
7661,37,4020,108.6
7662,39,4195,107.6
7663,40,3999,100.0
7664,42,4183,99.6
7665,43,4089,95.1
7666,43,4383,101.9
7667,43,4212,98.0
7668,40,4317,107.9
7669,38,4153,109.3
7670,37,4138,111.8
7671,39,3966,101.7
7672,38,3949,103.9
7673,40,4073,101.8
7674,39,4166,106.8
7675,36,4192,116.4
7676,37,3895,105.3
7677,43,4096,95.3
7678,43,4149,96.5
7679,40,4186,104.6
7680,40,3965,99.1
7681,39,3966,101.7
7682,35,3804,108.7
7683,38,4054,106.7
7684,37,3953,106.8
7685,39,4169,106.9
7686,41,4108,100.2
7687,47,4470,95.1
7688,41,4167,101.6
7689,37,3903,105.5
7690,36,4307,119.6
7691,39,4064,104.2
7692,38,4044,106.4
7693,33,3601,109.1
7694,41,4352,106.2
7695,41,4352,106.2
7696,39,4203,107.8
7697,43,4170,97.0
7698,44,4022,91.4
7699,44,4095,93.1
7700,43,4069,94.6
7701,42,4232,100.8
7702,39,4021,103.1
7703,39,4058,104.0
7704,43,4339,100.9
7705,41,4104,100.1
7706,36,3938,109.4
7707,38,4205,110.7
7708,40,4301,107.5
7709,39,4277,109.7
7710,38,4304,113.3
7711,40,4342,108.6
7712,39,4256,109.1
7713,43,4331,100.7
7714,42,4125,98.2
7715,43,4254,98.9
7716,39,3547,91.0
7717,36,3887,108.0
7718,34,3721,109.4
7719,37,4007,108.3
7720,38,4215,110.9
7721,39,3848,98.7
7722,32,3606,112.7
7723,37,3951,106.8
7724,34,4078,119.9
7725,40,3936,98.4
7726,36,3789,105.2
7727,34,3790,111.5
7728,32,3635,113.6
7729,34,3654,107.5
7730,36,3814,105.9
7731,38,3832,100.8
7732,41,3993,97.4
7733,37,4052,109.5
7734,41,4042,98.6
7735,44,4012,91.2
7736,44,4244,96.4
7737,42,4166,99.2
7738,35,3682,105.2
7739,39,3887,99.7
7740,42,4314,102.7
7741,40,3898,97.4
7742,35,3757,107.3
7743,38,3815,100.4
7744,43,4251,98.9
7745,38,3739,98.4
7746,41,4282,104.4
7747,40,4291,107.3
7748,37,3999,108.1
7749,44,4184,95.1
7750,40,3964,99.1
7751,39,4114,105.5
7752,37,4437,119.9
7753,40,4442,111.0
7754,41,4176,101.8
7755,41,4396,107.2
7756,38,3975,104.6
7757,40,4117,102.9
7758,39,4095,105.0
7759,38,4049,106.6
7760,34,3891,114.4
7761,35,4052,115.8
7762,37,3765,101.8
7763,38,4051,106.6
7764,42,4146,98.7
7765,39,4075,104.5
7766,42,4220,100.5
7767,36,3855,107.1
7768,37,3899,105.4
7769,37,4029,108.9
7770,37,4203,113.6
7771,36,3758,104.4
7772,37,3762,101.7
7773,35,3790,108.3
7774,34,3848,113.2
7775,37,3940,106.5
7776,38,3990,105.0
7777,38,3911,102.9
7778,38,3999,105.2
7779,40,4130,103.2
7780,37,3857,104.2
7781,36,3821,106.1
7782,38,4037,106.2
7783,40,3944,98.6
7784,40,3941,98.5
7785,38,3949,103.9
7786,38,4243,111.7
7787,40,4262,106.6
7788,41,4120,100.5
7789,37,3886,105.0
7790,42,4250,101.2
7791,43,4348,101.1
7792,38,4209,110.8
7793,44,4335,98.5
7794,45,4416,98.1
7795,37,4249,114.8
7796,40,4282,107.0
7797,41,4321,105.4
7798,39,3964,101.6
7799,39,4321,110.8
7800,38,4527,119.1
7801,38,4350,114.5
7802,38,4333,114.0
7803,37,4240,114.6
7804,39,4304,110.4
7805,42,4455,106.1
7806,39,4211,108.0
7807,40,3989,99.7
7808,45,4147,92.2
7809,40,3987,99.7
7810,40,4135,103.4
7811,40,4340,108.5
7812,43,4075,94.8
7813,42,4037,96.1
7814,39,4299,110.2
7815,43,4145,96.4
7816,41,3912,95.4
7817,42,3976,94.7
7818,38,3914,103.0
7819,38,3820,100.5
7820,44,3874,88.0
7821,41,3780,92.2
7822,39,3990,102.3
7823,38,3807,100.2
7824,45,4253,94.5
7825,43,4137,96.2
7826,37,3797,102.6
7827,42,4024,95.8
7828,41,3879,94.6
7829,38,3909,102.9
7830,39,4091,104.9
7831,37,3945,106.6
7832,37,4082,110.3
7833,39,4153,106.5
7834,35,3995,114.1
7835,41,3919,95.6
7836,42,4002,95.3
7837,37,4074,110.1
7838,40,4151,103.8
7839,41,4079,99.5
7840,42,4285,102.0
7841,43,4158,96.7
7842,36,3993,110.9
7843,36,4171,115.9
7844,38,3854,101.4
7845,39,4224,108.3
7846,35,4234,121.0
7847,38,4157,109.4
7848,39,4031,103.4
7849,37,4215,113.9
7850,34,4173,122.7
7851,35,4454,127.3
7852,37,4334,117.1
7853,37,4435,119.9
7854,37,4453,120.4
7855,37,4333,117.1
7856,35,4296,122.7
7857,34,3994,117.5
7858,35,3905,111.6
7859,33,3970,120.3
7860,34,4020,118.2
7861,34,4159,122.3
7862,37,4126,111.5
7863,39,4216,108.1
7864,31,3760,121.3
7865,33,3792,114.9
7866,38,4213,110.9
7867,35,4084,116.7
7868,37,4185,113.1
7869,40,4271,106.8
7870,38,4126,108.6
7871,36,4041,112.2
7872,40,4378,109.4
7873,36,4235,117.6
7874,36,3974,110.4
7875,39,4178,107.1
7876,33,4054,122.8
7877,34,4140,121.8
7878,36,4120,114.4
7879,36,4159,115.5
7880,37,4366,118.0
7881,34,4120,121.2
7882,30,3803,126.8
7883,34,3909,115.0
7884,36,4170,115.8
7885,35,4005,114.4
7886,35,3868,110.5
7887,35,3878,110.8
7888,33,3840,116.4
7889,36,4062,112.8
7890,37,3963,107.1
7891,36,4126,114.6
7892,39,4103,105.2
7893,34,4106,120.8
7894,38,4058,106.8
7895,41,4177,101.9
7896,40,4115,102.9
7897,43,4357,101.3
7898,47,4407,93.8
7899,44,4233,96.2
7900,36,3762,104.5
7901,39,4279,109.7
7902,38,4101,107.9
7903,35,4165,119.0
7904,35,4143,118.4
7905,40,4320,108.0
7906,38,4141,109.0
7907,38,4157,109.4
7908,40,4071,101.8
7909,37,4069,110.0
7910,42,4267,101.6
7911,46,4356,94.7
7912,41,4145,101.1
7913,42,4180,99.5
7914,41,4380,106.8
7915,42,4213,100.3
7916,39,4236,108.6
7917,46,4448,96.7
7918,38,3871,101.9
7919,41,4062,99.1
7920,41,4122,100.5
7921,37,4133,111.7
7922,38,4107,108.1
7923,40,4110,102.8
7924,35,4063,116.1
7925,36,4036,112.1
7926,35,4029,115.1
7927,32,3637,113.7
7928,40,4369,109.2
7929,36,4262,118.4
7930,38,4113,108.2
7931,39,4263,109.3
7932,34,3982,117.1
7933,35,4117,117.6
7934,34,3761,110.6
7935,38,3955,104.1
7936,36,3960,110.0
7937,35,3859,110.3
7938,36,3608,100.2
7939,36,3834,106.5
7940,41,3798,92.6
7941,38,3822,100.6
7942,36,3998,111.1
7943,34,3822,112.4
7944,32,3820,119.4
7945,31,3879,125.1
7946,35,4130,118.0
7947,39,3960,101.5
7948,34,4047,119.0
7949,39,4251,109.0
7950,40,4065,101.6
7951,35,3919,112.0
7952,37,4243,114.7
7953,35,4151,118.6
7954,39,4429,113.6
7955,35,3788,108.2
7956,35,3976,113.6
7957,32,3730,116.6
7958,38,3897,102.6
7959,35,3696,105.6
7960,41,3948,96.3
7961,39,3910,100.3
7962,40,3863,96.6
7963,40,3824,95.6
7964,37,3917,105.9
7965,41,3982,97.1
7966,34,3651,107.4
7967,36,3728,103.6
7968,35,3835,109.6
7969,40,4085,102.1
7970,38,3781,99.5
7971,34,3759,110.6
7972,36,3633,100.9
7973,37,3837,103.7
7974,37,3868,104.5
7975,40,3826,95.6
7976,40,3997,99.9
7977,45,4298,95.5
7978,40,3771,94.3
7979,38,3803,100.1
7980,45,4317,95.9
7981,37,3782,102.2
7982,39,4096,105.0
7983,45,4322,96.0
7984,41,3873,94.5
7985,41,4101,100.0
7986,40,4075,101.9
7987,39,4090,104.9
7988,40,4083,102.1
7989,41,4176,101.8
7990,34,3953,116.3
7991,35,4160,118.9
7992,40,4181,104.5
7993,36,3969,110.2
7994,38,4168,109.7
7995,41,4181,102.0
7996,42,4412,105.0
7997,45,4466,99.2
7998,44,4389,99.8
7999,39,4109,105.4
8000,41,4431,108.1
8001,40,4366,109.2
8002,38,4265,112.2
8003,37,4198,113.5
8004,32,3767,117.7
8005,36,4112,114.2
8006,40,4053,101.3
8007,35,3871,110.6
8008,40,3992,99.8
8009,39,4051,103.9
8010,34,3979,117.0
8011,37,3872,104.6
8012,39,3975,101.9
8013,39,3994,102.4
8014,36,3671,102.0
8015,40,4066,101.6
8016,38,3932,103.5
8017,38,3819,100.5
8018,37,4003,108.2
8019,43,4215,98.0
8020,41,4062,99.1
8021,38,3996,105.2
8022,38,3882,102.2
8023,37,3866,104.5
8024,38,4056,106.7
8025,43,4242,98.6
8026,37,3955,106.9
8027,35,3733,106.7
8028,37,3868,104.5
8029,36,3682,102.3
8030,33,3548,107.5
8031,36,3835,106.5
8032,36,3930,109.2
8033,36,3937,109.4
8034,37,3888,105.1
8035,38,3945,103.8
8036,35,3904,111.5
8037,34,4107,120.8
8038,34,3843,113.0
8039,30,3584,119.5
8040,34,3864,113.6
8041,36,3528,98.0
8042,34,3682,108.3
8043,30,3510,117.0
8044,35,3731,106.6
8045,37,3817,103.2
8046,32,3540,110.6
8047,35,3694,105.5
8048,35,3744,107.0
8049,33,3661,110.9
8050,33,3770,114.2
8051,32,3744,117.0
8052,26,3445,132.5
8053,33,3866,117.2
8054,32,3850,120.3
8055,32,3677,114.9
8056,35,3712,106.1
8057,37,3650,98.6
8058,36,3904,108.4
8059,35,3734,106.7
8060,35,3446,98.5
8061,36,3660,101.7
8062,35,3918,111.9
8063,33,3821,115.8
8064,34,3683,108.3
8065,36,3938,109.4
8066,34,3849,113.2
8067,33,3563,108.0
8068,32,3571,111.6
8069,32,3717,116.2
8070,31,3553,114.6
8071,32,3737,116.8
8072,33,3714,112.6
8073,32,3645,113.9
8074,31,3527,113.8
8075,38,3930,103.4
8076,31,3755,121.1
8077,38,4176,109.9
8078,34,3742,110.1
8079,39,4208,107.9
8080,36,3858,107.2
8081,38,4042,106.4
8082,31,3764,121.4
8083,33,3808,115.4
8084,34,3526,103.7
8085,34,3749,110.3
8086,37,3917,105.9
8087,31,3802,122.6
8088,33,3908,118.4
8089,37,3931,106.2
8090,35,3856,110.2
8091,37,3942,106.5
8092,31,3655,117.9
8093,37,3967,107.2
8094,35,3824,109.3
8095,39,3893,99.8
8096,36,3654,101.5
8097,35,3620,103.4
8098,35,3877,110.8
8099,35,3773,107.8
8100,30,3542,118.1
8101,33,3834,116.2
8102,31,3896,125.7
8103,34,3823,112.4
8104,32,3684,115.1
8105,33,3706,112.3
8106,34,3769,110.8
8107,33,3821,115.8
8108,31,3610,116.4
8109,33,3783,114.6
8110,31,3741,120.7
8111,31,3764,121.4
8112,32,3859,120.6
8113,28,3560,127.1
8114,33,3520,106.7
8115,36,3967,110.2
8116,36,3754,104.3
8117,34,3968,116.7
8118,38,3799,100.0
8119,35,3549,101.4
8120,35,3967,113.3
8121,35,3788,108.2
8122,36,3953,109.8
8123,40,3927,98.2
8124,34,3721,109.4
8125,33,3771,114.3
8126,31,3357,108.3
8127,30,3725,124.2
8128,27,3213,119.0
8129,29,3704,127.7
8130,31,3919,126.4
8131,29,3992,137.7
8132,36,3792,105.3
8133,34,3757,110.5
8134,29,3668,126.5
8135,37,3793,102.5
8136,30,3751,125.0
8137,33,3973,120.4
8138,31,3827,123.4
8139,33,3992,121.0
8140,27,3786,140.2
8141,33,4015,121.7
8142,34,4150,122.1
8143,38,4302,113.2
8144,38,4345,114.3
8145,38,4162,109.5
8146,39,4157,106.6
8147,35,4102,117.2
8148,36,4284,119.0
8149,34,3967,116.7
8150,34,3799,111.7
8151,35,4205,120.1
8152,36,4161,115.6
8153,40,4132,103.3
8154,38,4260,112.1
8155,39,4080,104.6
8156,42,4325,103.0
8157,37,3886,105.0
8158,38,4052,106.6
8159,40,4444,111.1
8160,36,4046,112.4
8161,40,4536,113.4
8162,41,4315,105.2
8163,37,4311,116.5
8164,41,4064,99.1
8165,39,4332,111.1
8166,41,4408,107.5
8167,43,4552,105.9
8168,38,4350,114.5
8169,38,4362,114.8
8170,37,4405,119.0
8171,42,4296,102.3
8172,42,4428,105.4
8173,42,4480,106.7
8174,44,4526,102.9
8175,40,4106,102.6
8176,37,4183,113.0
8177,38,3827,100.7
8178,39,4009,102.8
8179,35,3846,109.9
8180,42,4010,95.5
8181,39,4181,107.2
8182,41,4279,104.4
8183,41,4408,107.5
8184,39,4268,109.4
8185,38,4370,115.0
8186,40,4253,106.3
8187,40,4370,109.2
8188,46,4369,95.0
8189,37,4261,115.2
8190,35,4131,118.0
8191,41,4357,106.3
8192,41,4357,106.3
8193,42,4263,101.5
8194,37,4048,109.4
8195,39,4187,107.4
8196,41,4232,103.2
8197,43,4310,100.2
8198,49,4601,93.9
8199,40,4291,107.3
8200,45,4381,97.4
8201,40,4161,104.0
8202,43,4339,100.9
8203,39,4383,112.4
8204,39,4265,109.4
8205,39,4278,109.7
8206,41,4402,107.4
8207,45,4385,97.4
8208,35,3913,111.8
8209,40,4193,104.8
8210,38,4022,105.8
8211,35,4056,115.9
8212,38,3997,105.2
8213,40,3887,97.2
8214,40,4165,104.1
8215,42,4009,95.4
8216,42,3928,93.5
8217,39,3982,102.1
8218,39,3983,102.1
8219,40,3869,96.7
8220,39,4267,109.4
8221,40,4338,108.4
8222,38,3790,99.7
8223,36,4013,111.5
8224,32,3958,123.7
8225,36,4175,116.0
8226,31,3808,122.8
8227,33,3706,112.3
8228,30,3925,130.8
8229,34,3903,114.8
8230,35,3845,109.9
8231,38,3984,104.8
8232,35,3967,113.3
8233,31,3879,125.1
8234,34,3811,112.1
8235,36,3801,105.6
8236,38,3820,100.5
8237,36,3646,101.3
8238,31,3481,112.3
8239,34,3662,107.7
8240,37,3566,96.4
8241,38,3998,105.2
8242,38,3879,102.1
8243,40,4051,101.3
8244,38,4025,105.9
8245,36,3716,103.2
8246,30,3383,112.8
8247,40,3849,96.2
8248,41,4155,101.3
8249,43,3992,92.8
8250,39,3957,101.5
8251,36,3533,98.1
8252,39,3953,101.4
8253,36,4044,112.3
8254,37,3904,105.5
8255,36,3785,105.1
8256,34,3808,112.0
8257,34,3805,111.9
8258,38,3898,102.6
8259,31,3753,121.1
8260,39,4054,104.0
8261,39,4180,107.2
8262,34,3935,115.7
8263,36,4225,117.4
8264,35,3877,110.8
8265,38,4141,109.0
8266,34,3811,112.1
8267,37,3911,105.7
8268,38,3739,98.4
8269,33,3708,112.4
8270,33,3521,106.7
8271,41,3956,96.5
8272,36,4038,112.2
8273,40,4050,101.2
8274,38,4054,106.7
8275,36,3660,101.7
8276,37,3956,106.9
8277,34,3663,107.7
8278,41,4099,100.0
8279,37,3990,107.8
8280,36,3640,101.1
8281,33,3779,114.5
8282,31,3816,123.1
8283,34,3970,116.8
8284,32,3708,115.9
8285,36,3844,106.8
8286,29,3624,125.0
8287,38,3826,100.7
8288,38,3973,104.6
8289,36,3902,108.4
8290,37,3856,104.2
8291,36,3552,98.7
8292,34,3687,108.4
8293,32,3562,111.3
8294,33,3618,109.6
8295,37,3872,104.6
8296,35,3761,107.5
8297,31,3410,110.0
8298,34,3941,115.9
8299,37,3768,101.8
8300,36,4083,113.4
8301,34,4008,117.9
8302,38,4089,107.6
8303,37,3866,104.5
8304,35,4032,115.2
8305,35,3933,112.4
8306,32,3407,106.5
8307,36,3880,107.8
8308,33,3981,120.6
8309,37,3793,102.5
8310,32,3799,118.7
8311,38,4100,107.9
8312,43,4099,95.3
8313,40,3901,97.5
8314,39,3952,101.3
8315,37,3878,104.8
8316,39,3890,99.7
8317,38,3573,94.0
8318,39,3848,98.7
8319,39,3642,93.4
8320,38,3466,91.2
8321,34,3430,100.9
8322,33,3161,95.8
8323,35,3602,102.9
8324,37,3384,91.5
8325,32,3286,102.7
8326,31,3163,102.0
8327,34,3497,102.8
8328,34,3494,102.8
8329,31,3388,109.3
8330,33,3500,106.1
8331,33,3604,109.2
8332,37,3583,96.8
8333,31,3345,107.9
8334,35,3607,103.1
8335,37,3716,100.4
8336,37,3768,101.8
8337,30,3815,127.2
8338,34,3750,110.3
8339,32,3609,112.8
8340,34,3525,103.7
8341,37,3937,106.4
8342,37,3798,102.6
8343,41,4344,106.0
8344,35,3722,106.3
8345,35,4032,115.2
8346,34,3809,112.0
8347,34,3662,107.7
8348,32,3669,114.7
8349,35,3858,110.2
8350,34,3854,113.4
8351,34,3591,105.6
8352,33,3593,108.9
8353,35,3777,107.9
8354,31,3684,118.8
8355,31,3606,116.3
8356,32,3595,112.3
8357,34,3966,116.6
8358,31,3852,124.3
8359,32,3635,113.6
8360,31,3786,122.1
8361,33,3878,117.5
8362,32,3638,113.7
8363,36,4000,111.1
8364,34,4000,117.6
8365,27,3785,140.2
8366,30,3821,127.4
8367,26,3646,140.2
8368,32,3865,120.8
8369,35,3906,111.6
8370,31,3797,122.5
8371,33,3821,115.8
8372,33,3879,117.6
8373,33,3811,115.5
8374,35,3806,108.7
8375,35,4048,115.7
8376,35,4064,116.1
8377,33,3883,117.7
8378,34,3920,115.3
8379,32,3742,116.9
8380,33,3709,112.4
8381,29,3575,123.3
8382,29,3541,122.1
8383,34,3884,114.2
8384,34,3738,109.9
8385,32,3747,117.1
8386,32,3586,112.1
8387,31,3806,122.8
8388,34,3896,114.6
8389,36,3960,110.0
8390,33,3872,117.3
8391,35,3735,106.7
8392,30,3621,120.7
8393,35,3891,111.2
8394,35,3882,110.9
8395,34,3898,114.6
8396,39,3824,98.0
8397,34,3964,116.6
8398,40,4084,102.1
8399,38,3866,101.7
8400,36,3801,105.6
8401,37,3889,105.1
8402,35,3769,107.7
8403,38,3890,102.4
8404,42,4198,100.0
8405,37,3921,106.0
8406,37,3908,105.6
8407,38,3999,105.2
8408,35,3888,111.1
8409,37,4197,113.4
8410,35,3801,108.6
8411,36,4100,113.9
8412,36,4265,118.5
8413,31,3989,128.7
8414,35,4178,119.4
8415,33,4130,125.2
8416,37,4071,110.0
8417,32,3928,122.8
8418,32,3789,118.4
8419,36,3874,107.6
8420,36,3698,102.7
8421,36,3820,106.1
8422,34,3748,110.2
8423,36,3872,107.6
8424,40,4127,103.2
8425,35,3790,108.3
8426,33,3798,115.1
8427,30,3571,119.0
8428,32,3545,110.8
8429,35,3752,107.2
8430,39,4111,105.4
8431,37,4144,112.0
8432,38,4088,107.6
8433,37,4078,110.2
8434,41,4239,103.4
8435,33,3957,119.9
8436,35,4098,117.1
8437,35,4284,122.4
8438,39,4404,112.9
8439,38,4131,108.7
8440,36,4158,115.5
8441,39,4110,105.4
8442,33,4253,128.9
8443,34,3931,115.6
8444,36,4169,115.8
8445,38,4080,107.4
8446,34,3918,115.2
8447,34,4126,121.4
8448,32,3922,122.6
8449,33,4055,122.9
8450,37,4013,108.5
8451,35,4176,119.3
8452,38,4167,109.7
8453,36,4221,117.2
8454,36,4241,117.8
8455,34,3755,110.4
8456,37,3944,106.6
8457,39,4213,108.0
8458,32,3547,110.8
8459,37,4012,108.4
8460,33,3773,114.3
8461,33,3826,115.9
8462,31,3693,119.1
8463,34,3701,108.8
8464,35,3625,103.6
8465,32,3646,113.9
8466,31,3640,117.4
8467,34,3762,110.6
8468,31,3527,113.8
8469,32,3615,113.0
8470,31,3807,122.8
8471,27,3789,140.3
8472,32,3849,120.3
8473,34,3754,110.4
8474,33,3737,113.2
8475,35,3775,107.9
8476,33,3602,109.2
8477,29,3399,117.2
8478,28,3413,121.9
8479,31,3604,116.3
8480,29,3467,119.6
8481,28,3581,127.9
8482,30,3499,116.6
8483,34,3437,101.1
8484,29,3574,123.2
8485,28,3440,122.9
8486,29,3663,126.3
8487,32,3923,122.6
8488,30,3584,119.5
8489,30,3803,126.8
8490,33,3785,114.7
8491,29,3952,136.3
8492,27,3654,135.3
8493,28,3823,136.5
8494,28,3808,136.0
8495,33,3867,117.2
8496,28,3656,130.6
8497,26,3798,146.1
8498,35,3908,111.7
8499,35,3864,110.4
8500,30,3866,128.9
8501,29,3867,133.3
8502,26,3741,143.9
8503,24,3474,144.8
8504,31,3845,124.0
8505,36,4046,112.4
8506,32,3966,123.9
8507,33,3975,120.4
8508,32,3874,121.1
8509,31,3906,126.0
8510,34,3955,116.3
8511,33,3931,119.1
8512,32,3718,116.2
8513,34,3875,114.0
8514,33,3937,119.3
8515,28,3670,131.1
8516,28,3842,137.2
8517,33,3807,115.4
8518,30,3520,117.3
8519,26,3443,132.4
8520,31,3745,120.8
8521,31,3681,118.7
8522,33,3900,118.2
8523,30,3515,117.2
8524,30,3780,126.0
8525,29,3861,133.1
8526,30,3860,128.7
8527,34,3938,115.8
8528,31,3586,115.7
8529,32,3554,111.1
8530,34,3906,114.9
8531,28,3594,128.4
8532,32,3927,122.7
8533,30,3914,130.5
8534,32,4177,130.5
8535,37,3929,106.2
8536,36,4076,113.2
8537,35,4321,123.5
8538,39,4385,112.4
8539,35,4023,114.9
8540,36,3947,109.6
8541,31,3737,120.6
8542,31,3628,117.0
8543,29,3828,132.0
8544,29,3840,132.4
8545,32,4022,125.7
8546,31,4063,131.1
8547,31,4064,131.1
8548,31,3831,123.6
8549,29,3841,132.4
8550,31,3809,122.9
8551,35,4034,115.3
8552,32,3912,122.2
8553,33,3995,121.1
8554,33,3946,119.6
8555,34,3967,116.7
8556,33,3913,118.6
8557,33,3974,120.4
8558,34,3959,116.4
8559,35,4188,119.7
8560,35,4229,120.8
8561,36,4246,117.9
8562,39,4112,105.4
8563,36,4196,116.6
8564,35,4137,118.2
8565,37,4004,108.2
8566,27,3696,136.9
8567,31,4180,134.8
8568,31,3971,128.1
8569,32,3922,122.6
8570,33,3960,120.0
8571,32,4003,125.1
8572,31,3932,126.8
8573,37,4179,113.0
8574,29,4052,139.7
8575,35,4240,121.1
8576,32,4146,129.6
8577,30,3633,121.1
8578,35,4113,117.5
8579,32,4216,131.8
8580,31,4228,136.4
8581,30,4270,142.3
8582,35,4265,121.9
8583,35,4258,121.7
8584,35,4281,122.3
8585,29,4073,140.4
8586,30,4181,139.4
8587,27,3996,148.0
8588,31,3920,126.4
8589,30,3908,130.3
8590,33,4170,126.4
8591,30,4217,140.6
8592,34,4262,125.4
8593,34,4087,120.2
8594,32,3885,121.4
8595,31,3803,122.7
8596,30,3807,126.9
8597,32,3906,122.1
8598,32,4017,125.5
8599,33,4103,124.3
8600,34,3848,113.2
8601,34,4037,118.7
8602,37,4074,110.1
8603,32,3766,117.7
8604,36,3991,110.9
8605,35,4054,115.8
8606,30,4026,134.2
8607,29,3882,133.9
8608,31,3678,118.6
8609,37,3822,103.3
8610,33,3712,112.5
8611,31,3650,117.7
8612,33,3964,120.1
8613,35,4053,115.8
8614,35,4048,115.7
8615,35,4121,117.7
8616,40,4211,105.3
8617,39,4173,107.0
8618,31,4094,132.1
8619,31,3875,125.0
8620,28,3638,129.9
8621,35,4124,117.8
8622,32,3975,124.2
8623,33,4014,121.6
8624,36,3932,109.2
8625,33,3774,114.4
8626,34,3988,117.3
8627,38,4094,107.7
8628,33,4152,125.8
8629,30,3923,130.8
8630,32,3991,124.7
8631,34,3753,110.4
8632,37,3946,106.6
8633,36,4184,116.2
8634,33,3744,113.4
8635,33,4040,122.4
8636,30,3754,125.1
8637,32,3762,117.6
8638,25,3534,141.4
8639,27,3884,143.8
8640,31,3898,125.7
8641,31,4018,129.6
8642,29,3883,133.9
8643,35,4075,116.4
8644,34,4174,122.8
8645,37,4233,114.4
8646,35,3909,111.7
8647,37,4249,114.8
8648,35,4226,120.7
8649,40,4320,108.0
8650,35,4061,116.0
8651,33,4065,123.2
8652,36,4237,117.7
8653,35,4167,119.1
8654,35,3993,114.1
8655,37,4168,112.6
8656,35,4244,121.3
8657,30,3937,131.2
8658,33,3978,120.6
8659,31,4015,129.5
8660,34,4165,122.5
8661,36,4303,119.5
8662,30,4009,133.6
8663,31,4239,136.7
8664,32,4146,129.6
8665,32,3807,119.0
8666,30,3899,130.0
8667,33,3705,112.3
8668,34,3814,112.2
8669,29,3761,129.7
8670,30,3879,129.3
8671,36,4260,118.3
8672,28,3890,138.9
8673,38,4000,105.3
8674,36,4082,113.4
8675,31,4030,130.0
8676,30,4220,140.7
8677,31,4030,130.0
8678,31,3761,121.3
8679,31,3983,128.5
8680,35,4208,120.2
8681,34,4055,119.3
8682,39,4143,106.2
8683,36,3702,102.8
8684,34,4264,125.4
8685,37,4175,112.8
8686,35,3912,111.8
8687,37,4069,110.0
8688,37,4126,111.5
8689,38,4086,107.5
8690,37,3933,106.3
8691,40,4122,103.0
8692,39,4384,112.4
8693,40,4244,106.1
8694,40,4275,106.9
8695,34,4269,125.6
8696,37,4324,116.9
8697,39,4243,108.8
8698,41,4344,106.0
8699,39,4211,108.0
8700,38,4443,116.9
8701,37,4116,111.2
8702,34,4196,123.4
8703,36,4479,124.4
8704,38,4471,117.7
8705,35,4213,120.4
8706,36,4493,124.8
8707,38,4421,116.3
8708,36,4198,116.6
8709,35,4308,123.1
8710,35,4242,121.2
8711,41,4353,106.2
8712,39,4095,105.0
8713,37,4238,114.5
8714,39,4110,105.4
8715,41,4383,106.9
8716,42,4445,105.8
8717,36,4399,122.2
8718,38,4438,116.8
8719,33,4165,126.2
8720,36,4239,117.8
8721,34,4213,123.9
8722,38,4491,118.2
8723,35,4071,116.3
8724,37,4565,123.4
8725,37,4290,116.0
8726,34,4140,121.8
8727,38,4289,112.9
8728,40,4413,110.3
8729,39,4349,111.5
8730,32,4294,134.2
8731,33,4230,128.2
8732,33,4109,124.5
8733,33,4344,131.6
8734,34,4141,121.8
8735,31,4263,137.5
8736,31,4077,131.5
8737,37,4550,123.0
8738,35,4498,128.5
8739,33,4314,130.7
8740,36,4432,123.1
8741,32,4141,129.4
8742,34,4190,123.2
8743,36,4453,123.7
8744,28,4404,157.3
8745,35,4339,124.0
8746,39,4331,111.0
8747,32,4133,129.2
8748,33,4476,135.6
8749,34,4374,128.6
8750,36,4561,126.7
8751,42,4793,114.1
8752,37,4406,119.1
8753,36,4378,121.6
8754,39,4507,115.6
8755,35,4367,124.8
8756,36,4671,129.8
8757,35,4432,126.6
8758,36,4323,120.1
8759,36,4430,123.1
8760,32,4208,131.5
8761,33,4257,129.0
8762,38,4453,117.2
8763,37,4230,114.3
8764,35,4388,125.4
8765,37,4346,117.5
8766,32,3962,123.8
8767,31,4119,132.9
8768,34,4203,123.6
8769,38,4282,112.7
8770,39,4445,114.0
8771,36,4356,121.0
8772,39,4262,109.3
8773,38,4308,113.4
8774,41,4543,110.8
8775,35,4317,123.3
8776,41,4598,112.2
8777,37,4677,126.4
8778,37,4335,117.2
8779,35,4216,120.5
8780,34,4284,126.0
8781,34,4299,126.4
8782,35,4312,123.2
8783,34,4438,130.5
8784,39,4478,114.8
8785,36,4309,119.7
8786,33,4211,127.6
8787,37,4462,120.6
8788,39,4301,110.3
8789,35,4514,129.0
8790,36,4506,125.2
8791,37,4446,120.2
8792,36,4479,124.4
8793,32,4225,132.0
8794,35,4326,123.6
8795,35,4321,123.5
8796,33,4040,122.4
8797,32,3911,122.2
8798,38,4109,108.1
8799,34,4097,120.5
8800,37,4330,117.0
8801,38,4195,110.4
8802,39,4238,108.7
8803,38,4167,109.7
8804,38,4201,110.6
8805,35,4142,118.3
8806,31,4096,132.1
8807,34,4014,118.1
8808,37,4316,116.6
8809,36,4118,114.4
8810,35,4167,119.1
8811,33,4149,125.7
8812,36,3996,111.0
8813,39,4204,107.8
8814,34,4170,122.6
8815,39,4464,114.5
8816,38,4501,118.4
8817,35,4328,123.7
8818,36,4378,121.6
8819,34,4397,129.3
8820,34,4498,132.3
8821,34,4438,130.5
8822,36,4440,123.3
8823,33,4235,128.3
8824,34,4209,123.8
8825,35,4250,121.4
8826,32,4085,127.7
8827,34,4356,128.1
8828,30,4237,141.2
8829,33,4238,128.4
8830,33,4209,127.6
8831,34,4618,135.8
8832,34,4322,127.1
8833,32,4113,128.5
8834,36,4419,122.8
8835,34,4149,122.0
8836,38,4437,116.8
8837,34,4448,130.8
8838,33,4399,133.3
8839,34,4384,128.9
8840,40,4419,110.5
8841,35,4301,122.9
8842,38,4351,114.5
8843,31,4234,136.6
8844,39,4349,111.5
8845,44,4364,99.2
8846,38,4378,115.2
8847,38,4432,116.6
8848,42,4579,109.0
8849,41,4642,113.2
8850,34,4270,125.6
8851,41,4413,107.6
8852,40,4567,114.2
8853,45,4608,102.4
8854,39,4430,113.6
8855,39,4294,110.1
8856,40,4318,108.0
8857,41,4204,102.5
8858,42,4368,104.0
8859,40,4300,107.5
8860,36,4359,121.1
8861,37,4282,115.7
8862,34,3932,115.6
8863,36,4218,117.2
8864,40,4282,107.0
8865,40,4377,109.4
8866,42,4369,104.0
8867,41,4520,110.2
8868,37,4142,112.0
8869,39,4290,110.0
8870,38,4295,113.0
8871,43,4503,104.7
8872,40,4337,108.4
8873,39,4299,110.2
8874,40,4365,109.1
8875,41,4511,110.0
8876,42,4332,103.1
8877,41,4460,108.8
8878,37,4463,120.6
8879,38,4281,112.7
8880,38,4572,120.3
8881,41,4625,112.8
8882,40,4370,109.2
8883,37,4571,123.5
8884,43,4585,106.6
8885,34,4357,128.2
8886,43,4472,104.0
8887,37,4354,117.7
8888,41,4578,111.7
8889,39,4501,115.4
8890,35,4263,121.8
8891,38,4417,116.2
8892,38,4510,118.7
8893,38,4494,118.3
8894,38,4645,122.2
8895,44,4915,111.7
8896,39,4673,119.8
8897,38,4836,127.3
8898,36,4585,127.4
8899,42,4954,118.0
8900,43,5122,119.1
8901,39,5022,128.8
8902,42,5005,119.2
8903,41,4791,116.8
8904,39,4844,124.2
8905,38,4761,125.3
8906,37,4451,120.3
8907,40,4334,108.4
8908,40,4425,110.6
8909,39,4838,124.0
8910,40,4836,120.9
8911,38,4447,117.0
8912,38,4693,123.5
8913,34,4436,130.5
8914,39,4397,112.7
8915,40,4547,113.7
8916,41,4485,109.4
8917,39,4637,118.9
8918,35,4359,124.5
8919,40,4579,114.5
8920,41,4699,114.6
8921,40,4411,110.3
8922,38,4540,119.5
8923,35,4339,124.0
8924,42,4506,107.3
8925,34,4572,134.5
8926,32,4556,142.4
8927,34,4488,132.0
8928,37,4373,118.2
8929,37,4244,114.7
8930,34,4106,120.8
8931,37,4333,117.1
8932,37,4218,114.0
8933,36,4326,120.2
8934,36,4396,122.1
8935,34,4317,127.0
8936,35,4560,130.3
8937,35,4497,128.5
8938,43,4702,109.4
8939,40,4677,116.9
8940,41,4493,109.6
8941,38,4545,119.6
8942,40,4590,114.8
8943,39,4494,115.2
8944,39,4552,116.7
8945,35,4359,124.5
8946,35,4378,125.1
8947,36,4431,123.1
8948,36,4337,120.5
8949,34,4186,123.1
8950,36,4218,117.2
8951,33,4254,128.9
8952,36,4193,116.5
8953,36,4185,116.2
8954,40,4634,115.8
8955,37,4378,118.3
8956,42,4532,107.9
8957,39,4255,109.1
8958,36,4236,117.7
8959,38,4283,112.7
8960,37,4366,118.0
8961,39,4516,115.8
8962,40,4240,106.0
8963,35,4032,115.2
8964,38,4149,109.2
8965,39,4412,113.1
8966,40,4568,114.2
8967,38,4337,114.1
8968,33,4197,127.2
8969,37,4315,116.6
8970,32,4094,127.9
8971,33,3965,120.2
8972,33,3924,118.9
8973,35,3991,114.0
8974,35,4086,116.7
8975,32,4068,127.1
8976,36,4042,112.3
8977,36,4056,112.7
8978,39,4162,106.7
8979,40,4190,104.8
8980,33,4098,124.2
8981,35,4163,118.9
8982,37,4465,120.7
8983,36,4228,117.4
8984,42,4570,108.8
8985,40,4423,110.6
8986,35,4065,116.1
8987,34,4181,123.0
8988,34,4054,119.2
8989,35,4047,115.6
8990,34,4160,122.4
8991,33,4311,130.6
8992,34,4057,119.3
8993,37,4223,114.1
8994,36,4288,119.1
8995,35,4330,123.7
8996,33,4223,128.0
8997,34,3931,115.6
8998,31,3818,123.2
8999,34,4142,121.8
9000,35,4164,119.0
9001,38,4142,109.0
9002,38,4060,106.8
9003,34,4163,122.4
9004,35,4251,121.5
9005,38,4059,106.8
9006,39,4287,109.9
9007,38,4388,115.5
9008,35,4341,124.0
9009,36,4303,119.5
9010,37,4561,123.3
9011,34,4200,123.5
9012,35,4385,125.3
9013,38,4309,113.4
9014,41,4338,105.8
9015,40,4322,108.0
9016,42,4448,105.9
9017,37,4306,116.4
9018,41,4515,110.1
9019,34,4184,123.1
9020,38,4434,116.7
9021,36,4298,119.4
9022,39,4662,119.5
9023,36,4320,120.0
9024,30,4076,135.9
9025,38,4456,117.3
9026,33,4221,127.9
9027,35,4260,121.7
9028,33,4262,129.2
9029,35,4263,121.8
9030,35,4369,124.8
9031,33,3899,118.2
9032,34,4137,121.7
9033,39,4509,115.6
9034,38,4590,120.8
9035,38,4534,119.3
9036,39,4598,117.9
9037,36,4533,125.9
9038,40,4785,119.6
9039,39,4741,121.6
9040,37,4609,124.6
9041,33,4466,135.3
9042,33,4329,131.2
9043,35,4348,124.2
9044,40,4555,113.9
9045,37,4512,122.0
9046,37,4522,122.2
9047,33,4365,132.3
9048,35,4318,123.4
9049,31,4190,135.2
9050,32,4404,137.6
9051,32,4320,135.0
9052,34,4157,122.3
9053,32,4079,127.5
9054,31,3964,127.9
9055,28,3620,129.3
9056,30,3835,127.8
9057,33,3943,119.5
9058,31,3884,125.3
9059,37,4119,111.3
9060,34,3998,117.6
9061,38,4111,108.2
9062,27,3881,143.7
9063,32,4141,129.4
9064,32,4142,129.4
9065,34,4066,119.6
9066,32,3823,119.5
9067,32,3983,124.5
9068,31,4014,129.5
9069,29,3884,133.9
9070,29,3932,135.6
9071,36,4464,124.0
9072,38,4480,117.9
9073,33,4064,123.2
9074,36,4085,113.5
9075,33,4185,126.8
9076,33,4043,122.5
9077,31,4141,133.6
9078,30,4038,134.6
9079,38,4136,108.8
9080,33,4227,128.1
9081,31,4068,131.2
9082,33,4004,121.3
9083,38,4211,110.8
9084,31,3998,129.0
9085,33,4091,124.0
9086,36,3978,110.5
9087,32,3765,117.7
9088,39,4198,107.6
9089,35,3994,114.1
9090,31,3974,128.2
9091,37,4060,109.7
9092,31,3643,117.5
9093,33,4055,122.9
9094,34,4122,121.2
9095,33,3991,120.9
9096,35,4251,121.5
9097,33,4083,123.7
9098,33,3937,119.3
9099,33,3948,119.6
9100,37,4375,118.2
9101,37,4250,114.9
9102,33,3912,118.6
9103,36,4025,111.8
9104,35,3935,112.4
9105,36,4040,112.2
9106,33,3860,117.0
9107,36,3885,107.9
9108,33,3988,120.8
9109,38,4169,109.7
9110,35,4239,121.1
9111,37,4134,111.7
9112,39,4193,107.5
9113,37,4033,109.0
9114,36,4011,111.4
9115,37,4092,110.6
9116,33,3776,114.4
9117,35,3801,108.6
9118,38,4090,107.6
9119,34,3873,113.9
9120,31,3919,126.4
9121,35,4038,115.4
9122,36,3907,108.5
9123,37,3962,107.1
9124,37,3939,106.5
9125,36,4190,116.4
9126,39,4181,107.2
9127,37,4325,116.9
9128,39,4218,108.2
9129,38,4369,115.0
9130,40,4304,107.6
9131,37,4110,111.1
9132,38,4163,109.6
9133,38,4178,110.0
9134,38,4263,112.2
9135,37,4041,109.2
9136,37,4181,113.0
9137,35,4179,119.4
9138,39,4231,108.5
9139,42,4165,99.2
9140,35,4097,117.1
9141,39,4090,104.9
9142,37,4051,109.5
9143,35,3938,112.5
9144,35,3975,113.6
9145,39,3937,101.0
9146,36,3974,110.4
9147,34,4058,119.4
9148,35,4055,115.9
9149,37,3941,106.5
9150,36,3861,107.2
9151,29,3687,127.1
9152,31,3787,122.2
9153,34,4029,118.5
9154,36,3910,108.6
9155,37,3967,107.2
9156,35,4031,115.2
9157,33,4023,121.9
9158,37,3979,107.5
9159,35,3909,111.7
9160,35,3846,109.9
9161,36,3851,107.0
9162,34,3817,112.3
9163,35,3851,110.0
9164,34,3828,112.6
9165,39,4000,102.6
9166,37,3824,103.4
9167,34,3642,107.1
9168,32,3695,115.5
9169,31,3696,119.2
9170,33,3788,114.8
9171,30,3686,122.9
9172,35,3919,112.0
9173,34,3778,111.1
9174,37,3947,106.7
9175,33,3962,120.1
9176,32,3977,124.3
9177,31,3791,122.3
9178,35,3955,113.0
9179,45,4268,94.8
9180,33,3915,118.6
9181,35,3836,109.6
9182,37,3937,106.4
9183,37,4155,112.3
9184,35,3856,110.2
9185,37,3841,103.8
9186,35,4033,115.2
9187,31,3796,122.4
9188,36,4256,118.2
9189,36,4418,122.7
9190,38,4417,116.2
9191,40,4256,106.4
9192,38,3866,101.7
9193,36,4047,112.4
9194,36,3968,110.2
9195,32,3921,122.5
9196,30,4013,133.8
9197,27,3615,133.9
9198,33,3861,117.0
9199,31,3921,126.5
9200,33,3973,120.4
9201,32,3910,122.2
9202,37,4163,112.5
9203,38,3885,102.2
9204,36,4048,112.4
9205,33,3873,117.4
9206,37,4084,110.4
9207,34,4081,120.0
9208,39,4271,109.5
9209,35,3915,111.9
9210,39,4220,108.2
9211,35,3623,103.5
9212,32,3627,113.3
9213,33,3787,114.8
9214,37,3805,102.8
9215,37,4099,110.8
9216,33,4115,124.7
9217,36,3779,105.0
9218,35,3844,109.8
9219,39,4067,104.3
9220,34,3630,106.8
9221,34,3952,116.2
9222,35,3966,113.3
9223,35,3618,103.4
9224,36,4161,115.6
9225,34,3970,116.8
9226,29,3429,118.2
9227,34,3764,110.7
9228,38,3979,104.7
9229,35,3798,108.5
9230,33,3917,118.7
9231,33,3868,117.2
9232,29,3705,127.8
9233,28,3780,135.0
9234,32,4064,127.0
9235,35,4216,120.5
9236,33,4070,123.3
9237,31,4200,135.5
9238,32,3807,119.0
9239,28,3786,135.2
9240,32,3995,124.8
9241,37,4274,115.5
9242,36,4134,114.8
9243,37,3983,107.6
9244,40,4235,105.9
9245,34,4002,117.7
9246,33,3961,120.0
9247,38,4203,110.6
9248,37,4057,109.6
9249,34,3836,112.8
9250,35,3833,109.5
9251,34,3709,109.1
9252,37,3826,103.4
9253,40,3895,97.4
9254,39,4045,103.7
9255,32,3793,118.5
9256,39,4128,105.8
9257,39,4001,102.6
9258,39,3999,102.5
9259,40,3750,93.8
9260,36,3771,104.8
9261,39,4121,105.7
9262,38,3973,104.6
9263,36,3545,98.5
9264,43,3912,91.0
9265,41,3974,96.9
9266,36,3795,105.4
9267,34,3493,102.7
9268,36,3914,108.7
9269,39,3673,94.2
9270,43,3790,88.1
9271,42,3937,93.7
9272,42,3711,88.4
9273,38,3668,96.5
9274,35,3747,107.1
9275,40,4153,103.8
9276,38,3839,101.0
9277,33,3954,119.8
9278,40,3735,93.4
9279,35,3946,112.7
9280,40,3829,95.7
9281,37,3683,99.5
9282,39,3968,101.7
9283,39,3802,97.5
9284,39,3853,98.8
9285,42,4099,97.6
9286,40,4431,110.8
9287,35,4040,115.4
9288,37,4050,109.5
9289,36,3973,110.4
9290,34,4043,118.9
9291,34,3812,112.1
9292,35,4097,117.1
9293,37,3692,99.8
9294,38,4055,106.7
9295,38,3926,103.3
9296,36,4005,111.2
9297,36,3971,110.3
9298,36,4068,113.0
9299,37,4206,113.7
9300,33,3864,117.1
9301,31,3952,127.5
9302,35,4201,120.0
9303,41,4197,102.4
9304,38,4120,108.4
9305,39,4397,112.7
9306,38,4341,114.2
9307,39,4128,105.8
9308,42,4441,105.7
9309,41,4160,101.5
9310,39,4073,104.4
9311,38,4008,105.5
9312,36,3960,110.0
9313,39,3854,98.8
9314,41,4345,106.0
9315,41,4086,99.7
9316,39,4102,105.2
9317,39,3933,100.8
9318,38,3974,104.6
9319,41,4053,98.8
9320,40,3931,98.3
9321,35,3967,113.3
9322,38,4013,105.6
9323,34,3546,104.3
9324,38,3825,100.7
9325,36,3843,106.8
9326,32,3726,116.4
9327,36,4071,113.1
9328,34,3854,113.4
9329,35,3887,111.1
9330,40,4136,103.4
9331,41,4024,98.2
9332,38,4056,106.7
9333,41,3913,95.4
9334,41,4016,98.0
9335,33,3661,110.9
9336,33,3595,108.9
9337,39,3902,100.0
9338,44,4001,90.9
9339,39,3942,101.1
9340,42,3946,94.0
9341,41,4018,98.0
9342,39,4140,106.2
9343,40,4193,104.8
9344,37,4009,108.4
9345,39,3919,100.5
9346,38,3820,100.5
9347,39,3933,100.8
9348,39,3975,101.9
9349,40,3946,98.6
9350,41,3881,94.7
9351,38,3768,99.2
9352,36,3714,103.2
9353,39,3876,99.4
9354,40,4007,100.2
9355,40,3676,91.9
9356,35,3511,100.3
9357,35,3677,105.1
9358,35,3649,104.3
9359,38,3975,104.6
9360,36,4036,112.1
9361,37,3979,107.5
9362,45,4148,92.2
9363,38,4100,107.9
9364,37,3875,104.7
9365,40,4233,105.8
9366,39,4218,108.2
9367,34,3912,115.1
9368,36,3979,110.5
9369,40,4084,102.1
9370,39,3993,102.4
9371,42,4031,96.0
9372,43,4109,95.6
9373,41,4057,99.0
9374,40,4134,103.4
9375,44,4088,92.9
9376,45,4451,98.9
9377,45,4284,95.2
9378,43,4108,95.5
9379,43,3925,91.3
9380,42,3948,94.0
9381,42,4129,98.3
9382,44,4244,96.4
9383,44,4468,101.6
9384,40,4266,106.6
9385,44,4361,99.1
9386,39,4067,104.3
9387,46,4373,95.1
9388,45,4205,93.4
9389,40,3935,98.4
9390,40,3651,91.3
9391,43,3590,83.5
9392,46,4162,90.5
9393,44,3873,88.0
9394,42,3801,90.5
9395,45,4073,90.5
9396,38,4046,106.5
9397,40,3993,99.8
9398,41,4015,97.9
9399,41,4081,99.5
9400,44,4011,91.2
9401,43,4024,93.6
9402,42,4003,95.3
9403,45,4135,91.9
9404,45,3918,87.1
9405,41,3925,95.7
9406,38,3962,104.3
9407,39,3974,101.9
9408,37,3825,103.4
9409,38,3760,99.0
9410,37,3923,106.0
9411,40,4117,102.9
9412,36,3840,106.7
9413,37,3919,105.9
9414,42,3993,95.1
9415,37,3820,103.2
9416,40,4110,102.8
9417,37,3774,102.0
9418,35,3849,110.0
9419,42,4197,99.9
9420,38,3836,101.0
9421,39,3790,97.2
9422,35,3638,103.9
9423,42,4020,95.7
9424,40,3847,96.2
9425,41,4108,100.2
9426,40,4037,100.9
9427,37,3865,104.5
9428,40,3911,97.8
9429,35,3758,107.4
9430,35,3528,100.8
9431,40,3942,98.6
9432,34,3691,108.6
9433,34,3615,106.3
9434,38,3839,101.0
9435,37,3510,94.9
9436,39,3905,100.1
9437,36,3538,98.3
9438,34,3724,109.5
9439,37,3641,98.4
9440,37,3766,101.8
9441,39,3810,97.7
9442,40,3986,99.6
9443,37,3968,107.2
9444,41,3718,90.7
9445,41,4010,97.8
9446,39,4118,105.6
9447,36,3842,106.7
9448,43,4031,93.7
9449,41,3935,96.0
9450,39,3891,99.8
9451,38,3651,96.1
9452,44,4051,92.1
9453,39,4079,104.6
9454,37,3846,104.0
9455,43,4105,95.5
9456,38,4060,106.8
9457,43,4294,99.9
9458,44,4253,96.7
9459,46,4040,87.8
9460,42,3954,94.1
9461,40,3852,96.3
9462,39,3654,93.7
9463,42,3982,94.8
9464,36,3855,107.1
9465,38,3779,99.4
9466,38,3836,101.0
9467,41,3931,95.9
9468,40,3804,95.1
9469,37,3663,99.0
9470,38,3935,103.6
9471,34,3836,112.8
9472,33,3691,111.8
9473,40,3842,96.0
9474,35,3532,100.9
9475,38,3613,95.1
9476,41,4179,101.9
9477,40,3924,98.1
9478,40,3929,98.2
9479,42,4004,95.3
9480,39,4075,104.5
9481,42,4001,95.3
9482,38,3997,105.2
9483,42,4254,101.3
9484,32,3776,118.0
9485,37,3837,103.7
9486,36,3823,106.2
9487,34,3777,111.1
9488,37,4017,108.6
9489,40,4050,101.2
9490,40,3846,96.2
9491,39,3773,96.7
9492,39,3870,99.2
9493,37,3713,100.4
9494,33,3492,105.8
9495,32,3595,112.3
9496,40,4101,102.5
9497,41,4169,101.7
9498,38,3614,95.1
9499,36,3658,101.6
9500,39,3605,92.4
9501,41,3919,95.6
9502,40,3691,92.3
9503,43,3932,91.4
9504,42,3750,89.3
9505,40,3851,96.3
9506,39,3970,101.8
9507,39,3893,99.8
9508,40,3974,99.4
9509,40,3871,96.8
9510,41,3980,97.1
9511,39,3605,92.4
9512,43,4058,94.4
9513,40,3764,94.1
9514,42,3981,94.8
9515,41,4095,99.9
9516,38,3907,102.8
9517,42,3950,94.0
9518,40,3944,98.6
9519,41,3868,94.3
9520,42,3965,94.4
9521,39,3973,101.9
9522,41,4203,102.5
9523,40,4080,102.0
9524,41,3793,92.5
9525,39,3695,94.7
9526,43,4091,95.1
9527,45,4191,93.1
9528,40,4228,105.7
9529,38,4106,108.0
9530,38,4070,107.1
9531,41,4209,102.7
9532,40,3831,95.8
9533,41,4111,100.3
9534,39,3763,96.5
9535,42,4054,96.5
9536,37,3606,97.5
9537,44,3976,90.4
9538,39,3908,100.2
9539,38,3637,95.7
9540,42,3999,95.2
9541,39,3858,98.9
9542,38,3644,95.9
9543,34,3499,102.9
9544,37,3574,96.6
9545,34,3724,109.5
9546,34,3689,108.5
9547,40,4067,101.7
9548,40,3988,99.7
9549,36,3807,105.8
9550,39,3914,100.4
9551,36,3822,106.2
9552,35,3838,109.7
9553,40,3913,97.8
9554,39,3790,97.2
9555,31,3448,111.2
9556,35,3634,103.8
9557,35,3717,106.2
9558,36,3622,100.6
9559,31,3582,115.6
9560,37,3510,94.9
9561,37,3726,100.7
9562,35,3686,105.3
9563,34,3436,101.1
9564,37,3730,100.8
9565,36,3786,105.2
9566,38,3601,94.8
9567,37,3632,98.2
9568,43,4058,94.4
9569,41,3779,92.2
9570,39,3766,96.6
9571,38,3824,100.6
9572,37,3741,101.1
9573,37,3947,106.7
9574,36,3798,105.5
9575,36,3876,107.7
9576,43,3939,91.6
9577,39,3813,97.8
9578,36,3991,110.9
9579,34,3946,116.1
9580,30,3274,109.1
9581,35,3597,102.8
9582,30,3544,118.1
9583,33,3607,109.3
9584,33,3762,114.0
9585,34,3597,105.8
9586,33,3659,110.9
9587,36,3669,101.9
9588,33,3621,109.7
9589,28,3335,119.1
9590,37,3693,99.8
9591,39,3854,98.8
9592,31,3402,109.7
9593,35,3558,101.7
9594,37,3807,102.9
9595,35,3678,105.1
9596,36,3601,100.0
9597,37,3712,100.3
9598,33,3475,105.3
9599,28,3210,114.6
9600,32,3234,101.1
9601,34,3552,104.5
9602,37,3751,101.4
9603,36,3726,103.5
9604,35,3699,105.7
9605,36,3702,102.8
9606,39,3875,99.4
9607,37,3710,100.3
9608,34,3642,107.1
9609,35,3651,104.3
9610,35,3814,109.0
9611,36,3809,105.8
9612,32,3694,115.4
9613,34,3624,106.6
9614,36,3958,109.9
9615,38,4059,106.8
9616,36,4143,115.1
9617,38,4158,109.4
9618,36,4113,114.2
9619,38,4239,111.6
9620,37,4024,108.8
9621,41,4050,98.8
9622,38,3929,103.4
9623,39,4000,102.6
9624,42,4064,96.8
9625,38,4075,107.2
9626,37,3698,100.0
9627,37,3992,107.9
9628,36,4031,112.0
9629,36,3648,101.3
9630,41,4086,99.7
9631,40,3966,99.2
9632,37,3918,105.9
9633,37,4100,110.8
9634,35,3826,109.3
9635,32,3781,118.2
9636,34,3778,111.1
9637,39,3900,100.0
9638,35,4039,115.4
9639,35,4254,121.5
9640,34,3933,115.7
9641,34,3798,111.7
9642,38,4293,113.0
9643,39,3880,99.5
9644,38,3812,100.3
9645,37,3827,103.4
9646,33,3607,109.3
9647,39,3800,97.4
9648,37,3704,100.1
9649,36,3660,101.7
9650,39,3770,96.7
9651,41,3683,89.8
9652,35,3660,104.6
9653,37,3618,97.8
9654,42,4157,99.0
9655,39,3916,100.4
9656,36,3777,104.9
9657,36,3901,108.4
9658,40,3767,94.2
9659,39,3903,100.1
9660,41,3908,95.3
9661,38,3908,102.8
9662,40,3858,96.4
9663,37,3636,98.3
9664,39,4129,105.9
9665,36,3961,110.0
9666,38,3705,97.5
9667,37,3934,106.3
9668,37,3853,104.1
9669,39,3868,99.2
9670,37,4031,109.0
9671,36,3712,103.1
9672,35,3698,105.7
9673,38,3897,102.6
9674,39,3910,100.3
9675,39,3821,98.0
9676,38,3916,103.0
9677,41,3887,94.8
9678,40,3610,90.2
9679,39,3750,96.2
9680,36,3676,102.1
9681,32,3729,116.5
9682,38,3951,104.0
9683,35,3852,110.1
9684,35,3737,106.8
9685,33,3539,107.2
9686,38,3740,98.4
9687,33,3431,104.0
9688,32,3566,111.4
9689,33,3437,104.2
9690,28,3313,118.3
9691,35,3480,99.4
9692,36,3602,100.1
9693,32,3491,109.1
9694,34,3427,100.8
9695,34,3369,99.1
9696,34,3280,96.5
9697,35,3370,96.3
9698,38,3543,93.2
9699,38,3373,88.8
9700,34,3307,97.3
9701,31,3203,103.3
9702,39,3613,92.6
9703,37,3692,99.8
9704,37,3811,103.0
9705,34,3448,101.4
9706,40,3743,93.6
9707,34,3561,104.7
9708,35,3489,99.7
9709,37,3824,103.4
9710,38,3858,101.5
9711,37,3844,103.9
9712,36,3730,103.6
9713,38,3852,101.4
9714,31,3392,109.4
9715,36,3768,104.7
9716,33,3483,105.6
9717,35,3760,107.4
9718,35,3609,103.1
9719,34,3805,111.9
9720,33,3473,105.2
9721,30,3216,107.2
9722,35,3607,103.1
9723,28,3209,114.6
9724,31,3576,115.4
9725,33,3381,102.4
9726,35,3730,106.6
9727,30,3632,121.1
9728,37,3905,105.5
9729,38,3852,101.4
9730,36,3744,104.0
9731,31,3395,109.5
9732,27,3345,123.9
9733,31,3775,121.8
9734,33,3821,115.8
9735,32,3500,109.4
9736,34,3665,107.8
9737,31,3491,112.6
9738,38,3612,95.0
9739,34,3787,111.4
9740,36,3596,99.9
9741,35,3656,104.5
9742,39,3858,98.9
9743,39,3757,96.3
9744,38,3713,97.7
9745,35,3578,102.2
9746,36,3874,107.6
9747,34,3478,102.3
9748,34,3465,101.9
9749,36,3433,95.4
9750,38,3671,96.6
9751,37,3897,105.3
9752,41,3805,92.8
9753,34,3729,109.7
9754,34,3489,102.6
9755,38,3634,95.6
9756,36,3598,99.9
9757,33,3387,102.6
9758,36,3683,102.3
9759,37,3795,102.6
9760,38,3941,103.7
9761,38,3954,104.0
9762,35,3847,109.9
9763,37,4007,108.3
9764,35,3795,108.4
9765,34,3727,109.6
9766,36,3724,103.4
9767,38,3860,101.6
9768,37,3620,97.8
9769,37,3736,101.0
9770,35,3930,112.3
9771,32,3770,117.8
9772,32,3733,116.7
9773,32,3654,114.2
9774,37,3968,107.2
9775,32,3430,107.2
9776,35,3607,103.1
9777,35,3779,108.0
9778,35,3870,110.6
9779,35,3771,107.7
9780,42,4012,95.5
9781,40,3885,97.1
9782,36,3685,102.4
9783,37,3929,106.2
9784,42,4191,99.8
9785,36,3592,99.8
9786,37,3863,104.4
9787,35,3802,108.6
9788,35,3953,112.9
9789,38,4022,105.8
9790,37,3997,108.0
9791,42,4289,102.1
9792,40,4070,101.8
9793,39,4272,109.5
9794,38,4099,107.9
9795,41,4233,103.2
9796,40,4306,107.6
9797,42,4309,102.6
9798,38,4199,110.5
9799,42,4113,97.9
9800,35,3872,110.6
9801,41,3988,97.3
9802,40,3827,95.7
9803,44,4065,92.4
9804,42,3921,93.4
9805,38,3803,100.1
9806,38,3949,103.9
9807,37,3732,100.9
9808,40,4408,110.2
9809,38,3728,98.1
9810,38,3976,104.6
9811,39,4144,106.3
9812,41,3731,91.0
9813,38,3748,98.6
9814,42,3949,94.0
9815,40,3801,95.0
9816,39,3784,97.0
9817,39,3721,95.4
9818,33,3424,103.8
9819,37,3738,101.0
9820,38,3755,98.8
9821,36,3780,105.0
9822,41,3999,97.5
9823,43,4368,101.6
9824,39,4021,103.1
9825,36,3867,107.4
9826,34,3968,116.7
9827,38,4060,106.8
9828,38,3928,103.4
9829,36,3996,111.0
9830,29,3605,124.3
9831,33,3807,115.4
9832,31,3724,120.1
9833,39,3912,100.3
9834,41,4071,99.3
9835,39,4176,107.1
9836,39,4227,108.4
9837,46,4250,92.4
9838,40,3932,98.3
9839,38,3798,100.0
9840,39,3773,96.7
9841,40,3736,93.4
9842,38,3606,94.9
9843,40,3717,92.9
9844,36,3523,97.9
9845,35,3458,98.8
9846,38,3614,95.1
9847,36,3805,105.7
9848,39,3859,99.0
9849,36,3696,102.7
9850,42,3841,91.4
9851,40,3905,97.6
9852,38,3744,98.5
9853,35,3595,102.7
9854,40,4096,102.4
9855,36,3634,100.9
9856,34,3652,107.4
9857,35,3627,103.6
9858,38,3827,100.7
9859,37,3827,103.4
9860,35,3791,108.3
9861,36,3699,102.8
9862,44,3954,89.9
9863,38,3707,97.6
9864,38,3802,100.0
9865,32,3571,111.6
9866,42,3868,92.1
9867,36,3724,103.4
9868,31,3704,119.5
9869,37,3983,107.6
9870,40,4090,102.2
9871,37,3901,105.4
9872,36,3971,110.3
9873,34,3702,108.9
9874,36,3631,100.9
9875,37,3880,104.9
9876,39,3773,96.7
9877,40,3983,99.6
9878,39,3861,99.0
9879,37,3832,103.6
9880,35,3694,105.5
9881,29,3474,119.8
9882,35,4026,115.0
9883,36,3721,103.4
9884,37,3600,97.3
9885,35,3558,101.7
9886,34,3398,99.9
9887,37,3741,101.1
9888,39,3844,98.6
9889,40,3857,96.4
9890,38,3514,92.5
9891,34,3524,103.6
9892,36,3518,97.7
9893,32,3393,106.0
9894,38,3520,92.6
9895,39,3753,96.2
9896,34,3301,97.1
9897,33,3481,105.5
9898,33,3431,104.0
9899,32,3366,105.2
9900,34,3471,102.1
9901,32,3405,106.4
9902,31,3273,105.6
9903,29,3177,109.6
9904,36,3236,89.9
9905,32,3147,98.3
9906,33,3159,95.7
9907,35,3113,88.9
9908,37,3288,88.9
9909,36,3271,90.9
9910,35,3295,94.1
9911,38,3465,91.2
9912,34,3314,97.5
9913,34,3453,101.6
9914,39,3594,92.2
9915,30,3209,107.0
9916,36,3482,96.7
9917,31,3325,107.3
9918,29,2914,100.5
9919,33,3268,99.0
9920,37,3412,92.2
9921,35,3597,102.8
9922,35,3380,96.6
9923,40,3477,86.9
9924,36,3414,94.8
9925,36,3561,98.9
9926,38,3552,93.5
9927,39,3681,94.4
9928,37,3487,94.2
9929,40,3540,88.5
9930,33,3350,101.5
9931,40,3561,89.0
9932,39,3403,87.3
9933,34,3377,99.3
9934,35,3255,93.0
9935,34,3455,101.6
9936,38,3380,89.0
9937,33,3521,106.7
9938,32,3456,108.0
9939,30,3318,110.6
9940,33,3494,105.9
9941,36,3423,95.1
9942,33,3362,101.9
9943,33,3499,106.0
9944,34,3502,103.0
9945,33,3391,102.8
9946,31,3504,113.0
9947,37,3533,95.5
9948,38,3743,98.5
9949,33,3293,99.8
9950,34,3678,108.2
9951,34,3551,104.4
9952,42,4001,95.3
9953,38,3659,96.3
9954,38,3876,102.0
9955,40,3786,94.6
9956,42,3812,90.8
9957,32,3507,109.6
9958,39,3763,96.5
9959,37,3930,106.2
9960,36,3746,104.1
9961,40,3632,90.8
9962,36,3537,98.2
9963,36,3836,106.6
9964,37,3943,106.6
9965,40,3955,98.9
9966,31,3363,108.5
9967,32,3522,110.1
9968,36,3613,100.4
9969,33,3310,100.3
9970,35,3556,101.6
9971,32,3480,108.8
9972,31,3467,111.8
9973,35,3643,104.1
9974,34,3778,111.1
9975,33,3816,115.6
9976,34,3851,113.3
9977,37,4081,110.3
9978,34,3987,117.3
9979,42,4249,101.2
9980,42,4292,102.2
9981,34,3607,106.1
9982,37,3817,103.2
9983,38,3870,101.8
9984,39,4041,103.6
9985,38,3822,100.6
9986,37,3859,104.3
9987,37,3869,104.6
9988,34,4014,118.1
9989,38,3969,104.4
9990,35,3752,107.2
9991,39,3741,95.9
9992,38,3902,102.7
9993,38,3807,100.2
9994,36,3776,104.9
9995,39,3838,98.4
9996,34,3595,105.7
9997,35,3813,108.9
9998,42,3896,92.8
9999,35,3683,105.2
10000,36,3835,106.5
10001,33,3735,113.2
10002,36,3858,107.2
10003,36,3844,106.8
10004,33,3698,112.1
10005,28,3559,127.1
10006,33,3687,111.7
10007,32,3554,111.1
10008,34,3529,103.8
10009,31,3405,109.8
10010,35,3553,101.5
10011,35,3712,106.1
10012,31,3480,112.3
10013,37,3667,99.1
10014,38,3740,98.4
10015,34,3730,109.7
10016,34,3546,104.3
10017,35,3749,107.1
10018,34,3583,105.4
10019,33,3494,105.9
10020,34,3534,103.9
10021,37,3793,102.5
10022,32,3716,116.1
10023,36,3579,99.4
10024,31,3586,115.7
10025,31,3480,112.3
10026,30,3528,117.6
10027,30,3625,120.8
10028,36,3837,106.6
10029,32,3721,116.3
10030,31,3785,122.1
10031,35,3759,107.4
10032,35,3825,109.3
10033,32,3878,121.2
10034,29,3684,127.0
10035,37,3898,105.4
10036,32,3927,122.7
10037,34,3783,111.3
10038,36,3788,105.2
10039,31,3515,113.4
10040,30,3713,123.8
10041,36,3936,109.3
10042,33,3553,107.7
10043,32,3465,108.3
10044,31,3484,112.4
10045,32,3505,109.5
10046,36,3852,107.0
10047,32,3661,114.4
10048,32,3586,112.1
10049,34,3997,117.6
10050,36,3946,109.6
10051,31,3815,123.1
10052,32,3885,121.4
10053,33,3817,115.7
10054,34,3788,111.4
10055,31,3979,128.4
10056,35,3793,108.4
10057,35,4045,115.6
10058,34,3850,113.2
10059,37,4114,111.2
10060,39,4087,104.8
10061,41,3977,97.0
10062,39,3847,98.6
10063,32,3814,119.2
10064,37,4036,109.1
10065,37,3949,106.7
10066,34,3870,113.8
10067,33,3954,119.8
10068,34,3869,113.8
10069,35,3915,111.9
10070,35,3816,109.0
10071,30,3756,125.2
10072,33,3623,109.8
10073,34,3871,113.8
10074,34,3956,116.4
10075,34,3745,110.2
10076,38,3691,97.1
10077,35,3910,111.7
10078,34,3951,116.2
10079,40,4197,104.9
10080,36,3997,111.0
10081,37,3986,107.7
10082,35,3697,105.6
10083,38,3881,102.1
10084,41,4216,102.8
10085,36,3922,108.9
10086,35,4015,114.7
10087,39,4393,112.6
10088,37,3946,106.6
10089,38,4155,109.3
10090,38,4290,112.9
10091,36,4114,114.3
10092,40,4323,108.1
10093,40,4208,105.2
10094,36,3976,110.4
10095,39,4139,106.1
10096,33,3871,117.3
10097,37,3868,104.5
10098,36,3950,109.7
10099,40,4184,104.6
10100,39,4236,108.6
10101,36,4187,116.3
10102,40,4225,105.6
10103,40,4286,107.2
10104,43,4337,100.9
10105,38,4293,113.0
10106,40,4227,105.7
10107,36,4061,112.8
10108,34,4055,119.3
10109,33,4081,123.7
10110,36,3939,109.4
10111,32,3793,118.5
10112,34,4030,118.5
10113,35,3689,105.4
10114,34,4020,118.2
10115,37,4062,109.8
10116,34,3783,111.3
10117,37,4056,109.6
10118,41,4346,106.0
10119,37,4097,110.7
10120,38,4338,114.2
10121,35,4045,115.6
10122,32,3967,124.0
10123,37,4179,113.0
10124,35,4052,115.8
10125,37,3855,104.2
10126,31,3612,116.5
10127,32,4168,130.2
10128,34,3820,112.4
10129,36,3950,109.7
10130,29,3910,134.8
10131,36,4055,112.6
10132,36,4226,117.4
10133,36,4162,115.6
10134,32,3891,121.6
10135,32,3970,124.1
10136,32,3810,119.1
10137,36,3887,108.0
10138,42,3949,94.0
10139,39,4071,104.4
10140,38,4107,108.1
10141,39,4010,102.8
10142,34,3995,117.5
10143,40,4457,111.4
10144,41,4251,103.7
10145,40,4184,104.6
10146,37,4162,112.5
10147,35,4102,117.2
10148,34,3729,109.7
10149,37,3859,104.3
10150,35,3836,109.6
10151,42,4228,100.7
10152,37,3995,108.0
10153,40,4078,102.0
10154,44,4313,98.0
10155,46,4425,96.2
10156,42,4264,101.5
10157,42,4401,104.8
10158,42,4186,99.7
10159,39,3949,101.3
10160,40,4052,101.3
10161,38,4069,107.1
10162,39,3748,96.1
10163,41,3936,96.0
10164,42,4073,97.0
10165,38,3872,101.9
10166,42,4286,102.0
10167,41,3981,97.1
10168,42,4137,98.5
10169,42,4020,95.7
10170,40,4000,100.0
10171,46,4269,92.8
10172,34,3825,112.5
10173,38,3923,103.2
10174,35,3764,107.5
10175,35,3978,113.7
10176,35,3976,113.6
10177,35,3913,111.8
10178,38,4174,109.8
10179,33,3954,119.8
10180,36,3966,110.2
10181,38,4021,105.8
10182,34,3852,113.3
10183,39,3943,101.1
10184,37,4167,112.6
10185,36,3884,107.9
10186,34,4124,121.3
10187,37,3976,107.5
10188,36,4074,113.2
10189,39,4030,103.3
10190,35,3977,113.6
10191,38,4139,108.9
10192,35,3959,113.1
10193,37,3766,101.8
10194,36,4054,112.6
10195,41,4458,108.7
10196,36,4097,113.8
10197,36,4284,119.0
10198,37,3995,108.0
10199,38,4169,109.7
10200,36,4084,113.4
10201,38,4139,108.9
10202,41,4263,104.0
10203,37,3859,104.3
10204,34,3983,117.2
10205,41,4099,100.0
10206,36,4052,112.6
10207,39,3951,101.3
10208,35,3681,105.2
10209,36,4050,112.5
10210,39,4050,103.8
10211,30,3590,119.7
10212,36,4140,115.0
10213,36,4084,113.4
10214,39,4429,113.6
10215,34,3769,110.8
10216,36,3850,106.9
10217,37,3979,107.5
10218,39,3996,102.5
10219,41,4100,100.0
10220,36,3869,107.5
10221,36,3848,106.9
10222,31,3535,114.0
10223,34,3770,110.9
10224,32,3707,115.8
10225,34,3808,112.0
10226,29,3525,121.6
10227,31,3586,115.7
10228,33,3817,115.7
10229,33,3721,112.8
10230,34,3737,109.9
10231,31,3589,115.8
10232,36,3775,104.9
10233,37,3828,103.5
10234,37,3771,101.9
10235,34,3724,109.5
10236,34,3748,110.2
10237,32,3711,116.0
10238,33,3730,113.0
10239,36,3714,103.2
10240,36,3801,105.6
10241,33,3827,116.0
10242,34,4119,121.2
10243,32,3793,118.5
10244,34,3949,116.2
10245,34,3912,115.1
10246,34,4017,118.2
10247,37,3963,107.1
10248,32,3900,121.9
10249,34,3904,114.8
10250,35,4254,121.5
10251,34,4096,120.5
10252,32,3918,122.4
10253,34,3812,112.1
10254,33,3801,115.2
10255,34,3694,108.6
10256,37,3881,104.9
10257,36,3995,111.0
10258,31,3635,117.3
10259,34,3683,108.3
10260,38,4041,106.3
10261,36,3741,103.9
10262,32,3587,112.1
10263,34,3793,111.6
10264,33,3508,106.3
10265,36,3703,102.9
10266,37,3760,101.6
10267,35,3607,103.1
10268,34,3827,112.6
10269,36,3952,109.8
10270,36,3815,106.0
10271,35,3977,113.6
10272,36,3673,102.0
10273,32,3429,107.2
10274,35,3588,102.5
10275,33,3629,110.0
10276,34,3573,105.1
10277,29,3481,120.0
10278,32,3700,115.6
10279,33,3795,115.0
10280,36,3964,110.1
10281,36,3795,105.4
10282,38,4088,107.6
10283,39,4053,103.9
10284,33,3889,117.8
10285,37,3955,106.9
10286,38,4143,109.0
10287,36,3920,108.9
10288,35,3779,108.0
10289,33,3919,118.8
10290,35,3932,112.3
10291,33,3706,112.3
10292,38,4060,106.8
10293,35,4097,117.1
10294,36,3998,111.1
10295,38,4110,108.2
10296,38,4262,112.2
10297,35,4013,114.7
10298,36,4082,113.4
10299,35,3945,112.7
10300,30,3864,128.8
10301,36,3788,105.2
10302,38,3737,98.3
10303,38,3695,97.2
10304,36,3874,107.6
10305,40,4009,100.2
10306,31,3498,112.8
10307,38,3888,102.3
10308,36,3911,108.6
10309,38,3929,103.4
10310,40,4029,100.7
10311,41,3988,97.3
10312,40,4017,100.4
10313,40,4030,100.8
10314,39,3819,97.9
10315,41,4022,98.1
10316,41,3882,94.7
10317,44,3965,90.1
10318,43,4200,97.7
10319,47,4165,88.6
10320,46,4221,91.8
10321,44,4202,95.5
10322,39,3836,98.4
10323,43,3844,89.4
10324,42,4014,95.6
10325,44,3839,87.2
10326,44,4331,98.4
10327,40,3847,96.2
10328,39,4113,105.5
10329,40,4139,103.5
10330,40,3915,97.9
10331,42,4146,98.7
10332,38,3974,104.6
10333,41,4136,100.9
10334,41,3994,97.4
10335,39,3819,97.9
10336,37,3759,101.6
10337,38,3882,102.2
10338,36,3611,100.3
10339,40,3665,91.6
10340,41,3772,92.0
10341,39,3969,101.8
10342,39,3823,98.0
10343,36,3935,109.3
10344,34,3679,108.2
10345,38,3805,100.1
10346,35,3670,104.9
10347,35,3795,108.4
10348,38,3834,100.9
10349,40,3695,92.4
10350,37,3878,104.8
10351,40,4366,109.2
10352,38,4129,108.7
10353,35,4004,114.4
10354,41,4145,101.1
10355,40,4023,100.6
10356,45,3911,86.9
10357,39,3937,101.0
10358,39,4064,104.2
10359,41,3988,97.3
10360,39,4034,103.4
10361,38,3740,98.4
10362,38,3635,95.7
10363,34,3829,112.6
10364,41,4192,102.2
10365,40,4020,100.5
10366,35,3713,106.1
10367,44,4199,95.4
10368,43,4196,97.6
10369,41,4021,98.1
10370,36,4002,111.2
10371,37,3807,102.9
10372,43,4300,100.0
10373,42,4206,100.1
10374,38,3759,98.9
10375,42,4318,102.8
10376,42,4072,97.0
10377,41,3925,95.7
10378,36,3809,105.8
10379,43,4128,96.0
10380,39,3834,98.3
10381,37,3700,100.0
10382,41,3644,88.9
10383,39,4075,104.5
10384,38,3902,102.7
10385,37,4039,109.2
10386,38,3872,101.9
10387,39,3960,101.5
10388,37,3761,101.6
10389,34,3781,111.2
10390,37,3954,106.9
10391,33,3595,108.9
10392,36,3938,109.4
10393,39,4028,103.3
10394,35,3435,98.1
10395,34,3694,108.6
10396,36,3832,106.4
10397,35,3690,105.4
10398,37,3921,106.0
10399,37,3730,100.8
10400,34,3683,108.3
10401,37,3745,101.2
10402,37,3796,102.6
10403,38,4054,106.7
10404,38,3635,95.7
10405,38,3773,99.3
10406,39,3847,98.6
10407,38,3778,99.4
10408,30,3475,115.8
10409,35,3657,104.5
10410,36,3672,102.0
10411,38,3873,101.9
10412,32,3510,109.7
10413,30,3186,106.2
10414,37,3448,93.2
10415,34,3496,102.8
10416,35,3561,101.7
10417,37,3878,104.8
10418,41,4008,97.8
10419,38,3722,98.0
10420,37,3650,98.6
10421,33,3378,102.4
10422,30,3397,113.2
10423,40,3925,98.1
10424,35,3821,109.2
10425,38,4128,108.6
10426,36,3574,99.3
10427,37,3821,103.3
10428,34,3697,108.7
10429,36,3748,104.1
10430,38,3866,101.7
10431,36,3892,108.1
10432,30,3495,116.5
10433,37,3944,106.6
10434,34,3628,106.7
10435,36,3676,102.1
10436,37,3662,99.0
10437,34,3550,104.4
10438,32,3588,112.1
10439,34,3737,109.9
10440,32,3577,111.8
10441,32,3504,109.5
10442,34,3415,100.4
10443,31,3608,116.4
10444,35,3616,103.3
10445,34,3521,103.6
10446,35,3751,107.2
10447,37,3817,103.2
10448,38,3928,103.4
10449,32,3272,102.2
10450,35,3561,101.7
10451,38,3566,93.8
10452,33,3560,107.9
10453,34,3414,100.4
10454,37,3678,99.4
10455,35,3552,101.5
10456,34,3484,102.5
10457,35,3507,100.2
10458,32,3415,106.7
10459,35,3624,103.5
10460,33,3594,108.9
10461,33,3637,110.2
10462,33,3672,111.3
10463,35,3551,101.5
10464,38,3502,92.2
10465,37,3532,95.5
10466,37,3386,91.5
10467,37,3405,92.0
10468,35,3443,98.4
10469,45,4204,93.4
10470,38,3804,100.1
10471,36,3398,94.4
10472,39,3789,97.2
10473,38,3709,97.6
10474,33,3341,101.2
10475,37,3672,99.2
10476,33,3557,107.8
10477,40,3817,95.4
10478,37,3990,107.8
10479,35,3224,92.1
10480,35,3169,90.5
10481,38,3583,94.3
10482,38,3881,102.1
10483,41,3884,94.7
10484,39,3802,97.5
10485,32,3366,105.2
10486,40,3503,87.6
10487,36,3472,96.4
10488,37,3617,97.8
10489,32,3488,109.0
10490,32,3413,106.7
10491,37,3868,104.5
10492,35,3719,106.3
10493,35,3607,103.1
10494,32,3516,109.9
10495,34,3306,97.2
10496,33,3435,104.1
10497,34,3511,103.3
10498,35,3346,95.6
10499,33,3133,94.9
10500,34,3226,94.9
10501,35,3273,93.5
10502,36,3542,98.4
10503,33,3252,98.6
10504,34,3488,102.6
10505,36,3758,104.4
10506,32,3369,105.3
10507,33,3355,101.7
10508,37,3641,98.4
10509,32,3331,104.1
10510,39,3455,88.6
10511,34,3293,96.8
10512,38,3655,96.2
10513,31,3369,108.7
10514,37,3395,91.8
10515,33,3397,102.9
10516,42,3645,86.8
10517,34,3392,99.8
10518,38,3608,95.0
10519,35,3339,95.4
10520,37,3598,97.2
10521,34,3307,97.3
10522,39,3759,96.4
10523,37,3406,92.0
10524,33,3210,97.3
10525,40,3669,91.7
10526,33,3408,103.3
10527,32,3303,103.2
10528,35,3495,99.9
10529,36,3605,100.1
10530,34,3539,104.1
10531,33,3333,101.0
10532,36,3433,95.4
10533,33,3183,96.4
10534,30,3145,104.8
10535,34,3385,99.6
10536,34,3117,91.7
10537,33,3209,97.2
10538,32,3267,102.1
10539,39,3425,87.8
10540,36,3302,91.7
10541,36,3393,94.2
10542,36,3470,96.4
10543,35,3235,92.4
10544,35,3428,97.9
10545,37,3570,96.5
10546,37,3633,98.2
10547,40,3533,88.3
10548,41,3640,88.8
10549,36,3284,91.2
10550,34,3294,96.9
10551,32,3140,98.1
10552,37,3335,90.1
10553,35,3387,96.8
10554,36,3455,96.0
10555,39,3745,96.0
10556,39,3790,97.2
10557,34,3219,94.7
10558,36,3408,94.7
10559,35,3510,100.3
10560,34,3364,98.9
10561,37,3585,96.9
10562,38,3629,95.5
10563,37,3534,95.5
10564,35,3809,108.8
10565,39,3741,95.9
10566,37,3644,98.5
10567,35,3312,94.6
10568,32,3444,107.6
10569,34,3353,98.6
10570,38,3565,93.8
10571,38,3744,98.5
10572,38,3627,95.4
10573,42,3904,93.0
10574,35,3376,96.5
10575,32,3323,103.8
10576,39,3747,96.1
10577,40,3695,92.4
10578,39,3724,95.5
10579,37,3827,103.4
10580,38,3651,96.1
10581,33,3591,108.8
10582,36,3620,100.6
10583,40,3984,99.6
10584,35,3604,103.0
10585,35,3657,104.5
10586,42,4048,96.4
10587,39,4115,105.5
10588,36,3679,102.2
10589,35,3733,106.7
10590,40,3799,95.0
10591,38,3791,99.8
10592,38,3738,98.4
10593,37,3720,100.5
10594,33,3455,104.7
10595,32,3377,105.5
10596,38,3528,92.8
10597,36,3599,100.0
10598,36,3661,101.7
10599,37,3780,102.2
10600,32,3478,108.7
10601,39,3891,99.8
10602,36,3638,101.1
10603,37,3521,95.2
10604,37,3627,98.0
10605,33,3445,104.4
10606,37,3670,99.2
10607,32,3391,106.0
10608,38,3676,96.7
10609,37,3570,96.5
10610,38,3895,102.5
10611,38,3789,99.7
10612,39,3710,95.1
10613,34,3456,101.6
10614,37,3562,96.3
10615,36,3624,100.7
10616,39,3863,99.0
10617,38,3925,103.3
10618,41,3768,91.9
10619,36,3848,106.9
10620,35,3641,104.0
10621,35,3610,103.1
10622,33,3627,109.9
10623,32,3384,105.8
10624,32,3277,102.4
10625,33,3401,103.1
10626,37,3537,95.6
10627,35,3642,104.1
10628,34,3374,99.2
10629,33,3324,100.7
10630,37,3546,95.8
10631,34,3614,106.3
10632,37,3746,101.2
10633,34,3622,106.5
10634,36,3759,104.4
10635,38,3840,101.0
10636,38,3894,102.5
10637,39,4179,107.2
10638,36,4101,113.9
10639,40,4262,106.6
10640,38,3961,104.2
10641,42,3990,95.0
10642,42,4261,101.4
10643,40,4071,101.8
10644,42,4165,99.2
10645,35,3871,110.6
10646,39,3851,98.7
10647,39,4013,102.9
10648,38,3975,104.6
10649,40,3804,95.1
10650,38,3881,102.1
10651,37,4081,110.3
10652,42,4031,96.0
10653,43,3962,92.1
10654,41,4046,98.7
10655,31,3651,117.8
10656,38,4018,105.7
10657,36,3662,101.7
10658,33,3576,108.4
10659,36,3622,100.6
10660,37,3569,96.5
10661,39,3928,100.7
10662,40,3905,97.6
10663,42,3882,92.4
10664,38,3623,95.3
10665,39,3600,92.3
10666,36,3669,101.9
10667,35,3586,102.5
10668,33,3404,103.2
10669,35,3471,99.2
10670,40,3668,91.7
10671,33,3590,108.8
10672,37,3697,99.9
10673,40,3805,95.1
10674,38,4030,106.0
10675,38,3825,100.7
10676,42,4065,96.8
10677,38,3978,104.7
10678,38,3876,102.0
10679,37,3823,103.3
10680,36,3670,101.9
10681,33,3732,113.1
10682,35,3861,110.3
10683,37,3855,104.2
10684,41,3910,95.4
10685,35,3664,104.7
10686,37,3913,105.8
10687,41,4196,102.3
10688,40,4021,100.5
10689,37,3647,98.6
10690,38,3815,100.4
10691,32,3801,118.8
10692,40,4147,103.7
10693,38,4274,112.5
10694,39,4083,104.7
10695,43,4081,94.9
10696,36,3753,104.2
10697,37,3822,103.3
10698,36,3644,101.2
10699,44,4174,94.9
10700,41,4027,98.2
10701,36,3840,106.7
10702,40,3789,94.7
10703,42,3998,95.2
10704,42,4047,96.4
10705,39,3742,96.0
10706,36,3602,100.1
10707,38,3689,97.1
10708,35,3582,102.3
10709,34,3532,103.9
10710,37,3704,100.1
10711,32,3474,108.6
10712,31,3316,107.0
10713,33,3718,112.7
10714,35,3631,103.7
10715,37,3850,104.0
10716,40,3755,93.9
10717,37,3740,101.1
10718,37,3707,100.2
10719,33,3552,107.6
10720,35,3698,105.7
10721,36,3684,102.3
10722,34,3702,108.9
10723,31,3460,111.6
10724,38,3881,102.1
10725,38,3846,101.2
10726,38,3686,97.0
10727,38,3846,101.2
10728,33,3604,109.2
10729,34,3625,106.6
10730,33,3433,104.0
10731,36,3593,99.8
10732,34,3469,102.0
10733,37,3423,92.5
10734,36,3523,97.9
10735,31,3367,108.6
10736,35,3519,100.5
10737,34,3466,101.9
10738,34,3428,100.8
10739,36,3463,96.2
10740,34,3451,101.5
10741,32,3641,113.8
10742,41,3876,94.5
10743,36,3413,94.8
10744,33,3432,104.0
10745,37,3622,97.9
10746,34,3535,104.0
10747,39,3779,96.9
10748,33,3243,98.3
10749,37,3735,101.0
10750,35,3779,108.0
10751,31,3619,116.7
10752,36,3877,107.7
10753,35,3865,110.4
10754,40,3986,99.6
10755,35,3805,108.7
10756,34,3715,109.3
10757,34,3575,105.2
10758,34,3807,112.0
10759,34,3954,116.3
10760,33,3708,112.4
10761,30,3668,122.3
10762,33,3813,115.6
10763,31,3753,121.1
10764,30,3493,116.4
10765,31,3590,115.8
10766,38,4024,105.9
10767,36,3889,108.0
10768,32,3648,114.0
10769,29,3610,124.5
10770,32,3763,117.6
10771,27,3461,128.2
10772,29,3651,125.9
10773,33,3926,119.0
10774,33,3794,115.0
10775,28,3319,118.5
10776,33,3642,110.4
10777,31,3763,121.4
10778,34,3715,109.3
10779,36,3885,107.9
10780,34,3836,112.8
10781,35,3838,109.7
10782,36,4127,114.6
10783,35,4088,116.8
10784,34,3972,116.8
10785,34,3735,109.8
10786,36,3807,105.8
10787,40,3908,97.7
10788,36,3857,107.1
10789,37,3810,103.0
10790,41,4172,101.8
10791,37,3962,107.1
10792,39,4136,106.0
10793,37,3743,101.2
10794,37,3681,99.5
10795,31,3573,115.3
10796,35,3880,110.9
10797,40,4121,103.0
10798,32,3958,123.7
10799,41,4177,101.9
10800,37,4032,109.0
10801,33,3899,118.2
10802,35,3941,112.6
10803,36,3931,109.2
10804,40,4265,106.6
10805,43,4233,98.4
10806,43,4024,93.6
10807,39,4211,108.0
10808,43,4343,101.0
10809,42,3986,94.9
10810,37,4105,111.0
10811,36,3987,110.8
10812,38,4124,108.5
10813,39,4296,110.2
10814,36,4212,117.0
10815,36,4081,113.4
10816,37,3959,107.0
10817,33,3772,114.3
10818,35,4112,117.5
10819,36,4017,111.6
10820,37,3974,107.4
10821,41,4271,104.2
10822,39,4177,107.1
10823,37,4077,110.2
10824,41,4257,103.8
10825,40,4302,107.6
10826,45,4678,104.0
10827,42,4758,113.3
10828,42,4387,104.4
10829,36,4218,117.2
10830,40,4436,110.9
10831,40,4206,105.2
10832,35,4133,118.1
10833,34,4257,125.2
10834,38,4457,117.3
10835,40,4045,101.1
10836,36,4018,111.6
10837,39,4166,106.8
10838,34,4196,123.4
10839,34,4019,118.2
10840,34,4251,125.0
10841,31,3959,127.7
10842,35,3975,113.6
10843,36,4018,111.6
10844,39,4339,111.3
10845,37,4539,122.7
10846,36,4266,118.5
10847,34,4034,118.6
10848,33,3854,116.8
10849,39,3919,100.5
10850,37,4255,115.0
10851,40,4199,105.0
10852,38,3867,101.8
10853,40,4264,106.6
10854,33,3650,110.6
10855,38,3831,100.8
10856,41,4017,98.0
10857,41,4070,99.3
10858,37,4117,111.3
10859,35,3935,112.4
10860,33,3829,116.0
10861,38,4117,108.3
10862,40,4173,104.3
10863,39,4279,109.7
10864,39,4104,105.2
10865,36,4110,114.2
10866,44,4422,100.5
10867,44,4482,101.9
10868,40,4199,105.0
10869,37,3819,103.2
10870,37,3789,102.4
10871,35,3996,114.2
10872,35,3807,108.8
10873,36,3796,105.4
10874,35,3836,109.6
10875,34,3782,111.2
10876,30,3538,117.9
10877,36,3646,101.3
10878,32,3639,113.7
10879,42,3946,94.0
10880,38,3849,101.3
10881,33,3531,107.0
10882,35,3602,102.9
10883,36,3864,107.3
10884,35,3774,107.8
10885,36,3732,103.7
10886,38,3705,97.5
10887,38,3713,97.7
10888,37,3637,98.3
10889,35,3766,107.6
10890,39,3648,93.5
10891,41,3864,94.2
10892,37,3687,99.6
10893,35,3641,104.0
10894,42,3906,93.0
10895,38,3745,98.6
10896,38,3573,94.0
10897,35,3773,107.8
10898,37,3784,102.3
10899,34,3459,101.7
10900,33,3266,99.0
10901,38,3822,100.6
10902,35,3563,101.8
10903,33,3375,102.3
10904,35,3647,104.2
10905,40,3851,96.3
10906,37,3644,98.5
10907,35,3516,100.5
10908,37,3710,100.3
10909,37,3753,101.4
10910,39,3885,99.6
10911,39,3753,96.2
10912,41,3890,94.9
10913,39,3780,96.9
10914,43,3970,92.3
10915,41,3760,91.7
10916,38,3709,97.6
10917,40,3749,93.7
10918,37,3839,103.8
10919,41,3892,94.9
10920,39,3741,95.9
10921,39,3887,99.7
10922,39,3792,97.2
10923,40,3981,99.5
10924,45,3985,88.6
10925,32,3721,116.3
10926,39,3727,95.6
10927,36,3565,99.0
10928,42,3788,90.2
10929,37,3872,104.6
10930,36,3692,102.6
10931,42,3956,94.2
10932,41,3845,93.8
10933,39,3763,96.5
10934,39,3753,96.2
10935,33,3589,108.8
10936,36,3914,108.7
10937,40,3936,98.4
10938,41,4221,103.0
10939,37,3581,96.8
10940,37,3711,100.3
10941,43,4187,97.4
10942,35,3779,108.0
10943,34,3939,115.8
10944,35,3753,107.2
10945,36,3900,108.3
10946,32,3800,118.8
10947,34,3868,113.8
10948,33,3929,119.1
10949,38,4014,105.6
10950,37,3944,106.6
10951,41,3971,96.8
10952,34,3779,111.2
10953,33,3612,109.4
10954,34,3547,104.3
10955,35,3393,96.9
10956,39,3614,92.7
10957,37,3556,96.1
10958,35,3502,100.1
10959,33,3370,102.1
10960,32,3533,110.4
10961,31,3425,110.5
10962,36,3844,106.8
10963,35,3753,107.2
10964,37,3809,103.0
10965,36,3673,102.0
10966,33,3656,110.8
10967,39,3965,101.7
10968,36,3654,101.5
10969,36,3781,105.0
10970,34,3838,112.9
10971,33,3949,119.7
10972,35,3771,107.7
10973,36,3891,108.1
10974,34,3812,112.1
10975,39,3766,96.6
10976,36,3749,104.1
10977,36,3742,103.9
10978,37,4027,108.8
10979,34,3855,113.4
10980,37,3866,104.5
10981,36,3892,108.1
10982,36,4057,112.7
10983,35,3797,108.5
10984,34,3840,112.9
10985,36,3808,105.8
10986,38,3779,99.4
10987,35,3864,110.4
10988,38,3858,101.5
10989,36,3739,103.9
10990,38,3858,101.5
10991,40,3941,98.5
10992,36,3731,103.6
10993,37,3860,104.3
10994,33,3587,108.7
10995,35,3769,107.7
10996,40,4064,101.6
10997,41,3944,96.2
10998,40,3969,99.2
10999,42,4214,100.3
11000,37,4052,109.5
11001,38,3966,104.4
11002,43,4252,98.9
11003,37,4323,116.8
11004,38,4161,109.5
11005,39,4091,104.9
11006,35,4131,118.0
11007,38,4279,112.6
11008,38,4224,111.2
11009,42,4146,98.7
11010,38,4174,109.8
11011,34,3658,107.6
11012,40,4416,110.4
11013,32,3926,122.7
11014,36,3734,103.7
11015,37,3982,107.6
11016,32,3900,121.9
11017,34,3835,112.8
11018,37,4015,108.5
11019,38,4146,109.1
11020,34,3922,115.4
11021,37,3948,106.7
11022,38,4331,114.0
11023,40,3978,99.4
11024,39,3843,98.5
11025,38,3981,104.8
11026,38,4065,107.0
11027,38,3930,103.4
11028,35,3644,104.1
11029,38,4014,105.6
11030,36,3748,104.1
11031,34,3774,111.0
11032,34,3765,110.7
11033,31,3612,116.5
11034,38,3782,99.5
11035,38,4090,107.6
11036,40,4088,102.2
11037,43,4249,98.8
11038,38,4168,109.7
11039,34,3868,113.8
11040,38,3971,104.5
11041,35,3938,112.5
11042,37,3983,107.6
11043,30,3600,120.0
11044,37,3949,106.7
11045,34,3647,107.3
11046,35,3589,102.5
11047,38,3925,103.3
11048,37,3761,101.6
11049,37,3778,102.1
11050,40,3921,98.0
11051,37,3861,104.4
11052,41,4101,100.0
11053,37,4176,112.9
11054,38,3735,98.3
11055,37,3896,105.3
11056,35,3895,111.3
11057,37,4055,109.6
11058,35,3751,107.2
11059,29,3668,126.5
11060,35,3894,111.3
11061,38,4027,106.0
11062,35,3839,109.7
11063,33,3768,114.2
11064,38,3987,104.9
11065,30,3601,120.0
11066,27,3233,119.7
11067,33,3722,112.8
11068,36,4044,112.3
11069,39,4133,106.0
11070,35,3908,111.7
11071,37,3957,107.0
11072,37,4084,110.4
11073,35,3800,108.6
11074,37,3870,104.6
11075,39,4057,104.0
11076,33,3712,112.5
11077,38,4018,105.7
11078,36,3919,108.9
11079,34,3888,114.4
11080,37,4055,109.6
11081,33,3893,118.0
11082,35,3735,106.7
11083,35,3877,110.8
11084,37,3800,102.7
11085,35,3838,109.7
11086,33,3567,108.1
11087,38,3733,98.2
11088,39,4066,104.3
11089,35,3860,110.3
11090,36,3845,106.8
11091,40,4077,101.9
11092,37,3820,103.2
11093,39,4101,105.2
11094,35,3845,109.9
11095,37,3629,98.1
11096,34,3727,109.6
11097,35,3696,105.6
11098,36,3772,104.8
11099,32,3662,114.4
11100,33,3809,115.4
11101,30,3701,123.4
11102,35,3832,109.5
11103,33,3743,113.4
11104,31,3635,117.3
11105,32,3666,114.6
11106,33,3735,113.2
11107,33,3924,118.9
11108,37,4066,109.9
11109,43,4150,96.5
11110,36,3915,108.8
11111,32,3736,116.8
11112,32,3727,116.5
11113,33,3901,118.2
11114,33,3807,115.4
11115,33,3864,117.1
11116,35,3900,111.4
11117,38,4104,108.0
11118,38,4236,111.5
11119,38,4018,105.7
11120,41,4067,99.2
11121,36,3870,107.5
11122,37,3926,106.1
11123,37,4017,108.6
11124,41,4013,97.9
11125,38,4127,108.6
11126,37,3760,101.6
11127,39,3890,99.7
11128,40,3805,95.1
11129,37,3872,104.6
11130,40,3988,99.7
11131,38,3935,103.6
11132,34,3708,109.1
11133,41,3940,96.1
11134,39,4035,103.5
11135,35,3685,105.3
11136,34,3458,101.7
11137,32,3462,108.2
11138,37,3618,97.8
11139,39,3751,96.2
11140,40,3818,95.4
11141,40,3941,98.5
11142,37,4051,109.5
11143,42,4112,97.9
11144,43,4085,95.0
11145,40,4162,104.0
11146,36,3826,106.3
11147,40,3890,97.2
11148,35,4007,114.5
11149,43,4055,94.3
11150,35,4023,114.9
11151,35,3656,104.5
11152,38,3913,103.0
11153,37,3839,103.8
11154,33,3626,109.9
11155,32,3400,106.2
11156,33,3527,106.9
11157,31,3324,107.2
11158,29,3331,114.9
11159,31,3397,109.6
11160,37,3722,100.6
11161,33,3542,107.3
11162,34,3485,102.5
11163,31,3524,113.7
11164,37,3705,100.1
11165,30,3343,111.4
11166,34,3649,107.3
11167,35,3830,109.4
11168,42,4056,96.6
11169,36,3839,106.6
11170,34,3640,107.1
11171,39,3831,98.2
11172,38,3792,99.8
11173,38,3922,103.2
11174,43,3901,90.7
11175,37,3758,101.6
11176,36,3782,105.1
11177,37,3458,93.5
11178,37,3724,100.6
11179,36,3677,102.1
11180,34,3702,108.9
11181,37,3623,97.9
11182,35,3496,99.9
11183,35,3831,109.5
11184,36,3620,100.6
11185,36,3729,103.6
11186,35,3925,112.1
11187,35,4057,115.9
11188,36,3821,106.1
11189,35,3745,107.0
11190,38,4021,105.8
11191,38,3962,104.3
11192,41,4153,101.3
11193,41,4118,100.4
11194,43,4021,93.5
11195,40,3968,99.2
11196,44,4035,91.7
11197,37,3731,100.8
11198,38,3637,95.7
11199,35,3684,105.3
11200,33,3646,110.5
11201,36,3558,98.8
11202,44,3872,88.0
11203,35,3646,104.2
11204,34,3675,108.1
11205,35,3818,109.1
11206,36,3771,104.8
11207,38,3928,103.4
11208,39,4025,103.2
11209,35,3637,103.9
11210,33,3554,107.7
11211,41,3848,93.8
11212,37,3631,98.1
11213,43,3940,91.6
11214,39,3528,90.5
11215,42,3798,90.4
11216,43,3973,92.4
11217,36,4097,113.8
11218,36,3606,100.2
11219,35,3883,110.9
11220,36,3623,100.6
11221,34,3444,101.3
11222,40,4013,100.3
11223,31,3634,117.2
11224,34,3539,104.1
11225,32,3551,111.0
11226,35,3795,108.4
11227,34,3479,102.3
11228,39,3777,96.8
11229,42,3771,89.8
11230,40,3765,94.1
11231,40,3926,98.2
11232,46,4155,90.3
11233,34,3688,108.5
11234,42,3809,90.7
11235,35,3670,104.9
11236,41,3713,90.6
11237,40,3779,94.5
11238,31,3238,104.4
11239,39,3707,95.0
11240,34,3351,98.6
11241,38,3588,94.4
11242,35,3469,99.1
11243,37,3771,101.9
11244,36,3598,99.9
11245,37,3540,95.7
11246,37,3511,94.9
11247,31,3711,119.7
11248,29,3306,114.0
11249,29,3247,112.0
11250,30,3535,117.8
11251,34,3563,104.8
11252,32,3490,109.1
11253,35,3680,105.1
11254,35,3818,109.1
11255,34,3541,104.2
11256,32,3553,111.0
11257,32,3530,110.3
11258,37,3638,98.3
11259,40,3865,96.6
11260,37,4084,110.4
11261,38,3992,105.0
11262,39,3988,102.3
11263,34,3816,112.2
11264,34,3690,108.5
11265,36,3891,108.1
11266,37,3952,106.8
11267,30,3710,123.7
11268,30,3507,116.9
11269,33,3854,116.8
11270,33,3888,117.8
11271,37,4008,108.3
11272,31,3590,115.8
11273,33,3814,115.6
11274,30,3624,120.8
11275,35,4132,118.1
11276,33,4070,123.3
11277,34,3919,115.3
11278,40,4041,101.0
11279,34,3915,115.2
11280,36,3827,106.3
11281,35,4231,120.9
11282,36,4409,122.5
11283,37,4184,113.1
11284,38,4134,108.8
11285,37,4006,108.3
11286,34,4025,118.4
11287,35,3796,108.5
11288,37,4122,111.4
11289,40,4096,102.4
11290,37,3873,104.7
11291,37,3855,104.2
11292,39,4158,106.6
11293,41,4017,98.0
11294,37,3929,106.2
11295,38,3952,104.0
11296,43,4141,96.3
11297,45,4050,90.0
11298,39,3696,94.8
11299,41,3823,93.2
11300,37,3725,100.7
11301,35,3348,95.7
11302,39,3913,100.3
11303,40,3882,97.0
11304,41,3951,96.4
11305,38,3842,101.1
11306,40,3652,91.3
11307,39,3766,96.6
11308,39,3824,98.0
11309,39,4009,102.8
11310,40,3886,97.2
11311,37,3884,105.0
11312,38,3739,98.4
11313,42,4060,96.7
11314,36,3534,98.2
11315,41,3933,95.9
11316,37,3651,98.7
11317,34,3684,108.4
11318,32,3555,111.1
11319,37,3827,103.4
11320,32,3407,106.5
11321,40,3603,90.1
11322,35,3672,104.9
11323,35,3761,107.5
11324,41,3871,94.4
11325,40,3991,99.8
11326,35,3559,101.7
11327,37,3739,101.0
11328,38,3839,101.0
11329,36,3853,107.0
11330,42,4005,95.4
11331,41,3755,91.6
11332,39,3586,92.0
11333,38,3649,96.0
11334,39,3550,91.0
11335,41,3940,96.1
11336,42,4061,96.7
11337,44,4256,96.7
11338,41,4117,100.4
11339,40,3923,98.1
11340,34,3463,101.8
11341,36,3689,102.5
11342,40,3783,94.6
11343,44,3981,90.5
11344,41,3602,87.8
11345,41,3552,86.6
11346,42,3982,94.8
11347,40,3808,95.2
11348,42,3759,89.5
11349,42,3974,94.6
11350,37,3862,104.4
11351,36,3503,97.3
11352,35,3727,106.5
11353,38,3683,96.9
11354,34,3539,104.1
11355,35,3491,99.7
11356,40,3857,96.4
11357,37,3504,94.7
11358,34,3377,99.3
11359,34,3556,104.6
11360,33,3662,111.0
11361,37,3747,101.3
11362,35,3610,103.1
11363,36,3668,101.9
11364,37,3901,105.4
11365,34,3499,102.9
11366,33,3570,108.2
11367,32,3502,109.4
11368,34,3552,104.5
11369,36,3290,91.4
11370,38,3683,96.9
11371,36,3581,99.5
11372,35,3746,107.0
11373,35,3440,98.3
11374,36,3673,102.0
11375,35,3819,109.1
11376,37,3909,105.6
11377,38,3895,102.5
11378,36,3825,106.2
11379,37,4168,112.6
11380,38,4044,106.4
11381,36,3939,109.4
11382,38,3912,103.0
11383,37,3957,107.0
11384,34,3572,105.1
11385,38,3831,100.8
11386,39,3870,99.2
11387,39,3590,92.0
11388,35,3394,97.0
11389,35,3552,101.5
11390,36,3757,104.4
11391,33,3580,108.5
11392,36,3787,105.2
11393,39,3780,96.9
11394,35,3540,101.1
11395,43,4009,93.2
11396,40,3699,92.5
11397,39,3891,99.8
11398,38,3773,99.3
11399,37,3811,103.0
11400,40,3781,94.5
11401,37,3546,95.8
11402,40,3699,92.5
11403,38,3637,95.7
11404,38,3653,96.1
11405,35,3692,105.5
11406,38,3825,100.7
11407,37,3550,96.0
11408,42,3834,91.3
11409,41,4037,98.5
11410,39,3873,99.3
11411,39,4065,104.2
11412,39,3952,101.3
11413,41,4128,100.7
11414,41,3929,95.8
11415,41,4168,101.7
11416,40,4219,105.5
11417,41,4385,107.0
11418,43,4403,102.4
11419,42,4446,105.9
11420,41,4158,101.4
11421,42,4099,97.6
11422,42,4290,102.1
11423,44,4292,97.6
11424,40,3999,100.0
11425,44,4394,99.9
11426,41,4209,102.7
11427,40,3963,99.1
11428,39,4067,104.3
11429,38,3919,103.1
11430,36,3790,105.3
11431,39,3871,99.3
11432,39,4042,103.6
11433,42,4249,101.2
11434,40,4164,104.1
11435,44,4156,94.4
11436,43,4134,96.1
11437,43,4259,99.0
11438,39,4079,104.6
11439,40,4238,106.0
11440,38,3862,101.6
11441,45,4300,95.6
11442,40,3992,99.8
11443,40,4204,105.1
11444,40,4181,104.5
11445,38,4115,108.3
11446,36,3906,108.5
11447,45,4270,94.9
11448,43,4095,95.2
11449,38,4101,107.9
11450,44,4201,95.5
11451,40,4055,101.4
11452,43,4094,95.2
11453,43,4009,93.2
11454,42,3897,92.8
11455,45,4093,91.0
11456,42,4189,99.7
11457,48,4518,94.1
11458,43,4070,94.6
11459,47,4348,92.5
11460,36,4113,114.2
11461,41,4120,100.5
11462,41,4037,98.5
11463,44,4295,97.6
11464,41,3989,97.3
11465,38,4100,107.9
11466,39,4022,103.1
11467,36,4165,115.7
11468,41,4251,103.7
11469,40,3994,99.8
11470,36,3941,109.5
11471,41,3916,95.5
11472,43,4024,93.6
11473,44,3735,84.9
11474,41,4043,98.6
11475,41,3686,89.9
11476,42,3788,90.2
11477,47,3894,82.8
11478,44,3773,85.8
11479,44,3903,88.7
11480,40,3630,90.8
11481,42,3953,94.1
11482,42,3959,94.3
11483,45,4136,91.9
11484,45,4256,94.6
11485,45,4042,89.8
11486,45,4169,92.6
11487,41,3840,93.7
11488,41,3900,95.1
11489,48,3990,83.1
11490,45,4026,89.5
11491,45,3988,88.6
11492,45,4102,91.2
11493,47,4143,88.2
11494,39,3771,96.7
11495,47,4116,87.6
11496,42,3906,93.0
11497,46,4014,87.3
11498,41,3902,95.2
11499,41,4043,98.6
11500,43,3902,90.7
11501,43,3983,92.6
11502,43,3927,91.3
11503,47,3917,83.3
11504,45,3871,86.0
11505,41,3674,89.6
11506,43,3976,92.5
11507,45,4091,90.9
11508,44,3963,90.1
11509,41,3714,90.6
11510,44,3894,88.5
11511,43,4059,94.4
11512,42,3846,91.6
11513,41,3956,96.5
11514,45,3970,88.2
11515,41,3874,94.5
11516,35,3797,108.5
11517,36,3576,99.3
11518,37,3947,106.7
11519,36,3680,102.2
11520,39,3857,98.9
11521,39,3864,99.1
11522,34,3655,107.5
11523,38,3673,96.7
11524,39,3848,98.7
11525,38,3814,100.4
11526,35,3653,104.4
11527,34,3504,103.1
11528,35,3625,103.6
11529,36,3423,95.1
11530,37,3728,100.8
11531,35,3667,104.8
11532,36,3489,96.9
11533,37,3462,93.6
11534,35,3693,105.5
11535,39,3681,94.4
11536,34,3504,103.1
11537,39,3695,94.7
11538,39,3734,95.7
11539,36,3652,101.4
11540,37,3835,103.6
11541,38,3724,98.0
11542,36,3537,98.2
11543,37,3812,103.0
11544,39,3815,97.8
11545,39,3887,99.7
11546,37,3724,100.6
11547,35,3815,109.0
11548,39,4199,107.7
11549,38,3935,103.6
11550,39,3942,101.1
11551,40,4152,103.8
11552,40,4077,101.9
11553,37,3867,104.5
11554,39,3747,96.1
11555,39,3946,101.2
11556,47,4285,91.2
11557,41,3937,96.0
11558,46,4267,92.8
11559,40,3932,98.3
11560,45,4217,93.7
11561,41,4022,98.1
11562,40,4115,102.9
11563,38,4140,109.0
11564,40,4334,108.4
11565,41,4101,100.0
11566,38,4202,110.6
11567,39,3959,101.5
11568,39,3970,101.8
11569,41,4165,101.6
11570,36,3791,105.3
11571,33,3463,104.9
11572,35,3868,110.5
11573,37,3800,102.7
11574,36,3659,101.6
11575,42,4039,96.2
11576,39,3898,100.0
11577,39,4009,102.8
11578,32,3796,118.6
11579,33,3643,110.4
11580,36,3744,104.0
11581,37,3667,99.1
11582,37,3831,103.5
11583,38,3760,99.0
11584,32,3741,116.9
11585,37,3727,100.7
11586,34,3605,106.0
11587,34,3917,115.2
11588,36,3830,106.4
11589,33,3595,108.9
11590,35,3636,103.9
11591,37,3701,100.0
11592,40,3979,99.5
11593,37,3768,101.8
11594,40,3891,97.3
11595,37,3881,104.9
11596,40,3868,96.7
11597,41,4117,100.4
11598,39,3877,99.4
11599,31,3438,110.9
11600,34,3689,108.5
11601,31,3525,113.7
11602,33,3990,120.9
11603,36,3914,108.7
11604,33,3688,111.8
11605,32,3655,114.2
11606,35,3759,107.4
11607,33,3785,114.7
11608,33,3766,114.1
11609,40,4215,105.4
11610,37,3874,104.7
11611,38,3834,100.9
11612,37,3884,105.0
11613,40,4269,106.7
11614,40,3957,98.9
11615,32,3405,106.4
11616,36,3792,105.3
11617,39,4155,106.5
11618,41,4062,99.1
11619,38,4000,105.3
11620,35,3905,111.6
11621,43,4081,94.9
11622,39,4043,103.7
11623,35,3900,111.4
11624,40,4018,100.4
11625,36,4059,112.8
11626,41,4162,101.5
11627,37,3988,107.8
11628,38,3939,103.7
11629,38,3898,102.6
11630,39,4004,102.7
11631,39,3831,98.2
11632,38,4036,106.2
11633,38,3749,98.7
11634,41,3803,92.8
11635,33,3762,114.0
11636,36,3653,101.5
11637,37,3818,103.2
11638,40,3864,96.6
11639,37,4096,110.7
11640,36,4074,113.2
11641,36,4049,112.5
11642,36,3813,105.9
11643,35,3970,113.4
11644,36,4076,113.2
11645,41,4093,99.8
11646,37,4097,110.7
11647,36,3845,106.8
11648,37,3938,106.4
11649,38,4042,106.4
11650,39,4092,104.9
11651,37,4138,111.8
11652,35,3856,110.2
11653,42,4141,98.6
11654,38,3934,103.5
11655,38,4075,107.2
11656,37,3861,104.4
11657,37,3908,105.6
11658,38,4061,106.9
11659,40,4290,107.2
11660,36,3983,110.6
11661,38,3988,105.0
11662,34,3993,117.4
11663,36,3897,108.2
11664,36,3863,107.3
11665,38,4117,108.3
11666,32,3952,123.5
11667,36,3989,110.8
11668,36,4023,111.8
11669,38,4169,109.7
11670,41,4384,106.9
11671,38,4235,111.4
11672,37,4365,118.0
11673,39,4482,114.9
11674,39,4267,109.4
11675,37,4306,116.4
11676,39,4206,107.8
11677,38,4221,111.1
11678,38,4208,110.7
11679,38,4038,106.3
11680,41,4074,99.4
11681,39,4131,105.9
11682,39,4029,103.3
11683,37,4097,110.7
11684,39,4101,105.2
11685,42,4116,98.0
11686,40,4158,104.0
11687,38,4156,109.4
11688,33,3871,117.3
11689,34,3989,117.3
11690,33,3684,111.6
11691,34,3871,113.8
11692,37,4118,111.3
11693,38,3773,99.3
11694,34,3704,108.9
11695,40,4260,106.5
11696,39,4166,106.8
11697,40,4066,101.6
11698,35,3978,113.7
11699,38,4286,112.8
11700,31,4181,134.9
11701,39,3870,99.2
11702,34,4142,121.8
11703,37,3773,102.0
11704,37,4000,108.1
11705,33,3623,109.8
11706,38,3681,96.9
11707,42,3977,94.7
11708,38,3972,104.5
11709,35,3634,103.8
11710,36,3696,102.7
11711,37,3709,100.2
11712,41,3954,96.4
11713,33,3608,109.3
11714,32,3439,107.5
11715,38,3708,97.6
11716,38,3662,96.4
11717,39,3688,94.6
11718,39,3795,97.3
11719,41,3961,96.6
11720,40,4056,101.4
11721,39,3843,98.5
11722,38,3867,101.8
11723,39,3816,97.8
11724,40,4097,102.4
11725,42,4118,98.0
11726,39,3941,101.0
11727,39,3848,98.7
11728,38,4038,106.3
11729,42,4017,95.6
11730,41,4183,102.0
11731,44,4688,106.6
11732,44,4062,92.3
11733,47,4345,92.4
11734,41,4207,102.6
11735,38,4079,107.3
11736,43,4083,95.0
11737,40,4012,100.3
11738,38,3864,101.7
11739,37,4045,109.3
11740,42,4095,97.5
11741,40,3996,99.9
11742,40,4066,101.6
11743,41,4233,103.2
11744,37,4147,112.1
11745,40,4064,101.6
11746,35,3982,113.8
11747,38,4203,110.6
11748,38,4027,106.0
11749,38,4064,107.0
11750,39,4200,107.7
11751,39,4202,107.7
11752,37,4052,109.5
11753,40,4209,105.2
11754,38,3877,102.0
11755,34,3847,113.2
11756,37,3896,105.3
11757,37,3862,104.4
11758,33,3519,106.6
11759,34,3656,107.5
11760,37,3744,101.2
11761,37,3728,100.8
11762,39,3902,100.0
11763,38,4153,109.3
11764,39,3972,101.8
11765,40,4281,107.0
11766,37,4029,108.9
11767,37,3769,101.9
11768,36,3785,105.1
11769,35,3798,108.5
11770,37,3901,105.4
11771,40,4054,101.4
11772,39,4084,104.7
11773,36,3844,106.8
11774,37,3987,107.8
11775,34,3927,115.5
11776,34,3677,108.2
11777,33,3754,113.8
11778,31,3402,109.7
11779,37,3895,105.3
11780,35,3838,109.7
11781,36,3908,108.6
11782,39,3921,100.5
11783,35,3569,102.0
11784,37,3599,97.3
11785,40,3909,97.7
11786,36,3656,101.6
11787,41,4139,101.0
11788,36,3795,105.4
11789,39,3838,98.4
11790,39,4015,103.0
11791,37,3837,103.7
11792,36,3952,109.8
11793,38,4042,106.4
11794,39,3862,99.0
11795,38,4010,105.5
11796,42,4091,97.4
11797,40,4010,100.2
11798,37,3952,106.8
11799,37,3986,107.7
11800,42,3924,93.4
11801,39,4082,104.7
11802,34,3597,105.8
11803,41,4064,99.1
11804,42,3945,93.9
11805,37,4044,109.3
11806,36,4006,111.3
11807,39,4002,102.6
11808,37,4073,110.1
11809,36,3925,109.0
11810,36,3758,104.4
11811,42,4275,101.8
11812,42,4014,95.6
11813,32,3588,112.1
11814,41,3846,93.8
11815,38,3883,102.2
11816,39,3963,101.6
11817,33,3636,110.2
11818,38,3943,103.8
11819,41,4080,99.5
11820,32,3530,110.3
11821,34,3787,111.4
11822,32,3558,111.2
11823,34,3740,110.0
11824,35,3567,101.9
11825,33,3583,108.6
11826,37,4062,109.8
11827,36,3799,105.5
11828,34,3828,112.6
11829,35,3859,110.3
11830,40,3970,99.2
11831,36,3867,107.4
11832,36,3917,108.8
11833,34,3506,103.1
11834,34,3569,105.0
11835,33,3762,114.0
11836,38,3781,99.5
11837,37,3879,104.8
11838,35,4033,115.2
11839,37,4120,111.4
11840,34,3817,112.3
11841,35,3669,104.8
11842,40,3934,98.4
11843,38,3770,99.2
11844,41,3918,95.6
11845,39,3705,95.0
11846,40,3701,92.5
11847,34,3744,110.1
11848,37,3868,104.5
11849,36,3799,105.5
11850,36,3743,104.0
11851,42,3957,94.2
11852,39,3929,100.7
11853,38,3913,103.0
11854,37,3755,101.5
11855,38,3950,104.0
11856,40,3964,99.1
11857,37,3866,104.5
11858,40,4303,107.6
11859,36,4223,117.3
11860,38,4014,105.6
11861,44,3981,90.5
11862,41,3854,94.0
11863,39,3871,99.3
11864,33,3735,113.2
11865,39,3867,99.2
11866,38,4171,109.8
11867,36,3955,109.9
11868,40,3900,97.5
11869,39,4104,105.2
11870,42,4084,97.2
11871,43,4074,94.7
11872,37,3877,104.8
11873,35,3832,109.5
11874,37,3889,105.1
11875,40,3640,91.0
11876,38,3713,97.7
11877,42,3756,89.4
11878,37,3637,98.3
11879,38,3702,97.4
11880,40,3867,96.7
11881,38,3836,101.0
11882,37,3771,101.9
11883,36,4007,111.3
11884,39,4064,104.2
11885,37,3879,104.8
11886,35,3590,102.6
11887,34,3943,116.0
11888,39,3600,92.3
11889,39,3866,99.1
11890,39,4008,102.8
11891,42,3964,94.4
11892,39,3848,98.7
11893,38,4196,110.4
11894,39,3967,101.7
11895,38,4119,108.4
11896,36,3565,99.0
11897,38,3819,100.5
11898,32,3729,116.5
11899,37,3847,104.0
11900,41,4131,100.8
11901,43,4104,95.4
11902,38,3761,99.0
11903,35,3921,112.0
11904,38,3715,97.8
11905,42,3932,93.6
11906,37,3807,102.9
11907,37,3496,94.5
11908,41,3767,91.9
11909,37,3826,103.4
11910,37,3762,101.7
11911,40,4104,102.6
11912,38,3913,103.0
11913,38,3905,102.8
11914,35,3667,104.8
11915,38,4134,108.8
11916,42,4144,98.7
11917,37,3844,103.9
11918,43,4125,95.9
11919,42,3990,95.0
11920,42,3957,94.2
11921,40,3780,94.5
11922,38,4126,108.6
11923,40,3745,93.6
11924,37,3613,97.6
11925,38,3813,100.3
11926,33,3797,115.1
11927,37,3849,104.0
11928,36,3802,105.6
11929,37,3707,100.2
11930,38,3879,102.1
11931,34,3574,105.1
11932,34,3468,102.0
11933,35,3478,99.4
11934,35,3550,101.4
11935,30,3489,116.3
11936,35,3669,104.8
11937,36,3651,101.4
11938,35,3708,105.9
11939,37,3854,104.2
11940,41,4133,100.8
11941,38,3962,104.3
11942,38,3894,102.5
11943,35,3996,114.2
11944,32,3802,118.8
11945,40,3888,97.2
11946,32,3734,116.7
11947,34,3720,109.4
11948,31,3671,118.4
11949,40,3841,96.0
11950,35,3830,109.4
11951,37,3739,101.0
11952,38,3768,99.2
11953,34,3753,110.4
11954,37,3719,100.5
11955,35,3545,101.3
11956,34,3814,112.2
11957,34,3780,111.2
11958,31,3562,114.9
11959,35,3954,113.0
11960,35,3619,103.4
11961,37,3525,95.3
11962,36,3787,105.2
11963,33,3425,103.8
11964,37,3815,103.1
11965,36,3686,102.4
11966,32,3511,109.7
11967,35,3622,103.5
11968,37,3594,97.1
11969,38,3807,100.2
11970,35,3419,97.7
11971,34,3503,103.0
11972,36,3638,101.1
11973,35,3600,102.9
11974,35,3549,101.4
11975,34,3407,100.2
11976,39,3721,95.4
11977,35,3651,104.3
11978,33,3451,104.6
11979,34,3450,101.5
11980,34,3492,102.7
11981,34,3576,105.2
11982,33,3439,104.2
11983,33,3311,100.3
11984,31,3385,109.2
11985,32,3260,101.9
11986,34,3655,107.5
11987,37,3368,91.0
11988,32,3398,106.2
11989,37,3490,94.3
11990,35,3714,106.1
11991,33,3306,100.2
11992,36,3659,101.6
11993,33,3322,100.7
11994,37,3648,98.6
11995,36,3745,104.0
11996,37,3754,101.5
11997,37,3615,97.7
11998,34,3420,100.6
11999,40,3786,94.6
12000,36,3870,107.5
