Frame,shapes
0,undetermined
1,undetermined
2,undetermined
3,undetermined
4,undetermined
5,undetermined
6,undetermined
7,undetermined
8,undetermined
9,undetermined
10,undetermined
11,undetermined
12,undetermined
13,undetermined
14,undetermined
15,undetermined
16,undetermined
17,undetermined
18,undetermined
19,undetermined
20,undetermined
21,undetermined
22,undetermined
23,undetermined
24,undetermined
25,undetermined
26,undetermined
27,undetermined
28,undetermined
29,undetermined
30,undetermined
31,undetermined
32,undetermined
33,undetermined
34,undetermined
35,undetermined
36,undetermined
37,undetermined
38,undetermined
39,undetermined
40,undetermined
41,undetermined
42,undetermined
43,undetermined
44,undetermined
45,undetermined
46,undetermined
47,undetermined
48,undetermined
49,undetermined
50,undetermined
51,undetermined
52,undetermined
53,undetermined
54,undetermined
55,undetermined
56,undetermined
57,undetermined
58,undetermined
59,undetermined
60,undetermined
61,undetermined
62,undetermined
63,undetermined
64,undetermined
65,undetermined
66,undetermined
67,undetermined
68,undetermined
69,undetermined
70,undetermined
71,tube
72,undetermined
73,undetermined
74,undetermined
75,undetermined
76,undetermined
77,undetermined
78,undetermined
79,undetermined
80,undetermined
81,undetermined
82,undetermined
83,undetermined
84,undetermined
85,undetermined
86,undetermined
87,undetermined
88,undetermined
89,undetermined
90,undetermined
91,undetermined
92,undetermined
93,undetermined
94,tube
95,undetermined
96,undetermined
97,undetermined
98,undetermined
99,undetermined
100,undetermined
101,undetermined
102,undetermined
103,undetermined
104,undetermined
105,undetermined
106,undetermined
107,undetermined
108,undetermined
109,undetermined
110,undetermined
111,undetermined
112,undetermined
113,undetermined
114,undetermined
115,undetermined
116,undetermined
117,undetermined
118,undetermined
119,undetermined
120,tube
121,undetermined
122,undetermined
123,undetermined
124,undetermined
125,undetermined
126,undetermined
127,undetermined
128,tube
129,undetermined
130,undetermined
131,undetermined
132,undetermined
133,undetermined
134,undetermined
135,undetermined
136,tube
137,undetermined
138,undetermined
139,undetermined
140,undetermined
141,undetermined
142,undetermined
143,undetermined
144,undetermined
145,undetermined
146,undetermined
147,undetermined
148,undetermined
149,undetermined
150,undetermined
151,undetermined
152,undetermined
153,undetermined
154,undetermined
155,undetermined
156,undetermined
157,undetermined
158,undetermined
159,undetermined
160,undetermined
161,undetermined
162,undetermined
163,undetermined
164,undetermined
165,undetermined
166,undetermined
167,undetermined
168,undetermined
169,undetermined
170,undetermined
171,undetermined
172,undetermined
173,undetermined
174,undetermined
175,undetermined
176,undetermined
177,undetermined
178,undetermined
179,undetermined
180,undetermined
181,undetermined
182,undetermined
183,undetermined
184,undetermined
185,undetermined
186,undetermined
187,undetermined
188,undetermined
189,undetermined
190,undetermined
191,undetermined
192,undetermined
193,undetermined
194,undetermined
195,undetermined
196,undetermined
197,undetermined
198,undetermined
199,undetermined
200,undetermined
201,undetermined
202,undetermined
203,tube
204,undetermined
205,undetermined
206,undetermined
207,undetermined
208,undetermined
209,undetermined
210,undetermined
211,undetermined
212,undetermined
213,undetermined
214,undetermined
215,undetermined
216,undetermined
217,undetermined
218,undetermined
219,undetermined
220,undetermined
221,undetermined
222,undetermined
223,undetermined
224,undetermined
225,undetermined
226,undetermined
227,undetermined
228,undetermined
229,undetermined
230,undetermined
231,undetermined
232,undetermined
233,undetermined
234,undetermined
235,undetermined
236,undetermined
237,undetermined
238,undetermined
239,undetermined
240,undetermined
241,undetermined
242,undetermined
243,undetermined
244,undetermined
245,undetermined
246,undetermined
247,undetermined
248,undetermined
249,undetermined
250,undetermined
251,undetermined
252,undetermined
253,undetermined
254,undetermined
255,undetermined
256,undetermined
257,undetermined
258,undetermined
259,undetermined
260,undetermined
261,undetermined
262,undetermined
263,undetermined
264,undetermined
265,undetermined
266,undetermined
267,undetermined
268,undetermined
269,undetermined
270,undetermined
271,undetermined
272,undetermined
273,undetermined
274,undetermined
275,undetermined
276,undetermined
277,undetermined
278,undetermined
279,undetermined
280,undetermined
281,undetermined
282,undetermined
283,undetermined
284,undetermined
285,undetermined
286,undetermined
287,undetermined
288,undetermined
289,undetermined
290,undetermined
291,undetermined
292,undetermined
293,undetermined
294,undetermined
295,undetermined
296,undetermined
297,undetermined
298,undetermined
299,undetermined
300,undetermined
301,undetermined
302,undetermined
303,undetermined
304,undetermined
305,undetermined
306,undetermined
307,undetermined
308,undetermined
309,undetermined
310,undetermined
311,undetermined
312,undetermined
313,undetermined
314,undetermined
315,undetermined
316,undetermined
317,undetermined
318,undetermined
319,undetermined
320,undetermined
321,undetermined
322,undetermined
323,undetermined
324,undetermined
325,undetermined
326,undetermined
327,undetermined
328,undetermined
329,undetermined
330,undetermined
331,undetermined
332,undetermined
333,undetermined
334,undetermined
335,undetermined
336,undetermined
337,undetermined
338,undetermined
339,undetermined
340,undetermined
341,undetermined
342,undetermined
343,undetermined
344,undetermined
345,undetermined
346,undetermined
347,undetermined
348,undetermined
349,undetermined
350,undetermined
351,undetermined
352,undetermined
353,undetermined
354,undetermined
355,undetermined
356,undetermined
357,undetermined
358,undetermined
359,undetermined
360,undetermined
361,undetermined
362,undetermined
363,undetermined
364,undetermined
365,undetermined
366,undetermined
367,undetermined
368,undetermined
369,undetermined
370,undetermined
371,undetermined
372,undetermined
373,undetermined
374,undetermined
375,undetermined
376,undetermined
377,undetermined
378,undetermined
379,undetermined
380,undetermined
381,undetermined
382,undetermined
383,undetermined
384,undetermined
385,undetermined
386,undetermined
387,undetermined
388,undetermined
389,tube
390,undetermined
391,undetermined
392,undetermined
393,undetermined
394,undetermined
395,undetermined
396,undetermined
397,undetermined
398,undetermined
399,undetermined
400,undetermined
401,undetermined
402,undetermined
403,undetermined
404,undetermined
405,tube
406,undetermined
407,undetermined
408,tube
409,undetermined
410,undetermined
411,undetermined
412,undetermined
413,undetermined
414,undetermined
415,undetermined
416,undetermined
417,undetermined
418,tube
419,undetermined
420,undetermined
421,undetermined
422,tube
423,undetermined
424,undetermined
425,undetermined
426,undetermined
427,undetermined
428,undetermined
429,undetermined
430,undetermined
431,undetermined
432,undetermined
433,undetermined
434,undetermined
435,undetermined
436,undetermined
437,undetermined
438,undetermined
439,undetermined
440,undetermined
441,undetermined
442,undetermined
443,undetermined
444,undetermined
445,undetermined
446,undetermined
447,undetermined
448,undetermined
449,undetermined
450,tube
451,undetermined
452,undetermined
453,undetermined
454,undetermined
455,undetermined
456,undetermined
457,undetermined
458,undetermined
459,undetermined
460,undetermined
461,undetermined
462,undetermined
463,undetermined
464,undetermined
465,undetermined
466,undetermined
467,undetermined
468,undetermined
469,undetermined
470,undetermined
471,undetermined
472,undetermined
473,undetermined
474,undetermined
475,undetermined
476,undetermined
477,undetermined
478,undetermined
479,undetermined
480,undetermined
481,undetermined
482,undetermined
483,undetermined
484,undetermined
485,undetermined
486,undetermined
487,undetermined
488,undetermined
489,undetermined
490,undetermined
491,undetermined
492,undetermined
493,undetermined
494,undetermined
495,undetermined
496,undetermined
497,undetermined
498,undetermined
499,undetermined
500,undetermined
501,undetermined
502,undetermined
503,undetermined
504,undetermined
505,undetermined
506,undetermined
507,undetermined
508,undetermined
509,undetermined
510,undetermined
511,undetermined
512,undetermined
513,undetermined
514,undetermined
515,undetermined
516,undetermined
517,undetermined
518,undetermined
519,undetermined
520,undetermined
521,undetermined
522,undetermined
523,undetermined
524,undetermined
525,undetermined
526,undetermined
527,undetermined
528,undetermined
529,undetermined
530,undetermined
531,undetermined
532,undetermined
533,undetermined
534,undetermined
535,undetermined
536,undetermined
537,undetermined
538,undetermined
539,undetermined
540,undetermined
541,undetermined
542,undetermined
543,undetermined
544,undetermined
545,undetermined
546,undetermined
547,undetermined
548,undetermined
549,undetermined
550,undetermined
551,undetermined
552,undetermined
553,undetermined
554,undetermined
555,undetermined
556,undetermined
557,undetermined
558,undetermined
559,undetermined
560,undetermined
561,undetermined
562,undetermined
563,undetermined
564,undetermined
565,undetermined
566,undetermined
567,undetermined
568,undetermined
569,undetermined
570,undetermined
571,undetermined
572,undetermined
573,undetermined
574,undetermined
575,undetermined
576,undetermined
577,undetermined
578,undetermined
579,undetermined
580,undetermined
581,undetermined
582,undetermined
583,undetermined
584,undetermined
585,undetermined
586,undetermined
587,undetermined
588,undetermined
589,undetermined
590,undetermined
591,undetermined
592,undetermined
593,undetermined
594,undetermined
595,undetermined
596,undetermined
597,undetermined
598,undetermined
599,undetermined
600,undetermined
601,undetermined
602,undetermined
603,undetermined
604,undetermined
605,undetermined
606,undetermined
607,tube
608,undetermined
609,undetermined
610,undetermined
611,undetermined
612,undetermined
613,undetermined
614,undetermined
615,undetermined
616,undetermined
617,undetermined
618,undetermined
619,undetermined
620,undetermined
621,undetermined
622,undetermined
623,undetermined
624,undetermined
625,undetermined
626,undetermined
627,undetermined
628,undetermined
629,undetermined
630,undetermined
631,undetermined
632,undetermined
633,undetermined
634,undetermined
635,undetermined
636,undetermined
637,tube
638,undetermined
639,undetermined
640,undetermined
641,undetermined
642,undetermined
643,undetermined
644,undetermined
645,undetermined
646,undetermined
647,undetermined
648,undetermined
649,undetermined
650,undetermined
651,undetermined
652,undetermined
653,undetermined
654,undetermined
655,undetermined
656,undetermined
657,undetermined
658,undetermined
659,undetermined
660,undetermined
661,undetermined
662,undetermined
663,undetermined
664,undetermined
665,undetermined
666,undetermined
667,undetermined
668,undetermined
669,undetermined
670,undetermined
671,undetermined
672,undetermined
673,undetermined
674,undetermined
675,undetermined
676,undetermined
677,tube
678,undetermined
679,undetermined
680,undetermined
681,undetermined
682,tube
683,undetermined
684,undetermined
685,undetermined
686,undetermined
687,undetermined
688,undetermined
689,undetermined
690,undetermined
691,undetermined
692,undetermined
693,undetermined
694,undetermined
695,undetermined
696,undetermined
697,undetermined
698,undetermined
699,undetermined
700,undetermined
701,undetermined
702,undetermined
703,undetermined
704,undetermined
705,undetermined
706,undetermined
707,undetermined
708,undetermined
709,undetermined
710,undetermined
711,undetermined
712,undetermined
713,undetermined
714,undetermined
715,undetermined
716,undetermined
717,undetermined
718,undetermined
719,undetermined
720,undetermined
721,undetermined
722,undetermined
723,undetermined
724,undetermined
725,undetermined
726,undetermined
727,undetermined
728,undetermined
729,undetermined
730,undetermined
731,undetermined
732,undetermined
733,undetermined
734,undetermined
735,undetermined
736,undetermined
737,undetermined
738,undetermined
739,undetermined
740,undetermined
741,undetermined
742,undetermined
743,undetermined
744,undetermined
745,undetermined
746,undetermined
747,undetermined
748,undetermined
749,undetermined
750,undetermined
751,undetermined
752,undetermined
753,undetermined
754,undetermined
755,undetermined
756,undetermined
757,undetermined
758,undetermined
759,undetermined
760,undetermined
761,undetermined
762,undetermined
763,undetermined
764,undetermined
765,undetermined
766,undetermined
767,undetermined
768,undetermined
769,undetermined
770,undetermined
771,undetermined
772,undetermined
773,undetermined
774,undetermined
775,undetermined
776,undetermined
777,undetermined
778,undetermined
779,undetermined
780,undetermined
781,undetermined
782,undetermined
783,undetermined
784,undetermined
785,undetermined
786,undetermined
787,undetermined
788,undetermined
789,undetermined
790,undetermined
791,undetermined
792,undetermined
793,undetermined
794,tube
795,undetermined
796,undetermined
797,undetermined
798,undetermined
799,undetermined
800,undetermined
801,undetermined
802,undetermined
803,undetermined
804,undetermined
805,tube
806,undetermined
807,undetermined
808,undetermined
809,undetermined
810,undetermined
811,undetermined
812,undetermined
813,undetermined
814,undetermined
815,undetermined
816,undetermined
817,undetermined
818,undetermined
819,undetermined
820,undetermined
821,undetermined
822,undetermined
823,undetermined
824,undetermined
825,undetermined
826,undetermined
827,undetermined
828,undetermined
829,undetermined
830,undetermined
831,undetermined
832,undetermined
833,tube
834,undetermined
835,undetermined
836,undetermined
837,undetermined
838,undetermined
839,undetermined
840,undetermined
841,undetermined
842,undetermined
843,undetermined
844,undetermined
845,undetermined
846,undetermined
847,undetermined
848,undetermined
849,undetermined
850,undetermined
851,undetermined
852,undetermined
853,undetermined
854,undetermined
855,undetermined
856,undetermined
857,undetermined
858,undetermined
859,undetermined
860,undetermined
861,undetermined
862,undetermined
863,undetermined
864,undetermined
865,undetermined
866,undetermined
867,undetermined
868,undetermined
869,undetermined
870,undetermined
871,undetermined
872,tube
873,undetermined
874,undetermined
875,undetermined
876,undetermined
877,undetermined
878,undetermined
879,undetermined
880,undetermined
881,undetermined
882,undetermined
883,undetermined
884,undetermined
885,undetermined
886,undetermined
887,undetermined
888,undetermined
889,undetermined
890,undetermined
891,undetermined
892,tube
893,undetermined
894,undetermined
895,tube
896,undetermined
897,undetermined
898,undetermined
899,undetermined
900,undetermined
901,undetermined
902,undetermined
903,undetermined
904,undetermined
905,undetermined
906,undetermined
907,undetermined
908,undetermined
909,undetermined
910,undetermined
911,undetermined
912,undetermined
913,undetermined
914,undetermined
915,undetermined
916,undetermined
917,undetermined
918,undetermined
919,undetermined
920,undetermined
921,undetermined
922,undetermined
923,undetermined
924,undetermined
925,undetermined
926,undetermined
927,undetermined
928,undetermined
929,undetermined
930,undetermined
931,undetermined
932,undetermined
933,undetermined
934,undetermined
935,undetermined
936,undetermined
937,undetermined
938,undetermined
939,undetermined
940,undetermined
941,undetermined
942,undetermined
943,undetermined
944,undetermined
945,undetermined
946,undetermined
947,undetermined
948,undetermined
949,undetermined
950,undetermined
951,undetermined
952,undetermined
953,undetermined
954,undetermined
955,undetermined
956,undetermined
957,undetermined
958,undetermined
959,undetermined
960,undetermined
961,undetermined
962,undetermined
963,undetermined
964,tube
965,undetermined
966,undetermined
967,undetermined
968,undetermined
969,undetermined
970,undetermined
971,undetermined
972,undetermined
973,undetermined
974,undetermined
975,undetermined
976,undetermined
977,tube
978,tube
979,undetermined
980,undetermined
981,tube
982,undetermined
983,undetermined
984,undetermined
985,undetermined
986,undetermined
987,undetermined
988,undetermined
989,undetermined
990,undetermined
991,undetermined
992,undetermined
993,undetermined
994,undetermined
995,undetermined
996,undetermined
997,undetermined
998,undetermined
999,undetermined
1000,undetermined
1001,undetermined
1002,undetermined
1003,undetermined
1004,undetermined
1005,undetermined
1006,tube
1007,undetermined
1008,undetermined
1009,tube
1010,undetermined
1011,undetermined
1012,undetermined
1013,undetermined
1014,undetermined
1015,undetermined
1016,undetermined
1017,undetermined
1018,undetermined
1019,undetermined
1020,undetermined
1021,undetermined
1022,undetermined
1023,undetermined
1024,undetermined
1025,undetermined
1026,undetermined
1027,undetermined
1028,undetermined
1029,undetermined
1030,undetermined
1031,tube
1032,undetermined
1033,tube
1034,undetermined
1035,undetermined
1036,undetermined
1037,undetermined
1038,undetermined
1039,undetermined
1040,undetermined
1041,undetermined
1042,undetermined
1043,undetermined
1044,undetermined
1045,undetermined
1046,undetermined
1047,undetermined
1048,undetermined
1049,undetermined
1050,undetermined
1051,undetermined
1052,undetermined
1053,undetermined
1054,undetermined
1055,undetermined
1056,undetermined
1057,undetermined
1058,undetermined
1059,undetermined
1060,undetermined
1061,undetermined
1062,undetermined
1063,undetermined
1064,undetermined
1065,undetermined
1066,undetermined
1067,undetermined
1068,undetermined
1069,undetermined
1070,undetermined
1071,undetermined
1072,undetermined
1073,undetermined
1074,undetermined
1075,undetermined
1076,undetermined
1077,undetermined
1078,undetermined
1079,undetermined
1080,undetermined
1081,undetermined
1082,undetermined
1083,undetermined
1084,undetermined
1085,undetermined
1086,undetermined
1087,undetermined
1088,undetermined
1089,undetermined
1090,undetermined
1091,undetermined
1092,undetermined
1093,undetermined
1094,undetermined
1095,undetermined
1096,undetermined
1097,undetermined
1098,undetermined
1099,undetermined
1100,undetermined
1101,undetermined
1102,undetermined
1103,undetermined
1104,undetermined
1105,undetermined
1106,undetermined
1107,undetermined
1108,undetermined
1109,undetermined
1110,undetermined
1111,undetermined
1112,undetermined
1113,undetermined
1114,undetermined
1115,undetermined
1116,undetermined
1117,undetermined
1118,undetermined
1119,undetermined
1120,undetermined
1121,undetermined
1122,undetermined
1123,undetermined
1124,undetermined
1125,undetermined
1126,undetermined
1127,undetermined
1128,undetermined
1129,undetermined
1130,undetermined
1131,undetermined
1132,undetermined
1133,tube
1134,undetermined
1135,undetermined
1136,undetermined
1137,tube
1138,undetermined
1139,undetermined
1140,undetermined
1141,undetermined
1142,undetermined
1143,undetermined
1144,undetermined
1145,undetermined
1146,undetermined
1147,undetermined
1148,undetermined
1149,undetermined
1150,undetermined
1151,undetermined
1152,undetermined
1153,undetermined
1154,undetermined
1155,undetermined
1156,undetermined
1157,undetermined
1158,undetermined
1159,undetermined
1160,undetermined
1161,undetermined
1162,undetermined
1163,undetermined
1164,undetermined
1165,undetermined
1166,undetermined
1167,undetermined
1168,undetermined
1169,undetermined
1170,undetermined
1171,undetermined
1172,undetermined
1173,undetermined
1174,undetermined
1175,undetermined
1176,undetermined
1177,undetermined
1178,undetermined
1179,undetermined
1180,undetermined
1181,undetermined
1182,undetermined
1183,undetermined
1184,undetermined
1185,undetermined
1186,undetermined
1187,undetermined
1188,undetermined
1189,undetermined
1190,undetermined
1191,undetermined
1192,undetermined
1193,undetermined
1194,undetermined
1195,undetermined
1196,undetermined
1197,undetermined
1198,undetermined
1199,undetermined
1200,undetermined
1201,undetermined
1202,undetermined
1203,undetermined
1204,undetermined
1205,undetermined
1206,undetermined
1207,undetermined
1208,undetermined
1209,tube
1210,undetermined
1211,undetermined
1212,undetermined
1213,undetermined
1214,undetermined
1215,undetermined
1216,undetermined
1217,undetermined
1218,undetermined
1219,undetermined
1220,undetermined
1221,tube
1222,undetermined
1223,undetermined
1224,tube
1225,tube
1226,undetermined
1227,undetermined
1228,undetermined
1229,undetermined
1230,undetermined
1231,undetermined
1232,undetermined
1233,undetermined
1234,undetermined
1235,undetermined
1236,undetermined
1237,undetermined
1238,undetermined
1239,undetermined
1240,undetermined
1241,undetermined
1242,undetermined
1243,undetermined
1244,undetermined
1245,undetermined
1246,undetermined
1247,undetermined
1248,undetermined
1249,undetermined
1250,undetermined
1251,tube
1252,undetermined
1253,tube
1254,undetermined
1255,undetermined
1256,undetermined
1257,undetermined
1258,undetermined
1259,undetermined
1260,undetermined
1261,undetermined
1262,undetermined
1263,undetermined
1264,undetermined
1265,tube
1266,undetermined
1267,undetermined
1268,undetermined
1269,undetermined
1270,undetermined
1271,undetermined
1272,undetermined
1273,undetermined
1274,undetermined
1275,undetermined
1276,undetermined
1277,tube
1278,undetermined
1279,undetermined
1280,undetermined
1281,undetermined
1282,undetermined
1283,undetermined
1284,undetermined
1285,undetermined
1286,undetermined
1287,undetermined
1288,undetermined
1289,undetermined
1290,undetermined
1291,undetermined
1292,undetermined
1293,undetermined
1294,undetermined
1295,undetermined
1296,undetermined
1297,undetermined
1298,undetermined
1299,tube
1300,undetermined
1301,undetermined
1302,undetermined
1303,undetermined
1304,undetermined
1305,undetermined
1306,undetermined
1307,undetermined
1308,undetermined
1309,undetermined
1310,undetermined
1311,undetermined
1312,undetermined
1313,undetermined
1314,undetermined
1315,undetermined
1316,undetermined
1317,undetermined
1318,undetermined
1319,undetermined
1320,tube
1321,undetermined
1322,undetermined
1323,undetermined
1324,undetermined
1325,undetermined
1326,undetermined
1327,undetermined
1328,undetermined
1329,undetermined
1330,undetermined
1331,undetermined
1332,undetermined
1333,undetermined
1334,undetermined
1335,undetermined
1336,undetermined
1337,undetermined
1338,undetermined
1339,undetermined
1340,undetermined
1341,undetermined
1342,undetermined
1343,undetermined
1344,undetermined
1345,undetermined
1346,undetermined
1347,undetermined
1348,undetermined
1349,undetermined
1350,undetermined
1351,undetermined
1352,undetermined
1353,undetermined
1354,undetermined
1355,undetermined
1356,undetermined
1357,undetermined
1358,undetermined
1359,undetermined
1360,undetermined
1361,undetermined
1362,undetermined
1363,undetermined
1364,undetermined
1365,tube
1366,undetermined
1367,undetermined
1368,undetermined
1369,undetermined
1370,tube
1371,undetermined
1372,undetermined
1373,undetermined
1374,undetermined
1375,undetermined
1376,undetermined
1377,tube
1378,undetermined
1379,undetermined
1380,undetermined
1381,undetermined
1382,undetermined
1383,undetermined
1384,undetermined
1385,undetermined
1386,undetermined
1387,undetermined
1388,undetermined
1389,undetermined
1390,undetermined
1391,undetermined
1392,undetermined
1393,undetermined
1394,undetermined
1395,undetermined
1396,undetermined
1397,undetermined
1398,undetermined
1399,undetermined
1400,undetermined
1401,undetermined
1402,undetermined
1403,undetermined
1404,undetermined
1405,undetermined
1406,undetermined
1407,undetermined
1408,undetermined
1409,tube
1410,undetermined
1411,undetermined
1412,undetermined
1413,undetermined
1414,undetermined
1415,undetermined
1416,undetermined
1417,undetermined
1418,undetermined
1419,undetermined
1420,undetermined
1421,undetermined
1422,undetermined
1423,undetermined
1424,undetermined
1425,undetermined
1426,undetermined
1427,undetermined
1428,undetermined
1429,undetermined
1430,undetermined
1431,undetermined
1432,undetermined
1433,undetermined
1434,undetermined
1435,undetermined
1436,undetermined
1437,undetermined
1438,undetermined
1439,undetermined
1440,undetermined
1441,undetermined
1442,undetermined
1443,undetermined
1444,undetermined
1445,undetermined
1446,undetermined
1447,undetermined
1448,undetermined
1449,undetermined
1450,undetermined
1451,undetermined
1452,undetermined
1453,undetermined
1454,undetermined
1455,undetermined
1456,undetermined
1457,tube
1458,undetermined
1459,tube
1460,undetermined
1461,undetermined
1462,undetermined
1463,undetermined
1464,undetermined
1465,undetermined
1466,undetermined
1467,tube
1468,undetermined
1469,undetermined
1470,undetermined
1471,undetermined
1472,undetermined
1473,undetermined
1474,undetermined
1475,undetermined
1476,undetermined
1477,undetermined
1478,undetermined
1479,undetermined
1480,undetermined
1481,undetermined
1482,undetermined
1483,tube
1484,undetermined
1485,undetermined
1486,undetermined
1487,undetermined
1488,undetermined
1489,undetermined
1490,undetermined
1491,undetermined
1492,undetermined
1493,undetermined
1494,undetermined
1495,undetermined
1496,undetermined
1497,undetermined
1498,undetermined
1499,undetermined
1500,undetermined
1501,undetermined
1502,undetermined
1503,undetermined
1504,undetermined
1505,undetermined
1506,undetermined
1507,undetermined
1508,undetermined
1509,undetermined
1510,undetermined
1511,undetermined
1512,undetermined
1513,undetermined
1514,undetermined
1515,tube
1516,undetermined
1517,undetermined
1518,undetermined
1519,undetermined
1520,undetermined
1521,undetermined
1522,undetermined
1523,undetermined
1524,undetermined
1525,undetermined
1526,undetermined
1527,undetermined
1528,undetermined
1529,tube
1530,undetermined
1531,undetermined
1532,undetermined
1533,undetermined
1534,undetermined
1535,undetermined
1536,undetermined
1537,undetermined
1538,undetermined
1539,undetermined
1540,tube
1541,undetermined
1542,undetermined
1543,undetermined
1544,undetermined
1545,undetermined
1546,undetermined
1547,undetermined
1548,undetermined
1549,undetermined
1550,undetermined
1551,undetermined
1552,undetermined
1553,undetermined
1554,undetermined
1555,undetermined
1556,undetermined
1557,undetermined
1558,undetermined
1559,undetermined
1560,undetermined
1561,tube
1562,undetermined
1563,undetermined
1564,undetermined
1565,undetermined
1566,undetermined
1567,tube
1568,undetermined
1569,undetermined
1570,undetermined
1571,undetermined
1572,undetermined
1573,undetermined
1574,undetermined
1575,undetermined
1576,undetermined
1577,undetermined
1578,undetermined
1579,undetermined
1580,undetermined
1581,undetermined
1582,undetermined
1583,undetermined
1584,undetermined
1585,undetermined
1586,undetermined
1587,undetermined
1588,undetermined
1589,undetermined
1590,undetermined
1591,undetermined
1592,undetermined
1593,undetermined
1594,undetermined
1595,undetermined
1596,undetermined
1597,undetermined
1598,undetermined
1599,undetermined
1600,undetermined
1601,tube
1602,undetermined
1603,undetermined
1604,undetermined
1605,undetermined
1606,undetermined
1607,undetermined
1608,undetermined
1609,undetermined
1610,undetermined
1611,undetermined
1612,undetermined
1613,undetermined
1614,undetermined
1615,undetermined
1616,undetermined
1617,undetermined
1618,undetermined
1619,undetermined
1620,undetermined
1621,undetermined
1622,undetermined
1623,undetermined
1624,undetermined
1625,undetermined
1626,undetermined
1627,undetermined
1628,undetermined
1629,undetermined
1630,undetermined
1631,undetermined
1632,undetermined
1633,undetermined
1634,undetermined
1635,tube
1636,undetermined
1637,undetermined
1638,undetermined
1639,undetermined
1640,undetermined
1641,undetermined
1642,undetermined
1643,undetermined
1644,undetermined
1645,undetermined
1646,undetermined
1647,undetermined
1648,undetermined
1649,undetermined
1650,undetermined
1651,tube
1652,undetermined
1653,undetermined
1654,undetermined
1655,undetermined
1656,undetermined
1657,undetermined
1658,undetermined
1659,undetermined
1660,undetermined
1661,undetermined
1662,undetermined
1663,undetermined
1664,undetermined
1665,undetermined
1666,undetermined
1667,undetermined
1668,undetermined
1669,undetermined
1670,undetermined
1671,undetermined
1672,undetermined
1673,undetermined
1674,undetermined
1675,undetermined
1676,undetermined
1677,undetermined
1678,undetermined
1679,undetermined
1680,undetermined
1681,tube
1682,undetermined
1683,undetermined
1684,undetermined
1685,undetermined
1686,undetermined
1687,undetermined
1688,undetermined
1689,undetermined
1690,undetermined
1691,undetermined
1692,undetermined
1693,undetermined
1694,undetermined
1695,undetermined
1696,undetermined
1697,undetermined
1698,undetermined
1699,undetermined
1700,undetermined
1701,undetermined
1702,undetermined
1703,undetermined
1704,undetermined
1705,undetermined
1706,undetermined
1707,undetermined
1708,undetermined
1709,undetermined
1710,undetermined
1711,undetermined
1712,undetermined
1713,undetermined
1714,undetermined
1715,undetermined
1716,undetermined
1717,undetermined
1718,undetermined
1719,undetermined
1720,undetermined
1721,undetermined
1722,undetermined
1723,undetermined
1724,undetermined
1725,undetermined
1726,undetermined
1727,undetermined
1728,undetermined
1729,undetermined
1730,undetermined
1731,undetermined
1732,undetermined
1733,undetermined
1734,undetermined
1735,undetermined
1736,undetermined
1737,undetermined
1738,undetermined
1739,undetermined
1740,undetermined
1741,undetermined
1742,tube
1743,undetermined
1744,undetermined
1745,undetermined
1746,undetermined
1747,undetermined
1748,undetermined
1749,undetermined
1750,undetermined
1751,undetermined
1752,undetermined
1753,undetermined
1754,undetermined
1755,undetermined
1756,tube
1757,undetermined
1758,undetermined
1759,undetermined
1760,undetermined
1761,undetermined
1762,undetermined
1763,undetermined
1764,undetermined
1765,undetermined
1766,undetermined
1767,undetermined
1768,undetermined
1769,undetermined
1770,undetermined
1771,tube
1772,tube
1773,undetermined
1774,undetermined
1775,undetermined
1776,undetermined
1777,tube
1778,undetermined
1779,undetermined
1780,undetermined
1781,undetermined
1782,undetermined
1783,undetermined
1784,undetermined
1785,undetermined
1786,undetermined
1787,undetermined
1788,undetermined
1789,undetermined
1790,undetermined
1791,undetermined
1792,undetermined
1793,undetermined
1794,undetermined
1795,undetermined
1796,undetermined
1797,undetermined
1798,undetermined
1799,undetermined
1800,tube
1801,undetermined
1802,undetermined
1803,undetermined
1804,undetermined
1805,undetermined
1806,undetermined
1807,undetermined
1808,undetermined
1809,undetermined
1810,undetermined
1811,undetermined
1812,undetermined
1813,undetermined
1814,undetermined
1815,undetermined
1816,undetermined
1817,undetermined
1818,undetermined
1819,undetermined
1820,undetermined
1821,undetermined
1822,undetermined
1823,tube
1824,undetermined
1825,undetermined
1826,undetermined
1827,undetermined
1828,undetermined
1829,undetermined
1830,undetermined
1831,undetermined
1832,undetermined
1833,undetermined
1834,undetermined
1835,undetermined
1836,undetermined
1837,undetermined
1838,undetermined
1839,undetermined
1840,undetermined
1841,undetermined
1842,undetermined
1843,undetermined
1844,undetermined
1845,undetermined
1846,undetermined
1847,undetermined
1848,undetermined
1849,undetermined
1850,undetermined
1851,undetermined
1852,undetermined
1853,undetermined
1854,undetermined
1855,undetermined
1856,tube
1857,undetermined
1858,undetermined
1859,undetermined
1860,undetermined
1861,undetermined
1862,undetermined
1863,undetermined
1864,undetermined
1865,undetermined
1866,undetermined
1867,undetermined
1868,undetermined
1869,tube
1870,undetermined
1871,undetermined
1872,tube
1873,undetermined
1874,undetermined
1875,undetermined
1876,undetermined
1877,undetermined
1878,undetermined
1879,undetermined
1880,undetermined
1881,undetermined
1882,undetermined
1883,undetermined
1884,undetermined
1885,undetermined
1886,undetermined
1887,undetermined
1888,undetermined
1889,undetermined
1890,undetermined
1891,undetermined
1892,undetermined
1893,tube
1894,undetermined
1895,undetermined
1896,undetermined
1897,undetermined
1898,undetermined
1899,undetermined
1900,undetermined
1901,undetermined
1902,undetermined
1903,undetermined
1904,undetermined
1905,undetermined
1906,undetermined
1907,undetermined
1908,undetermined
1909,undetermined
1910,undetermined
1911,undetermined
1912,undetermined
1913,undetermined
1914,undetermined
1915,undetermined
1916,undetermined
1917,tube
1918,undetermined
1919,undetermined
1920,tube
1921,undetermined
1922,undetermined
1923,undetermined
1924,undetermined
1925,undetermined
1926,undetermined
1927,undetermined
1928,undetermined
1929,undetermined
1930,undetermined
1931,undetermined
1932,undetermined
1933,undetermined
1934,undetermined
1935,undetermined
1936,undetermined
1937,undetermined
1938,undetermined
1939,undetermined
1940,undetermined
1941,undetermined
1942,undetermined
1943,undetermined
1944,undetermined
1945,undetermined
1946,undetermined
1947,undetermined
1948,undetermined
1949,undetermined
1950,undetermined
1951,undetermined
1952,undetermined
1953,undetermined
1954,undetermined
1955,undetermined
1956,undetermined
1957,undetermined
1958,undetermined
1959,undetermined
1960,undetermined
1961,undetermined
1962,undetermined
1963,undetermined
1964,undetermined
1965,undetermined
1966,undetermined
1967,undetermined
1968,undetermined
1969,undetermined
1970,undetermined
1971,undetermined
1972,undetermined
1973,undetermined
1974,undetermined
1975,undetermined
1976,undetermined
1977,undetermined
1978,undetermined
1979,undetermined
1980,undetermined
1981,undetermined
1982,undetermined
1983,undetermined
1984,undetermined
1985,undetermined
1986,undetermined
1987,undetermined
1988,undetermined
1989,undetermined
1990,undetermined
1991,undetermined
1992,undetermined
1993,undetermined
1994,undetermined
1995,undetermined
1996,undetermined
1997,undetermined
1998,undetermined
1999,undetermined
2000,undetermined
2001,tube
2002,undetermined
2003,undetermined
2004,undetermined
2005,tube
2006,undetermined
2007,undetermined
2008,undetermined
2009,undetermined
2010,undetermined
2011,undetermined
2012,undetermined
2013,undetermined
2014,undetermined
2015,undetermined
2016,undetermined
2017,undetermined
2018,undetermined
2019,undetermined
2020,undetermined
2021,undetermined
2022,undetermined
2023,undetermined
2024,undetermined
2025,undetermined
2026,undetermined
2027,undetermined
2028,undetermined
2029,undetermined
2030,undetermined
2031,undetermined
2032,tube
2033,undetermined
2034,undetermined
2035,undetermined
2036,undetermined
2037,undetermined
2038,undetermined
2039,undetermined
2040,undetermined
2041,undetermined
2042,undetermined
2043,undetermined
2044,undetermined
2045,undetermined
2046,undetermined
2047,undetermined
2048,tube
2049,undetermined
2050,undetermined
2051,undetermined
2052,undetermined
2053,undetermined
2054,undetermined
2055,undetermined
2056,undetermined
2057,undetermined
2058,undetermined
2059,undetermined
2060,undetermined
2061,undetermined
2062,undetermined
2063,undetermined
2064,undetermined
2065,undetermined
2066,undetermined
2067,undetermined
2068,tube
2069,undetermined
2070,undetermined
2071,tube
2072,undetermined
2073,undetermined
2074,undetermined
2075,undetermined
2076,undetermined
2077,undetermined
2078,undetermined
2079,undetermined
2080,undetermined
2081,undetermined
2082,undetermined
2083,undetermined
2084,undetermined
2085,undetermined
2086,undetermined
2087,undetermined
2088,undetermined
2089,undetermined
2090,undetermined
2091,undetermined
2092,undetermined
2093,undetermined
2094,undetermined
2095,undetermined
2096,undetermined
2097,undetermined
2098,undetermined
2099,undetermined
2100,undetermined
2101,undetermined
2102,undetermined
2103,undetermined
2104,undetermined
2105,undetermined
2106,undetermined
2107,undetermined
2108,undetermined
2109,undetermined
2110,undetermined
2111,undetermined
2112,undetermined
2113,undetermined
2114,undetermined
2115,undetermined
2116,undetermined
2117,undetermined
2118,undetermined
2119,undetermined
2120,tube
2121,undetermined
2122,undetermined
2123,undetermined
2124,undetermined
2125,undetermined
2126,undetermined
2127,undetermined
2128,undetermined
2129,undetermined
2130,undetermined
2131,undetermined
2132,undetermined
2133,undetermined
2134,undetermined
2135,undetermined
2136,undetermined
2137,undetermined
2138,undetermined
2139,undetermined
2140,undetermined
2141,undetermined
2142,undetermined
2143,undetermined
2144,undetermined
2145,undetermined
2146,undetermined
2147,undetermined
2148,undetermined
2149,undetermined
2150,undetermined
2151,undetermined
2152,undetermined
2153,undetermined
2154,undetermined
2155,undetermined
2156,undetermined
2157,undetermined
2158,undetermined
2159,undetermined
2160,undetermined
2161,undetermined
2162,undetermined
2163,undetermined
2164,undetermined
2165,undetermined
2166,undetermined
2167,undetermined
2168,undetermined
2169,undetermined
2170,undetermined
2171,undetermined
2172,undetermined
2173,undetermined
2174,undetermined
2175,undetermined
2176,undetermined
2177,undetermined
2178,tube
2179,undetermined
2180,undetermined
2181,undetermined
2182,undetermined
2183,undetermined
2184,undetermined
2185,undetermined
2186,undetermined
2187,undetermined
2188,undetermined
2189,undetermined
2190,undetermined
2191,undetermined
2192,undetermined
2193,undetermined
2194,undetermined
2195,undetermined
2196,undetermined
2197,undetermined
2198,undetermined
2199,undetermined
2200,undetermined
2201,undetermined
2202,undetermined
2203,undetermined
2204,undetermined
2205,undetermined
2206,undetermined
2207,undetermined
2208,undetermined
2209,undetermined
2210,undetermined
2211,undetermined
2212,undetermined
2213,undetermined
2214,tube
2215,undetermined
2216,undetermined
2217,undetermined
2218,undetermined
2219,undetermined
2220,undetermined
2221,undetermined
2222,undetermined
2223,undetermined
2224,undetermined
2225,undetermined
2226,undetermined
2227,undetermined
2228,undetermined
2229,undetermined
2230,undetermined
2231,undetermined
2232,undetermined
2233,undetermined
2234,undetermined
2235,undetermined
2236,undetermined
2237,undetermined
2238,undetermined
2239,undetermined
2240,undetermined
2241,undetermined
2242,undetermined
2243,undetermined
2244,undetermined
2245,undetermined
2246,undetermined
2247,undetermined
2248,undetermined
2249,undetermined
2250,undetermined
2251,undetermined
2252,undetermined
2253,undetermined
2254,undetermined
2255,undetermined
2256,undetermined
2257,undetermined
2258,undetermined
2259,undetermined
2260,undetermined
2261,undetermined
2262,undetermined
2263,undetermined
2264,undetermined
2265,undetermined
2266,undetermined
2267,undetermined
2268,undetermined
2269,undetermined
2270,undetermined
2271,undetermined
2272,undetermined
2273,undetermined
2274,undetermined
2275,undetermined
2276,tube
2277,tube
2278,undetermined
2279,undetermined
2280,undetermined
2281,undetermined
2282,undetermined
2283,undetermined
2284,undetermined
2285,undetermined
2286,undetermined
2287,undetermined
2288,undetermined
2289,undetermined
2290,undetermined
2291,undetermined
2292,undetermined
2293,undetermined
2294,undetermined
2295,undetermined
2296,undetermined
2297,undetermined
2298,undetermined
2299,undetermined
2300,undetermined
2301,undetermined
2302,undetermined
2303,undetermined
2304,undetermined
2305,undetermined
2306,undetermined
2307,undetermined
2308,undetermined
2309,undetermined
2310,undetermined
2311,undetermined
2312,undetermined
2313,undetermined
2314,undetermined
2315,undetermined
2316,tube
2317,undetermined
2318,undetermined
2319,undetermined
2320,undetermined
2321,undetermined
2322,undetermined
2323,undetermined
2324,undetermined
2325,undetermined
2326,undetermined
2327,undetermined
2328,undetermined
2329,undetermined
2330,undetermined
2331,undetermined
2332,undetermined
2333,undetermined
2334,undetermined
2335,undetermined
2336,undetermined
2337,undetermined
2338,undetermined
2339,undetermined
2340,undetermined
2341,undetermined
2342,undetermined
2343,undetermined
2344,undetermined
2345,undetermined
2346,undetermined
2347,undetermined
2348,tube
2349,undetermined
2350,tube
2351,undetermined
2352,undetermined
2353,undetermined
2354,undetermined
2355,undetermined
2356,undetermined
2357,undetermined
2358,undetermined
2359,undetermined
2360,undetermined
2361,undetermined
2362,undetermined
2363,undetermined
2364,undetermined
2365,undetermined
2366,undetermined
2367,undetermined
2368,tube
2369,undetermined
2370,undetermined
2371,undetermined
2372,undetermined
2373,undetermined
2374,undetermined
2375,tube
2376,undetermined
2377,undetermined
2378,undetermined
2379,undetermined
2380,undetermined
2381,undetermined
2382,undetermined
2383,undetermined
2384,undetermined
2385,undetermined
2386,undetermined
2387,undetermined
2388,undetermined
2389,undetermined
2390,undetermined
2391,undetermined
2392,undetermined
2393,undetermined
2394,undetermined
2395,undetermined
2396,undetermined
2397,undetermined
2398,undetermined
2399,undetermined
2400,undetermined
2401,undetermined
2402,undetermined
2403,undetermined
2404,tube
2405,undetermined
2406,undetermined
2407,undetermined
2408,undetermined
2409,undetermined
2410,undetermined
2411,undetermined
2412,undetermined
2413,undetermined
2414,undetermined
2415,undetermined
2416,undetermined
2417,undetermined
2418,undetermined
2419,undetermined
2420,tube
2421,undetermined
2422,undetermined
2423,undetermined
2424,undetermined
2425,undetermined
2426,undetermined
2427,undetermined
2428,undetermined
2429,undetermined
2430,undetermined
2431,undetermined
2432,undetermined
2433,undetermined
2434,undetermined
2435,undetermined
2436,undetermined
2437,undetermined
2438,undetermined
2439,undetermined
2440,undetermined
2441,undetermined
2442,undetermined
2443,undetermined
2444,undetermined
2445,undetermined
2446,undetermined
2447,undetermined
2448,undetermined
2449,undetermined
2450,undetermined
2451,undetermined
2452,undetermined
2453,undetermined
2454,undetermined
2455,undetermined
2456,undetermined
2457,undetermined
2458,undetermined
2459,undetermined
2460,undetermined
2461,undetermined
2462,undetermined
2463,undetermined
2464,undetermined
2465,undetermined
2466,undetermined
2467,undetermined
2468,undetermined
2469,undetermined
2470,undetermined
2471,undetermined
2472,tube
2473,undetermined
2474,tube
2475,undetermined
2476,undetermined
2477,undetermined
2478,undetermined
2479,undetermined
2480,undetermined
2481,undetermined
2482,undetermined
2483,undetermined
2484,undetermined
2485,tube
2486,undetermined
2487,undetermined
2488,undetermined
2489,undetermined
2490,undetermined
2491,undetermined
2492,undetermined
2493,undetermined
2494,undetermined
2495,tube
2496,undetermined
2497,undetermined
2498,undetermined
2499,undetermined
2500,undetermined
2501,undetermined
2502,undetermined
2503,undetermined
2504,undetermined
2505,tube
2506,undetermined
2507,undetermined
2508,undetermined
2509,undetermined
2510,undetermined
2511,undetermined
2512,undetermined
2513,undetermined
2514,undetermined
2515,undetermined
2516,undetermined
2517,undetermined
2518,undetermined
2519,undetermined
2520,undetermined
2521,undetermined
2522,undetermined
2523,undetermined
2524,undetermined
2525,undetermined
2526,undetermined
2527,undetermined
2528,undetermined
2529,tube
2530,undetermined
2531,undetermined
2532,undetermined
2533,undetermined
2534,undetermined
2535,undetermined
2536,undetermined
2537,undetermined
2538,undetermined
2539,undetermined
2540,undetermined
2541,undetermined
2542,undetermined
2543,undetermined
2544,undetermined
2545,undetermined
2546,undetermined
2547,undetermined
2548,undetermined
2549,undetermined
2550,undetermined
2551,undetermined
2552,undetermined
2553,undetermined
2554,undetermined
2555,undetermined
2556,undetermined
2557,undetermined
2558,undetermined
2559,undetermined
2560,undetermined
2561,undetermined
2562,undetermined
2563,undetermined
2564,undetermined
2565,undetermined
2566,undetermined
2567,undetermined
2568,undetermined
2569,undetermined
2570,tube
2571,undetermined
2572,undetermined
2573,undetermined
2574,undetermined
2575,undetermined
2576,undetermined
2577,undetermined
2578,undetermined
2579,undetermined
2580,undetermined
2581,tube
2582,undetermined
2583,tube
2584,undetermined
2585,undetermined
2586,undetermined
2587,undetermined
2588,undetermined
2589,undetermined
2590,undetermined
2591,undetermined
2592,undetermined
2593,tube
2594,undetermined
2595,undetermined
2596,undetermined
2597,undetermined
2598,undetermined
2599,undetermined
2600,undetermined
2601,undetermined
2602,tube
2603,undetermined
2604,undetermined
2605,undetermined
2606,undetermined
2607,undetermined
2608,undetermined
2609,undetermined
2610,undetermined
2611,undetermined
2612,undetermined
2613,tube
2614,undetermined
2615,undetermined
2616,undetermined
2617,undetermined
2618,undetermined
2619,undetermined
2620,undetermined
2621,undetermined
2622,undetermined
2623,undetermined
2624,undetermined
2625,undetermined
2626,undetermined
2627,undetermined
2628,tube
2629,undetermined
2630,tube
2631,undetermined
2632,undetermined
2633,undetermined
2634,tube
2635,undetermined
2636,undetermined
2637,undetermined
2638,undetermined
2639,undetermined
2640,undetermined
2641,undetermined
2642,undetermined
2643,undetermined
2644,undetermined
2645,undetermined
2646,undetermined
2647,undetermined
2648,undetermined
2649,undetermined
2650,undetermined
2651,undetermined
2652,undetermined
2653,undetermined
2654,tube
2655,undetermined
2656,undetermined
2657,undetermined
2658,undetermined
2659,undetermined
2660,undetermined
2661,undetermined
2662,undetermined
2663,undetermined
2664,undetermined
2665,undetermined
2666,undetermined
2667,undetermined
2668,undetermined
2669,undetermined
2670,undetermined
2671,undetermined
2672,undetermined
2673,undetermined
2674,tube
2675,undetermined
2676,undetermined
2677,undetermined
2678,undetermined
2679,undetermined
2680,tube
2681,undetermined
2682,undetermined
2683,undetermined
2684,undetermined
2685,undetermined
2686,undetermined
2687,undetermined
2688,undetermined
2689,undetermined
2690,undetermined
2691,undetermined
2692,undetermined
2693,undetermined
2694,undetermined
2695,undetermined
2696,undetermined
2697,undetermined
2698,undetermined
2699,undetermined
2700,undetermined
2701,undetermined
2702,undetermined
2703,undetermined
2704,undetermined
2705,undetermined
2706,undetermined
2707,undetermined
2708,undetermined
2709,undetermined
2710,undetermined
2711,undetermined
2712,undetermined
2713,undetermined
2714,undetermined
2715,undetermined
2716,undetermined
2717,undetermined
2718,undetermined
2719,undetermined
2720,undetermined
2721,undetermined
2722,undetermined
2723,undetermined
2724,undetermined
2725,undetermined
2726,undetermined
2727,undetermined
2728,undetermined
2729,undetermined
2730,undetermined
2731,undetermined
2732,undetermined
2733,undetermined
2734,undetermined
2735,undetermined
2736,undetermined
2737,undetermined
2738,undetermined
2739,undetermined
2740,undetermined
2741,undetermined
2742,undetermined
2743,undetermined
2744,undetermined
2745,undetermined
2746,undetermined
2747,undetermined
2748,undetermined
2749,undetermined
2750,undetermined
2751,undetermined
2752,undetermined
2753,undetermined
2754,undetermined
2755,undetermined
2756,undetermined
2757,undetermined
2758,undetermined
2759,undetermined
2760,undetermined
2761,undetermined
2762,undetermined
2763,undetermined
2764,undetermined
2765,undetermined
2766,undetermined
2767,undetermined
2768,undetermined
2769,undetermined
2770,undetermined
2771,undetermined
2772,undetermined
2773,undetermined
2774,undetermined
2775,undetermined
2776,undetermined
2777,undetermined
2778,undetermined
2779,undetermined
2780,undetermined
2781,undetermined
2782,undetermined
2783,undetermined
2784,undetermined
2785,undetermined
2786,undetermined
2787,undetermined
2788,undetermined
2789,undetermined
2790,undetermined
2791,undetermined
2792,undetermined
2793,undetermined
2794,undetermined
2795,undetermined
2796,undetermined
2797,undetermined
2798,undetermined
2799,undetermined
2800,undetermined
2801,undetermined
2802,undetermined
2803,tube
2804,undetermined
2805,undetermined
2806,undetermined
2807,undetermined
2808,undetermined
2809,undetermined
2810,undetermined
2811,undetermined
2812,undetermined
2813,undetermined
2814,undetermined
2815,undetermined
2816,undetermined
2817,undetermined
2818,undetermined
2819,undetermined
2820,undetermined
2821,undetermined
2822,undetermined
2823,undetermined
2824,undetermined
2825,undetermined
2826,undetermined
2827,undetermined
2828,undetermined
2829,undetermined
2830,undetermined
2831,undetermined
2832,undetermined
2833,undetermined
2834,undetermined
2835,undetermined
2836,undetermined
2837,undetermined
2838,undetermined
2839,undetermined
2840,undetermined
2841,undetermined
2842,undetermined
2843,undetermined
2844,tube
2845,undetermined
2846,undetermined
2847,undetermined
2848,undetermined
2849,undetermined
2850,undetermined
2851,undetermined
2852,undetermined
2853,undetermined
2854,undetermined
2855,undetermined
2856,undetermined
2857,tube
2858,undetermined
2859,undetermined
2860,undetermined
2861,undetermined
2862,undetermined
2863,undetermined
2864,undetermined
2865,undetermined
2866,undetermined
2867,undetermined
2868,undetermined
2869,undetermined
2870,undetermined
2871,undetermined
2872,tube
2873,undetermined
2874,tube
2875,undetermined
2876,undetermined
2877,undetermined
2878,undetermined
2879,undetermined
2880,undetermined
2881,undetermined
2882,undetermined
2883,undetermined
2884,undetermined
2885,undetermined
2886,undetermined
2887,undetermined
2888,undetermined
2889,undetermined
2890,undetermined
2891,undetermined
2892,undetermined
2893,undetermined
2894,undetermined
2895,undetermined
2896,undetermined
2897,undetermined
2898,undetermined
2899,undetermined
2900,undetermined
2901,undetermined
2902,undetermined
2903,undetermined
2904,undetermined
2905,undetermined
2906,undetermined
2907,undetermined
2908,undetermined
2909,undetermined
2910,undetermined
2911,undetermined
2912,undetermined
2913,undetermined
2914,undetermined
2915,undetermined
2916,undetermined
2917,undetermined
2918,undetermined
2919,undetermined
2920,undetermined
2921,undetermined
2922,undetermined
2923,undetermined
2924,undetermined
2925,undetermined
2926,undetermined
2927,undetermined
2928,undetermined
2929,undetermined
2930,undetermined
2931,undetermined
2932,undetermined
2933,undetermined
2934,undetermined
2935,undetermined
2936,undetermined
2937,undetermined
2938,undetermined
2939,undetermined
2940,undetermined
2941,undetermined
2942,undetermined
2943,undetermined
2944,undetermined
2945,undetermined
2946,undetermined
2947,undetermined
2948,undetermined
2949,undetermined
2950,undetermined
2951,undetermined
2952,undetermined
2953,undetermined
2954,undetermined
2955,undetermined
2956,undetermined
2957,undetermined
2958,undetermined
2959,undetermined
2960,undetermined
2961,undetermined
2962,undetermined
2963,undetermined
2964,undetermined
2965,undetermined
2966,undetermined
2967,undetermined
2968,undetermined
2969,undetermined
2970,undetermined
2971,undetermined
2972,undetermined
2973,undetermined
2974,undetermined
2975,undetermined
2976,undetermined
2977,undetermined
2978,undetermined
2979,undetermined
2980,undetermined
2981,undetermined
2982,undetermined
2983,undetermined
2984,undetermined
2985,undetermined
2986,undetermined
2987,undetermined
2988,tube
2989,undetermined
2990,undetermined
2991,undetermined
2992,undetermined
2993,undetermined
2994,undetermined
2995,undetermined
2996,undetermined
2997,undetermined
2998,undetermined
2999,undetermined
3000,undetermined
3001,undetermined
3002,undetermined
3003,undetermined
3004,undetermined
3005,undetermined
3006,undetermined
3007,undetermined
3008,undetermined
3009,undetermined
3010,undetermined
3011,undetermined
3012,undetermined
3013,undetermined
3014,undetermined
3015,undetermined
3016,undetermined
3017,undetermined
3018,undetermined
3019,undetermined
3020,undetermined
3021,undetermined
3022,undetermined
3023,undetermined
3024,undetermined
3025,undetermined
3026,tube
3027,undetermined
3028,undetermined
3029,tube
3030,undetermined
3031,undetermined
3032,undetermined
3033,undetermined
3034,undetermined
3035,tube
3036,undetermined
3037,undetermined
3038,undetermined
3039,undetermined
3040,tube
3041,undetermined
3042,undetermined
3043,undetermined
3044,undetermined
3045,undetermined
3046,undetermined
3047,undetermined
3048,undetermined
3049,undetermined
3050,undetermined
3051,undetermined
3052,undetermined
3053,undetermined
3054,undetermined
3055,undetermined
3056,undetermined
3057,tube
3058,undetermined
3059,undetermined
3060,undetermined
3061,undetermined
3062,undetermined
3063,undetermined
3064,undetermined
3065,undetermined
3066,undetermined
3067,undetermined
3068,undetermined
3069,undetermined
3070,tube
3071,undetermined
3072,tube
3073,undetermined
3074,undetermined
3075,undetermined
3076,undetermined
3077,undetermined
3078,undetermined
3079,undetermined
3080,undetermined
3081,undetermined
3082,undetermined
3083,undetermined
3084,tube
3085,undetermined
3086,undetermined
3087,undetermined
3088,undetermined
3089,undetermined
3090,undetermined
3091,undetermined
3092,undetermined
3093,undetermined
3094,undetermined
3095,tube
3096,undetermined
3097,undetermined
3098,undetermined
3099,undetermined
3100,undetermined
3101,undetermined
3102,undetermined
3103,tube
3104,undetermined
3105,undetermined
3106,undetermined
3107,undetermined
3108,undetermined
3109,undetermined
3110,undetermined
3111,undetermined
3112,tube
3113,undetermined
3114,undetermined
3115,undetermined
3116,undetermined
3117,undetermined
3118,undetermined
3119,undetermined
3120,undetermined
3121,undetermined
3122,undetermined
3123,undetermined
3124,undetermined
3125,undetermined
3126,undetermined
3127,undetermined
3128,undetermined
3129,undetermined
3130,undetermined
3131,undetermined
3132,undetermined
3133,undetermined
3134,undetermined
3135,undetermined
3136,undetermined
3137,undetermined
3138,tube
3139,undetermined
3140,undetermined
3141,undetermined
3142,undetermined
3143,undetermined
3144,undetermined
3145,undetermined
3146,undetermined
3147,undetermined
3148,tube
3149,undetermined
3150,undetermined
3151,undetermined
3152,undetermined
3153,undetermined
3154,undetermined
3155,undetermined
3156,undetermined
3157,tube
3158,undetermined
3159,undetermined
3160,undetermined
3161,undetermined
3162,undetermined
3163,undetermined
3164,undetermined
3165,undetermined
3166,undetermined
3167,undetermined
3168,tube
3169,undetermined
3170,tube
3171,undetermined
3172,undetermined
3173,undetermined
3174,undetermined
3175,undetermined
3176,tube
3177,tube
3178,undetermined
3179,undetermined
3180,undetermined
3181,undetermined
3182,undetermined
3183,undetermined
3184,undetermined
3185,undetermined
3186,undetermined
3187,undetermined
3188,undetermined
3189,undetermined
3190,undetermined
3191,undetermined
3192,undetermined
3193,undetermined
3194,undetermined
3195,undetermined
3196,undetermined
3197,undetermined
3198,undetermined
3199,undetermined
3200,undetermined
3201,undetermined
3202,undetermined
3203,undetermined
3204,undetermined
3205,undetermined
3206,undetermined
3207,undetermined
3208,undetermined
3209,undetermined
3210,undetermined
3211,undetermined
3212,undetermined
3213,undetermined
3214,undetermined
3215,undetermined
3216,undetermined
3217,undetermined
3218,tube
3219,undetermined
3220,undetermined
3221,undetermined
3222,undetermined
3223,undetermined
3224,undetermined
3225,undetermined
3226,tube
3227,undetermined
3228,undetermined
3229,undetermined
3230,undetermined
3231,undetermined
3232,undetermined
3233,tube
3234,undetermined
3235,undetermined
3236,undetermined
3237,undetermined
3238,undetermined
3239,undetermined
3240,undetermined
3241,undetermined
3242,undetermined
3243,undetermined
3244,tube
3245,undetermined
3246,undetermined
3247,undetermined
3248,undetermined
3249,undetermined
3250,undetermined
3251,undetermined
3252,undetermined
3253,undetermined
3254,undetermined
3255,undetermined
3256,undetermined
3257,undetermined
3258,undetermined
3259,undetermined
3260,undetermined
3261,undetermined
3262,undetermined
3263,undetermined
3264,undetermined
3265,undetermined
3266,undetermined
3267,undetermined
3268,undetermined
3269,undetermined
3270,undetermined
3271,undetermined
3272,undetermined
3273,undetermined
3274,undetermined
3275,undetermined
3276,undetermined
3277,undetermined
3278,undetermined
3279,undetermined
3280,undetermined
3281,undetermined
3282,undetermined
3283,undetermined
3284,undetermined
3285,undetermined
3286,undetermined
3287,undetermined
3288,tube
3289,undetermined
3290,undetermined
3291,undetermined
3292,undetermined
3293,undetermined
3294,undetermined
3295,undetermined
3296,undetermined
3297,undetermined
3298,tube
3299,undetermined
3300,undetermined
3301,undetermined
3302,tube
3303,undetermined
3304,undetermined
3305,undetermined
3306,undetermined
3307,undetermined
3308,undetermined
3309,undetermined
3310,undetermined
3311,undetermined
3312,undetermined
3313,undetermined
3314,undetermined
3315,undetermined
3316,undetermined
3317,undetermined
3318,undetermined
3319,undetermined
3320,undetermined
3321,undetermined
3322,undetermined
3323,undetermined
3324,undetermined
3325,undetermined
3326,undetermined
3327,undetermined
3328,undetermined
3329,undetermined
3330,undetermined
3331,undetermined
3332,undetermined
3333,undetermined
3334,undetermined
3335,undetermined
3336,tube
3337,undetermined
3338,tube
3339,undetermined
3340,undetermined
3341,undetermined
3342,undetermined
3343,undetermined
3344,undetermined
3345,undetermined
3346,undetermined
3347,undetermined
3348,undetermined
3349,undetermined
3350,undetermined
3351,undetermined
3352,undetermined
3353,tube
3354,undetermined
3355,undetermined
3356,undetermined
3357,undetermined
3358,undetermined
3359,undetermined
3360,undetermined
3361,undetermined
3362,undetermined
3363,undetermined
3364,undetermined
3365,undetermined
3366,undetermined
3367,undetermined
3368,undetermined
3369,undetermined
3370,undetermined
3371,undetermined
3372,undetermined
3373,undetermined
3374,undetermined
3375,undetermined
3376,undetermined
3377,undetermined
3378,undetermined
3379,undetermined
3380,undetermined
3381,undetermined
3382,undetermined
3383,undetermined
3384,undetermined
3385,tube
3386,undetermined
3387,undetermined
3388,undetermined
3389,undetermined
3390,undetermined
3391,undetermined
3392,undetermined
3393,undetermined
3394,undetermined
3395,undetermined
3396,undetermined
3397,undetermined
3398,undetermined
3399,undetermined
3400,tube
3401,undetermined
3402,undetermined
3403,undetermined
3404,undetermined
3405,undetermined
3406,undetermined
3407,undetermined
3408,undetermined
3409,undetermined
3410,undetermined
3411,undetermined
3412,undetermined
3413,undetermined
3414,undetermined
3415,undetermined
3416,undetermined
3417,undetermined
3418,undetermined
3419,undetermined
3420,tube
3421,undetermined
3422,undetermined
3423,undetermined
3424,undetermined
3425,undetermined
3426,undetermined
3427,undetermined
3428,undetermined
3429,undetermined
3430,undetermined
3431,undetermined
3432,undetermined
3433,undetermined
3434,undetermined
3435,undetermined
3436,undetermined
3437,undetermined
3438,undetermined
3439,undetermined
3440,undetermined
3441,tube
3442,undetermined
3443,undetermined
3444,undetermined
3445,undetermined
3446,undetermined
3447,undetermined
3448,undetermined
3449,undetermined
3450,undetermined
3451,tube
3452,undetermined
3453,undetermined
3454,undetermined
3455,undetermined
3456,undetermined
3457,undetermined
3458,undetermined
3459,undetermined
3460,undetermined
3461,undetermined
3462,undetermined
3463,undetermined
3464,undetermined
3465,undetermined
3466,undetermined
3467,undetermined
3468,undetermined
3469,undetermined
3470,undetermined
3471,undetermined
3472,undetermined
3473,undetermined
3474,undetermined
3475,tube
3476,undetermined
3477,undetermined
3478,undetermined
3479,undetermined
3480,undetermined
3481,tube
3482,undetermined
3483,undetermined
3484,undetermined
3485,undetermined
3486,undetermined
3487,undetermined
3488,undetermined
3489,undetermined
3490,undetermined
3491,undetermined
3492,tube
3493,undetermined
3494,undetermined
3495,undetermined
3496,undetermined
3497,undetermined
3498,undetermined
3499,tube
3500,undetermined
3501,undetermined
3502,undetermined
3503,undetermined
3504,undetermined
3505,undetermined
3506,undetermined
3507,undetermined
3508,undetermined
3509,undetermined
3510,undetermined
3511,undetermined
3512,undetermined
3513,undetermined
3514,undetermined
3515,undetermined
3516,undetermined
3517,undetermined
3518,undetermined
3519,undetermined
3520,undetermined
3521,undetermined
3522,undetermined
3523,undetermined
3524,undetermined
3525,undetermined
3526,undetermined
3527,tube
3528,undetermined
3529,undetermined
3530,tube
3531,undetermined
3532,tube
3533,undetermined
3534,undetermined
3535,undetermined
3536,undetermined
3537,undetermined
3538,undetermined
3539,undetermined
3540,undetermined
3541,undetermined
3542,undetermined
3543,undetermined
3544,undetermined
3545,undetermined
3546,undetermined
3547,undetermined
3548,undetermined
3549,undetermined
3550,undetermined
3551,undetermined
3552,tube
3553,undetermined
3554,undetermined
3555,undetermined
3556,undetermined
3557,undetermined
3558,undetermined
3559,undetermined
3560,undetermined
3561,undetermined
3562,undetermined
3563,undetermined
3564,undetermined
3565,undetermined
3566,undetermined
3567,undetermined
3568,undetermined
3569,undetermined
3570,undetermined
3571,undetermined
3572,undetermined
3573,undetermined
3574,undetermined
3575,undetermined
3576,undetermined
3577,undetermined
3578,undetermined
3579,undetermined
3580,undetermined
3581,undetermined
3582,undetermined
3583,undetermined
3584,undetermined
3585,undetermined
3586,undetermined
3587,undetermined
3588,undetermined
3589,undetermined
3590,undetermined
3591,undetermined
3592,undetermined
3593,undetermined
3594,tube
3595,undetermined
3596,tube
3597,undetermined
3598,undetermined
3599,undetermined
3600,tube
3601,undetermined
3602,undetermined
3603,undetermined
3604,undetermined
3605,undetermined
3606,undetermined
3607,undetermined
3608,undetermined
3609,undetermined
3610,undetermined
3611,undetermined
3612,undetermined
3613,undetermined
3614,undetermined
3615,undetermined
3616,undetermined
3617,undetermined
3618,undetermined
3619,undetermined
3620,undetermined
3621,undetermined
3622,undetermined
3623,undetermined
3624,undetermined
3625,undetermined
3626,tube
3627,undetermined
3628,undetermined
3629,undetermined
3630,undetermined
3631,undetermined
3632,undetermined
3633,undetermined
3634,undetermined
3635,undetermined
3636,undetermined
3637,undetermined
3638,undetermined
3639,undetermined
3640,undetermined
3641,undetermined
3642,undetermined
3643,undetermined
3644,undetermined
3645,undetermined
3646,undetermined
3647,undetermined
3648,undetermined
3649,undetermined
3650,undetermined
3651,undetermined
3652,undetermined
3653,undetermined
3654,undetermined
3655,undetermined
3656,undetermined
3657,undetermined
3658,undetermined
3659,undetermined
3660,undetermined
3661,undetermined
3662,undetermined
3663,undetermined
3664,undetermined
3665,undetermined
3666,undetermined
3667,undetermined
3668,undetermined
3669,undetermined
3670,undetermined
3671,undetermined
3672,undetermined
3673,undetermined
3674,undetermined
3675,undetermined
3676,undetermined
3677,undetermined
3678,tube
3679,undetermined
3680,undetermined
3681,undetermined
3682,undetermined
3683,undetermined
3684,undetermined
3685,undetermined
3686,undetermined
3687,undetermined
3688,undetermined
3689,undetermined
3690,undetermined
3691,undetermined
3692,undetermined
3693,undetermined
3694,undetermined
3695,undetermined
3696,undetermined
3697,undetermined
3698,undetermined
3699,undetermined
3700,undetermined
3701,undetermined
3702,undetermined
3703,undetermined
3704,undetermined
3705,undetermined
3706,undetermined
3707,undetermined
3708,undetermined
3709,undetermined
3710,undetermined
3711,undetermined
3712,undetermined
3713,undetermined
3714,undetermined
3715,undetermined
3716,undetermined
3717,undetermined
3718,undetermined
3719,undetermined
3720,undetermined
3721,undetermined
3722,undetermined
3723,undetermined
3724,undetermined
3725,undetermined
3726,tube
3727,undetermined
3728,undetermined
3729,undetermined
3730,undetermined
3731,undetermined
3732,undetermined
3733,undetermined
3734,undetermined
3735,undetermined
3736,undetermined
3737,undetermined
3738,undetermined
3739,undetermined
3740,undetermined
3741,undetermined
3742,undetermined
3743,undetermined
3744,undetermined
3745,undetermined
3746,undetermined
3747,undetermined
3748,undetermined
3749,undetermined
3750,undetermined
3751,undetermined
3752,undetermined
3753,undetermined
3754,undetermined
3755,undetermined
3756,undetermined
3757,undetermined
3758,undetermined
3759,undetermined
3760,undetermined
3761,undetermined
3762,undetermined
3763,undetermined
3764,undetermined
3765,undetermined
3766,undetermined
3767,undetermined
3768,undetermined
3769,undetermined
3770,undetermined
3771,undetermined
3772,undetermined
3773,undetermined
3774,undetermined
3775,undetermined
3776,undetermined
3777,undetermined
3778,undetermined
3779,undetermined
3780,undetermined
3781,undetermined
3782,undetermined
3783,undetermined
3784,undetermined
3785,undetermined
3786,tube
3787,undetermined
3788,undetermined
3789,undetermined
3790,undetermined
3791,undetermined
3792,undetermined
3793,undetermined
3794,undetermined
3795,undetermined
3796,undetermined
3797,undetermined
3798,undetermined
3799,undetermined
3800,undetermined
3801,undetermined
3802,undetermined
3803,undetermined
3804,undetermined
3805,undetermined
3806,undetermined
3807,undetermined
3808,undetermined
3809,undetermined
3810,undetermined
3811,undetermined
3812,undetermined
3813,undetermined
3814,undetermined
3815,undetermined
3816,undetermined
3817,undetermined
3818,undetermined
3819,undetermined
3820,undetermined
3821,undetermined
3822,undetermined
3823,undetermined
3824,undetermined
3825,undetermined
3826,undetermined
3827,undetermined
3828,undetermined
3829,undetermined
3830,undetermined
3831,undetermined
3832,undetermined
3833,undetermined
3834,undetermined
3835,undetermined
3836,undetermined
3837,undetermined
3838,undetermined
3839,undetermined
3840,undetermined
3841,undetermined
3842,undetermined
3843,tube
3844,undetermined
3845,undetermined
3846,undetermined
3847,undetermined
3848,undetermined
3849,undetermined
3850,undetermined
3851,undetermined
3852,undetermined
3853,undetermined
3854,undetermined
3855,undetermined
3856,undetermined
3857,undetermined
3858,undetermined
3859,undetermined
3860,undetermined
3861,undetermined
3862,undetermined
3863,undetermined
3864,undetermined
3865,undetermined
3866,undetermined
3867,undetermined
3868,undetermined
3869,undetermined
3870,tube
3871,undetermined
3872,tube
3873,undetermined
3874,tube
3875,undetermined
3876,undetermined
3877,undetermined
3878,undetermined
3879,undetermined
3880,undetermined
3881,undetermined
3882,undetermined
3883,undetermined
3884,undetermined
3885,undetermined
3886,undetermined
3887,tube
3888,undetermined
3889,undetermined
3890,undetermined
3891,undetermined
3892,undetermined
3893,undetermined
3894,undetermined
3895,undetermined
3896,undetermined
3897,undetermined
3898,undetermined
3899,undetermined
3900,undetermined
3901,undetermined
3902,undetermined
3903,undetermined
3904,undetermined
3905,undetermined
3906,undetermined
3907,undetermined
3908,undetermined
3909,undetermined
3910,undetermined
3911,undetermined
3912,undetermined
3913,undetermined
3914,undetermined
3915,undetermined
3916,undetermined
3917,undetermined
3918,undetermined
3919,undetermined
3920,undetermined
3921,undetermined
3922,undetermined
3923,undetermined
3924,undetermined
3925,undetermined
3926,undetermined
3927,undetermined
3928,undetermined
3929,undetermined
3930,undetermined
3931,undetermined
3932,undetermined
3933,undetermined
3934,undetermined
3935,undetermined
3936,undetermined
3937,undetermined
3938,undetermined
3939,undetermined
3940,undetermined
3941,undetermined
3942,undetermined
3943,undetermined
3944,undetermined
3945,undetermined
3946,undetermined
3947,undetermined
3948,undetermined
3949,undetermined
3950,undetermined
3951,undetermined
3952,undetermined
3953,undetermined
3954,undetermined
3955,undetermined
3956,undetermined
3957,undetermined
3958,undetermined
3959,undetermined
3960,undetermined
3961,undetermined
3962,undetermined
3963,undetermined
3964,undetermined
3965,undetermined
3966,undetermined
3967,undetermined
3968,undetermined
3969,undetermined
3970,undetermined
3971,tube
3972,undetermined
3973,undetermined
3974,undetermined
3975,undetermined
3976,undetermined
3977,undetermined
3978,undetermined
3979,undetermined
3980,undetermined
3981,undetermined
3982,tube
3983,undetermined
3984,undetermined
3985,undetermined
3986,undetermined
3987,undetermined
3988,undetermined
3989,undetermined
3990,undetermined
3991,undetermined
3992,tube
3993,undetermined
3994,undetermined
3995,undetermined
3996,undetermined
3997,undetermined
3998,undetermined
3999,undetermined
4000,undetermined
4001,undetermined
4002,undetermined
4003,undetermined
4004,undetermined
4005,undetermined
4006,tube
4007,undetermined
4008,undetermined
4009,tube
4010,undetermined
4011,undetermined
4012,undetermined
4013,undetermined
4014,undetermined
4015,undetermined
4016,undetermined
4017,undetermined
4018,undetermined
4019,undetermined
4020,undetermined
4021,undetermined
4022,undetermined
4023,undetermined
4024,undetermined
4025,undetermined
4026,undetermined
4027,undetermined
4028,undetermined
4029,undetermined
4030,tube
4031,undetermined
4032,undetermined
4033,undetermined
4034,undetermined
4035,undetermined
4036,undetermined
4037,undetermined
4038,undetermined
4039,undetermined
4040,undetermined
4041,undetermined
4042,undetermined
4043,undetermined
4044,tube
4045,undetermined
4046,undetermined
4047,undetermined
4048,undetermined
4049,undetermined
4050,undetermined
4051,undetermined
4052,undetermined
4053,undetermined
4054,undetermined
4055,undetermined
4056,undetermined
4057,undetermined
4058,tube
4059,tube
4060,undetermined
4061,tube
4062,undetermined
4063,undetermined
4064,undetermined
4065,undetermined
4066,undetermined
4067,undetermined
4068,undetermined
4069,undetermined
4070,undetermined
4071,undetermined
4072,undetermined
4073,undetermined
4074,undetermined
4075,undetermined
4076,undetermined
4077,undetermined
4078,undetermined
4079,undetermined
4080,undetermined
4081,undetermined
4082,undetermined
4083,undetermined
4084,undetermined
4085,undetermined
4086,undetermined
4087,undetermined
4088,undetermined
4089,undetermined
4090,undetermined
4091,undetermined
4092,undetermined
4093,undetermined
4094,undetermined
4095,undetermined
4096,undetermined
4097,undetermined
4098,undetermined
4099,undetermined
4100,undetermined
4101,undetermined
4102,undetermined
4103,undetermined
4104,undetermined
4105,undetermined
4106,undetermined
4107,undetermined
4108,undetermined
4109,undetermined
4110,undetermined
4111,undetermined
4112,undetermined
4113,undetermined
4114,undetermined
4115,undetermined
4116,undetermined
4117,undetermined
4118,undetermined
4119,undetermined
4120,undetermined
4121,undetermined
4122,undetermined
4123,undetermined
4124,undetermined
4125,undetermined
4126,undetermined
4127,undetermined
4128,undetermined
4129,undetermined
4130,tube
4131,undetermined
4132,undetermined
4133,undetermined
4134,undetermined
4135,undetermined
4136,undetermined
4137,undetermined
4138,undetermined
4139,undetermined
4140,undetermined
4141,undetermined
4142,undetermined
4143,undetermined
4144,undetermined
4145,undetermined
4146,undetermined
4147,undetermined
4148,undetermined
4149,undetermined
4150,undetermined
4151,undetermined
4152,undetermined
4153,undetermined
4154,undetermined
4155,undetermined
4156,undetermined
4157,undetermined
4158,undetermined
4159,undetermined
4160,undetermined
4161,undetermined
4162,undetermined
4163,tube
4164,undetermined
4165,tube
4166,undetermined
4167,undetermined
4168,undetermined
4169,undetermined
4170,undetermined
4171,undetermined
4172,undetermined
4173,undetermined
4174,undetermined
4175,undetermined
4176,undetermined
4177,undetermined
4178,undetermined
4179,undetermined
4180,undetermined
4181,tube
4182,undetermined
4183,undetermined
4184,undetermined
4185,undetermined
4186,undetermined
4187,undetermined
4188,undetermined
4189,undetermined
4190,undetermined
4191,undetermined
4192,undetermined
4193,undetermined
4194,undetermined
4195,undetermined
4196,undetermined
4197,undetermined
4198,undetermined
4199,undetermined
4200,undetermined
4201,undetermined
4202,undetermined
4203,undetermined
4204,undetermined
4205,undetermined
4206,undetermined
4207,undetermined
4208,undetermined
4209,undetermined
4210,undetermined
4211,undetermined
4212,undetermined
4213,tube
4214,undetermined
4215,undetermined
4216,undetermined
4217,undetermined
4218,undetermined
4219,undetermined
4220,undetermined
4221,undetermined
4222,undetermined
4223,undetermined
4224,undetermined
4225,undetermined
4226,undetermined
4227,undetermined
4228,undetermined
4229,undetermined
4230,undetermined
4231,undetermined
4232,undetermined
4233,undetermined
4234,undetermined
4235,undetermined
4236,undetermined
4237,undetermined
4238,tube
4239,undetermined
4240,undetermined
4241,undetermined
4242,undetermined
4243,undetermined
4244,undetermined
4245,undetermined
4246,undetermined
4247,undetermined
4248,undetermined
4249,undetermined
4250,undetermined
4251,tube
4252,undetermined
4253,undetermined
4254,undetermined
4255,undetermined
4256,undetermined
4257,undetermined
4258,undetermined
4259,undetermined
4260,undetermined
4261,undetermined
4262,tube
4263,undetermined
4264,undetermined
4265,undetermined
4266,undetermined
4267,undetermined
4268,undetermined
4269,tube
4270,tube
4271,undetermined
4272,tube
4273,undetermined
4274,undetermined
4275,undetermined
4276,undetermined
4277,undetermined
4278,undetermined
4279,undetermined
4280,undetermined
4281,undetermined
4282,undetermined
4283,undetermined
4284,undetermined
4285,undetermined
4286,undetermined
4287,undetermined
4288,undetermined
4289,undetermined
4290,undetermined
4291,undetermined
4292,undetermined
4293,undetermined
4294,undetermined
4295,tube
4296,undetermined
4297,undetermined
4298,undetermined
4299,undetermined
4300,undetermined
4301,undetermined
4302,undetermined
4303,undetermined
4304,undetermined
4305,undetermined
4306,undetermined
4307,undetermined
4308,undetermined
4309,tube
4310,undetermined
4311,undetermined
4312,undetermined
4313,undetermined
4314,undetermined
4315,undetermined
4316,undetermined
4317,undetermined
4318,undetermined
4319,undetermined
4320,undetermined
4321,undetermined
4322,undetermined
4323,undetermined
4324,tube
4325,undetermined
4326,undetermined
4327,undetermined
4328,undetermined
4329,undetermined
4330,undetermined
4331,undetermined
4332,undetermined
4333,undetermined
4334,undetermined
4335,undetermined
4336,undetermined
4337,undetermined
4338,undetermined
4339,undetermined
4340,undetermined
4341,undetermined
4342,undetermined
4343,undetermined
4344,undetermined
4345,undetermined
4346,undetermined
4347,undetermined
4348,undetermined
4349,undetermined
4350,undetermined
4351,undetermined
4352,undetermined
4353,undetermined
4354,tube
4355,undetermined
4356,undetermined
4357,undetermined
4358,undetermined
4359,undetermined
4360,undetermined
4361,undetermined
4362,undetermined
4363,undetermined
4364,tube
4365,undetermined
4366,undetermined
4367,undetermined
4368,undetermined
4369,undetermined
4370,undetermined
4371,undetermined
4372,undetermined
4373,undetermined
4374,undetermined
4375,undetermined
4376,undetermined
4377,tube
4378,undetermined
4379,undetermined
4380,undetermined
4381,undetermined
4382,undetermined
4383,undetermined
4384,undetermined
4385,undetermined
4386,undetermined
4387,undetermined
4388,undetermined
4389,undetermined
4390,undetermined
4391,undetermined
4392,undetermined
4393,undetermined
4394,undetermined
4395,tube
4396,undetermined
4397,undetermined
4398,undetermined
4399,undetermined
4400,undetermined
4401,undetermined
4402,undetermined
4403,undetermined
4404,undetermined
4405,undetermined
4406,undetermined
4407,undetermined
4408,undetermined
4409,undetermined
4410,undetermined
4411,undetermined
4412,undetermined
4413,undetermined
4414,undetermined
4415,undetermined
4416,undetermined
4417,undetermined
4418,undetermined
4419,undetermined
4420,undetermined
4421,undetermined
4422,undetermined
4423,undetermined
4424,undetermined
4425,undetermined
4426,undetermined
4427,undetermined
4428,undetermined
4429,undetermined
4430,undetermined
4431,tube
4432,undetermined
4433,undetermined
4434,undetermined
4435,undetermined
4436,undetermined
4437,undetermined
4438,tube
4439,undetermined
4440,undetermined
4441,tube
4442,undetermined
4443,undetermined
4444,undetermined
4445,undetermined
4446,undetermined
4447,undetermined
4448,undetermined
4449,undetermined
4450,undetermined
4451,undetermined
4452,undetermined
4453,undetermined
4454,undetermined
4455,undetermined
4456,undetermined
4457,undetermined
4458,undetermined
4459,undetermined
4460,undetermined
4461,undetermined
4462,undetermined
4463,undetermined
4464,undetermined
4465,undetermined
4466,undetermined
4467,undetermined
4468,undetermined
4469,undetermined
4470,undetermined
4471,undetermined
4472,undetermined
4473,undetermined
4474,undetermined
4475,undetermined
4476,undetermined
4477,undetermined
4478,undetermined
4479,undetermined
4480,undetermined
4481,undetermined
4482,undetermined
4483,undetermined
4484,undetermined
4485,undetermined
4486,undetermined
4487,undetermined
4488,undetermined
4489,undetermined
4490,undetermined
4491,undetermined
4492,undetermined
4493,undetermined
4494,undetermined
4495,undetermined
4496,undetermined
4497,undetermined
4498,undetermined
4499,undetermined
4500,undetermined
4501,undetermined
4502,undetermined
4503,undetermined
4504,undetermined
4505,undetermined
4506,undetermined
4507,undetermined
4508,undetermined
4509,undetermined
4510,undetermined
4511,undetermined
4512,undetermined
4513,undetermined
4514,undetermined
4515,undetermined
4516,undetermined
4517,undetermined
4518,undetermined
4519,undetermined
4520,undetermined
4521,undetermined
4522,undetermined
4523,undetermined
4524,undetermined
4525,undetermined
4526,undetermined
4527,undetermined
4528,undetermined
4529,undetermined
4530,undetermined
4531,undetermined
4532,undetermined
4533,undetermined
4534,undetermined
4535,undetermined
4536,undetermined
4537,undetermined
4538,undetermined
4539,undetermined
4540,undetermined
4541,undetermined
4542,undetermined
4543,undetermined
4544,undetermined
4545,undetermined
4546,undetermined
4547,undetermined
4548,undetermined
4549,undetermined
4550,undetermined
4551,undetermined
4552,undetermined
4553,undetermined
4554,undetermined
4555,undetermined
4556,undetermined
4557,undetermined
4558,undetermined
4559,undetermined
4560,undetermined
4561,undetermined
4562,undetermined
4563,undetermined
4564,undetermined
4565,undetermined
4566,undetermined
4567,undetermined
4568,undetermined
4569,undetermined
4570,undetermined
4571,undetermined
4572,undetermined
4573,undetermined
4574,undetermined
4575,undetermined
4576,undetermined
4577,undetermined
4578,undetermined
4579,undetermined
4580,undetermined
4581,undetermined
4582,undetermined
4583,undetermined
4584,undetermined
4585,undetermined
4586,undetermined
4587,undetermined
4588,undetermined
4589,undetermined
4590,undetermined
4591,undetermined
4592,tube
4593,undetermined
4594,undetermined
4595,undetermined
4596,undetermined
4597,undetermined
4598,undetermined
4599,undetermined
4600,undetermined
4601,undetermined
4602,tube
4603,undetermined
4604,undetermined
4605,undetermined
4606,undetermined
4607,undetermined
4608,undetermined
4609,undetermined
4610,undetermined
4611,undetermined
4612,undetermined
4613,undetermined
4614,undetermined
4615,undetermined
4616,undetermined
4617,undetermined
4618,undetermined
4619,undetermined
4620,undetermined
4621,undetermined
4622,undetermined
4623,undetermined
4624,undetermined
4625,undetermined
4626,undetermined
4627,undetermined
4628,undetermined
4629,undetermined
4630,undetermined
4631,undetermined
4632,undetermined
4633,undetermined
4634,undetermined
4635,undetermined
4636,undetermined
4637,undetermined
4638,undetermined
4639,undetermined
4640,undetermined
4641,undetermined
4642,undetermined
4643,undetermined
4644,undetermined
4645,undetermined
4646,undetermined
4647,undetermined
4648,undetermined
4649,undetermined
4650,undetermined
4651,undetermined
4652,undetermined
4653,undetermined
4654,undetermined
4655,undetermined
4656,undetermined
4657,undetermined
4658,undetermined
4659,undetermined
4660,undetermined
4661,undetermined
4662,tube
4663,undetermined
4664,undetermined
4665,undetermined
4666,undetermined
4667,undetermined
4668,undetermined
4669,undetermined
4670,undetermined
4671,undetermined
4672,undetermined
4673,undetermined
4674,undetermined
4675,undetermined
4676,undetermined
4677,undetermined
4678,undetermined
4679,undetermined
4680,undetermined
4681,undetermined
4682,undetermined
4683,undetermined
4684,undetermined
4685,undetermined
4686,undetermined
4687,undetermined
4688,undetermined
4689,undetermined
4690,undetermined
4691,undetermined
4692,undetermined
4693,undetermined
4694,undetermined
4695,undetermined
4696,undetermined
4697,undetermined
4698,undetermined
4699,tube
4700,undetermined
4701,undetermined
4702,tube
4703,undetermined
4704,undetermined
4705,undetermined
4706,undetermined
4707,undetermined
4708,undetermined
4709,undetermined
4710,undetermined
4711,undetermined
4712,undetermined
4713,undetermined
4714,undetermined
4715,undetermined
4716,undetermined
4717,undetermined
4718,undetermined
4719,undetermined
4720,undetermined
4721,undetermined
4722,undetermined
4723,undetermined
4724,undetermined
4725,tube
4726,tube
4727,undetermined
4728,undetermined
4729,undetermined
4730,undetermined
4731,undetermined
4732,undetermined
4733,undetermined
4734,undetermined
4735,tube
4736,undetermined
4737,undetermined
4738,undetermined
4739,undetermined
4740,undetermined
4741,undetermined
4742,undetermined
4743,undetermined
4744,undetermined
4745,undetermined
4746,undetermined
4747,undetermined
4748,undetermined
4749,undetermined
4750,undetermined
4751,undetermined
4752,undetermined
4753,undetermined
4754,undetermined
4755,undetermined
4756,undetermined
4757,undetermined
4758,undetermined
4759,undetermined
4760,undetermined
4761,undetermined
4762,undetermined
4763,undetermined
4764,undetermined
4765,undetermined
4766,undetermined
4767,undetermined
4768,undetermined
4769,undetermined
4770,undetermined
4771,undetermined
4772,undetermined
4773,undetermined
4774,undetermined
4775,undetermined
4776,undetermined
4777,undetermined
4778,undetermined
4779,undetermined
4780,undetermined
4781,undetermined
4782,undetermined
4783,undetermined
4784,undetermined
4785,undetermined
4786,undetermined
4787,undetermined
4788,undetermined
4789,undetermined
4790,undetermined
4791,undetermined
4792,undetermined
4793,undetermined
4794,undetermined
4795,undetermined
4796,undetermined
4797,undetermined
4798,undetermined
4799,undetermined
4800,undetermined
4801,undetermined
4802,undetermined
4803,undetermined
4804,undetermined
4805,undetermined
4806,tube
4807,undetermined
4808,undetermined
4809,undetermined
4810,undetermined
4811,undetermined
4812,undetermined
4813,undetermined
4814,undetermined
4815,undetermined
4816,undetermined
4817,undetermined
4818,tube
4819,undetermined
4820,tube
4821,undetermined
4822,tube
4823,undetermined
4824,undetermined
4825,undetermined
4826,undetermined
4827,undetermined
4828,undetermined
4829,undetermined
4830,undetermined
4831,undetermined
4832,undetermined
4833,undetermined
4834,undetermined
4835,undetermined
4836,undetermined
4837,undetermined
4838,undetermined
4839,undetermined
4840,undetermined
4841,undetermined
4842,undetermined
4843,undetermined
4844,undetermined
4845,undetermined
4846,undetermined
4847,undetermined
4848,undetermined
4849,undetermined
4850,undetermined
4851,undetermined
4852,undetermined
4853,undetermined
4854,undetermined
4855,undetermined
4856,undetermined
4857,undetermined
4858,undetermined
4859,undetermined
4860,undetermined
4861,undetermined
4862,undetermined
4863,undetermined
4864,undetermined
4865,undetermined
4866,undetermined
4867,undetermined
4868,undetermined
4869,undetermined
4870,undetermined
4871,undetermined
4872,undetermined
4873,undetermined
4874,undetermined
4875,undetermined
4876,undetermined
4877,undetermined
4878,undetermined
4879,undetermined
4880,undetermined
4881,undetermined
4882,undetermined
4883,undetermined
4884,undetermined
4885,undetermined
4886,undetermined
4887,undetermined
4888,undetermined
4889,undetermined
4890,undetermined
4891,undetermined
4892,undetermined
4893,undetermined
4894,undetermined
4895,undetermined
4896,undetermined
4897,undetermined
4898,undetermined
4899,undetermined
4900,undetermined
4901,undetermined
4902,undetermined
4903,undetermined
4904,undetermined
4905,undetermined
4906,undetermined
4907,undetermined
4908,undetermined
4909,undetermined
4910,undetermined
4911,undetermined
4912,undetermined
4913,undetermined
4914,undetermined
4915,undetermined
4916,undetermined
4917,undetermined
4918,undetermined
4919,undetermined
4920,undetermined
4921,undetermined
4922,undetermined
4923,undetermined
4924,undetermined
4925,undetermined
4926,undetermined
4927,undetermined
4928,undetermined
4929,undetermined
4930,undetermined
4931,undetermined
4932,undetermined
4933,undetermined
4934,undetermined
4935,undetermined
4936,undetermined
4937,tube
4938,undetermined
4939,undetermined
4940,undetermined
4941,undetermined
4942,undetermined
4943,undetermined
4944,undetermined
4945,undetermined
4946,undetermined
4947,undetermined
4948,undetermined
4949,undetermined
4950,undetermined
4951,undetermined
4952,undetermined
4953,undetermined
4954,undetermined
4955,undetermined
4956,undetermined
4957,undetermined
4958,undetermined
4959,undetermined
4960,undetermined
4961,undetermined
4962,undetermined
4963,undetermined
4964,undetermined
4965,tube
4966,undetermined
4967,undetermined
4968,undetermined
4969,undetermined
4970,undetermined
4971,undetermined
4972,undetermined
4973,tube
4974,undetermined
4975,undetermined
4976,undetermined
4977,undetermined
4978,undetermined
4979,undetermined
4980,undetermined
4981,undetermined
4982,undetermined
4983,undetermined
4984,undetermined
4985,undetermined
4986,undetermined
4987,undetermined
4988,undetermined
4989,undetermined
4990,undetermined
4991,tube
4992,undetermined
4993,undetermined
4994,undetermined
4995,undetermined
4996,undetermined
4997,undetermined
4998,undetermined
4999,undetermined
5000,tube
5001,undetermined
5002,undetermined
5003,undetermined
5004,undetermined
5005,undetermined
5006,undetermined
5007,undetermined
5008,tube
5009,undetermined
5010,tube
5011,undetermined
5012,undetermined
5013,undetermined
5014,undetermined
5015,undetermined
5016,undetermined
5017,undetermined
5018,undetermined
5019,undetermined
5020,undetermined
5021,undetermined
5022,undetermined
5023,tube
5024,undetermined
5025,undetermined
5026,undetermined
5027,undetermined
5028,undetermined
5029,undetermined
5030,tube
5031,undetermined
5032,undetermined
5033,undetermined
5034,tube
5035,undetermined
5036,undetermined
5037,undetermined
5038,undetermined
5039,undetermined
5040,undetermined
5041,tube
5042,undetermined
5043,undetermined
5044,undetermined
5045,undetermined
5046,undetermined
5047,undetermined
5048,undetermined
5049,undetermined
5050,undetermined
5051,undetermined
5052,undetermined
5053,undetermined
5054,undetermined
5055,undetermined
5056,undetermined
5057,undetermined
5058,undetermined
5059,undetermined
5060,undetermined
5061,undetermined
5062,undetermined
5063,undetermined
5064,undetermined
5065,undetermined
5066,undetermined
5067,undetermined
5068,undetermined
5069,undetermined
5070,undetermined
5071,undetermined
5072,undetermined
5073,undetermined
5074,tube
5075,undetermined
5076,undetermined
5077,undetermined
5078,undetermined
5079,undetermined
5080,tube
5081,undetermined
5082,undetermined
5083,undetermined
5084,undetermined
5085,undetermined
5086,undetermined
5087,undetermined
5088,undetermined
5089,undetermined
5090,undetermined
5091,undetermined
5092,undetermined
5093,undetermined
5094,undetermined
5095,undetermined
5096,undetermined
5097,undetermined
5098,undetermined
5099,undetermined
5100,undetermined
5101,undetermined
5102,undetermined
5103,undetermined
5104,undetermined
5105,undetermined
5106,undetermined
5107,undetermined
5108,undetermined
5109,undetermined
5110,undetermined
5111,undetermined
5112,undetermined
5113,undetermined
5114,undetermined
5115,undetermined
5116,undetermined
5117,undetermined
5118,undetermined
5119,undetermined
5120,undetermined
5121,undetermined
5122,undetermined
5123,undetermined
5124,undetermined
5125,tube
5126,undetermined
5127,undetermined
5128,undetermined
5129,undetermined
5130,undetermined
5131,undetermined
5132,tube
5133,undetermined
5134,undetermined
5135,undetermined
5136,undetermined
5137,undetermined
5138,undetermined
5139,undetermined
5140,undetermined
5141,undetermined
5142,undetermined
5143,undetermined
5144,undetermined
5145,undetermined
5146,undetermined
5147,undetermined
5148,undetermined
5149,undetermined
5150,undetermined
5151,undetermined
5152,undetermined
5153,undetermined
5154,undetermined
5155,tube
5156,undetermined
5157,tube
5158,undetermined
5159,undetermined
5160,undetermined
5161,undetermined
5162,undetermined
5163,undetermined
5164,undetermined
5165,tube
5166,undetermined
5167,undetermined
5168,undetermined
5169,undetermined
5170,undetermined
5171,undetermined
5172,undetermined
5173,undetermined
5174,undetermined
5175,undetermined
5176,undetermined
5177,undetermined
5178,undetermined
5179,undetermined
5180,undetermined
5181,undetermined
5182,undetermined
5183,undetermined
5184,undetermined
5185,undetermined
5186,undetermined
5187,undetermined
5188,undetermined
5189,undetermined
5190,tube
5191,undetermined
5192,undetermined
5193,undetermined
5194,undetermined
5195,undetermined
5196,undetermined
5197,undetermined
5198,tube
5199,undetermined
5200,undetermined
5201,undetermined
5202,undetermined
5203,undetermined
5204,undetermined
5205,undetermined
5206,undetermined
5207,undetermined
5208,undetermined
5209,tube
5210,undetermined
5211,undetermined
5212,undetermined
5213,undetermined
5214,undetermined
5215,undetermined
5216,undetermined
5217,undetermined
5218,undetermined
5219,undetermined
5220,undetermined
5221,undetermined
5222,undetermined
5223,undetermined
5224,undetermined
5225,undetermined
5226,undetermined
5227,undetermined
5228,undetermined
5229,undetermined
5230,undetermined
5231,undetermined
5232,undetermined
5233,undetermined
5234,undetermined
5235,undetermined
5236,undetermined
5237,undetermined
5238,undetermined
5239,undetermined
5240,undetermined
5241,undetermined
5242,undetermined
5243,undetermined
5244,undetermined
5245,undetermined
5246,undetermined
5247,undetermined
5248,undetermined
5249,undetermined
5250,undetermined
5251,tube
5252,undetermined
5253,undetermined
5254,undetermined
5255,undetermined
5256,undetermined
5257,undetermined
5258,undetermined
5259,undetermined
5260,undetermined
5261,undetermined
5262,undetermined
5263,undetermined
5264,undetermined
5265,undetermined
5266,undetermined
5267,undetermined
5268,undetermined
5269,tube
5270,undetermined
5271,undetermined
5272,undetermined
5273,undetermined
5274,undetermined
5275,undetermined
5276,undetermined
5277,undetermined
5278,undetermined
5279,undetermined
5280,undetermined
5281,undetermined
5282,undetermined
5283,undetermined
5284,undetermined
5285,undetermined
5286,undetermined
5287,undetermined
5288,undetermined
5289,undetermined
5290,undetermined
5291,undetermined
5292,undetermined
5293,undetermined
5294,undetermined
5295,undetermined
5296,undetermined
5297,undetermined
5298,undetermined
5299,undetermined
5300,undetermined
5301,undetermined
5302,undetermined
5303,undetermined
5304,undetermined
5305,undetermined
5306,undetermined
5307,undetermined
5308,undetermined
5309,undetermined
5310,undetermined
5311,undetermined
5312,undetermined
5313,undetermined
5314,undetermined
5315,undetermined
5316,undetermined
5317,undetermined
5318,undetermined
5319,undetermined
5320,undetermined
5321,undetermined
5322,undetermined
5323,undetermined
5324,undetermined
5325,undetermined
5326,tube
5327,undetermined
5328,undetermined
5329,undetermined
5330,undetermined
5331,undetermined
5332,undetermined
5333,undetermined
5334,undetermined
5335,undetermined
5336,undetermined
5337,undetermined
5338,undetermined
5339,undetermined
5340,undetermined
5341,undetermined
5342,undetermined
5343,undetermined
5344,undetermined
5345,undetermined
5346,undetermined
5347,undetermined
5348,undetermined
5349,undetermined
5350,undetermined
5351,undetermined
5352,undetermined
5353,undetermined
5354,undetermined
5355,undetermined
5356,undetermined
5357,undetermined
5358,undetermined
5359,undetermined
5360,undetermined
5361,undetermined
5362,undetermined
5363,undetermined
5364,undetermined
5365,undetermined
5366,undetermined
5367,undetermined
5368,undetermined
5369,undetermined
5370,undetermined
5371,undetermined
5372,undetermined
5373,undetermined
5374,undetermined
5375,undetermined
5376,undetermined
5377,undetermined
5378,tube
5379,tube
5380,undetermined
5381,undetermined
5382,undetermined
5383,undetermined
5384,undetermined
5385,undetermined
5386,undetermined
5387,undetermined
5388,undetermined
5389,undetermined
5390,undetermined
5391,undetermined
5392,undetermined
5393,undetermined
5394,undetermined
5395,undetermined
5396,undetermined
5397,undetermined
5398,undetermined
5399,undetermined
5400,undetermined
5401,undetermined
5402,undetermined
5403,undetermined
5404,undetermined
5405,undetermined
5406,undetermined
5407,tube
5408,undetermined
5409,undetermined
5410,undetermined
5411,undetermined
5412,undetermined
5413,undetermined
5414,undetermined
5415,undetermined
5416,undetermined
5417,undetermined
5418,undetermined
5419,undetermined
5420,undetermined
5421,undetermined
5422,undetermined
5423,undetermined
5424,undetermined
5425,undetermined
5426,undetermined
5427,undetermined
5428,undetermined
5429,undetermined
5430,undetermined
5431,undetermined
5432,undetermined
5433,undetermined
5434,undetermined
5435,undetermined
5436,undetermined
5437,undetermined
5438,undetermined
5439,undetermined
5440,undetermined
5441,undetermined
5442,undetermined
5443,undetermined
5444,undetermined
5445,undetermined
5446,undetermined
5447,undetermined
5448,undetermined
5449,undetermined
5450,undetermined
5451,undetermined
5452,undetermined
5453,undetermined
5454,undetermined
5455,undetermined
5456,tube
5457,undetermined
5458,undetermined
5459,undetermined
5460,undetermined
5461,undetermined
5462,undetermined
5463,undetermined
5464,undetermined
5465,undetermined
5466,tube
5467,undetermined
5468,undetermined
5469,undetermined
5470,undetermined
5471,undetermined
5472,undetermined
5473,undetermined
5474,undetermined
5475,undetermined
5476,undetermined
5477,undetermined
5478,undetermined
5479,tube
5480,undetermined
5481,undetermined
5482,undetermined
5483,undetermined
5484,undetermined
5485,undetermined
5486,undetermined
5487,undetermined
5488,undetermined
5489,undetermined
5490,undetermined
5491,undetermined
5492,undetermined
5493,undetermined
5494,undetermined
5495,undetermined
5496,undetermined
5497,undetermined
5498,undetermined
5499,undetermined
5500,undetermined
5501,undetermined
5502,undetermined
5503,undetermined
5504,undetermined
5505,undetermined
5506,undetermined
5507,undetermined
5508,undetermined
5509,undetermined
5510,undetermined
5511,undetermined
5512,undetermined
5513,undetermined
5514,undetermined
5515,undetermined
5516,undetermined
5517,undetermined
5518,undetermined
5519,undetermined
5520,undetermined
5521,undetermined
5522,undetermined
5523,undetermined
5524,undetermined
5525,undetermined
5526,undetermined
5527,undetermined
5528,undetermined
5529,undetermined
5530,undetermined
5531,undetermined
5532,undetermined
5533,undetermined
5534,undetermined
5535,undetermined
5536,undetermined
5537,undetermined
5538,undetermined
5539,tube
5540,undetermined
5541,undetermined
5542,undetermined
5543,undetermined
5544,undetermined
5545,undetermined
5546,undetermined
5547,undetermined
5548,undetermined
5549,undetermined
5550,undetermined
5551,undetermined
5552,undetermined
5553,undetermined
5554,undetermined
5555,undetermined
5556,undetermined
5557,undetermined
5558,undetermined
5559,undetermined
5560,undetermined
5561,undetermined
5562,undetermined
5563,undetermined
5564,undetermined
5565,undetermined
5566,undetermined
5567,undetermined
5568,undetermined
5569,undetermined
5570,undetermined
5571,undetermined
5572,undetermined
5573,undetermined
5574,undetermined
5575,undetermined
5576,undetermined
5577,undetermined
5578,undetermined
5579,undetermined
5580,undetermined
5581,undetermined
5582,undetermined
5583,undetermined
5584,undetermined
5585,undetermined
5586,undetermined
5587,undetermined
5588,undetermined
5589,undetermined
5590,undetermined
5591,undetermined
5592,undetermined
5593,undetermined
5594,tube
5595,tube
5596,undetermined
5597,undetermined
5598,undetermined
5599,undetermined
5600,undetermined
5601,undetermined
5602,undetermined
5603,undetermined
5604,undetermined
5605,undetermined
5606,undetermined
5607,undetermined
5608,undetermined
5609,undetermined
5610,tube
5611,undetermined
5612,undetermined
5613,undetermined
5614,undetermined
5615,undetermined
5616,tube
5617,undetermined
5618,undetermined
5619,undetermined
5620,undetermined
5621,undetermined
5622,undetermined
5623,undetermined
5624,undetermined
5625,undetermined
5626,undetermined
5627,undetermined
5628,undetermined
5629,undetermined
5630,undetermined
5631,undetermined
5632,tube
5633,undetermined
5634,undetermined
5635,undetermined
5636,undetermined
5637,undetermined
5638,undetermined
5639,undetermined
5640,undetermined
5641,undetermined
5642,undetermined
5643,undetermined
5644,undetermined
5645,undetermined
5646,undetermined
5647,undetermined
5648,undetermined
5649,tube
5650,undetermined
5651,undetermined
5652,undetermined
5653,undetermined
5654,undetermined
5655,undetermined
5656,tube
5657,undetermined
5658,undetermined
5659,undetermined
5660,undetermined
5661,undetermined
5662,undetermined
5663,undetermined
5664,tube
5665,undetermined
5666,undetermined
5667,undetermined
5668,undetermined
5669,undetermined
5670,undetermined
5671,undetermined
5672,undetermined
5673,undetermined
5674,undetermined
5675,undetermined
5676,undetermined
5677,undetermined
5678,undetermined
5679,undetermined
5680,undetermined
5681,undetermined
5682,undetermined
5683,undetermined
5684,undetermined
5685,undetermined
5686,undetermined
5687,undetermined
5688,undetermined
5689,undetermined
5690,undetermined
5691,undetermined
5692,undetermined
5693,undetermined
5694,tube
5695,undetermined
5696,undetermined
5697,undetermined
5698,undetermined
5699,undetermined
5700,undetermined
5701,undetermined
5702,undetermined
5703,undetermined
5704,undetermined
5705,undetermined
5706,undetermined
5707,undetermined
5708,tube
5709,undetermined
5710,undetermined
5711,undetermined
5712,undetermined
5713,undetermined
5714,undetermined
5715,undetermined
5716,undetermined
5717,undetermined
5718,undetermined
5719,undetermined
5720,undetermined
5721,undetermined
5722,undetermined
5723,undetermined
5724,undetermined
5725,undetermined
5726,undetermined
5727,undetermined
5728,undetermined
5729,undetermined
5730,undetermined
5731,undetermined
5732,undetermined
5733,undetermined
5734,undetermined
5735,undetermined
5736,undetermined
5737,undetermined
5738,undetermined
5739,undetermined
5740,undetermined
5741,undetermined
5742,undetermined
5743,undetermined
5744,undetermined
5745,undetermined
5746,undetermined
5747,undetermined
5748,undetermined
5749,undetermined
5750,undetermined
5751,undetermined
5752,undetermined
5753,undetermined
5754,undetermined
5755,undetermined
5756,undetermined
5757,undetermined
5758,undetermined
5759,undetermined
5760,undetermined
5761,undetermined
5762,tube
5763,undetermined
5764,undetermined
5765,undetermined
5766,undetermined
5767,undetermined
5768,undetermined
5769,undetermined
5770,undetermined
5771,undetermined
5772,undetermined
5773,undetermined
5774,undetermined
5775,undetermined
5776,undetermined
5777,undetermined
5778,undetermined
5779,undetermined
5780,undetermined
5781,undetermined
5782,undetermined
5783,undetermined
5784,undetermined
5785,undetermined
5786,undetermined
5787,undetermined
5788,undetermined
5789,undetermined
5790,undetermined
5791,undetermined
5792,undetermined
5793,undetermined
5794,undetermined
5795,undetermined
5796,undetermined
5797,undetermined
5798,undetermined
5799,undetermined
5800,undetermined
5801,undetermined
5802,undetermined
5803,undetermined
5804,undetermined
5805,undetermined
5806,undetermined
5807,undetermined
5808,tube
5809,undetermined
5810,undetermined
5811,undetermined
5812,undetermined
5813,undetermined
5814,undetermined
5815,undetermined
5816,undetermined
5817,undetermined
5818,undetermined
5819,undetermined
5820,tube
5821,undetermined
5822,undetermined
5823,undetermined
5824,undetermined
5825,undetermined
5826,undetermined
5827,undetermined
5828,undetermined
5829,undetermined
5830,undetermined
5831,undetermined
5832,undetermined
5833,undetermined
5834,undetermined
5835,undetermined
5836,undetermined
5837,undetermined
5838,undetermined
5839,undetermined
5840,tube
5841,undetermined
5842,undetermined
5843,undetermined
5844,undetermined
5845,undetermined
5846,undetermined
5847,undetermined
5848,undetermined
5849,undetermined
5850,undetermined
5851,undetermined
5852,undetermined
5853,undetermined
5854,undetermined
5855,undetermined
5856,undetermined
5857,undetermined
5858,undetermined
5859,undetermined
5860,undetermined
5861,undetermined
5862,tube
5863,undetermined
5864,undetermined
5865,undetermined
5866,undetermined
5867,undetermined
5868,undetermined
5869,undetermined
5870,undetermined
5871,undetermined
5872,undetermined
5873,undetermined
5874,undetermined
5875,undetermined
5876,undetermined
5877,undetermined
5878,undetermined
5879,undetermined
5880,undetermined
5881,undetermined
5882,undetermined
5883,undetermined
5884,undetermined
5885,undetermined
5886,undetermined
5887,undetermined
5888,undetermined
5889,undetermined
5890,undetermined
5891,undetermined
5892,undetermined
5893,undetermined
5894,undetermined
5895,undetermined
5896,undetermined
5897,undetermined
5898,undetermined
5899,undetermined
5900,undetermined
5901,undetermined
5902,undetermined
5903,undetermined
5904,undetermined
5905,undetermined
5906,undetermined
5907,undetermined
5908,undetermined
5909,undetermined
5910,undetermined
5911,undetermined
5912,undetermined
5913,undetermined
5914,undetermined
5915,undetermined
5916,undetermined
5917,undetermined
5918,undetermined
5919,undetermined
5920,undetermined
5921,undetermined
5922,undetermined
5923,undetermined
5924,undetermined
5925,undetermined
5926,undetermined
5927,undetermined
5928,undetermined
5929,undetermined
5930,undetermined
5931,tube
5932,undetermined
5933,undetermined
5934,undetermined
5935,undetermined
5936,undetermined
5937,undetermined
5938,undetermined
5939,undetermined
5940,undetermined
5941,undetermined
5942,undetermined
5943,undetermined
5944,undetermined
5945,undetermined
5946,undetermined
5947,undetermined
5948,undetermined
5949,undetermined
5950,tube
5951,undetermined
5952,undetermined
5953,undetermined
5954,undetermined
5955,undetermined
5956,undetermined
5957,undetermined
5958,tube
5959,undetermined
5960,undetermined
5961,undetermined
5962,undetermined
5963,undetermined
5964,undetermined
5965,undetermined
5966,undetermined
5967,undetermined
5968,undetermined
5969,undetermined
5970,undetermined
5971,undetermined
5972,undetermined
5973,undetermined
5974,undetermined
5975,tube
5976,undetermined
5977,undetermined
5978,undetermined
5979,undetermined
5980,undetermined
5981,undetermined
5982,undetermined
5983,undetermined
5984,undetermined
5985,undetermined
5986,undetermined
5987,undetermined
5988,undetermined
5989,undetermined
5990,undetermined
5991,undetermined
5992,undetermined
5993,undetermined
5994,undetermined
5995,undetermined
5996,undetermined
5997,undetermined
5998,tube
5999,undetermined
6000,undetermined
6001,undetermined
6002,undetermined
6003,undetermined
6004,undetermined
6005,tube
6006,undetermined
6007,undetermined
6008,undetermined
6009,tube
6010,undetermined
6011,undetermined
6012,undetermined
6013,undetermined
6014,undetermined
6015,undetermined
6016,undetermined
6017,undetermined
6018,undetermined
6019,undetermined
6020,undetermined
6021,undetermined
6022,undetermined
6023,undetermined
6024,tube
6025,undetermined
6026,undetermined
6027,undetermined
6028,undetermined
6029,undetermined
6030,undetermined
6031,tube
6032,undetermined
6033,undetermined
6034,undetermined
6035,undetermined
6036,undetermined
6037,undetermined
6038,undetermined
6039,undetermined
6040,undetermined
6041,undetermined
6042,undetermined
6043,undetermined
6044,undetermined
6045,undetermined
6046,undetermined
6047,undetermined
6048,undetermined
6049,undetermined
6050,undetermined
6051,undetermined
6052,undetermined
6053,undetermined
6054,undetermined
6055,undetermined
6056,undetermined
6057,undetermined
6058,undetermined
6059,undetermined
6060,undetermined
6061,undetermined
6062,undetermined
6063,undetermined
6064,undetermined
6065,undetermined
6066,undetermined
6067,undetermined
6068,undetermined
6069,undetermined
6070,undetermined
6071,undetermined
6072,undetermined
6073,undetermined
6074,undetermined
6075,undetermined
6076,undetermined
6077,undetermined
6078,undetermined
6079,undetermined
6080,undetermined
6081,undetermined
6082,undetermined
6083,undetermined
6084,undetermined
6085,undetermined
6086,undetermined
6087,undetermined
6088,tube
6089,undetermined
6090,undetermined
6091,undetermined
6092,undetermined
6093,undetermined
6094,undetermined
6095,undetermined
6096,undetermined
6097,undetermined
6098,undetermined
6099,undetermined
6100,undetermined
6101,undetermined
6102,undetermined
6103,undetermined
6104,undetermined
6105,undetermined
6106,undetermined
6107,undetermined
6108,undetermined
6109,undetermined
6110,undetermined
6111,undetermined
6112,tube
6113,undetermined
6114,undetermined
6115,undetermined
6116,undetermined
6117,undetermined
6118,undetermined
6119,undetermined
6120,undetermined
6121,undetermined
6122,undetermined
6123,undetermined
6124,undetermined
6125,undetermined
6126,undetermined
6127,undetermined
6128,undetermined
6129,undetermined
6130,undetermined
6131,undetermined
6132,undetermined
6133,undetermined
6134,undetermined
6135,undetermined
6136,undetermined
6137,undetermined
6138,undetermined
6139,undetermined
6140,undetermined
6141,undetermined
6142,undetermined
6143,undetermined
6144,undetermined
6145,undetermined
6146,undetermined
6147,undetermined
6148,tube
6149,undetermined
6150,undetermined
6151,undetermined
6152,undetermined
6153,undetermined
6154,undetermined
6155,undetermined
6156,undetermined
6157,undetermined
6158,undetermined
6159,undetermined
6160,undetermined
6161,undetermined
6162,undetermined
6163,undetermined
6164,undetermined
6165,undetermined
6166,undetermined
6167,undetermined
6168,undetermined
6169,undetermined
6170,undetermined
6171,undetermined
6172,undetermined
6173,undetermined
6174,undetermined
6175,undetermined
6176,undetermined
6177,undetermined
6178,undetermined
6179,undetermined
6180,undetermined
6181,undetermined
6182,undetermined
6183,undetermined
6184,undetermined
6185,undetermined
6186,undetermined
6187,undetermined
6188,undetermined
6189,undetermined
6190,undetermined
6191,undetermined
6192,undetermined
6193,undetermined
6194,undetermined
6195,undetermined
6196,undetermined
6197,undetermined
6198,undetermined
6199,undetermined
6200,undetermined
6201,undetermined
6202,undetermined
6203,undetermined
6204,undetermined
6205,undetermined
6206,undetermined
6207,undetermined
6208,undetermined
6209,undetermined
6210,undetermined
6211,undetermined
6212,undetermined
6213,undetermined
6214,undetermined
6215,undetermined
6216,undetermined
6217,undetermined
6218,undetermined
6219,undetermined
6220,undetermined
6221,undetermined
6222,undetermined
6223,undetermined
6224,undetermined
6225,undetermined
6226,undetermined
6227,undetermined
6228,undetermined
6229,undetermined
6230,undetermined
6231,undetermined
6232,undetermined
6233,undetermined
6234,undetermined
6235,undetermined
6236,undetermined
6237,undetermined
6238,undetermined
6239,undetermined
6240,undetermined
6241,undetermined
6242,undetermined
6243,undetermined
6244,undetermined
6245,undetermined
6246,undetermined
6247,undetermined
6248,undetermined
6249,undetermined
6250,undetermined
6251,undetermined
6252,undetermined
6253,tube
6254,undetermined
6255,undetermined
6256,undetermined
6257,undetermined
6258,undetermined
6259,undetermined
6260,undetermined
6261,undetermined
6262,undetermined
6263,undetermined
6264,undetermined
6265,undetermined
6266,undetermined
6267,undetermined
6268,tube
6269,undetermined
6270,undetermined
6271,undetermined
6272,undetermined
6273,undetermined
6274,undetermined
6275,undetermined
6276,undetermined
6277,undetermined
6278,undetermined
6279,undetermined
6280,undetermined
6281,undetermined
6282,undetermined
6283,undetermined
6284,undetermined
6285,undetermined
6286,undetermined
6287,undetermined
6288,undetermined
6289,undetermined
6290,undetermined
6291,undetermined
6292,undetermined
6293,undetermined
6294,undetermined
6295,undetermined
6296,undetermined
6297,undetermined
6298,undetermined
6299,undetermined
6300,undetermined
6301,undetermined
6302,undetermined
6303,undetermined
6304,undetermined
6305,undetermined
6306,tube
6307,undetermined
6308,undetermined
6309,undetermined
6310,undetermined
6311,undetermined
6312,undetermined
6313,undetermined
6314,undetermined
6315,undetermined
6316,undetermined
6317,undetermined
6318,undetermined
6319,undetermined
6320,undetermined
6321,undetermined
6322,undetermined
6323,undetermined
6324,undetermined
6325,undetermined
6326,undetermined
6327,undetermined
6328,undetermined
6329,undetermined
6330,undetermined
6331,undetermined
6332,undetermined
6333,undetermined
6334,undetermined
6335,undetermined
6336,undetermined
6337,undetermined
6338,undetermined
6339,undetermined
6340,undetermined
6341,undetermined
6342,undetermined
6343,undetermined
6344,undetermined
6345,undetermined
6346,undetermined
6347,undetermined
6348,undetermined
6349,undetermined
6350,undetermined
6351,undetermined
6352,undetermined
6353,undetermined
6354,undetermined
6355,undetermined
6356,undetermined
6357,undetermined
6358,undetermined
6359,undetermined
6360,undetermined
6361,undetermined
6362,undetermined
6363,undetermined
6364,undetermined
6365,undetermined
6366,undetermined
6367,undetermined
6368,undetermined
6369,undetermined
6370,undetermined
6371,undetermined
6372,tube
6373,undetermined
6374,undetermined
6375,undetermined
6376,undetermined
6377,undetermined
6378,undetermined
6379,undetermined
6380,undetermined
6381,undetermined
6382,undetermined
6383,undetermined
6384,undetermined
6385,undetermined
6386,undetermined
6387,tube
6388,undetermined
6389,undetermined
6390,undetermined
6391,undetermined
6392,undetermined
6393,undetermined
6394,undetermined
6395,undetermined
6396,undetermined
6397,undetermined
6398,undetermined
6399,undetermined
6400,undetermined
6401,undetermined
6402,undetermined
6403,undetermined
6404,undetermined
6405,undetermined
6406,undetermined
6407,tube
6408,tube
6409,undetermined
6410,undetermined
6411,undetermined
6412,undetermined
6413,tube
6414,undetermined
6415,undetermined
6416,undetermined
6417,undetermined
6418,undetermined
6419,undetermined
6420,undetermined
6421,undetermined
6422,undetermined
6423,undetermined
6424,undetermined
6425,undetermined
6426,undetermined
6427,undetermined
6428,undetermined
6429,undetermined
6430,undetermined
6431,undetermined
6432,tube
6433,undetermined
6434,undetermined
6435,undetermined
6436,undetermined
6437,undetermined
6438,undetermined
6439,undetermined
6440,undetermined
6441,undetermined
6442,undetermined
6443,undetermined
6444,undetermined
6445,undetermined
6446,undetermined
6447,undetermined
6448,undetermined
6449,undetermined
6450,undetermined
6451,undetermined
6452,undetermined
6453,tube
6454,undetermined
6455,undetermined
6456,tube
6457,undetermined
6458,undetermined
6459,undetermined
6460,undetermined
6461,undetermined
6462,undetermined
6463,undetermined
6464,undetermined
6465,undetermined
6466,undetermined
6467,undetermined
6468,undetermined
6469,undetermined
6470,undetermined
6471,undetermined
6472,undetermined
6473,undetermined
6474,undetermined
6475,undetermined
6476,undetermined
6477,undetermined
6478,undetermined
6479,undetermined
6480,undetermined
6481,undetermined
6482,undetermined
6483,undetermined
6484,undetermined
6485,undetermined
6486,undetermined
6487,undetermined
6488,undetermined
6489,undetermined
6490,undetermined
6491,undetermined
6492,undetermined
6493,undetermined
6494,undetermined
6495,undetermined
6496,tube
6497,undetermined
6498,undetermined
6499,undetermined
6500,undetermined
6501,undetermined
6502,undetermined
6503,undetermined
6504,undetermined
6505,undetermined
6506,undetermined
6507,undetermined
6508,undetermined
6509,undetermined
6510,undetermined
6511,undetermined
6512,undetermined
6513,undetermined
6514,undetermined
6515,tube
6516,undetermined
6517,undetermined
6518,undetermined
6519,undetermined
6520,undetermined
6521,undetermined
6522,undetermined
6523,undetermined
6524,undetermined
6525,undetermined
6526,undetermined
6527,undetermined
6528,undetermined
6529,undetermined
6530,undetermined
6531,undetermined
6532,undetermined
6533,undetermined
6534,undetermined
6535,undetermined
6536,undetermined
6537,undetermined
6538,undetermined
6539,undetermined
6540,undetermined
6541,undetermined
6542,undetermined
6543,undetermined
6544,undetermined
6545,undetermined
6546,undetermined
6547,undetermined
6548,undetermined
6549,undetermined
6550,undetermined
6551,undetermined
6552,undetermined
6553,undetermined
6554,undetermined
6555,undetermined
6556,undetermined
6557,undetermined
6558,undetermined
6559,undetermined
6560,undetermined
6561,undetermined
6562,undetermined
6563,undetermined
6564,undetermined
6565,undetermined
6566,undetermined
6567,tube
6568,undetermined
6569,undetermined
6570,undetermined
6571,undetermined
6572,undetermined
6573,undetermined
6574,undetermined
6575,undetermined
6576,undetermined
6577,undetermined
6578,undetermined
6579,undetermined
6580,undetermined
6581,undetermined
6582,undetermined
6583,undetermined
6584,undetermined
6585,undetermined
6586,undetermined
6587,undetermined
6588,undetermined
6589,undetermined
6590,undetermined
6591,undetermined
6592,undetermined
6593,undetermined
6594,undetermined
6595,undetermined
6596,undetermined
6597,undetermined
6598,undetermined
6599,undetermined
6600,undetermined
6601,undetermined
6602,undetermined
6603,undetermined
6604,undetermined
6605,undetermined
6606,undetermined
6607,undetermined
6608,undetermined
6609,undetermined
6610,undetermined
6611,tube
6612,undetermined
6613,undetermined
6614,undetermined
6615,undetermined
6616,undetermined
6617,tube
6618,undetermined
6619,undetermined
6620,undetermined
6621,undetermined
6622,undetermined
6623,undetermined
6624,undetermined
6625,undetermined
6626,undetermined
6627,undetermined
6628,undetermined
6629,undetermined
6630,undetermined
6631,undetermined
6632,undetermined
6633,undetermined
6634,undetermined
6635,undetermined
6636,undetermined
6637,undetermined
6638,undetermined
6639,undetermined
6640,undetermined
6641,undetermined
6642,undetermined
6643,undetermined
6644,undetermined
6645,undetermined
6646,undetermined
6647,undetermined
6648,undetermined
6649,undetermined
6650,undetermined
6651,undetermined
6652,undetermined
6653,undetermined
6654,undetermined
6655,undetermined
6656,undetermined
6657,undetermined
6658,undetermined
6659,undetermined
6660,tube
6661,undetermined
6662,undetermined
6663,undetermined
6664,undetermined
6665,undetermined
6666,undetermined
6667,undetermined
6668,undetermined
6669,undetermined
6670,undetermined
6671,undetermined
6672,undetermined
6673,undetermined
6674,tube
6675,undetermined
6676,undetermined
6677,undetermined
6678,undetermined
6679,undetermined
6680,undetermined
6681,undetermined
6682,undetermined
6683,undetermined
6684,undetermined
6685,undetermined
6686,undetermined
6687,undetermined
6688,undetermined
6689,undetermined
6690,undetermined
6691,undetermined
6692,undetermined
6693,undetermined
6694,undetermined
6695,undetermined
6696,undetermined
6697,undetermined
6698,undetermined
6699,undetermined
6700,undetermined
6701,undetermined
6702,undetermined
6703,undetermined
6704,undetermined
6705,undetermined
6706,undetermined
6707,undetermined
6708,undetermined
6709,undetermined
6710,undetermined
6711,undetermined
6712,undetermined
6713,undetermined
6714,undetermined
6715,undetermined
6716,undetermined
6717,undetermined
6718,undetermined
6719,undetermined
6720,undetermined
6721,undetermined
6722,undetermined
6723,undetermined
6724,undetermined
6725,undetermined
6726,undetermined
6727,undetermined
6728,undetermined
6729,undetermined
6730,undetermined
6731,undetermined
6732,tube
6733,undetermined
6734,undetermined
6735,undetermined
6736,undetermined
6737,undetermined
6738,undetermined
6739,undetermined
6740,undetermined
6741,undetermined
6742,undetermined
6743,undetermined
6744,tube
6745,undetermined
6746,undetermined
6747,undetermined
6748,undetermined
6749,undetermined
6750,undetermined
6751,undetermined
6752,undetermined
6753,undetermined
6754,undetermined
6755,undetermined
6756,undetermined
6757,undetermined
6758,undetermined
6759,undetermined
6760,undetermined
6761,undetermined
6762,undetermined
6763,undetermined
6764,undetermined
6765,undetermined
6766,undetermined
6767,undetermined
6768,undetermined
6769,undetermined
6770,undetermined
6771,undetermined
6772,undetermined
6773,undetermined
6774,undetermined
6775,undetermined
6776,undetermined
6777,undetermined
6778,undetermined
6779,undetermined
6780,undetermined
6781,undetermined
6782,undetermined
6783,undetermined
6784,undetermined
6785,undetermined
6786,undetermined
6787,undetermined
6788,undetermined
6789,undetermined
6790,undetermined
6791,undetermined
6792,undetermined
6793,undetermined
6794,undetermined
6795,undetermined
6796,undetermined
6797,undetermined
6798,undetermined
6799,undetermined
6800,undetermined
6801,undetermined
6802,undetermined
6803,undetermined
6804,undetermined
6805,undetermined
6806,undetermined
6807,undetermined
6808,undetermined
6809,undetermined
6810,undetermined
6811,undetermined
6812,undetermined
6813,undetermined
6814,undetermined
6815,undetermined
6816,undetermined
6817,undetermined
6818,undetermined
6819,undetermined
6820,undetermined
6821,undetermined
6822,undetermined
6823,undetermined
6824,undetermined
6825,undetermined
6826,undetermined
6827,undetermined
6828,undetermined
6829,undetermined
6830,undetermined
6831,undetermined
6832,undetermined
6833,undetermined
6834,undetermined
6835,undetermined
6836,undetermined
6837,undetermined
6838,undetermined
6839,undetermined
6840,undetermined
6841,undetermined
6842,undetermined
6843,undetermined
6844,undetermined
6845,undetermined
6846,undetermined
6847,undetermined
6848,undetermined
6849,undetermined
6850,undetermined
6851,undetermined
6852,undetermined
6853,undetermined
6854,undetermined
6855,undetermined
6856,undetermined
6857,undetermined
6858,undetermined
6859,undetermined
6860,undetermined
6861,undetermined
6862,undetermined
6863,undetermined
6864,undetermined
6865,undetermined
6866,undetermined
6867,undetermined
6868,undetermined
6869,undetermined
6870,undetermined
6871,undetermined
6872,undetermined
6873,undetermined
6874,undetermined
6875,undetermined
6876,undetermined
6877,undetermined
6878,undetermined
6879,undetermined
6880,undetermined
6881,undetermined
6882,undetermined
6883,undetermined
6884,undetermined
6885,undetermined
6886,undetermined
6887,undetermined
6888,undetermined
6889,undetermined
6890,undetermined
6891,undetermined
6892,undetermined
6893,undetermined
6894,undetermined
6895,undetermined
6896,undetermined
6897,undetermined
6898,undetermined
6899,undetermined
6900,undetermined
6901,undetermined
6902,undetermined
6903,undetermined
6904,undetermined
6905,undetermined
6906,undetermined
6907,undetermined
6908,undetermined
6909,undetermined
6910,undetermined
6911,undetermined
6912,undetermined
6913,undetermined
6914,undetermined
6915,undetermined
6916,undetermined
6917,undetermined
6918,undetermined
6919,undetermined
6920,undetermined
6921,undetermined
6922,undetermined
6923,undetermined
6924,undetermined
6925,undetermined
6926,undetermined
6927,undetermined
6928,undetermined
6929,undetermined
6930,undetermined
6931,undetermined
6932,undetermined
6933,undetermined
6934,undetermined
6935,undetermined
6936,undetermined
6937,undetermined
6938,undetermined
6939,undetermined
6940,undetermined
6941,undetermined
6942,undetermined
6943,tube
6944,undetermined
6945,undetermined
6946,undetermined
6947,undetermined
6948,undetermined
6949,undetermined
6950,undetermined
6951,undetermined
6952,undetermined
6953,undetermined
6954,undetermined
6955,undetermined
6956,undetermined
6957,undetermined
6958,undetermined
6959,undetermined
6960,undetermined
6961,undetermined
6962,undetermined
6963,undetermined
6964,undetermined
6965,undetermined
6966,undetermined
6967,undetermined
6968,undetermined
6969,undetermined
6970,undetermined
6971,undetermined
6972,undetermined
6973,undetermined
6974,undetermined
6975,undetermined
6976,undetermined
6977,undetermined
6978,undetermined
6979,undetermined
6980,undetermined
6981,undetermined
6982,undetermined
6983,tube
6984,tube
6985,undetermined
6986,undetermined
6987,undetermined
6988,undetermined
6989,undetermined
6990,undetermined
6991,undetermined
6992,undetermined
6993,undetermined
6994,undetermined
6995,undetermined
6996,undetermined
6997,undetermined
6998,undetermined
6999,undetermined
7000,undetermined
7001,undetermined
7002,undetermined
7003,undetermined
7004,undetermined
7005,undetermined
7006,undetermined
7007,undetermined
7008,undetermined
7009,undetermined
7010,undetermined
7011,undetermined
7012,undetermined
7013,undetermined
7014,undetermined
7015,undetermined
7016,undetermined
7017,undetermined
7018,undetermined
7019,undetermined
7020,undetermined
7021,undetermined
7022,undetermined
7023,tube
7024,undetermined
7025,undetermined
7026,undetermined
7027,undetermined
7028,undetermined
7029,undetermined
7030,undetermined
7031,undetermined
7032,undetermined
7033,undetermined
7034,undetermined
7035,undetermined
7036,undetermined
7037,undetermined
7038,undetermined
7039,undetermined
7040,undetermined
7041,undetermined
7042,undetermined
7043,tube
7044,undetermined
7045,undetermined
7046,undetermined
7047,undetermined
7048,undetermined
7049,undetermined
7050,undetermined
7051,undetermined
7052,undetermined
7053,undetermined
7054,undetermined
7055,undetermined
7056,tube
7057,undetermined
7058,undetermined
7059,undetermined
7060,undetermined
7061,undetermined
7062,undetermined
7063,undetermined
7064,undetermined
7065,undetermined
7066,undetermined
7067,undetermined
7068,undetermined
7069,undetermined
7070,undetermined
7071,undetermined
7072,undetermined
7073,undetermined
7074,undetermined
7075,undetermined
7076,undetermined
7077,undetermined
7078,undetermined
7079,undetermined
7080,undetermined
7081,undetermined
7082,undetermined
7083,undetermined
7084,undetermined
7085,undetermined
7086,undetermined
7087,undetermined
7088,undetermined
7089,undetermined
7090,undetermined
7091,undetermined
7092,undetermined
7093,undetermined
7094,undetermined
7095,undetermined
7096,undetermined
7097,undetermined
7098,undetermined
7099,undetermined
7100,undetermined
7101,undetermined
7102,undetermined
7103,undetermined
7104,undetermined
7105,undetermined
7106,undetermined
7107,undetermined
7108,undetermined
7109,undetermined
7110,undetermined
7111,undetermined
7112,undetermined
7113,undetermined
7114,undetermined
7115,undetermined
7116,undetermined
7117,undetermined
7118,undetermined
7119,undetermined
7120,undetermined
7121,undetermined
7122,undetermined
7123,undetermined
7124,undetermined
7125,undetermined
7126,undetermined
7127,undetermined
7128,undetermined
7129,undetermined
7130,undetermined
7131,undetermined
7132,undetermined
7133,undetermined
7134,undetermined
7135,undetermined
7136,undetermined
7137,undetermined
7138,undetermined
7139,undetermined
7140,undetermined
7141,undetermined
7142,undetermined
7143,undetermined
7144,undetermined
7145,undetermined
7146,undetermined
7147,undetermined
7148,undetermined
7149,undetermined
7150,undetermined
7151,undetermined
7152,undetermined
7153,undetermined
7154,undetermined
7155,undetermined
7156,undetermined
7157,undetermined
7158,undetermined
7159,undetermined
7160,undetermined
7161,undetermined
7162,undetermined
7163,undetermined
7164,undetermined
7165,undetermined
7166,undetermined
7167,undetermined
7168,undetermined
7169,undetermined
7170,undetermined
7171,undetermined
7172,undetermined
7173,undetermined
7174,undetermined
7175,undetermined
7176,undetermined
7177,undetermined
7178,undetermined
7179,undetermined
7180,tube
7181,undetermined
7182,undetermined
7183,undetermined
7184,undetermined
7185,undetermined
7186,undetermined
7187,undetermined
7188,undetermined
7189,undetermined
7190,undetermined
7191,undetermined
7192,undetermined
7193,undetermined
7194,tube
7195,undetermined
7196,undetermined
7197,tube
7198,undetermined
7199,undetermined
7200,undetermined
7201,undetermined
7202,undetermined
7203,undetermined
7204,undetermined
7205,undetermined
7206,undetermined
7207,undetermined
7208,undetermined
7209,undetermined
7210,undetermined
7211,undetermined
7212,tube
7213,undetermined
7214,undetermined
7215,undetermined
7216,undetermined
7217,undetermined
7218,undetermined
7219,undetermined
7220,undetermined
7221,tube
7222,undetermined
7223,undetermined
7224,undetermined
7225,undetermined
7226,undetermined
7227,undetermined
7228,tube
7229,undetermined
7230,undetermined
7231,undetermined
7232,undetermined
7233,undetermined
7234,undetermined
7235,undetermined
7236,tube
7237,undetermined
7238,undetermined
7239,undetermined
7240,undetermined
7241,undetermined
7242,undetermined
7243,undetermined
7244,undetermined
7245,undetermined
7246,undetermined
7247,undetermined
7248,tube
7249,undetermined
7250,undetermined
7251,undetermined
7252,undetermined
7253,undetermined
7254,tube
7255,undetermined
7256,undetermined
7257,undetermined
7258,undetermined
7259,undetermined
7260,tube
7261,undetermined
7262,undetermined
7263,undetermined
7264,undetermined
7265,undetermined
7266,undetermined
7267,undetermined
7268,undetermined
7269,undetermined
7270,undetermined
7271,undetermined
7272,undetermined
7273,undetermined
7274,undetermined
7275,undetermined
7276,undetermined
7277,undetermined
7278,undetermined
7279,undetermined
7280,undetermined
7281,undetermined
7282,undetermined
7283,undetermined
7284,undetermined
7285,undetermined
7286,tube
7287,undetermined
7288,undetermined
7289,undetermined
7290,undetermined
7291,undetermined
7292,undetermined
7293,undetermined
7294,undetermined
7295,undetermined
7296,undetermined
7297,undetermined
7298,undetermined
7299,undetermined
7300,undetermined
7301,undetermined
7302,undetermined
7303,undetermined
7304,undetermined
7305,undetermined
7306,undetermined
7307,undetermined
7308,undetermined
7309,undetermined
7310,undetermined
7311,undetermined
7312,undetermined
7313,undetermined
7314,undetermined
7315,undetermined
7316,undetermined
7317,undetermined
7318,undetermined
7319,undetermined
7320,undetermined
7321,undetermined
7322,undetermined
7323,undetermined
7324,tube
7325,undetermined
7326,undetermined
7327,undetermined
7328,undetermined
7329,undetermined
7330,undetermined
7331,undetermined
7332,undetermined
7333,undetermined
7334,undetermined
7335,undetermined
7336,undetermined
7337,undetermined
7338,undetermined
7339,undetermined
7340,undetermined
7341,undetermined
7342,undetermined
7343,undetermined
7344,undetermined
7345,undetermined
7346,undetermined
7347,undetermined
7348,undetermined
7349,undetermined
7350,undetermined
7351,undetermined
7352,undetermined
7353,undetermined
7354,undetermined
7355,undetermined
7356,undetermined
7357,undetermined
7358,undetermined
7359,undetermined
7360,undetermined
7361,undetermined
7362,undetermined
7363,undetermined
7364,tube
7365,undetermined
7366,undetermined
7367,undetermined
7368,undetermined
7369,undetermined
7370,tube
7371,undetermined
7372,tube
7373,undetermined
7374,undetermined
7375,undetermined
7376,undetermined
7377,tube
7378,undetermined
7379,undetermined
7380,undetermined
7381,undetermined
7382,undetermined
7383,undetermined
7384,undetermined
7385,undetermined
7386,undetermined
7387,undetermined
7388,undetermined
7389,undetermined
7390,undetermined
7391,undetermined
7392,undetermined
7393,undetermined
7394,undetermined
7395,undetermined
7396,undetermined
7397,undetermined
7398,undetermined
7399,undetermined
7400,undetermined
7401,tube
7402,undetermined
7403,tube
7404,undetermined
7405,undetermined
7406,undetermined
7407,undetermined
7408,undetermined
7409,undetermined
7410,undetermined
7411,undetermined
7412,undetermined
7413,undetermined
7414,undetermined
7415,undetermined
7416,undetermined
7417,undetermined
7418,undetermined
7419,undetermined
7420,tube
7421,undetermined
7422,undetermined
7423,undetermined
7424,undetermined
7425,undetermined
7426,undetermined
7427,undetermined
7428,undetermined
7429,undetermined
7430,undetermined
7431,undetermined
7432,undetermined
7433,undetermined
7434,undetermined
7435,undetermined
7436,undetermined
7437,undetermined
7438,undetermined
7439,undetermined
7440,undetermined
7441,undetermined
7442,undetermined
7443,undetermined
7444,undetermined
7445,undetermined
7446,undetermined
7447,undetermined
7448,undetermined
7449,undetermined
7450,tube
7451,undetermined
7452,undetermined
7453,undetermined
7454,undetermined
7455,undetermined
7456,undetermined
7457,undetermined
7458,undetermined
7459,undetermined
7460,undetermined
7461,undetermined
7462,undetermined
7463,undetermined
7464,undetermined
7465,undetermined
7466,undetermined
7467,undetermined
7468,undetermined
7469,undetermined
7470,tube
7471,undetermined
7472,undetermined
7473,undetermined
7474,undetermined
7475,undetermined
7476,undetermined
7477,undetermined
7478,undetermined
7479,undetermined
7480,undetermined
7481,undetermined
7482,undetermined
7483,undetermined
7484,undetermined
7485,undetermined
7486,undetermined
7487,undetermined
7488,undetermined
7489,undetermined
7490,undetermined
7491,undetermined
7492,undetermined
7493,undetermined
7494,undetermined
7495,undetermined
7496,undetermined
7497,undetermined
7498,undetermined
7499,undetermined
7500,undetermined
7501,undetermined
7502,undetermined
7503,undetermined
7504,undetermined
7505,undetermined
7506,undetermined
7507,undetermined
7508,undetermined
7509,undetermined
7510,undetermined
7511,undetermined
7512,undetermined
7513,undetermined
7514,undetermined
7515,undetermined
7516,undetermined
7517,undetermined
7518,undetermined
7519,undetermined
7520,undetermined
7521,undetermined
7522,undetermined
7523,undetermined
7524,undetermined
7525,undetermined
7526,undetermined
7527,undetermined
7528,undetermined
7529,undetermined
7530,undetermined
7531,undetermined
7532,undetermined
7533,undetermined
7534,undetermined
7535,undetermined
7536,undetermined
7537,undetermined
7538,undetermined
7539,undetermined
7540,undetermined
7541,undetermined
7542,undetermined
7543,undetermined
7544,undetermined
7545,undetermined
7546,undetermined
7547,undetermined
7548,undetermined
7549,undetermined
7550,undetermined
7551,undetermined
7552,undetermined
7553,undetermined
7554,undetermined
7555,undetermined
7556,undetermined
7557,undetermined
7558,tube
7559,undetermined
7560,undetermined
7561,undetermined
7562,undetermined
7563,undetermined
7564,undetermined
7565,undetermined
7566,undetermined
7567,undetermined
7568,undetermined
7569,undetermined
7570,undetermined
7571,undetermined
7572,undetermined
7573,undetermined
7574,tube
7575,undetermined
7576,undetermined
7577,undetermined
7578,undetermined
7579,undetermined
7580,undetermined
7581,undetermined
7582,undetermined
7583,undetermined
7584,undetermined
7585,undetermined
7586,undetermined
7587,undetermined
7588,undetermined
7589,undetermined
7590,undetermined
7591,undetermined
7592,undetermined
7593,undetermined
7594,undetermined
7595,undetermined
7596,undetermined
7597,undetermined
7598,undetermined
7599,undetermined
7600,undetermined
7601,undetermined
7602,undetermined
7603,undetermined
7604,undetermined
7605,undetermined
7606,undetermined
7607,undetermined
7608,undetermined
7609,undetermined
7610,undetermined
7611,undetermined
7612,undetermined
7613,undetermined
7614,undetermined
7615,undetermined
7616,undetermined
7617,undetermined
7618,undetermined
7619,undetermined
7620,undetermined
7621,tube
7622,undetermined
7623,undetermined
7624,undetermined
7625,tube
7626,undetermined
7627,undetermined
7628,undetermined
7629,undetermined
7630,undetermined
7631,undetermined
7632,undetermined
7633,undetermined
7634,undetermined
7635,undetermined
7636,undetermined
7637,undetermined
7638,undetermined
7639,undetermined
7640,undetermined
7641,undetermined
7642,undetermined
7643,undetermined
7644,undetermined
7645,undetermined
7646,undetermined
7647,undetermined
7648,undetermined
7649,undetermined
7650,undetermined
7651,undetermined
7652,undetermined
7653,undetermined
7654,undetermined
7655,undetermined
7656,undetermined
7657,undetermined
7658,undetermined
7659,undetermined
7660,undetermined
7661,undetermined
7662,undetermined
7663,tube
7664,undetermined
7665,undetermined
7666,undetermined
7667,undetermined
7668,undetermined
7669,undetermined
7670,undetermined
7671,undetermined
7672,undetermined
7673,undetermined
7674,undetermined
7675,undetermined
7676,undetermined
7677,undetermined
7678,undetermined
7679,undetermined
7680,undetermined
7681,undetermined
7682,undetermined
7683,undetermined
7684,undetermined
7685,undetermined
7686,undetermined
7687,undetermined
7688,undetermined
7689,undetermined
7690,undetermined
7691,undetermined
7692,undetermined
7693,undetermined
7694,undetermined
7695,undetermined
7696,undetermined
7697,undetermined
7698,undetermined
7699,undetermined
7700,undetermined
7701,undetermined
7702,undetermined
7703,undetermined
7704,undetermined
7705,undetermined
7706,tube
7707,undetermined
7708,undetermined
7709,undetermined
7710,undetermined
7711,undetermined
7712,undetermined
7713,undetermined
7714,undetermined
7715,undetermined
7716,undetermined
7717,undetermined
7718,undetermined
7719,undetermined
7720,undetermined
7721,undetermined
7722,undetermined
7723,undetermined
7724,undetermined
7725,undetermined
7726,undetermined
7727,undetermined
7728,undetermined
7729,undetermined
7730,undetermined
7731,undetermined
7732,undetermined
7733,undetermined
7734,undetermined
7735,undetermined
7736,undetermined
7737,undetermined
7738,undetermined
7739,undetermined
7740,undetermined
7741,undetermined
7742,undetermined
7743,undetermined
7744,undetermined
7745,undetermined
7746,undetermined
7747,undetermined
7748,tube
7749,undetermined
7750,undetermined
7751,undetermined
7752,undetermined
7753,undetermined
7754,undetermined
7755,undetermined
7756,undetermined
7757,undetermined
7758,undetermined
7759,undetermined
7760,undetermined
7761,undetermined
7762,undetermined
7763,undetermined
7764,undetermined
7765,undetermined
7766,undetermined
7767,undetermined
7768,undetermined
7769,undetermined
7770,undetermined
7771,undetermined
7772,undetermined
7773,undetermined
7774,undetermined
7775,undetermined
7776,undetermined
7777,undetermined
7778,undetermined
7779,undetermined
7780,undetermined
7781,undetermined
7782,undetermined
7783,undetermined
7784,undetermined
7785,undetermined
7786,undetermined
7787,undetermined
7788,undetermined
7789,undetermined
7790,undetermined
7791,undetermined
7792,undetermined
7793,undetermined
7794,undetermined
7795,undetermined
7796,undetermined
7797,undetermined
7798,tube
7799,undetermined
7800,undetermined
7801,undetermined
7802,undetermined
7803,undetermined
7804,tube
7805,undetermined
7806,undetermined
7807,undetermined
7808,undetermined
7809,undetermined
7810,undetermined
7811,undetermined
7812,undetermined
7813,undetermined
7814,undetermined
7815,undetermined
7816,undetermined
7817,undetermined
7818,undetermined
7819,undetermined
7820,undetermined
7821,undetermined
7822,undetermined
7823,undetermined
7824,undetermined
7825,undetermined
7826,undetermined
7827,undetermined
7828,undetermined
7829,undetermined
7830,undetermined
7831,undetermined
7832,undetermined
7833,undetermined
7834,undetermined
7835,undetermined
7836,undetermined
7837,undetermined
7838,undetermined
7839,tube
7840,tube
7841,undetermined
7842,undetermined
7843,undetermined
7844,undetermined
7845,undetermined
7846,undetermined
7847,undetermined
7848,undetermined
7849,tube
7850,undetermined
7851,undetermined
7852,undetermined
7853,undetermined
7854,undetermined
7855,undetermined
7856,undetermined
7857,undetermined
7858,undetermined
7859,undetermined
7860,undetermined
7861,undetermined
7862,undetermined
7863,tube
7864,undetermined
7865,undetermined
7866,undetermined
7867,undetermined
7868,undetermined
7869,undetermined
7870,undetermined
7871,undetermined
7872,tube
7873,undetermined
7874,undetermined
7875,undetermined
7876,undetermined
7877,undetermined
7878,undetermined
7879,undetermined
7880,undetermined
7881,undetermined
7882,undetermined
7883,undetermined
7884,undetermined
7885,undetermined
7886,undetermined
7887,undetermined
7888,undetermined
7889,undetermined
7890,undetermined
7891,undetermined
7892,undetermined
7893,undetermined
7894,undetermined
7895,undetermined
7896,undetermined
7897,undetermined
7898,undetermined
7899,undetermined
7900,undetermined
7901,undetermined
7902,undetermined
7903,undetermined
7904,undetermined
7905,undetermined
7906,undetermined
7907,undetermined
7908,undetermined
7909,undetermined
7910,undetermined
7911,undetermined
7912,undetermined
7913,undetermined
7914,undetermined
7915,undetermined
7916,undetermined
7917,undetermined
7918,undetermined
7919,undetermined
7920,undetermined
7921,undetermined
7922,undetermined
7923,undetermined
7924,undetermined
7925,undetermined
7926,undetermined
7927,undetermined
7928,undetermined
7929,undetermined
7930,undetermined
7931,undetermined
7932,undetermined
7933,undetermined
7934,undetermined
7935,undetermined
7936,undetermined
7937,undetermined
7938,undetermined
7939,undetermined
7940,undetermined
7941,undetermined
7942,undetermined
7943,undetermined
7944,undetermined
7945,undetermined
7946,undetermined
7947,undetermined
7948,undetermined
7949,undetermined
7950,undetermined
7951,undetermined
7952,undetermined
7953,tube
7954,undetermined
7955,undetermined
7956,undetermined
7957,undetermined
7958,undetermined
7959,undetermined
7960,undetermined
7961,undetermined
7962,undetermined
7963,undetermined
7964,undetermined
7965,undetermined
7966,undetermined
7967,undetermined
7968,undetermined
7969,undetermined
7970,undetermined
7971,undetermined
7972,undetermined
7973,undetermined
7974,tube
7975,undetermined
7976,undetermined
7977,undetermined
7978,undetermined
7979,undetermined
7980,undetermined
7981,undetermined
7982,undetermined
7983,undetermined
7984,tube
7985,undetermined
7986,undetermined
7987,undetermined
7988,undetermined
7989,undetermined
7990,undetermined
7991,undetermined
7992,undetermined
7993,undetermined
7994,undetermined
7995,undetermined
7996,undetermined
7997,undetermined
7998,undetermined
7999,undetermined
8000,undetermined
8001,undetermined
8002,undetermined
8003,undetermined
8004,undetermined
8005,undetermined
8006,undetermined
8007,undetermined
8008,undetermined
8009,undetermined
8010,undetermined
8011,undetermined
8012,undetermined
8013,undetermined
8014,tube
8015,tube
8016,undetermined
8017,undetermined
8018,undetermined
8019,undetermined
8020,undetermined
8021,undetermined
8022,undetermined
8023,undetermined
8024,undetermined
8025,undetermined
8026,undetermined
8027,undetermined
8028,undetermined
8029,undetermined
8030,undetermined
8031,undetermined
8032,undetermined
8033,undetermined
8034,undetermined
8035,undetermined
8036,undetermined
8037,undetermined
8038,undetermined
8039,undetermined
8040,undetermined
8041,undetermined
8042,undetermined
8043,undetermined
8044,undetermined
8045,undetermined
8046,undetermined
8047,undetermined
8048,undetermined
8049,undetermined
8050,undetermined
8051,undetermined
8052,undetermined
8053,undetermined
8054,undetermined
8055,undetermined
8056,undetermined
8057,undetermined
8058,undetermined
8059,undetermined
8060,undetermined
8061,undetermined
8062,undetermined
8063,undetermined
8064,undetermined
8065,undetermined
8066,undetermined
8067,undetermined
8068,undetermined
8069,undetermined
8070,undetermined
8071,undetermined
8072,undetermined
8073,undetermined
8074,undetermined
8075,undetermined
8076,tube
8077,tube
8078,undetermined
8079,undetermined
8080,undetermined
8081,undetermined
8082,undetermined
8083,undetermined
8084,undetermined
8085,undetermined
8086,undetermined
8087,undetermined
8088,undetermined
8089,undetermined
8090,undetermined
8091,undetermined
8092,undetermined
8093,undetermined
8094,undetermined
8095,undetermined
8096,undetermined
8097,undetermined
8098,undetermined
8099,undetermined
8100,undetermined
8101,undetermined
8102,undetermined
8103,undetermined
8104,undetermined
8105,undetermined
8106,undetermined
8107,undetermined
8108,undetermined
8109,undetermined
8110,undetermined
8111,undetermined
8112,undetermined
8113,undetermined
8114,undetermined
8115,undetermined
8116,undetermined
8117,undetermined
8118,undetermined
8119,undetermined
8120,undetermined
8121,undetermined
8122,undetermined
8123,undetermined
8124,undetermined
8125,undetermined
8126,undetermined
8127,undetermined
8128,undetermined
8129,undetermined
8130,undetermined
8131,undetermined
8132,undetermined
8133,undetermined
8134,undetermined
8135,undetermined
8136,undetermined
8137,undetermined
8138,undetermined
8139,undetermined
8140,undetermined
8141,undetermined
8142,undetermined
8143,undetermined
8144,undetermined
8145,undetermined
8146,undetermined
8147,undetermined
8148,tube
8149,undetermined
8150,undetermined
8151,undetermined
8152,undetermined
8153,undetermined
8154,undetermined
8155,undetermined
8156,undetermined
8157,undetermined
8158,undetermined
8159,undetermined
8160,undetermined
8161,undetermined
8162,undetermined
8163,undetermined
8164,undetermined
8165,undetermined
8166,undetermined
8167,undetermined
8168,undetermined
8169,undetermined
8170,undetermined
8171,undetermined
8172,undetermined
8173,undetermined
8174,undetermined
8175,tube
8176,undetermined
8177,undetermined
8178,tube
8179,tube
8180,undetermined
8181,undetermined
8182,undetermined
8183,undetermined
8184,undetermined
8185,tube
8186,undetermined
8187,undetermined
8188,undetermined
8189,undetermined
8190,undetermined
8191,tube
8192,undetermined
8193,undetermined
8194,undetermined
8195,undetermined
8196,undetermined
8197,undetermined
8198,undetermined
8199,undetermined
8200,undetermined
8201,undetermined
8202,undetermined
8203,undetermined
8204,undetermined
8205,undetermined
8206,undetermined
8207,undetermined
8208,undetermined
8209,undetermined
8210,undetermined
8211,undetermined
8212,undetermined
8213,undetermined
8214,undetermined
8215,undetermined
8216,undetermined
8217,undetermined
8218,undetermined
8219,undetermined
8220,undetermined
8221,undetermined
8222,undetermined
8223,undetermined
8224,undetermined
8225,undetermined
8226,undetermined
8227,undetermined
8228,undetermined
8229,undetermined
8230,undetermined
8231,undetermined
8232,tube
8233,undetermined
8234,tube
8235,undetermined
8236,undetermined
8237,undetermined
8238,undetermined
8239,undetermined
8240,undetermined
8241,undetermined
8242,undetermined
8243,undetermined
8244,undetermined
8245,undetermined
8246,undetermined
8247,undetermined
8248,undetermined
8249,undetermined
8250,undetermined
8251,undetermined
8252,undetermined
8253,undetermined
8254,undetermined
8255,undetermined
8256,undetermined
8257,undetermined
8258,undetermined
8259,undetermined
8260,undetermined
8261,undetermined
8262,undetermined
8263,tube
8264,undetermined
8265,undetermined
8266,undetermined
8267,undetermined
8268,undetermined
8269,undetermined
8270,undetermined
8271,undetermined
8272,undetermined
8273,undetermined
8274,undetermined
8275,undetermined
8276,undetermined
8277,undetermined
8278,undetermined
8279,undetermined
8280,undetermined
8281,undetermined
8282,undetermined
8283,undetermined
8284,undetermined
8285,undetermined
8286,tube
8287,undetermined
8288,undetermined
8289,undetermined
8290,undetermined
8291,undetermined
8292,undetermined
8293,undetermined
8294,undetermined
8295,undetermined
8296,undetermined
8297,undetermined
8298,undetermined
8299,tube
8300,undetermined
8301,undetermined
8302,undetermined
8303,undetermined
8304,undetermined
8305,undetermined
8306,undetermined
8307,undetermined
8308,undetermined
8309,undetermined
8310,undetermined
8311,undetermined
8312,undetermined
8313,undetermined
8314,tube
8315,undetermined
8316,undetermined
8317,undetermined
8318,undetermined
8319,undetermined
8320,undetermined
8321,undetermined
8322,undetermined
8323,undetermined
8324,undetermined
8325,undetermined
8326,undetermined
8327,undetermined
8328,undetermined
8329,undetermined
8330,tube
8331,undetermined
8332,undetermined
8333,undetermined
8334,undetermined
8335,undetermined
8336,undetermined
8337,undetermined
8338,undetermined
8339,undetermined
8340,undetermined
8341,undetermined
8342,undetermined
8343,undetermined
8344,undetermined
8345,undetermined
8346,undetermined
8347,undetermined
8348,undetermined
8349,undetermined
8350,undetermined
8351,undetermined
8352,undetermined
8353,undetermined
8354,undetermined
8355,undetermined
8356,undetermined
8357,undetermined
8358,undetermined
8359,undetermined
8360,undetermined
8361,undetermined
8362,undetermined
8363,undetermined
8364,undetermined
8365,undetermined
8366,undetermined
8367,undetermined
8368,undetermined
8369,undetermined
8370,undetermined
8371,undetermined
8372,undetermined
8373,undetermined
8374,undetermined
8375,tube
8376,undetermined
8377,undetermined
8378,undetermined
8379,undetermined
8380,undetermined
8381,undetermined
8382,undetermined
8383,undetermined
8384,undetermined
8385,undetermined
8386,undetermined
8387,undetermined
8388,undetermined
8389,tube
8390,undetermined
8391,undetermined
8392,undetermined
8393,undetermined
8394,undetermined
8395,undetermined
8396,undetermined
8397,undetermined
8398,undetermined
8399,undetermined
8400,undetermined
8401,tube
8402,undetermined
8403,undetermined
8404,undetermined
8405,undetermined
8406,undetermined
8407,undetermined
8408,undetermined
8409,undetermined
8410,undetermined
8411,undetermined
8412,undetermined
8413,undetermined
8414,undetermined
8415,undetermined
8416,undetermined
8417,undetermined
8418,undetermined
8419,undetermined
8420,undetermined
8421,undetermined
8422,undetermined
8423,undetermined
8424,undetermined
8425,undetermined
8426,undetermined
8427,undetermined
8428,undetermined
8429,undetermined
8430,undetermined
8431,undetermined
8432,undetermined
8433,undetermined
8434,undetermined
8435,undetermined
8436,undetermined
8437,undetermined
8438,undetermined
8439,undetermined
8440,undetermined
8441,undetermined
8442,undetermined
8443,undetermined
8444,undetermined
8445,undetermined
8446,undetermined
8447,undetermined
8448,undetermined
8449,undetermined
8450,undetermined
8451,undetermined
8452,tube
8453,undetermined
8454,undetermined
8455,undetermined
8456,undetermined
8457,undetermined
8458,undetermined
8459,undetermined
8460,undetermined
8461,undetermined
8462,tube
8463,undetermined
8464,undetermined
8465,undetermined
8466,undetermined
8467,undetermined
8468,undetermined
8469,undetermined
8470,undetermined
8471,undetermined
8472,undetermined
8473,undetermined
8474,undetermined
8475,undetermined
8476,undetermined
8477,undetermined
8478,undetermined
8479,undetermined
8480,undetermined
8481,undetermined
8482,undetermined
8483,undetermined
8484,undetermined
8485,undetermined
8486,undetermined
8487,undetermined
8488,undetermined
8489,undetermined
8490,undetermined
8491,undetermined
8492,undetermined
8493,undetermined
8494,undetermined
8495,undetermined
8496,tube
8497,undetermined
8498,undetermined
8499,undetermined
8500,undetermined
8501,undetermined
8502,undetermined
8503,undetermined
8504,undetermined
8505,undetermined
8506,undetermined
8507,undetermined
8508,undetermined
8509,undetermined
8510,undetermined
8511,tube
8512,undetermined
8513,undetermined
8514,undetermined
8515,undetermined
8516,undetermined
8517,undetermined
8518,undetermined
8519,undetermined
8520,undetermined
8521,undetermined
8522,undetermined
8523,undetermined
8524,undetermined
8525,undetermined
8526,undetermined
8527,undetermined
8528,undetermined
8529,undetermined
8530,undetermined
8531,undetermined
8532,undetermined
8533,undetermined
8534,undetermined
8535,undetermined
8536,undetermined
8537,undetermined
8538,undetermined
8539,undetermined
8540,undetermined
8541,undetermined
8542,undetermined
8543,undetermined
8544,undetermined
8545,undetermined
8546,undetermined
8547,undetermined
8548,undetermined
8549,tube
8550,undetermined
8551,undetermined
8552,undetermined
8553,undetermined
8554,undetermined
8555,undetermined
8556,undetermined
8557,undetermined
8558,undetermined
8559,undetermined
8560,undetermined
8561,undetermined
8562,undetermined
8563,undetermined
8564,undetermined
8565,undetermined
8566,undetermined
8567,undetermined
8568,undetermined
8569,undetermined
8570,undetermined
8571,undetermined
8572,undetermined
8573,undetermined
8574,undetermined
8575,undetermined
8576,undetermined
8577,undetermined
8578,undetermined
8579,undetermined
8580,undetermined
8581,undetermined
8582,undetermined
8583,undetermined
8584,undetermined
8585,undetermined
8586,undetermined
8587,tube
8588,undetermined
8589,tube
8590,tube
8591,undetermined
8592,undetermined
8593,undetermined
8594,undetermined
8595,undetermined
8596,undetermined
8597,undetermined
8598,undetermined
8599,undetermined
8600,undetermined
8601,undetermined
8602,undetermined
8603,undetermined
8604,undetermined
8605,undetermined
8606,undetermined
8607,undetermined
8608,undetermined
8609,undetermined
8610,undetermined
8611,undetermined
8612,undetermined
8613,undetermined
8614,undetermined
8615,undetermined
8616,undetermined
8617,undetermined
8618,undetermined
8619,undetermined
8620,undetermined
8621,undetermined
8622,undetermined
8623,undetermined
8624,undetermined
8625,undetermined
8626,undetermined
8627,undetermined
8628,undetermined
8629,undetermined
8630,tube
8631,undetermined
8632,undetermined
8633,undetermined
8634,undetermined
8635,undetermined
8636,undetermined
8637,undetermined
8638,undetermined
8639,undetermined
8640,undetermined
8641,undetermined
8642,undetermined
8643,undetermined
8644,undetermined
8645,undetermined
8646,undetermined
8647,undetermined
8648,undetermined
8649,undetermined
8650,undetermined
8651,undetermined
8652,undetermined
8653,undetermined
8654,undetermined
8655,undetermined
8656,tube
8657,undetermined
8658,undetermined
8659,undetermined
8660,undetermined
8661,undetermined
8662,undetermined
8663,undetermined
8664,undetermined
8665,undetermined
8666,undetermined
8667,undetermined
8668,undetermined
8669,undetermined
8670,tube
8671,undetermined
8672,undetermined
8673,undetermined
8674,undetermined
8675,undetermined
8676,undetermined
8677,undetermined
8678,undetermined
8679,undetermined
8680,undetermined
8681,undetermined
8682,undetermined
8683,undetermined
8684,undetermined
8685,undetermined
8686,undetermined
8687,undetermined
8688,undetermined
8689,undetermined
8690,undetermined
8691,undetermined
8692,undetermined
8693,undetermined
8694,undetermined
8695,undetermined
8696,tube
8697,undetermined
8698,undetermined
8699,tube
8700,undetermined
8701,undetermined
8702,tube
8703,undetermined
8704,undetermined
8705,undetermined
8706,undetermined
8707,undetermined
8708,undetermined
8709,undetermined
8710,undetermined
8711,undetermined
8712,undetermined
8713,undetermined
8714,tube
8715,undetermined
8716,undetermined
8717,undetermined
8718,undetermined
8719,undetermined
8720,undetermined
8721,undetermined
8722,undetermined
8723,undetermined
8724,undetermined
8725,undetermined
8726,undetermined
8727,undetermined
8728,undetermined
8729,undetermined
8730,undetermined
8731,undetermined
8732,undetermined
8733,undetermined
8734,undetermined
8735,undetermined
8736,undetermined
8737,undetermined
8738,undetermined
8739,undetermined
8740,undetermined
8741,undetermined
8742,undetermined
8743,undetermined
8744,undetermined
8745,undetermined
8746,undetermined
8747,undetermined
8748,undetermined
8749,tube
8750,undetermined
8751,undetermined
8752,undetermined
8753,undetermined
8754,undetermined
8755,undetermined
8756,tube
8757,undetermined
8758,undetermined
8759,undetermined
8760,undetermined
8761,undetermined
8762,undetermined
8763,undetermined
8764,undetermined
8765,undetermined
8766,undetermined
8767,undetermined
8768,undetermined
8769,undetermined
8770,undetermined
8771,undetermined
8772,undetermined
8773,undetermined
8774,undetermined
8775,undetermined
8776,undetermined
8777,undetermined
8778,undetermined
8779,undetermined
8780,undetermined
8781,undetermined
8782,undetermined
8783,undetermined
8784,undetermined
8785,undetermined
8786,undetermined
8787,undetermined
8788,undetermined
8789,undetermined
8790,undetermined
8791,undetermined
8792,undetermined
8793,undetermined
8794,undetermined
8795,undetermined
8796,undetermined
8797,undetermined
8798,undetermined
8799,undetermined
8800,undetermined
8801,undetermined
8802,undetermined
8803,undetermined
8804,undetermined
8805,undetermined
8806,undetermined
8807,undetermined
8808,undetermined
8809,undetermined
8810,undetermined
8811,tube
8812,undetermined
8813,undetermined
8814,undetermined
8815,undetermined
8816,undetermined
8817,undetermined
8818,undetermined
8819,undetermined
8820,undetermined
8821,undetermined
8822,undetermined
8823,undetermined
8824,undetermined
8825,undetermined
8826,undetermined
8827,undetermined
8828,undetermined
8829,undetermined
8830,undetermined
8831,undetermined
8832,undetermined
8833,undetermined
8834,undetermined
8835,tube
8836,undetermined
8837,undetermined
8838,undetermined
8839,undetermined
8840,undetermined
8841,undetermined
8842,undetermined
8843,undetermined
8844,undetermined
8845,undetermined
8846,undetermined
8847,undetermined
8848,undetermined
8849,undetermined
8850,undetermined
8851,undetermined
8852,undetermined
8853,undetermined
8854,undetermined
8855,undetermined
8856,undetermined
8857,undetermined
8858,undetermined
8859,undetermined
8860,undetermined
8861,undetermined
8862,undetermined
8863,undetermined
8864,undetermined
8865,undetermined
8866,undetermined
8867,undetermined
8868,undetermined
8869,undetermined
8870,undetermined
8871,undetermined
8872,undetermined
8873,tube
8874,undetermined
8875,undetermined
8876,undetermined
8877,undetermined
8878,undetermined
8879,undetermined
8880,undetermined
8881,undetermined
8882,undetermined
8883,undetermined
8884,undetermined
8885,undetermined
8886,undetermined
8887,undetermined
8888,undetermined
8889,undetermined
8890,tube
8891,undetermined
8892,undetermined
8893,undetermined
8894,undetermined
8895,undetermined
8896,undetermined
8897,undetermined
8898,undetermined
8899,undetermined
8900,undetermined
8901,undetermined
8902,undetermined
8903,undetermined
8904,undetermined
8905,undetermined
8906,tube
8907,undetermined
8908,undetermined
8909,undetermined
8910,undetermined
8911,undetermined
8912,undetermined
8913,undetermined
8914,tube
8915,undetermined
8916,undetermined
8917,undetermined
8918,undetermined
8919,undetermined
8920,tube
8921,undetermined
8922,undetermined
8923,tube
8924,undetermined
8925,undetermined
8926,undetermined
8927,undetermined
8928,undetermined
8929,undetermined
8930,undetermined
8931,undetermined
8932,undetermined
8933,undetermined
8934,undetermined
8935,undetermined
8936,undetermined
8937,undetermined
8938,undetermined
8939,undetermined
8940,undetermined
8941,undetermined
8942,undetermined
8943,undetermined
8944,undetermined
8945,undetermined
8946,undetermined
8947,undetermined
8948,undetermined
8949,undetermined
8950,undetermined
8951,undetermined
8952,undetermined
8953,undetermined
8954,undetermined
8955,undetermined
8956,undetermined
8957,undetermined
8958,undetermined
8959,undetermined
8960,undetermined
8961,undetermined
8962,undetermined
8963,undetermined
8964,undetermined
8965,undetermined
8966,undetermined
8967,undetermined
8968,undetermined
8969,undetermined
8970,undetermined
8971,undetermined
8972,undetermined
8973,undetermined
8974,undetermined
8975,undetermined
8976,undetermined
8977,undetermined
8978,undetermined
8979,undetermined
8980,undetermined
8981,undetermined
8982,undetermined
8983,undetermined
8984,undetermined
8985,undetermined
8986,undetermined
8987,undetermined
8988,undetermined
8989,undetermined
8990,undetermined
8991,undetermined
8992,undetermined
8993,undetermined
8994,undetermined
8995,undetermined
8996,undetermined
8997,undetermined
8998,undetermined
8999,undetermined
9000,undetermined
9001,undetermined
9002,undetermined
9003,undetermined
9004,undetermined
9005,undetermined
9006,undetermined
9007,undetermined
9008,undetermined
9009,undetermined
9010,undetermined
9011,undetermined
9012,tube
9013,undetermined
9014,undetermined
9015,undetermined
9016,tube
9017,undetermined
9018,undetermined
9019,undetermined
9020,undetermined
9021,undetermined
9022,undetermined
9023,undetermined
9024,undetermined
9025,tube
9026,undetermined
9027,undetermined
9028,undetermined
9029,undetermined
9030,undetermined
9031,undetermined
9032,undetermined
9033,undetermined
9034,undetermined
9035,undetermined
9036,undetermined
9037,undetermined
9038,tube
9039,undetermined
9040,undetermined
9041,undetermined
9042,undetermined
9043,undetermined
9044,undetermined
9045,undetermined
9046,undetermined
9047,undetermined
9048,undetermined
9049,undetermined
9050,undetermined
9051,undetermined
9052,undetermined
9053,undetermined
9054,undetermined
9055,undetermined
9056,undetermined
9057,undetermined
9058,undetermined
9059,undetermined
9060,undetermined
9061,undetermined
9062,undetermined
9063,undetermined
9064,undetermined
9065,undetermined
9066,undetermined
9067,undetermined
9068,undetermined
9069,undetermined
9070,undetermined
9071,undetermined
9072,tube
9073,undetermined
9074,undetermined
9075,undetermined
9076,undetermined
9077,undetermined
9078,undetermined
9079,undetermined
9080,undetermined
9081,undetermined
9082,undetermined
9083,undetermined
9084,undetermined
9085,undetermined
9086,undetermined
9087,undetermined
9088,tube
9089,undetermined
9090,undetermined
9091,undetermined
9092,undetermined
9093,undetermined
9094,undetermined
9095,undetermined
9096,undetermined
9097,undetermined
9098,undetermined
9099,undetermined
9100,undetermined
9101,undetermined
9102,undetermined
9103,undetermined
9104,undetermined
9105,undetermined
9106,undetermined
9107,undetermined
9108,undetermined
9109,undetermined
9110,undetermined
9111,undetermined
9112,undetermined
9113,undetermined
9114,undetermined
9115,undetermined
9116,undetermined
9117,undetermined
9118,undetermined
9119,undetermined
9120,undetermined
9121,undetermined
9122,undetermined
9123,undetermined
9124,tube
9125,undetermined
9126,undetermined
9127,undetermined
9128,undetermined
9129,undetermined
9130,undetermined
9131,undetermined
9132,undetermined
9133,undetermined
9134,undetermined
9135,undetermined
9136,undetermined
9137,undetermined
9138,undetermined
9139,undetermined
9140,undetermined
9141,undetermined
9142,undetermined
9143,undetermined
9144,undetermined
9145,undetermined
9146,undetermined
9147,undetermined
9148,undetermined
9149,undetermined
9150,undetermined
9151,undetermined
9152,undetermined
9153,undetermined
9154,undetermined
9155,undetermined
9156,undetermined
9157,undetermined
9158,undetermined
9159,undetermined
9160,undetermined
9161,undetermined
9162,undetermined
9163,undetermined
9164,undetermined
9165,tube
9166,undetermined
9167,undetermined
9168,undetermined
9169,undetermined
9170,undetermined
9171,undetermined
9172,undetermined
9173,undetermined
9174,undetermined
9175,undetermined
9176,undetermined
9177,undetermined
9178,undetermined
9179,undetermined
9180,undetermined
9181,undetermined
9182,undetermined
9183,undetermined
9184,undetermined
9185,undetermined
9186,undetermined
9187,undetermined
9188,tube
9189,undetermined
9190,undetermined
9191,undetermined
9192,tube
9193,undetermined
9194,undetermined
9195,undetermined
9196,undetermined
9197,undetermined
9198,undetermined
9199,undetermined
9200,undetermined
9201,undetermined
9202,undetermined
9203,undetermined
9204,undetermined
9205,undetermined
9206,undetermined
9207,undetermined
9208,undetermined
9209,undetermined
9210,undetermined
9211,undetermined
9212,undetermined
9213,undetermined
9214,undetermined
9215,tube
9216,undetermined
9217,undetermined
9218,undetermined
9219,undetermined
9220,undetermined
9221,tube
9222,undetermined
9223,undetermined
9224,undetermined
9225,undetermined
9226,tube
9227,tube
9228,undetermined
9229,undetermined
9230,undetermined
9231,undetermined
9232,undetermined
9233,undetermined
9234,undetermined
9235,undetermined
9236,undetermined
9237,undetermined
9238,undetermined
9239,undetermined
9240,undetermined
9241,undetermined
9242,undetermined
9243,undetermined
9244,undetermined
9245,undetermined
9246,tube
9247,undetermined
9248,undetermined
9249,undetermined
9250,undetermined
9251,undetermined
9252,undetermined
9253,undetermined
9254,undetermined
9255,undetermined
9256,undetermined
9257,undetermined
9258,undetermined
9259,undetermined
9260,undetermined
9261,undetermined
9262,undetermined
9263,undetermined
9264,undetermined
9265,undetermined
9266,undetermined
9267,undetermined
9268,undetermined
9269,undetermined
9270,undetermined
9271,undetermined
9272,undetermined
9273,undetermined
9274,undetermined
9275,undetermined
9276,undetermined
9277,undetermined
9278,undetermined
9279,undetermined
9280,undetermined
9281,undetermined
9282,undetermined
9283,undetermined
9284,undetermined
9285,undetermined
9286,undetermined
9287,undetermined
9288,undetermined
9289,undetermined
9290,tube
9291,undetermined
9292,undetermined
9293,undetermined
9294,undetermined
9295,undetermined
9296,undetermined
9297,undetermined
9298,undetermined
9299,undetermined
9300,undetermined
9301,undetermined
9302,undetermined
9303,undetermined
9304,undetermined
9305,tube
9306,undetermined
9307,undetermined
9308,undetermined
9309,undetermined
9310,undetermined
9311,undetermined
9312,undetermined
9313,undetermined
9314,undetermined
9315,undetermined
9316,undetermined
9317,undetermined
9318,undetermined
9319,undetermined
9320,undetermined
9321,undetermined
9322,undetermined
9323,undetermined
9324,undetermined
9325,undetermined
9326,undetermined
9327,undetermined
9328,undetermined
9329,undetermined
9330,undetermined
9331,undetermined
9332,undetermined
9333,undetermined
9334,undetermined
9335,undetermined
9336,undetermined
9337,undetermined
9338,undetermined
9339,undetermined
9340,undetermined
9341,undetermined
9342,undetermined
9343,undetermined
9344,undetermined
9345,undetermined
9346,undetermined
9347,undetermined
9348,undetermined
9349,undetermined
9350,undetermined
9351,undetermined
9352,undetermined
9353,undetermined
9354,undetermined
9355,undetermined
9356,undetermined
9357,undetermined
9358,undetermined
9359,undetermined
9360,undetermined
9361,undetermined
9362,undetermined
9363,tube
9364,undetermined
9365,undetermined
9366,undetermined
9367,undetermined
9368,undetermined
9369,undetermined
9370,undetermined
9371,undetermined
9372,undetermined
9373,undetermined
9374,tube
9375,undetermined
9376,undetermined
9377,undetermined
9378,undetermined
9379,undetermined
9380,undetermined
9381,undetermined
9382,undetermined
9383,undetermined
9384,undetermined
9385,undetermined
9386,undetermined
9387,undetermined
9388,undetermined
9389,undetermined
9390,undetermined
9391,undetermined
9392,undetermined
9393,undetermined
9394,undetermined
9395,undetermined
9396,undetermined
9397,undetermined
9398,tube
9399,undetermined
9400,undetermined
9401,undetermined
9402,undetermined
9403,undetermined
9404,undetermined
9405,undetermined
9406,undetermined
9407,undetermined
9408,undetermined
9409,undetermined
9410,undetermined
9411,undetermined
9412,undetermined
9413,undetermined
9414,undetermined
9415,undetermined
9416,undetermined
9417,undetermined
9418,undetermined
9419,undetermined
9420,undetermined
9421,undetermined
9422,undetermined
9423,undetermined
9424,undetermined
9425,undetermined
9426,undetermined
9427,undetermined
9428,undetermined
9429,undetermined
9430,undetermined
9431,undetermined
9432,undetermined
9433,undetermined
9434,undetermined
9435,undetermined
9436,undetermined
9437,undetermined
9438,undetermined
9439,undetermined
9440,undetermined
9441,undetermined
9442,undetermined
9443,undetermined
9444,undetermined
9445,undetermined
9446,undetermined
9447,tube
9448,undetermined
9449,undetermined
9450,undetermined
9451,undetermined
9452,undetermined
9453,undetermined
9454,undetermined
9455,undetermined
9456,undetermined
9457,undetermined
9458,undetermined
9459,undetermined
9460,undetermined
9461,undetermined
9462,undetermined
9463,undetermined
9464,undetermined
9465,undetermined
9466,undetermined
9467,undetermined
9468,undetermined
9469,undetermined
9470,undetermined
9471,undetermined
9472,undetermined
9473,undetermined
9474,undetermined
9475,undetermined
9476,undetermined
9477,undetermined
9478,undetermined
9479,undetermined
9480,undetermined
9481,undetermined
9482,undetermined
9483,undetermined
9484,undetermined
9485,tube
9486,undetermined
9487,undetermined
9488,undetermined
9489,undetermined
9490,undetermined
9491,undetermined
9492,undetermined
9493,undetermined
9494,undetermined
9495,undetermined
9496,undetermined
9497,undetermined
9498,undetermined
9499,undetermined
9500,undetermined
9501,undetermined
9502,undetermined
9503,undetermined
9504,undetermined
9505,undetermined
9506,undetermined
9507,undetermined
9508,undetermined
9509,undetermined
9510,undetermined
9511,undetermined
9512,undetermined
9513,undetermined
9514,undetermined
9515,undetermined
9516,tube
9517,undetermined
9518,undetermined
9519,undetermined
9520,undetermined
9521,undetermined
9522,undetermined
9523,undetermined
9524,undetermined
9525,undetermined
9526,undetermined
9527,undetermined
9528,undetermined
9529,undetermined
9530,undetermined
9531,undetermined
9532,undetermined
9533,undetermined
9534,undetermined
9535,tube
9536,undetermined
9537,undetermined
9538,undetermined
9539,undetermined
9540,undetermined
9541,undetermined
9542,undetermined
9543,undetermined
9544,undetermined
9545,undetermined
9546,undetermined
9547,undetermined
9548,undetermined
9549,undetermined
9550,undetermined
9551,undetermined
9552,undetermined
9553,undetermined
9554,undetermined
9555,undetermined
9556,undetermined
9557,undetermined
9558,undetermined
9559,undetermined
9560,undetermined
9561,undetermined
9562,undetermined
9563,undetermined
9564,undetermined
9565,undetermined
9566,undetermined
9567,undetermined
9568,undetermined
9569,undetermined
9570,undetermined
9571,undetermined
9572,undetermined
9573,undetermined
9574,undetermined
9575,undetermined
9576,undetermined
9577,undetermined
9578,undetermined
9579,undetermined
9580,undetermined
9581,tube
9582,undetermined
9583,undetermined
9584,undetermined
9585,undetermined
9586,undetermined
9587,undetermined
9588,undetermined
9589,undetermined
9590,undetermined
9591,undetermined
9592,undetermined
9593,undetermined
9594,undetermined
9595,undetermined
9596,tube
9597,undetermined
9598,undetermined
9599,undetermined
9600,undetermined
9601,undetermined
9602,undetermined
9603,undetermined
9604,undetermined
9605,undetermined
9606,undetermined
9607,undetermined
9608,undetermined
9609,undetermined
9610,undetermined
9611,undetermined
9612,tube
9613,undetermined
9614,undetermined
9615,undetermined
9616,undetermined
9617,undetermined
9618,undetermined
9619,undetermined
9620,undetermined
9621,undetermined
9622,undetermined
9623,undetermined
9624,undetermined
9625,undetermined
9626,undetermined
9627,undetermined
9628,undetermined
9629,undetermined
9630,undetermined
9631,undetermined
9632,undetermined
9633,undetermined
9634,undetermined
9635,undetermined
9636,undetermined
9637,undetermined
9638,undetermined
9639,undetermined
9640,undetermined
9641,undetermined
9642,undetermined
9643,undetermined
9644,undetermined
9645,undetermined
9646,undetermined
9647,undetermined
9648,undetermined
9649,undetermined
9650,undetermined
9651,undetermined
9652,tube
9653,undetermined
9654,undetermined
9655,undetermined
9656,undetermined
9657,undetermined
9658,undetermined
9659,undetermined
9660,undetermined
9661,undetermined
9662,undetermined
9663,undetermined
9664,undetermined
9665,undetermined
9666,undetermined
9667,undetermined
9668,undetermined
9669,undetermined
9670,undetermined
9671,undetermined
9672,undetermined
9673,undetermined
9674,undetermined
9675,undetermined
9676,undetermined
9677,undetermined
9678,undetermined
9679,undetermined
9680,undetermined
9681,undetermined
9682,undetermined
9683,undetermined
9684,undetermined
9685,undetermined
9686,undetermined
9687,undetermined
9688,undetermined
9689,undetermined
9690,undetermined
9691,undetermined
9692,undetermined
9693,undetermined
9694,undetermined
9695,undetermined
9696,undetermined
9697,undetermined
9698,undetermined
9699,undetermined
9700,undetermined
9701,undetermined
9702,undetermined
9703,undetermined
9704,undetermined
9705,undetermined
9706,undetermined
9707,undetermined
9708,undetermined
9709,undetermined
9710,undetermined
9711,undetermined
9712,undetermined
9713,undetermined
9714,undetermined
9715,undetermined
9716,undetermined
9717,undetermined
9718,undetermined
9719,undetermined
9720,undetermined
9721,undetermined
9722,undetermined
9723,undetermined
9724,undetermined
9725,undetermined
9726,undetermined
9727,undetermined
9728,undetermined
9729,undetermined
9730,undetermined
9731,undetermined
9732,undetermined
9733,undetermined
9734,undetermined
9735,undetermined
9736,undetermined
9737,undetermined
9738,undetermined
9739,tube
9740,undetermined
9741,undetermined
9742,undetermined
9743,undetermined
9744,undetermined
9745,undetermined
9746,undetermined
9747,undetermined
9748,undetermined
9749,undetermined
9750,undetermined
9751,undetermined
9752,undetermined
9753,undetermined
9754,undetermined
9755,undetermined
9756,undetermined
9757,undetermined
9758,undetermined
9759,undetermined
9760,undetermined
9761,undetermined
9762,undetermined
9763,undetermined
9764,undetermined
9765,undetermined
9766,undetermined
9767,undetermined
9768,undetermined
9769,undetermined
9770,tube
9771,undetermined
9772,undetermined
9773,undetermined
9774,undetermined
9775,undetermined
9776,undetermined
9777,undetermined
9778,undetermined
9779,undetermined
9780,undetermined
9781,undetermined
9782,undetermined
9783,undetermined
9784,undetermined
9785,undetermined
9786,tube
9787,undetermined
9788,undetermined
9789,undetermined
9790,undetermined
9791,undetermined
9792,undetermined
9793,undetermined
9794,undetermined
9795,undetermined
9796,undetermined
9797,undetermined
9798,undetermined
9799,undetermined
9800,undetermined
9801,undetermined
9802,undetermined
9803,undetermined
9804,undetermined
9805,undetermined
9806,undetermined
9807,undetermined
9808,undetermined
9809,undetermined
9810,undetermined
9811,undetermined
9812,undetermined
9813,undetermined
9814,undetermined
9815,undetermined
9816,tube
9817,undetermined
9818,undetermined
9819,undetermined
9820,undetermined
9821,undetermined
9822,undetermined
9823,undetermined
9824,undetermined
9825,undetermined
9826,undetermined
9827,undetermined
9828,undetermined
9829,undetermined
9830,undetermined
9831,undetermined
9832,tube
9833,undetermined
9834,undetermined
9835,undetermined
9836,undetermined
9837,undetermined
9838,undetermined
9839,undetermined
9840,undetermined
9841,undetermined
9842,undetermined
9843,undetermined
9844,undetermined
9845,undetermined
9846,undetermined
9847,undetermined
9848,undetermined
9849,undetermined
9850,undetermined
9851,undetermined
9852,undetermined
9853,undetermined
9854,undetermined
9855,undetermined
9856,undetermined
9857,undetermined
9858,undetermined
9859,undetermined
9860,undetermined
9861,tube
9862,undetermined
9863,undetermined
9864,undetermined
9865,tube
9866,undetermined
9867,undetermined
9868,undetermined
9869,undetermined
9870,undetermined
9871,undetermined
9872,undetermined
9873,undetermined
9874,undetermined
9875,undetermined
9876,undetermined
9877,undetermined
9878,undetermined
9879,undetermined
9880,undetermined
9881,undetermined
9882,tube
9883,tube
9884,undetermined
9885,undetermined
9886,undetermined
9887,undetermined
9888,undetermined
9889,undetermined
9890,undetermined
9891,undetermined
9892,undetermined
9893,undetermined
9894,undetermined
9895,undetermined
9896,undetermined
9897,undetermined
9898,undetermined
9899,undetermined
9900,undetermined
9901,undetermined
9902,undetermined
9903,undetermined
9904,undetermined
9905,undetermined
9906,undetermined
9907,undetermined
9908,undetermined
9909,undetermined
9910,undetermined
9911,undetermined
9912,undetermined
9913,undetermined
9914,undetermined
9915,undetermined
9916,undetermined
9917,undetermined
9918,undetermined
9919,undetermined
9920,undetermined
9921,undetermined
9922,undetermined
9923,undetermined
9924,undetermined
9925,undetermined
9926,undetermined
9927,undetermined
9928,undetermined
9929,undetermined
9930,undetermined
9931,undetermined
9932,undetermined
9933,undetermined
9934,undetermined
9935,undetermined
9936,undetermined
9937,undetermined
9938,undetermined
9939,undetermined
9940,undetermined
9941,undetermined
9942,undetermined
9943,tube
9944,undetermined
9945,undetermined
9946,undetermined
9947,undetermined
9948,undetermined
9949,undetermined
9950,undetermined
9951,undetermined
9952,undetermined
9953,undetermined
9954,undetermined
9955,undetermined
9956,undetermined
9957,undetermined
9958,undetermined
9959,undetermined
9960,undetermined
9961,undetermined
9962,undetermined
9963,undetermined
9964,undetermined
9965,undetermined
9966,undetermined
9967,undetermined
9968,undetermined
9969,undetermined
9970,undetermined
9971,undetermined
9972,undetermined
9973,undetermined
9974,undetermined
9975,undetermined
9976,undetermined
9977,undetermined
9978,undetermined
9979,undetermined
9980,undetermined
9981,undetermined
9982,undetermined
9983,undetermined
9984,undetermined
9985,undetermined
9986,undetermined
9987,undetermined
9988,undetermined
9989,undetermined
9990,undetermined
9991,undetermined
9992,undetermined
9993,undetermined
9994,undetermined
9995,undetermined
9996,undetermined
9997,undetermined
9998,undetermined
9999,undetermined
10000,undetermined
10001,undetermined
10002,undetermined
10003,undetermined
10004,undetermined
10005,undetermined
10006,undetermined
10007,undetermined
10008,undetermined
10009,undetermined
10010,undetermined
10011,undetermined
10012,undetermined
10013,undetermined
10014,undetermined
10015,undetermined
10016,undetermined
10017,undetermined
10018,undetermined
10019,undetermined
10020,undetermined
10021,undetermined
10022,undetermined
10023,undetermined
10024,undetermined
10025,undetermined
10026,undetermined
10027,undetermined
10028,undetermined
10029,undetermined
10030,undetermined
10031,undetermined
10032,undetermined
10033,undetermined
10034,undetermined
10035,undetermined
10036,undetermined
10037,undetermined
10038,undetermined
10039,undetermined
10040,undetermined
10041,undetermined
10042,undetermined
10043,undetermined
10044,undetermined
10045,undetermined
10046,tube
10047,undetermined
10048,undetermined
10049,undetermined
10050,undetermined
10051,undetermined
10052,tube
10053,undetermined
10054,undetermined
10055,undetermined
10056,undetermined
10057,undetermined
10058,undetermined
10059,undetermined
10060,undetermined
10061,undetermined
10062,undetermined
10063,undetermined
10064,undetermined
10065,undetermined
10066,undetermined
10067,undetermined
10068,undetermined
10069,undetermined
10070,undetermined
10071,undetermined
10072,undetermined
10073,undetermined
10074,undetermined
10075,undetermined
10076,undetermined
10077,undetermined
10078,undetermined
10079,undetermined
10080,undetermined
10081,undetermined
10082,undetermined
10083,undetermined
10084,undetermined
10085,undetermined
10086,undetermined
10087,undetermined
10088,undetermined
10089,undetermined
10090,undetermined
10091,undetermined
10092,tube
10093,undetermined
10094,undetermined
10095,undetermined
10096,undetermined
10097,undetermined
10098,undetermined
10099,undetermined
10100,undetermined
10101,undetermined
10102,undetermined
10103,undetermined
10104,undetermined
10105,undetermined
10106,undetermined
10107,undetermined
10108,undetermined
10109,undetermined
10110,undetermined
10111,undetermined
10112,undetermined
10113,undetermined
10114,undetermined
10115,undetermined
10116,undetermined
10117,undetermined
10118,undetermined
10119,undetermined
10120,undetermined
10121,undetermined
10122,undetermined
10123,undetermined
10124,undetermined
10125,undetermined
10126,undetermined
10127,undetermined
10128,undetermined
10129,undetermined
10130,undetermined
10131,undetermined
10132,undetermined
10133,tube
10134,undetermined
10135,undetermined
10136,undetermined
10137,undetermined
10138,undetermined
10139,undetermined
10140,undetermined
10141,undetermined
10142,undetermined
10143,undetermined
10144,undetermined
10145,undetermined
10146,undetermined
10147,undetermined
10148,undetermined
10149,undetermined
10150,undetermined
10151,undetermined
10152,undetermined
10153,undetermined
10154,undetermined
10155,undetermined
10156,undetermined
10157,undetermined
10158,undetermined
10159,undetermined
10160,undetermined
10161,undetermined
10162,undetermined
10163,undetermined
10164,undetermined
10165,undetermined
10166,undetermined
10167,undetermined
10168,undetermined
10169,undetermined
10170,undetermined
10171,undetermined
10172,undetermined
10173,undetermined
10174,undetermined
10175,undetermined
10176,undetermined
10177,undetermined
10178,undetermined
10179,undetermined
10180,undetermined
10181,undetermined
10182,undetermined
10183,undetermined
10184,tube
10185,undetermined
10186,undetermined
10187,undetermined
10188,undetermined
10189,undetermined
10190,undetermined
10191,undetermined
10192,undetermined
10193,undetermined
10194,undetermined
10195,undetermined
10196,tube
10197,undetermined
10198,undetermined
10199,undetermined
10200,undetermined
10201,undetermined
10202,undetermined
10203,undetermined
10204,undetermined
10205,undetermined
10206,undetermined
10207,undetermined
10208,undetermined
10209,undetermined
10210,undetermined
10211,undetermined
10212,undetermined
10213,undetermined
10214,undetermined
10215,undetermined
10216,tube
10217,undetermined
10218,undetermined
10219,undetermined
10220,undetermined
10221,undetermined
10222,undetermined
10223,undetermined
10224,undetermined
10225,undetermined
10226,undetermined
10227,undetermined
10228,undetermined
10229,undetermined
10230,undetermined
10231,undetermined
10232,undetermined
10233,undetermined
10234,undetermined
10235,undetermined
10236,tube
10237,undetermined
10238,undetermined
10239,undetermined
10240,undetermined
10241,tube
10242,undetermined
10243,undetermined
10244,undetermined
10245,undetermined
10246,undetermined
10247,undetermined
10248,undetermined
10249,undetermined
10250,undetermined
10251,undetermined
10252,undetermined
10253,undetermined
10254,undetermined
10255,undetermined
10256,undetermined
10257,undetermined
10258,undetermined
10259,undetermined
10260,undetermined
10261,undetermined
10262,undetermined
10263,undetermined
10264,undetermined
10265,undetermined
10266,undetermined
10267,undetermined
10268,undetermined
10269,undetermined
10270,undetermined
10271,undetermined
10272,undetermined
10273,tube
10274,undetermined
10275,undetermined
10276,undetermined
10277,undetermined
10278,tube
10279,undetermined
10280,undetermined
10281,undetermined
10282,undetermined
10283,undetermined
10284,undetermined
10285,undetermined
10286,undetermined
10287,undetermined
10288,undetermined
10289,undetermined
10290,undetermined
10291,undetermined
10292,undetermined
10293,undetermined
10294,undetermined
10295,undetermined
10296,tube
10297,undetermined
10298,undetermined
10299,undetermined
10300,undetermined
10301,undetermined
10302,undetermined
10303,undetermined
10304,undetermined
10305,undetermined
10306,undetermined
10307,undetermined
10308,undetermined
10309,undetermined
10310,undetermined
10311,undetermined
10312,undetermined
10313,undetermined
10314,undetermined
10315,undetermined
10316,undetermined
10317,undetermined
10318,undetermined
10319,undetermined
10320,undetermined
10321,undetermined
10322,undetermined
10323,undetermined
10324,undetermined
10325,undetermined
10326,tube
10327,undetermined
10328,undetermined
10329,undetermined
10330,undetermined
10331,undetermined
10332,undetermined
10333,undetermined
10334,undetermined
10335,undetermined
10336,undetermined
10337,undetermined
10338,undetermined
10339,undetermined
10340,undetermined
10341,undetermined
10342,undetermined
10343,undetermined
10344,undetermined
10345,undetermined
10346,undetermined
10347,undetermined
10348,undetermined
10349,undetermined
10350,undetermined
10351,undetermined
10352,undetermined
10353,undetermined
10354,undetermined
10355,undetermined
10356,undetermined
10357,undetermined
10358,undetermined
10359,undetermined
10360,undetermined
10361,tube
10362,undetermined
10363,undetermined
10364,undetermined
10365,undetermined
10366,undetermined
10367,undetermined
10368,undetermined
10369,undetermined
10370,undetermined
10371,undetermined
10372,undetermined
10373,undetermined
10374,undetermined
10375,undetermined
10376,undetermined
10377,undetermined
10378,undetermined
10379,undetermined
10380,undetermined
10381,undetermined
10382,undetermined
10383,tube
10384,undetermined
10385,undetermined
10386,undetermined
10387,undetermined
10388,undetermined
10389,undetermined
10390,undetermined
10391,undetermined
10392,undetermined
10393,undetermined
10394,undetermined
10395,undetermined
10396,undetermined
10397,undetermined
10398,undetermined
10399,undetermined
10400,undetermined
10401,tube
10402,undetermined
10403,tube
10404,undetermined
10405,undetermined
10406,undetermined
10407,undetermined
10408,undetermined
10409,undetermined
10410,undetermined
10411,undetermined
10412,undetermined
10413,undetermined
10414,undetermined
10415,undetermined
10416,undetermined
10417,undetermined
10418,undetermined
10419,undetermined
10420,undetermined
10421,undetermined
10422,tube
10423,undetermined
10424,undetermined
10425,undetermined
10426,undetermined
10427,undetermined
10428,undetermined
10429,undetermined
10430,undetermined
10431,undetermined
10432,undetermined
10433,undetermined
10434,undetermined
10435,undetermined
10436,undetermined
10437,undetermined
10438,undetermined
10439,undetermined
10440,undetermined
10441,undetermined
10442,undetermined
10443,tube
10444,undetermined
10445,undetermined
10446,undetermined
10447,undetermined
10448,undetermined
10449,undetermined
10450,undetermined
10451,undetermined
10452,undetermined
10453,undetermined
10454,undetermined
10455,undetermined
10456,undetermined
10457,undetermined
10458,undetermined
10459,undetermined
10460,undetermined
10461,undetermined
10462,undetermined
10463,undetermined
10464,undetermined
10465,undetermined
10466,undetermined
10467,undetermined
10468,undetermined
10469,undetermined
10470,undetermined
10471,undetermined
10472,undetermined
10473,undetermined
10474,undetermined
10475,undetermined
10476,undetermined
10477,undetermined
10478,undetermined
10479,undetermined
10480,undetermined
10481,undetermined
10482,undetermined
10483,undetermined
10484,undetermined
10485,undetermined
10486,undetermined
10487,undetermined
10488,undetermined
10489,undetermined
10490,undetermined
10491,undetermined
10492,undetermined
10493,undetermined
10494,undetermined
10495,undetermined
10496,undetermined
10497,undetermined
10498,undetermined
10499,undetermined
10500,undetermined
10501,undetermined
10502,undetermined
10503,undetermined
10504,undetermined
10505,undetermined
10506,undetermined
10507,undetermined
10508,tube
10509,undetermined
10510,undetermined
10511,undetermined
10512,undetermined
10513,undetermined
10514,undetermined
10515,undetermined
10516,undetermined
10517,undetermined
10518,undetermined
10519,undetermined
10520,undetermined
10521,undetermined
10522,undetermined
10523,undetermined
10524,undetermined
10525,undetermined
10526,undetermined
10527,undetermined
10528,undetermined
10529,undetermined
10530,undetermined
10531,undetermined
10532,undetermined
10533,undetermined
10534,tube
10535,undetermined
10536,undetermined
10537,undetermined
10538,undetermined
10539,undetermined
10540,undetermined
10541,undetermined
10542,undetermined
10543,undetermined
10544,undetermined
10545,undetermined
10546,undetermined
10547,undetermined
10548,undetermined
10549,undetermined
10550,undetermined
10551,undetermined
10552,tube
10553,undetermined
10554,undetermined
10555,undetermined
10556,undetermined
10557,undetermined
10558,undetermined
10559,undetermined
10560,undetermined
10561,undetermined
10562,undetermined
10563,undetermined
10564,undetermined
10565,undetermined
10566,tube
10567,undetermined
10568,undetermined
10569,undetermined
10570,undetermined
10571,undetermined
10572,undetermined
10573,undetermined
10574,undetermined
10575,undetermined
10576,undetermined
10577,undetermined
10578,undetermined
10579,tube
10580,undetermined
10581,undetermined
10582,undetermined
10583,undetermined
10584,undetermined
10585,undetermined
10586,undetermined
10587,undetermined
10588,undetermined
10589,undetermined
10590,undetermined
10591,undetermined
10592,undetermined
10593,undetermined
10594,undetermined
10595,undetermined
10596,undetermined
10597,undetermined
10598,undetermined
10599,undetermined
10600,undetermined
10601,undetermined
10602,undetermined
10603,undetermined
10604,undetermined
10605,tube
10606,undetermined
10607,undetermined
10608,undetermined
10609,undetermined
10610,undetermined
10611,undetermined
10612,undetermined
10613,undetermined
10614,undetermined
10615,undetermined
10616,undetermined
10617,undetermined
10618,undetermined
10619,undetermined
10620,undetermined
10621,undetermined
10622,undetermined
10623,undetermined
10624,undetermined
10625,undetermined
10626,undetermined
10627,undetermined
10628,undetermined
10629,undetermined
10630,tube
10631,undetermined
10632,undetermined
10633,undetermined
10634,undetermined
10635,undetermined
10636,undetermined
10637,undetermined
10638,undetermined
10639,undetermined
10640,undetermined
10641,undetermined
10642,undetermined
10643,undetermined
10644,undetermined
10645,undetermined
10646,undetermined
10647,undetermined
10648,undetermined
10649,undetermined
10650,undetermined
10651,undetermined
10652,undetermined
10653,undetermined
10654,undetermined
10655,tube
10656,undetermined
10657,undetermined
10658,undetermined
10659,undetermined
10660,undetermined
10661,undetermined
10662,undetermined
10663,undetermined
10664,undetermined
10665,undetermined
10666,undetermined
10667,undetermined
10668,undetermined
10669,undetermined
10670,undetermined
10671,undetermined
10672,undetermined
10673,undetermined
10674,tube
10675,undetermined
10676,undetermined
10677,undetermined
10678,undetermined
10679,undetermined
10680,undetermined
10681,undetermined
10682,undetermined
10683,undetermined
10684,undetermined
10685,undetermined
10686,undetermined
10687,undetermined
10688,undetermined
10689,undetermined
10690,undetermined
10691,undetermined
10692,undetermined
10693,undetermined
10694,undetermined
10695,undetermined
10696,undetermined
10697,tube
10698,undetermined
10699,undetermined
10700,undetermined
10701,undetermined
10702,undetermined
10703,undetermined
10704,undetermined
10705,undetermined
10706,undetermined
10707,undetermined
10708,undetermined
10709,undetermined
10710,undetermined
10711,undetermined
10712,tube
10713,undetermined
10714,undetermined
10715,undetermined
10716,undetermined
10717,undetermined
10718,undetermined
10719,undetermined
10720,undetermined
10721,undetermined
10722,undetermined
10723,tube
10724,undetermined
10725,undetermined
10726,undetermined
10727,undetermined
10728,undetermined
10729,undetermined
10730,undetermined
10731,undetermined
10732,undetermined
10733,undetermined
10734,tube
10735,undetermined
10736,undetermined
10737,undetermined
10738,undetermined
10739,undetermined
10740,undetermined
10741,undetermined
10742,undetermined
10743,undetermined
10744,undetermined
10745,undetermined
10746,undetermined
10747,undetermined
10748,undetermined
10749,undetermined
10750,undetermined
10751,undetermined
10752,undetermined
10753,undetermined
10754,undetermined
10755,undetermined
10756,undetermined
10757,undetermined
10758,undetermined
10759,tube
10760,undetermined
10761,undetermined
10762,undetermined
10763,undetermined
10764,undetermined
10765,tube
10766,undetermined
10767,undetermined
10768,undetermined
10769,undetermined
10770,undetermined
10771,undetermined
10772,undetermined
10773,undetermined
10774,undetermined
10775,undetermined
10776,undetermined
10777,undetermined
10778,undetermined
10779,undetermined
10780,undetermined
10781,undetermined
10782,undetermined
10783,undetermined
10784,undetermined
10785,undetermined
10786,undetermined
10787,tube
10788,undetermined
10789,undetermined
10790,undetermined
10791,undetermined
10792,undetermined
10793,undetermined
10794,undetermined
10795,undetermined
10796,undetermined
10797,undetermined
10798,tube
10799,undetermined
10800,undetermined
10801,undetermined
10802,undetermined
10803,undetermined
10804,undetermined
10805,undetermined
10806,undetermined
10807,undetermined
10808,undetermined
10809,undetermined
10810,undetermined
10811,undetermined
10812,undetermined
10813,undetermined
10814,undetermined
10815,undetermined
10816,undetermined
10817,undetermined
10818,undetermined
10819,undetermined
10820,undetermined
10821,undetermined
10822,undetermined
10823,undetermined
10824,undetermined
10825,undetermined
10826,undetermined
10827,undetermined
10828,undetermined
10829,undetermined
10830,undetermined
10831,undetermined
10832,undetermined
10833,tube
10834,undetermined
10835,undetermined
10836,undetermined
10837,undetermined
10838,undetermined
10839,undetermined
10840,undetermined
10841,undetermined
10842,undetermined
10843,undetermined
10844,undetermined
10845,undetermined
10846,undetermined
10847,undetermined
10848,undetermined
10849,undetermined
10850,undetermined
10851,undetermined
10852,undetermined
10853,undetermined
10854,undetermined
10855,undetermined
10856,undetermined
10857,undetermined
10858,undetermined
10859,undetermined
10860,undetermined
10861,undetermined
10862,undetermined
10863,undetermined
10864,undetermined
10865,undetermined
10866,undetermined
10867,undetermined
10868,undetermined
10869,undetermined
10870,undetermined
10871,undetermined
10872,undetermined
10873,undetermined
10874,undetermined
10875,undetermined
10876,undetermined
10877,undetermined
10878,undetermined
10879,undetermined
10880,undetermined
10881,tube
10882,undetermined
10883,undetermined
10884,undetermined
10885,undetermined
10886,undetermined
10887,undetermined
10888,undetermined
10889,undetermined
10890,undetermined
10891,undetermined
10892,undetermined
10893,undetermined
10894,undetermined
10895,undetermined
10896,undetermined
10897,undetermined
10898,undetermined
10899,undetermined
10900,undetermined
10901,undetermined
10902,undetermined
10903,undetermined
10904,undetermined
10905,undetermined
10906,undetermined
10907,undetermined
10908,tube
10909,undetermined
10910,undetermined
10911,undetermined
10912,undetermined
10913,undetermined
10914,undetermined
10915,undetermined
10916,undetermined
10917,undetermined
10918,undetermined
10919,undetermined
10920,undetermined
10921,undetermined
10922,undetermined
10923,undetermined
10924,undetermined
10925,undetermined
10926,undetermined
10927,undetermined
10928,undetermined
10929,undetermined
10930,undetermined
10931,undetermined
10932,undetermined
10933,undetermined
10934,undetermined
10935,undetermined
10936,undetermined
10937,undetermined
10938,undetermined
10939,undetermined
10940,undetermined
10941,undetermined
10942,undetermined
10943,tube
10944,undetermined
10945,undetermined
10946,undetermined
10947,undetermined
10948,undetermined
10949,undetermined
10950,undetermined
10951,undetermined
10952,undetermined
10953,undetermined
10954,undetermined
10955,undetermined
10956,undetermined
10957,undetermined
10958,tube
10959,undetermined
10960,undetermined
10961,undetermined
10962,undetermined
10963,undetermined
10964,undetermined
10965,undetermined
10966,undetermined
10967,undetermined
10968,undetermined
10969,undetermined
10970,undetermined
10971,undetermined
10972,undetermined
10973,tube
10974,undetermined
10975,undetermined
10976,undetermined
10977,undetermined
10978,undetermined
10979,undetermined
10980,undetermined
10981,undetermined
10982,undetermined
10983,undetermined
10984,undetermined
10985,undetermined
10986,undetermined
10987,undetermined
10988,undetermined
10989,undetermined
10990,undetermined
10991,undetermined
10992,undetermined
10993,undetermined
10994,undetermined
10995,tube
10996,undetermined
10997,undetermined
10998,tube
10999,undetermined
11000,undetermined
11001,undetermined
11002,undetermined
11003,undetermined
11004,undetermined
11005,undetermined
11006,undetermined
11007,undetermined
11008,undetermined
11009,undetermined
11010,undetermined
11011,undetermined
11012,undetermined
11013,undetermined
11014,undetermined
11015,undetermined
11016,undetermined
11017,undetermined
11018,undetermined
11019,undetermined
11020,undetermined
11021,undetermined
11022,undetermined
11023,undetermined
11024,undetermined
11025,undetermined
11026,undetermined
11027,undetermined
11028,undetermined
11029,undetermined
11030,undetermined
11031,undetermined
11032,undetermined
11033,undetermined
11034,undetermined
11035,undetermined
11036,undetermined
11037,undetermined
11038,undetermined
11039,undetermined
11040,undetermined
11041,undetermined
11042,undetermined
11043,undetermined
11044,tube
11045,undetermined
11046,undetermined
11047,undetermined
11048,undetermined
11049,undetermined
11050,undetermined
11051,undetermined
11052,undetermined
11053,undetermined
11054,undetermined
11055,undetermined
11056,undetermined
11057,undetermined
11058,undetermined
11059,undetermined
11060,undetermined
11061,undetermined
11062,undetermined
11063,undetermined
11064,undetermined
11065,undetermined
11066,undetermined
11067,undetermined
11068,undetermined
11069,undetermined
11070,undetermined
11071,undetermined
11072,undetermined
11073,undetermined
11074,undetermined
11075,undetermined
11076,undetermined
11077,undetermined
11078,undetermined
11079,undetermined
11080,undetermined
11081,undetermined
11082,undetermined
11083,undetermined
11084,undetermined
11085,undetermined
11086,undetermined
11087,undetermined
11088,undetermined
11089,undetermined
11090,undetermined
11091,undetermined
11092,undetermined
11093,undetermined
11094,undetermined
11095,undetermined
11096,undetermined
11097,undetermined
11098,undetermined
11099,undetermined
11100,undetermined
11101,undetermined
11102,undetermined
11103,undetermined
11104,undetermined
11105,undetermined
11106,undetermined
11107,undetermined
11108,undetermined
11109,undetermined
11110,undetermined
11111,undetermined
11112,undetermined
11113,undetermined
11114,undetermined
11115,undetermined
11116,undetermined
11117,undetermined
11118,undetermined
11119,undetermined
11120,undetermined
11121,undetermined
11122,undetermined
11123,undetermined
11124,undetermined
11125,undetermined
11126,undetermined
11127,undetermined
11128,undetermined
11129,undetermined
11130,undetermined
11131,undetermined
11132,undetermined
11133,undetermined
11134,tube
11135,undetermined
11136,undetermined
11137,undetermined
11138,undetermined
11139,undetermined
11140,undetermined
11141,undetermined
11142,undetermined
11143,undetermined
11144,tube
11145,undetermined
11146,undetermined
11147,undetermined
11148,undetermined
11149,undetermined
11150,undetermined
11151,undetermined
11152,undetermined
11153,undetermined
11154,undetermined
11155,undetermined
11156,undetermined
11157,undetermined
11158,undetermined
11159,undetermined
11160,undetermined
11161,undetermined
11162,undetermined
11163,undetermined
11164,undetermined
11165,undetermined
11166,undetermined
11167,undetermined
11168,undetermined
11169,undetermined
11170,undetermined
11171,undetermined
11172,undetermined
11173,undetermined
11174,undetermined
11175,undetermined
11176,undetermined
11177,undetermined
11178,undetermined
11179,undetermined
11180,undetermined
11181,undetermined
11182,undetermined
11183,undetermined
11184,undetermined
11185,undetermined
11186,undetermined
11187,undetermined
11188,undetermined
11189,undetermined
11190,undetermined
11191,undetermined
11192,undetermined
11193,undetermined
11194,undetermined
11195,undetermined
11196,undetermined
11197,undetermined
11198,undetermined
11199,undetermined
11200,undetermined
11201,undetermined
11202,undetermined
11203,undetermined
11204,undetermined
11205,undetermined
11206,undetermined
11207,undetermined
11208,undetermined
11209,undetermined
11210,undetermined
11211,undetermined
11212,undetermined
11213,undetermined
11214,undetermined
11215,undetermined
11216,undetermined
11217,undetermined
11218,undetermined
11219,undetermined
11220,undetermined
11221,undetermined
11222,undetermined
11223,tube
11224,undetermined
11225,undetermined
11226,undetermined
11227,undetermined
11228,undetermined
11229,undetermined
11230,undetermined
11231,undetermined
11232,undetermined
11233,undetermined
11234,undetermined
11235,undetermined
11236,undetermined
11237,undetermined
11238,undetermined
11239,undetermined
11240,undetermined
11241,undetermined
11242,undetermined
11243,undetermined
11244,undetermined
11245,undetermined
11246,undetermined
11247,undetermined
11248,undetermined
11249,undetermined
11250,undetermined
11251,undetermined
11252,undetermined
11253,undetermined
11254,undetermined
11255,undetermined
11256,undetermined
11257,undetermined
11258,undetermined
11259,undetermined
11260,undetermined
11261,undetermined
11262,undetermined
11263,undetermined
11264,undetermined
11265,undetermined
11266,undetermined
11267,undetermined
11268,undetermined
11269,undetermined
11270,undetermined
11271,undetermined
11272,undetermined
11273,undetermined
11274,undetermined
11275,undetermined
11276,undetermined
11277,undetermined
11278,undetermined
11279,undetermined
11280,undetermined
11281,undetermined
11282,undetermined
11283,undetermined
11284,undetermined
11285,undetermined
11286,undetermined
11287,undetermined
11288,undetermined
11289,undetermined
11290,undetermined
11291,undetermined
11292,undetermined
11293,undetermined
11294,undetermined
11295,undetermined
11296,undetermined
11297,undetermined
11298,undetermined
11299,undetermined
11300,undetermined
11301,undetermined
11302,undetermined
11303,tube
11304,undetermined
11305,undetermined
11306,undetermined
11307,undetermined
11308,undetermined
11309,undetermined
11310,undetermined
11311,undetermined
11312,undetermined
11313,undetermined
11314,undetermined
11315,undetermined
11316,undetermined
11317,undetermined
11318,undetermined
11319,undetermined
11320,undetermined
11321,undetermined
11322,undetermined
11323,undetermined
11324,undetermined
11325,undetermined
11326,undetermined
11327,undetermined
11328,undetermined
11329,undetermined
11330,undetermined
11331,undetermined
11332,undetermined
11333,undetermined
11334,undetermined
11335,undetermined
11336,undetermined
11337,undetermined
11338,undetermined
11339,undetermined
11340,undetermined
11341,undetermined
11342,undetermined
11343,undetermined
11344,undetermined
11345,undetermined
11346,undetermined
11347,undetermined
11348,undetermined
11349,undetermined
11350,undetermined
11351,undetermined
11352,undetermined
11353,undetermined
11354,undetermined
11355,undetermined
11356,undetermined
11357,undetermined
11358,undetermined
11359,undetermined
11360,undetermined
11361,undetermined
11362,undetermined
11363,undetermined
11364,undetermined
11365,tube
11366,undetermined
11367,undetermined
11368,undetermined
11369,undetermined
11370,undetermined
11371,undetermined
11372,undetermined
11373,undetermined
11374,undetermined
11375,undetermined
11376,undetermined
11377,undetermined
11378,undetermined
11379,undetermined
11380,undetermined
11381,undetermined
11382,undetermined
11383,undetermined
11384,undetermined
11385,undetermined
11386,undetermined
11387,undetermined
11388,undetermined
11389,undetermined
11390,undetermined
11391,undetermined
11392,undetermined
11393,undetermined
11394,undetermined
11395,undetermined
11396,undetermined
11397,undetermined
11398,undetermined
11399,tube
11400,undetermined
11401,undetermined
11402,undetermined
11403,undetermined
11404,undetermined
11405,undetermined
11406,undetermined
11407,undetermined
11408,undetermined
11409,undetermined
11410,undetermined
11411,undetermined
11412,undetermined
11413,undetermined
11414,undetermined
11415,undetermined
11416,undetermined
11417,undetermined
11418,undetermined
11419,undetermined
11420,undetermined
11421,undetermined
11422,undetermined
11423,tube
11424,undetermined
11425,undetermined
11426,undetermined
11427,undetermined
11428,undetermined
11429,undetermined
11430,undetermined
11431,undetermined
11432,undetermined
11433,undetermined
11434,undetermined
11435,tube
11436,undetermined
11437,undetermined
11438,undetermined
11439,undetermined
11440,undetermined
11441,undetermined
11442,undetermined
11443,undetermined
11444,undetermined
11445,undetermined
11446,undetermined
11447,undetermined
11448,undetermined
11449,undetermined
11450,undetermined
11451,undetermined
11452,undetermined
11453,undetermined
11454,undetermined
11455,undetermined
11456,undetermined
11457,undetermined
11458,undetermined
11459,undetermined
11460,undetermined
11461,undetermined
11462,undetermined
11463,undetermined
11464,undetermined
11465,undetermined
11466,undetermined
11467,undetermined
11468,undetermined
11469,undetermined
11470,undetermined
11471,undetermined
11472,undetermined
11473,undetermined
11474,undetermined
11475,undetermined
11476,undetermined
11477,undetermined
11478,undetermined
11479,undetermined
11480,undetermined
11481,undetermined
11482,undetermined
11483,undetermined
11484,undetermined
11485,undetermined
11486,undetermined
11487,undetermined
11488,undetermined
11489,undetermined
11490,undetermined
11491,undetermined
11492,undetermined
11493,undetermined
11494,tube
11495,undetermined
11496,undetermined
11497,undetermined
11498,undetermined
11499,undetermined
11500,undetermined
11501,undetermined
11502,undetermined
11503,undetermined
11504,undetermined
11505,undetermined
11506,undetermined
11507,undetermined
11508,undetermined
11509,undetermined
11510,undetermined
11511,undetermined
11512,undetermined
11513,undetermined
11514,undetermined
11515,undetermined
11516,undetermined
11517,undetermined
11518,undetermined
11519,undetermined
11520,undetermined
11521,undetermined
11522,undetermined
11523,undetermined
11524,undetermined
11525,undetermined
11526,undetermined
11527,undetermined
11528,undetermined
11529,undetermined
11530,undetermined
11531,undetermined
11532,undetermined
11533,undetermined
11534,undetermined
11535,undetermined
11536,undetermined
11537,undetermined
11538,undetermined
11539,tube
11540,undetermined
11541,undetermined
11542,undetermined
11543,undetermined
11544,undetermined
11545,undetermined
11546,undetermined
11547,undetermined
11548,undetermined
11549,undetermined
11550,undetermined
11551,undetermined
11552,undetermined
11553,undetermined
11554,undetermined
11555,undetermined
11556,undetermined
11557,undetermined
11558,undetermined
11559,undetermined
11560,undetermined
11561,undetermined
11562,undetermined
11563,undetermined
11564,undetermined
11565,undetermined
11566,undetermined
11567,undetermined
11568,undetermined
11569,undetermined
11570,undetermined
11571,undetermined
11572,undetermined
11573,undetermined
11574,undetermined
11575,undetermined
11576,undetermined
11577,undetermined
11578,undetermined
11579,undetermined
11580,undetermined
11581,undetermined
11582,undetermined
11583,undetermined
11584,undetermined
11585,undetermined
11586,undetermined
11587,undetermined
11588,undetermined
11589,undetermined
11590,undetermined
11591,undetermined
11592,undetermined
11593,undetermined
11594,undetermined
11595,undetermined
11596,undetermined
11597,undetermined
11598,undetermined
11599,undetermined
11600,undetermined
11601,undetermined
11602,undetermined
11603,undetermined
11604,undetermined
11605,undetermined
11606,undetermined
11607,undetermined
11608,undetermined
11609,undetermined
11610,undetermined
11611,undetermined
11612,undetermined
11613,undetermined
11614,undetermined
11615,undetermined
11616,undetermined
11617,undetermined
11618,undetermined
11619,undetermined
11620,undetermined
11621,undetermined
11622,undetermined
11623,undetermined
11624,undetermined
11625,undetermined
11626,undetermined
11627,undetermined
11628,undetermined
11629,undetermined
11630,undetermined
11631,undetermined
11632,undetermined
11633,undetermined
11634,undetermined
11635,undetermined
11636,undetermined
11637,undetermined
11638,undetermined
11639,undetermined
11640,undetermined
11641,undetermined
11642,undetermined
11643,undetermined
11644,undetermined
11645,undetermined
11646,undetermined
11647,undetermined
11648,undetermined
11649,undetermined
11650,undetermined
11651,undetermined
11652,undetermined
11653,undetermined
11654,undetermined
11655,undetermined
11656,undetermined
11657,undetermined
11658,undetermined
11659,undetermined
11660,undetermined
11661,undetermined
11662,undetermined
11663,undetermined
11664,undetermined
11665,undetermined
11666,undetermined
11667,undetermined
11668,undetermined
11669,undetermined
11670,undetermined
11671,undetermined
11672,undetermined
11673,undetermined
11674,undetermined
11675,undetermined
11676,undetermined
11677,undetermined
11678,undetermined
11679,undetermined
11680,undetermined
11681,undetermined
11682,undetermined
11683,undetermined
11684,undetermined
11685,undetermined
11686,undetermined
11687,tube
11688,undetermined
11689,undetermined
11690,undetermined
11691,undetermined
11692,undetermined
11693,undetermined
11694,undetermined
11695,undetermined
11696,undetermined
11697,undetermined
11698,undetermined
11699,undetermined
11700,undetermined
11701,undetermined
11702,undetermined
11703,undetermined
11704,undetermined
11705,undetermined
11706,undetermined
11707,undetermined
11708,undetermined
11709,undetermined
11710,undetermined
11711,undetermined
11712,undetermined
11713,undetermined
11714,undetermined
11715,undetermined
11716,undetermined
11717,undetermined
11718,undetermined
11719,undetermined
11720,undetermined
11721,undetermined
11722,undetermined
11723,undetermined
11724,undetermined
11725,undetermined
11726,undetermined
11727,undetermined
11728,undetermined
11729,undetermined
11730,undetermined
11731,undetermined
11732,undetermined
11733,undetermined
11734,undetermined
11735,undetermined
11736,undetermined
11737,undetermined
11738,undetermined
11739,undetermined
11740,undetermined
11741,undetermined
11742,undetermined
11743,undetermined
11744,undetermined
11745,undetermined
11746,undetermined
11747,undetermined
11748,undetermined
11749,undetermined
11750,undetermined
11751,undetermined
11752,undetermined
11753,undetermined
11754,undetermined
11755,undetermined
11756,undetermined
11757,undetermined
11758,undetermined
11759,undetermined
11760,undetermined
11761,undetermined
11762,undetermined
11763,undetermined
11764,undetermined
11765,undetermined
11766,undetermined
11767,undetermined
11768,undetermined
11769,undetermined
11770,undetermined
11771,undetermined
11772,undetermined
11773,undetermined
11774,undetermined
11775,undetermined
11776,undetermined
11777,undetermined
11778,undetermined
11779,undetermined
11780,undetermined
11781,undetermined
11782,undetermined
11783,undetermined
11784,tube
11785,undetermined
11786,undetermined
11787,undetermined
11788,undetermined
11789,undetermined
11790,undetermined
11791,undetermined
11792,undetermined
11793,undetermined
11794,tube
11795,undetermined
11796,undetermined
11797,undetermined
11798,undetermined
11799,undetermined
11800,undetermined
11801,undetermined
11802,undetermined
11803,undetermined
11804,undetermined
11805,undetermined
11806,undetermined
11807,undetermined
11808,undetermined
11809,undetermined
11810,undetermined
11811,undetermined
11812,undetermined
11813,undetermined
11814,undetermined
11815,undetermined
11816,undetermined
11817,undetermined
11818,undetermined
11819,undetermined
11820,undetermined
11821,undetermined
11822,undetermined
11823,undetermined
11824,undetermined
11825,undetermined
11826,undetermined
11827,undetermined
11828,undetermined
11829,undetermined
11830,undetermined
11831,undetermined
11832,undetermined
11833,undetermined
11834,undetermined
11835,undetermined
11836,undetermined
11837,undetermined
11838,undetermined
11839,undetermined
11840,undetermined
11841,undetermined
11842,undetermined
11843,undetermined
11844,undetermined
11845,undetermined
11846,undetermined
11847,undetermined
11848,undetermined
11849,undetermined
11850,undetermined
11851,undetermined
11852,undetermined
11853,undetermined
11854,undetermined
11855,undetermined
11856,undetermined
11857,undetermined
11858,undetermined
11859,undetermined
11860,undetermined
11861,undetermined
11862,undetermined
11863,undetermined
11864,tube
11865,undetermined
11866,undetermined
11867,undetermined
11868,undetermined
11869,undetermined
11870,tube
11871,undetermined
11872,undetermined
11873,undetermined
11874,undetermined
11875,undetermined
11876,undetermined
11877,undetermined
11878,undetermined
11879,undetermined
11880,undetermined
11881,undetermined
11882,undetermined
11883,undetermined
11884,undetermined
11885,undetermined
11886,undetermined
11887,undetermined
11888,undetermined
11889,undetermined
11890,undetermined
11891,undetermined
11892,undetermined
11893,undetermined
11894,undetermined
11895,undetermined
11896,undetermined
11897,undetermined
11898,undetermined
11899,undetermined
11900,undetermined
11901,undetermined
11902,undetermined
11903,undetermined
11904,undetermined
11905,undetermined
11906,undetermined
11907,undetermined
11908,undetermined
11909,undetermined
11910,undetermined
11911,undetermined
11912,undetermined
11913,undetermined
11914,undetermined
11915,undetermined
11916,undetermined
11917,undetermined
11918,undetermined
11919,undetermined
11920,undetermined
11921,undetermined
11922,undetermined
11923,undetermined
11924,undetermined
11925,undetermined
11926,undetermined
11927,undetermined
11928,undetermined
11929,undetermined
11930,undetermined
11931,undetermined
11932,undetermined
11933,undetermined
11934,undetermined
11935,undetermined
11936,undetermined
11937,undetermined
11938,undetermined
11939,tube
11940,undetermined
11941,undetermined
11942,undetermined
11943,undetermined
11944,undetermined
11945,undetermined
11946,undetermined
11947,undetermined
11948,undetermined
11949,undetermined
11950,undetermined
11951,undetermined
11952,undetermined
11953,undetermined
11954,undetermined
11955,undetermined
11956,undetermined
11957,undetermined
11958,undetermined
11959,undetermined
11960,undetermined
11961,undetermined
11962,undetermined
11963,undetermined
11964,tube
11965,undetermined
11966,undetermined
11967,undetermined
11968,undetermined
11969,undetermined
11970,undetermined
11971,tube
11972,undetermined
11973,undetermined
11974,undetermined
11975,undetermined
11976,undetermined
11977,undetermined
11978,undetermined
11979,undetermined
11980,undetermined
11981,undetermined
11982,undetermined
11983,undetermined
11984,undetermined
11985,undetermined
11986,undetermined
11987,undetermined
11988,undetermined
11989,undetermined
11990,undetermined
11991,undetermined
11992,undetermined
11993,undetermined
11994,undetermined
11995,undetermined
11996,undetermined
11997,undetermined
11998,undetermined
11999,undetermined
12000,undetermined
