Frame,sheet_count,total_peptides_in_sheets,avg_sheet_size
0,22,145,6.6
1,25,164,6.6
2,19,127,6.7
3,15,101,6.7
4,18,137,7.6
5,20,137,6.8
6,15,101,6.7
7,15,119,7.9
8,20,132,6.6
9,21,159,7.6
10,21,165,7.9
11,20,142,7.1
12,23,167,7.3
13,8,53,6.6
14,17,126,7.4
15,20,131,6.6
16,16,123,7.7
17,14,101,7.2
18,17,120,7.1
19,20,119,6.0
20,20,141,7.0
21,22,202,9.2
22,20,155,7.8
23,19,134,7.1
24,17,157,9.2
25,19,136,7.2
26,15,107,7.1
27,21,131,6.2
28,21,141,6.7
29,22,158,7.2
30,18,133,7.4
31,21,139,6.6
32,18,135,7.5
33,18,180,10.0
34,13,110,8.5
35,13,108,8.3
36,23,182,7.9
37,20,173,8.6
38,22,185,8.4
39,24,145,6.0
40,24,208,8.7
41,10,102,10.2
42,14,139,9.9
43,23,176,7.7
44,17,156,9.2
45,19,135,7.1
46,22,171,7.8
47,22,145,6.6
48,14,106,7.6
49,27,201,7.4
50,18,134,7.4
51,22,176,8.0
52,16,111,6.9
53,14,104,7.4
54,20,135,6.8
55,18,125,6.9
56,20,150,7.5
57,23,152,6.6
58,25,159,6.4
59,18,127,7.1
60,27,178,6.6
61,27,206,7.6
62,20,163,8.2
63,17,130,7.6
64,25,164,6.6
65,17,151,8.9
66,18,167,9.3
67,21,175,8.3
68,19,179,9.4
69,20,148,7.4
70,24,176,7.3
71,23,167,7.3
72,21,172,8.2
73,27,171,6.3
74,20,131,6.6
75,21,171,8.1
76,21,168,8.0
77,27,183,6.8
78,29,190,6.6
79,28,200,7.1
80,27,185,6.9
81,20,146,7.3
82,18,119,6.6
83,23,196,8.5
84,18,146,8.1
85,22,151,6.9
86,19,171,9.0
87,18,164,9.1
88,25,177,7.1
89,23,176,7.7
90,26,184,7.1
91,19,148,7.8
92,20,143,7.2
93,22,160,7.3
94,19,151,7.9
95,20,130,6.5
96,21,145,6.9
97,19,165,8.7
98,24,206,8.6
99,19,138,7.3
100,18,151,8.4
101,26,181,7.0
102,26,165,6.3
103,23,147,6.4
104,21,175,8.3
105,26,171,6.6
106,22,194,8.8
107,21,161,7.7
108,23,173,7.5
109,22,171,7.8
110,14,132,9.4
111,24,168,7.0
112,16,136,8.5
113,21,168,8.0
114,21,152,7.2
115,18,174,9.7
116,18,156,8.7
117,20,158,7.9
118,21,156,7.4
119,20,154,7.7
120,19,146,7.7
121,13,146,11.2
122,19,139,7.3
123,18,142,7.9
124,23,144,6.3
125,24,163,6.8
126,21,145,6.9
127,22,157,7.1
128,23,157,6.8
129,21,145,6.9
130,23,179,7.8
131,21,151,7.2
132,26,215,8.3
133,26,209,8.0
134,21,192,9.1
135,17,137,8.1
136,21,169,8.0
137,22,170,7.7
138,20,167,8.4
139,31,235,7.6
140,23,164,7.1
141,23,197,8.6
142,29,209,7.2
143,21,189,9.0
144,20,127,6.4
145,23,148,6.4
146,24,185,7.7
147,23,220,9.6
148,23,178,7.7
149,20,166,8.3
150,19,144,7.6
151,24,209,8.7
152,23,174,7.6
153,26,191,7.3
154,15,97,6.5
155,22,151,6.9
156,16,124,7.8
157,19,154,8.1
158,22,159,7.2
159,24,156,6.5
160,20,146,7.3
161,25,173,6.9
162,17,150,8.8
163,15,138,9.2
164,21,166,7.9
165,20,146,7.3
166,21,165,7.9
167,21,157,7.5
168,22,197,9.0
169,17,147,8.6
170,19,150,7.9
171,16,130,8.1
172,18,148,8.2
173,21,165,7.9
174,18,172,9.6
175,23,162,7.0
176,19,153,8.1
177,24,173,7.2
178,24,176,7.3
179,19,148,7.8
180,23,168,7.3
181,19,158,8.3
182,23,169,7.3
183,20,157,7.8
184,22,183,8.3
185,19,143,7.5
186,23,163,7.1
187,30,205,6.8
188,19,134,7.1
189,23,174,7.6
190,21,184,8.8
191,22,216,9.8
192,24,195,8.1
193,24,163,6.8
194,21,160,7.6
195,28,190,6.8
196,21,183,8.7
197,21,163,7.8
198,17,186,10.9
199,17,162,9.5
200,25,167,6.7
201,22,192,8.7
202,24,188,7.8
203,17,177,10.4
204,25,193,7.7
205,18,149,8.3
206,24,197,8.2
207,29,193,6.7
208,31,208,6.7
209,22,162,7.4
210,21,154,7.3
211,27,218,8.1
212,20,159,8.0
213,24,209,8.7
214,24,171,7.1
215,23,165,7.2
216,24,188,7.8
217,19,140,7.4
218,27,197,7.3
219,28,223,8.0
220,25,180,7.2
221,19,136,7.2
222,22,163,7.4
223,20,153,7.6
224,21,157,7.5
225,17,144,8.5
226,23,182,7.9
227,20,135,6.8
228,20,151,7.6
229,20,140,7.0
230,22,198,9.0
231,23,171,7.4
232,20,145,7.2
233,24,178,7.4
234,20,165,8.2
235,16,159,9.9
236,22,171,7.8
237,20,154,7.7
238,23,175,7.6
239,23,192,8.3
240,20,188,9.4
241,17,143,8.4
242,23,159,6.9
243,20,155,7.8
244,19,154,8.1
245,25,174,7.0
246,27,181,6.7
247,18,142,7.9
248,16,113,7.1
249,24,163,6.8
250,15,108,7.2
251,11,89,8.1
252,22,174,7.9
253,19,151,7.9
254,14,122,8.7
255,24,173,7.2
256,24,187,7.8
257,18,143,7.9
258,17,150,8.8
259,23,174,7.6
260,21,152,7.2
261,18,142,7.9
262,22,156,7.1
263,21,178,8.5
264,22,176,8.0
265,24,197,8.2
266,19,158,8.3
267,19,192,10.1
268,26,198,7.6
269,24,205,8.5
270,17,163,9.6
271,22,180,8.2
272,18,128,7.1
273,20,130,6.5
274,23,167,7.3
275,23,154,6.7
276,21,162,7.7
277,29,205,7.1
278,24,171,7.1
279,19,160,8.4
280,28,215,7.7
281,19,163,8.6
282,21,135,6.4
283,19,142,7.5
284,25,202,8.1
285,20,151,7.6
286,20,142,7.1
287,21,146,7.0
288,21,153,7.3
289,19,140,7.4
290,19,137,7.2
291,18,139,7.7
292,12,110,9.2
293,18,145,8.1
294,17,106,6.2
295,20,130,6.5
296,24,159,6.6
297,21,135,6.4
298,22,166,7.5
299,22,197,9.0
300,25,209,8.4
301,22,184,8.4
302,25,180,7.2
303,22,146,6.6
304,24,191,8.0
305,15,128,8.5
306,17,153,9.0
307,19,160,8.4
308,27,232,8.6
309,16,127,7.9
310,26,222,8.5
311,21,189,9.0
312,24,165,6.9
313,23,155,6.7
314,23,202,8.8
315,22,188,8.5
316,24,209,8.7
317,25,225,9.0
318,24,201,8.4
319,19,152,8.0
320,22,165,7.5
321,22,171,7.8
322,26,212,8.2
323,22,147,6.7
324,21,172,8.2
325,23,195,8.5
326,10,107,10.7
327,21,167,8.0
328,18,145,8.1
329,20,181,9.0
330,20,169,8.4
331,19,159,8.4
332,20,174,8.7
333,22,188,8.5
334,17,169,9.9
335,16,161,10.1
336,22,174,7.9
337,20,209,10.4
338,21,161,7.7
339,26,215,8.3
340,27,187,6.9
341,23,183,8.0
342,21,175,8.3
343,19,189,9.9
344,23,202,8.8
345,26,213,8.2
346,18,173,9.6
347,22,204,9.3
348,20,158,7.9
349,18,161,8.9
350,22,165,7.5
351,21,173,8.2
352,24,177,7.4
353,20,136,6.8
354,22,188,8.5
355,19,137,7.2
356,27,192,7.1
357,18,178,9.9
358,21,143,6.8
359,22,179,8.1
360,17,157,9.2
361,13,101,7.8
362,18,153,8.5
363,18,145,8.1
364,19,135,7.1
365,20,173,8.6
366,11,120,10.9
367,20,183,9.2
368,25,189,7.6
369,15,138,9.2
370,29,190,6.6
371,18,152,8.4
372,16,137,8.6
373,20,166,8.3
374,18,131,7.3
375,21,161,7.7
376,16,168,10.5
377,21,161,7.7
378,26,198,7.6
379,22,172,7.8
380,20,161,8.0
381,20,149,7.4
382,21,146,7.0
383,23,172,7.5
384,18,154,8.6
385,14,165,11.8
386,22,182,8.3
387,19,171,9.0
388,20,157,7.8
389,21,162,7.7
390,14,136,9.7
391,16,126,7.9
392,21,173,8.2
393,19,148,7.8
394,27,215,8.0
395,21,185,8.8
396,23,181,7.9
397,17,129,7.6
398,22,141,6.4
399,18,150,8.3
400,23,165,7.2
401,15,123,8.2
402,17,124,7.3
403,27,180,6.7
404,15,107,7.1
405,20,170,8.5
406,23,174,7.6
407,19,146,7.7
408,17,125,7.4
409,21,160,7.6
410,24,167,7.0
411,20,167,8.4
412,17,169,9.9
413,23,169,7.3
414,22,152,6.9
415,27,203,7.5
416,19,153,8.1
417,21,163,7.8
418,18,178,9.9
419,19,156,8.2
420,22,180,8.2
421,19,133,7.0
422,20,172,8.6
423,16,104,6.5
424,23,185,8.0
425,23,191,8.3
426,21,161,7.7
427,16,166,10.4
428,25,163,6.5
429,27,182,6.7
430,25,182,7.3
431,19,129,6.8
432,20,171,8.6
433,24,200,8.3
434,17,153,9.0
435,21,148,7.0
436,23,172,7.5
437,21,155,7.4
438,24,161,6.7
439,22,150,6.8
440,20,145,7.2
441,20,161,8.0
442,22,187,8.5
443,26,190,7.3
444,17,135,7.9
445,24,193,8.0
446,18,152,8.4
447,20,178,8.9
448,19,174,9.2
449,21,154,7.3
450,25,198,7.9
451,18,147,8.2
452,16,153,9.6
453,21,166,7.9
454,25,213,8.5
455,17,153,9.0
456,15,134,8.9
457,27,233,8.6
458,15,143,9.5
459,19,158,8.3
460,20,155,7.8
461,27,195,7.2
462,19,150,7.9
463,17,132,7.8
464,25,207,8.3
465,25,185,7.4
466,22,186,8.5
467,30,250,8.3
468,32,214,6.7
469,19,180,9.5
470,19,171,9.0
471,23,183,8.0
472,20,161,8.0
473,26,211,8.1
474,25,198,7.9
475,21,189,9.0
476,19,150,7.9
477,21,165,7.9
478,20,173,8.6
479,22,187,8.5
480,22,169,7.7
481,17,123,7.2
482,25,215,8.6
483,21,178,8.5
484,17,109,6.4
485,19,184,9.7
486,25,184,7.4
487,26,219,8.4
488,21,166,7.9
489,19,131,6.9
490,26,200,7.7
491,21,196,9.3
492,27,189,7.0
493,32,238,7.4
494,23,192,8.3
495,28,202,7.2
496,30,207,6.9
497,21,191,9.1
498,21,201,9.6
499,21,184,8.8
500,29,224,7.7
501,19,140,7.4
502,15,120,8.0
503,19,117,6.2
504,26,185,7.1
505,15,140,9.3
506,20,197,9.8
507,22,175,8.0
508,22,194,8.8
509,19,217,11.4
510,21,172,8.2
511,28,205,7.3
512,15,191,12.7
513,25,191,7.6
514,21,151,7.2
515,22,166,7.5
516,23,171,7.4
517,25,212,8.5
518,17,144,8.5
519,16,155,9.7
520,26,173,6.7
521,20,167,8.4
522,19,157,8.3
523,23,178,7.7
524,34,243,7.1
525,18,124,6.9
526,17,132,7.8
527,18,141,7.8
528,18,116,6.4
529,21,128,6.1
530,16,152,9.5
531,23,182,7.9
532,19,123,6.5
533,26,192,7.4
534,24,163,6.8
535,23,200,8.7
536,18,130,7.2
537,23,174,7.6
538,23,157,6.8
539,27,176,6.5
540,28,175,6.2
541,23,184,8.0
542,22,140,6.4
543,21,161,7.7
544,17,123,7.2
545,25,189,7.6
546,22,164,7.5
547,14,133,9.5
548,21,152,7.2
549,23,170,7.4
550,20,160,8.0
551,23,163,7.1
552,23,177,7.7
553,27,184,6.8
554,20,143,7.2
555,26,184,7.1
556,26,173,6.7
557,21,151,7.2
558,20,165,8.2
559,26,175,6.7
560,27,190,7.0
561,17,143,8.4
562,23,182,7.9
563,25,161,6.4
564,24,201,8.4
565,23,216,9.4
566,30,208,6.9
567,23,168,7.3
568,23,134,5.8
569,25,155,6.2
570,23,166,7.2
571,19,141,7.4
572,16,147,9.2
573,14,108,7.7
574,24,156,6.5
575,25,177,7.1
576,24,157,6.5
577,22,168,7.6
578,22,169,7.7
579,19,146,7.7
580,17,148,8.7
581,19,144,7.6
582,17,133,7.8
583,21,137,6.5
584,22,154,7.0
585,19,148,7.8
586,21,174,8.3
587,15,128,8.5
588,23,158,6.9
589,24,168,7.0
590,21,137,6.5
591,23,175,7.6
592,19,159,8.4
593,22,177,8.0
594,14,140,10.0
595,28,180,6.4
596,24,159,6.6
597,22,161,7.3
598,23,185,8.0
599,24,195,8.1
600,18,133,7.4
601,14,129,9.2
602,16,119,7.4
603,17,151,8.9
604,24,190,7.9
605,15,130,8.7
606,19,153,8.1
607,24,194,8.1
608,20,145,7.2
609,21,166,7.9
610,20,133,6.6
611,19,122,6.4
612,23,176,7.7
613,26,234,9.0
614,18,121,6.7
615,19,147,7.7
616,20,148,7.4
617,22,171,7.8
618,19,154,8.1
619,25,189,7.6
620,23,193,8.4
621,16,148,9.2
622,16,133,8.3
623,17,135,7.9
624,22,154,7.0
625,16,128,8.0
626,20,143,7.2
627,11,112,10.2
628,27,176,6.5
629,17,138,8.1
630,18,155,8.6
631,23,184,8.0
632,18,143,7.9
633,26,210,8.1
634,18,157,8.7
635,15,122,8.1
636,23,162,7.0
637,19,133,7.0
638,17,129,7.6
639,21,166,7.9
640,23,166,7.2
641,19,180,9.5
642,22,189,8.6
643,14,125,8.9
644,17,118,6.9
645,22,188,8.5
646,27,214,7.9
647,32,221,6.9
648,20,146,7.3
649,20,145,7.2
650,17,155,9.1
651,27,180,6.7
652,19,174,9.2
653,24,164,6.8
654,31,207,6.7
655,24,182,7.6
656,24,175,7.3
657,21,170,8.1
658,25,196,7.8
659,22,181,8.2
660,28,229,8.2
661,13,136,10.5
662,18,154,8.6
663,20,200,10.0
664,22,146,6.6
665,21,154,7.3
666,19,150,7.9
667,20,193,9.6
668,23,158,6.9
669,23,198,8.6
670,21,157,7.5
671,21,165,7.9
672,23,189,8.2
673,24,196,8.2
674,31,214,6.9
675,18,152,8.4
676,21,163,7.8
677,21,166,7.9
678,24,183,7.6
679,26,211,8.1
680,21,160,7.6
681,21,159,7.6
682,23,178,7.7
683,25,177,7.1
684,25,181,7.2
685,18,149,8.3
686,21,164,7.8
687,17,132,7.8
688,16,135,8.4
689,26,185,7.1
690,17,129,7.6
691,16,118,7.4
692,21,160,7.6
693,16,118,7.4
694,24,165,6.9
695,24,174,7.2
696,19,144,7.6
697,20,143,7.2
698,24,180,7.5
699,26,187,7.2
700,24,181,7.5
701,19,153,8.1
702,24,198,8.2
703,21,155,7.4
704,20,184,9.2
705,18,147,8.2
706,22,167,7.6
707,22,147,6.7
708,27,192,7.1
709,21,152,7.2
710,27,166,6.1
711,22,185,8.4
712,18,151,8.4
713,23,173,7.5
714,16,112,7.0
715,21,147,7.0
716,23,182,7.9
717,15,119,7.9
718,14,99,7.1
719,24,189,7.9
720,17,131,7.7
721,17,144,8.5
722,22,151,6.9
723,26,173,6.7
724,22,151,6.9
725,27,205,7.6
726,20,176,8.8
727,24,180,7.5
728,28,191,6.8
729,20,197,9.8
730,22,163,7.4
731,23,181,7.9
732,25,184,7.4
733,16,139,8.7
734,27,188,7.0
735,17,134,7.9
736,23,165,7.2
737,18,134,7.4
738,20,163,8.2
739,19,163,8.6
740,20,158,7.9
741,24,187,7.8
742,16,144,9.0
743,21,153,7.3
744,25,194,7.8
745,16,130,8.1
746,19,158,8.3
747,22,161,7.3
748,20,171,8.6
749,21,167,8.0
750,22,151,6.9
751,14,119,8.5
752,24,170,7.1
753,25,192,7.7
754,24,154,6.4
755,21,176,8.4
756,23,184,8.0
757,20,161,8.0
758,27,194,7.2
759,21,136,6.5
760,18,135,7.5
761,24,200,8.3
762,19,139,7.3
763,18,133,7.4
764,22,186,8.5
765,24,158,6.6
766,21,172,8.2
767,24,193,8.0
768,30,219,7.3
769,24,176,7.3
770,19,163,8.6
771,27,184,6.8
772,19,149,7.8
773,19,187,9.8
774,18,155,8.6
775,16,136,8.5
776,20,165,8.2
777,19,174,9.2
778,16,127,7.9
779,25,176,7.0
780,22,177,8.0
781,20,184,9.2
782,21,171,8.1
783,21,162,7.7
784,23,189,8.2
785,21,181,8.6
786,19,166,8.7
787,23,206,9.0
788,26,235,9.0
789,23,202,8.8
790,23,170,7.4
791,22,197,9.0
792,23,171,7.4
793,26,214,8.2
794,18,181,10.1
795,19,215,11.3
796,26,198,7.6
797,24,214,8.9
798,21,194,9.2
799,20,219,11.0
800,23,197,8.6
801,23,152,6.6
802,18,169,9.4
803,23,175,7.6
804,24,185,7.7
805,26,199,7.7
806,18,168,9.3
807,24,214,8.9
808,22,212,9.6
809,23,191,8.3
810,25,197,7.9
811,15,121,8.1
812,32,245,7.7
813,15,121,8.1
814,21,200,9.5
815,27,230,8.5
816,25,225,9.0
817,20,148,7.4
818,26,221,8.5
819,16,136,8.5
820,21,172,8.2
821,18,151,8.4
822,16,137,8.6
823,22,170,7.7
824,24,196,8.2
825,16,126,7.9
826,19,189,9.9
827,27,243,9.0
828,21,158,7.5
829,26,219,8.4
830,24,154,6.4
831,18,189,10.5
832,21,161,7.7
833,18,138,7.7
834,23,199,8.7
835,12,118,9.8
836,18,145,8.1
837,23,184,8.0
838,17,160,9.4
839,20,154,7.7
840,16,174,10.9
841,17,188,11.1
842,22,162,7.4
843,22,146,6.6
844,23,139,6.0
845,22,200,9.1
846,14,159,11.4
847,23,198,8.6
848,18,208,11.6
849,19,144,7.6
850,14,175,12.5
851,23,187,8.1
852,15,185,12.3
853,19,181,9.5
854,18,190,10.6
855,21,163,7.8
856,18,146,8.1
857,17,192,11.3
858,22,149,6.8
859,20,150,7.5
860,23,200,8.7
861,17,166,9.8
862,22,212,9.6
863,20,185,9.2
864,18,176,9.8
865,23,181,7.9
866,22,201,9.1
867,27,195,7.2
868,26,208,8.0
869,20,212,10.6
870,23,239,10.4
871,21,221,10.5
872,20,193,9.6
873,29,212,7.3
874,20,212,10.6
875,22,209,9.5
876,23,208,9.0
877,19,153,8.1
878,21,145,6.9
879,25,208,8.3
880,20,138,6.9
881,26,208,8.0
882,22,156,7.1
883,22,154,7.0
884,29,176,6.1
885,22,144,6.5
886,20,165,8.2
887,24,225,9.4
888,26,236,9.1
889,26,248,9.5
890,27,262,9.7
891,27,243,9.0
892,27,227,8.4
893,25,189,7.6
894,20,200,10.0
895,21,157,7.5
896,19,187,9.8
897,21,160,7.6
898,25,202,8.1
899,23,166,7.2
900,23,174,7.6
901,24,193,8.0
902,18,133,7.4
903,11,129,11.7
904,19,155,8.2
905,22,180,8.2
906,23,202,8.8
907,16,125,7.8
908,26,217,8.3
909,18,148,8.2
910,16,135,8.4
911,17,168,9.9
912,27,205,7.6
913,25,181,7.2
914,22,162,7.4
915,14,149,10.6
916,15,153,10.2
917,22,180,8.2
918,21,166,7.9
919,19,182,9.6
920,15,137,9.1
921,16,133,8.3
922,15,138,9.2
923,22,190,8.6
924,18,165,9.2
925,24,173,7.2
926,24,183,7.6
927,25,164,6.6
928,18,157,8.7
929,22,172,7.8
930,25,216,8.6
931,20,181,9.0
932,15,159,10.6
933,24,176,7.3
934,25,185,7.4
935,25,179,7.2
936,20,184,9.2
937,16,159,9.9
938,23,197,8.6
939,21,203,9.7
940,19,165,8.7
941,19,155,8.2
942,13,161,12.4
943,20,164,8.2
944,23,205,8.9
945,20,192,9.6
946,27,204,7.6
947,23,179,7.8
948,23,171,7.4
949,19,164,8.6
950,21,164,7.8
951,25,176,7.0
952,21,220,10.5
953,24,188,7.8
954,24,200,8.3
955,27,197,7.3
956,18,142,7.9
957,20,195,9.8
958,20,141,7.0
959,19,142,7.5
960,16,152,9.5
961,25,175,7.0
962,23,209,9.1
963,21,161,7.7
964,20,162,8.1
965,29,190,6.6
966,22,179,8.1
967,19,132,6.9
968,23,162,7.0
969,21,174,8.3
970,17,156,9.2
971,19,145,7.6
972,15,127,8.5
973,17,137,8.1
974,23,169,7.3
975,14,164,11.7
976,24,189,7.9
977,18,199,11.1
978,20,172,8.6
979,23,179,7.8
980,24,163,6.8
981,24,193,8.0
982,24,176,7.3
983,23,171,7.4
984,24,220,9.2
985,23,186,8.1
986,19,173,9.1
987,24,197,8.2
988,16,174,10.9
989,18,160,8.9
990,23,196,8.5
991,23,157,6.8
992,22,216,9.8
993,23,193,8.4
994,20,200,10.0
995,27,208,7.7
996,28,223,8.0
997,23,189,8.2
998,26,191,7.3
999,22,180,8.2
1000,22,169,7.7
1001,19,151,7.9
1002,19,155,8.2
1003,17,154,9.1
1004,15,138,9.2
1005,19,161,8.5
1006,23,215,9.3
1007,16,125,7.8
1008,18,145,8.1
1009,10,106,10.6
1010,20,181,9.0
1011,22,197,9.0
1012,17,147,8.6
1013,16,144,9.0
1014,14,131,9.4
1015,21,173,8.2
1016,20,175,8.8
1017,26,180,6.9
1018,19,158,8.3
1019,22,161,7.3
1020,19,149,7.8
1021,19,179,9.4
1022,18,125,6.9
1023,19,155,8.2
1024,23,146,6.3
1025,24,178,7.4
1026,27,192,7.1
1027,23,185,8.0
1028,24,141,5.9
1029,23,171,7.4
1030,21,173,8.2
1031,19,157,8.3
1032,21,146,7.0
1033,20,147,7.4
1034,18,148,8.2
1035,21,157,7.5
1036,22,154,7.0
1037,20,174,8.7
1038,26,185,7.1
1039,20,165,8.2
1040,16,130,8.1
1041,28,207,7.4
1042,19,155,8.2
1043,21,184,8.8
1044,23,185,8.0
1045,26,192,7.4
1046,20,136,6.8
1047,22,178,8.1
1048,20,149,7.4
1049,18,134,7.4
1050,23,183,8.0
1051,20,142,7.1
1052,18,171,9.5
1053,15,133,8.9
1054,21,165,7.9
1055,15,146,9.7
1056,29,207,7.1
1057,27,197,7.3
1058,22,153,7.0
1059,18,129,7.2
1060,21,164,7.8
1061,21,190,9.0
1062,26,213,8.2
1063,22,179,8.1
1064,23,177,7.7
1065,17,168,9.9
1066,18,134,7.4
1067,18,151,8.4
1068,16,145,9.1
1069,22,176,8.0
1070,18,155,8.6
1071,26,173,6.7
1072,22,188,8.5
1073,19,173,9.1
1074,19,177,9.3
1075,19,171,9.0
1076,14,125,8.9
1077,21,184,8.8
1078,19,163,8.6
1079,18,165,9.2
1080,20,168,8.4
1081,19,147,7.7
1082,27,174,6.4
1083,24,178,7.4
1084,21,167,8.0
1085,22,154,7.0
1086,25,192,7.7
1087,19,163,8.6
1088,23,162,7.0
1089,16,166,10.4
1090,20,191,9.6
1091,16,141,8.8
1092,23,187,8.1
1093,24,192,8.0
1094,27,218,8.1
1095,19,169,8.9
1096,16,127,7.9
1097,18,123,6.8
1098,22,226,10.3
1099,20,159,8.0
1100,19,138,7.3
1101,23,180,7.8
1102,22,190,8.6
1103,18,168,9.3
1104,19,157,8.3
1105,20,169,8.4
1106,23,179,7.8
1107,17,165,9.7
1108,17,137,8.1
1109,19,132,6.9
1110,24,163,6.8
1111,22,176,8.0
1112,24,194,8.1
1113,21,221,10.5
1114,20,172,8.6
1115,19,167,8.8
1116,27,225,8.3
1117,23,195,8.5
1118,25,205,8.2
1119,18,167,9.3
1120,21,174,8.3
1121,25,215,8.6
1122,24,183,7.6
1123,21,242,11.5
1124,24,182,7.6
1125,23,185,8.0
1126,18,161,8.9
1127,28,197,7.0
1128,25,208,8.3
1129,21,175,8.3
1130,24,163,6.8
1131,28,192,6.9
1132,17,155,9.1
1133,23,180,7.8
1134,23,189,8.2
1135,21,209,10.0
1136,25,198,7.9
1137,24,182,7.6
1138,22,187,8.5
1139,17,160,9.4
1140,24,187,7.8
1141,26,197,7.6
1142,21,163,7.8
1143,21,198,9.4
1144,25,168,6.7
1145,22,220,10.0
1146,19,166,8.7
1147,24,200,8.3
1148,29,208,7.2
1149,28,206,7.4
1150,21,198,9.4
1151,23,190,8.3
1152,21,163,7.8
1153,25,212,8.5
1154,30,239,8.0
1155,22,156,7.1
1156,24,180,7.5
1157,26,189,7.3
1158,24,177,7.4
1159,28,175,6.2
1160,27,190,7.0
1161,26,201,7.7
1162,23,139,6.0
1163,21,195,9.3
1164,25,216,8.6
1165,27,181,6.7
1166,22,217,9.9
1167,22,211,9.6
1168,24,206,8.6
1169,23,218,9.5
1170,22,224,10.2
1171,23,231,10.0
1172,18,175,9.7
1173,27,226,8.4
1174,25,244,9.8
1175,26,223,8.6
1176,17,174,10.2
1177,24,197,8.2
1178,22,151,6.9
1179,17,116,6.8
1180,21,162,7.7
1181,23,163,7.1
1182,25,194,7.8
1183,16,163,10.2
1184,18,162,9.0
1185,24,177,7.4
1186,20,167,8.4
1187,26,214,8.2
1188,20,192,9.6
1189,15,152,10.1
1190,27,204,7.6
1191,25,230,9.2
1192,22,182,8.3
1193,23,191,8.3
1194,24,185,7.7
1195,26,202,7.8
1196,20,175,8.8
1197,30,230,7.7
1198,25,213,8.5
1199,24,189,7.9
1200,26,203,7.8
1201,22,158,7.2
1202,20,134,6.7
1203,21,155,7.4
1204,25,193,7.7
1205,21,180,8.6
1206,19,152,8.0
1207,21,172,8.2
1208,21,189,9.0
1209,22,204,9.3
1210,19,184,9.7
1211,27,241,8.9
1212,17,165,9.7
1213,24,185,7.7
1214,20,172,8.6
1215,28,201,7.2
1216,25,222,8.9
1217,25,227,9.1
1218,27,193,7.1
1219,23,198,8.6
1220,19,191,10.1
1221,19,166,8.7
1222,21,180,8.6
1223,26,212,8.2
1224,25,209,8.4
1225,20,155,7.8
1226,25,195,7.8
1227,21,174,8.3
1228,23,167,7.3
1229,20,131,6.6
1230,16,107,6.7
1231,23,186,8.1
1232,22,180,8.2
1233,24,159,6.6
1234,21,185,8.8
1235,22,176,8.0
1236,26,251,9.7
1237,22,182,8.3
1238,23,197,8.6
1239,24,217,9.0
1240,12,102,8.5
1241,16,162,10.1
1242,28,216,7.7
1243,28,260,9.3
1244,19,177,9.3
1245,30,234,7.8
1246,27,216,8.0
1247,27,220,8.1
1248,23,210,9.1
1249,26,207,8.0
1250,24,209,8.7
1251,24,211,8.8
1252,23,196,8.5
1253,22,197,9.0
1254,23,147,6.4
1255,21,209,10.0
1256,13,102,7.8
1257,26,201,7.7
1258,24,194,8.1
1259,25,211,8.4
1260,16,177,11.1
1261,20,203,10.2
1262,18,187,10.4
1263,25,165,6.6
1264,14,163,11.6
1265,24,166,6.9
1266,22,214,9.7
1267,21,180,8.6
1268,26,211,8.1
1269,25,201,8.0
1270,20,164,8.2
1271,19,210,11.1
1272,20,169,8.4
1273,20,181,9.0
1274,16,162,10.1
1275,14,158,11.3
1276,30,247,8.2
1277,22,177,8.0
1278,19,165,8.7
1279,26,182,7.0
1280,23,216,9.4
1281,18,174,9.7
1282,21,142,6.8
1283,22,187,8.5
1284,18,181,10.1
1285,17,197,11.6
1286,17,168,9.9
1287,24,174,7.2
1288,18,170,9.4
1289,12,172,14.3
1290,21,195,9.3
1291,26,238,9.2
1292,19,161,8.5
1293,24,246,10.2
1294,24,222,9.2
1295,18,143,7.9
1296,24,223,9.3
1297,27,229,8.5
1298,15,183,12.2
1299,21,184,8.8
1300,22,210,9.5
1301,27,204,7.6
1302,20,181,9.0
1303,26,224,8.6
1304,20,185,9.2
1305,21,211,10.0
1306,21,153,7.3
1307,22,219,10.0
1308,23,193,8.4
1309,17,164,9.6
1310,16,139,8.7
1311,17,159,9.4
1312,19,157,8.3
1313,20,151,7.6
1314,19,163,8.6
1315,16,164,10.2
1316,18,145,8.1
1317,27,233,8.6
1318,17,131,7.7
1319,17,205,12.1
1320,20,159,8.0
1321,19,213,11.2
1322,18,179,9.9
1323,23,175,7.6
1324,17,212,12.5
1325,17,172,10.1
1326,22,136,6.2
1327,22,148,6.7
1328,21,196,9.3
1329,30,248,8.3
1330,18,198,11.0
1331,20,197,9.8
1332,22,179,8.1
1333,25,183,7.3
1334,23,186,8.1
1335,19,157,8.3
1336,23,186,8.1
1337,22,159,7.2
1338,18,137,7.6
1339,24,189,7.9
1340,27,192,7.1
1341,19,171,9.0
1342,20,192,9.6
1343,16,140,8.8
1344,30,232,7.7
1345,23,237,10.3
1346,22,217,9.9
1347,17,208,12.2
1348,18,177,9.8
1349,26,206,7.9
1350,26,201,7.7
1351,20,196,9.8
1352,20,179,9.0
1353,21,161,7.7
1354,21,163,7.8
1355,21,163,7.8
1356,19,158,8.3
1357,22,183,8.3
1358,18,155,8.6
1359,17,150,8.8
1360,23,167,7.3
1361,27,193,7.1
1362,24,199,8.3
1363,28,220,7.9
1364,19,166,8.7
1365,22,164,7.5
1366,24,195,8.1
1367,25,195,7.8
1368,25,203,8.1
1369,27,217,8.0
1370,26,208,8.0
1371,30,227,7.6
1372,22,202,9.2
1373,19,178,9.4
1374,19,168,8.8
1375,25,217,8.7
1376,20,170,8.5
1377,31,231,7.5
1378,17,142,8.4
1379,22,187,8.5
1380,19,174,9.2
1381,24,192,8.0
1382,26,214,8.2
1383,23,192,8.3
1384,29,211,7.3
1385,20,181,9.0
1386,25,205,8.2
1387,20,148,7.4
1388,23,185,8.0
1389,26,216,8.3
1390,27,223,8.3
1391,27,218,8.1
1392,15,164,10.9
1393,25,205,8.2
1394,30,216,7.2
1395,25,228,9.1
1396,26,224,8.6
1397,28,207,7.4
1398,27,200,7.4
1399,21,187,8.9
1400,26,184,7.1
1401,25,195,7.8
1402,25,179,7.2
1403,24,179,7.5
1404,18,180,10.0
1405,25,192,7.7
1406,21,199,9.5
1407,22,179,8.1
1408,22,194,8.8
1409,23,198,8.6
1410,19,174,9.2
1411,19,165,8.7
1412,19,177,9.3
1413,24,202,8.4
1414,20,214,10.7
1415,21,162,7.7
1416,29,226,7.8
1417,24,195,8.1
1418,20,181,9.0
1419,24,206,8.6
1420,26,216,8.3
1421,24,184,7.7
1422,24,212,8.8
1423,29,208,7.2
1424,26,188,7.2
1425,26,206,7.9
1426,23,186,8.1
1427,24,183,7.6
1428,25,189,7.6
1429,21,157,7.5
1430,25,225,9.0
1431,27,191,7.1
1432,21,178,8.5
1433,22,181,8.2
1434,32,245,7.7
1435,26,214,8.2
1436,29,215,7.4
1437,27,229,8.5
1438,27,214,7.9
1439,22,165,7.5
1440,30,251,8.4
1441,25,183,7.3
1442,18,143,7.9
1443,19,137,7.2
1444,20,160,8.0
1445,29,226,7.8
1446,22,172,7.8
1447,24,168,7.0
1448,27,204,7.6
1449,23,171,7.4
1450,19,144,7.6
1451,20,173,8.6
1452,25,174,7.0
1453,19,155,8.2
1454,21,172,8.2
1455,23,190,8.3
1456,27,213,7.9
1457,26,202,7.8
1458,26,202,7.8
1459,24,189,7.9
1460,21,182,8.7
1461,21,171,8.1
1462,19,187,9.8
1463,28,216,7.7
1464,26,231,8.9
1465,23,188,8.2
1466,25,221,8.8
1467,21,188,9.0
1468,20,168,8.4
1469,23,209,9.1
1470,21,214,10.2
1471,24,194,8.1
1472,24,218,9.1
1473,19,206,10.8
1474,25,218,8.7
1475,24,216,9.0
1476,28,210,7.5
1477,23,187,8.1
1478,31,239,7.7
1479,27,204,7.6
1480,30,214,7.1
1481,21,181,8.6
1482,22,199,9.0
1483,27,208,7.7
1484,24,194,8.1
1485,23,199,8.7
1486,24,193,8.0
1487,29,243,8.4
1488,26,197,7.6
1489,24,179,7.5
1490,28,211,7.5
1491,28,201,7.2
1492,21,177,8.4
1493,19,147,7.7
1494,30,265,8.8
1495,19,172,9.1
1496,21,143,6.8
1497,24,173,7.2
1498,17,167,9.8
1499,23,172,7.5
1500,21,183,8.7
1501,25,182,7.3
1502,23,195,8.5
1503,17,178,10.5
1504,19,166,8.7
1505,24,207,8.6
1506,20,205,10.2
1507,21,195,9.3
1508,25,209,8.4
1509,27,235,8.7
1510,22,175,8.0
1511,25,195,7.8
1512,19,138,7.3
1513,18,176,9.8
1514,21,187,8.9
1515,20,163,8.2
1516,28,219,7.8
1517,23,175,7.6
1518,23,203,8.8
1519,20,196,9.8
1520,18,175,9.7
1521,19,177,9.3
1522,23,206,9.0
1523,22,158,7.2
1524,23,217,9.4
1525,24,234,9.8
1526,24,241,10.0
1527,26,238,9.2
1528,29,244,8.4
1529,25,215,8.6
1530,18,178,9.9
1531,20,175,8.8
1532,25,231,9.2
1533,23,233,10.1
1534,26,213,8.2
1535,22,205,9.3
1536,26,217,8.3
1537,24,193,8.0
1538,29,236,8.1
1539,25,244,9.8
1540,25,228,9.1
1541,20,214,10.7
1542,20,223,11.2
1543,25,254,10.2
1544,25,213,8.5
1545,20,189,9.4
1546,23,201,8.7
1547,17,163,9.6
1548,21,163,7.8
1549,25,198,7.9
1550,27,197,7.3
1551,23,233,10.1
1552,25,165,6.6
1553,21,220,10.5
1554,23,205,8.9
1555,27,246,9.1
1556,23,213,9.3
1557,26,206,7.9
1558,22,198,9.0
1559,25,228,9.1
1560,25,226,9.0
1561,27,241,8.9
1562,30,209,7.0
1563,20,161,8.0
1564,23,159,6.9
1565,22,189,8.6
1566,23,159,6.9
1567,26,189,7.3
1568,26,205,7.9
1569,25,176,7.0
1570,23,209,9.1
1571,24,171,7.1
1572,20,151,7.6
1573,21,171,8.1
1574,21,182,8.7
1575,13,177,13.6
1576,24,202,8.4
1577,32,234,7.3
1578,19,175,9.2
1579,22,199,9.0
1580,21,234,11.1
1581,20,200,10.0
1582,18,188,10.4
1583,18,189,10.5
1584,20,150,7.5
1585,23,183,8.0
1586,22,154,7.0
1587,24,195,8.1
1588,17,145,8.5
1589,25,212,8.5
1590,22,187,8.5
1591,25,201,8.0
1592,20,184,9.2
1593,19,177,9.3
1594,25,198,7.9
1595,26,201,7.7
1596,19,194,10.2
1597,28,235,8.4
1598,29,206,7.1
1599,25,203,8.1
1600,23,183,8.0
1601,28,208,7.4
1602,22,166,7.5
1603,21,169,8.0
1604,20,209,10.4
1605,27,221,8.2
1606,21,174,8.3
1607,28,221,7.9
1608,29,245,8.4
1609,19,186,9.8
1610,20,168,8.4
1611,22,192,8.7
1612,19,188,9.9
1613,21,182,8.7
1614,22,187,8.5
1615,16,139,8.7
1616,28,302,10.8
1617,25,187,7.5
1618,28,258,9.2
1619,23,186,8.1
1620,22,185,8.4
1621,18,155,8.6
1622,28,208,7.4
1623,26,231,8.9
1624,27,214,7.9
1625,30,224,7.5
1626,23,194,8.4
1627,23,160,7.0
1628,28,212,7.6
1629,25,182,7.3
1630,25,213,8.5
1631,28,213,7.6
1632,30,226,7.5
1633,28,205,7.3
1634,22,188,8.5
1635,24,190,7.9
1636,28,218,7.8
1637,19,168,8.8
1638,30,263,8.8
1639,28,203,7.2
1640,27,199,7.4
1641,28,287,10.2
1642,27,207,7.7
1643,16,112,7.0
1644,16,132,8.2
1645,20,132,6.6
1646,15,101,6.7
1647,22,191,8.7
1648,23,202,8.8
1649,20,154,7.7
1650,23,201,8.7
1651,29,240,8.3
1652,22,157,7.1
1653,23,148,6.4
1654,16,113,7.1
1655,30,230,7.7
1656,27,253,9.4
1657,23,237,10.3
1658,23,196,8.5
1659,26,222,8.5
1660,31,262,8.5
1661,18,141,7.8
1662,14,119,8.5
1663,32,250,7.8
1664,21,160,7.6
1665,24,197,8.2
1666,17,129,7.6
1667,25,173,6.9
1668,29,190,6.6
1669,21,141,6.7
1670,17,129,7.6
1671,17,123,7.2
1672,24,161,6.7
1673,23,173,7.5
1674,30,228,7.6
1675,31,263,8.5
1676,26,225,8.7
1677,28,204,7.3
1678,25,172,6.9
1679,21,140,6.7
1680,23,172,7.5
1681,22,204,9.3
1682,20,190,9.5
1683,22,157,7.1
1684,22,171,7.8
1685,24,171,7.1
1686,22,154,7.0
1687,19,153,8.1
1688,24,165,6.9
1689,21,152,7.2
1690,23,186,8.1
1691,19,138,7.3
1692,20,153,7.6
1693,22,155,7.0
1694,23,165,7.2
1695,26,171,6.6
1696,25,168,6.7
1697,28,191,6.8
1698,31,249,8.0
1699,26,233,9.0
1700,23,169,7.3
1701,21,182,8.7
1702,27,228,8.4
1703,27,194,7.2
1704,14,160,11.4
1705,21,162,7.7
1706,22,163,7.4
1707,28,195,7.0
1708,23,182,7.9
1709,20,198,9.9
1710,21,171,8.1
1711,27,213,7.9
1712,20,149,7.4
1713,18,168,9.3
1714,22,201,9.1
1715,22,183,8.3
1716,17,139,8.2
1717,19,164,8.6
1718,22,177,8.0
1719,21,185,8.8
1720,27,196,7.3
1721,23,214,9.3
1722,27,237,8.8
1723,24,205,8.5
1724,18,157,8.7
1725,24,194,8.1
1726,20,186,9.3
1727,27,190,7.0
1728,27,237,8.8
1729,24,203,8.5
1730,24,190,7.9
1731,22,191,8.7
1732,26,223,8.6
1733,24,175,7.3
1734,26,232,8.9
1735,25,253,10.1
1736,19,205,10.8
1737,26,187,7.2
1738,30,243,8.1
1739,21,162,7.7
1740,12,165,13.8
1741,17,157,9.2
1742,23,252,11.0
1743,23,197,8.6
1744,24,190,7.9
1745,26,225,8.7
1746,17,201,11.8
1747,20,207,10.4
1748,26,244,9.4
1749,21,178,8.5
1750,24,221,9.2
1751,24,206,8.6
1752,22,184,8.4
1753,23,191,8.3
1754,20,184,9.2
1755,23,195,8.5
1756,22,222,10.1
1757,23,183,8.0
1758,26,197,7.6
1759,17,163,9.6
1760,25,195,7.8
1761,22,172,7.8
1762,21,206,9.8
1763,20,160,8.0
1764,28,223,8.0
1765,26,200,7.7
1766,26,211,8.1
1767,30,238,7.9
1768,28,213,7.6
1769,30,197,6.6
1770,25,161,6.4
1771,21,173,8.2
1772,26,210,8.1
1773,22,211,9.6
1774,24,212,8.8
1775,22,200,9.1
1776,25,203,8.1
1777,22,168,7.6
1778,23,217,9.4
1779,23,208,9.0
1780,18,126,7.0
1781,28,236,8.4
1782,24,218,9.1
1783,20,180,9.0
1784,25,210,8.4
1785,16,158,9.9
1786,18,215,11.9
1787,25,230,9.2
1788,23,179,7.8
1789,21,175,8.3
1790,23,172,7.5
1791,21,169,8.0
1792,28,226,8.1
1793,26,201,7.7
1794,25,217,8.7
1795,25,188,7.5
1796,21,169,8.0
1797,21,186,8.9
1798,29,248,8.6
1799,19,176,9.3
1800,21,184,8.8
1801,23,184,8.0
1802,24,193,8.0
1803,21,159,7.6
1804,23,191,8.3
1805,22,177,8.0
1806,21,188,9.0
1807,20,193,9.6
1808,25,179,7.2
1809,21,157,7.5
1810,26,233,9.0
1811,29,253,8.7
1812,20,142,7.1
1813,21,163,7.8
1814,31,222,7.2
1815,30,216,7.2
1816,22,194,8.8
1817,24,182,7.6
1818,20,154,7.7
1819,21,167,8.0
1820,21,153,7.3
1821,24,196,8.2
1822,26,191,7.3
1823,27,190,7.0
1824,19,181,9.5
1825,21,198,9.4
1826,22,196,8.9
1827,16,174,10.9
1828,23,203,8.8
1829,25,188,7.5
1830,23,176,7.7
1831,25,236,9.4
1832,24,195,8.1
1833,20,186,9.3
1834,22,178,8.1
1835,20,221,11.0
1836,21,204,9.7
1837,22,191,8.7
1838,23,199,8.7
1839,22,195,8.9
1840,24,184,7.7
1841,22,199,9.0
1842,21,207,9.9
1843,27,232,8.6
1844,22,177,8.0
1845,20,191,9.6
1846,26,193,7.4
1847,26,179,6.9
1848,25,178,7.1
1849,20,205,10.2
1850,23,210,9.1
1851,27,205,7.6
1852,25,201,8.0
1853,23,205,8.9
1854,23,208,9.0
1855,28,227,8.1
1856,26,217,8.3
1857,30,233,7.8
1858,23,201,8.7
1859,27,190,7.0
1860,23,182,7.9
1861,26,218,8.4
1862,28,228,8.1
1863,28,238,8.5
1864,24,200,8.3
1865,25,209,8.4
1866,28,234,8.4
1867,23,208,9.0
1868,27,203,7.5
1869,26,192,7.4
1870,21,207,9.9
1871,24,205,8.5
1872,27,221,8.2
1873,26,206,7.9
1874,28,239,8.5
1875,32,221,6.9
1876,21,172,8.2
1877,17,147,8.6
1878,32,237,7.4
1879,23,181,7.9
1880,27,216,8.0
1881,26,213,8.2
1882,24,218,9.1
1883,27,206,7.6
1884,24,180,7.5
1885,25,192,7.7
1886,31,245,7.9
1887,25,210,8.4
1888,27,219,8.1
1889,26,208,8.0
1890,22,181,8.2
1891,28,204,7.3
1892,33,255,7.7
1893,22,223,10.1
1894,24,247,10.3
1895,28,253,9.0
1896,30,246,8.2
1897,23,222,9.7
1898,25,199,8.0
1899,21,220,10.5
1900,25,182,7.3
1901,25,232,9.3
1902,18,200,11.1
1903,28,214,7.6
1904,23,186,8.1
1905,22,176,8.0
1906,30,227,7.6
1907,21,165,7.9
1908,23,225,9.8
1909,22,229,10.4
1910,25,231,9.2
1911,18,178,9.9
1912,23,193,8.4
1913,28,221,7.9
1914,28,212,7.6
1915,24,213,8.9
1916,33,242,7.3
1917,26,195,7.5
1918,24,197,8.2
1919,23,166,7.2
1920,21,175,8.3
1921,28,250,8.9
1922,22,195,8.9
1923,23,204,8.9
1924,25,222,8.9
1925,23,216,9.4
1926,19,160,8.4
1927,27,196,7.3
1928,26,219,8.4
1929,20,191,9.6
1930,23,177,7.7
1931,23,182,7.9
1932,30,226,7.5
1933,17,145,8.5
1934,25,186,7.4
1935,23,169,7.3
1936,21,158,7.5
1937,23,181,7.9
1938,32,234,7.3
1939,28,211,7.5
1940,25,207,8.3
1941,24,198,8.2
1942,25,202,8.1
1943,24,180,7.5
1944,16,182,11.4
1945,22,202,9.2
1946,24,177,7.4
1947,19,169,8.9
1948,18,178,9.9
1949,24,158,6.6
1950,24,170,7.1
1951,26,220,8.5
1952,23,209,9.1
1953,28,210,7.5
1954,17,119,7.0
1955,18,137,7.6
1956,28,215,7.7
1957,28,217,7.8
1958,32,233,7.3
1959,25,195,7.8
1960,26,209,8.0
1961,27,215,8.0
1962,28,188,6.7
1963,24,191,8.0
1964,22,179,8.1
1965,25,206,8.2
1966,26,178,6.8
1967,21,161,7.7
1968,18,124,6.9
1969,20,156,7.8
1970,23,182,7.9
1971,20,152,7.6
1972,24,188,7.8
1973,23,204,8.9
1974,27,208,7.7
1975,20,167,8.4
1976,18,183,10.2
1977,24,178,7.4
1978,31,210,6.8
1979,24,175,7.3
1980,21,202,9.6
1981,21,173,8.2
1982,22,165,7.5
1983,24,182,7.6
1984,28,187,6.7
1985,23,160,7.0
1986,23,171,7.4
1987,21,164,7.8
1988,16,121,7.6
1989,20,172,8.6
1990,21,194,9.2
1991,22,196,8.9
1992,23,190,8.3
1993,21,157,7.5
1994,20,152,7.6
1995,19,178,9.4
1996,24,212,8.8
1997,23,184,8.0
1998,29,259,8.9
1999,23,224,9.7
2000,23,226,9.8
2001,25,209,8.4
2002,26,207,8.0
2003,26,243,9.3
2004,25,190,7.6
2005,16,161,10.1
2006,25,184,7.4
2007,23,192,8.3
2008,24,208,8.7
2009,20,192,9.6
2010,14,117,8.4
2011,24,165,6.9
2012,30,237,7.9
2013,28,220,7.9
2014,26,204,7.8
2015,24,201,8.4
2016,22,183,8.3
2017,22,180,8.2
2018,16,153,9.6
2019,26,165,6.3
2020,16,130,8.1
2021,16,155,9.7
2022,21,174,8.3
2023,26,215,8.3
2024,25,218,8.7
2025,23,213,9.3
2026,19,232,12.2
2027,19,204,10.7
2028,31,241,7.8
2029,22,178,8.1
2030,23,198,8.6
2031,22,186,8.5
2032,26,205,7.9
2033,25,189,7.6
2034,19,150,7.9
2035,26,199,7.7
2036,22,180,8.2
2037,29,200,6.9
2038,16,119,7.4
2039,22,166,7.5
2040,22,180,8.2
2041,18,142,7.9
2042,22,157,7.1
2043,26,197,7.6
2044,24,162,6.8
2045,17,134,7.9
2046,24,191,8.0
2047,23,177,7.7
2048,20,176,8.8
2049,24,171,7.1
2050,22,157,7.1
2051,18,163,9.1
2052,22,184,8.4
2053,22,180,8.2
2054,25,210,8.4
2055,16,109,6.8
2056,19,177,9.3
2057,23,187,8.1
2058,25,185,7.4
2059,19,179,9.4
2060,20,148,7.4
2061,21,206,9.8
2062,24,189,7.9
2063,28,214,7.6
2064,18,146,8.1
2065,26,241,9.3
2066,27,230,8.5
2067,24,187,7.8
2068,23,222,9.7
2069,20,159,8.0
2070,22,178,8.1
2071,29,230,7.9
2072,25,195,7.8
2073,22,209,9.5
2074,20,163,8.2
2075,15,191,12.7
2076,17,117,6.9
2077,23,180,7.8
2078,29,220,7.6
2079,22,168,7.6
2080,18,157,8.7
2081,26,198,7.6
2082,19,174,9.2
2083,18,180,10.0
2084,21,165,7.9
2085,21,142,6.8
2086,21,200,9.5
2087,15,132,8.8
2088,24,165,6.9
2089,12,123,10.2
2090,19,150,7.9
2091,18,152,8.4
2092,16,135,8.4
2093,17,143,8.4
2094,28,221,7.9
2095,21,173,8.2
2096,18,154,8.6
2097,20,162,8.1
2098,29,242,8.3
2099,28,207,7.4
2100,23,189,8.2
2101,23,185,8.0
2102,27,188,7.0
2103,19,165,8.7
2104,20,149,7.4
2105,24,167,7.0
2106,21,180,8.6
2107,20,149,7.4
2108,20,160,8.0
2109,24,172,7.2
2110,20,154,7.7
2111,25,186,7.4
2112,26,189,7.3
2113,16,129,8.1
2114,16,128,8.0
2115,28,199,7.1
2116,26,186,7.2
2117,30,217,7.2
2118,29,210,7.2
2119,28,207,7.4
2120,19,182,9.6
2121,22,194,8.8
2122,22,171,7.8
2123,26,202,7.8
2124,27,190,7.0
2125,22,144,6.5
2126,22,200,9.1
2127,25,177,7.1
2128,21,155,7.4
2129,27,209,7.7
2130,25,187,7.5
2131,20,144,7.2
2132,23,191,8.3
2133,24,186,7.8
2134,26,223,8.6
2135,22,154,7.0
2136,16,139,8.7
2137,21,202,9.6
2138,30,205,6.8
2139,26,193,7.4
2140,26,194,7.5
2141,25,200,8.0
2142,25,202,8.1
2143,23,175,7.6
2144,20,200,10.0
2145,26,199,7.7
2146,15,159,10.6
2147,19,180,9.5
2148,19,137,7.2
2149,28,197,7.0
2150,22,177,8.0
2151,22,170,7.7
2152,24,189,7.9
2153,23,190,8.3
2154,26,207,8.0
2155,20,165,8.2
2156,28,187,6.7
2157,23,191,8.3
2158,24,172,7.2
2159,25,183,7.3
2160,22,171,7.8
2161,21,159,7.6
2162,28,186,6.6
2163,27,204,7.6
2164,23,198,8.6
2165,23,161,7.0
2166,23,175,7.6
2167,23,167,7.3
2168,22,168,7.6
2169,29,220,7.6
2170,30,228,7.6
2171,30,221,7.4
2172,24,204,8.5
2173,20,162,8.1
2174,18,165,9.2
2175,24,201,8.4
2176,20,190,9.5
2177,26,220,8.5
2178,25,209,8.4
2179,25,205,8.2
2180,22,189,8.6
2181,22,182,8.3
2182,25,195,7.8
2183,21,161,7.7
2184,21,177,8.4
2185,23,195,8.5
2186,25,188,7.5
2187,20,157,7.8
2188,24,200,8.3
2189,24,204,8.5
2190,23,180,7.8
2191,26,214,8.2
2192,26,212,8.2
2193,23,185,8.0
2194,24,185,7.7
2195,27,190,7.0
2196,25,192,7.7
2197,26,207,8.0
2198,25,173,6.9
2199,18,172,9.6
2200,22,187,8.5
2201,20,138,6.9
2202,23,162,7.0
2203,22,163,7.4
2204,25,195,7.8
2205,23,181,7.9
2206,22,176,8.0
2207,18,135,7.5
2208,16,107,6.7
2209,21,170,8.1
2210,19,144,7.6
2211,19,197,10.4
2212,19,168,8.8
2213,28,208,7.4
2214,28,207,7.4
2215,19,178,9.4
2216,22,180,8.2
2217,22,210,9.5
2218,23,192,8.3
2219,24,189,7.9
2220,20,148,7.4
2221,25,174,7.0
2222,26,173,6.7
2223,21,139,6.6
2224,20,131,6.6
2225,24,214,8.9
2226,28,223,8.0
2227,27,241,8.9
2228,31,213,6.9
2229,25,183,7.3
2230,17,146,8.6
2231,31,246,7.9
2232,28,238,8.5
2233,16,161,10.1
2234,20,181,9.0
2235,16,121,7.6
2236,21,153,7.3
2237,24,182,7.6
2238,26,198,7.6
2239,23,182,7.9
2240,19,144,7.6
2241,16,150,9.4
2242,24,182,7.6
2243,19,146,7.7
2244,22,178,8.1
2245,26,205,7.9
2246,18,142,7.9
2247,25,171,6.8
2248,20,133,6.6
2249,13,127,9.8
2250,22,163,7.4
2251,21,135,6.4
2252,19,153,8.1
2253,19,144,7.6
2254,23,168,7.3
2255,23,166,7.2
2256,24,182,7.6
2257,26,209,8.0
2258,27,196,7.3
2259,21,186,8.9
2260,30,235,7.8
2261,24,202,8.4
2262,23,199,8.7
2263,18,137,7.6
2264,24,187,7.8
2265,22,179,8.1
2266,20,156,7.8
2267,22,187,8.5
2268,17,129,7.6
2269,20,157,7.8
2270,20,167,8.4
2271,24,167,7.0
2272,22,198,9.0
2273,19,200,10.5
2274,22,182,8.3
2275,25,201,8.0
2276,23,161,7.0
2277,29,197,6.8
2278,16,146,9.1
2279,24,167,7.0
2280,23,151,6.6
2281,23,144,6.3
2282,23,170,7.4
2283,25,178,7.1
2284,31,227,7.3
2285,20,171,8.6
2286,21,158,7.5
2287,28,208,7.4
2288,20,133,6.6
2289,23,191,8.3
2290,24,171,7.1
2291,23,165,7.2
2292,25,205,8.2
2293,27,223,8.3
2294,27,210,7.8
2295,19,167,8.8
2296,23,170,7.4
2297,21,149,7.1
2298,18,183,10.2
2299,24,185,7.7
2300,22,163,7.4
2301,21,181,8.6
2302,21,168,8.0
2303,21,169,8.0
2304,25,192,7.7
2305,25,172,6.9
2306,27,205,7.6
2307,23,174,7.6
2308,13,93,7.2
2309,15,125,8.3
2310,21,155,7.4
2311,22,133,6.0
2312,25,180,7.2
2313,23,171,7.4
2314,20,156,7.8
2315,23,215,9.3
2316,24,195,8.1
2317,24,176,7.3
2318,23,161,7.0
2319,19,135,7.1
2320,30,249,8.3
2321,27,179,6.6
2322,29,226,7.8
2323,19,135,7.1
2324,25,157,6.3
2325,25,179,7.2
2326,27,180,6.7
2327,23,156,6.8
2328,27,190,7.0
2329,20,131,6.6
2330,23,153,6.7
2331,23,168,7.3
2332,22,172,7.8
2333,23,171,7.4
2334,15,135,9.0
2335,23,190,8.3
2336,24,197,8.2
2337,27,192,7.1
2338,20,166,8.3
2339,26,176,6.8
2340,17,131,7.7
2341,26,214,8.2
2342,20,158,7.9
2343,25,215,8.6
2344,21,150,7.1
2345,19,139,7.3
2346,26,178,6.8
2347,19,137,7.2
2348,21,182,8.7
2349,16,132,8.2
2350,22,161,7.3
2351,16,105,6.6
2352,18,130,7.2
2353,21,155,7.4
2354,19,161,8.5
2355,15,136,9.1
2356,23,190,8.3
2357,28,180,6.4
2358,24,201,8.4
2359,20,172,8.6
2360,14,121,8.6
2361,20,159,8.0
2362,21,158,7.5
2363,23,206,9.0
2364,21,164,7.8
2365,27,202,7.5
2366,21,186,8.9
2367,21,178,8.5
2368,16,141,8.8
2369,19,196,10.3
2370,14,135,9.6
2371,21,147,7.0
2372,18,181,10.1
2373,21,157,7.5
2374,14,107,7.6
2375,26,214,8.2
2376,22,181,8.2
2377,24,189,7.9
2378,20,187,9.4
2379,23,200,8.7
2380,20,196,9.8
2381,22,181,8.2
2382,21,183,8.7
2383,25,184,7.4
2384,25,186,7.4
2385,29,211,7.3
2386,23,167,7.3
2387,20,185,9.2
2388,21,191,9.1
2389,21,199,9.5
2390,23,197,8.6
2391,26,212,8.2
2392,23,181,7.9
2393,20,150,7.5
2394,28,209,7.5
2395,19,145,7.6
2396,24,187,7.8
2397,22,200,9.1
2398,23,191,8.3
2399,22,177,8.0
2400,19,158,8.3
2401,19,171,9.0
2402,20,182,9.1
2403,18,162,9.0
2404,25,211,8.4
2405,20,181,9.0
2406,21,193,9.2
2407,15,168,11.2
2408,23,181,7.9
2409,27,217,8.0
2410,21,177,8.4
2411,20,152,7.6
2412,17,144,8.5
2413,19,154,8.1
2414,23,155,6.7
2415,20,150,7.5
2416,20,178,8.9
2417,20,181,9.0
2418,18,159,8.8
2419,18,136,7.6
2420,19,157,8.3
2421,24,191,8.0
2422,19,160,8.4
2423,22,185,8.4
2424,19,164,8.6
2425,24,212,8.8
2426,27,203,7.5
2427,22,189,8.6
2428,27,238,8.8
2429,23,220,9.6
2430,22,178,8.1
2431,20,163,8.2
2432,25,203,8.1
2433,21,150,7.1
2434,26,206,7.9
2435,22,182,8.3
2436,18,157,8.7
2437,18,133,7.4
2438,25,183,7.3
2439,26,169,6.5
2440,24,195,8.1
2441,25,206,8.2
2442,23,199,8.7
2443,25,223,8.9
2444,23,214,9.3
2445,26,220,8.5
2446,25,218,8.7
2447,29,267,9.2
2448,24,229,9.5
2449,23,210,9.1
2450,28,234,8.4
2451,25,167,6.7
2452,26,221,8.5
2453,29,228,7.9
2454,18,206,11.4
2455,24,181,7.5
2456,15,162,10.8
2457,20,154,7.7
2458,23,220,9.6
2459,20,189,9.4
2460,19,184,9.7
2461,20,167,8.4
2462,25,162,6.5
2463,24,187,7.8
2464,21,155,7.4
2465,22,156,7.1
2466,13,112,8.6
2467,19,170,8.9
2468,24,185,7.7
2469,18,149,8.3
2470,20,135,6.8
2471,25,171,6.8
2472,24,184,7.7
2473,16,145,9.1
2474,18,183,10.2
2475,21,207,9.9
2476,24,190,7.9
2477,23,173,7.5
2478,23,193,8.4
2479,25,204,8.2
2480,20,190,9.5
2481,25,193,7.7
2482,24,190,7.9
2483,22,175,8.0
2484,25,216,8.6
2485,17,129,7.6
2486,22,136,6.2
2487,20,152,7.6
2488,22,189,8.6
2489,23,182,7.9
2490,23,165,7.2
2491,23,184,8.0
2492,25,182,7.3
2493,24,187,7.8
2494,22,159,7.2
2495,23,191,8.3
2496,21,177,8.4
2497,21,136,6.5
2498,24,183,7.6
2499,25,168,6.7
2500,17,120,7.1
2501,16,137,8.6
2502,19,167,8.8
2503,15,120,8.0
2504,18,168,9.3
2505,16,150,9.4
2506,21,185,8.8
2507,22,143,6.5
2508,24,188,7.8
2509,20,180,9.0
2510,21,167,8.0
2511,23,174,7.6
2512,21,160,7.6
2513,22,144,6.5
2514,23,165,7.2
2515,23,169,7.3
2516,21,155,7.4
2517,22,180,8.2
2518,20,139,7.0
2519,26,197,7.6
2520,23,181,7.9
2521,21,209,10.0
2522,24,197,8.2
2523,37,274,7.4
2524,24,192,8.0
2525,22,169,7.7
2526,33,248,7.5
2527,28,209,7.5
2528,26,196,7.5
2529,27,209,7.7
2530,25,217,8.7
2531,25,226,9.0
2532,28,219,7.8
2533,31,242,7.8
2534,28,233,8.3
2535,27,215,8.0
2536,27,214,7.9
2537,24,217,9.0
2538,26,191,7.3
2539,26,222,8.5
2540,25,191,7.6
2541,29,217,7.5
2542,24,191,8.0
2543,21,153,7.3
2544,29,237,8.2
2545,21,195,9.3
2546,21,160,7.6
2547,21,165,7.9
2548,22,163,7.4
2549,30,206,6.9
2550,26,217,8.3
2551,23,206,9.0
2552,31,246,7.9
2553,31,231,7.5
2554,22,150,6.8
2555,25,199,8.0
2556,26,215,8.3
2557,18,155,8.6
2558,23,157,6.8
2559,28,201,7.2
2560,21,148,7.0
2561,24,183,7.6
2562,24,189,7.9
2563,27,200,7.4
2564,20,176,8.8
2565,26,200,7.7
2566,18,159,8.8
2567,19,155,8.2
2568,21,187,8.9
2569,20,187,9.4
2570,17,137,8.1
2571,15,132,8.8
2572,27,196,7.3
2573,25,215,8.6
2574,24,182,7.6
2575,24,170,7.1
2576,22,160,7.3
2577,22,191,8.7
2578,19,142,7.5
2579,19,178,9.4
2580,23,163,7.1
2581,21,190,9.0
2582,23,187,8.1
2583,20,162,8.1
2584,28,215,7.7
2585,25,190,7.6
2586,23,168,7.3
2587,21,168,8.0
2588,21,191,9.1
2589,23,161,7.0
2590,20,157,7.8
2591,28,217,7.8
2592,23,165,7.2
2593,23,197,8.6
2594,23,190,8.3
2595,24,192,8.0
2596,19,155,8.2
2597,25,181,7.2
2598,28,208,7.4
2599,19,164,8.6
2600,24,191,8.0
2601,24,202,8.4
2602,21,199,9.5
2603,24,214,8.9
2604,22,196,8.9
2605,28,204,7.3
2606,23,156,6.8
2607,23,206,9.0
2608,24,166,6.9
2609,26,188,7.2
2610,22,167,7.6
2611,22,183,8.3
2612,22,169,7.7
2613,22,186,8.5
2614,22,181,8.2
2615,28,204,7.3
2616,26,231,8.9
2617,30,237,7.9
2618,24,218,9.1
2619,26,212,8.2
2620,25,201,8.0
2621,32,242,7.6
2622,27,179,6.6
2623,24,205,8.5
2624,25,193,7.7
2625,24,159,6.6
2626,20,144,7.2
2627,26,181,7.0
2628,25,208,8.3
2629,26,223,8.6
2630,24,208,8.7
2631,18,150,8.3
2632,21,154,7.3
2633,23,236,10.3
2634,20,156,7.8
2635,20,154,7.7
2636,28,250,8.9
2637,24,200,8.3
2638,28,241,8.6
2639,31,254,8.2
2640,24,216,9.0
2641,25,174,7.0
2642,17,128,7.5
2643,28,200,7.1
2644,25,190,7.6
2645,25,249,10.0
2646,21,174,8.3
2647,26,199,7.7
2648,22,178,8.1
2649,21,148,7.0
2650,27,199,7.4
2651,26,196,7.5
2652,24,196,8.2
2653,25,221,8.8
2654,24,205,8.5
2655,25,191,7.6
2656,20,179,9.0
2657,23,164,7.1
2658,24,179,7.5
2659,21,161,7.7
2660,22,156,7.1
2661,24,172,7.2
2662,25,181,7.2
2663,28,195,7.0
2664,28,200,7.1
2665,25,167,6.7
2666,24,176,7.3
2667,24,171,7.1
2668,17,146,8.6
2669,14,130,9.3
2670,22,172,7.8
2671,19,135,7.1
2672,26,194,7.5
2673,24,170,7.1
2674,29,231,8.0
2675,25,184,7.4
2676,23,180,7.8
2677,24,184,7.7
2678,28,233,8.3
2679,20,153,7.6
2680,23,174,7.6
2681,21,181,8.6
2682,21,165,7.9
2683,29,191,6.6
2684,17,171,10.1
2685,24,211,8.8
2686,23,179,7.8
2687,27,188,7.0
2688,29,228,7.9
2689,23,164,7.1
2690,21,162,7.7
2691,19,137,7.2
2692,18,113,6.3
2693,21,172,8.2
2694,15,110,7.3
2695,16,128,8.0
2696,19,135,7.1
2697,13,91,7.0
2698,23,156,6.8
2699,24,183,7.6
2700,24,167,7.0
2701,20,128,6.4
2702,22,141,6.4
2703,21,170,8.1
2704,16,138,8.6
2705,20,152,7.6
2706,26,183,7.0
2707,17,129,7.6
2708,18,145,8.1
2709,21,161,7.7
2710,19,155,8.2
2711,29,207,7.1
2712,20,191,9.6
2713,20,164,8.2
2714,27,194,7.2
2715,28,209,7.5
2716,24,172,7.2
2717,22,159,7.2
2718,20,164,8.2
2719,18,119,6.6
2720,22,146,6.6
2721,26,184,7.1
2722,21,149,7.1
2723,25,163,6.5
2724,19,135,7.1
2725,24,148,6.2
2726,18,136,7.6
2727,19,128,6.7
2728,15,113,7.5
2729,19,172,9.1
2730,22,150,6.8
2731,24,203,8.5
2732,23,151,6.6
2733,33,234,7.1
2734,22,149,6.8
2735,26,198,7.6
2736,23,199,8.7
2737,19,175,9.2
2738,20,153,7.6
2739,22,162,7.4
2740,25,180,7.2
2741,23,144,6.3
2742,18,140,7.8
2743,24,166,6.9
2744,26,171,6.6
2745,20,144,7.2
2746,23,175,7.6
2747,20,128,6.4
2748,18,124,6.9
2749,22,136,6.2
2750,23,165,7.2
2751,22,163,7.4
2752,23,149,6.5
2753,20,160,8.0
2754,14,102,7.3
2755,22,154,7.0
2756,17,116,6.8
2757,24,177,7.4
2758,24,189,7.9
2759,27,201,7.4
2760,26,214,8.2
2761,24,175,7.3
2762,23,168,7.3
2763,17,158,9.3
2764,21,142,6.8
2765,19,164,8.6
2766,20,184,9.2
2767,20,158,7.9
2768,23,205,8.9
2769,24,165,6.9
2770,15,163,10.9
2771,21,200,9.5
2772,23,194,8.4
2773,16,116,7.2
2774,23,179,7.8
2775,22,168,7.6
2776,19,159,8.4
2777,21,163,7.8
2778,23,186,8.1
2779,21,147,7.0
2780,23,160,7.0
2781,20,140,7.0
2782,18,121,6.7
2783,25,170,6.8
2784,17,133,7.8
2785,15,131,8.7
2786,18,155,8.6
2787,18,108,6.0
2788,15,134,8.9
2789,17,135,7.9
2790,17,141,8.3
2791,15,136,9.1
2792,18,163,9.1
2793,20,154,7.7
2794,21,151,7.2
2795,21,155,7.4
2796,21,182,8.7
2797,24,181,7.5
2798,24,181,7.5
2799,20,137,6.8
2800,21,167,8.0
2801,20,189,9.4
2802,23,205,8.9
2803,19,159,8.4
2804,19,164,8.6
2805,16,153,9.6
2806,18,202,11.2
2807,27,203,7.5
2808,26,189,7.3
2809,17,142,8.4
2810,22,176,8.0
2811,16,139,8.7
2812,16,138,8.6
2813,19,170,8.9
2814,22,176,8.0
2815,24,210,8.8
2816,22,168,7.6
2817,18,153,8.5
2818,19,135,7.1
2819,22,146,6.6
2820,20,146,7.3
2821,14,116,8.3
2822,20,176,8.8
2823,23,187,8.1
2824,16,151,9.4
2825,17,146,8.6
2826,15,148,9.9
2827,29,225,7.8
2828,20,160,8.0
2829,26,219,8.4
2830,19,228,12.0
2831,25,204,8.2
2832,25,200,8.0
2833,18,165,9.2
2834,17,162,9.5
2835,20,198,9.9
2836,24,205,8.5
2837,23,194,8.4
2838,22,182,8.3
2839,23,212,9.2
2840,21,165,7.9
2841,23,188,8.2
2842,29,244,8.4
2843,28,212,7.6
2844,21,187,8.9
2845,18,155,8.6
2846,28,211,7.5
2847,26,202,7.8
2848,26,194,7.5
2849,26,202,7.8
2850,23,191,8.3
2851,26,196,7.5
2852,27,204,7.6
2853,28,257,9.2
2854,19,167,8.8
2855,23,167,7.3
2856,18,183,10.2
2857,21,165,7.9
2858,16,160,10.0
2859,22,192,8.7
2860,26,202,7.8
2861,23,207,9.0
2862,19,173,9.1
2863,23,205,8.9
2864,20,166,8.3
2865,25,201,8.0
2866,23,188,8.2
2867,24,189,7.9
2868,19,172,9.1
2869,20,146,7.3
2870,22,192,8.7
2871,23,171,7.4
2872,22,178,8.1
2873,27,241,8.9
2874,25,213,8.5
2875,26,192,7.4
2876,23,198,8.6
2877,25,197,7.9
2878,23,185,8.0
2879,28,201,7.2
2880,28,193,6.9
2881,21,181,8.6
2882,25,219,8.8
2883,27,252,9.3
2884,23,229,10.0
2885,18,147,8.2
2886,24,230,9.6
2887,21,193,9.2
2888,26,224,8.6
2889,23,231,10.0
2890,23,204,8.9
2891,21,194,9.2
2892,25,203,8.1
2893,23,196,8.5
2894,22,192,8.7
2895,24,194,8.1
2896,20,171,8.6
2897,18,201,11.2
2898,28,207,7.4
2899,23,202,8.8
2900,23,200,8.7
2901,27,236,8.7
2902,25,202,8.1
2903,21,201,9.6
2904,23,185,8.0
2905,26,187,7.2
2906,21,204,9.7
2907,23,215,9.3
2908,25,213,8.5
2909,29,211,7.3
2910,29,236,8.1
2911,30,253,8.4
2912,28,257,9.2
2913,30,255,8.5
2914,29,258,8.9
2915,32,250,7.8
2916,19,204,10.7
2917,25,221,8.8
2918,24,213,8.9
2919,28,261,9.3
2920,25,203,8.1
2921,15,204,13.6
2922,24,217,9.0
2923,24,183,7.6
2924,21,214,10.2
2925,28,202,7.2
2926,22,200,9.1
2927,26,199,7.7
2928,26,207,8.0
2929,23,192,8.3
2930,17,181,10.6
2931,19,187,9.8
2932,18,165,9.2
2933,21,193,9.2
2934,26,223,8.6
2935,19,165,8.7
2936,24,192,8.0
2937,28,242,8.6
2938,28,243,8.7
2939,21,170,8.1
2940,20,183,9.2
2941,17,126,7.4
2942,25,177,7.1
2943,22,184,8.4
2944,24,172,7.2
2945,23,190,8.3
2946,22,188,8.5
2947,21,181,8.6
2948,21,155,7.4
2949,29,266,9.2
2950,22,173,7.9
2951,21,167,8.0
2952,16,140,8.8
2953,19,162,8.5
2954,22,196,8.9
2955,22,193,8.8
2956,23,190,8.3
2957,23,185,8.0
2958,27,179,6.6
2959,27,245,9.1
2960,21,185,8.8
2961,23,199,8.7
2962,23,217,9.4
2963,24,227,9.5
2964,21,207,9.9
2965,30,230,7.7
2966,26,229,8.8
2967,19,168,8.8
2968,24,218,9.1
2969,21,183,8.7
2970,25,193,7.7
2971,24,187,7.8
2972,22,133,6.0
2973,20,157,7.8
2974,28,195,7.0
2975,20,169,8.4
2976,30,190,6.3
2977,28,207,7.4
2978,22,188,8.5
2979,22,151,6.9
2980,23,164,7.1
2981,28,217,7.8
2982,15,133,8.9
2983,26,200,7.7
2984,29,219,7.6
2985,29,239,8.2
2986,20,169,8.4
2987,20,184,9.2
2988,20,155,7.8
2989,27,209,7.7
2990,23,202,8.8
2991,16,151,9.4
2992,19,130,6.8
2993,23,196,8.5
2994,24,183,7.6
2995,18,126,7.0
2996,19,157,8.3
2997,27,202,7.5
2998,21,177,8.4
2999,22,199,9.0
3000,21,172,8.2
3001,23,203,8.8
3002,13,93,7.2
3003,21,217,10.3
3004,22,197,9.0
3005,27,197,7.3
3006,24,200,8.3
3007,23,192,8.3
3008,23,201,8.7
3009,18,170,9.4
3010,22,213,9.7
3011,21,192,9.1
3012,22,163,7.4
3013,14,166,11.9
3014,20,161,8.0
3015,23,200,8.7
3016,24,214,8.9
3017,21,156,7.4
3018,22,188,8.5
3019,24,182,7.6
3020,23,174,7.6
3021,23,194,8.4
3022,23,197,8.6
3023,23,195,8.5
3024,24,184,7.7
3025,24,186,7.8
3026,20,176,8.8
3027,23,149,6.5
3028,21,142,6.8
3029,27,231,8.6
3030,32,244,7.6
3031,33,253,7.7
3032,22,195,8.9
3033,19,195,10.3
3034,25,186,7.4
3035,25,195,7.8
3036,25,189,7.6
3037,29,240,8.3
3038,27,206,7.6
3039,26,193,7.4
3040,27,207,7.7
3041,17,132,7.8
3042,25,193,7.7
3043,31,231,7.5
3044,28,195,7.0
3045,29,236,8.1
3046,24,179,7.5
3047,21,193,9.2
3048,22,198,9.0
3049,28,197,7.0
3050,25,190,7.6
3051,21,198,9.4
3052,17,161,9.5
3053,25,185,7.4
3054,26,164,6.3
3055,17,178,10.5
3056,19,203,10.7
3057,14,195,13.9
3058,20,204,10.2
3059,22,225,10.2
3060,24,191,8.0
3061,18,151,8.4
3062,21,199,9.5
3063,18,164,9.1
3064,18,180,10.0
3065,24,208,8.7
3066,25,229,9.2
3067,20,207,10.4
3068,16,147,9.2
3069,25,251,10.0
3070,25,224,9.0
3071,24,177,7.4
3072,26,201,7.7
3073,22,203,9.2
3074,18,180,10.0
3075,30,217,7.2
3076,23,181,7.9
3077,22,200,9.1
3078,24,179,7.5
3079,27,214,7.9
3080,23,190,8.3
3081,27,206,7.6
3082,20,191,9.6
3083,23,222,9.7
3084,26,210,8.1
3085,18,190,10.6
3086,19,170,8.9
3087,28,233,8.3
3088,26,201,7.7
3089,24,216,9.0
3090,20,188,9.4
3091,21,200,9.5
3092,19,201,10.6
3093,24,228,9.5
3094,22,166,7.5
3095,19,188,9.9
3096,24,224,9.3
3097,18,165,9.2
3098,24,228,9.5
3099,21,195,9.3
3100,24,253,10.5
3101,26,201,7.7
3102,15,142,9.5
3103,17,198,11.6
3104,19,194,10.2
3105,17,209,12.3
3106,20,167,8.4
3107,19,203,10.7
3108,22,189,8.6
3109,28,242,8.6
3110,23,220,9.6
3111,24,197,8.2
3112,25,214,8.6
3113,21,215,10.2
3114,19,216,11.4
3115,20,198,9.9
3116,19,198,10.4
3117,22,186,8.5
3118,29,263,9.1
3119,22,197,9.0
3120,28,231,8.2
3121,22,215,9.8
3122,14,158,11.3
3123,16,166,10.4
3124,22,177,8.0
3125,22,206,9.4
3126,18,177,9.8
3127,24,205,8.5
3128,16,168,10.5
3129,23,187,8.1
3130,24,223,9.3
3131,24,218,9.1
3132,28,205,7.3
3133,19,182,9.6
3134,25,200,8.0
3135,24,207,8.6
3136,24,195,8.1
3137,20,196,9.8
3138,19,195,10.3
3139,19,189,9.9
3140,21,213,10.1
3141,23,170,7.4
3142,19,203,10.7
3143,21,196,9.3
3144,19,170,8.9
3145,23,221,9.6
3146,21,193,9.2
3147,23,237,10.3
3148,19,192,10.1
3149,16,164,10.2
3150,26,213,8.2
3151,24,222,9.2
3152,25,230,9.2
3153,22,199,9.0
3154,24,235,9.8
3155,24,201,8.4
3156,28,214,7.6
3157,18,214,11.9
3158,24,236,9.8
3159,35,269,7.7
3160,19,195,10.3
3161,24,231,9.6
3162,22,169,7.7
3163,26,207,8.0
3164,18,195,10.8
3165,22,197,9.0
3166,20,185,9.2
3167,24,227,9.5
3168,20,212,10.6
3169,18,190,10.6
3170,26,236,9.1
3171,19,192,10.1
3172,20,202,10.1
3173,23,201,8.7
3174,18,150,8.3
3175,25,236,9.4
3176,26,206,7.9
3177,21,200,9.5
3178,26,243,9.3
3179,31,240,7.7
3180,22,189,8.6
3181,24,189,7.9
3182,24,226,9.4
3183,27,265,9.8
3184,25,234,9.4
3185,33,285,8.6
3186,24,208,8.7
3187,27,216,8.0
3188,22,203,9.2
3189,24,217,9.0
3190,19,200,10.5
3191,26,235,9.0
3192,17,222,13.1
3193,23,206,9.0
3194,26,217,8.3
3195,26,206,7.9
3196,20,163,8.2
3197,25,232,9.3
3198,22,186,8.5
3199,21,210,10.0
3200,16,184,11.5
3201,20,204,10.2
3202,19,183,9.6
3203,23,172,7.5
3204,23,187,8.1
3205,25,229,9.2
3206,26,270,10.4
3207,20,210,10.5
3208,23,210,9.1
3209,23,217,9.4
3210,20,237,11.8
3211,22,203,9.2
3212,22,220,10.0
3213,21,231,11.0
3214,22,234,10.6
3215,22,178,8.1
3216,23,190,8.3
3217,25,187,7.5
3218,20,150,7.5
3219,28,222,7.9
3220,16,173,10.8
3221,23,254,11.0
3222,23,200,8.7
3223,24,203,8.5
3224,21,212,10.1
3225,26,231,8.9
3226,26,214,8.2
3227,23,222,9.7
3228,25,206,8.2
3229,28,246,8.8
3230,23,206,9.0
3231,18,172,9.6
3232,21,213,10.1
3233,23,227,9.9
3234,19,197,10.4
3235,26,235,9.0
3236,17,152,8.9
3237,31,244,7.9
3238,24,225,9.4
3239,21,229,10.9
3240,24,254,10.6
3241,25,211,8.4
3242,30,233,7.8
3243,22,228,10.4
3244,26,222,8.5
3245,19,197,10.4
3246,22,225,10.2
3247,25,225,9.0
3248,23,207,9.0
3249,20,197,9.8
3250,26,231,8.9
3251,26,246,9.5
3252,30,276,9.2
3253,28,223,8.0
3254,27,243,9.0
3255,20,218,10.9
3256,27,251,9.3
3257,26,246,9.5
3258,26,236,9.1
3259,20,262,13.1
3260,17,167,9.8
3261,26,254,9.8
3262,25,198,7.9
3263,18,202,11.2
3264,27,195,7.2
3265,31,215,6.9
3266,21,206,9.8
3267,18,201,11.2
3268,23,183,8.0
3269,29,220,7.6
3270,20,169,8.4
3271,23,150,6.5
3272,31,251,8.1
3273,28,222,7.9
3274,25,219,8.8
3275,25,218,8.7
3276,26,193,7.4
3277,22,207,9.4
3278,20,166,8.3
3279,24,163,6.8
3280,19,147,7.7
3281,22,187,8.5
3282,22,199,9.0
3283,26,201,7.7
3284,20,197,9.8
3285,23,197,8.6
3286,22,174,7.9
3287,25,189,7.6
3288,23,217,9.4
3289,18,166,9.2
3290,21,190,9.0
3291,25,222,8.9
3292,29,253,8.7
3293,32,243,7.6
3294,24,211,8.8
3295,22,207,9.4
3296,20,194,9.7
3297,23,226,9.8
3298,22,196,8.9
3299,23,207,9.0
3300,22,191,8.7
3301,18,213,11.8
3302,21,198,9.4
3303,30,276,9.2
3304,25,211,8.4
3305,16,173,10.8
3306,17,214,12.6
3307,20,190,9.5
3308,25,198,7.9
3309,22,215,9.8
3310,24,215,9.0
3311,26,220,8.5
3312,19,208,10.9
3313,19,199,10.5
3314,21,196,9.3
3315,23,190,8.3
3316,27,252,9.3
3317,15,196,13.1
3318,18,158,8.8
3319,15,195,13.0
3320,19,168,8.8
3321,16,167,10.4
3322,23,203,8.8
3323,19,183,9.6
3324,18,176,9.8
3325,19,143,7.5
3326,18,156,8.7
3327,21,203,9.7
3328,17,184,10.8
3329,22,186,8.5
3330,20,202,10.1
3331,15,203,13.5
3332,26,199,7.7
3333,25,212,8.5
3334,21,201,9.6
3335,23,224,9.7
3336,16,194,12.1
3337,17,180,10.6
3338,23,239,10.4
3339,20,231,11.6
3340,26,213,8.2
3341,27,221,8.2
3342,19,207,10.9
3343,17,200,11.8
3344,13,234,18.0
3345,20,224,11.2
3346,20,217,10.8
3347,16,241,15.1
3348,18,178,9.9
3349,20,269,13.4
3350,29,259,8.9
3351,24,254,10.6
3352,26,282,10.8
3353,21,251,12.0
3354,18,229,12.7
3355,21,243,11.6
3356,18,231,12.8
3357,17,196,11.5
3358,21,230,11.0
3359,18,223,12.4
3360,19,200,10.5
3361,19,223,11.7
3362,19,211,11.1
3363,12,190,15.8
3364,16,217,13.6
3365,23,191,8.3
3366,16,244,15.2
3367,24,226,9.4
3368,26,229,8.8
3369,14,200,14.3
3370,25,233,9.3
3371,19,193,10.2
3372,25,272,10.9
3373,22,239,10.9
3374,20,204,10.2
3375,25,254,10.2
3376,25,220,8.8
3377,22,246,11.2
3378,24,211,8.8
3379,24,231,9.6
3380,27,208,7.7
3381,30,256,8.5
3382,23,285,12.4
3383,26,251,9.7
3384,28,194,6.9
3385,19,209,11.0
3386,27,264,9.8
3387,22,248,11.3
3388,30,237,7.9
3389,22,233,10.6
3390,25,211,8.4
3391,26,222,8.5
3392,20,165,8.2
3393,26,238,9.2
3394,30,276,9.2
3395,25,257,10.3
3396,30,253,8.4
3397,21,193,9.2
3398,25,217,8.7
3399,20,204,10.2
3400,26,250,9.6
3401,34,231,6.8
3402,28,221,7.9
3403,21,183,8.7
3404,22,191,8.7
3405,20,211,10.6
3406,21,184,8.8
3407,26,212,8.2
3408,23,173,7.5
3409,23,225,9.8
3410,27,185,6.9
3411,26,269,10.3
3412,28,213,7.6
3413,27,187,6.9
3414,28,216,7.7
3415,30,215,7.2
3416,23,226,9.8
3417,27,228,8.4
3418,29,232,8.0
3419,26,217,8.3
3420,23,211,9.2
3421,27,240,8.9
3422,24,246,10.2
3423,22,200,9.1
3424,24,161,6.7
3425,22,175,8.0
3426,21,199,9.5
3427,31,220,7.1
3428,28,227,8.1
3429,27,224,8.3
3430,28,230,8.2
3431,25,212,8.5
3432,27,258,9.6
3433,19,193,10.2
3434,20,181,9.0
3435,28,241,8.6
3436,33,235,7.1
3437,20,183,9.2
3438,22,178,8.1
3439,19,165,8.7
3440,21,184,8.8
3441,26,222,8.5
3442,24,183,7.6
3443,18,198,11.0
3444,19,186,9.8
3445,20,171,8.6
3446,23,207,9.0
3447,23,188,8.2
3448,24,190,7.9
3449,23,215,9.3
3450,22,198,9.0
3451,21,183,8.7
3452,22,160,7.3
3453,18,154,8.6
3454,21,151,7.2
3455,18,146,8.1
3456,22,181,8.2
3457,25,226,9.0
3458,29,226,7.8
3459,24,176,7.3
3460,29,242,8.3
3461,22,177,8.0
3462,21,170,8.1
3463,29,233,8.0
3464,16,191,11.9
3465,19,234,12.3
3466,25,259,10.4
3467,22,228,10.4
3468,22,185,8.4
3469,23,179,7.8
3470,23,183,8.0
3471,19,172,9.1
3472,21,172,8.2
3473,25,169,6.8
3474,22,177,8.0
3475,24,195,8.1
3476,26,212,8.2
3477,24,185,7.7
3478,25,208,8.3
3479,28,215,7.7
3480,23,193,8.4
3481,20,188,9.4
3482,18,184,10.2
3483,20,161,8.0
3484,27,202,7.5
3485,21,153,7.3
3486,23,157,6.8
3487,24,212,8.8
3488,26,206,7.9
3489,19,218,11.5
3490,28,226,8.1
3491,30,239,8.0
3492,23,190,8.3
3493,26,175,6.7
3494,20,189,9.4
3495,22,184,8.4
3496,24,217,9.0
3497,20,199,10.0
3498,29,205,7.1
3499,27,226,8.4
3500,28,245,8.8
3501,24,207,8.6
3502,27,230,8.5
3503,23,198,8.6
3504,27,230,8.5
3505,24,261,10.9
3506,29,269,9.3
3507,25,221,8.8
3508,22,207,9.4
3509,30,256,8.5
3510,28,279,10.0
3511,24,215,9.0
3512,23,226,9.8
3513,18,176,9.8
3514,19,217,11.4
3515,27,239,8.9
3516,22,191,8.7
3517,27,224,8.3
3518,25,182,7.3
3519,30,291,9.7
3520,24,241,10.0
3521,21,245,11.7
3522,27,263,9.7
3523,21,221,10.5
3524,26,269,10.3
3525,21,203,9.7
3526,24,223,9.3
3527,31,271,8.7
3528,23,219,9.5
3529,27,230,8.5
3530,20,211,10.6
3531,23,198,8.6
3532,23,206,9.0
3533,19,183,9.6
3534,19,248,13.1
3535,24,216,9.0
3536,27,231,8.6
3537,20,184,9.2
3538,25,262,10.5
3539,25,213,8.5
3540,20,229,11.4
3541,23,258,11.2
3542,22,214,9.7
3543,19,244,12.8
3544,19,227,11.9
3545,28,249,8.9
3546,24,233,9.7
3547,20,241,12.0
3548,28,209,7.5
3549,26,235,9.0
3550,23,178,7.7
3551,27,198,7.3
3552,22,179,8.1
3553,32,220,6.9
3554,23,212,9.2
3555,21,189,9.0
3556,21,213,10.1
3557,26,205,7.9
3558,23,206,9.0
3559,29,219,7.6
3560,28,218,7.8
3561,32,236,7.4
3562,24,195,8.1
3563,20,165,8.2
3564,19,189,9.9
3565,27,227,8.4
3566,23,178,7.7
3567,19,181,9.5
3568,23,207,9.0
3569,21,229,10.9
3570,21,219,10.4
3571,21,213,10.1
3572,21,188,9.0
3573,24,163,6.8
3574,21,171,8.1
3575,22,192,8.7
3576,24,223,9.3
3577,25,200,8.0
3578,26,224,8.6
3579,19,180,9.5
3580,20,195,9.8
3581,19,173,9.1
3582,15,176,11.7
3583,20,195,9.8
3584,23,193,8.4
3585,29,221,7.6
3586,23,206,9.0
3587,23,151,6.6
3588,21,165,7.9
3589,22,186,8.5
3590,23,211,9.2
3591,27,222,8.2
3592,17,182,10.7
3593,16,172,10.8
3594,26,208,8.0
3595,11,131,11.9
3596,17,168,9.9
3597,27,236,8.7
3598,21,199,9.5
3599,25,214,8.6
3600,24,199,8.3
3601,22,194,8.8
3602,20,163,8.2
3603,27,229,8.5
3604,24,190,7.9
3605,23,214,9.3
3606,27,217,8.0
3607,21,185,8.8
3608,20,184,9.2
3609,25,201,8.0
3610,26,207,8.0
3611,19,150,7.9
3612,19,170,8.9
3613,21,158,7.5
3614,23,200,8.7
3615,25,187,7.5
3616,25,220,8.8
3617,16,155,9.7
3618,25,235,9.4
3619,21,147,7.0
3620,21,169,8.0
3621,14,129,9.2
3622,23,190,8.3
3623,20,166,8.3
3624,22,175,8.0
3625,19,179,9.4
3626,17,147,8.6
3627,19,146,7.7
3628,19,160,8.4
3629,24,166,6.9
3630,21,179,8.5
3631,22,168,7.6
3632,26,211,8.1
3633,23,187,8.1
3634,29,206,7.1
3635,26,195,7.5
3636,17,174,10.2
3637,25,188,7.5
3638,30,233,7.8
3639,23,205,8.9
3640,24,180,7.5
3641,18,151,8.4
3642,20,159,8.0
3643,22,191,8.7
3644,24,184,7.7
3645,28,203,7.2
3646,21,209,10.0
3647,31,217,7.0
3648,20,190,9.5
3649,22,186,8.5
3650,19,131,6.9
3651,18,145,8.1
3652,19,170,8.9
3653,18,148,8.2
3654,17,143,8.4
3655,19,150,7.9
3656,15,140,9.3
3657,25,197,7.9
3658,21,203,9.7
3659,17,136,8.0
3660,22,162,7.4
3661,23,180,7.8
3662,28,208,7.4
3663,21,175,8.3
3664,25,178,7.1
3665,25,188,7.5
3666,24,194,8.1
3667,21,193,9.2
3668,19,166,8.7
3669,20,145,7.2
3670,22,169,7.7
3671,26,198,7.6
3672,24,184,7.7
3673,20,162,8.1
3674,24,211,8.8
3675,27,184,6.8
3676,22,161,7.3
3677,21,160,7.6
3678,18,156,8.7
3679,21,175,8.3
3680,23,188,8.2
3681,19,169,8.9
3682,26,190,7.3
3683,25,190,7.6
3684,16,130,8.1
3685,18,123,6.8
3686,20,147,7.4
3687,24,164,6.8
3688,21,146,7.0
3689,22,154,7.0
3690,22,157,7.1
3691,19,154,8.1
3692,24,174,7.2
3693,25,206,8.2
3694,17,151,8.9
3695,29,201,6.9
3696,30,221,7.4
3697,23,200,8.7
3698,24,191,8.0
3699,26,209,8.0
3700,23,163,7.1
3701,24,171,7.1
3702,23,180,7.8
3703,28,207,7.4
3704,26,216,8.3
3705,26,210,8.1
3706,21,170,8.1
3707,30,244,8.1
3708,25,203,8.1
3709,24,195,8.1
3710,18,187,10.4
3711,20,179,9.0
3712,20,143,7.2
3713,24,192,8.0
3714,21,185,8.8
3715,28,187,6.7
3716,29,194,6.7
3717,27,196,7.3
3718,20,144,7.2
3719,29,193,6.7
3720,23,196,8.5
3721,24,161,6.7
3722,24,167,7.0
3723,25,205,8.2
3724,26,200,7.7
3725,27,160,5.9
3726,24,194,8.1
3727,21,161,7.7
3728,17,138,8.1
3729,22,159,7.2
3730,20,172,8.6
3731,17,144,8.5
3732,24,167,7.0
3733,31,235,7.6
3734,20,150,7.5
3735,19,162,8.5
3736,12,110,9.2
3737,23,194,8.4
3738,21,168,8.0
3739,26,193,7.4
3740,22,192,8.7
3741,23,181,7.9
3742,19,140,7.4
3743,19,122,6.4
3744,26,197,7.6
3745,22,174,7.9
3746,27,197,7.3
3747,20,163,8.2
3748,25,190,7.6
3749,16,167,10.4
3750,19,165,8.7
3751,23,206,9.0
3752,21,149,7.1
3753,22,141,6.4
3754,26,208,8.0
3755,26,186,7.2
3756,21,163,7.8
3757,20,148,7.4
3758,16,115,7.2
3759,26,197,7.6
3760,32,240,7.5
3761,16,113,7.1
3762,22,158,7.2
3763,24,177,7.4
3764,20,145,7.2
3765,12,131,10.9
3766,23,151,6.6
3767,22,157,7.1
3768,17,122,7.2
3769,15,124,8.3
3770,20,116,5.8
3771,19,148,7.8
3772,19,147,7.7
3773,21,156,7.4
3774,25,189,7.6
3775,15,116,7.7
3776,22,179,8.1
3777,24,178,7.4
3778,26,168,6.5
3779,18,134,7.4
3780,22,168,7.6
3781,16,102,6.4
3782,21,168,8.0
3783,23,183,8.0
3784,18,141,7.8
3785,15,142,9.5
3786,20,150,7.5
3787,17,166,9.8
3788,18,167,9.3
3789,26,194,7.5
3790,25,188,7.5
3791,21,158,7.5
3792,21,196,9.3
3793,23,200,8.7
3794,21,183,8.7
3795,24,235,9.8
3796,25,195,7.8
3797,19,165,8.7
3798,18,158,8.8
3799,26,175,6.7
3800,22,178,8.1
3801,23,173,7.5
3802,22,205,9.3
3803,18,185,10.3
3804,22,198,9.0
3805,23,193,8.4
3806,17,164,9.6
3807,28,215,7.7
3808,18,148,8.2
3809,23,161,7.0
3810,28,198,7.1
3811,23,178,7.7
3812,19,169,8.9
3813,23,172,7.5
3814,15,122,8.1
3815,27,183,6.8
3816,23,169,7.3
3817,24,200,8.3
3818,27,213,7.9
3819,24,196,8.2
3820,23,185,8.0
3821,19,169,8.9
3822,21,166,7.9
3823,23,175,7.6
3824,23,190,8.3
3825,25,176,7.0
3826,23,164,7.1
3827,19,148,7.8
3828,19,146,7.7
3829,22,139,6.3
3830,19,127,6.7
3831,22,161,7.3
3832,25,169,6.8
3833,19,126,6.6
3834,25,194,7.8
3835,17,119,7.0
3836,16,112,7.0
3837,23,166,7.2
3838,25,174,7.0
3839,22,165,7.5
3840,32,192,6.0
3841,26,228,8.8
3842,21,206,9.8
3843,22,197,9.0
3844,27,218,8.1
3845,21,191,9.1
3846,21,204,9.7
3847,14,137,9.8
3848,25,181,7.2
3849,25,226,9.0
3850,23,203,8.8
3851,19,139,7.3
3852,22,180,8.2
3853,22,160,7.3
3854,19,154,8.1
3855,21,167,8.0
3856,24,191,8.0
3857,25,178,7.1
3858,21,161,7.7
3859,19,151,7.9
3860,23,192,8.3
3861,22,166,7.5
3862,23,210,9.1
3863,14,108,7.7
3864,25,177,7.1
3865,25,169,6.8
3866,18,138,7.7
3867,22,184,8.4
3868,28,209,7.5
3869,18,159,8.8
3870,29,206,7.1
3871,24,180,7.5
3872,20,147,7.4
3873,25,170,6.8
3874,19,141,7.4
3875,25,168,6.7
3876,22,170,7.7
3877,21,176,8.4
3878,15,140,9.3
3879,20,145,7.2
3880,25,211,8.4
3881,24,177,7.4
3882,31,233,7.5
3883,31,234,7.5
3884,20,162,8.1
3885,19,181,9.5
3886,25,197,7.9
3887,29,230,7.9
3888,26,213,8.2
3889,24,218,9.1
3890,19,144,7.6
3891,22,188,8.5
3892,18,150,8.3
3893,19,192,10.1
3894,18,172,9.6
3895,22,159,7.2
3896,21,160,7.6
3897,22,207,9.4
3898,19,143,7.5
3899,16,137,8.6
3900,26,243,9.3
3901,24,183,7.6
3902,17,146,8.6
3903,21,160,7.6
3904,27,212,7.9
3905,23,193,8.4
3906,19,134,7.1
3907,15,152,10.1
3908,20,165,8.2
3909,14,160,11.4
3910,22,196,8.9
3911,22,189,8.6
3912,22,185,8.4
3913,20,197,9.8
3914,31,235,7.6
3915,25,238,9.5
3916,18,167,9.3
3917,22,195,8.9
3918,23,215,9.3
3919,23,241,10.5
3920,25,214,8.6
3921,19,176,9.3
3922,18,182,10.1
3923,22,189,8.6
3924,21,215,10.2
3925,17,174,10.2
3926,18,177,9.8
3927,19,160,8.4
3928,25,193,7.7
3929,27,210,7.8
3930,23,220,9.6
3931,24,208,8.7
3932,22,208,9.5
3933,28,196,7.0
3934,20,159,8.0
3935,18,154,8.6
3936,20,156,7.8
3937,26,198,7.6
3938,26,211,8.1
3939,23,201,8.7
3940,17,164,9.6
3941,17,149,8.8
3942,19,160,8.4
3943,25,188,7.5
3944,16,171,10.7
3945,25,212,8.5
3946,23,218,9.5
3947,22,210,9.5
3948,25,247,9.9
3949,20,221,11.0
3950,27,246,9.1
3951,24,216,9.0
3952,23,222,9.7
3953,15,181,12.1
3954,25,256,10.2
3955,25,254,10.2
3956,18,224,12.4
3957,17,238,14.0
3958,24,230,9.6
3959,25,262,10.5
3960,20,224,11.2
3961,23,228,9.9
3962,18,218,12.1
3963,16,204,12.8
3964,20,217,10.8
3965,26,266,10.2
3966,25,233,9.3
3967,23,234,10.2
3968,20,261,13.0
3969,21,234,11.1
3970,19,217,11.4
3971,22,217,9.9
3972,21,215,10.2
3973,19,243,12.8
3974,19,207,10.9
3975,18,190,10.6
3976,25,230,9.2
3977,22,196,8.9
3978,22,220,10.0
3979,27,253,9.4
3980,26,258,9.9
3981,22,231,10.5
3982,20,237,11.8
3983,22,215,9.8
3984,23,217,9.4
3985,24,244,10.2
3986,16,191,11.9
3987,20,199,10.0
3988,19,193,10.2
3989,22,179,8.1
3990,21,208,9.9
3991,27,247,9.1
3992,27,243,9.0
3993,22,241,11.0
3994,15,181,12.1
3995,17,161,9.5
3996,19,216,11.4
3997,21,166,7.9
3998,20,198,9.9
3999,18,226,12.6
4000,25,261,10.4
4001,23,229,10.0
4002,19,213,11.2
4003,24,211,8.8
4004,20,212,10.6
4005,25,216,8.6
4006,30,241,8.0
4007,25,193,7.7
4008,21,200,9.5
4009,20,217,10.8
4010,18,108,6.0
4011,19,198,10.4
4012,20,196,9.8
4013,23,182,7.9
4014,21,188,9.0
4015,25,218,8.7
4016,23,227,9.9
4017,28,233,8.3
4018,20,187,9.4
4019,24,217,9.0
4020,22,185,8.4
4021,21,213,10.1
4022,22,235,10.7
4023,25,231,9.2
4024,26,232,8.9
4025,24,235,9.8
4026,19,222,11.7
4027,25,245,9.8
4028,21,233,11.1
4029,22,186,8.5
4030,24,217,9.0
4031,25,214,8.6
4032,27,240,8.9
4033,25,204,8.2
4034,28,220,7.9
4035,24,190,7.9
4036,22,228,10.4
4037,21,190,9.0
4038,22,194,8.8
4039,22,203,9.2
4040,20,185,9.2
4041,24,242,10.1
4042,19,210,11.1
4043,19,235,12.4
4044,24,195,8.1
4045,19,163,8.6
4046,25,208,8.3
4047,15,186,12.4
4048,23,218,9.5
4049,28,224,8.0
4050,23,230,10.0
4051,22,188,8.5
4052,22,203,9.2
4053,26,206,7.9
4054,18,184,10.2
4055,20,211,10.6
4056,24,227,9.5
4057,28,235,8.4
4058,26,224,8.6
4059,25,228,9.1
4060,23,229,10.0
4061,21,230,11.0
4062,22,217,9.9
4063,21,207,9.9
4064,25,261,10.4
4065,19,207,10.9
4066,28,221,7.9
4067,24,226,9.4
4068,26,212,8.2
4069,26,231,8.9
4070,26,240,9.2
4071,30,247,8.2
4072,19,214,11.3
4073,27,216,8.0
4074,28,238,8.5
4075,24,191,8.0
4076,26,231,8.9
4077,31,252,8.1
4078,24,211,8.8
4079,20,185,9.2
4080,25,185,7.4
4081,20,199,10.0
4082,17,134,7.9
4083,24,213,8.9
4084,21,187,8.9
4085,27,210,7.8
4086,20,198,9.9
4087,25,219,8.8
4088,16,159,9.9
4089,22,203,9.2
4090,23,200,8.7
4091,22,212,9.6
4092,26,247,9.5
4093,20,188,9.4
4094,32,293,9.2
4095,28,243,8.7
4096,32,256,8.0
4097,29,250,8.6
4098,22,233,10.6
4099,31,264,8.5
4100,34,277,8.1
4101,28,242,8.6
4102,26,247,9.5
4103,33,231,7.0
4104,23,227,9.9
4105,21,206,9.8
4106,33,237,7.2
4107,17,157,9.2
4108,31,214,6.9
4109,25,212,8.5
4110,26,203,7.8
4111,22,179,8.1
4112,24,191,8.0
4113,24,217,9.0
4114,23,188,8.2
4115,25,222,8.9
4116,24,209,8.7
4117,25,207,8.3
4118,20,201,10.0
4119,17,149,8.8
4120,24,179,7.5
4121,24,201,8.4
4122,21,220,10.5
4123,27,227,8.4
4124,27,214,7.9
4125,26,198,7.6
4126,26,243,9.3
4127,22,199,9.0
4128,23,172,7.5
4129,17,140,8.2
4130,24,185,7.7
4131,26,220,8.5
4132,18,122,6.8
4133,22,196,8.9
4134,25,184,7.4
4135,26,209,8.0
4136,30,220,7.3
4137,22,230,10.5
4138,28,206,7.4
4139,22,236,10.7
4140,23,214,9.3
4141,21,200,9.5
4142,25,206,8.2
4143,25,224,9.0
4144,27,224,8.3
4145,17,158,9.3
4146,23,197,8.6
4147,26,225,8.7
4148,15,151,10.1
4149,21,190,9.0
4150,22,199,9.0
4151,23,206,9.0
4152,19,218,11.5
4153,22,185,8.4
4154,24,198,8.2
4155,19,188,9.9
4156,24,215,9.0
4157,20,175,8.8
4158,28,216,7.7
4159,26,239,9.2
4160,26,229,8.8
4161,26,178,6.8
4162,26,209,8.0
4163,25,198,7.9
4164,23,191,8.3
4165,27,222,8.2
4166,27,238,8.8
4167,31,250,8.1
4168,24,201,8.4
4169,22,200,9.1
4170,24,208,8.7
4171,21,197,9.4
4172,28,197,7.0
4173,22,171,7.8
4174,28,228,8.1
4175,30,237,7.9
4176,25,221,8.8
4177,23,229,10.0
4178,29,255,8.8
4179,27,228,8.4
4180,27,238,8.8
4181,24,195,8.1
4182,25,208,8.3
4183,19,163,8.6
4184,24,168,7.0
4185,22,175,8.0
4186,26,179,6.9
4187,26,213,8.2
4188,25,211,8.4
4189,23,170,7.4
4190,27,212,7.9
4191,21,210,10.0
4192,20,173,8.6
4193,21,159,7.6
4194,25,203,8.1
4195,24,198,8.2
4196,25,226,9.0
4197,23,194,8.4
4198,26,246,9.5
4199,27,209,7.7
4200,22,179,8.1
4201,27,214,7.9
4202,21,168,8.0
4203,20,148,7.4
4204,23,181,7.9
4205,22,186,8.5
4206,21,197,9.4
4207,24,199,8.3
4208,26,189,7.3
4209,24,206,8.6
4210,20,205,10.2
4211,21,204,9.7
4212,21,194,9.2
4213,26,255,9.8
4214,25,194,7.8
4215,18,191,10.6
4216,26,220,8.5
4217,28,220,7.9
4218,25,184,7.4
4219,25,237,9.5
4220,25,212,8.5
4221,21,199,9.5
4222,14,174,12.4
4223,27,185,6.9
4224,20,201,10.0
4225,20,162,8.1
4226,28,225,8.0
4227,22,185,8.4
4228,27,234,8.7
4229,22,224,10.2
4230,21,218,10.4
4231,24,243,10.1
4232,24,254,10.6
4233,20,226,11.3
4234,23,252,11.0
4235,24,254,10.6
4236,29,229,7.9
4237,26,203,7.8
4238,24,196,8.2
4239,18,146,8.1
4240,21,195,9.3
4241,26,231,8.9
4242,20,184,9.2
4243,21,170,8.1
4244,30,249,8.3
4245,21,185,8.8
4246,26,203,7.8
4247,21,160,7.6
4248,24,219,9.1
4249,28,198,7.1
4250,26,184,7.1
4251,25,203,8.1
4252,25,202,8.1
4253,22,169,7.7
4254,14,142,10.1
4255,18,141,7.8
4256,23,201,8.7
4257,19,174,9.2
4258,22,168,7.6
4259,19,156,8.2
4260,23,169,7.3
4261,28,214,7.6
4262,27,221,8.2
4263,19,169,8.9
4264,26,214,8.2
4265,25,182,7.3
4266,23,168,7.3
4267,25,222,8.9
4268,27,213,7.9
4269,26,206,7.9
4270,23,192,8.3
4271,28,213,7.6
4272,25,180,7.2
4273,29,206,7.1
4274,22,218,9.9
4275,22,176,8.0
4276,26,192,7.4
4277,18,140,7.8
4278,18,137,7.6
4279,30,222,7.4
4280,26,199,7.7
4281,28,219,7.8
4282,28,262,9.4
4283,20,165,8.2
4284,24,195,8.1
4285,22,171,7.8
4286,23,215,9.3
4287,21,212,10.1
4288,19,203,10.7
4289,28,209,7.5
4290,23,184,8.0
4291,26,205,7.9
4292,18,170,9.4
4293,20,186,9.3
4294,24,232,9.7
4295,21,160,7.6
4296,14,90,6.4
4297,22,224,10.2
4298,23,195,8.5
4299,25,210,8.4
4300,26,211,8.1
4301,25,187,7.5
4302,22,206,9.4
4303,25,181,7.2
4304,21,166,7.9
4305,22,180,8.2
4306,30,265,8.8
4307,22,200,9.1
4308,28,230,8.2
4309,25,212,8.5
4310,38,257,6.8
4311,25,236,9.4
4312,27,215,8.0
4313,28,215,7.7
4314,29,246,8.5
4315,23,203,8.8
4316,26,210,8.1
4317,30,237,7.9
4318,23,201,8.7
4319,26,188,7.2
4320,24,191,8.0
4321,21,201,9.6
4322,22,225,10.2
4323,22,162,7.4
4324,21,183,8.7
4325,20,185,9.2
4326,20,182,9.1
4327,26,207,8.0
4328,20,178,8.9
4329,24,214,8.9
4330,26,214,8.2
4331,24,194,8.1
4332,23,162,7.0
4333,23,174,7.6
4334,25,211,8.4
4335,25,232,9.3
4336,29,244,8.4
4337,21,159,7.6
4338,16,179,11.2
4339,25,209,8.4
4340,18,176,9.8
4341,19,200,10.5
4342,25,207,8.3
4343,21,183,8.7
4344,22,218,9.9
4345,27,204,7.6
4346,23,202,8.8
4347,22,184,8.4
4348,21,218,10.4
4349,24,204,8.5
4350,22,209,9.5
4351,22,197,9.0
4352,24,183,7.6
4353,19,169,8.9
4354,20,147,7.4
4355,23,216,9.4
4356,23,179,7.8
4357,26,204,7.8
4358,22,177,8.0
4359,20,190,9.5
4360,23,190,8.3
4361,27,198,7.3
4362,19,194,10.2
4363,16,166,10.4
4364,19,191,10.1
4365,25,191,7.6
4366,22,176,8.0
4367,20,183,9.2
4368,26,227,8.7
4369,19,173,9.1
4370,23,142,6.2
4371,27,228,8.4
4372,27,238,8.8
4373,29,259,8.9
4374,25,190,7.6
4375,19,180,9.5
4376,16,162,10.1
4377,23,169,7.3
4378,22,192,8.7
4379,21,178,8.5
4380,21,175,8.3
4381,17,152,8.9
4382,24,179,7.5
4383,21,173,8.2
4384,22,140,6.4
4385,20,147,7.4
4386,23,177,7.7
4387,23,175,7.6
4388,21,155,7.4
4389,15,151,10.1
4390,17,158,9.3
4391,22,171,7.8
4392,17,140,8.2
4393,24,161,6.7
4394,25,171,6.8
4395,25,189,7.6
4396,24,194,8.1
4397,23,160,7.0
4398,18,136,7.6
4399,17,132,7.8
4400,22,146,6.6
4401,20,157,7.8
4402,21,180,8.6
4403,27,195,7.2
4404,18,133,7.4
4405,28,193,6.9
4406,24,187,7.8
4407,28,181,6.5
4408,21,164,7.8
4409,28,209,7.5
4410,23,181,7.9
4411,27,210,7.8
4412,23,173,7.5
4413,20,169,8.4
4414,22,196,8.9
4415,26,203,7.8
4416,19,157,8.3
4417,19,177,9.3
4418,19,155,8.2
4419,22,176,8.0
4420,21,191,9.1
4421,16,144,9.0
4422,22,153,7.0
4423,25,207,8.3
4424,23,198,8.6
4425,25,208,8.3
4426,22,186,8.5
4427,23,183,8.0
4428,19,174,9.2
4429,18,165,9.2
4430,22,187,8.5
4431,17,153,9.0
4432,20,159,8.0
4433,24,219,9.1
4434,20,146,7.3
4435,26,188,7.2
4436,20,171,8.6
4437,22,169,7.7
4438,16,163,10.2
4439,22,162,7.4
4440,20,212,10.6
4441,27,207,7.7
4442,20,152,7.6
4443,18,154,8.6
4444,29,237,8.2
4445,18,173,9.6
4446,20,147,7.4
4447,19,135,7.1
4448,24,167,7.0
4449,23,162,7.0
4450,22,184,8.4
4451,17,160,9.4
4452,24,178,7.4
4453,25,172,6.9
4454,21,172,8.2
4455,22,176,8.0
4456,23,153,6.7
4457,22,148,6.7
4458,19,150,7.9
4459,16,121,7.6
4460,18,125,6.9
4461,21,131,6.2
4462,28,191,6.8
4463,22,162,7.4
4464,21,146,7.0
4465,16,135,8.4
4466,21,156,7.4
4467,23,145,6.3
4468,20,152,7.6
4469,20,151,7.6
4470,22,154,7.0
4471,22,158,7.2
4472,17,127,7.5
4473,24,181,7.5
4474,20,167,8.4
4475,21,131,6.2
4476,20,133,6.6
4477,26,164,6.3
4478,26,209,8.0
4479,18,128,7.1
4480,18,126,7.0
4481,18,137,7.6
4482,23,158,6.9
4483,24,183,7.6
4484,22,153,7.0
4485,24,178,7.4
4486,23,177,7.7
4487,32,253,7.9
4488,25,170,6.8
4489,20,172,8.6
4490,19,194,10.2
4491,21,175,8.3
4492,25,190,7.6
4493,18,155,8.6
4494,19,136,7.2
4495,23,167,7.3
4496,23,174,7.6
4497,20,156,7.8
4498,28,193,6.9
4499,20,166,8.3
4500,24,195,8.1
4501,21,167,8.0
4502,30,196,6.5
4503,24,185,7.7
4504,24,184,7.7
4505,24,172,7.2
4506,28,197,7.0
4507,17,159,9.4
4508,23,171,7.4
4509,27,214,7.9
4510,22,181,8.2
4511,21,138,6.6
4512,18,146,8.1
4513,25,205,8.2
4514,19,124,6.5
4515,24,160,6.7
4516,22,179,8.1
4517,25,188,7.5
4518,20,148,7.4
4519,22,132,6.0
4520,20,141,7.0
4521,23,183,8.0
4522,25,178,7.1
4523,20,145,7.2
4524,25,178,7.1
4525,19,134,7.1
4526,19,120,6.3
4527,28,237,8.5
4528,23,180,7.8
4529,23,148,6.4
4530,22,201,9.1
4531,18,142,7.9
4532,27,177,6.6
4533,13,105,8.1
4534,20,138,6.9
4535,21,150,7.1
4536,22,209,9.5
4537,23,158,6.9
4538,20,177,8.8
4539,22,176,8.0
4540,26,180,6.9
4541,21,138,6.6
4542,15,109,7.3
4543,25,174,7.0
4544,28,213,7.6
4545,25,168,6.7
4546,18,130,7.2
4547,22,186,8.5
4548,17,114,6.7
4549,14,128,9.1
4550,22,146,6.6
4551,20,169,8.4
4552,26,190,7.3
4553,23,181,7.9
4554,24,173,7.2
4555,21,155,7.4
4556,24,203,8.5
4557,20,159,8.0
4558,18,171,9.5
4559,18,136,7.6
4560,15,120,8.0
4561,24,187,7.8
4562,27,198,7.3
4563,23,169,7.3
4564,25,174,7.0
4565,27,200,7.4
4566,25,171,6.8
4567,27,208,7.7
4568,21,181,8.6
4569,20,155,7.8
4570,21,176,8.4
4571,18,150,8.3
4572,24,164,6.8
4573,26,188,7.2
4574,21,165,7.9
4575,21,154,7.3
4576,25,158,6.3
4577,16,134,8.4
4578,18,154,8.6
4579,24,205,8.5
4580,20,158,7.9
4581,22,179,8.1
4582,20,166,8.3
4583,25,199,8.0
4584,28,187,6.7
4585,27,190,7.0
4586,22,162,7.4
4587,20,176,8.8
4588,24,212,8.8
4589,21,138,6.6
4590,25,166,6.6
4591,21,180,8.6
4592,24,168,7.0
4593,24,168,7.0
4594,18,116,6.4
4595,28,197,7.0
4596,24,170,7.1
4597,23,172,7.5
4598,23,158,6.9
4599,23,182,7.9
4600,21,125,6.0
4601,27,223,8.3
4602,19,157,8.3
4603,20,163,8.2
4604,26,230,8.8
4605,23,185,8.0
4606,21,174,8.3
4607,24,176,7.3
4608,27,201,7.4
4609,28,213,7.6
4610,24,148,6.2
4611,21,177,8.4
4612,27,188,7.0
4613,19,132,6.9
4614,23,171,7.4
4615,26,197,7.6
4616,18,128,7.1
4617,23,166,7.2
4618,21,145,6.9
4619,23,162,7.0
4620,20,152,7.6
4621,16,138,8.6
4622,18,173,9.6
4623,15,128,8.5
4624,23,172,7.5
4625,16,111,6.9
4626,20,153,7.6
4627,22,165,7.5
4628,18,132,7.3
4629,18,135,7.5
4630,21,173,8.2
4631,22,164,7.5
4632,14,136,9.7
4633,25,178,7.1
4634,30,204,6.8
4635,24,173,7.2
4636,25,205,8.2
4637,23,176,7.7
4638,27,189,7.0
4639,23,142,6.2
4640,25,188,7.5
4641,23,185,8.0
4642,21,180,8.6
4643,19,179,9.4
4644,24,190,7.9
4645,19,153,8.1
4646,25,191,7.6
4647,24,203,8.5
4648,25,202,8.1
4649,23,210,9.1
4650,25,186,7.4
4651,19,161,8.5
4652,26,187,7.2
4653,22,161,7.3
4654,29,214,7.4
4655,24,172,7.2
4656,23,188,8.2
4657,23,209,9.1
4658,16,188,11.8
4659,19,135,7.1
4660,22,209,9.5
4661,22,178,8.1
4662,26,221,8.5
4663,21,205,9.8
4664,22,195,8.9
4665,26,213,8.2
4666,27,224,8.3
4667,25,189,7.6
4668,18,181,10.1
4669,17,172,10.1
4670,25,185,7.4
4671,28,241,8.6
4672,35,251,7.2
4673,35,242,6.9
4674,17,181,10.6
4675,21,192,9.1
4676,27,206,7.6
4677,26,201,7.7
4678,28,198,7.1
4679,20,163,8.2
4680,23,209,9.1
4681,22,215,9.8
4682,24,223,9.3
4683,20,215,10.8
4684,22,216,9.8
4685,22,193,8.8
4686,23,212,9.2
4687,17,127,7.5
4688,28,237,8.5
4689,22,170,7.7
4690,28,210,7.5
4691,17,173,10.2
4692,20,150,7.5
4693,22,204,9.3
4694,27,181,6.7
4695,29,194,6.7
4696,12,145,12.1
4697,22,151,6.9
4698,23,183,8.0
4699,24,215,9.0
4700,26,198,7.6
4701,26,204,7.8
4702,25,212,8.5
4703,24,213,8.9
4704,25,225,9.0
4705,22,175,8.0
4706,19,154,8.1
4707,30,235,7.8
4708,18,178,9.9
4709,24,196,8.2
4710,32,227,7.1
4711,30,220,7.3
4712,23,211,9.2
4713,25,212,8.5
4714,21,184,8.8
4715,19,181,9.5
4716,23,187,8.1
4717,22,157,7.1
4718,21,152,7.2
4719,31,258,8.3
4720,22,172,7.8
4721,20,165,8.2
4722,21,194,9.2
4723,24,181,7.5
4724,27,201,7.4
4725,25,199,8.0
4726,21,182,8.7
4727,32,247,7.7
4728,33,255,7.7
4729,18,202,11.2
4730,35,279,8.0
4731,28,216,7.7
4732,24,202,8.4
4733,26,217,8.3
4734,24,192,8.0
4735,13,169,13.0
4736,15,156,10.4
4737,23,166,7.2
4738,22,167,7.6
4739,23,202,8.8
4740,21,162,7.7
4741,24,206,8.6
4742,20,160,8.0
4743,16,147,9.2
4744,28,208,7.4
4745,21,176,8.4
4746,22,210,9.5
4747,19,188,9.9
4748,22,181,8.2
4749,18,188,10.4
4750,25,231,9.2
4751,26,243,9.3
4752,22,197,9.0
4753,21,235,11.2
4754,19,221,11.6
4755,23,197,8.6
4756,23,212,9.2
4757,21,206,9.8
4758,26,223,8.6
4759,22,214,9.7
4760,26,255,9.8
4761,16,176,11.0
4762,28,228,8.1
4763,24,238,9.9
4764,24,243,10.1
4765,30,262,8.7
4766,24,248,10.3
4767,24,222,9.2
4768,24,265,11.0
4769,28,239,8.5
4770,23,218,9.5
4771,26,228,8.8
4772,28,280,10.0
4773,26,251,9.7
4774,24,219,9.1
4775,23,226,9.8
4776,29,243,8.4
4777,22,207,9.4
4778,32,257,8.0
4779,35,267,7.6
4780,27,239,8.9
4781,29,199,6.9
4782,22,207,9.4
4783,29,256,8.8
4784,26,221,8.5
4785,26,244,9.4
4786,21,232,11.0
4787,30,263,8.8
4788,28,251,9.0
4789,25,213,8.5
4790,22,218,9.9
4791,22,200,9.1
4792,28,218,7.8
4793,21,243,11.6
4794,24,226,9.4
4795,26,219,8.4
4796,26,248,9.5
4797,26,233,9.0
4798,26,217,8.3
4799,25,171,6.8
4800,29,245,8.4
4801,27,259,9.6
4802,26,260,10.0
4803,28,262,9.4
4804,26,187,7.2
4805,23,186,8.1
4806,34,226,6.6
4807,24,218,9.1
4808,27,237,8.8
4809,20,175,8.8
4810,26,211,8.1
4811,23,171,7.4
4812,32,251,7.8
4813,33,253,7.7
4814,25,233,9.3
4815,27,214,7.9
4816,27,203,7.5
4817,20,196,9.8
4818,32,236,7.4
4819,28,244,8.7
4820,27,202,7.5
4821,22,170,7.7
4822,25,198,7.9
4823,24,210,8.8
4824,25,223,8.9
4825,19,193,10.2
4826,23,192,8.3
4827,29,215,7.4
4828,24,203,8.5
4829,21,206,9.8
4830,23,176,7.7
4831,24,171,7.1
4832,29,222,7.7
4833,23,196,8.5
4834,27,240,8.9
4835,21,201,9.6
4836,29,232,8.0
4837,30,235,7.8
4838,35,269,7.7
4839,25,208,8.3
4840,26,231,8.9
4841,29,226,7.8
4842,24,197,8.2
4843,24,188,7.8
4844,17,140,8.2
4845,23,184,8.0
4846,28,221,7.9
4847,20,191,9.6
4848,23,194,8.4
4849,25,203,8.1
4850,26,205,7.9
4851,22,177,8.0
4852,18,153,8.5
4853,31,229,7.4
4854,31,229,7.4
4855,24,201,8.4
4856,28,222,7.9
4857,25,227,9.1
4858,21,153,7.3
4859,25,173,6.9
4860,29,214,7.4
4861,27,201,7.4
4862,23,166,7.2
4863,16,142,8.9
4864,23,190,8.3
4865,26,193,7.4
4866,31,225,7.3
4867,24,205,8.5
4868,25,195,7.8
4869,30,239,8.0
4870,28,232,8.3
4871,27,234,8.7
4872,18,162,9.0
4873,25,215,8.6
4874,19,158,8.3
4875,19,207,10.9
4876,21,214,10.2
4877,29,257,8.9
4878,29,246,8.5
4879,20,166,8.3
4880,21,201,9.6
4881,27,234,8.7
4882,19,214,11.3
4883,18,210,11.7
4884,21,202,9.6
4885,26,236,9.1
4886,24,223,9.3
4887,25,192,7.7
4888,32,257,8.0
4889,25,173,6.9
4890,25,199,8.0
4891,25,227,9.1
4892,21,169,8.0
4893,22,182,8.3
4894,17,162,9.5
4895,20,172,8.6
4896,30,245,8.2
4897,22,253,11.5
4898,18,200,11.1
4899,22,205,9.3
4900,22,248,11.3
4901,22,227,10.3
4902,22,182,8.3
4903,22,191,8.7
4904,22,178,8.1
4905,21,186,8.9
4906,14,159,11.4
4907,25,209,8.4
4908,24,227,9.5
4909,26,193,7.4
4910,22,191,8.7
4911,27,224,8.3
4912,22,164,7.5
4913,23,170,7.4
4914,23,181,7.9
4915,20,174,8.7
4916,25,236,9.4
4917,22,196,8.9
4918,19,225,11.8
4919,19,169,8.9
4920,19,176,9.3
4921,21,177,8.4
4922,24,205,8.5
4923,29,226,7.8
4924,16,166,10.4
4925,19,175,9.2
4926,22,217,9.9
4927,21,162,7.7
4928,26,220,8.5
4929,25,206,8.2
4930,22,201,9.1
4931,16,147,9.2
4932,21,173,8.2
4933,27,190,7.0
4934,23,171,7.4
4935,25,191,7.6
4936,21,183,8.7
4937,21,195,9.3
4938,22,201,9.1
4939,24,219,9.1
4940,25,216,8.6
4941,19,144,7.6
4942,26,195,7.5
4943,29,224,7.7
4944,27,235,8.7
4945,25,226,9.0
4946,21,171,8.1
4947,23,226,9.8
4948,22,221,10.0
4949,23,184,8.0
4950,19,196,10.3
4951,22,165,7.5
4952,16,178,11.1
4953,22,216,9.8
4954,21,212,10.1
4955,24,174,7.2
4956,22,201,9.1
4957,23,202,8.8
4958,17,205,12.1
4959,23,202,8.8
4960,18,188,10.4
4961,21,193,9.2
4962,26,230,8.8
4963,22,174,7.9
4964,18,161,8.9
4965,26,194,7.5
4966,20,204,10.2
4967,23,220,9.6
4968,23,178,7.7
4969,20,155,7.8
4970,28,195,7.0
4971,27,213,7.9
4972,22,187,8.5
4973,20,182,9.1
4974,22,186,8.5
4975,24,199,8.3
4976,17,169,9.9
4977,17,181,10.6
4978,22,188,8.5
4979,21,188,9.0
4980,20,183,9.2
4981,30,232,7.7
4982,21,200,9.5
4983,25,185,7.4
4984,24,193,8.0
4985,19,169,8.9
4986,18,183,10.2
4987,26,210,8.1
4988,16,175,10.9
4989,19,157,8.3
4990,29,226,7.8
4991,20,189,9.4
4992,24,213,8.9
4993,25,199,8.0
4994,18,175,9.7
4995,24,208,8.7
4996,21,217,10.3
4997,28,249,8.9
4998,27,233,8.6
4999,24,222,9.2
5000,25,220,8.8
5001,29,205,7.1
5002,22,182,8.3
5003,23,238,10.3
5004,25,196,7.8
5005,22,188,8.5
5006,26,228,8.8
5007,26,231,8.9
5008,31,239,7.7
5009,25,218,8.7
5010,23,236,10.3
5011,27,215,8.0
5012,33,276,8.4
5013,28,190,6.8
5014,26,194,7.5
5015,27,261,9.7
5016,30,265,8.8
5017,24,205,8.5
5018,24,202,8.4
5019,30,245,8.2
5020,24,209,8.7
5021,19,217,11.4
5022,20,192,9.6
5023,21,190,9.0
5024,25,187,7.5
5025,28,263,9.4
5026,26,192,7.4
5027,27,242,9.0
5028,24,227,9.5
5029,18,175,9.7
5030,23,212,9.2
5031,25,226,9.0
5032,22,168,7.6
5033,18,174,9.7
5034,30,227,7.6
5035,27,188,7.0
5036,31,216,7.0
5037,29,214,7.4
5038,29,223,7.7
5039,28,208,7.4
5040,23,172,7.5
5041,25,203,8.1
5042,24,173,7.2
5043,29,213,7.3
5044,31,236,7.6
5045,31,213,6.9
5046,26,193,7.4
5047,19,178,9.4
5048,21,194,9.2
5049,30,250,8.3
5050,29,215,7.4
5051,20,164,8.2
5052,27,214,7.9
5053,20,163,8.2
5054,23,171,7.4
5055,21,210,10.0
5056,20,190,9.5
5057,22,206,9.4
5058,24,216,9.0
5059,21,205,9.8
5060,13,151,11.6
5061,21,195,9.3
5062,24,230,9.6
5063,21,192,9.1
5064,17,167,9.8
5065,19,158,8.3
5066,16,168,10.5
5067,18,164,9.1
5068,21,176,8.4
5069,23,220,9.6
5070,24,196,8.2
5071,17,153,9.0
5072,21,174,8.3
5073,18,187,10.4
5074,18,158,8.8
5075,17,162,9.5
5076,17,177,10.4
5077,20,181,9.0
5078,25,222,8.9
5079,26,224,8.6
5080,18,164,9.1
5081,16,154,9.6
5082,21,187,8.9
5083,19,160,8.4
5084,20,147,7.4
5085,20,150,7.5
5086,19,180,9.5
5087,19,149,7.8
5088,22,167,7.6
5089,21,140,6.7
5090,27,169,6.3
5091,23,166,7.2
5092,16,137,8.6
5093,17,176,10.4
5094,13,136,10.5
5095,30,232,7.7
5096,19,164,8.6
5097,20,174,8.7
5098,31,217,7.0
5099,26,210,8.1
5100,24,228,9.5
5101,24,220,9.2
5102,20,196,9.8
5103,21,178,8.5
5104,23,179,7.8
5105,21,179,8.5
5106,24,198,8.2
5107,24,189,7.9
5108,19,151,7.9
5109,25,174,7.0
5110,27,198,7.3
5111,27,198,7.3
5112,23,223,9.7
5113,30,215,7.2
5114,30,202,6.7
5115,23,192,8.3
5116,17,177,10.4
5117,18,131,7.3
5118,22,183,8.3
5119,23,190,8.3
5120,24,202,8.4
5121,24,215,9.0
5122,16,163,10.2
5123,18,161,8.9
5124,20,151,7.6
5125,16,148,9.2
5126,21,187,8.9
5127,18,169,9.4
5128,24,181,7.5
5129,20,163,8.2
5130,22,186,8.5
5131,22,147,6.7
5132,23,153,6.7
5133,24,163,6.8
5134,20,164,8.2
5135,25,184,7.4
5136,25,166,6.6
5137,20,164,8.2
5138,24,196,8.2
5139,13,115,8.8
5140,19,147,7.7
5141,26,212,8.2
5142,23,179,7.8
5143,22,149,6.8
5144,23,163,7.1
5145,22,185,8.4
5146,23,180,7.8
5147,30,196,6.5
5148,25,185,7.4
5149,23,203,8.8
5150,23,172,7.5
5151,27,194,7.2
5152,25,185,7.4
5153,27,209,7.7
5154,20,145,7.2
5155,25,197,7.9
5156,26,197,7.6
5157,25,207,8.3
5158,27,218,8.1
5159,25,182,7.3
5160,22,179,8.1
5161,21,171,8.1
5162,18,156,8.7
5163,33,260,7.9
5164,20,183,9.2
5165,26,202,7.8
5166,26,215,8.3
5167,17,158,9.3
5168,18,153,8.5
5169,23,196,8.5
5170,21,176,8.4
5171,29,231,8.0
5172,23,177,7.7
5173,24,177,7.4
5174,32,224,7.0
5175,23,173,7.5
5176,16,102,6.4
5177,26,188,7.2
5178,24,204,8.5
5179,26,205,7.9
5180,18,166,9.2
5181,25,165,6.6
5182,22,153,7.0
5183,18,162,9.0
5184,19,168,8.8
5185,29,217,7.5
5186,22,170,7.7
5187,26,236,9.1
5188,22,206,9.4
5189,17,166,9.8
5190,24,185,7.7
5191,21,176,8.4
5192,18,181,10.1
5193,27,186,6.9
5194,29,223,7.7
5195,24,186,7.8
5196,23,183,8.0
5197,24,187,7.8
5198,15,158,10.5
5199,21,162,7.7
5200,18,137,7.6
5201,18,135,7.5
5202,19,142,7.5
5203,22,188,8.5
5204,23,175,7.6
5205,21,191,9.1
5206,22,175,8.0
5207,17,168,9.9
5208,19,153,8.1
5209,23,187,8.1
5210,24,204,8.5
5211,16,199,12.4
5212,22,216,9.8
5213,25,206,8.2
5214,22,146,6.6
5215,22,206,9.4
5216,21,170,8.1
5217,15,104,6.9
5218,17,132,7.8
5219,26,199,7.7
5220,19,168,8.8
5221,19,137,7.2
5222,20,190,9.5
5223,23,201,8.7
5224,20,168,8.4
5225,19,166,8.7
5226,21,176,8.4
5227,24,187,7.8
5228,25,210,8.4
5229,22,177,8.0
5230,15,139,9.3
5231,18,156,8.7
5232,21,182,8.7
5233,18,178,9.9
5234,24,226,9.4
5235,16,134,8.4
5236,24,208,8.7
5237,23,181,7.9
5238,19,144,7.6
5239,27,226,8.4
5240,26,219,8.4
5241,26,217,8.3
5242,23,182,7.9
5243,25,193,7.7
5244,21,202,9.6
5245,18,142,7.9
5246,23,169,7.3
5247,26,198,7.6
5248,19,194,10.2
5249,27,199,7.4
5250,22,150,6.8
5251,22,175,8.0
5252,21,182,8.7
5253,18,174,9.7
5254,25,177,7.1
5255,19,202,10.6
5256,28,225,8.0
5257,16,147,9.2
5258,22,187,8.5
5259,26,198,7.6
5260,19,155,8.2
5261,30,210,7.0
5262,20,145,7.2
5263,20,168,8.4
5264,23,157,6.8
5265,21,178,8.5
5266,24,173,7.2
5267,28,209,7.5
5268,25,211,8.4
5269,27,209,7.7
5270,25,199,8.0
5271,27,184,6.8
5272,27,192,7.1
5273,20,171,8.6
5274,27,190,7.0
5275,24,184,7.7
5276,28,205,7.3
5277,25,182,7.3
5278,27,182,6.7
5279,28,210,7.5
5280,27,194,7.2
5281,28,224,8.0
5282,26,216,8.3
5283,25,215,8.6
5284,24,169,7.0
5285,15,136,9.1
5286,22,162,7.4
5287,16,146,9.1
5288,24,174,7.2
5289,22,156,7.1
5290,24,185,7.7
5291,25,196,7.8
5292,28,210,7.5
5293,24,189,7.9
5294,19,186,9.8
5295,24,185,7.7
5296,26,221,8.5
5297,20,210,10.5
5298,22,182,8.3
5299,22,188,8.5
5300,25,206,8.2
5301,32,247,7.7
5302,18,121,6.7
5303,25,173,6.9
5304,23,173,7.5
5305,21,154,7.3
5306,22,161,7.3
5307,23,164,7.1
5308,23,181,7.9
5309,22,162,7.4
5310,20,161,8.0
5311,27,192,7.1
5312,14,152,10.9
5313,21,158,7.5
5314,21,137,6.5
5315,27,219,8.1
5316,24,190,7.9
5317,19,198,10.4
5318,26,208,8.0
5319,23,181,7.9
5320,22,180,8.2
5321,25,163,6.5
5322,22,173,7.9
5323,23,185,8.0
5324,21,167,8.0
5325,23,186,8.1
5326,19,143,7.5
5327,21,140,6.7
5328,26,194,7.5
5329,31,215,6.9
5330,22,189,8.6
5331,22,174,7.9
5332,22,181,8.2
5333,20,163,8.2
5334,23,201,8.7
5335,23,196,8.5
5336,19,139,7.3
5337,32,243,7.6
5338,22,187,8.5
5339,28,236,8.4
5340,19,189,9.9
5341,26,200,7.7
5342,29,197,6.8
5343,19,167,8.8
5344,20,137,6.8
5345,27,229,8.5
5346,27,204,7.6
5347,20,160,8.0
5348,27,247,9.1
5349,17,149,8.8
5350,17,118,6.9
5351,31,192,6.2
5352,21,157,7.5
5353,20,129,6.4
5354,24,196,8.2
5355,17,111,6.5
5356,23,229,10.0
5357,19,182,9.6
5358,29,201,6.9
5359,20,161,8.0
5360,23,195,8.5
5361,21,181,8.6
5362,24,165,6.9
5363,26,218,8.4
5364,26,222,8.5
5365,25,181,7.2
5366,24,200,8.3
5367,23,218,9.5
5368,23,203,8.8
5369,21,169,8.0
5370,33,239,7.2
5371,23,196,8.5
5372,28,203,7.2
5373,25,168,6.7
5374,21,187,8.9
5375,22,192,8.7
5376,24,253,10.5
5377,26,174,6.7
5378,27,250,9.3
5379,27,208,7.7
5380,24,203,8.5
5381,19,164,8.6
5382,26,184,7.1
5383,30,215,7.2
5384,28,192,6.9
5385,23,162,7.0
5386,26,191,7.3
5387,25,184,7.4
5388,22,193,8.8
5389,23,219,9.5
5390,25,227,9.1
5391,27,223,8.3
5392,22,177,8.0
5393,23,188,8.2
5394,25,203,8.1
5395,24,209,8.7
5396,23,193,8.4
5397,22,175,8.0
5398,26,182,7.0
5399,19,181,9.5
5400,23,188,8.2
5401,23,174,7.6
5402,20,180,9.0
5403,18,174,9.7
5404,23,163,7.1
5405,22,168,7.6
5406,27,220,8.1
5407,33,228,6.9
5408,26,219,8.4
5409,25,195,7.8
5410,30,211,7.0
5411,30,240,8.0
5412,24,191,8.0
5413,27,207,7.7
5414,21,149,7.1
5415,27,215,8.0
5416,21,211,10.0
5417,19,146,7.7
5418,22,144,6.5
5419,18,128,7.1
5420,27,207,7.7
5421,25,253,10.1
5422,28,243,8.7
5423,22,195,8.9
5424,27,225,8.3
5425,23,170,7.4
5426,18,177,9.8
5427,22,203,9.2
5428,24,205,8.5
5429,25,170,6.8
5430,28,217,7.8
5431,22,181,8.2
5432,17,149,8.8
5433,19,140,7.4
5434,22,163,7.4
5435,26,194,7.5
5436,27,185,6.9
5437,26,229,8.8
5438,25,210,8.4
5439,19,154,8.1
5440,24,189,7.9
5441,21,181,8.6
5442,22,188,8.5
5443,21,158,7.5
5444,22,195,8.9
5445,19,137,7.2
5446,28,194,6.9
5447,18,126,7.0
5448,22,154,7.0
5449,26,204,7.8
5450,31,239,7.7
5451,19,180,9.5
5452,22,220,10.0
5453,21,184,8.8
5454,29,247,8.5
5455,21,217,10.3
5456,21,200,9.5
5457,26,188,7.2
5458,25,196,7.8
5459,31,223,7.2
5460,24,182,7.6
5461,24,204,8.5
5462,28,211,7.5
5463,26,190,7.3
5464,18,168,9.3
5465,21,175,8.3
5466,24,200,8.3
5467,22,177,8.0
5468,23,190,8.3
5469,25,214,8.6
5470,19,155,8.2
5471,21,170,8.1
5472,25,188,7.5
5473,17,125,7.4
5474,18,150,8.3
5475,15,136,9.1
5476,23,200,8.7
5477,21,162,7.7
5478,26,166,6.4
5479,25,179,7.2
5480,22,161,7.3
5481,19,155,8.2
5482,18,144,8.0
5483,28,189,6.8
5484,29,216,7.4
5485,19,152,8.0
5486,24,180,7.5
5487,30,243,8.1
5488,25,192,7.7
5489,23,199,8.7
5490,22,168,7.6
5491,18,166,9.2
5492,25,203,8.1
5493,21,140,6.7
5494,25,195,7.8
5495,24,171,7.1
5496,24,198,8.2
5497,17,125,7.4
5498,23,172,7.5
5499,22,169,7.7
5500,26,210,8.1
5501,23,219,9.5
5502,27,212,7.9
5503,25,191,7.6
5504,26,165,6.3
5505,23,186,8.1
5506,24,203,8.5
5507,22,198,9.0
5508,22,184,8.4
5509,25,190,7.6
5510,20,183,9.2
5511,16,168,10.5
5512,20,161,8.0
5513,25,187,7.5
5514,19,197,10.4
5515,25,246,9.8
5516,16,226,14.1
5517,22,183,8.3
5518,28,207,7.4
5519,23,180,7.8
5520,22,238,10.8
5521,25,183,7.3
5522,22,180,8.2
5523,17,173,10.2
5524,19,148,7.8
5525,23,214,9.3
5526,20,204,10.2
5527,17,178,10.5
5528,22,185,8.4
5529,22,189,8.6
5530,20,199,10.0
5531,21,227,10.8
5532,18,205,11.4
5533,19,200,10.5
5534,25,222,8.9
5535,18,193,10.7
5536,22,190,8.6
5537,23,189,8.2
5538,25,253,10.1
5539,22,213,9.7
5540,23,185,8.0
5541,17,194,11.4
5542,27,202,7.5
5543,19,160,8.4
5544,16,175,10.9
5545,19,170,8.9
5546,19,179,9.4
5547,21,203,9.7
5548,17,174,10.2
5549,17,185,10.9
5550,15,218,14.5
5551,26,201,7.7
5552,23,230,10.0
5553,15,181,12.1
5554,15,177,11.8
5555,28,224,8.0
5556,17,208,12.2
5557,22,214,9.7
5558,20,155,7.8
5559,22,192,8.7
5560,17,209,12.3
5561,19,226,11.9
5562,20,201,10.0
5563,22,220,10.0
5564,11,184,16.7
5565,16,172,10.8
5566,18,136,7.6
5567,23,213,9.3
5568,29,198,6.8
5569,16,112,7.0
5570,26,191,7.3
5571,25,209,8.4
5572,17,190,11.2
5573,25,182,7.3
5574,19,163,8.6
5575,19,149,7.8
5576,25,176,7.0
5577,29,190,6.6
5578,29,197,6.8
5579,21,183,8.7
5580,25,171,6.8
5581,28,224,8.0
5582,24,207,8.6
5583,21,210,10.0
5584,20,161,8.0
5585,16,183,11.4
5586,15,115,7.7
5587,20,200,10.0
5588,24,201,8.4
5589,20,180,9.0
5590,25,195,7.8
5591,18,200,11.1
5592,27,204,7.6
5593,25,205,8.2
5594,18,179,9.9
5595,15,143,9.5
5596,23,199,8.7
5597,19,164,8.6
5598,27,227,8.4
5599,21,176,8.4
5600,24,187,7.8
5601,22,175,8.0
5602,27,200,7.4
5603,20,193,9.6
5604,18,153,8.5
5605,17,130,7.6
5606,26,198,7.6
5607,24,190,7.9
5608,26,177,6.8
5609,21,158,7.5
5610,25,195,7.8
5611,18,132,7.3
5612,27,202,7.5
5613,27,215,8.0
5614,18,146,8.1
5615,25,177,7.1
5616,19,157,8.3
5617,25,179,7.2
5618,28,189,6.8
5619,24,190,7.9
5620,23,209,9.1
5621,26,181,7.0
5622,24,172,7.2
5623,23,148,6.4
5624,21,169,8.0
5625,21,168,8.0
5626,19,184,9.7
5627,20,147,7.4
5628,27,212,7.9
5629,24,192,8.0
5630,35,261,7.5
5631,20,156,7.8
5632,21,151,7.2
5633,27,246,9.1
5634,30,229,7.6
5635,25,216,8.6
5636,25,192,7.7
5637,21,176,8.4
5638,23,172,7.5
5639,21,199,9.5
5640,28,232,8.3
5641,26,208,8.0
5642,22,180,8.2
5643,25,188,7.5
5644,19,148,7.8
5645,22,173,7.9
5646,27,207,7.7
5647,24,198,8.2
5648,27,232,8.6
5649,26,236,9.1
5650,24,185,7.7
5651,18,160,8.9
5652,24,218,9.1
5653,21,172,8.2
5654,20,155,7.8
5655,21,167,8.0
5656,21,165,7.9
5657,24,189,7.9
5658,20,164,8.2
5659,31,228,7.4
5660,28,217,7.8
5661,21,163,7.8
5662,22,158,7.2
5663,27,192,7.1
5664,31,204,6.6
5665,25,182,7.3
5666,21,187,8.9
5667,18,167,9.3
5668,24,176,7.3
5669,20,143,7.2
5670,21,170,8.1
5671,20,154,7.7
5672,26,188,7.2
5673,23,202,8.8
5674,29,201,6.9
5675,18,156,8.7
5676,25,198,7.9
5677,22,171,7.8
5678,18,157,8.7
5679,20,193,9.6
5680,21,183,8.7
5681,25,226,9.0
5682,20,174,8.7
5683,23,216,9.4
5684,22,168,7.6
5685,23,200,8.7
5686,22,157,7.1
5687,23,211,9.2
5688,27,229,8.5
5689,26,240,9.2
5690,22,203,9.2
5691,25,183,7.3
5692,24,217,9.0
5693,28,230,8.2
5694,27,230,8.5
5695,28,227,8.1
5696,30,222,7.4
5697,27,218,8.1
5698,26,216,8.3
5699,21,199,9.5
5700,30,195,6.5
5701,30,221,7.4
5702,32,249,7.8
5703,23,194,8.4
5704,22,168,7.6
5705,25,177,7.1
5706,24,231,9.6
5707,27,205,7.6
5708,20,193,9.6
5709,22,179,8.1
5710,28,214,7.6
5711,27,216,8.0
5712,20,205,10.2
5713,26,194,7.5
5714,27,199,7.4
5715,18,166,9.2
5716,28,211,7.5
5717,27,251,9.3
5718,35,266,7.6
5719,30,251,8.4
5720,29,221,7.6
5721,27,217,8.0
5722,23,231,10.0
5723,24,238,9.9
5724,33,245,7.4
5725,27,181,6.7
5726,27,204,7.6
5727,27,236,8.7
5728,17,203,11.9
5729,25,208,8.3
5730,16,142,8.9
5731,29,214,7.4
5732,26,233,9.0
5733,24,208,8.7
5734,26,247,9.5
5735,29,230,7.9
5736,19,174,9.2
5737,24,224,9.3
5738,31,228,7.4
5739,23,174,7.6
5740,24,213,8.9
5741,27,227,8.4
5742,26,209,8.0
5743,29,215,7.4
5744,25,187,7.5
5745,16,181,11.3
5746,21,190,9.0
5747,20,193,9.6
5748,24,183,7.6
5749,17,187,11.0
5750,18,172,9.6
5751,22,176,8.0
5752,25,223,8.9
5753,24,187,7.8
5754,25,193,7.7
5755,22,220,10.0
5756,26,200,7.7
5757,25,186,7.4
5758,32,224,7.0
5759,23,263,11.4
5760,26,201,7.7
5761,25,219,8.8
5762,29,273,9.4
5763,25,230,9.2
5764,33,225,6.8
5765,28,209,7.5
5766,27,226,8.4
5767,27,217,8.0
5768,28,209,7.5
5769,30,251,8.4
5770,23,223,9.7
5771,22,216,9.8
5772,28,233,8.3
5773,28,215,7.7
5774,26,234,9.0
5775,28,238,8.5
5776,20,215,10.8
5777,20,222,11.1
5778,24,231,9.6
5779,30,247,8.2
5780,26,207,8.0
5781,24,227,9.5
5782,27,225,8.3
5783,24,200,8.3
5784,24,203,8.5
5785,24,205,8.5
5786,21,188,9.0
5787,26,185,7.1
5788,23,172,7.5
5789,24,190,7.9
5790,27,214,7.9
5791,27,192,7.1
5792,25,208,8.3
5793,23,198,8.6
5794,21,198,9.4
5795,17,153,9.0
5796,25,227,9.1
5797,26,238,9.2
5798,24,223,9.3
5799,25,229,9.2
5800,24,242,10.1
5801,23,183,8.0
5802,22,211,9.6
5803,25,237,9.5
5804,21,191,9.1
5805,30,238,7.9
5806,21,203,9.7
5807,20,163,8.2
5808,21,228,10.9
5809,29,230,7.9
5810,24,211,8.8
5811,23,208,9.0
5812,28,196,7.0
5813,26,208,8.0
5814,25,178,7.1
5815,22,159,7.2
5816,21,159,7.6
5817,20,188,9.4
5818,26,189,7.3
5819,32,235,7.3
5820,17,175,10.3
5821,25,206,8.2
5822,25,189,7.6
5823,27,205,7.6
5824,21,152,7.2
5825,23,181,7.9
5826,24,188,7.8
5827,19,171,9.0
5828,27,212,7.9
5829,28,251,9.0
5830,25,215,8.6
5831,31,237,7.6
5832,17,156,9.2
5833,24,211,8.8
5834,24,203,8.5
5835,22,206,9.4
5836,27,236,8.7
5837,31,261,8.4
5838,26,222,8.5
5839,23,192,8.3
5840,23,186,8.1
5841,25,217,8.7
5842,32,246,7.7
5843,20,188,9.4
5844,27,220,8.1
5845,24,209,8.7
5846,25,202,8.1
5847,25,211,8.4
5848,25,233,9.3
5849,22,193,8.8
5850,26,252,9.7
5851,32,236,7.4
5852,23,208,9.0
5853,28,250,8.9
5854,22,233,10.6
5855,24,250,10.4
5856,29,276,9.5
5857,23,244,10.6
5858,26,226,8.7
5859,28,276,9.9
5860,26,288,11.1
5861,26,267,10.3
5862,26,225,8.7
5863,30,254,8.5
5864,24,225,9.4
5865,25,184,7.4
5866,22,193,8.8
5867,25,234,9.4
5868,27,241,8.9
5869,28,230,8.2
5870,21,195,9.3
5871,25,175,7.0
5872,26,223,8.6
5873,21,177,8.4
5874,18,178,9.9
5875,25,179,7.2
5876,25,191,7.6
5877,21,190,9.0
5878,21,224,10.7
5879,25,187,7.5
5880,30,236,7.9
5881,25,230,9.2
5882,23,187,8.1
5883,22,216,9.8
5884,24,185,7.7
5885,25,213,8.5
5886,26,202,7.8
5887,20,221,11.0
5888,20,204,10.2
5889,27,236,8.7
5890,19,190,10.0
5891,23,221,9.6
5892,26,219,8.4
5893,18,169,9.4
5894,23,217,9.4
5895,21,189,9.0
5896,28,210,7.5
5897,25,217,8.7
5898,17,179,10.5
5899,26,213,8.2
5900,26,204,7.8
5901,20,183,9.2
5902,24,188,7.8
5903,23,215,9.3
5904,27,211,7.8
5905,29,223,7.7
5906,22,230,10.5
5907,29,216,7.4
5908,23,224,9.7
5909,21,196,9.3
5910,25,217,8.7
5911,33,266,8.1
5912,29,232,8.0
5913,25,196,7.8
5914,22,176,8.0
5915,28,229,8.2
5916,20,188,9.4
5917,28,209,7.5
5918,22,160,7.3
5919,17,132,7.8
5920,23,187,8.1
5921,19,210,11.1
5922,21,181,8.6
5923,28,200,7.1
5924,22,178,8.1
5925,27,241,8.9
5926,21,226,10.8
5927,21,182,8.7
5928,20,170,8.5
5929,22,207,9.4
5930,24,190,7.9
5931,22,243,11.0
5932,27,224,8.3
5933,33,256,7.8
5934,18,128,7.1
5935,25,191,7.6
5936,19,194,10.2
5937,27,187,6.9
5938,20,165,8.2
5939,22,174,7.9
5940,25,213,8.5
5941,18,183,10.2
5942,25,195,7.8
5943,19,199,10.5
5944,25,208,8.3
5945,30,242,8.1
5946,26,222,8.5
5947,24,209,8.7
5948,22,182,8.3
5949,18,179,9.9
5950,28,229,8.2
5951,23,184,8.0
5952,29,225,7.8
5953,22,215,9.8
5954,32,269,8.4
5955,28,235,8.4
5956,24,243,10.1
5957,22,173,7.9
5958,27,241,8.9
5959,28,200,7.1
5960,22,162,7.4
5961,23,194,8.4
5962,30,240,8.0
5963,19,208,10.9
5964,23,206,9.0
5965,18,194,10.8
5966,20,184,9.2
5967,21,185,8.8
5968,20,159,8.0
5969,20,143,7.2
5970,18,137,7.6
5971,22,142,6.5
5972,19,174,9.2
5973,17,150,8.8
5974,24,174,7.2
5975,24,186,7.8
5976,19,162,8.5
5977,15,173,11.5
5978,14,166,11.9
5979,27,184,6.8
5980,14,121,8.6
5981,21,169,8.0
5982,26,194,7.5
5983,23,198,8.6
5984,17,140,8.2
5985,17,173,10.2
5986,25,214,8.6
5987,23,183,8.0
5988,20,169,8.4
5989,25,197,7.9
5990,19,158,8.3
5991,23,199,8.7
5992,16,190,11.9
5993,13,163,12.5
5994,21,227,10.8
5995,22,199,9.0
5996,22,215,9.8
5997,19,187,9.8
5998,26,231,8.9
5999,23,233,10.1
6000,21,176,8.4
6001,28,234,8.4
6002,26,242,9.3
6003,26,203,7.8
6004,21,204,9.7
6005,21,175,8.3
6006,25,187,7.5
6007,22,216,9.8
6008,20,202,10.1
6009,22,196,8.9
6010,25,218,8.7
6011,19,192,10.1
6012,23,204,8.9
6013,18,173,9.6
6014,22,172,7.8
6015,27,202,7.5
6016,12,109,9.1
6017,24,189,7.9
6018,23,184,8.0
6019,23,178,7.7
6020,19,180,9.5
6021,26,174,6.7
6022,21,145,6.9
6023,22,210,9.5
6024,20,176,8.8
6025,19,199,10.5
6026,21,176,8.4
6027,20,179,9.0
6028,17,167,9.8
6029,21,177,8.4
6030,29,217,7.5
6031,19,196,10.3
6032,27,200,7.4
6033,22,184,8.4
6034,22,223,10.1
6035,23,186,8.1
6036,19,175,9.2
6037,27,228,8.4
6038,24,187,7.8
6039,24,202,8.4
6040,25,198,7.9
6041,24,217,9.0
6042,21,182,8.7
6043,21,186,8.9
6044,24,204,8.5
6045,22,174,7.9
6046,22,215,9.8
6047,23,174,7.6
6048,30,222,7.4
6049,19,175,9.2
6050,15,184,12.3
6051,23,211,9.2
6052,26,210,8.1
6053,22,180,8.2
6054,24,211,8.8
6055,20,166,8.3
6056,25,234,9.4
6057,16,187,11.7
6058,22,202,9.2
6059,19,185,9.7
6060,29,237,8.2
6061,22,203,9.2
6062,17,165,9.7
6063,18,211,11.7
6064,20,214,10.7
6065,21,206,9.8
6066,20,226,11.3
6067,27,245,9.1
6068,19,173,9.1
6069,22,212,9.6
6070,20,187,9.4
6071,20,166,8.3
6072,19,205,10.8
6073,26,204,7.8
6074,33,230,7.0
6075,22,161,7.3
6076,21,157,7.5
6077,17,184,10.8
6078,20,207,10.4
6079,20,161,8.0
6080,22,177,8.0
6081,21,170,8.1
6082,21,185,8.8
6083,22,203,9.2
6084,19,180,9.5
6085,19,149,7.8
6086,19,152,8.0
6087,21,190,9.0
6088,28,201,7.2
6089,21,216,10.3
6090,23,152,6.6
6091,25,178,7.1
6092,24,169,7.0
6093,23,205,8.9
6094,25,214,8.6
6095,20,152,7.6
6096,21,179,8.5
6097,24,195,8.1
6098,20,174,8.7
6099,28,200,7.1
6100,23,178,7.7
6101,26,207,8.0
6102,20,178,8.9
6103,18,167,9.3
6104,28,221,7.9
6105,17,157,9.2
6106,20,185,9.2
6107,24,213,8.9
6108,29,219,7.6
6109,28,205,7.3
6110,29,207,7.1
6111,19,184,9.7
6112,17,185,10.9
6113,20,177,8.8
6114,24,218,9.1
6115,28,227,8.1
6116,21,195,9.3
6117,18,151,8.4
6118,29,223,7.7
6119,19,183,9.6
6120,29,211,7.3
6121,21,179,8.5
6122,20,166,8.3
6123,26,215,8.3
6124,20,207,10.4
6125,27,235,8.7
6126,20,170,8.5
6127,25,181,7.2
6128,26,207,8.0
6129,24,209,8.7
6130,24,218,9.1
6131,27,242,9.0
6132,24,174,7.2
6133,20,194,9.7
6134,23,210,9.1
6135,23,229,10.0
6136,26,237,9.1
6137,26,235,9.0
6138,28,224,8.0
6139,28,254,9.1
6140,28,205,7.3
6141,26,185,7.1
6142,21,173,8.2
6143,24,166,6.9
6144,23,191,8.3
6145,19,195,10.3
6146,22,184,8.4
6147,19,142,7.5
6148,24,206,8.6
6149,21,198,9.4
6150,20,206,10.3
6151,20,210,10.5
6152,24,189,7.9
6153,22,209,9.5
6154,15,130,8.7
6155,23,160,7.0
6156,22,175,8.0
6157,23,167,7.3
6158,21,131,6.2
6159,18,210,11.7
6160,18,193,10.7
6161,25,244,9.8
6162,24,228,9.5
6163,17,182,10.7
6164,25,179,7.2
6165,25,182,7.3
6166,25,190,7.6
6167,19,166,8.7
6168,24,183,7.6
6169,18,145,8.1
6170,24,183,7.6
6171,29,217,7.5
6172,26,178,6.8
6173,24,191,8.0
6174,23,196,8.5
6175,22,164,7.5
6176,27,198,7.3
6177,21,198,9.4
6178,22,180,8.2
6179,21,188,9.0
6180,23,228,9.9
6181,25,218,8.7
6182,26,191,7.3
6183,23,175,7.6
6184,24,177,7.4
6185,21,173,8.2
6186,28,194,6.9
6187,21,184,8.8
6188,18,165,9.2
6189,25,206,8.2
6190,22,185,8.4
6191,26,213,8.2
6192,23,213,9.3
6193,25,220,8.8
6194,19,199,10.5
6195,23,233,10.1
6196,29,227,7.8
6197,22,211,9.6
6198,33,247,7.5
6199,21,201,9.6
6200,25,193,7.7
6201,23,171,7.4
6202,19,195,10.3
6203,30,219,7.3
6204,25,187,7.5
6205,24,205,8.5
6206,27,205,7.6
6207,28,195,7.0
6208,20,185,9.2
6209,30,209,7.0
6210,31,216,7.0
6211,26,217,8.3
6212,26,231,8.9
6213,26,207,8.0
6214,24,199,8.3
6215,26,225,8.7
6216,25,206,8.2
6217,23,210,9.1
6218,31,237,7.6
6219,21,223,10.6
6220,30,224,7.5
6221,26,216,8.3
6222,16,132,8.2
6223,26,179,6.9
6224,24,187,7.8
6225,21,172,8.2
6226,24,193,8.0
6227,21,154,7.3
6228,24,171,7.1
6229,22,154,7.0
6230,20,158,7.9
6231,23,188,8.2
6232,23,182,7.9
6233,23,174,7.6
6234,21,193,9.2
6235,24,210,8.8
6236,23,189,8.2
6237,29,222,7.7
6238,20,164,8.2
6239,24,189,7.9
6240,23,185,8.0
6241,16,150,9.4
6242,21,188,9.0
6243,18,215,11.9
6244,23,167,7.3
6245,18,199,11.1
6246,24,208,8.7
6247,19,195,10.3
6248,25,205,8.2
6249,23,181,7.9
6250,28,226,8.1
6251,23,171,7.4
6252,24,183,7.6
6253,24,171,7.1
6254,20,147,7.4
6255,25,182,7.3
6256,25,205,8.2
6257,19,145,7.6
6258,23,168,7.3
6259,16,151,9.4
6260,26,208,8.0
6261,17,165,9.7
6262,25,172,6.9
6263,24,189,7.9
6264,23,208,9.0
6265,21,178,8.5
6266,18,154,8.6
6267,24,171,7.1
6268,27,191,7.1
6269,21,176,8.4
6270,22,163,7.4
6271,21,175,8.3
6272,15,151,10.1
6273,18,147,8.2
6274,17,170,10.0
6275,23,206,9.0
6276,19,170,8.9
6277,22,175,8.0
6278,19,141,7.4
6279,20,160,8.0
6280,21,168,8.0
6281,22,184,8.4
6282,21,148,7.0
6283,20,123,6.2
6284,20,182,9.1
6285,21,166,7.9
6286,22,191,8.7
6287,20,206,10.3
6288,20,181,9.0
6289,18,184,10.2
6290,20,184,9.2
6291,21,182,8.7
6292,23,184,8.0
6293,27,219,8.1
6294,22,167,7.6
6295,26,185,7.1
6296,26,193,7.4
6297,26,188,7.2
6298,20,167,8.4
6299,19,156,8.2
6300,21,148,7.0
6301,18,141,7.8
6302,22,173,7.9
6303,21,160,7.6
6304,24,172,7.2
6305,25,211,8.4
6306,26,177,6.8
6307,23,149,6.5
6308,21,181,8.6
6309,23,223,9.7
6310,25,195,7.8
6311,20,161,8.0
6312,25,213,8.5
6313,25,192,7.7
6314,26,185,7.1
6315,22,161,7.3
6316,21,165,7.9
6317,23,184,8.0
6318,25,190,7.6
6319,22,160,7.3
6320,24,181,7.5
6321,16,146,9.1
6322,22,189,8.6
6323,26,188,7.2
6324,20,164,8.2
6325,22,174,7.9
6326,20,141,7.0
6327,24,174,7.2
6328,20,152,7.6
6329,18,161,8.9
6330,17,175,10.3
6331,21,163,7.8
6332,17,128,7.5
6333,21,160,7.6
6334,21,222,10.6
6335,25,204,8.2
6336,17,146,8.6
6337,21,190,9.0
6338,24,176,7.3
6339,28,191,6.8
6340,25,183,7.3
6341,25,190,7.6
6342,24,192,8.0
6343,24,194,8.1
6344,22,174,7.9
6345,23,182,7.9
6346,21,167,8.0
6347,21,189,9.0
6348,21,174,8.3
6349,24,200,8.3
6350,25,173,6.9
6351,23,177,7.7
6352,24,185,7.7
6353,19,139,7.3
6354,18,173,9.6
6355,19,158,8.3
6356,20,156,7.8
6357,20,177,8.8
6358,18,135,7.5
6359,27,199,7.4
6360,25,183,7.3
6361,19,169,8.9
6362,16,153,9.6
6363,21,149,7.1
6364,16,152,9.5
6365,23,190,8.3
6366,19,176,9.3
6367,22,147,6.7
6368,20,178,8.9
6369,23,168,7.3
6370,22,182,8.3
6371,22,178,8.1
6372,15,153,10.2
6373,19,153,8.1
6374,22,168,7.6
6375,20,164,8.2
6376,17,135,7.9
6377,22,157,7.1
6378,24,164,6.8
6379,19,195,10.3
6380,28,210,7.5
6381,23,170,7.4
6382,24,183,7.6
6383,22,154,7.0
6384,22,161,7.3
6385,21,157,7.5
6386,20,147,7.4
6387,20,153,7.6
6388,26,192,7.4
6389,21,174,8.3
6390,16,121,7.6
6391,15,104,6.9
6392,18,154,8.6
6393,19,133,7.0
6394,24,165,6.9
6395,26,163,6.3
6396,27,188,7.0
6397,24,181,7.5
6398,24,181,7.5
6399,26,171,6.6
6400,19,155,8.2
6401,18,147,8.2
6402,20,143,7.2
6403,21,134,6.4
6404,20,122,6.1
6405,19,142,7.5
6406,19,173,9.1
6407,25,180,7.2
6408,20,168,8.4
6409,19,140,7.4
6410,18,150,8.3
6411,15,119,7.9
6412,15,134,8.9
6413,16,156,9.8
6414,15,127,8.5
6415,15,117,7.8
6416,16,125,7.8
6417,19,150,7.9
6418,21,162,7.7
6419,19,148,7.8
6420,19,150,7.9
6421,19,159,8.4
6422,25,172,6.9
6423,23,166,7.2
6424,24,175,7.3
6425,23,169,7.3
6426,20,155,7.8
6427,18,153,8.5
6428,19,154,8.1
6429,20,159,8.0
6430,29,229,7.9
6431,19,159,8.4
6432,18,189,10.5
6433,22,159,7.2
6434,24,197,8.2
6435,22,201,9.1
6436,22,170,7.7
6437,20,154,7.7
6438,21,179,8.5
6439,23,153,6.7
6440,18,145,8.1
6441,30,206,6.9
6442,16,167,10.4
6443,26,221,8.5
6444,24,183,7.6
6445,24,197,8.2
6446,19,162,8.5
6447,25,187,7.5
6448,14,138,9.9
6449,15,149,9.9
6450,21,190,9.0
6451,18,161,8.9
6452,27,197,7.3
6453,31,229,7.4
6454,20,170,8.5
6455,23,156,6.8
6456,21,200,9.5
6457,18,163,9.1
6458,19,152,8.0
6459,19,150,7.9
6460,24,197,8.2
6461,19,167,8.8
6462,28,205,7.3
6463,22,197,9.0
6464,21,173,8.2
6465,26,195,7.5
6466,20,170,8.5
6467,25,183,7.3
6468,20,144,7.2
6469,21,170,8.1
6470,23,173,7.5
6471,25,177,7.1
6472,22,166,7.5
6473,24,163,6.8
6474,28,222,7.9
6475,20,163,8.2
6476,19,154,8.1
6477,22,183,8.3
6478,25,201,8.0
6479,26,200,7.7
6480,21,160,7.6
6481,23,176,7.7
6482,17,138,8.1
6483,24,158,6.6
6484,23,176,7.7
6485,22,162,7.4
6486,19,139,7.3
6487,18,135,7.5
6488,26,203,7.8
6489,20,193,9.6
6490,23,199,8.7
6491,27,180,6.7
6492,26,204,7.8
6493,20,174,8.7
6494,19,169,8.9
6495,20,141,7.0
6496,25,198,7.9
6497,24,199,8.3
6498,19,162,8.5
6499,22,207,9.4
6500,23,189,8.2
6501,24,163,6.8
6502,21,187,8.9
6503,18,152,8.4
6504,25,217,8.7
6505,23,171,7.4
6506,22,188,8.5
6507,22,161,7.3
6508,20,154,7.7
6509,18,146,8.1
6510,23,178,7.7
6511,24,173,7.2
6512,21,159,7.6
6513,21,134,6.4
6514,24,180,7.5
6515,20,177,8.8
6516,19,130,6.8
6517,16,109,6.8
6518,18,137,7.6
6519,18,135,7.5
6520,14,92,6.6
6521,15,107,7.1
6522,15,127,8.5
6523,20,158,7.9
6524,17,130,7.6
6525,14,105,7.5
6526,18,135,7.5
6527,22,142,6.5
6528,23,159,6.9
6529,20,152,7.6
6530,23,148,6.4
6531,21,162,7.7
6532,23,161,7.0
6533,22,152,6.9
6534,28,199,7.1
6535,21,150,7.1
6536,25,182,7.3
6537,21,172,8.2
6538,20,147,7.4
6539,25,184,7.4
6540,16,115,7.2
6541,28,195,7.0
6542,16,141,8.8
6543,16,129,8.1
6544,23,171,7.4
6545,17,149,8.8
6546,19,152,8.0
6547,18,146,8.1
6548,13,103,7.9
6549,17,123,7.2
6550,17,129,7.6
6551,18,116,6.4
6552,26,186,7.2
6553,18,132,7.3
6554,17,134,7.9
6555,18,146,8.1
6556,19,147,7.7
6557,25,184,7.4
6558,19,176,9.3
6559,25,184,7.4
6560,20,145,7.2
6561,14,151,10.8
6562,27,213,7.9
6563,23,174,7.6
6564,28,206,7.4
6565,25,193,7.7
6566,22,174,7.9
6567,23,189,8.2
6568,17,149,8.8
6569,23,181,7.9
6570,20,166,8.3
6571,27,207,7.7
6572,22,169,7.7
6573,18,154,8.6
6574,21,155,7.4
6575,16,107,6.7
6576,19,143,7.5
6577,23,165,7.2
6578,25,179,7.2
6579,24,191,8.0
6580,20,154,7.7
6581,21,174,8.3
6582,23,188,8.2
6583,23,164,7.1
6584,18,168,9.3
6585,19,158,8.3
6586,23,199,8.7
6587,22,172,7.8
6588,29,227,7.8
6589,14,136,9.7
6590,21,176,8.4
6591,14,110,7.9
6592,23,151,6.6
6593,20,165,8.2
6594,25,180,7.2
6595,27,198,7.3
6596,20,163,8.2
6597,17,152,8.9
6598,21,144,6.9
6599,21,161,7.7
6600,19,144,7.6
6601,24,171,7.1
6602,29,200,6.9
6603,20,159,8.0
6604,24,189,7.9
6605,23,183,8.0
6606,23,203,8.8
6607,24,192,8.0
6608,22,175,8.0
6609,20,156,7.8
6610,23,186,8.1
6611,22,153,7.0
6612,20,166,8.3
6613,20,166,8.3
6614,19,156,8.2
6615,25,192,7.7
6616,28,216,7.7
6617,22,148,6.7
6618,25,163,6.5
6619,24,186,7.8
6620,23,178,7.7
6621,31,205,6.6
6622,27,185,6.9
6623,24,178,7.4
6624,27,181,6.7
6625,25,174,7.0
6626,23,172,7.5
6627,21,161,7.7
6628,17,164,9.6
6629,18,143,7.9
6630,24,173,7.2
6631,18,161,8.9
6632,19,164,8.6
6633,30,202,6.7
6634,23,199,8.7
6635,23,173,7.5
6636,22,152,6.9
6637,25,176,7.0
6638,24,172,7.2
6639,20,133,6.6
6640,15,154,10.3
6641,26,182,7.0
6642,14,144,10.3
6643,24,214,8.9
6644,23,201,8.7
6645,23,167,7.3
6646,20,166,8.3
6647,21,202,9.6
6648,26,173,6.7
6649,17,155,9.1
6650,24,222,9.2
6651,24,171,7.1
6652,24,161,6.7
6653,28,191,6.8
6654,27,180,6.7
6655,20,159,8.0
6656,24,160,6.7
6657,21,182,8.7
6658,23,175,7.6
6659,19,152,8.0
6660,16,162,10.1
6661,26,180,6.9
6662,28,226,8.1
6663,24,199,8.3
6664,22,179,8.1
6665,18,155,8.6
6666,20,161,8.0
6667,23,167,7.3
6668,27,180,6.7
6669,23,211,9.2
6670,28,182,6.5
6671,26,193,7.4
6672,24,183,7.6
6673,22,188,8.5
6674,18,140,7.8
6675,23,188,8.2
6676,28,230,8.2
6677,23,201,8.7
6678,27,235,8.7
6679,23,180,7.8
6680,23,196,8.5
6681,28,206,7.4
6682,20,186,9.3
6683,24,195,8.1
6684,21,155,7.4
6685,27,195,7.2
6686,30,242,8.1
6687,26,209,8.0
6688,22,190,8.6
6689,23,211,9.2
6690,30,215,7.2
6691,23,220,9.6
6692,22,189,8.6
6693,24,217,9.0
6694,29,232,8.0
6695,22,170,7.7
6696,24,191,8.0
6697,25,216,8.6
6698,17,174,10.2
6699,27,206,7.6
6700,27,224,8.3
6701,16,129,8.1
6702,22,148,6.7
6703,24,160,6.7
6704,21,172,8.2
6705,19,142,7.5
6706,23,181,7.9
6707,17,167,9.8
6708,22,177,8.0
6709,25,201,8.0
6710,20,152,7.6
6711,25,197,7.9
6712,22,197,9.0
6713,18,152,8.4
6714,25,213,8.5
6715,24,184,7.7
6716,22,186,8.5
6717,22,177,8.0
6718,30,203,6.8
6719,22,194,8.8
6720,23,199,8.7
6721,22,176,8.0
6722,28,188,6.7
6723,24,196,8.2
6724,23,176,7.7
6725,24,173,7.2
6726,24,190,7.9
6727,24,184,7.7
6728,26,179,6.9
6729,19,146,7.7
6730,23,188,8.2
6731,25,170,6.8
6732,21,176,8.4
6733,28,197,7.0
6734,18,144,8.0
6735,20,164,8.2
6736,25,179,7.2
6737,19,137,7.2
6738,24,193,8.0
6739,24,177,7.4
6740,26,190,7.3
6741,22,144,6.5
6742,22,153,7.0
6743,23,170,7.4
6744,20,139,7.0
6745,23,169,7.3
6746,21,141,6.7
6747,21,158,7.5
6748,25,205,8.2
6749,21,170,8.1
6750,23,178,7.7
6751,27,209,7.7
6752,20,166,8.3
6753,26,211,8.1
6754,23,205,8.9
6755,27,202,7.5
6756,23,164,7.1
6757,27,196,7.3
6758,26,190,7.3
6759,24,213,8.9
6760,19,155,8.2
6761,25,192,7.7
6762,27,221,8.2
6763,22,183,8.3
6764,24,184,7.7
6765,20,189,9.4
6766,22,168,7.6
6767,23,184,8.0
6768,17,189,11.1
6769,21,187,8.9
6770,24,170,7.1
6771,22,173,7.9
6772,27,196,7.3
6773,26,178,6.8
6774,23,177,7.7
6775,25,172,6.9
6776,26,164,6.3
6777,25,172,6.9
6778,24,166,6.9
6779,23,185,8.0
6780,23,159,6.9
6781,11,147,13.4
6782,21,183,8.7
6783,26,194,7.5
6784,28,225,8.0
6785,21,194,9.2
6786,27,223,8.3
6787,21,182,8.7
6788,23,196,8.5
6789,25,195,7.8
6790,23,225,9.8
6791,21,172,8.2
6792,30,233,7.8
6793,25,241,9.6
6794,23,201,8.7
6795,26,216,8.3
6796,30,226,7.5
6797,20,171,8.6
6798,24,195,8.1
6799,26,228,8.8
6800,29,211,7.3
6801,25,223,8.9
6802,26,207,8.0
6803,19,194,10.2
6804,20,175,8.8
6805,22,219,10.0
6806,33,266,8.1
6807,24,216,9.0
6808,25,212,8.5
6809,23,189,8.2
6810,31,228,7.4
6811,28,245,8.8
6812,19,163,8.6
6813,29,222,7.7
6814,31,233,7.5
6815,22,175,8.0
6816,27,227,8.4
6817,17,132,7.8
6818,23,159,6.9
6819,28,176,6.3
6820,16,142,8.9
6821,21,205,9.8
6822,21,167,8.0
6823,23,226,9.8
6824,26,179,6.9
6825,23,167,7.3
6826,24,233,9.7
6827,30,229,7.6
6828,21,173,8.2
6829,23,194,8.4
6830,25,200,8.0
6831,20,170,8.5
6832,16,136,8.5
6833,24,195,8.1
6834,26,183,7.0
6835,16,143,8.9
6836,23,172,7.5
6837,22,188,8.5
6838,20,184,9.2
6839,20,152,7.6
6840,20,181,9.0
6841,27,182,6.7
6842,23,223,9.7
6843,24,193,8.0
6844,22,158,7.2
6845,18,168,9.3
6846,27,216,8.0
6847,22,172,7.8
6848,22,187,8.5
6849,19,189,9.9
6850,20,172,8.6
6851,28,210,7.5
6852,25,212,8.5
6853,23,165,7.2
6854,21,185,8.8
6855,24,195,8.1
6856,21,157,7.5
6857,23,166,7.2
6858,22,194,8.8
6859,28,232,8.3
6860,21,166,7.9
6861,16,127,7.9
6862,19,127,6.7
6863,21,169,8.0
6864,25,188,7.5
6865,27,227,8.4
6866,25,182,7.3
6867,25,177,7.1
6868,21,183,8.7
6869,19,162,8.5
6870,25,197,7.9
6871,26,252,9.7
6872,27,199,7.4
6873,22,234,10.6
6874,23,192,8.3
6875,31,250,8.1
6876,22,194,8.8
6877,25,240,9.6
6878,23,203,8.8
6879,20,196,9.8
6880,29,224,7.7
6881,26,203,7.8
6882,23,204,8.9
6883,25,237,9.5
6884,23,197,8.6
6885,15,124,8.3
6886,28,211,7.5
6887,19,200,10.5
6888,27,213,7.9
6889,18,192,10.7
6890,25,212,8.5
6891,26,239,9.2
6892,21,207,9.9
6893,19,151,7.9
6894,23,191,8.3
6895,19,202,10.6
6896,27,207,7.7
6897,20,216,10.8
6898,29,241,8.3
6899,20,200,10.0
6900,21,191,9.1
6901,20,162,8.1
6902,21,185,8.8
6903,28,212,7.6
6904,26,207,8.0
6905,24,207,8.6
6906,25,211,8.4
6907,24,183,7.6
6908,25,235,9.4
6909,24,199,8.3
6910,22,200,9.1
6911,20,212,10.6
6912,26,244,9.4
6913,19,149,7.8
6914,18,162,9.0
6915,23,184,8.0
6916,26,217,8.3
6917,25,197,7.9
6918,23,213,9.3
6919,21,160,7.6
6920,18,169,9.4
6921,17,154,9.1
6922,16,148,9.2
6923,17,162,9.5
6924,24,215,9.0
6925,26,195,7.5
6926,24,197,8.2
6927,24,188,7.8
6928,17,142,8.4
6929,13,124,9.5
6930,19,138,7.3
6931,16,124,7.8
6932,24,159,6.6
6933,22,207,9.4
6934,23,175,7.6
6935,22,241,11.0
6936,28,243,8.7
6937,20,186,9.3
6938,17,169,9.9
6939,26,186,7.2
6940,19,192,10.1
6941,25,170,6.8
6942,21,207,9.9
6943,23,177,7.7
6944,23,221,9.6
6945,26,205,7.9
6946,22,165,7.5
6947,24,199,8.3
6948,24,189,7.9
6949,21,164,7.8
6950,17,132,7.8
6951,17,138,8.1
6952,27,226,8.4
6953,15,112,7.5
6954,30,230,7.7
6955,26,226,8.7
6956,23,216,9.4
6957,21,188,9.0
6958,24,204,8.5
6959,20,179,9.0
6960,20,196,9.8
6961,23,165,7.2
6962,22,156,7.1
6963,19,167,8.8
6964,22,206,9.4
6965,30,182,6.1
6966,18,173,9.6
6967,25,165,6.6
6968,24,178,7.4
6969,27,199,7.4
6970,24,179,7.5
6971,23,183,8.0
6972,23,162,7.0
6973,25,179,7.2
6974,25,196,7.8
6975,17,136,8.0
6976,24,191,8.0
6977,25,181,7.2
6978,25,188,7.5
6979,27,228,8.4
6980,24,191,8.0
6981,15,150,10.0
6982,22,177,8.0
6983,25,183,7.3
6984,17,154,9.1
6985,19,156,8.2
6986,17,156,9.2
6987,22,178,8.1
6988,28,179,6.4
6989,21,183,8.7
6990,22,184,8.4
6991,19,229,12.1
6992,21,204,9.7
6993,25,214,8.6
6994,23,174,7.6
6995,20,159,8.0
6996,10,147,14.7
6997,19,195,10.3
6998,28,217,7.8
6999,23,159,6.9
7000,24,188,7.8
7001,23,191,8.3
7002,20,187,9.4
7003,21,181,8.6
7004,26,212,8.2
7005,22,184,8.4
7006,23,175,7.6
7007,25,204,8.2
7008,19,153,8.1
7009,21,184,8.8
7010,20,136,6.8
7011,24,179,7.5
7012,27,194,7.2
7013,29,203,7.0
7014,20,169,8.4
7015,20,150,7.5
7016,23,167,7.3
7017,16,112,7.0
7018,27,186,6.9
7019,18,172,9.6
7020,25,192,7.7
7021,22,153,7.0
7022,19,168,8.8
7023,23,182,7.9
7024,16,125,7.8
7025,30,223,7.4
7026,23,195,8.5
7027,25,195,7.8
7028,24,170,7.1
7029,25,164,6.6
7030,17,147,8.6
7031,15,153,10.2
7032,18,188,10.4
7033,30,216,7.2
7034,32,237,7.4
7035,23,196,8.5
7036,23,191,8.3
7037,17,172,10.1
7038,22,218,9.9
7039,23,188,8.2
7040,22,157,7.1
7041,21,180,8.6
7042,23,153,6.7
7043,20,167,8.4
7044,23,165,7.2
7045,23,182,7.9
7046,19,197,10.4
7047,27,196,7.3
7048,22,198,9.0
7049,23,221,9.6
7050,23,188,8.2
7051,26,186,7.2
7052,22,169,7.7
7053,16,172,10.8
7054,21,155,7.4
7055,22,160,7.3
7056,28,224,8.0
7057,26,204,7.8
7058,26,194,7.5
7059,22,162,7.4
7060,23,177,7.7
7061,25,183,7.3
7062,21,227,10.8
7063,19,175,9.2
7064,24,212,8.8
7065,24,187,7.8
7066,24,179,7.5
7067,23,207,9.0
7068,26,182,7.0
7069,28,187,6.7
7070,21,175,8.3
7071,24,172,7.2
7072,25,186,7.4
7073,21,149,7.1
7074,16,117,7.3
7075,19,153,8.1
7076,20,140,7.0
7077,24,188,7.8
7078,29,202,7.0
7079,18,158,8.8
7080,26,214,8.2
7081,29,232,8.0
7082,24,219,9.1
7083,24,214,8.9
7084,22,176,8.0
7085,22,199,9.0
7086,22,159,7.2
7087,19,133,7.0
7088,29,227,7.8
7089,21,176,8.4
7090,23,166,7.2
7091,20,162,8.1
7092,24,223,9.3
7093,24,203,8.5
7094,24,171,7.1
7095,23,199,8.7
7096,25,202,8.1
7097,23,167,7.3
7098,22,209,9.5
7099,19,162,8.5
7100,25,203,8.1
7101,15,168,11.2
7102,25,249,10.0
7103,23,189,8.2
7104,25,205,8.2
7105,19,178,9.4
7106,24,180,7.5
7107,19,193,10.2
7108,30,215,7.2
7109,21,186,8.9
7110,23,194,8.4
7111,18,140,7.8
7112,17,195,11.5
7113,17,120,7.1
7114,26,234,9.0
7115,20,160,8.0
7116,23,139,6.0
7117,17,147,8.6
7118,22,142,6.5
7119,17,142,8.4
7120,25,192,7.7
7121,25,177,7.1
7122,19,136,7.2
7123,19,146,7.7
7124,19,147,7.7
7125,24,206,8.6
7126,29,209,7.2
7127,24,178,7.4
7128,22,133,6.0
7129,23,157,6.8
7130,19,152,8.0
7131,23,222,9.7
7132,29,214,7.4
7133,25,173,6.9
7134,17,139,8.2
7135,24,176,7.3
7136,18,161,8.9
7137,21,126,6.0
7138,20,154,7.7
7139,20,163,8.2
7140,19,167,8.8
7141,19,174,9.2
7142,15,126,8.4
7143,27,208,7.7
7144,24,238,9.9
7145,18,181,10.1
7146,24,192,8.0
7147,16,128,8.0
7148,25,190,7.6
7149,18,193,10.7
7150,21,182,8.7
7151,24,158,6.6
7152,23,177,7.7
7153,22,161,7.3
7154,24,168,7.0
7155,20,142,7.1
7156,23,207,9.0
7157,16,139,8.7
7158,23,186,8.1
7159,24,209,8.7
7160,25,189,7.6
7161,27,195,7.2
7162,19,139,7.3
7163,17,139,8.2
7164,26,189,7.3
7165,25,198,7.9
7166,20,182,9.1
7167,25,201,8.0
7168,22,176,8.0
7169,21,168,8.0
7170,20,163,8.2
7171,19,143,7.5
7172,17,168,9.9
7173,24,209,8.7
7174,23,207,9.0
7175,16,144,9.0
7176,19,146,7.7
7177,24,180,7.5
7178,21,157,7.5
7179,27,177,6.6
7180,25,188,7.5
7181,18,147,8.2
7182,22,165,7.5
7183,21,171,8.1
7184,28,239,8.5
7185,16,164,10.2
7186,28,210,7.5
7187,30,212,7.1
7188,21,179,8.5
7189,32,226,7.1
7190,21,184,8.8
7191,27,192,7.1
7192,23,192,8.3
7193,24,176,7.3
7194,21,153,7.3
7195,19,128,6.7
7196,24,165,6.9
7197,18,162,9.0
7198,29,189,6.5
7199,28,178,6.4
7200,22,183,8.3
7201,26,183,7.0
7202,28,219,7.8
7203,23,173,7.5
7204,23,149,6.5
7205,25,168,6.7
7206,27,176,6.5
7207,18,170,9.4
7208,22,165,7.5
7209,32,223,7.0
7210,21,192,9.1
7211,23,201,8.7
7212,28,183,6.5
7213,24,169,7.0
7214,14,126,9.0
7215,24,176,7.3
7216,21,146,7.0
7217,26,191,7.3
7218,25,184,7.4
7219,25,183,7.3
7220,21,199,9.5
7221,23,172,7.5
7222,19,147,7.7
7223,21,166,7.9
7224,13,144,11.1
7225,25,193,7.7
7226,26,170,6.5
7227,26,178,6.8
7228,26,175,6.7
7229,23,167,7.3
7230,22,188,8.5
7231,25,183,7.3
7232,21,190,9.0
7233,26,227,8.7
7234,26,182,7.0
7235,25,202,8.1
7236,23,161,7.0
7237,23,175,7.6
7238,18,155,8.6
7239,24,179,7.5
7240,22,174,7.9
7241,19,165,8.7
7242,24,167,7.0
7243,26,170,6.5
7244,27,211,7.8
7245,25,176,7.0
7246,24,176,7.3
7247,30,216,7.2
7248,29,205,7.1
7249,24,191,8.0
7250,28,198,7.1
7251,29,195,6.7
7252,28,213,7.6
7253,28,229,8.2
7254,23,219,9.5
7255,29,235,8.1
7256,18,143,7.9
7257,25,194,7.8
7258,19,149,7.8
7259,25,176,7.0
7260,17,128,7.5
7261,25,188,7.5
7262,20,183,9.2
7263,23,149,6.5
7264,26,169,6.5
7265,23,173,7.5
7266,24,171,7.1
7267,17,127,7.5
7268,28,211,7.5
7269,25,189,7.6
7270,22,157,7.1
7271,23,168,7.3
7272,26,188,7.2
7273,25,187,7.5
7274,21,179,8.5
7275,29,220,7.6
7276,24,210,8.8
7277,23,177,7.7
7278,21,176,8.4
7279,25,209,8.4
7280,24,207,8.6
7281,17,189,11.1
7282,22,215,9.8
7283,24,184,7.7
7284,25,181,7.2
7285,24,204,8.5
7286,24,203,8.5
7287,25,191,7.6
7288,23,199,8.7
7289,23,209,9.1
7290,23,193,8.4
7291,26,226,8.7
7292,17,142,8.4
7293,19,201,10.6
7294,30,243,8.1
7295,18,189,10.5
7296,24,193,8.0
7297,25,209,8.4
7298,26,242,9.3
7299,27,265,9.8
7300,29,225,7.8
7301,32,231,7.2
7302,21,204,9.7
7303,21,195,9.3
7304,24,216,9.0
7305,30,263,8.8
7306,25,227,9.1
7307,28,234,8.4
7308,25,234,9.4
7309,21,202,9.6
7310,22,203,9.2
7311,26,242,9.3
7312,24,205,8.5
7313,29,229,7.9
7314,27,230,8.5
7315,23,215,9.3
7316,28,203,7.2
7317,23,203,8.8
7318,28,277,9.9
7319,26,217,8.3
7320,19,191,10.1
7321,22,218,9.9
7322,21,197,9.4
7323,26,225,8.7
7324,22,218,9.9
7325,23,207,9.0
7326,22,169,7.7
7327,35,253,7.2
7328,29,236,8.1
7329,22,180,8.2
7330,24,203,8.5
7331,27,203,7.5
7332,28,241,8.6
7333,28,224,8.0
7334,31,231,7.5
7335,32,222,6.9
7336,23,162,7.0
7337,24,187,7.8
7338,21,183,8.7
7339,19,175,9.2
7340,22,204,9.3
7341,24,220,9.2
7342,27,210,7.8
7343,24,212,8.8
7344,25,211,8.4
7345,23,212,9.2
7346,29,251,8.7
7347,25,265,10.6
7348,19,220,11.6
7349,23,208,9.0
7350,29,234,8.1
7351,20,227,11.4
7352,27,232,8.6
7353,25,197,7.9
7354,30,244,8.1
7355,25,204,8.2
7356,26,194,7.5
7357,30,225,7.5
7358,24,211,8.8
7359,21,217,10.3
7360,26,243,9.3
7361,28,219,7.8
7362,26,220,8.5
7363,27,227,8.4
7364,21,188,9.0
7365,28,244,8.7
7366,19,211,11.1
7367,25,220,8.8
7368,23,246,10.7
7369,28,201,7.2
7370,25,235,9.4
7371,25,217,8.7
7372,24,246,10.2
7373,23,210,9.1
7374,21,223,10.6
7375,26,241,9.3
7376,25,228,9.1
7377,25,210,8.4
7378,41,314,7.7
7379,28,235,8.4
7380,30,226,7.5
7381,29,229,7.9
7382,27,206,7.6
7383,24,255,10.6
7384,21,193,9.2
7385,21,208,9.9
7386,17,155,9.1
7387,21,191,9.1
7388,27,219,8.1
7389,27,218,8.1
7390,26,231,8.9
7391,25,221,8.8
7392,25,233,9.3
7393,21,212,10.1
7394,26,205,7.9
7395,23,229,10.0
7396,21,206,9.8
7397,23,211,9.2
7398,23,232,10.1
7399,26,246,9.5
7400,26,239,9.2
7401,26,263,10.1
7402,29,293,10.1
7403,27,275,10.2
7404,22,250,11.4
7405,24,262,10.9
7406,23,278,12.1
7407,22,251,11.4
7408,25,253,10.1
7409,27,181,6.7
7410,30,269,9.0
7411,22,236,10.7
7412,21,249,11.9
7413,20,298,14.9
7414,21,253,12.0
7415,26,266,10.2
7416,24,250,10.4
7417,22,266,12.1
7418,23,280,12.2
7419,25,275,11.0
7420,29,261,9.0
7421,24,253,10.5
7422,27,252,9.3
7423,29,259,8.9
7424,18,241,13.4
7425,24,236,9.8
7426,29,277,9.6
7427,25,270,10.8
7428,29,267,9.2
7429,28,240,8.6
7430,30,265,8.8
7431,26,248,9.5
7432,28,250,8.9
7433,26,252,9.7
7434,29,289,10.0
7435,23,251,10.9
7436,27,250,9.3
7437,27,295,10.9
7438,24,237,9.9
7439,24,257,10.7
7440,25,264,10.6
7441,32,272,8.5
7442,20,243,12.2
7443,24,243,10.1
7444,28,257,9.2
7445,26,261,10.0
7446,19,220,11.6
7447,20,193,9.6
7448,19,225,11.8
7449,25,240,9.6
7450,23,224,9.7
7451,19,239,12.6
7452,23,249,10.8
7453,20,219,11.0
7454,25,191,7.6
7455,25,211,8.4
7456,17,209,12.3
7457,19,267,14.1
7458,23,241,10.5
7459,25,249,10.0
7460,23,178,7.7
7461,24,200,8.3
7462,16,212,13.2
7463,21,219,10.4
7464,21,252,12.0
7465,24,245,10.2
7466,24,271,11.3
7467,19,258,13.6
7468,24,189,7.9
7469,22,249,11.3
7470,20,242,12.1
7471,33,283,8.6
7472,26,235,9.0
7473,26,247,9.5
7474,21,229,10.9
7475,23,233,10.1
7476,19,242,12.7
7477,20,247,12.4
7478,18,222,12.3
7479,23,220,9.6
7480,22,214,9.7
7481,23,243,10.6
7482,19,160,8.4
7483,34,259,7.6
7484,26,193,7.4
7485,22,202,9.2
7486,30,246,8.2
7487,27,226,8.4
7488,27,239,8.9
7489,22,241,11.0
7490,29,240,8.3
7491,21,203,9.7
7492,26,238,9.2
7493,25,215,8.6
7494,21,207,9.9
7495,30,237,7.9
7496,23,242,10.5
7497,30,285,9.5
7498,24,228,9.5
7499,27,237,8.8
7500,32,259,8.1
7501,20,207,10.4
7502,27,252,9.3
7503,24,262,10.9
7504,30,259,8.6
7505,26,264,10.2
7506,25,286,11.4
7507,32,311,9.7
7508,27,266,9.9
7509,30,256,8.5
7510,26,224,8.6
7511,22,265,12.0
7512,24,220,9.2
7513,25,195,7.8
7514,25,230,9.2
7515,25,225,9.0
7516,30,253,8.4
7517,25,209,8.4
7518,26,245,9.4
7519,24,238,9.9
7520,32,256,8.0
7521,22,245,11.1
7522,23,232,10.1
7523,28,202,7.2
7524,23,220,9.6
7525,26,230,8.8
7526,28,247,8.8
7527,30,265,8.8
7528,24,262,10.9
7529,28,251,9.0
7530,20,197,9.8
7531,25,252,10.1
7532,24,229,9.5
7533,23,200,8.7
7534,31,284,9.2
7535,27,230,8.5
7536,25,201,8.0
7537,29,248,8.6
7538,22,247,11.2
7539,19,203,10.7
7540,26,239,9.2
7541,26,258,9.9
7542,20,242,12.1
7543,25,271,10.8
7544,25,271,10.8
7545,22,203,9.2
7546,24,187,7.8
7547,30,229,7.6
7548,28,274,9.8
7549,21,243,11.6
7550,24,212,8.8
7551,28,247,8.8
7552,24,183,7.6
7553,27,243,9.0
7554,21,203,9.7
7555,24,223,9.3
7556,35,297,8.5
7557,25,244,9.8
7558,27,253,9.4
7559,21,193,9.2
7560,22,226,10.3
7561,27,232,8.6
7562,29,247,8.5
7563,25,247,9.9
7564,22,242,11.0
7565,27,230,8.5
7566,24,201,8.4
7567,25,196,7.8
7568,28,212,7.6
7569,24,166,6.9
7570,21,205,9.8
7571,23,166,7.2
7572,28,251,9.0
7573,32,266,8.3
7574,30,252,8.4
7575,24,230,9.6
7576,25,215,8.6
7577,22,183,8.3
7578,24,166,6.9
7579,20,220,11.0
7580,25,258,10.3
7581,26,258,9.9
7582,29,270,9.3
7583,20,252,12.6
7584,25,270,10.8
7585,25,267,10.7
7586,24,233,9.7
7587,29,248,8.6
7588,21,225,10.7
7589,27,245,9.1
7590,22,208,9.5
7591,28,218,7.8
7592,22,172,7.8
7593,29,244,8.4
7594,23,206,9.0
7595,21,196,9.3
7596,18,182,10.1
7597,23,205,8.9
7598,24,195,8.1
7599,29,226,7.8
7600,23,201,8.7
7601,22,199,9.0
7602,24,209,8.7
7603,24,194,8.1
7604,28,245,8.8
7605,21,196,9.3
7606,29,211,7.3
7607,23,224,9.7
7608,26,226,8.7
7609,24,237,9.9
7610,31,226,7.3
7611,22,187,8.5
7612,30,228,7.6
7613,32,259,8.1
7614,21,218,10.4
7615,24,230,9.6
7616,22,247,11.2
7617,19,179,9.4
7618,27,215,8.0
7619,19,210,11.1
7620,20,224,11.2
7621,24,184,7.7
7622,22,211,9.6
7623,19,160,8.4
7624,23,202,8.8
7625,22,187,8.5
7626,23,207,9.0
7627,23,212,9.2
7628,29,227,7.8
7629,30,280,9.3
7630,29,263,9.1
7631,20,257,12.8
7632,29,253,8.7
7633,23,220,9.6
7634,23,201,8.7
7635,29,267,9.2
7636,22,210,9.5
7637,29,236,8.1
7638,24,222,9.2
7639,26,262,10.1
7640,28,232,8.3
7641,21,214,10.2
7642,23,221,9.6
7643,23,215,9.3
7644,19,167,8.8
7645,24,188,7.8
7646,28,235,8.4
7647,22,195,8.9
7648,27,199,7.4
7649,27,249,9.2
7650,21,219,10.4
7651,23,233,10.1
7652,28,214,7.6
7653,31,245,7.9
7654,28,223,8.0
7655,23,234,10.2
7656,23,211,9.2
7657,25,241,9.6
7658,16,173,10.8
7659,24,241,10.0
7660,29,244,8.4
7661,27,202,7.5
7662,25,239,9.6
7663,21,209,10.0
7664,28,217,7.8
7665,23,187,8.1
7666,26,192,7.4
7667,16,160,10.0
7668,19,181,9.5
7669,18,159,8.8
7670,14,124,8.9
7671,22,202,9.2
7672,20,231,11.6
7673,18,203,11.3
7674,15,146,9.7
7675,22,198,9.0
7676,23,216,9.4
7677,16,153,9.6
7678,24,202,8.4
7679,28,225,8.0
7680,24,202,8.4
7681,18,172,9.6
7682,19,161,8.5
7683,29,238,8.2
7684,26,246,9.5
7685,26,241,9.3
7686,19,188,9.9
7687,26,218,8.4
7688,23,229,10.0
7689,24,230,9.6
7690,21,175,8.3
7691,28,224,8.0
7692,18,158,8.8
7693,21,184,8.8
7694,17,200,11.8
7695,30,221,7.4
7696,16,176,11.0
7697,27,247,9.1
7698,22,185,8.4
7699,21,168,8.0
7700,16,155,9.7
7701,21,209,10.0
7702,21,159,7.6
7703,27,201,7.4
7704,22,206,9.4
7705,23,202,8.8
7706,24,226,9.4
7707,19,165,8.7
7708,24,177,7.4
7709,23,192,8.3
7710,26,223,8.6
7711,23,192,8.3
7712,23,181,7.9
7713,30,212,7.1
7714,25,191,7.6
7715,24,200,8.3
7716,21,163,7.8
7717,20,143,7.2
7718,19,157,8.3
7719,21,183,8.7
7720,25,193,7.7
7721,19,138,7.3
7722,18,184,10.2
7723,22,207,9.4
7724,27,205,7.6
7725,23,184,8.0
7726,20,165,8.2
7727,23,186,8.1
7728,17,169,9.9
7729,20,154,7.7
7730,20,183,9.2
7731,16,147,9.2
7732,21,168,8.0
7733,26,194,7.5
7734,26,253,9.7
7735,29,246,8.5
7736,26,180,6.9
7737,27,234,8.7
7738,23,173,7.5
7739,28,209,7.5
7740,22,193,8.8
7741,22,166,7.5
7742,22,212,9.6
7743,29,202,7.0
7744,24,223,9.3
7745,21,201,9.6
7746,30,271,9.0
7747,21,222,10.6
7748,27,216,8.0
7749,27,268,9.9
7750,27,244,9.0
7751,27,257,9.5
7752,29,242,8.3
7753,30,236,7.9
7754,15,115,7.7
7755,28,271,9.7
7756,22,162,7.4
7757,25,194,7.8
7758,28,222,7.9
7759,21,155,7.4
7760,24,234,9.8
7761,23,174,7.6
7762,27,202,7.5
7763,27,256,9.5
7764,30,276,9.2
7765,22,213,9.7
7766,33,262,7.9
7767,23,189,8.2
7768,24,222,9.2
7769,28,210,7.5
7770,22,214,9.7
7771,25,203,8.1
7772,22,200,9.1
7773,22,189,8.6
7774,20,176,8.8
7775,18,185,10.3
7776,20,202,10.1
7777,24,223,9.3
7778,23,221,9.6
7779,19,184,9.7
7780,21,192,9.1
7781,19,188,9.9
7782,26,243,9.3
7783,18,155,8.6
7784,21,164,7.8
7785,28,235,8.4
7786,22,229,10.4
7787,26,241,9.3
7788,22,212,9.6
7789,20,173,8.6
7790,28,253,9.0
7791,31,197,6.4
7792,24,163,6.8
7793,23,217,9.4
7794,28,205,7.3
7795,29,249,8.6
7796,33,261,7.9
7797,30,244,8.1
7798,27,211,7.8
7799,34,305,9.0
7800,30,265,8.8
7801,21,216,10.3
7802,23,222,9.7
7803,19,188,9.9
7804,24,253,10.5
7805,24,233,9.7
7806,22,201,9.1
7807,23,178,7.7
7808,25,182,7.3
7809,27,204,7.6
7810,20,193,9.6
7811,20,217,10.8
7812,25,204,8.2
7813,16,141,8.8
7814,25,242,9.7
7815,21,195,9.3
7816,18,242,13.4
7817,27,190,7.0
7818,27,291,10.8
7819,26,248,9.5
7820,24,201,8.4
7821,21,199,9.5
7822,22,202,9.2
7823,23,169,7.3
7824,24,174,7.2
7825,24,196,8.2
7826,21,174,8.3
7827,22,196,8.9
7828,27,214,7.9
7829,24,204,8.5
7830,21,212,10.1
7831,19,186,9.8
7832,21,179,8.5
7833,30,199,6.6
7834,15,186,12.4
7835,21,176,8.4
7836,22,193,8.8
7837,22,209,9.5
7838,28,228,8.1
7839,17,184,10.8
7840,27,207,7.7
7841,23,161,7.0
7842,25,225,9.0
7843,26,224,8.6
7844,23,196,8.5
7845,22,258,11.7
7846,31,283,9.1
7847,22,197,9.0
7848,23,212,9.2
7849,29,234,8.1
7850,22,194,8.8
7851,29,220,7.6
7852,23,199,8.7
7853,27,224,8.3
7854,28,242,8.6
7855,25,212,8.5
7856,33,245,7.4
7857,26,225,8.7
7858,24,189,7.9
7859,17,166,9.8
7860,32,242,7.6
7861,22,184,8.4
7862,25,224,9.0
7863,24,190,7.9
7864,25,203,8.1
7865,26,180,6.9
7866,20,161,8.0
7867,22,208,9.5
7868,23,203,8.8
7869,21,211,10.0
7870,26,210,8.1
7871,29,226,7.8
7872,23,202,8.8
7873,23,197,8.6
7874,21,187,8.9
7875,29,219,7.6
7876,33,225,6.8
7877,20,155,7.8
7878,13,133,10.2
7879,25,201,8.0
7880,20,155,7.8
7881,21,159,7.6
7882,26,204,7.8
7883,29,215,7.4
7884,30,237,7.9
7885,21,197,9.4
7886,22,171,7.8
7887,23,197,8.6
7888,21,182,8.7
7889,26,252,9.7
7890,21,182,8.7
7891,19,154,8.1
7892,24,174,7.2
7893,28,227,8.1
7894,20,186,9.3
7895,25,197,7.9
7896,27,193,7.1
7897,29,192,6.6
7898,23,174,7.6
7899,28,190,6.8
7900,22,173,7.9
7901,25,176,7.0
7902,22,179,8.1
7903,28,199,7.1
7904,23,205,8.9
7905,28,209,7.5
7906,25,224,9.0
7907,25,192,7.7
7908,23,193,8.4
7909,28,203,7.2
7910,26,196,7.5
7911,20,154,7.7
7912,19,150,7.9
7913,26,177,6.8
7914,25,187,7.5
7915,24,202,8.4
7916,23,165,7.2
7917,28,211,7.5
7918,21,175,8.3
7919,26,184,7.1
7920,26,180,6.9
7921,30,225,7.5
7922,18,193,10.7
7923,20,195,9.8
7924,29,220,7.6
7925,22,181,8.2
7926,26,182,7.0
7927,22,191,8.7
7928,20,161,8.0
7929,22,189,8.6
7930,19,159,8.4
7931,24,169,7.0
7932,25,176,7.0
7933,22,159,7.2
7934,24,187,7.8
7935,28,230,8.2
7936,24,227,9.5
7937,20,185,9.2
7938,24,193,8.0
7939,20,178,8.9
7940,23,198,8.6
7941,26,191,7.3
7942,27,206,7.6
7943,28,200,7.1
7944,26,174,6.7
7945,24,179,7.5
7946,29,201,6.9
7947,25,189,7.6
7948,24,191,8.0
7949,24,167,7.0
7950,23,207,9.0
7951,26,203,7.8
7952,24,202,8.4
7953,26,188,7.2
7954,25,186,7.4
7955,28,199,7.1
7956,22,210,9.5
7957,24,169,7.0
7958,23,217,9.4
7959,26,206,7.9
7960,19,169,8.9
7961,29,251,8.7
7962,20,193,9.6
7963,17,171,10.1
7964,23,215,9.3
7965,25,173,6.9
7966,20,180,9.0
7967,30,237,7.9
7968,23,175,7.6
7969,24,190,7.9
7970,23,157,6.8
7971,23,183,8.0
7972,20,166,8.3
7973,27,173,6.4
7974,26,193,7.4
7975,24,174,7.2
7976,26,193,7.4
7977,21,163,7.8
7978,22,172,7.8
7979,24,168,7.0
7980,27,194,7.2
7981,25,181,7.2
7982,27,216,8.0
7983,26,190,7.3
7984,23,197,8.6
7985,24,171,7.1
7986,27,209,7.7
7987,17,152,8.9
7988,26,224,8.6
7989,17,155,9.1
7990,29,224,7.7
7991,33,257,7.8
7992,21,174,8.3
7993,14,126,9.0
7994,21,166,7.9
7995,25,185,7.4
7996,19,138,7.3
7997,21,165,7.9
7998,24,187,7.8
7999,22,162,7.4
8000,25,206,8.2
8001,23,206,9.0
8002,20,166,8.3
8003,23,165,7.2
8004,19,190,10.0
8005,20,162,8.1
8006,24,180,7.5
8007,21,176,8.4
8008,27,199,7.4
8009,22,196,8.9
8010,30,231,7.7
8011,19,160,8.4
8012,24,190,7.9
8013,21,140,6.7
8014,29,214,7.4
8015,26,214,8.2
8016,24,185,7.7
8017,26,195,7.5
8018,22,176,8.0
8019,21,194,9.2
8020,24,195,8.1
8021,20,158,7.9
8022,27,215,8.0
8023,23,170,7.4
8024,25,227,9.1
8025,25,164,6.6
8026,24,215,9.0
8027,25,195,7.8
8028,20,213,10.6
8029,29,226,7.8
8030,26,202,7.8
8031,22,186,8.5
8032,25,241,9.6
8033,19,214,11.3
8034,27,207,7.7
8035,28,223,8.0
8036,19,149,7.8
8037,26,208,8.0
8038,22,189,8.6
8039,24,201,8.4
8040,27,223,8.3
8041,25,187,7.5
8042,22,209,9.5
8043,21,193,9.2
8044,18,209,11.6
8045,23,225,9.8
8046,22,214,9.7
8047,19,207,10.9
8048,26,257,9.9
8049,23,202,8.8
8050,24,238,9.9
8051,22,220,10.0
8052,21,220,10.5
8053,21,193,9.2
8054,30,240,8.0
8055,26,238,9.2
8056,23,186,8.1
8057,21,178,8.5
8058,26,214,8.2
8059,19,129,6.8
8060,25,203,8.1
8061,19,148,7.8
8062,23,173,7.5
8063,27,210,7.8
8064,22,181,8.2
8065,25,199,8.0
8066,23,233,10.1
8067,29,211,7.3
8068,26,222,8.5
8069,24,182,7.6
8070,18,198,11.0
8071,23,215,9.3
8072,18,160,8.9
8073,21,180,8.6
8074,22,194,8.8
8075,24,199,8.3
8076,24,192,8.0
8077,21,149,7.1
8078,19,168,8.8
8079,22,160,7.3
8080,25,192,7.7
8081,19,155,8.2
8082,21,198,9.4
8083,27,200,7.4
8084,15,112,7.5
8085,14,144,10.3
8086,20,151,7.6
8087,18,203,11.3
8088,17,207,12.2
8089,23,241,10.5
8090,21,219,10.4
8091,26,248,9.5
8092,27,216,8.0
8093,24,226,9.4
8094,25,218,8.7
8095,25,194,7.8
8096,23,189,8.2
8097,23,202,8.8
8098,19,187,9.8
8099,21,168,8.0
8100,21,193,9.2
8101,28,228,8.1
8102,28,218,7.8
8103,19,169,8.9
8104,20,188,9.4
8105,26,211,8.1
8106,27,215,8.0
8107,20,173,8.6
8108,26,194,7.5
8109,24,292,12.2
8110,19,225,11.8
8111,21,188,9.0
8112,21,245,11.7
8113,24,241,10.0
8114,24,225,9.4
8115,24,215,9.0
8116,22,201,9.1
8117,22,245,11.1
8118,20,147,7.4
8119,26,188,7.2
8120,22,252,11.5
8121,33,259,7.8
8122,25,217,8.7
8123,17,186,10.9
8124,26,201,7.7
8125,25,180,7.2
8126,26,182,7.0
8127,23,215,9.3
8128,22,152,6.9
8129,27,193,7.1
8130,23,250,10.9
8131,24,226,9.4
8132,22,151,6.9
8133,15,115,7.7
8134,23,175,7.6
8135,21,172,8.2
8136,19,169,8.9
8137,21,174,8.3
8138,23,193,8.4
8139,22,201,9.1
8140,33,234,7.1
8141,24,189,7.9
8142,22,177,8.0
8143,23,170,7.4
8144,25,188,7.5
8145,28,222,7.9
8146,22,223,10.1
8147,25,204,8.2
8148,29,207,7.1
8149,26,184,7.1
8150,28,207,7.4
8151,19,243,12.8
8152,25,203,8.1
8153,20,147,7.4
8154,18,174,9.7
8155,27,223,8.3
8156,22,207,9.4
8157,26,207,8.0
8158,16,197,12.3
8159,20,211,10.6
8160,30,246,8.2
8161,22,217,9.9
8162,20,178,8.9
8163,24,218,9.1
8164,27,237,8.8
8165,25,213,8.5
8166,26,221,8.5
8167,23,200,8.7
8168,20,199,10.0
8169,27,222,8.2
8170,21,185,8.8
8171,21,211,10.0
8172,27,239,8.9
8173,26,234,9.0
8174,25,259,10.4
8175,26,233,9.0
8176,22,169,7.7
8177,20,171,8.6
8178,26,201,7.7
8179,20,182,9.1
8180,19,123,6.5
8181,22,180,8.2
8182,19,204,10.7
8183,21,214,10.2
8184,21,232,11.0
8185,22,161,7.3
8186,23,177,7.7
8187,19,178,9.4
8188,20,213,10.6
8189,26,242,9.3
8190,16,163,10.2
8191,29,240,8.3
8192,32,234,7.3
8193,23,215,9.3
8194,21,211,10.0
8195,17,183,10.8
8196,24,171,7.1
8197,26,230,8.8
8198,21,186,8.9
8199,24,237,9.9
8200,26,205,7.9
8201,22,185,8.4
8202,19,166,8.7
8203,17,143,8.4
8204,19,156,8.2
8205,21,172,8.2
8206,22,189,8.6
8207,21,177,8.4
8208,25,218,8.7
8209,20,187,9.4
8210,24,201,8.4
8211,24,208,8.7
8212,23,202,8.8
8213,21,157,7.5
8214,22,199,9.0
8215,19,149,7.8
8216,24,184,7.7
8217,20,164,8.2
8218,21,152,7.2
8219,23,173,7.5
8220,17,167,9.8
8221,27,217,8.0
8222,23,180,7.8
8223,26,230,8.8
8224,26,230,8.8
8225,28,211,7.5
8226,19,199,10.5
8227,16,137,8.6
8228,25,227,9.1
8229,24,194,8.1
8230,19,163,8.6
8231,16,180,11.2
8232,22,171,7.8
8233,23,170,7.4
8234,26,222,8.5
8235,20,184,9.2
8236,20,174,8.7
8237,23,204,8.9
8238,23,192,8.3
8239,24,219,9.1
8240,24,181,7.5
8241,28,222,7.9
8242,19,217,11.4
8243,21,202,9.6
8244,27,198,7.3
8245,21,211,10.0
8246,26,186,7.2
8247,24,203,8.5
8248,21,170,8.1
8249,25,211,8.4
8250,25,197,7.9
8251,33,232,7.0
8252,26,200,7.7
8253,28,209,7.5
8254,23,192,8.3
8255,17,148,8.7
8256,23,171,7.4
8257,18,176,9.8
8258,26,211,8.1
8259,25,212,8.5
8260,23,148,6.4
8261,20,183,9.2
8262,25,258,10.3
8263,22,196,8.9
8264,24,182,7.6
8265,25,188,7.5
8266,17,137,8.1
8267,20,202,10.1
8268,21,193,9.2
8269,21,212,10.1
8270,18,190,10.6
8271,20,143,7.2
8272,23,222,9.7
8273,24,209,8.7
8274,18,209,11.6
8275,20,195,9.8
8276,21,204,9.7
8277,17,213,12.5
8278,23,203,8.8
8279,24,202,8.4
8280,21,212,10.1
8281,21,170,8.1
8282,26,231,8.9
8283,20,177,8.8
8284,22,202,9.2
8285,21,190,9.0
8286,24,215,9.0
8287,23,196,8.5
8288,26,207,8.0
8289,28,244,8.7
8290,28,208,7.4
8291,25,195,7.8
8292,22,180,8.2
8293,19,186,9.8
8294,19,159,8.4
8295,25,222,8.9
8296,17,178,10.5
8297,21,201,9.6
8298,24,197,8.2
8299,21,167,8.0
8300,21,195,9.3
8301,20,237,11.8
8302,29,246,8.5
8303,25,170,6.8
8304,25,219,8.8
8305,21,181,8.6
8306,19,192,10.1
8307,26,202,7.8
8308,17,168,9.9
8309,17,192,11.3
8310,19,207,10.9
8311,20,214,10.7
8312,29,249,8.6
8313,25,222,8.9
8314,26,208,8.0
8315,25,189,7.6
8316,23,193,8.4
8317,21,194,9.2
8318,31,219,7.1
8319,30,236,7.9
8320,26,230,8.8
8321,21,199,9.5
8322,20,189,9.4
8323,19,171,9.0
8324,19,183,9.6
8325,21,199,9.5
8326,26,220,8.5
8327,26,210,8.1
8328,23,189,8.2
8329,29,201,6.9
8330,24,227,9.5
8331,30,221,7.4
8332,23,212,9.2
8333,25,252,10.1
8334,19,199,10.5
8335,31,211,6.8
8336,32,226,7.1
8337,21,189,9.0
8338,30,234,7.8
8339,26,243,9.3
8340,23,153,6.7
8341,20,213,10.6
8342,27,247,9.1
8343,25,176,7.0
8344,29,269,9.3
8345,21,168,8.0
8346,28,224,8.0
8347,24,182,7.6
8348,28,206,7.4
8349,18,163,9.1
8350,19,172,9.1
8351,20,171,8.6
8352,26,229,8.8
8353,24,228,9.5
8354,26,225,8.7
8355,22,228,10.4
8356,21,173,8.2
8357,32,243,7.6
8358,22,247,11.2
8359,28,289,10.3
8360,27,204,7.6
8361,27,232,8.6
8362,18,232,12.9
8363,24,206,8.6
8364,20,196,9.8
8365,27,211,7.8
8366,32,265,8.3
8367,28,273,9.8
8368,23,177,7.7
8369,22,186,8.5
8370,25,197,7.9
8371,19,168,8.8
8372,22,204,9.3
8373,30,208,6.9
8374,27,228,8.4
8375,23,183,8.0
8376,23,172,7.5
8377,22,224,10.2
8378,21,215,10.2
8379,22,208,9.5
8380,27,226,8.4
8381,24,220,9.2
8382,24,197,8.2
8383,28,237,8.5
8384,25,248,9.9
8385,27,251,9.3
8386,24,219,9.1
8387,24,217,9.0
8388,23,246,10.7
8389,32,274,8.6
8390,22,205,9.3
8391,25,253,10.1
8392,26,236,9.1
8393,24,220,9.2
8394,28,230,8.2
8395,27,245,9.1
8396,30,249,8.3
8397,24,204,8.5
8398,26,258,9.9
8399,25,257,10.3
8400,25,235,9.4
8401,22,211,9.6
8402,23,214,9.3
8403,21,255,12.1
8404,24,260,10.8
8405,26,242,9.3
8406,22,177,8.0
8407,31,264,8.5
8408,16,150,9.4
8409,20,180,9.0
8410,27,220,8.1
8411,23,201,8.7
8412,24,239,10.0
8413,27,272,10.1
8414,23,254,11.0
8415,26,280,10.8
8416,17,241,14.2
8417,21,220,10.5
8418,35,260,7.4
8419,24,221,9.2
8420,28,227,8.1
8421,21,204,9.7
8422,22,212,9.6
8423,29,277,9.6
8424,21,155,7.4
8425,31,274,8.8
8426,24,241,10.0
8427,26,241,9.3
8428,25,210,8.4
8429,21,210,10.0
8430,25,207,8.3
8431,29,236,8.1
8432,24,192,8.0
8433,22,209,9.5
8434,24,195,8.1
8435,22,234,10.6
8436,24,207,8.6
8437,26,239,9.2
8438,25,195,7.8
8439,23,189,8.2
8440,22,232,10.5
8441,25,217,8.7
8442,25,222,8.9
8443,27,267,9.9
8444,16,172,10.8
8445,24,208,8.7
8446,21,200,9.5
8447,23,223,9.7
8448,26,251,9.7
8449,26,246,9.5
8450,22,225,10.2
8451,29,240,8.3
8452,26,214,8.2
8453,29,271,9.3
8454,26,199,7.7
8455,24,225,9.4
8456,25,195,7.8
8457,22,192,8.7
8458,29,220,7.6
8459,30,239,8.0
8460,22,186,8.5
8461,21,221,10.5
8462,19,213,11.2
8463,26,237,9.1
8464,28,222,7.9
8465,22,180,8.2
8466,27,249,9.2
8467,23,236,10.3
8468,22,201,9.1
8469,19,242,12.7
8470,30,273,9.1
8471,21,262,12.5
8472,27,262,9.7
8473,25,220,8.8
8474,25,204,8.2
8475,21,176,8.4
8476,31,219,7.1
8477,25,187,7.5
8478,24,225,9.4
8479,24,238,9.9
8480,25,216,8.6
8481,20,216,10.8
8482,24,247,10.3
8483,25,202,8.1
8484,27,248,9.2
8485,21,266,12.7
8486,16,246,15.4
8487,23,251,10.9
8488,24,276,11.5
8489,22,245,11.1
8490,29,270,9.3
8491,25,305,12.2
8492,31,248,8.0
8493,29,263,9.1
8494,32,288,9.0
8495,30,281,9.4
8496,20,261,13.0
8497,27,268,9.9
8498,25,290,11.6
8499,23,234,10.2
8500,25,284,11.4
8501,32,283,8.8
8502,28,280,10.0
8503,26,255,9.8
8504,27,267,9.9
8505,23,249,10.8
8506,38,300,7.9
8507,23,254,11.0
8508,21,230,11.0
8509,24,200,8.3
8510,23,225,9.8
8511,29,257,8.9
8512,20,224,11.2
8513,28,226,8.1
8514,29,255,8.8
8515,25,255,10.2
8516,27,284,10.5
8517,30,272,9.1
8518,22,212,9.6
8519,26,253,9.7
8520,27,287,10.6
8521,21,232,11.0
8522,29,242,8.3
8523,18,176,9.8
8524,25,251,10.0
8525,22,231,10.5
8526,27,228,8.4
8527,24,189,7.9
8528,25,197,7.9
8529,23,182,7.9
8530,25,235,9.4
8531,27,272,10.1
8532,27,254,9.4
8533,26,256,9.8
8534,28,267,9.5
8535,21,183,8.7
8536,26,202,7.8
8537,21,215,10.2
8538,23,230,10.0
8539,18,237,13.2
8540,25,203,8.1
8541,23,257,11.2
8542,23,244,10.6
8543,23,243,10.6
8544,27,233,8.6
8545,23,231,10.0
8546,23,242,10.5
8547,20,245,12.2
8548,19,239,12.6
8549,25,256,10.2
8550,27,245,9.1
8551,20,224,11.2
8552,20,249,12.4
8553,23,230,10.0
8554,19,246,12.9
8555,23,222,9.7
8556,20,226,11.3
8557,24,246,10.2
8558,18,221,12.3
8559,23,276,12.0
8560,19,261,13.7
8561,23,258,11.2
8562,22,276,12.5
8563,20,265,13.2
8564,21,271,12.9
8565,18,250,13.9
8566,18,241,13.4
8567,17,232,13.6
8568,22,286,13.0
8569,19,286,15.1
8570,18,237,13.2
8571,22,270,12.3
8572,21,273,13.0
8573,21,160,7.6
8574,23,258,11.2
8575,30,218,7.3
8576,21,246,11.7
8577,20,149,7.4
8578,25,246,9.8
8579,24,246,10.2
8580,23,274,11.9
8581,32,257,8.0
8582,27,222,8.2
8583,24,243,10.1
8584,26,260,10.0
8585,24,280,11.7
8586,23,263,11.4
8587,30,260,8.7
8588,23,204,8.9
8589,21,198,9.4
8590,23,257,11.2
8591,21,224,10.7
8592,32,276,8.6
8593,31,263,8.5
8594,19,174,9.2
8595,25,230,9.2
8596,30,256,8.5
8597,25,218,8.7
8598,25,213,8.5
8599,19,229,12.1
8600,21,252,12.0
8601,24,236,9.8
8602,25,240,9.6
8603,24,238,9.9
8604,25,252,10.1
8605,21,235,11.2
8606,24,210,8.8
8607,27,260,9.6
8608,20,232,11.6
8609,25,223,8.9
8610,28,239,8.5
8611,24,211,8.8
8612,22,203,9.2
8613,22,222,10.1
8614,29,287,9.9
8615,23,238,10.3
8616,29,283,9.8
8617,29,269,9.3
8618,27,208,7.7
8619,28,242,8.6
8620,25,210,8.4
8621,25,244,9.8
8622,24,253,10.5
8623,34,251,7.4
8624,20,210,10.5
8625,27,213,7.9
8626,24,235,9.8
8627,24,216,9.0
8628,30,238,7.9
8629,31,269,8.7
8630,23,197,8.6
8631,22,190,8.6
8632,23,206,9.0
8633,29,232,8.0
8634,20,157,7.8
8635,30,221,7.4
8636,21,196,9.3
8637,21,210,10.0
8638,25,185,7.4
8639,26,200,7.7
8640,30,226,7.5
8641,28,230,8.2
8642,25,205,8.2
8643,21,198,9.4
8644,21,183,8.7
8645,21,141,6.7
8646,27,210,7.8
8647,30,205,6.8
8648,27,212,7.9
8649,27,189,7.0
8650,27,214,7.9
8651,23,183,8.0
8652,24,199,8.3
8653,21,162,7.7
8654,28,207,7.4
8655,20,218,10.9
8656,22,207,9.4
8657,22,211,9.6
8658,22,207,9.4
8659,22,187,8.5
8660,18,180,10.0
8661,18,195,10.8
8662,23,206,9.0
8663,23,227,9.9
8664,25,197,7.9
8665,31,226,7.3
8666,26,187,7.2
8667,26,215,8.3
8668,19,192,10.1
8669,21,209,10.0
8670,28,211,7.5
8671,20,187,9.4
8672,24,202,8.4
8673,20,187,9.4
8674,21,209,10.0
8675,22,199,9.0
8676,25,255,10.2
8677,23,186,8.1
8678,30,223,7.4
8679,22,213,9.7
8680,19,168,8.8
8681,25,211,8.4
8682,18,163,9.1
8683,23,162,7.0
8684,25,195,7.8
8685,24,200,8.3
8686,21,192,9.1
8687,18,178,9.9
8688,26,211,8.1
8689,22,187,8.5
8690,22,182,8.3
8691,18,186,10.3
8692,25,187,7.5
8693,25,199,8.0
8694,23,192,8.3
8695,26,181,7.0
8696,24,196,8.2
8697,29,249,8.6
8698,26,199,7.7
8699,29,192,6.6
8700,23,167,7.3
8701,29,203,7.0
8702,19,231,12.2
8703,19,178,9.4
8704,24,198,8.2
8705,24,208,8.7
8706,27,208,7.7
8707,26,202,7.8
8708,29,227,7.8
8709,32,260,8.1
8710,24,192,8.0
8711,22,177,8.0
8712,26,239,9.2
8713,22,198,9.0
8714,21,191,9.1
8715,21,185,8.8
8716,26,202,7.8
8717,25,264,10.6
8718,28,248,8.9
8719,30,228,7.6
8720,30,229,7.6
8721,24,236,9.8
8722,26,241,9.3
8723,24,226,9.4
8724,22,226,10.3
8725,18,167,9.3
8726,27,207,7.7
8727,25,232,9.3
8728,22,190,8.6
8729,25,248,9.9
8730,26,257,9.9
8731,22,214,9.7
8732,23,197,8.6
8733,27,209,7.7
8734,27,239,8.9
8735,28,226,8.1
8736,22,207,9.4
8737,27,232,8.6
8738,29,276,9.5
8739,25,212,8.5
8740,26,207,8.0
8741,18,186,10.3
8742,31,224,7.2
8743,26,193,7.4
8744,23,206,9.0
8745,24,193,8.0
8746,25,188,7.5
8747,28,217,7.8
8748,24,205,8.5
8749,34,223,6.6
8750,24,189,7.9
8751,25,178,7.1
8752,27,197,7.3
8753,26,235,9.0
8754,23,205,8.9
8755,30,225,7.5
8756,27,219,8.1
8757,28,220,7.9
8758,19,189,9.9
8759,23,198,8.6
8760,31,251,8.1
8761,29,278,9.6
8762,26,216,8.3
8763,18,190,10.6
8764,31,236,7.6
8765,29,241,8.3
8766,19,177,9.3
8767,31,270,8.7
8768,20,230,11.5
8769,23,210,9.1
8770,23,208,9.0
8771,23,236,10.3
8772,29,214,7.4
8773,29,245,8.4
8774,28,271,9.7
8775,25,235,9.4
8776,26,227,8.7
8777,25,234,9.4
8778,23,246,10.7
8779,21,189,9.0
8780,29,237,8.2
8781,21,218,10.4
8782,25,240,9.6
8783,27,237,8.8
8784,24,225,9.4
8785,31,284,9.2
8786,24,201,8.4
8787,23,225,9.8
8788,23,169,7.3
8789,28,245,8.8
8790,25,209,8.4
8791,24,230,9.6
8792,30,242,8.1
8793,23,184,8.0
8794,23,198,8.6
8795,27,198,7.3
8796,20,169,8.4
8797,27,223,8.3
8798,25,202,8.1
8799,25,189,7.6
8800,30,212,7.1
8801,21,221,10.5
8802,29,219,7.6
8803,36,260,7.2
8804,32,259,8.1
8805,27,208,7.7
8806,26,215,8.3
8807,26,214,8.2
8808,24,223,9.3
8809,27,217,8.0
8810,30,253,8.4
8811,26,219,8.4
8812,25,213,8.5
8813,21,212,10.1
8814,20,197,9.8
8815,23,217,9.4
8816,26,211,8.1
8817,22,185,8.4
8818,30,239,8.0
8819,30,238,7.9
8820,29,256,8.8
8821,21,207,9.9
8822,26,236,9.1
8823,23,201,8.7
8824,28,221,7.9
8825,29,222,7.7
8826,26,211,8.1
8827,26,202,7.8
8828,28,209,7.5
8829,21,184,8.8
8830,25,210,8.4
8831,25,240,9.6
8832,21,213,10.1
8833,28,256,9.1
8834,19,184,9.7
8835,31,254,8.2
8836,24,224,9.3
8837,18,176,9.8
8838,23,197,8.6
8839,26,218,8.4
8840,19,163,8.6
8841,19,175,9.2
8842,25,183,7.3
8843,27,213,7.9
8844,17,155,9.1
8845,20,172,8.6
8846,19,177,9.3
8847,26,190,7.3
8848,21,217,10.3
8849,31,232,7.5
8850,27,224,8.3
8851,28,212,7.6
8852,23,220,9.6
8853,20,140,7.0
8854,20,180,9.0
8855,23,188,8.2
8856,27,214,7.9
8857,20,148,7.4
8858,23,195,8.5
8859,29,250,8.6
8860,18,190,10.6
8861,24,185,7.7
8862,24,210,8.8
8863,28,267,9.5
8864,22,238,10.8
8865,23,194,8.4
8866,16,144,9.0
8867,20,195,9.8
8868,18,159,8.8
8869,20,180,9.0
8870,18,177,9.8
8871,22,196,8.9
8872,19,161,8.5
8873,21,205,9.8
8874,28,208,7.4
8875,22,180,8.2
8876,22,179,8.1
8877,19,156,8.2
8878,20,191,9.6
8879,24,191,8.0
8880,23,177,7.7
8881,23,223,9.7
8882,24,208,8.7
8883,20,163,8.2
8884,22,213,9.7
8885,31,247,8.0
8886,28,227,8.1
8887,26,217,8.3
8888,28,206,7.4
8889,26,259,10.0
8890,23,204,8.9
8891,35,244,7.0
8892,27,242,9.0
8893,28,228,8.1
8894,26,240,9.2
8895,24,218,9.1
8896,33,237,7.2
8897,28,201,7.2
8898,27,218,8.1
8899,22,224,10.2
8900,24,238,9.9
8901,25,209,8.4
8902,26,216,8.3
8903,30,208,6.9
8904,31,247,8.0
8905,28,211,7.5
8906,28,194,6.9
8907,21,184,8.8
8908,19,201,10.6
8909,34,254,7.5
8910,33,269,8.2
8911,32,226,7.1
8912,22,234,10.6
8913,28,231,8.2
8914,25,242,9.7
8915,27,242,9.0
8916,24,207,8.6
8917,21,214,10.2
8918,28,245,8.8
8919,26,259,10.0
8920,29,273,9.4
8921,27,245,9.1
8922,29,244,8.4
8923,23,196,8.5
8924,29,213,7.3
8925,29,284,9.8
8926,25,224,9.0
8927,29,261,9.0
8928,28,293,10.5
8929,22,251,11.4
8930,27,257,9.5
8931,21,208,9.9
8932,29,288,9.9
8933,27,248,9.2
8934,32,262,8.2
8935,29,269,9.3
8936,27,253,9.4
8937,25,241,9.6
8938,30,229,7.6
8939,26,226,8.7
8940,24,216,9.0
8941,31,247,8.0
8942,25,175,7.0
8943,27,222,8.2
8944,25,216,8.6
8945,32,242,7.6
8946,24,217,9.0
8947,25,199,8.0
8948,24,186,7.8
8949,28,238,8.5
8950,20,203,10.2
8951,26,231,8.9
8952,26,230,8.8
8953,23,204,8.9
8954,23,177,7.7
8955,23,236,10.3
8956,23,194,8.4
8957,35,293,8.4
8958,29,259,8.9
8959,21,185,8.8
8960,29,256,8.8
8961,21,230,11.0
8962,22,210,9.5
8963,19,190,10.0
8964,19,208,10.9
8965,27,229,8.5
8966,21,189,9.0
8967,25,191,7.6
8968,24,234,9.8
8969,22,192,8.7
8970,25,230,9.2
8971,24,193,8.0
8972,25,198,7.9
8973,29,217,7.5
8974,19,215,11.3
8975,26,219,8.4
8976,20,147,7.4
8977,29,204,7.0
8978,27,241,8.9
8979,18,194,10.8
8980,22,223,10.1
8981,30,258,8.6
8982,31,230,7.4
8983,27,234,8.7
8984,25,226,9.0
8985,23,199,8.7
8986,24,214,8.9
8987,24,211,8.8
8988,24,177,7.4
8989,22,193,8.8
8990,25,228,9.1
8991,25,233,9.3
8992,23,232,10.1
8993,28,200,7.1
8994,22,225,10.2
8995,22,237,10.8
8996,26,231,8.9
8997,22,194,8.8
8998,20,208,10.4
8999,26,238,9.2
9000,21,175,8.3
9001,27,211,7.8
9002,25,176,7.0
9003,31,226,7.3
9004,29,238,8.2
9005,25,171,6.8
9006,26,221,8.5
9007,27,218,8.1
9008,21,200,9.5
9009,31,243,7.8
9010,26,230,8.8
9011,24,238,9.9
9012,30,218,7.3
9013,30,218,7.3
9014,29,220,7.6
9015,20,217,10.8
9016,23,195,8.5
9017,23,222,9.7
9018,22,212,9.6
9019,31,234,7.5
9020,27,243,9.0
9021,29,236,8.1
9022,25,233,9.3
9023,23,212,9.2
9024,21,245,11.7
9025,21,242,11.5
9026,20,205,10.2
9027,23,211,9.2
9028,20,216,10.8
9029,23,226,9.8
9030,22,242,11.0
9031,23,220,9.6
9032,19,211,11.1
9033,23,204,8.9
9034,23,203,8.8
9035,26,245,9.4
9036,27,251,9.3
9037,22,214,9.7
9038,28,267,9.5
9039,26,266,10.2
9040,26,222,8.5
9041,20,199,10.0
9042,21,203,9.7
9043,32,255,8.0
9044,27,255,9.4
9045,27,249,9.2
9046,31,287,9.3
9047,27,261,9.7
9048,28,251,9.0
9049,26,250,9.6
9050,22,229,10.4
9051,24,234,9.8
9052,25,268,10.7
9053,26,271,10.4
9054,21,201,9.6
9055,22,217,9.9
9056,21,209,10.0
9057,27,221,8.2
9058,28,219,7.8
9059,24,219,9.1
9060,28,243,8.7
9061,23,212,9.2
9062,25,255,10.2
9063,24,224,9.3
9064,22,237,10.8
9065,19,200,10.5
9066,21,210,10.0
9067,13,172,13.2
9068,17,206,12.1
9069,20,193,9.6
9070,19,193,10.2
9071,21,203,9.7
9072,20,203,10.2
9073,19,216,11.4
9074,21,221,10.5
9075,24,230,9.6
9076,17,192,11.3
9077,25,239,9.6
9078,28,237,8.5
9079,15,185,12.3
9080,18,177,9.8
9081,20,216,10.8
9082,22,236,10.7
9083,22,216,9.8
9084,17,221,13.0
9085,20,203,10.2
9086,15,219,14.6
9087,19,213,11.2
9088,22,193,8.8
9089,27,215,8.0
9090,27,261,9.7
9091,20,199,10.0
9092,24,219,9.1
9093,18,182,10.1
9094,23,227,9.9
9095,21,224,10.7
9096,23,224,9.7
9097,18,219,12.2
9098,24,192,8.0
9099,23,213,9.3
9100,20,197,9.8
9101,22,195,8.9
9102,22,217,9.9
9103,21,227,10.8
9104,20,197,9.8
9105,21,209,10.0
9106,23,224,9.7
9107,19,215,11.3
9108,23,196,8.5
9109,23,207,9.0
9110,27,242,9.0
9111,25,235,9.4
9112,28,244,8.7
9113,21,202,9.6
9114,26,194,7.5
9115,16,177,11.1
9116,22,179,8.1
9117,19,183,9.6
9118,25,199,8.0
9119,27,208,7.7
9120,17,184,10.8
9121,17,180,10.6
9122,23,195,8.5
9123,22,191,8.7
9124,25,199,8.0
9125,25,211,8.4
9126,22,188,8.5
9127,25,215,8.6
9128,25,221,8.8
9129,23,198,8.6
9130,18,179,9.9
9131,20,173,8.6
9132,14,127,9.1
9133,25,201,8.0
9134,17,150,8.8
9135,21,174,8.3
9136,24,189,7.9
9137,19,152,8.0
9138,26,216,8.3
9139,30,215,7.2
9140,32,240,7.5
9141,33,263,8.0
9142,26,181,7.0
9143,28,217,7.8
9144,26,192,7.4
9145,22,168,7.6
9146,32,228,7.1
9147,22,164,7.5
9148,24,198,8.2
9149,21,175,8.3
9150,23,186,8.1
9151,24,179,7.5
9152,25,210,8.4
9153,22,170,7.7
9154,23,194,8.4
9155,20,180,9.0
9156,23,155,6.7
9157,23,206,9.0
9158,24,197,8.2
9159,21,192,9.1
9160,28,238,8.5
9161,22,194,8.8
9162,22,187,8.5
9163,17,163,9.6
9164,25,202,8.1
9165,36,253,7.0
9166,26,193,7.4
9167,29,223,7.7
9168,22,162,7.4
9169,20,187,9.4
9170,23,188,8.2
9171,29,231,8.0
9172,28,244,8.7
9173,26,216,8.3
9174,29,208,7.2
9175,26,217,8.3
9176,20,178,8.9
9177,25,184,7.4
9178,22,180,8.2
9179,23,214,9.3
9180,20,190,9.5
9181,30,243,8.1
9182,21,202,9.6
9183,25,220,8.8
9184,26,190,7.3
9185,25,217,8.7
9186,33,263,8.0
9187,26,223,8.6
9188,27,243,9.0
9189,28,232,8.3
9190,21,226,10.8
9191,23,192,8.3
9192,21,175,8.3
9193,19,169,8.9
9194,24,215,9.0
9195,25,197,7.9
9196,22,189,8.6
9197,28,215,7.7
9198,19,190,10.0
9199,22,224,10.2
9200,23,211,9.2
9201,30,246,8.2
9202,32,256,8.0
9203,20,208,10.4
9204,25,264,10.6
9205,25,270,10.8
9206,28,246,8.8
9207,24,237,9.9
9208,27,218,8.1
9209,25,224,9.0
9210,27,256,9.5
9211,21,214,10.2
9212,27,208,7.7
9213,30,249,8.3
9214,19,148,7.8
9215,25,212,8.5
9216,17,196,11.5
9217,24,204,8.5
9218,18,166,9.2
9219,25,220,8.8
9220,22,191,8.7
9221,24,185,7.7
9222,26,240,9.2
9223,17,128,7.5
9224,25,224,9.0
9225,23,203,8.8
9226,23,167,7.3
9227,24,199,8.3
9228,22,171,7.8
9229,22,207,9.4
9230,18,185,10.3
9231,18,194,10.8
9232,20,196,9.8
9233,24,189,7.9
9234,19,195,10.3
9235,25,234,9.4
9236,25,226,9.0
9237,21,207,9.9
9238,29,269,9.3
9239,27,244,9.0
9240,20,173,8.6
9241,27,222,8.2
9242,20,182,9.1
9243,28,235,8.4
9244,28,231,8.2
9245,27,230,8.5
9246,30,216,7.2
9247,19,172,9.1
9248,23,186,8.1
9249,22,192,8.7
9250,19,160,8.4
9251,19,170,8.9
9252,20,170,8.5
9253,24,189,7.9
9254,25,209,8.4
9255,29,231,8.0
9256,26,177,6.8
9257,24,188,7.8
9258,26,184,7.1
9259,18,146,8.1
9260,23,196,8.5
9261,29,217,7.5
9262,26,174,6.7
9263,14,133,9.5
9264,22,201,9.1
9265,22,185,8.4
9266,17,183,10.8
9267,24,191,8.0
9268,28,223,8.0
9269,17,195,11.5
9270,12,209,17.4
9271,25,237,9.5
9272,26,187,7.2
9273,22,196,8.9
9274,25,236,9.4
9275,25,224,9.0
9276,25,202,8.1
9277,23,176,7.7
9278,23,181,7.9
9279,21,173,8.2
9280,13,139,10.7
9281,23,179,7.8
9282,35,235,6.7
9283,17,163,9.6
9284,20,182,9.1
9285,17,159,9.4
9286,24,175,7.3
9287,24,176,7.3
9288,21,173,8.2
9289,18,177,9.8
9290,25,177,7.1
9291,25,201,8.0
9292,20,177,8.8
9293,23,191,8.3
9294,28,221,7.9
9295,30,211,7.0
9296,23,195,8.5
9297,26,194,7.5
9298,27,191,7.1
9299,24,197,8.2
9300,21,176,8.4
9301,27,181,6.7
9302,31,234,7.5
9303,27,229,8.5
9304,27,206,7.6
9305,20,182,9.1
9306,23,156,6.8
9307,23,217,9.4
9308,21,181,8.6
9309,26,239,9.2
9310,29,226,7.8
9311,24,242,10.1
9312,24,210,8.8
9313,25,224,9.0
9314,23,194,8.4
9315,23,261,11.3
9316,23,194,8.4
9317,25,174,7.0
9318,24,197,8.2
9319,29,209,7.2
9320,15,157,10.5
9321,24,207,8.6
9322,19,181,9.5
9323,19,156,8.2
9324,14,204,14.6
9325,23,199,8.7
9326,18,163,9.1
9327,24,201,8.4
9328,20,197,9.8
9329,25,238,9.5
9330,24,189,7.9
9331,22,189,8.6
9332,24,225,9.4
9333,21,168,8.0
9334,23,202,8.8
9335,22,240,10.9
9336,25,243,9.7
9337,26,239,9.2
9338,23,177,7.7
9339,26,184,7.1
9340,26,247,9.5
9341,21,200,9.5
9342,31,240,7.7
9343,28,245,8.8
9344,27,227,8.4
9345,25,230,9.2
9346,26,194,7.5
9347,20,223,11.2
9348,24,165,6.9
9349,26,220,8.5
9350,23,182,7.9
9351,19,162,8.5
9352,24,214,8.9
9353,24,206,8.6
9354,27,214,7.9
9355,25,210,8.4
9356,30,233,7.8
9357,28,258,9.2
9358,22,179,8.1
9359,32,246,7.7
9360,25,233,9.3
9361,23,219,9.5
9362,20,183,9.2
9363,26,184,7.1
9364,24,179,7.5
9365,22,195,8.9
9366,23,160,7.0
9367,28,183,6.5
9368,26,183,7.0
9369,32,236,7.4
9370,28,227,8.1
9371,20,166,8.3
9372,26,195,7.5
9373,22,149,6.8
9374,25,198,7.9
9375,29,222,7.7
9376,21,180,8.6
9377,19,137,7.2
9378,19,167,8.8
9379,32,248,7.8
9380,23,180,7.8
9381,24,174,7.2
9382,21,184,8.8
9383,25,231,9.2
9384,20,175,8.8
9385,26,213,8.2
9386,21,200,9.5
9387,19,167,8.8
9388,21,167,8.0
9389,14,152,10.9
9390,23,187,8.1
9391,18,195,10.8
9392,27,167,6.2
9393,26,223,8.6
9394,19,184,9.7
9395,20,145,7.2
9396,18,143,7.9
9397,27,227,8.4
9398,22,177,8.0
9399,25,218,8.7
9400,24,203,8.5
9401,15,111,7.4
9402,24,199,8.3
9403,22,183,8.3
9404,23,189,8.2
9405,26,223,8.6
9406,21,195,9.3
9407,26,199,7.7
9408,22,172,7.8
9409,22,170,7.7
9410,23,161,7.0
9411,25,194,7.8
9412,29,218,7.5
9413,33,238,7.2
9414,19,144,7.6
9415,20,174,8.7
9416,26,190,7.3
9417,26,178,6.8
9418,22,184,8.4
9419,18,174,9.7
9420,17,149,8.8
9421,20,154,7.7
9422,15,119,7.9
9423,20,162,8.1
9424,25,192,7.7
9425,23,159,6.9
9426,19,151,7.9
9427,24,202,8.4
9428,20,181,9.0
9429,23,179,7.8
9430,19,119,6.3
9431,18,146,8.1
9432,19,187,9.8
9433,22,190,8.6
9434,23,206,9.0
9435,23,199,8.7
9436,18,172,9.6
9437,24,161,6.7
9438,26,178,6.8
9439,23,172,7.5
9440,19,152,8.0
9441,18,143,7.9
9442,22,144,6.5
9443,25,205,8.2
9444,23,173,7.5
9445,29,210,7.2
9446,27,210,7.8
9447,32,253,7.9
9448,31,193,6.2
9449,20,149,7.4
9450,23,163,7.1
9451,18,137,7.6
9452,22,173,7.9
9453,20,205,10.2
9454,25,183,7.3
9455,26,187,7.2
9456,17,135,7.9
9457,14,138,9.9
9458,21,161,7.7
9459,26,216,8.3
9460,24,173,7.2
9461,27,210,7.8
9462,12,122,10.2
9463,19,161,8.5
9464,17,142,8.4
9465,21,165,7.9
9466,23,182,7.9
9467,22,151,6.9
9468,22,164,7.5
9469,18,135,7.5
9470,21,156,7.4
9471,18,173,9.6
9472,22,177,8.0
9473,29,208,7.2
9474,20,198,9.9
9475,25,172,6.9
9476,23,172,7.5
9477,21,161,7.7
9478,21,187,8.9
9479,24,188,7.8
9480,23,191,8.3
9481,20,157,7.8
9482,18,163,9.1
9483,23,191,8.3
9484,16,171,10.7
9485,22,186,8.5
9486,28,204,7.3
9487,23,200,8.7
9488,25,204,8.2
9489,25,183,7.3
9490,20,148,7.4
9491,16,148,9.2
9492,20,168,8.4
9493,19,143,7.5
9494,21,172,8.2
9495,23,182,7.9
9496,19,170,8.9
9497,27,199,7.4
9498,27,210,7.8
9499,22,196,8.9
9500,27,204,7.6
9501,22,176,8.0
9502,22,208,9.5
9503,26,189,7.3
9504,22,189,8.6
9505,24,181,7.5
9506,26,207,8.0
9507,26,197,7.6
9508,21,172,8.2
9509,25,192,7.7
9510,23,143,6.2
9511,24,194,8.1
9512,23,192,8.3
9513,20,188,9.4
9514,19,152,8.0
9515,23,166,7.2
9516,30,214,7.1
9517,22,171,7.8
9518,24,186,7.8
9519,21,156,7.4
9520,19,179,9.4
9521,18,202,11.2
9522,24,184,7.7
9523,26,202,7.8
9524,21,187,8.9
9525,17,151,8.9
9526,18,199,11.1
9527,29,199,6.9
9528,23,177,7.7
9529,24,183,7.6
9530,21,163,7.8
9531,22,177,8.0
9532,23,172,7.5
9533,21,154,7.3
9534,22,169,7.7
9535,23,167,7.3
9536,20,181,9.0
9537,24,198,8.2
9538,18,135,7.5
9539,25,201,8.0
9540,20,191,9.6
9541,23,187,8.1
9542,23,189,8.2
9543,21,197,9.4
9544,23,180,7.8
9545,33,249,7.5
9546,23,200,8.7
9547,18,141,7.8
9548,25,227,9.1
9549,25,202,8.1
9550,24,203,8.5
9551,22,185,8.4
9552,23,182,7.9
9553,17,132,7.8
9554,27,190,7.0
9555,20,194,9.7
9556,22,171,7.8
9557,26,212,8.2
9558,22,196,8.9
9559,25,183,7.3
9560,22,200,9.1
9561,23,181,7.9
9562,19,163,8.6
9563,30,212,7.1
9564,28,210,7.5
9565,25,178,7.1
9566,22,173,7.9
9567,26,196,7.5
9568,24,232,9.7
9569,23,206,9.0
9570,21,161,7.7
9571,26,198,7.6
9572,21,188,9.0
9573,18,152,8.4
9574,29,215,7.4
9575,24,233,9.7
9576,20,151,7.6
9577,16,133,8.3
9578,22,217,9.9
9579,26,253,9.7
9580,20,204,10.2
9581,23,186,8.1
9582,23,199,8.7
9583,24,180,7.5
9584,20,186,9.3
9585,26,205,7.9
9586,24,172,7.2
9587,22,200,9.1
9588,23,187,8.1
9589,27,226,8.4
9590,19,170,8.9
9591,20,133,6.6
9592,25,199,8.0
9593,21,147,7.0
9594,22,177,8.0
9595,22,200,9.1
9596,22,182,8.3
9597,24,232,9.7
9598,23,173,7.5
9599,19,137,7.2
9600,27,193,7.1
9601,26,209,8.0
9602,26,198,7.6
9603,16,166,10.4
9604,21,176,8.4
9605,18,141,7.8
9606,21,185,8.8
9607,24,165,6.9
9608,23,188,8.2
9609,16,131,8.2
9610,21,196,9.3
9611,24,217,9.0
9612,21,191,9.1
9613,21,185,8.8
9614,20,149,7.4
9615,29,228,7.9
9616,21,199,9.5
9617,20,194,9.7
9618,19,188,9.9
9619,18,167,9.3
9620,22,170,7.7
9621,22,164,7.5
9622,20,168,8.4
9623,24,199,8.3
9624,19,183,9.6
9625,17,147,8.6
9626,27,203,7.5
9627,27,207,7.7
9628,14,121,8.6
9629,21,180,8.6
9630,20,160,8.0
9631,21,172,8.2
9632,19,170,8.9
9633,19,176,9.3
9634,23,163,7.1
9635,21,173,8.2
9636,19,161,8.5
9637,20,172,8.6
9638,18,151,8.4
9639,24,166,6.9
9640,23,190,8.3
9641,23,164,7.1
9642,19,152,8.0
9643,14,145,10.4
9644,16,140,8.8
9645,23,162,7.0
9646,17,152,8.9
9647,18,156,8.7
9648,23,167,7.3
9649,19,141,7.4
9650,19,152,8.0
9651,21,165,7.9
9652,22,178,8.1
9653,21,153,7.3
9654,28,224,8.0
9655,19,171,9.0
9656,25,194,7.8
9657,20,198,9.9
9658,22,212,9.6
9659,25,178,7.1
9660,30,227,7.6
9661,29,219,7.6
9662,29,234,8.1
9663,23,201,8.7
9664,28,200,7.1
9665,23,228,9.9
9666,23,210,9.1
9667,22,182,8.3
9668,25,186,7.4
9669,28,221,7.9
9670,18,186,10.3
9671,19,216,11.4
9672,25,176,7.0
9673,16,172,10.8
9674,30,192,6.4
9675,24,209,8.7
9676,26,174,6.7
9677,25,197,7.9
9678,22,216,9.8
9679,23,183,8.0
9680,23,204,8.9
9681,20,172,8.6
9682,20,174,8.7
9683,17,171,10.1
9684,27,190,7.0
9685,29,204,7.0
9686,29,198,6.8
9687,18,163,9.1
9688,20,169,8.4
9689,30,229,7.6
9690,22,193,8.8
9691,22,164,7.5
9692,25,193,7.7
9693,21,171,8.1
9694,19,151,7.9
9695,26,196,7.5
9696,26,196,7.5
9697,19,180,9.5
9698,20,190,9.5
9699,22,188,8.5
9700,23,182,7.9
9701,37,263,7.1
9702,25,193,7.7
9703,27,216,8.0
9704,23,214,9.3
9705,24,217,9.0
9706,24,192,8.0
9707,21,187,8.9
9708,23,197,8.6
9709,25,199,8.0
9710,24,186,7.8
9711,24,230,9.6
9712,23,203,8.8
9713,25,175,7.0
9714,25,189,7.6
9715,26,207,8.0
9716,23,204,8.9
9717,28,230,8.2
9718,20,175,8.8
9719,25,203,8.1
9720,24,224,9.3
9721,26,235,9.0
9722,27,219,8.1
9723,28,201,7.2
9724,23,193,8.4
9725,21,215,10.2
9726,23,214,9.3
9727,22,192,8.7
9728,21,169,8.0
9729,29,191,6.6
9730,21,193,9.2
9731,17,196,11.5
9732,19,162,8.5
9733,22,206,9.4
9734,22,187,8.5
9735,19,178,9.4
9736,23,194,8.4
9737,29,233,8.0
9738,21,192,9.1
9739,28,224,8.0
9740,24,200,8.3
9741,22,193,8.8
9742,19,184,9.7
9743,22,181,8.2
9744,24,197,8.2
9745,24,190,7.9
9746,22,167,7.6
9747,21,190,9.0
9748,20,157,7.8
9749,14,120,8.6
9750,20,166,8.3
9751,17,183,10.8
9752,19,190,10.0
9753,20,185,9.2
9754,24,208,8.7
9755,23,197,8.6
9756,16,143,8.9
9757,19,167,8.8
9758,16,149,9.3
9759,20,169,8.4
9760,22,210,9.5
9761,27,243,9.0
9762,27,244,9.0
9763,22,197,9.0
9764,26,254,9.8
9765,23,237,10.3
9766,27,219,8.1
9767,27,217,8.0
9768,25,198,7.9
9769,22,173,7.9
9770,23,226,9.8
9771,22,199,9.0
9772,25,219,8.8
9773,34,241,7.1
9774,23,175,7.6
9775,21,166,7.9
9776,26,207,8.0
9777,24,189,7.9
9778,19,158,8.3
9779,23,194,8.4
9780,25,198,7.9
9781,29,223,7.7
9782,25,194,7.8
9783,20,184,9.2
9784,23,208,9.0
9785,24,184,7.7
9786,20,177,8.8
9787,24,189,7.9
9788,24,191,8.0
9789,28,214,7.6
9790,26,198,7.6
9791,20,212,10.6
9792,17,146,8.6
9793,21,176,8.4
9794,25,207,8.3
9795,24,171,7.1
9796,25,189,7.6
9797,23,162,7.0
9798,30,233,7.8
9799,29,214,7.4
9800,23,181,7.9
9801,22,191,8.7
9802,23,208,9.0
9803,24,179,7.5
9804,21,186,8.9
9805,21,187,8.9
9806,24,178,7.4
9807,20,157,7.8
9808,20,172,8.6
9809,30,250,8.3
9810,29,237,8.2
9811,22,191,8.7
9812,24,181,7.5
9813,26,192,7.4
9814,16,142,8.9
9815,27,180,6.7
9816,18,164,9.1
9817,24,194,8.1
9818,18,170,9.4
9819,28,223,8.0
9820,25,221,8.8
9821,21,175,8.3
9822,27,199,7.4
9823,28,223,8.0
9824,21,177,8.4
9825,13,143,11.0
9826,25,214,8.6
9827,21,212,10.1
9828,18,171,9.5
9829,18,173,9.6
9830,22,183,8.3
9831,20,177,8.8
9832,23,181,7.9
9833,20,184,9.2
9834,21,182,8.7
9835,18,134,7.4
9836,26,184,7.1
9837,25,191,7.6
9838,21,138,6.6
9839,20,175,8.8
9840,25,188,7.5
9841,24,183,7.6
9842,17,152,8.9
9843,26,187,7.2
9844,23,182,7.9
9845,19,139,7.3
9846,22,170,7.7
9847,20,169,8.4
9848,26,205,7.9
9849,21,185,8.8
9850,29,247,8.5
9851,22,186,8.5
9852,20,160,8.0
9853,20,185,9.2
9854,29,221,7.6
9855,23,188,8.2
9856,24,199,8.3
9857,21,170,8.1
9858,22,174,7.9
9859,21,204,9.7
9860,30,231,7.7
9861,26,234,9.0
9862,26,190,7.3
9863,23,199,8.7
9864,23,184,8.0
9865,28,229,8.2
9866,25,202,8.1
9867,17,164,9.6
9868,29,242,8.3
9869,30,227,7.6
9870,26,210,8.1
9871,26,233,9.0
9872,25,207,8.3
9873,25,203,8.1
9874,23,192,8.3
9875,22,198,9.0
9876,24,207,8.6
9877,19,169,8.9
9878,28,200,7.1
9879,22,179,8.1
9880,26,182,7.0
9881,26,201,7.7
9882,27,200,7.4
9883,26,195,7.5
9884,22,193,8.8
9885,24,221,9.2
9886,25,216,8.6
9887,20,176,8.8
9888,21,185,8.8
9889,27,202,7.5
9890,27,191,7.1
9891,23,176,7.7
9892,20,160,8.0
9893,27,241,8.9
9894,18,166,9.2
9895,19,184,9.7
9896,27,207,7.7
9897,19,178,9.4
9898,22,209,9.5
9899,24,216,9.0
9900,24,226,9.4
9901,20,217,10.8
9902,24,224,9.3
9903,25,216,8.6
9904,23,181,7.9
9905,24,185,7.7
9906,13,183,14.1
9907,22,180,8.2
9908,27,234,8.7
9909,22,200,9.1
9910,20,162,8.1
9911,22,212,9.6
9912,26,220,8.5
9913,21,206,9.8
9914,25,238,9.5
9915,26,232,8.9
9916,27,218,8.1
9917,24,213,8.9
9918,26,212,8.2
9919,21,221,10.5
9920,23,241,10.5
9921,24,242,10.1
9922,16,150,9.4
9923,24,187,7.8
9924,22,190,8.6
9925,21,195,9.3
9926,21,215,10.2
9927,24,192,8.0
9928,17,202,11.9
9929,22,186,8.5
9930,20,182,9.1
9931,24,206,8.6
9932,18,170,9.4
9933,14,165,11.8
9934,15,161,10.7
9935,22,200,9.1
9936,19,203,10.7
9937,18,192,10.7
9938,13,138,10.6
9939,18,166,9.2
9940,17,175,10.3
9941,24,246,10.2
9942,19,173,9.1
9943,23,168,7.3
9944,24,183,7.6
9945,16,178,11.1
9946,36,250,6.9
9947,19,181,9.5
9948,17,154,9.1
9949,17,185,10.9
9950,12,157,13.1
9951,19,153,8.1
9952,17,181,10.6
9953,12,181,15.1
9954,16,168,10.5
9955,26,211,8.1
9956,20,203,10.2
9957,26,196,7.5
9958,15,199,13.3
9959,22,206,9.4
9960,24,218,9.1
9961,18,156,8.7
9962,19,188,9.9
9963,12,175,14.6
9964,13,197,15.2
9965,21,138,6.6
9966,23,187,8.1
9967,16,141,8.8
9968,22,188,8.5
9969,19,193,10.2
9970,18,154,8.6
9971,31,198,6.4
9972,18,193,10.7
9973,33,234,7.1
9974,25,169,6.8
9975,21,192,9.1
9976,24,183,7.6
9977,22,205,9.3
9978,22,181,8.2
9979,26,208,8.0
9980,25,210,8.4
9981,20,195,9.8
9982,16,121,7.6
9983,18,188,10.4
9984,23,197,8.6
9985,21,242,11.5
9986,22,185,8.4
9987,26,192,7.4
9988,26,191,7.3
9989,27,205,7.6
9990,25,183,7.3
9991,23,185,8.0
9992,19,189,9.9
9993,22,201,9.1
9994,16,160,10.0
9995,21,222,10.6
9996,25,173,6.9
9997,19,174,9.2
9998,23,200,8.7
9999,20,161,8.0
10000,22,201,9.1
10001,23,175,7.6
10002,20,180,9.0
10003,14,201,14.4
10004,16,178,11.1
10005,17,170,10.0
10006,17,172,10.1
10007,23,196,8.5
10008,19,199,10.5
10009,18,192,10.7
10010,23,180,7.8
10011,25,200,8.0
10012,23,200,8.7
10013,23,173,7.5
10014,29,210,7.2
10015,20,161,8.0
10016,22,203,9.2
10017,19,175,9.2
10018,19,183,9.6
10019,19,216,11.4
10020,20,216,10.8
10021,18,168,9.3
10022,20,196,9.8
10023,21,230,11.0
10024,21,222,10.6
10025,19,198,10.4
10026,14,195,13.9
10027,14,190,13.6
10028,16,159,9.9
10029,18,178,9.9
10030,20,186,9.3
10031,20,180,9.0
10032,18,195,10.8
10033,23,214,9.3
10034,25,182,7.3
10035,26,227,8.7
10036,21,210,10.0
10037,14,171,12.2
10038,17,176,10.4
10039,26,232,8.9
10040,17,184,10.8
10041,22,175,8.0
10042,29,227,7.8
10043,21,179,8.5
10044,29,194,6.7
10045,27,203,7.5
10046,26,207,8.0
10047,17,171,10.1
10048,23,233,10.1
10049,18,205,11.4
10050,21,185,8.8
10051,28,231,8.2
10052,23,153,6.7
10053,22,197,9.0
10054,25,214,8.6
10055,28,189,6.8
10056,19,167,8.8
10057,19,167,8.8
10058,20,204,10.2
10059,30,224,7.5
10060,23,175,7.6
10061,20,176,8.8
10062,20,157,7.8
10063,17,165,9.7
10064,21,168,8.0
10065,18,163,9.1
10066,19,192,10.1
10067,21,202,9.6
10068,18,176,9.8
10069,22,160,7.3
10070,24,191,8.0
10071,15,163,10.9
10072,22,178,8.1
10073,20,188,9.4
10074,22,188,8.5
10075,24,174,7.2
10076,20,133,6.6
10077,18,152,8.4
10078,23,194,8.4
10079,23,165,7.2
10080,18,130,7.2
10081,16,125,7.8
10082,17,164,9.6
10083,24,171,7.1
10084,18,147,8.2
10085,16,143,8.9
10086,21,193,9.2
10087,21,168,8.0
10088,14,139,9.9
10089,22,183,8.3
10090,22,185,8.4
10091,17,137,8.1
10092,19,156,8.2
10093,19,174,9.2
10094,20,143,7.2
10095,20,189,9.4
10096,26,230,8.8
10097,20,142,7.1
10098,17,144,8.5
10099,18,167,9.3
10100,20,183,9.2
10101,21,178,8.5
10102,20,192,9.6
10103,23,167,7.3
10104,22,186,8.5
10105,24,175,7.3
10106,28,220,7.9
10107,17,182,10.7
10108,24,226,9.4
10109,28,199,7.1
10110,22,184,8.4
10111,17,154,9.1
10112,21,178,8.5
10113,17,120,7.1
10114,21,149,7.1
10115,21,188,9.0
10116,26,159,6.1
10117,23,180,7.8
10118,18,126,7.0
10119,22,189,8.6
10120,24,181,7.5
10121,19,129,6.8
10122,24,190,7.9
10123,23,172,7.5
10124,23,155,6.7
10125,18,128,7.1
10126,23,179,7.8
10127,21,161,7.7
10128,19,120,6.3
10129,22,192,8.7
10130,27,191,7.1
10131,28,183,6.5
10132,18,150,8.3
10133,18,143,7.9
10134,22,172,7.8
10135,21,158,7.5
10136,26,189,7.3
10137,26,171,6.6
10138,15,100,6.7
10139,23,183,8.0
10140,20,159,8.0
10141,18,150,8.3
10142,24,178,7.4
10143,20,154,7.7
10144,22,166,7.5
10145,26,192,7.4
10146,27,197,7.3
10147,20,180,9.0
10148,22,180,8.2
10149,28,204,7.3
10150,24,194,8.1
10151,21,159,7.6
10152,20,135,6.8
10153,29,218,7.5
10154,20,178,8.9
10155,18,133,7.4
10156,24,184,7.7
10157,27,188,7.0
10158,22,166,7.5
10159,26,200,7.7
10160,25,172,6.9
10161,22,150,6.8
10162,20,130,6.5
10163,28,201,7.2
10164,25,165,6.6
10165,28,192,6.9
10166,28,181,6.5
10167,17,162,9.5
10168,26,201,7.7
10169,20,180,9.0
10170,21,167,8.0
10171,23,173,7.5
10172,16,153,9.6
10173,17,116,6.8
10174,17,139,8.2
10175,12,81,6.8
10176,13,123,9.5
10177,18,160,8.9
10178,16,140,8.8
10179,24,193,8.0
10180,21,157,7.5
10181,22,201,9.1
10182,20,185,9.2
10183,15,156,10.4
10184,18,134,7.4
10185,21,172,8.2
10186,31,238,7.7
10187,20,176,8.8
10188,23,167,7.3
10189,24,177,7.4
10190,20,172,8.6
10191,27,186,6.9
10192,22,171,7.8
10193,31,220,7.1
10194,22,185,8.4
10195,21,156,7.4
10196,23,177,7.7
10197,23,170,7.4
10198,18,123,6.8
10199,20,150,7.5
10200,25,183,7.3
10201,25,174,7.0
10202,22,154,7.0
10203,26,175,6.7
10204,20,132,6.6
10205,21,165,7.9
10206,26,216,8.3
10207,21,143,6.8
10208,19,119,6.3
10209,21,150,7.1
10210,17,119,7.0
10211,19,131,6.9
10212,14,111,7.9
10213,22,159,7.2
10214,26,195,7.5
10215,26,193,7.4
10216,21,168,8.0
10217,15,137,9.1
10218,24,154,6.4
10219,17,167,9.8
10220,15,146,9.7
10221,16,177,11.1
10222,23,198,8.6
10223,22,192,8.7
10224,21,175,8.3
10225,21,145,6.9
10226,23,214,9.3
10227,21,180,8.6
10228,15,100,6.7
10229,25,161,6.4
10230,23,157,6.8
10231,18,148,8.2
10232,19,175,9.2
10233,20,137,6.8
10234,21,188,9.0
10235,20,165,8.2
10236,21,179,8.5
10237,18,142,7.9
10238,22,172,7.8
10239,22,169,7.7
10240,20,162,8.1
10241,26,192,7.4
10242,18,158,8.8
10243,20,127,6.4
10244,25,205,8.2
10245,19,196,10.3
10246,15,183,12.2
10247,20,197,9.8
10248,16,169,10.6
10249,17,152,8.9
10250,18,157,8.7
10251,21,177,8.4
10252,19,160,8.4
10253,17,126,7.4
10254,22,181,8.2
10255,25,185,7.4
10256,19,164,8.6
10257,20,166,8.3
10258,23,181,7.9
10259,23,181,7.9
10260,23,167,7.3
10261,19,187,9.8
10262,23,203,8.8
10263,24,195,8.1
10264,20,166,8.3
10265,22,161,7.3
10266,22,195,8.9
10267,18,168,9.3
10268,18,153,8.5
10269,19,156,8.2
10270,21,179,8.5
10271,30,206,6.9
10272,18,146,8.1
10273,18,168,9.3
10274,19,179,9.4
10275,21,158,7.5
10276,18,154,8.6
10277,22,182,8.3
10278,25,206,8.2
10279,19,166,8.7
10280,16,147,9.2
10281,24,180,7.5
10282,16,122,7.6
10283,17,131,7.7
10284,25,186,7.4
10285,21,179,8.5
10286,23,189,8.2
10287,23,158,6.9
10288,25,206,8.2
10289,17,146,8.6
10290,21,179,8.5
10291,20,168,8.4
10292,22,191,8.7
10293,22,184,8.4
10294,23,205,8.9
10295,18,111,6.2
10296,15,164,10.9
10297,25,238,9.5
10298,19,172,9.1
10299,25,214,8.6
10300,19,204,10.7
10301,18,151,8.4
10302,19,125,6.6
10303,20,127,6.4
10304,20,182,9.1
10305,23,187,8.1
10306,18,156,8.7
10307,22,168,7.6
10308,25,174,7.0
10309,19,175,9.2
10310,27,220,8.1
10311,23,199,8.7
10312,19,176,9.3
10313,20,198,9.9
10314,22,161,7.3
10315,19,176,9.3
10316,22,223,10.1
10317,21,138,6.6
10318,17,183,10.8
10319,18,170,9.4
10320,25,175,7.0
10321,25,195,7.8
10322,22,159,7.2
10323,17,126,7.4
10324,16,106,6.6
10325,20,135,6.8
10326,24,177,7.4
10327,15,113,7.5
10328,21,179,8.5
10329,21,190,9.0
10330,26,227,8.7
10331,19,195,10.3
10332,22,161,7.3
10333,21,223,10.6
10334,20,168,8.4
10335,23,157,6.8
10336,23,152,6.6
10337,18,150,8.3
10338,19,142,7.5
10339,17,161,9.5
10340,18,123,6.8
10341,24,226,9.4
10342,24,212,8.8
10343,21,154,7.3
10344,19,176,9.3
10345,20,137,6.8
10346,22,185,8.4
10347,22,197,9.0
10348,23,201,8.7
10349,30,203,6.8
10350,23,160,7.0
10351,18,136,7.6
10352,19,163,8.6
10353,25,220,8.8
10354,21,202,9.6
10355,25,197,7.9
10356,19,127,6.7
10357,29,245,8.4
10358,30,203,6.8
10359,20,153,7.6
10360,21,187,8.9
10361,19,125,6.6
10362,19,139,7.3
10363,21,164,7.8
10364,19,191,10.1
10365,20,194,9.7
10366,24,232,9.7
10367,23,189,8.2
10368,23,194,8.4
10369,19,189,9.9
10370,26,220,8.5
10371,20,158,7.9
10372,25,224,9.0
10373,26,238,9.2
10374,22,204,9.3
10375,19,215,11.3
10376,22,190,8.6
10377,25,228,9.1
10378,27,202,7.5
10379,20,172,8.6
10380,24,216,9.0
10381,28,227,8.1
10382,19,215,11.3
10383,25,243,9.7
10384,30,220,7.3
10385,23,205,8.9
10386,21,176,8.4
10387,18,180,10.0
10388,26,224,8.6
10389,24,193,8.0
10390,21,178,8.5
10391,27,235,8.7
10392,24,213,8.9
10393,23,227,9.9
10394,18,178,9.9
10395,19,181,9.5
10396,21,162,7.7
10397,25,189,7.6
10398,22,179,8.1
10399,25,180,7.2
10400,26,201,7.7
10401,24,179,7.5
10402,25,189,7.6
10403,24,177,7.4
10404,22,185,8.4
10405,21,172,8.2
10406,23,214,9.3
10407,31,217,7.0
10408,22,201,9.1
10409,21,174,8.3
10410,22,190,8.6
10411,28,204,7.3
10412,24,155,6.5
10413,13,85,6.5
10414,22,201,9.1
10415,29,226,7.8
10416,22,155,7.0
10417,24,196,8.2
10418,20,203,10.2
10419,28,214,7.6
10420,24,184,7.7
10421,22,156,7.1
10422,29,243,8.4
10423,28,199,7.1
10424,25,165,6.6
10425,21,175,8.3
10426,23,168,7.3
10427,14,174,12.4
10428,20,143,7.2
10429,23,203,8.8
10430,20,182,9.1
10431,22,162,7.4
10432,21,173,8.2
10433,21,162,7.7
10434,28,211,7.5
10435,19,158,8.3
10436,24,149,6.2
10437,17,121,7.1
10438,25,174,7.0
10439,26,188,7.2
10440,22,161,7.3
10441,22,196,8.9
10442,17,109,6.4
10443,21,181,8.6
10444,27,194,7.2
10445,22,153,7.0
10446,30,200,6.7
10447,19,146,7.7
10448,24,177,7.4
10449,25,182,7.3
10450,29,187,6.4
10451,18,152,8.4
10452,24,157,6.5
10453,21,148,7.0
10454,23,177,7.7
10455,19,152,8.0
10456,29,189,6.5
10457,17,149,8.8
10458,18,141,7.8
10459,20,156,7.8
10460,22,191,8.7
10461,19,196,10.3
10462,26,174,6.7
10463,17,125,7.4
10464,20,140,7.0
10465,18,136,7.6
10466,14,125,8.9
10467,22,168,7.6
10468,19,172,9.1
10469,23,167,7.3
10470,29,213,7.3
10471,21,162,7.7
10472,23,139,6.0
10473,26,157,6.0
10474,22,175,8.0
10475,21,181,8.6
10476,25,157,6.3
10477,11,103,9.4
10478,23,175,7.6
10479,25,149,6.0
10480,20,145,7.2
10481,21,150,7.1
10482,21,173,8.2
10483,17,134,7.9
10484,20,171,8.6
10485,24,178,7.4
10486,18,130,7.2
10487,16,119,7.4
10488,18,143,7.9
10489,14,110,7.9
10490,22,180,8.2
10491,19,155,8.2
10492,17,124,7.3
10493,32,212,6.6
10494,23,170,7.4
10495,22,155,7.0
10496,26,201,7.7
10497,20,152,7.6
10498,16,150,9.4
10499,22,151,6.9
10500,19,134,7.1
10501,21,164,7.8
10502,24,188,7.8
10503,25,178,7.1
10504,23,180,7.8
10505,23,155,6.7
10506,23,185,8.0
10507,25,180,7.2
10508,23,199,8.7
10509,19,155,8.2
10510,20,150,7.5
10511,19,140,7.4
10512,21,165,7.9
10513,24,181,7.5
10514,19,140,7.4
10515,14,128,9.1
10516,26,194,7.5
10517,20,160,8.0
10518,23,165,7.2
10519,21,145,6.9
10520,23,149,6.5
10521,22,163,7.4
10522,25,207,8.3
10523,18,132,7.3
10524,27,255,9.4
10525,22,146,6.6
10526,23,172,7.5
10527,25,195,7.8
10528,25,224,9.0
10529,17,127,7.5
10530,26,194,7.5
10531,20,173,8.6
10532,21,160,7.6
10533,17,125,7.4
10534,21,150,7.1
10535,22,172,7.8
10536,13,122,9.4
10537,21,146,7.0
10538,26,195,7.5
10539,26,186,7.2
10540,22,161,7.3
10541,22,157,7.1
10542,20,145,7.2
10543,24,160,6.7
10544,23,164,7.1
10545,23,170,7.4
10546,15,105,7.0
10547,21,157,7.5
10548,24,156,6.5
10549,26,199,7.7
10550,16,114,7.1
10551,26,206,7.9
10552,23,189,8.2
10553,19,151,7.9
10554,19,140,7.4
10555,25,194,7.8
10556,23,185,8.0
10557,22,182,8.3
10558,20,162,8.1
10559,20,156,7.8
10560,29,212,7.3
10561,17,151,8.9
10562,20,168,8.4
10563,17,128,7.5
10564,25,155,6.2
10565,23,166,7.2
10566,20,149,7.4
10567,30,205,6.8
10568,27,193,7.1
10569,19,153,8.1
10570,24,164,6.8
10571,15,113,7.5
10572,22,160,7.3
10573,19,144,7.6
10574,19,141,7.4
10575,17,114,6.7
10576,20,142,7.1
10577,19,145,7.6
10578,16,142,8.9
10579,23,164,7.1
10580,20,161,8.0
10581,28,198,7.1
10582,21,164,7.8
10583,21,169,8.0
10584,26,194,7.5
10585,20,179,9.0
10586,21,173,8.2
10587,22,145,6.6
10588,21,169,8.0
10589,24,171,7.1
10590,17,124,7.3
10591,22,162,7.4
10592,19,145,7.6
10593,24,178,7.4
10594,25,159,6.4
10595,16,125,7.8
10596,18,175,9.7
10597,17,126,7.4
10598,18,133,7.4
10599,26,178,6.8
10600,19,147,7.7
10601,22,160,7.3
10602,20,145,7.2
10603,21,184,8.8
10604,25,194,7.8
10605,20,180,9.0
10606,25,183,7.3
10607,25,201,8.0
10608,18,157,8.7
10609,21,159,7.6
10610,17,135,7.9
10611,25,173,6.9
10612,19,150,7.9
10613,26,179,6.9
10614,24,180,7.5
10615,24,167,7.0
10616,23,181,7.9
10617,22,200,9.1
10618,22,190,8.6
10619,15,189,12.6
10620,20,152,7.6
10621,16,168,10.5
10622,26,202,7.8
10623,27,211,7.8
10624,19,180,9.5
10625,15,119,7.9
10626,29,192,6.6
10627,19,140,7.4
10628,19,174,9.2
10629,20,190,9.5
10630,21,167,8.0
10631,22,163,7.4
10632,26,209,8.0
10633,25,194,7.8
10634,25,207,8.3
10635,24,182,7.6
10636,23,175,7.6
10637,25,227,9.1
10638,23,166,7.2
10639,19,146,7.7
10640,19,196,10.3
10641,20,171,8.6
10642,24,186,7.8
10643,18,180,10.0
10644,29,200,6.9
10645,30,221,7.4
10646,29,223,7.7
10647,26,201,7.7
10648,29,231,8.0
10649,19,144,7.6
10650,28,199,7.1
10651,23,197,8.6
10652,17,118,6.9
10653,21,177,8.4
10654,27,191,7.1
10655,29,215,7.4
10656,23,158,6.9
10657,25,224,9.0
10658,20,171,8.6
10659,19,158,8.3
10660,28,202,7.2
10661,20,161,8.0
10662,15,144,9.6
10663,20,193,9.6
10664,22,185,8.4
10665,22,158,7.2
10666,22,186,8.5
10667,20,170,8.5
10668,26,190,7.3
10669,26,190,7.3
10670,25,192,7.7
10671,27,193,7.1
10672,24,173,7.2
10673,24,186,7.8
10674,25,182,7.3
10675,20,175,8.8
10676,23,180,7.8
10677,23,182,7.9
10678,28,225,8.0
10679,29,240,8.3
10680,27,226,8.4
10681,29,229,7.9
10682,27,227,8.4
10683,27,219,8.1
10684,25,189,7.6
10685,17,112,6.6
10686,21,172,8.2
10687,27,215,8.0
10688,20,160,8.0
10689,20,175,8.8
10690,22,146,6.6
10691,16,148,9.2
10692,28,194,6.9
10693,23,198,8.6
10694,29,250,8.6
10695,29,228,7.9
10696,28,214,7.6
10697,25,221,8.8
10698,25,201,8.0
10699,23,185,8.0
10700,16,166,10.4
10701,19,187,9.8
10702,24,196,8.2
10703,24,203,8.5
10704,20,160,8.0
10705,23,189,8.2
10706,17,136,8.0
10707,23,162,7.0
10708,24,205,8.5
10709,24,177,7.4
10710,25,179,7.2
10711,25,180,7.2
10712,23,188,8.2
10713,28,197,7.0
10714,15,119,7.9
10715,22,138,6.3
10716,19,138,7.3
10717,20,160,8.0
10718,34,234,6.9
10719,19,147,7.7
10720,18,129,7.2
10721,20,136,6.8
10722,20,151,7.6
10723,17,109,6.4
10724,15,113,7.5
10725,20,130,6.5
10726,21,160,7.6
10727,14,112,8.0
10728,24,200,8.3
10729,17,158,9.3
10730,26,193,7.4
10731,20,145,7.2
10732,18,150,8.3
10733,19,160,8.4
10734,16,135,8.4
10735,22,154,7.0
10736,15,111,7.4
10737,18,142,7.9
10738,20,139,7.0
10739,12,115,9.6
10740,18,137,7.6
10741,22,161,7.3
10742,14,124,8.9
10743,22,194,8.8
10744,16,124,7.8
10745,17,119,7.0
10746,17,119,7.0
10747,22,175,8.0
10748,15,108,7.2
10749,23,153,6.7
10750,25,165,6.6
10751,13,89,6.8
10752,19,122,6.4
10753,15,131,8.7
10754,23,159,6.9
10755,21,157,7.5
10756,13,136,10.5
10757,14,128,9.1
10758,18,136,7.6
10759,19,160,8.4
10760,22,170,7.7
10761,22,175,8.0
10762,23,195,8.5
10763,16,156,9.8
10764,19,143,7.5
10765,17,146,8.6
10766,19,167,8.8
10767,19,177,9.3
10768,20,160,8.0
10769,22,190,8.6
10770,19,174,9.2
10771,24,185,7.7
10772,27,204,7.6
10773,26,178,6.8
10774,22,192,8.7
10775,25,191,7.6
10776,28,208,7.4
10777,22,192,8.7
10778,20,163,8.2
10779,26,188,7.2
10780,22,186,8.5
10781,24,181,7.5
10782,20,176,8.8
10783,20,147,7.4
10784,25,175,7.0
10785,23,156,6.8
10786,24,163,6.8
10787,21,147,7.0
10788,25,188,7.5
10789,22,159,7.2
10790,24,189,7.9
10791,21,151,7.2
10792,17,119,7.0
10793,18,148,8.2
10794,16,110,6.9
10795,20,146,7.3
10796,22,214,9.7
10797,27,172,6.4
10798,26,189,7.3
10799,14,130,9.3
10800,26,231,8.9
10801,23,168,7.3
10802,26,237,9.1
10803,20,139,7.0
10804,20,220,11.0
10805,17,129,7.6
10806,16,129,8.1
10807,21,236,11.2
10808,24,205,8.5
10809,16,135,8.4
10810,23,174,7.6
10811,27,187,6.9
10812,21,143,6.8
10813,17,139,8.2
10814,19,136,7.2
10815,20,163,8.2
10816,17,143,8.4
10817,20,166,8.3
10818,17,113,6.6
10819,20,151,7.6
10820,17,106,6.2
10821,16,180,11.2
10822,13,142,10.9
10823,17,166,9.8
10824,25,184,7.4
10825,21,188,9.0
10826,22,167,7.6
10827,16,176,11.0
10828,17,136,8.0
10829,14,130,9.3
10830,20,155,7.8
10831,20,154,7.7
10832,19,181,9.5
10833,19,159,8.4
10834,23,174,7.6
10835,17,134,7.9
10836,25,199,8.0
10837,24,190,7.9
10838,22,163,7.4
10839,21,181,8.6
10840,24,180,7.5
10841,21,144,6.9
10842,19,161,8.5
10843,26,195,7.5
10844,24,171,7.1
10845,26,196,7.5
10846,24,200,8.3
10847,19,195,10.3
10848,24,232,9.7
10849,29,172,5.9
10850,19,170,8.9
10851,16,119,7.4
10852,20,132,6.6
10853,18,138,7.7
10854,20,156,7.8
10855,23,187,8.1
10856,19,160,8.4
10857,27,195,7.2
10858,28,216,7.7
10859,26,193,7.4
10860,23,197,8.6
10861,21,153,7.3
10862,23,181,7.9
10863,23,200,8.7
10864,21,169,8.0
10865,17,165,9.7
10866,17,180,10.6
10867,18,184,10.2
10868,22,185,8.4
10869,27,184,6.8
10870,20,143,7.2
10871,22,190,8.6
10872,24,169,7.0
10873,23,175,7.6
10874,18,159,8.8
10875,16,114,7.1
10876,19,143,7.5
10877,21,173,8.2
10878,28,213,7.6
10879,24,208,8.7
10880,26,236,9.1
10881,25,188,7.5
10882,24,204,8.5
10883,26,196,7.5
10884,29,221,7.6
10885,20,152,7.6
10886,25,187,7.5
10887,21,149,7.1
10888,22,147,6.7
10889,27,185,6.9
10890,20,147,7.4
10891,25,183,7.3
10892,20,166,8.3
10893,19,180,9.5
10894,14,171,12.2
10895,21,160,7.6
10896,19,171,9.0
10897,21,173,8.2
10898,17,141,8.3
10899,24,190,7.9
10900,18,147,8.2
10901,22,201,9.1
10902,28,190,6.8
10903,18,155,8.6
10904,29,190,6.6
10905,20,190,9.5
10906,25,203,8.1
10907,19,157,8.3
10908,22,163,7.4
10909,20,170,8.5
10910,24,207,8.6
10911,20,147,7.4
10912,23,193,8.4
10913,26,186,7.2
10914,22,161,7.3
10915,19,133,7.0
10916,26,178,6.8
10917,29,240,8.3
10918,17,135,7.9
10919,18,155,8.6
10920,24,180,7.5
10921,24,172,7.2
10922,19,137,7.2
10923,15,121,8.1
10924,19,136,7.2
10925,23,174,7.6
10926,21,135,6.4
10927,20,163,8.2
10928,27,197,7.3
10929,22,155,7.0
10930,20,168,8.4
10931,24,188,7.8
10932,24,179,7.5
10933,15,124,8.3
10934,19,139,7.3
10935,19,137,7.2
10936,25,188,7.5
10937,17,161,9.5
10938,23,188,8.2
10939,17,148,8.7
10940,17,111,6.5
10941,18,160,8.9
10942,16,113,7.1
10943,19,179,9.4
10944,22,175,8.0
10945,18,123,6.8
10946,18,150,8.3
10947,25,172,6.9
10948,24,179,7.5
10949,21,163,7.8
10950,22,142,6.5
10951,17,171,10.1
10952,19,162,8.5
10953,21,165,7.9
10954,21,127,6.0
10955,21,133,6.3
10956,28,209,7.5
10957,22,136,6.2
10958,16,130,8.1
10959,23,162,7.0
10960,17,138,8.1
10961,21,182,8.7
10962,20,150,7.5
10963,26,182,7.0
10964,23,160,7.0
10965,20,126,6.3
10966,27,200,7.4
10967,20,157,7.8
10968,19,182,9.6
10969,25,173,6.9
10970,23,160,7.0
10971,21,193,9.2
10972,20,155,7.8
10973,14,117,8.4
10974,24,183,7.6
10975,18,123,6.8
10976,22,151,6.9
10977,19,158,8.3
10978,23,162,7.0
10979,21,180,8.6
10980,22,180,8.2
10981,23,183,8.0
10982,23,175,7.6
10983,25,197,7.9
10984,28,209,7.5
10985,24,210,8.8
10986,22,167,7.6
10987,25,200,8.0
10988,21,158,7.5
10989,17,130,7.6
10990,25,207,8.3
10991,26,201,7.7
10992,20,140,7.0
10993,26,196,7.5
10994,18,164,9.1
10995,21,179,8.5
10996,21,177,8.4
10997,18,152,8.4
10998,21,145,6.9
10999,25,185,7.4
11000,22,154,7.0
11001,22,167,7.6
11002,22,165,7.5
11003,15,137,9.1
11004,21,163,7.8
11005,23,170,7.4
11006,27,184,6.8
11007,23,186,8.1
11008,22,166,7.5
11009,22,161,7.3
11010,25,189,7.6
11011,26,180,6.9
11012,26,207,8.0
11013,23,176,7.7
11014,19,149,7.8
11015,23,214,9.3
11016,28,221,7.9
11017,16,134,8.4
11018,19,157,8.3
11019,18,129,7.2
11020,25,196,7.8
11021,24,195,8.1
11022,22,191,8.7
11023,24,198,8.2
11024,24,179,7.5
11025,23,152,6.6
11026,25,169,6.8
11027,26,199,7.7
11028,21,162,7.7
11029,17,121,7.1
11030,21,146,7.0
11031,18,141,7.8
11032,21,169,8.0
11033,19,148,7.8
11034,17,138,8.1
11035,23,190,8.3
11036,21,149,7.1
11037,21,161,7.7
11038,24,182,7.6
11039,20,159,8.0
11040,19,157,8.3
11041,29,176,6.1
11042,26,182,7.0
11043,22,165,7.5
11044,15,125,8.3
11045,14,120,8.6
11046,20,152,7.6
11047,19,148,7.8
11048,28,185,6.6
11049,22,176,8.0
11050,26,174,6.7
11051,19,156,8.2
11052,18,120,6.7
11053,19,151,7.9
11054,15,103,6.9
11055,21,171,8.1
11056,24,193,8.0
11057,16,114,7.1
11058,18,181,10.1
11059,29,225,7.8
11060,27,231,8.6
11061,19,175,9.2
11062,26,182,7.0
11063,27,193,7.1
11064,25,194,7.8
11065,20,154,7.7
11066,18,125,6.9
11067,19,158,8.3
11068,18,153,8.5
11069,18,174,9.7
11070,20,178,8.9
11071,19,165,8.7
11072,25,183,7.3
11073,28,191,6.8
11074,22,179,8.1
11075,18,146,8.1
11076,17,139,8.2
11077,21,165,7.9
11078,26,195,7.5
11079,19,150,7.9
11080,21,179,8.5
11081,26,193,7.4
11082,22,169,7.7
11083,20,150,7.5
11084,16,154,9.6
11085,22,189,8.6
11086,25,186,7.4
11087,28,196,7.0
11088,22,174,7.9
11089,20,160,8.0
11090,28,229,8.2
11091,28,230,8.2
11092,29,208,7.2
11093,24,213,8.9
11094,13,137,10.5
11095,22,183,8.3
11096,22,186,8.5
11097,21,161,7.7
11098,17,141,8.3
11099,22,183,8.3
11100,22,149,6.8
11101,21,209,10.0
11102,21,164,7.8
11103,22,193,8.8
11104,22,216,9.8
11105,29,241,8.3
11106,19,202,10.6
11107,21,193,9.2
11108,20,162,8.1
11109,23,219,9.5
11110,24,174,7.2
11111,25,180,7.2
11112,22,175,8.0
11113,25,236,9.4
11114,21,197,9.4
11115,22,217,9.9
11116,21,161,7.7
11117,25,180,7.2
11118,24,158,6.6
11119,22,200,9.1
11120,18,194,10.8
11121,19,175,9.2
11122,24,177,7.4
11123,20,171,8.6
11124,24,199,8.3
11125,18,149,8.3
11126,23,179,7.8
11127,23,199,8.7
11128,17,173,10.2
11129,18,152,8.4
11130,22,213,9.7
11131,20,188,9.4
11132,19,156,8.2
11133,25,216,8.6
11134,20,189,9.4
11135,16,169,10.6
11136,21,178,8.5
11137,23,159,6.9
11138,20,178,8.9
11139,25,205,8.2
11140,20,175,8.8
11141,23,222,9.7
11142,19,125,6.6
11143,18,199,11.1
11144,20,173,8.6
11145,23,211,9.2
11146,18,182,10.1
11147,25,192,7.7
11148,30,224,7.5
11149,25,193,7.7
11150,24,226,9.4
11151,28,185,6.6
11152,20,164,8.2
11153,18,169,9.4
11154,21,172,8.2
11155,17,165,9.7
11156,17,122,7.2
11157,18,182,10.1
11158,21,176,8.4
11159,22,179,8.1
11160,23,185,8.0
11161,21,188,9.0
11162,22,184,8.4
11163,17,186,10.9
11164,14,162,11.6
11165,21,194,9.2
11166,20,171,8.6
11167,20,215,10.8
11168,22,206,9.4
11169,23,197,8.6
11170,21,206,9.8
11171,18,186,10.3
11172,19,187,9.8
11173,25,175,7.0
11174,20,202,10.1
11175,18,175,9.7
11176,22,170,7.7
11177,24,198,8.2
11178,16,168,10.5
11179,21,201,9.6
11180,16,207,12.9
11181,18,124,6.9
11182,22,152,6.9
11183,30,238,7.9
11184,20,175,8.8
11185,20,130,6.5
11186,24,205,8.5
11187,26,226,8.7
11188,21,147,7.0
11189,27,202,7.5
11190,25,203,8.1
11191,19,173,9.1
11192,22,157,7.1
11193,24,177,7.4
11194,13,135,10.4
11195,20,183,9.2
11196,17,182,10.7
11197,16,122,7.6
11198,18,144,8.0
11199,23,172,7.5
11200,26,211,8.1
11201,23,193,8.4
11202,23,183,8.0
11203,18,171,9.5
11204,17,155,9.1
11205,28,237,8.5
11206,25,210,8.4
11207,22,176,8.0
11208,20,180,9.0
11209,24,190,7.9
11210,17,178,10.5
11211,21,171,8.1
11212,23,152,6.6
11213,19,146,7.7
11214,22,141,6.4
11215,18,142,7.9
11216,17,159,9.4
11217,23,223,9.7
11218,19,153,8.1
11219,24,224,9.3
11220,24,187,7.8
11221,23,200,8.7
11222,25,209,8.4
11223,21,177,8.4
11224,21,187,8.9
11225,22,172,7.8
11226,22,182,8.3
11227,19,152,8.0
11228,28,240,8.6
11229,19,162,8.5
11230,19,164,8.6
11231,19,134,7.1
11232,23,173,7.5
11233,20,193,9.6
11234,19,141,7.4
11235,21,173,8.2
11236,15,117,7.8
11237,20,184,9.2
11238,19,129,6.8
11239,13,124,9.5
11240,17,125,7.4
11241,13,86,6.6
11242,25,161,6.4
11243,25,190,7.6
11244,21,136,6.5
11245,22,139,6.3
11246,20,141,7.0
11247,30,255,8.5
11248,19,150,7.9
11249,24,163,6.8
11250,18,138,7.7
11251,25,200,8.0
11252,20,140,7.0
11253,21,163,7.8
11254,15,128,8.5
11255,21,156,7.4
11256,16,145,9.1
11257,18,161,8.9
11258,18,130,7.2
11259,17,153,9.0
11260,21,160,7.6
11261,21,143,6.8
11262,19,160,8.4
11263,23,192,8.3
11264,18,120,6.7
11265,15,117,7.8
11266,17,162,9.5
11267,26,213,8.2
11268,19,165,8.7
11269,21,171,8.1
11270,23,174,7.6
11271,25,199,8.0
11272,24,174,7.2
11273,24,180,7.5
11274,23,174,7.6
11275,28,210,7.5
11276,25,194,7.8
11277,20,169,8.4
11278,24,192,8.0
11279,19,155,8.2
11280,21,151,7.2
11281,21,174,8.3
11282,29,199,6.9
11283,21,149,7.1
11284,21,148,7.0
11285,20,160,8.0
11286,19,161,8.5
11287,24,172,7.2
11288,24,156,6.5
11289,21,141,6.7
11290,21,131,6.2
11291,25,175,7.0
11292,15,150,10.0
11293,24,187,7.8
11294,27,216,8.0
11295,20,129,6.4
11296,18,151,8.4
11297,18,126,7.0
11298,21,151,7.2
11299,17,131,7.7
11300,18,170,9.4
11301,24,174,7.2
11302,24,170,7.1
11303,21,152,7.2
11304,25,169,6.8
11305,23,186,8.1
11306,20,174,8.7
11307,19,119,6.3
11308,21,174,8.3
11309,18,150,8.3
11310,24,175,7.3
11311,18,168,9.3
11312,22,145,6.6
11313,18,148,8.2
11314,21,157,7.5
11315,18,135,7.5
11316,20,146,7.3
11317,29,201,6.9
11318,18,161,8.9
11319,19,136,7.2
11320,28,182,6.5
11321,25,156,6.2
11322,20,141,7.0
11323,19,165,8.7
11324,22,158,7.2
11325,19,148,7.8
11326,25,193,7.7
11327,29,201,6.9
11328,30,212,7.1
11329,20,152,7.6
11330,19,135,7.1
11331,26,173,6.7
11332,18,118,6.6
11333,18,165,9.2
11334,22,160,7.3
11335,26,187,7.2
11336,25,200,8.0
11337,18,155,8.6
11338,22,161,7.3
11339,23,194,8.4
11340,17,118,6.9
11341,23,155,6.7
11342,16,131,8.2
11343,24,188,7.8
11344,21,140,6.7
11345,19,145,7.6
11346,23,157,6.8
11347,20,129,6.4
11348,16,132,8.2
11349,22,161,7.3
11350,22,147,6.7
11351,23,178,7.7
11352,27,193,7.1
11353,21,176,8.4
11354,23,169,7.3
11355,23,152,6.6
11356,23,170,7.4
11357,13,102,7.8
11358,25,202,8.1
11359,24,195,8.1
11360,20,204,10.2
11361,24,198,8.2
11362,24,198,8.2
11363,17,175,10.3
11364,20,152,7.6
11365,20,180,9.0
11366,20,153,7.6
11367,21,162,7.7
11368,25,231,9.2
11369,25,171,6.8
11370,14,92,6.6
11371,17,132,7.8
11372,21,169,8.0
11373,20,148,7.4
11374,20,153,7.6
11375,19,158,8.3
11376,23,163,7.1
11377,22,136,6.2
11378,22,198,9.0
11379,19,149,7.8
11380,26,180,6.9
11381,21,161,7.7
11382,16,134,8.4
11383,17,161,9.5
11384,26,207,8.0
11385,21,166,7.9
11386,14,124,8.9
11387,21,148,7.0
11388,22,153,7.0
11389,21,147,7.0
11390,18,155,8.6
11391,22,158,7.2
11392,28,192,6.9
11393,20,170,8.5
11394,22,161,7.3
11395,21,175,8.3
11396,16,119,7.4
11397,24,190,7.9
11398,20,135,6.8
11399,21,155,7.4
11400,18,124,6.9
11401,24,161,6.7
11402,21,153,7.3
11403,21,154,7.3
11404,20,152,7.6
11405,23,209,9.1
11406,24,215,9.0
11407,16,123,7.7
11408,22,163,7.4
11409,25,187,7.5
11410,18,170,9.4
11411,23,180,7.8
11412,17,107,6.3
11413,19,152,8.0
11414,25,166,6.6
11415,19,162,8.5
11416,28,198,7.1
11417,23,176,7.7
11418,27,190,7.0
11419,21,196,9.3
11420,21,129,6.1
11421,27,204,7.6
11422,21,140,6.7
11423,24,179,7.5
11424,21,158,7.5
11425,27,175,6.5
11426,19,164,8.6
11427,21,153,7.3
11428,23,161,7.0
11429,21,126,6.0
11430,22,160,7.3
11431,28,199,7.1
11432,23,175,7.6
11433,23,179,7.8
11434,26,172,6.6
11435,26,193,7.4
11436,21,180,8.6
11437,20,185,9.2
11438,18,155,8.6
11439,20,160,8.0
11440,22,187,8.5
11441,26,185,7.1
11442,24,185,7.7
11443,23,208,9.0
11444,20,159,8.0
11445,21,187,8.9
11446,29,216,7.4
11447,21,166,7.9
11448,16,167,10.4
11449,22,197,9.0
11450,21,205,9.8
11451,27,190,7.0
11452,24,200,8.3
11453,29,212,7.3
11454,23,183,8.0
11455,25,191,7.6
11456,21,186,8.9
11457,32,210,6.6
11458,29,207,7.1
11459,22,231,10.5
11460,25,197,7.9
11461,25,184,7.4
11462,19,175,9.2
11463,24,176,7.3
11464,26,207,8.0
11465,28,194,6.9
11466,28,206,7.4
11467,24,215,9.0
11468,21,166,7.9
11469,21,198,9.4
11470,22,179,8.1
11471,19,149,7.8
11472,20,179,9.0
11473,23,200,8.7
11474,24,201,8.4
11475,22,207,9.4
11476,26,188,7.2
11477,22,174,7.9
11478,27,225,8.3
11479,16,138,8.6
11480,32,258,8.1
11481,16,161,10.1
11482,22,188,8.5
11483,19,137,7.2
11484,22,214,9.7
11485,23,166,7.2
11486,21,175,8.3
11487,14,162,11.6
11488,21,130,6.2
11489,21,183,8.7
11490,24,167,7.0
11491,25,178,7.1
11492,15,107,7.1
11493,17,176,10.4
11494,19,125,6.6
11495,22,215,9.8
11496,21,183,8.7
11497,19,204,10.7
11498,18,181,10.1
11499,21,141,6.7
11500,23,177,7.7
11501,23,188,8.2
11502,19,120,6.3
11503,22,174,7.9
11504,24,165,6.9
11505,19,161,8.5
11506,22,173,7.9
11507,25,182,7.3
11508,25,178,7.1
11509,19,146,7.7
11510,24,174,7.2
11511,19,165,8.7
11512,16,124,7.8
11513,25,175,7.0
11514,17,139,8.2
11515,21,141,6.7
11516,21,170,8.1
11517,21,164,7.8
11518,20,155,7.8
11519,25,179,7.2
11520,24,198,8.2
11521,22,185,8.4
11522,17,144,8.5
11523,23,183,8.0
11524,23,150,6.5
11525,29,208,7.2
11526,27,189,7.0
11527,23,184,8.0
11528,25,184,7.4
11529,20,182,9.1
11530,21,201,9.6
11531,20,182,9.1
11532,22,172,7.8
11533,20,150,7.5
11534,24,181,7.5
11535,26,207,8.0
11536,25,197,7.9
11537,19,170,8.9
11538,13,106,8.2
11539,25,176,7.0
11540,25,184,7.4
11541,20,151,7.6
11542,21,172,8.2
11543,22,190,8.6
11544,23,202,8.8
11545,19,134,7.1
11546,22,175,8.0
11547,21,158,7.5
11548,20,149,7.4
11549,26,191,7.3
11550,21,159,7.6
11551,19,166,8.7
11552,17,168,9.9
11553,15,151,10.1
11554,20,151,7.6
11555,20,173,8.6
11556,22,139,6.3
11557,20,138,6.9
11558,20,145,7.2
11559,22,181,8.2
11560,21,136,6.5
11561,19,139,7.3
11562,21,159,7.6
11563,18,149,8.3
11564,23,160,7.0
11565,24,171,7.1
11566,18,133,7.4
11567,21,173,8.2
11568,24,193,8.0
11569,18,147,8.2
11570,15,114,7.6
11571,27,191,7.1
11572,32,215,6.7
11573,18,180,10.0
11574,21,134,6.4
11575,23,193,8.4
11576,21,169,8.0
11577,19,156,8.2
11578,24,182,7.6
11579,21,168,8.0
11580,15,115,7.7
11581,16,116,7.2
11582,21,153,7.3
11583,19,145,7.6
11584,23,173,7.5
11585,23,166,7.2
11586,23,166,7.2
11587,19,168,8.8
11588,17,156,9.2
11589,19,184,9.7
11590,23,177,7.7
11591,28,202,7.2
11592,24,208,8.7
11593,26,182,7.0
11594,27,200,7.4
11595,22,171,7.8
11596,21,187,8.9
11597,22,206,9.4
11598,20,164,8.2
11599,16,131,8.2
11600,29,200,6.9
11601,19,142,7.5
11602,24,162,6.8
11603,19,155,8.2
11604,26,204,7.8
11605,21,177,8.4
11606,23,166,7.2
11607,25,175,7.0
11608,17,171,10.1
11609,20,215,10.8
11610,22,163,7.4
11611,25,207,8.3
11612,21,167,8.0
11613,24,188,7.8
11614,23,152,6.6
11615,23,174,7.6
11616,19,188,9.9
11617,20,238,11.9
11618,17,158,9.3
11619,24,175,7.3
11620,23,243,10.6
11621,25,220,8.8
11622,21,177,8.4
11623,21,180,8.6
11624,23,183,8.0
11625,30,210,7.0
11626,22,211,9.6
11627,27,225,8.3
11628,23,187,8.1
11629,25,215,8.6
11630,22,197,9.0
11631,22,178,8.1
11632,26,214,8.2
11633,20,211,10.6
11634,21,190,9.0
11635,24,166,6.9
11636,20,157,7.8
11637,27,189,7.0
11638,23,238,10.3
11639,20,226,11.3
11640,22,232,10.5
11641,22,222,10.1
11642,29,220,7.6
11643,23,239,10.4
11644,18,180,10.0
11645,21,216,10.3
11646,17,198,11.6
11647,19,155,8.2
11648,22,161,7.3
11649,21,171,8.1
11650,15,148,9.9
11651,22,185,8.4
11652,17,165,9.7
11653,29,209,7.2
11654,14,143,10.2
11655,21,163,7.8
11656,21,166,7.9
11657,18,185,10.3
11658,27,248,9.2
11659,22,189,8.6
11660,25,186,7.4
11661,21,204,9.7
11662,18,208,11.6
11663,31,241,7.8
11664,24,202,8.4
11665,23,202,8.8
11666,20,193,9.6
11667,22,200,9.1
11668,19,224,11.8
11669,18,193,10.7
11670,22,228,10.4
11671,20,203,10.2
11672,24,216,9.0
11673,23,185,8.0
11674,24,210,8.8
11675,23,200,8.7
11676,25,226,9.0
11677,23,204,8.9
11678,22,227,10.3
11679,30,248,8.3
11680,23,201,8.7
11681,25,217,8.7
11682,20,199,10.0
11683,20,213,10.6
11684,21,193,9.2
11685,22,200,9.1
11686,26,203,7.8
11687,16,145,9.1
11688,25,178,7.1
11689,19,196,10.3
11690,20,189,9.4
11691,23,228,9.9
11692,24,171,7.1
11693,18,157,8.7
11694,21,157,7.5
11695,22,175,8.0
11696,19,175,9.2
11697,24,182,7.6
11698,25,182,7.3
11699,29,198,6.8
11700,20,168,8.4
11701,23,156,6.8
11702,23,194,8.4
11703,26,178,6.8
11704,28,193,6.9
11705,24,204,8.5
11706,19,168,8.8
11707,24,158,6.6
11708,23,202,8.8
11709,25,171,6.8
11710,28,185,6.6
11711,20,146,7.3
11712,22,186,8.5
11713,23,172,7.5
11714,19,161,8.5
11715,19,146,7.7
11716,24,180,7.5
11717,23,174,7.6
11718,22,176,8.0
11719,24,193,8.0
11720,18,138,7.7
11721,23,172,7.5
11722,15,117,7.8
11723,25,191,7.6
11724,21,184,8.8
11725,22,185,8.4
11726,23,170,7.4
11727,16,118,7.4
11728,20,148,7.4
11729,23,157,6.8
11730,20,186,9.3
11731,22,185,8.4
11732,12,134,11.2
11733,25,163,6.5
11734,22,188,8.5
11735,18,159,8.8
11736,26,199,7.7
11737,24,186,7.8
11738,23,187,8.1
11739,21,185,8.8
11740,26,204,7.8
11741,20,178,8.9
11742,30,205,6.8
11743,23,160,7.0
11744,26,169,6.5
11745,24,181,7.5
11746,26,175,6.7
11747,21,138,6.6
11748,20,155,7.8
11749,24,204,8.5
11750,24,173,7.2
11751,21,145,6.9
11752,22,161,7.3
11753,26,179,6.9
11754,24,178,7.4
11755,24,159,6.6
11756,18,137,7.6
11757,26,184,7.1
11758,18,126,7.0
11759,24,189,7.9
11760,19,142,7.5
11761,18,144,8.0
11762,17,110,6.5
11763,19,127,6.7
11764,23,153,6.7
11765,22,155,7.0
11766,17,141,8.3
11767,16,113,7.1
11768,19,126,6.6
11769,17,146,8.6
11770,18,152,8.4
11771,19,152,8.0
11772,23,178,7.7
11773,24,177,7.4
11774,12,133,11.1
11775,20,150,7.5
11776,15,128,8.5
11777,15,135,9.0
11778,20,146,7.3
11779,23,150,6.5
11780,25,170,6.8
11781,21,183,8.7
11782,23,212,9.2
11783,23,185,8.0
11784,19,153,8.1
11785,18,130,7.2
11786,26,202,7.8
11787,19,140,7.4
11788,18,134,7.4
11789,28,191,6.8
11790,16,110,6.9
11791,25,178,7.1
11792,20,207,10.4
11793,28,192,6.9
11794,28,211,7.5
11795,25,187,7.5
11796,18,157,8.7
11797,30,210,7.0
11798,25,209,8.4
11799,22,146,6.6
11800,19,157,8.3
11801,24,211,8.8
11802,22,183,8.3
11803,23,209,9.1
11804,23,176,7.7
11805,17,135,7.9
11806,20,166,8.3
11807,24,204,8.5
11808,23,169,7.3
11809,21,172,8.2
11810,23,173,7.5
11811,25,191,7.6
11812,21,148,7.0
11813,21,165,7.9
11814,18,121,6.7
11815,23,190,8.3
11816,18,147,8.2
11817,21,167,8.0
11818,26,207,8.0
11819,20,165,8.2
11820,22,193,8.8
11821,23,157,6.8
11822,20,168,8.4
11823,22,157,7.1
11824,22,175,8.0
11825,17,152,8.9
11826,25,207,8.3
11827,26,198,7.6
11828,23,158,6.9
11829,28,214,7.6
11830,30,227,7.6
11831,26,246,9.5
11832,21,181,8.6
11833,23,218,9.5
11834,16,151,9.4
11835,24,199,8.3
11836,28,196,7.0
11837,26,187,7.2
11838,29,196,6.8
11839,26,190,7.3
11840,18,168,9.3
11841,21,161,7.7
11842,21,221,10.5
11843,25,195,7.8
11844,17,154,9.1
11845,26,198,7.6
11846,25,217,8.7
11847,20,161,8.0
11848,27,191,7.1
11849,18,151,8.4
11850,17,148,8.7
11851,26,207,8.0
11852,28,208,7.4
11853,25,176,7.0
11854,24,189,7.9
11855,18,153,8.5
11856,11,88,8.0
11857,15,147,9.8
11858,24,180,7.5
11859,25,192,7.7
11860,17,155,9.1
11861,18,156,8.7
11862,18,139,7.7
11863,18,136,7.6
11864,25,172,6.9
11865,22,150,6.8
11866,18,143,7.9
11867,20,161,8.0
11868,15,103,6.9
11869,23,196,8.5
11870,28,208,7.4
11871,28,232,8.3
11872,20,157,7.8
11873,15,158,10.5
11874,25,183,7.3
11875,24,177,7.4
11876,24,176,7.3
11877,23,145,6.3
11878,20,125,6.2
11879,20,135,6.8
11880,26,217,8.3
11881,23,164,7.1
11882,23,163,7.1
11883,14,132,9.4
11884,13,99,7.6
11885,30,212,7.1
11886,19,138,7.3
11887,21,154,7.3
11888,22,145,6.6
11889,18,127,7.1
11890,20,148,7.4
11891,21,145,6.9
11892,16,121,7.6
11893,21,159,7.6
11894,17,116,6.8
11895,28,208,7.4
11896,13,90,6.9
11897,23,154,6.7
11898,20,157,7.8
11899,16,118,7.4
11900,23,158,6.9
11901,23,188,8.2
11902,28,222,7.9
11903,26,205,7.9
11904,22,151,6.9
11905,22,156,7.1
11906,18,149,8.3
11907,28,207,7.4
11908,24,175,7.3
11909,25,186,7.4
11910,21,145,6.9
11911,22,153,7.0
11912,19,116,6.1
11913,19,148,7.8
11914,17,124,7.3
11915,24,188,7.8
11916,26,193,7.4
11917,26,177,6.8
11918,25,175,7.0
11919,27,186,6.9
11920,19,164,8.6
11921,22,165,7.5
11922,28,204,7.3
11923,21,172,8.2
11924,19,164,8.6
11925,25,170,6.8
11926,21,160,7.6
11927,21,158,7.5
11928,27,201,7.4
11929,24,183,7.6
11930,24,172,7.2
11931,26,193,7.4
11932,30,219,7.3
11933,18,171,9.5
11934,22,171,7.8
11935,21,176,8.4
11936,28,212,7.6
11937,26,198,7.6
11938,23,213,9.3
11939,20,196,9.8
11940,20,195,9.8
11941,16,136,8.5
11942,23,164,7.1
11943,30,220,7.3
11944,17,167,9.8
11945,22,146,6.6
11946,23,190,8.3
11947,28,219,7.8
11948,21,196,9.3
11949,21,210,10.0
11950,27,204,7.6
11951,21,152,7.2
11952,26,204,7.8
11953,23,158,6.9
11954,23,182,7.9
11955,28,198,7.1
11956,25,208,8.3
11957,22,195,8.9
11958,20,185,9.2
11959,21,187,8.9
11960,23,187,8.1
11961,23,196,8.5
11962,24,191,8.0
11963,22,188,8.5
11964,21,196,9.3
11965,27,215,8.0
11966,21,189,9.0
11967,20,217,10.8
11968,23,163,7.1
11969,22,209,9.5
11970,21,204,9.7
11971,27,225,8.3
11972,22,149,6.8
11973,21,154,7.3
11974,17,127,7.5
11975,14,125,8.9
11976,20,144,7.2
11977,22,160,7.3
11978,20,160,8.0
11979,17,119,7.0
11980,24,196,8.2
11981,17,149,8.8
11982,24,152,6.3
11983,20,158,7.9
11984,22,163,7.4
11985,24,193,8.0
11986,26,176,6.8
11987,19,174,9.2
11988,20,166,8.3
11989,17,162,9.5
11990,20,154,7.7
11991,22,172,7.8
11992,23,180,7.8
11993,24,179,7.5
11994,15,122,8.1
11995,21,161,7.7
11996,18,147,8.2
11997,20,138,6.9
11998,19,148,7.8
11999,22,194,8.8
12000,22,198,9.0
