Frame,tube_count,total_peptides_in_tubes,avg_tube_size
0,3,203,67.7
1,0,0,0.0
2,0,0,0.0
3,2,119,59.5
4,0,0,0.0
5,3,189,63.0
6,2,144,72.0
7,3,239,79.7
8,1,56,56.0
9,1,67,67.0
10,1,56,56.0
11,1,51,51.0
12,2,133,66.5
13,2,129,64.5
14,1,70,70.0
15,1,56,56.0
16,1,57,57.0
17,1,56,56.0
18,2,182,91.0
19,0,0,0.0
20,4,358,89.5
21,3,189,63.0
22,0,0,0.0
23,2,147,73.5
24,5,371,74.2
25,3,191,63.7
26,3,202,67.3
27,5,323,64.6
28,0,0,0.0
29,3,190,63.3
30,2,128,64.0
31,5,341,68.2
32,0,0,0.0
33,0,0,0.0
34,2,203,101.5
35,0,0,0.0
36,2,112,56.0
37,4,253,63.2
38,2,130,65.0
39,3,172,57.3
40,1,63,63.0
41,1,55,55.0
42,3,168,56.0
43,2,116,58.0
44,2,147,73.5
45,0,0,0.0
46,0,0,0.0
47,2,132,66.0
48,3,217,72.3
49,1,84,84.0
50,1,91,91.0
51,1,53,53.0
52,2,125,62.5
53,1,120,120.0
54,1,74,74.0
55,1,84,84.0
56,1,56,56.0
57,2,222,111.0
58,1,77,77.0
59,2,154,77.0
60,0,0,0.0
61,0,0,0.0
62,0,0,0.0
63,4,246,61.5
64,2,133,66.5
65,1,70,70.0
66,1,73,73.0
67,2,140,70.0
68,1,57,57.0
69,4,258,64.5
70,2,210,105.0
71,2,285,142.5
72,2,126,63.0
73,0,0,0.0
74,3,224,74.7
75,2,189,94.5
76,0,0,0.0
77,1,98,98.0
78,1,74,74.0
79,0,0,0.0
80,1,91,91.0
81,1,63,63.0
82,0,0,0.0
83,3,230,76.7
84,0,0,0.0
85,0,0,0.0
86,2,155,77.5
87,2,112,56.0
88,0,0,0.0
89,4,322,80.5
90,1,56,56.0
91,2,133,66.5
92,3,252,84.0
93,1,61,61.0
94,1,196,196.0
95,2,136,68.0
96,0,0,0.0
97,2,125,62.5
98,0,0,0.0
99,2,133,66.5
100,0,0,0.0
101,1,58,58.0
102,0,0,0.0
103,2,175,87.5
104,1,52,52.0
105,1,128,128.0
106,0,0,0.0
107,3,181,60.3
108,3,181,60.3
109,1,82,82.0
110,1,63,63.0
111,1,56,56.0
112,0,0,0.0
113,2,161,80.5
114,2,122,61.0
115,2,125,62.5
116,1,84,84.0
117,0,0,0.0
118,1,70,70.0
119,2,124,62.0
120,1,154,154.0
121,2,192,96.0
122,1,52,52.0
123,1,69,69.0
124,0,0,0.0
125,0,0,0.0
126,3,169,56.3
127,0,0,0.0
128,1,139,139.0
129,1,111,111.0
130,1,70,70.0
131,0,0,0.0
132,1,83,83.0
133,0,0,0.0
134,1,70,70.0
135,0,0,0.0
136,2,294,147.0
137,2,138,69.0
138,0,0,0.0
139,1,96,96.0
140,4,252,63.0
141,2,119,59.5
142,0,0,0.0
143,0,0,0.0
144,2,114,57.0
145,3,174,58.0
146,1,112,112.0
147,1,63,63.0
148,1,61,61.0
149,2,119,59.5
150,1,56,56.0
151,4,265,66.2
152,2,119,59.5
153,1,77,77.0
154,1,80,80.0
155,1,51,51.0
156,2,181,90.5
157,3,172,57.3
158,0,0,0.0
159,0,0,0.0
160,1,98,98.0
161,3,173,57.7
162,2,147,73.5
163,0,0,0.0
164,0,0,0.0
165,1,65,65.0
166,0,0,0.0
167,2,148,74.0
168,2,178,89.0
169,0,0,0.0
170,1,56,56.0
171,0,0,0.0
172,1,71,71.0
173,1,83,83.0
174,3,224,74.7
175,1,58,58.0
176,0,0,0.0
177,0,0,0.0
178,1,77,77.0
179,0,0,0.0
180,0,0,0.0
181,0,0,0.0
182,1,95,95.0
183,0,0,0.0
184,1,56,56.0
185,1,63,63.0
186,2,113,56.5
187,1,80,80.0
188,1,126,126.0
189,1,73,73.0
190,0,0,0.0
191,2,182,91.0
192,0,0,0.0
193,0,0,0.0
194,1,55,55.0
195,2,150,75.0
196,0,0,0.0
197,1,56,56.0
198,1,63,63.0
199,2,148,74.0
200,0,0,0.0
201,0,0,0.0
202,0,0,0.0
203,1,196,196.0
204,2,183,91.5
205,0,0,0.0
206,1,112,112.0
207,0,0,0.0
208,3,315,105.0
209,2,178,89.0
210,2,155,77.5
211,1,63,63.0
212,2,173,86.5
213,1,52,52.0
214,1,55,55.0
215,1,98,98.0
216,1,77,77.0
217,2,203,101.5
218,2,117,58.5
219,1,120,120.0
220,1,56,56.0
221,0,0,0.0
222,3,363,121.0
223,0,0,0.0
224,1,55,55.0
225,1,90,90.0
226,0,0,0.0
227,0,0,0.0
228,2,140,70.0
229,1,55,55.0
230,1,112,112.0
231,1,84,84.0
232,0,0,0.0
233,1,63,63.0
234,1,50,50.0
235,2,247,123.5
236,1,106,106.0
237,1,70,70.0
238,1,96,96.0
239,3,301,100.3
240,2,154,77.0
241,1,84,84.0
242,0,0,0.0
243,2,113,56.5
244,1,66,66.0
245,2,112,56.0
246,5,322,64.4
247,0,0,0.0
248,2,140,70.0
249,0,0,0.0
250,2,136,68.0
251,1,63,63.0
252,2,189,94.5
253,0,0,0.0
254,0,0,0.0
255,0,0,0.0
256,0,0,0.0
257,1,91,91.0
258,2,106,53.0
259,0,0,0.0
260,1,63,63.0
261,1,70,70.0
262,1,69,69.0
263,0,0,0.0
264,0,0,0.0
265,0,0,0.0
266,0,0,0.0
267,1,63,63.0
268,0,0,0.0
269,0,0,0.0
270,1,104,104.0
271,2,125,62.5
272,0,0,0.0
273,2,152,76.0
274,2,186,93.0
275,1,51,51.0
276,2,117,58.5
277,0,0,0.0
278,1,63,63.0
279,1,70,70.0
280,1,63,63.0
281,1,77,77.0
282,1,63,63.0
283,1,105,105.0
284,2,150,75.0
285,0,0,0.0
286,2,123,61.5
287,0,0,0.0
288,1,67,67.0
289,0,0,0.0
290,4,302,75.5
291,0,0,0.0
292,0,0,0.0
293,1,84,84.0
294,2,145,72.5
295,0,0,0.0
296,1,74,74.0
297,0,0,0.0
298,0,0,0.0
299,0,0,0.0
300,0,0,0.0
301,0,0,0.0
302,2,161,80.5
303,0,0,0.0
304,0,0,0.0
305,1,56,56.0
306,1,56,56.0
307,1,105,105.0
308,0,0,0.0
309,0,0,0.0
310,2,126,63.0
311,2,143,71.5
312,1,63,63.0
313,0,0,0.0
314,4,308,77.0
315,3,189,63.0
316,3,283,94.3
317,1,56,56.0
318,1,70,70.0
319,0,0,0.0
320,2,131,65.5
321,1,50,50.0
322,0,0,0.0
323,0,0,0.0
324,2,119,59.5
325,1,70,70.0
326,1,56,56.0
327,0,0,0.0
328,0,0,0.0
329,0,0,0.0
330,0,0,0.0
331,2,107,53.5
332,1,56,56.0
333,1,58,58.0
334,0,0,0.0
335,0,0,0.0
336,0,0,0.0
337,1,94,94.0
338,1,56,56.0
339,0,0,0.0
340,2,144,72.0
341,1,55,55.0
342,0,0,0.0
343,0,0,0.0
344,0,0,0.0
345,1,90,90.0
346,1,126,126.0
347,1,84,84.0
348,0,0,0.0
349,1,98,98.0
350,3,235,78.3
351,1,63,63.0
352,1,62,62.0
353,0,0,0.0
354,3,287,95.7
355,3,241,80.3
356,0,0,0.0
357,1,79,79.0
358,1,63,63.0
359,0,0,0.0
360,3,231,77.0
361,1,56,56.0
362,2,220,110.0
363,0,0,0.0
364,1,63,63.0
365,2,153,76.5
366,1,70,70.0
367,0,0,0.0
368,0,0,0.0
369,1,112,112.0
370,0,0,0.0
371,0,0,0.0
372,1,65,65.0
373,1,70,70.0
374,3,210,70.0
375,3,265,88.3
376,3,389,129.7
377,2,150,75.0
378,0,0,0.0
379,2,163,81.5
380,1,113,113.0
381,2,185,92.5
382,2,125,62.5
383,2,152,76.0
384,0,0,0.0
385,2,175,87.5
386,0,0,0.0
387,1,77,77.0
388,2,121,60.5
389,2,386,193.0
390,2,133,66.5
391,1,77,77.0
392,2,146,73.0
393,0,0,0.0
394,2,147,73.5
395,2,146,73.0
396,2,126,63.0
397,1,98,98.0
398,3,181,60.3
399,2,157,78.5
400,1,77,77.0
401,0,0,0.0
402,2,120,60.0
403,1,54,54.0
404,0,0,0.0
405,1,211,211.0
406,2,150,75.0
407,0,0,0.0
408,1,210,210.0
409,2,133,66.5
410,0,0,0.0
411,0,0,0.0
412,1,91,91.0
413,1,63,63.0
414,0,0,0.0
415,0,0,0.0
416,2,114,57.0
417,4,325,81.2
418,1,168,168.0
419,2,126,63.0
420,3,245,81.7
421,1,76,76.0
422,1,141,141.0
423,2,207,103.5
424,0,0,0.0
425,0,0,0.0
426,2,102,51.0
427,2,135,67.5
428,1,62,62.0
429,1,70,70.0
430,2,122,61.0
431,0,0,0.0
432,3,217,72.3
433,1,69,69.0
434,1,56,56.0
435,0,0,0.0
436,0,0,0.0
437,0,0,0.0
438,2,182,91.0
439,0,0,0.0
440,4,301,75.2
441,0,0,0.0
442,0,0,0.0
443,1,55,55.0
444,0,0,0.0
445,3,280,93.3
446,0,0,0.0
447,2,153,76.5
448,1,56,56.0
449,0,0,0.0
450,1,161,161.0
451,1,56,56.0
452,2,133,66.5
453,0,0,0.0
454,0,0,0.0
455,2,135,67.5
456,1,63,63.0
457,1,53,53.0
458,2,111,55.5
459,1,71,71.0
460,0,0,0.0
461,1,77,77.0
462,2,140,70.0
463,0,0,0.0
464,0,0,0.0
465,3,215,71.7
466,1,77,77.0
467,1,56,56.0
468,2,131,65.5
469,0,0,0.0
470,2,112,56.0
471,0,0,0.0
472,2,182,91.0
473,0,0,0.0
474,0,0,0.0
475,0,0,0.0
476,0,0,0.0
477,2,100,50.0
478,1,61,61.0
479,0,0,0.0
480,2,126,63.0
481,1,69,69.0
482,2,111,55.5
483,3,318,106.0
484,2,181,90.5
485,2,145,72.5
486,0,0,0.0
487,1,96,96.0
488,1,63,63.0
489,0,0,0.0
490,2,145,72.5
491,1,86,86.0
492,0,0,0.0
493,1,91,91.0
494,1,56,56.0
495,3,205,68.3
496,0,0,0.0
497,3,167,55.7
498,1,52,52.0
499,1,79,79.0
500,1,70,70.0
501,0,0,0.0
502,3,174,58.0
503,1,63,63.0
504,1,54,54.0
505,0,0,0.0
506,2,166,83.0
507,0,0,0.0
508,0,0,0.0
509,0,0,0.0
510,2,147,73.5
511,1,54,54.0
512,3,238,79.3
513,1,112,112.0
514,2,132,66.0
515,0,0,0.0
516,2,152,76.0
517,2,137,68.5
518,2,143,71.5
519,0,0,0.0
520,3,266,88.7
521,0,0,0.0
522,1,56,56.0
523,2,145,72.5
524,3,250,83.3
525,1,52,52.0
526,0,0,0.0
527,0,0,0.0
528,2,172,86.0
529,1,77,77.0
530,1,84,84.0
531,1,71,71.0
532,0,0,0.0
533,0,0,0.0
534,2,121,60.5
535,0,0,0.0
536,1,60,60.0
537,0,0,0.0
538,4,287,71.8
539,1,90,90.0
540,2,129,64.5
541,3,186,62.0
542,3,181,60.3
543,2,135,67.5
544,2,134,67.0
545,2,119,59.5
546,1,56,56.0
547,2,106,53.0
548,1,126,126.0
549,0,0,0.0
550,1,77,77.0
551,1,77,77.0
552,1,84,84.0
553,0,0,0.0
554,5,405,81.0
555,4,347,86.8
556,3,207,69.0
557,0,0,0.0
558,1,55,55.0
559,1,56,56.0
560,1,126,126.0
561,3,217,72.3
562,2,125,62.5
563,0,0,0.0
564,1,63,63.0
565,1,70,70.0
566,0,0,0.0
567,0,0,0.0
568,0,0,0.0
569,2,254,127.0
570,3,223,74.3
571,2,133,66.5
572,1,53,53.0
573,0,0,0.0
574,4,446,111.5
575,2,110,55.0
576,1,65,65.0
577,1,70,70.0
578,1,68,68.0
579,2,135,67.5
580,1,56,56.0
581,0,0,0.0
582,3,189,63.0
583,3,204,68.0
584,1,66,66.0
585,4,399,99.8
586,1,54,54.0
587,0,0,0.0
588,1,56,56.0
589,1,112,112.0
590,2,136,68.0
591,3,252,84.0
592,1,78,78.0
593,0,0,0.0
594,0,0,0.0
595,1,52,52.0
596,2,122,61.0
597,0,0,0.0
598,1,91,91.0
599,0,0,0.0
600,0,0,0.0
601,2,141,70.5
602,0,0,0.0
603,3,251,83.7
604,0,0,0.0
605,2,140,70.0
606,0,0,0.0
607,2,273,136.5
608,2,114,57.0
609,0,0,0.0
610,0,0,0.0
611,2,238,119.0
612,0,0,0.0
613,2,184,92.0
614,0,0,0.0
615,1,84,84.0
616,1,84,84.0
617,1,56,56.0
618,1,64,64.0
619,2,127,63.5
620,0,0,0.0
621,1,56,56.0
622,1,84,84.0
623,3,223,74.3
624,0,0,0.0
625,0,0,0.0
626,3,225,75.0
627,1,70,70.0
628,1,52,52.0
629,1,69,69.0
630,1,77,77.0
631,0,0,0.0
632,1,64,64.0
633,1,110,110.0
634,0,0,0.0
635,1,119,119.0
636,4,299,74.8
637,2,273,136.5
638,0,0,0.0
639,0,0,0.0
640,1,70,70.0
641,0,0,0.0
642,0,0,0.0
643,2,119,59.5
644,1,84,84.0
645,3,182,60.7
646,1,63,63.0
647,1,66,66.0
648,2,182,91.0
649,0,0,0.0
650,1,56,56.0
651,1,70,70.0
652,2,147,73.5
653,0,0,0.0
654,0,0,0.0
655,1,56,56.0
656,2,146,73.0
657,3,224,74.7
658,1,56,56.0
659,1,77,77.0
660,1,56,56.0
661,2,126,63.0
662,0,0,0.0
663,0,0,0.0
664,0,0,0.0
665,0,0,0.0
666,1,56,56.0
667,2,119,59.5
668,0,0,0.0
669,1,51,51.0
670,1,52,52.0
671,2,117,58.5
672,2,140,70.0
673,0,0,0.0
674,2,155,77.5
675,3,200,66.7
676,3,179,59.7
677,1,140,140.0
678,4,347,86.8
679,3,276,92.0
680,1,85,85.0
681,2,194,97.0
682,1,135,135.0
683,1,104,104.0
684,0,0,0.0
685,1,63,63.0
686,0,0,0.0
687,0,0,0.0
688,0,0,0.0
689,3,208,69.3
690,1,57,57.0
691,1,56,56.0
692,1,56,56.0
693,1,84,84.0
694,3,242,80.7
695,1,56,56.0
696,1,56,56.0
697,3,320,106.7
698,2,120,60.0
699,0,0,0.0
700,0,0,0.0
701,1,91,91.0
702,3,196,65.3
703,2,182,91.0
704,3,217,72.3
705,3,219,73.0
706,1,63,63.0
707,3,203,67.7
708,0,0,0.0
709,0,0,0.0
710,0,0,0.0
711,2,237,118.5
712,2,172,86.0
713,0,0,0.0
714,0,0,0.0
715,0,0,0.0
716,1,56,56.0
717,3,202,67.3
718,0,0,0.0
719,5,390,78.0
720,3,194,64.7
721,3,182,60.7
722,1,77,77.0
723,1,56,56.0
724,2,139,69.5
725,0,0,0.0
726,0,0,0.0
727,1,64,64.0
728,1,56,56.0
729,2,179,89.5
730,1,56,56.0
731,1,98,98.0
732,2,145,72.5
733,3,188,62.7
734,1,61,61.0
735,1,91,91.0
736,1,61,61.0
737,1,92,92.0
738,2,126,63.0
739,3,172,57.3
740,3,193,64.3
741,2,147,73.5
742,4,259,64.8
743,0,0,0.0
744,2,180,90.0
745,1,77,77.0
746,3,238,79.3
747,1,84,84.0
748,0,0,0.0
749,0,0,0.0
750,0,0,0.0
751,2,154,77.0
752,2,133,66.5
753,2,180,90.0
754,1,80,80.0
755,1,56,56.0
756,0,0,0.0
757,0,0,0.0
758,2,119,59.5
759,0,0,0.0
760,1,61,61.0
761,1,84,84.0
762,1,61,61.0
763,5,324,64.8
764,3,203,67.7
765,0,0,0.0
766,3,258,86.0
767,2,128,64.0
768,0,0,0.0
769,1,56,56.0
770,1,64,64.0
771,3,192,64.0
772,4,350,87.5
773,3,275,91.7
774,2,168,84.0
775,0,0,0.0
776,0,0,0.0
777,4,277,69.2
778,2,128,64.0
779,0,0,0.0
780,1,75,75.0
781,0,0,0.0
782,2,133,66.5
783,1,56,56.0
784,0,0,0.0
785,2,121,60.5
786,1,59,59.0
787,1,68,68.0
788,2,161,80.5
789,1,77,77.0
790,2,119,59.5
791,4,233,58.2
792,2,154,77.0
793,2,126,63.0
794,1,133,133.0
795,0,0,0.0
796,0,0,0.0
797,1,63,63.0
798,1,59,59.0
799,1,97,97.0
800,0,0,0.0
801,4,224,56.0
802,0,0,0.0
803,1,77,77.0
804,2,173,86.5
805,2,318,159.0
806,2,119,59.5
807,1,84,84.0
808,0,0,0.0
809,2,133,66.5
810,2,112,56.0
811,2,150,75.0
812,2,113,56.5
813,3,197,65.7
814,3,219,73.0
815,0,0,0.0
816,1,56,56.0
817,0,0,0.0
818,3,175,58.3
819,0,0,0.0
820,1,56,56.0
821,3,238,79.3
822,2,126,63.0
823,3,182,60.7
824,1,63,63.0
825,0,0,0.0
826,1,97,97.0
827,0,0,0.0
828,2,139,69.5
829,2,141,70.5
830,0,0,0.0
831,2,196,98.0
832,2,194,97.0
833,1,131,131.0
834,1,63,63.0
835,2,144,72.0
836,3,204,68.0
837,2,175,87.5
838,1,63,63.0
839,0,0,0.0
840,2,133,66.5
841,2,105,52.5
842,0,0,0.0
843,1,63,63.0
844,3,232,77.3
845,1,84,84.0
846,1,84,84.0
847,2,119,59.5
848,1,78,78.0
849,0,0,0.0
850,1,91,91.0
851,2,137,68.5
852,2,189,94.5
853,1,63,63.0
854,0,0,0.0
855,1,52,52.0
856,1,65,65.0
857,1,56,56.0
858,0,0,0.0
859,3,303,101.0
860,1,119,119.0
861,0,0,0.0
862,1,66,66.0
863,1,52,52.0
864,2,110,55.0
865,1,84,84.0
866,3,217,72.3
867,1,56,56.0
868,1,63,63.0
869,0,0,0.0
870,1,56,56.0
871,1,93,93.0
872,1,175,175.0
873,2,116,58.0
874,1,56,56.0
875,1,54,54.0
876,0,0,0.0
877,3,267,89.0
878,5,290,58.0
879,1,56,56.0
880,0,0,0.0
881,1,63,63.0
882,0,0,0.0
883,0,0,0.0
884,0,0,0.0
885,2,113,56.5
886,0,0,0.0
887,1,60,60.0
888,1,69,69.0
889,1,56,56.0
890,1,98,98.0
891,0,0,0.0
892,1,182,182.0
893,2,251,125.5
894,2,126,63.0
895,1,140,140.0
896,3,296,98.7
897,2,117,58.5
898,2,119,59.5
899,2,165,82.5
900,2,140,70.0
901,0,0,0.0
902,0,0,0.0
903,0,0,0.0
904,3,262,87.3
905,4,248,62.0
906,1,70,70.0
907,2,104,52.0
908,0,0,0.0
909,2,179,89.5
910,1,63,63.0
911,2,131,65.5
912,3,217,72.3
913,4,308,77.0
914,1,56,56.0
915,2,199,99.5
916,0,0,0.0
917,0,0,0.0
918,2,161,80.5
919,1,105,105.0
920,3,232,77.3
921,1,56,56.0
922,1,51,51.0
923,1,54,54.0
924,1,98,98.0
925,1,53,53.0
926,1,55,55.0
927,3,216,72.0
928,0,0,0.0
929,1,50,50.0
930,0,0,0.0
931,2,126,63.0
932,1,70,70.0
933,1,63,63.0
934,2,132,66.0
935,2,126,63.0
936,2,140,70.0
937,3,246,82.0
938,2,110,55.0
939,1,81,81.0
940,1,51,51.0
941,0,0,0.0
942,0,0,0.0
943,0,0,0.0
944,0,0,0.0
945,3,188,62.7
946,2,140,70.0
947,0,0,0.0
948,1,80,80.0
949,1,105,105.0
950,0,0,0.0
951,0,0,0.0
952,1,90,90.0
953,1,95,95.0
954,1,105,105.0
955,1,77,77.0
956,2,141,70.5
957,1,55,55.0
958,3,203,67.7
959,4,259,64.8
960,0,0,0.0
961,2,175,87.5
962,2,167,83.5
963,0,0,0.0
964,1,556,556.0
965,2,122,61.0
966,2,212,106.0
967,0,0,0.0
968,1,98,98.0
969,2,173,86.5
970,0,0,0.0
971,0,0,0.0
972,2,144,72.0
973,2,175,87.5
974,0,0,0.0
975,0,0,0.0
976,0,0,0.0
977,1,217,217.0
978,1,193,193.0
979,0,0,0.0
980,1,77,77.0
981,1,266,266.0
982,3,239,79.7
983,1,56,56.0
984,1,62,62.0
985,1,63,63.0
986,2,134,67.0
987,1,56,56.0
988,2,125,62.5
989,2,136,68.0
990,4,375,93.8
991,0,0,0.0
992,2,144,72.0
993,1,70,70.0
994,0,0,0.0
995,0,0,0.0
996,0,0,0.0
997,1,87,87.0
998,1,105,105.0
999,1,105,105.0
1000,2,187,93.5
1001,2,160,80.0
1002,4,266,66.5
1003,4,385,96.2
1004,1,59,59.0
1005,0,0,0.0
1006,1,182,182.0
1007,3,254,84.7
1008,0,0,0.0
1009,1,168,168.0
1010,2,147,73.5
1011,2,168,84.0
1012,1,56,56.0
1013,1,72,72.0
1014,2,189,94.5
1015,0,0,0.0
1016,2,110,55.0
1017,3,187,62.3
1018,4,330,82.5
1019,0,0,0.0
1020,2,127,63.5
1021,0,0,0.0
1022,5,462,92.4
1023,2,126,63.0
1024,0,0,0.0
1025,0,0,0.0
1026,1,63,63.0
1027,1,70,70.0
1028,0,0,0.0
1029,3,217,72.3
1030,1,50,50.0
1031,1,171,171.0
1032,1,57,57.0
1033,1,154,154.0
1034,0,0,0.0
1035,0,0,0.0
1036,2,146,73.0
1037,4,293,73.2
1038,0,0,0.0
1039,0,0,0.0
1040,0,0,0.0
1041,1,56,56.0
1042,2,147,73.5
1043,1,63,63.0
1044,1,56,56.0
1045,1,56,56.0
1046,1,59,59.0
1047,0,0,0.0
1048,1,69,69.0
1049,1,119,119.0
1050,0,0,0.0
1051,1,56,56.0
1052,1,77,77.0
1053,2,135,67.5
1054,1,63,63.0
1055,2,154,77.0
1056,2,182,91.0
1057,2,161,80.5
1058,1,84,84.0
1059,0,0,0.0
1060,0,0,0.0
1061,1,70,70.0
1062,2,126,63.0
1063,1,55,55.0
1064,1,56,56.0
1065,1,56,56.0
1066,1,84,84.0
1067,2,112,56.0
1068,0,0,0.0
1069,1,98,98.0
1070,0,0,0.0
1071,3,187,62.3
1072,2,107,53.5
1073,0,0,0.0
1074,1,56,56.0
1075,0,0,0.0
1076,2,154,77.0
1077,3,210,70.0
1078,0,0,0.0
1079,0,0,0.0
1080,0,0,0.0
1081,1,56,56.0
1082,1,84,84.0
1083,1,56,56.0
1084,1,56,56.0
1085,1,56,56.0
1086,0,0,0.0
1087,0,0,0.0
1088,2,213,106.5
1089,0,0,0.0
1090,1,98,98.0
1091,0,0,0.0
1092,0,0,0.0
1093,0,0,0.0
1094,0,0,0.0
1095,2,203,101.5
1096,2,110,55.0
1097,1,70,70.0
1098,2,137,68.5
1099,0,0,0.0
1100,0,0,0.0
1101,0,0,0.0
1102,1,63,63.0
1103,1,129,129.0
1104,2,133,66.5
1105,2,147,73.5
1106,0,0,0.0
1107,1,63,63.0
1108,1,77,77.0
1109,2,126,63.0
1110,1,86,86.0
1111,2,147,73.5
1112,0,0,0.0
1113,2,121,60.5
1114,2,128,64.0
1115,0,0,0.0
1116,2,116,58.0
1117,2,109,54.5
1118,0,0,0.0
1119,0,0,0.0
1120,3,182,60.7
1121,3,229,76.3
1122,3,203,67.7
1123,1,91,91.0
1124,0,0,0.0
1125,1,64,64.0
1126,1,63,63.0
1127,0,0,0.0
1128,2,182,91.0
1129,3,279,93.0
1130,1,56,56.0
1131,3,163,54.3
1132,0,0,0.0
1133,1,157,157.0
1134,1,84,84.0
1135,2,184,92.0
1136,2,163,81.5
1137,2,493,246.5
1138,0,0,0.0
1139,2,169,84.5
1140,0,0,0.0
1141,0,0,0.0
1142,2,189,94.5
1143,0,0,0.0
1144,1,70,70.0
1145,1,91,91.0
1146,0,0,0.0
1147,1,96,96.0
1148,2,119,59.5
1149,2,220,110.0
1150,0,0,0.0
1151,0,0,0.0
1152,1,54,54.0
1153,1,63,63.0
1154,0,0,0.0
1155,0,0,0.0
1156,1,70,70.0
1157,1,54,54.0
1158,0,0,0.0
1159,1,63,63.0
1160,0,0,0.0
1161,2,133,66.5
1162,1,56,56.0
1163,4,248,62.0
1164,0,0,0.0
1165,0,0,0.0
1166,3,265,88.3
1167,1,55,55.0
1168,1,56,56.0
1169,1,63,63.0
1170,1,72,72.0
1171,0,0,0.0
1172,1,56,56.0
1173,1,85,85.0
1174,0,0,0.0
1175,1,56,56.0
1176,3,204,68.0
1177,0,0,0.0
1178,2,230,115.0
1179,0,0,0.0
1180,2,170,85.0
1181,0,0,0.0
1182,1,63,63.0
1183,3,208,69.3
1184,1,70,70.0
1185,1,78,78.0
1186,1,77,77.0
1187,1,56,56.0
1188,0,0,0.0
1189,1,56,56.0
1190,2,133,66.5
1191,0,0,0.0
1192,0,0,0.0
1193,1,56,56.0
1194,0,0,0.0
1195,0,0,0.0
1196,2,129,64.5
1197,5,308,61.6
1198,2,119,59.5
1199,0,0,0.0
1200,0,0,0.0
1201,0,0,0.0
1202,0,0,0.0
1203,2,148,74.0
1204,2,126,63.0
1205,1,91,91.0
1206,1,68,68.0
1207,0,0,0.0
1208,1,56,56.0
1209,1,161,161.0
1210,0,0,0.0
1211,0,0,0.0
1212,0,0,0.0
1213,0,0,0.0
1214,1,105,105.0
1215,0,0,0.0
1216,0,0,0.0
1217,1,56,56.0
1218,0,0,0.0
1219,0,0,0.0
1220,2,170,85.0
1221,1,321,321.0
1222,2,117,58.5
1223,0,0,0.0
1224,3,504,168.0
1225,1,336,336.0
1226,1,52,52.0
1227,0,0,0.0
1228,2,193,96.5
1229,2,121,60.5
1230,1,89,89.0
1231,1,67,67.0
1232,1,77,77.0
1233,2,182,91.0
1234,0,0,0.0
1235,4,357,89.2
1236,2,133,66.5
1237,1,63,63.0
1238,1,63,63.0
1239,1,56,56.0
1240,1,64,64.0
1241,1,55,55.0
1242,1,84,84.0
1243,0,0,0.0
1244,0,0,0.0
1245,0,0,0.0
1246,0,0,0.0
1247,3,345,115.0
1248,3,329,109.7
1249,1,63,63.0
1250,1,58,58.0
1251,2,322,161.0
1252,0,0,0.0
1253,1,147,147.0
1254,0,0,0.0
1255,2,145,72.5
1256,2,168,84.0
1257,0,0,0.0
1258,3,244,81.3
1259,2,115,57.5
1260,0,0,0.0
1261,1,60,60.0
1262,2,121,60.5
1263,1,91,91.0
1264,1,57,57.0
1265,3,673,224.3
1266,1,54,54.0
1267,1,70,70.0
1268,1,56,56.0
1269,1,105,105.0
1270,2,224,112.0
1271,1,63,63.0
1272,1,70,70.0
1273,2,142,71.0
1274,0,0,0.0
1275,2,121,60.5
1276,0,0,0.0
1277,2,483,241.5
1278,2,126,63.0
1279,0,0,0.0
1280,0,0,0.0
1281,2,210,105.0
1282,2,227,113.5
1283,0,0,0.0
1284,0,0,0.0
1285,0,0,0.0
1286,0,0,0.0
1287,2,165,82.5
1288,0,0,0.0
1289,0,0,0.0
1290,0,0,0.0
1291,0,0,0.0
1292,2,139,69.5
1293,0,0,0.0
1294,0,0,0.0
1295,0,0,0.0
1296,0,0,0.0
1297,1,56,56.0
1298,2,140,70.0
1299,1,224,224.0
1300,0,0,0.0
1301,3,192,64.0
1302,2,124,62.0
1303,0,0,0.0
1304,1,63,63.0
1305,0,0,0.0
1306,2,137,68.5
1307,6,469,78.2
1308,0,0,0.0
1309,1,70,70.0
1310,0,0,0.0
1311,1,77,77.0
1312,0,0,0.0
1313,2,119,59.5
1314,2,136,68.0
1315,0,0,0.0
1316,0,0,0.0
1317,1,91,91.0
1318,2,229,114.5
1319,0,0,0.0
1320,1,168,168.0
1321,3,201,67.0
1322,1,69,69.0
1323,1,65,65.0
1324,0,0,0.0
1325,2,170,85.0
1326,0,0,0.0
1327,3,383,127.7
1328,0,0,0.0
1329,0,0,0.0
1330,3,200,66.7
1331,2,195,97.5
1332,0,0,0.0
1333,1,84,84.0
1334,3,311,103.7
1335,0,0,0.0
1336,2,221,110.5
1337,0,0,0.0
1338,1,70,70.0
1339,0,0,0.0
1340,1,119,119.0
1341,3,215,71.7
1342,1,50,50.0
1343,1,69,69.0
1344,0,0,0.0
1345,2,128,64.0
1346,0,0,0.0
1347,1,58,58.0
1348,2,136,68.0
1349,0,0,0.0
1350,0,0,0.0
1351,1,56,56.0
1352,0,0,0.0
1353,0,0,0.0
1354,0,0,0.0
1355,1,62,62.0
1356,2,165,82.5
1357,0,0,0.0
1358,2,246,123.0
1359,1,53,53.0
1360,4,483,120.8
1361,0,0,0.0
1362,3,205,68.3
1363,1,116,116.0
1364,0,0,0.0
1365,1,147,147.0
1366,2,114,57.0
1367,0,0,0.0
1368,0,0,0.0
1369,0,0,0.0
1370,1,147,147.0
1371,2,135,67.5
1372,3,217,72.3
1373,3,189,63.0
1374,2,159,79.5
1375,0,0,0.0
1376,0,0,0.0
1377,2,273,136.5
1378,1,80,80.0
1379,2,109,54.5
1380,3,233,77.7
1381,0,0,0.0
1382,3,196,65.3
1383,1,70,70.0
1384,1,65,65.0
1385,1,119,119.0
1386,2,123,61.5
1387,0,0,0.0
1388,0,0,0.0
1389,1,56,56.0
1390,3,212,70.7
1391,0,0,0.0
1392,0,0,0.0
1393,1,63,63.0
1394,1,70,70.0
1395,2,195,97.5
1396,0,0,0.0
1397,3,213,71.0
1398,2,112,56.0
1399,4,310,77.5
1400,1,84,84.0
1401,0,0,0.0
1402,2,136,68.0
1403,1,63,63.0
1404,2,147,73.5
1405,0,0,0.0
1406,0,0,0.0
1407,0,0,0.0
1408,1,55,55.0
1409,1,147,147.0
1410,1,70,70.0
1411,0,0,0.0
1412,0,0,0.0
1413,0,0,0.0
1414,1,63,63.0
1415,1,71,71.0
1416,1,56,56.0
1417,1,56,56.0
1418,3,186,62.0
1419,1,56,56.0
1420,2,186,93.0
1421,0,0,0.0
1422,2,175,87.5
1423,0,0,0.0
1424,0,0,0.0
1425,0,0,0.0
1426,0,0,0.0
1427,1,91,91.0
1428,0,0,0.0
1429,1,119,119.0
1430,1,56,56.0
1431,2,143,71.5
1432,0,0,0.0
1433,3,224,74.7
1434,1,51,51.0
1435,2,221,110.5
1436,0,0,0.0
1437,1,70,70.0
1438,2,166,83.0
1439,2,153,76.5
1440,4,322,80.5
1441,1,63,63.0
1442,1,63,63.0
1443,1,91,91.0
1444,0,0,0.0
1445,2,152,76.0
1446,1,105,105.0
1447,1,76,76.0
1448,2,181,90.5
1449,0,0,0.0
1450,4,366,91.5
1451,2,109,54.5
1452,0,0,0.0
1453,0,0,0.0
1454,0,0,0.0
1455,0,0,0.0
1456,1,56,56.0
1457,1,147,147.0
1458,1,63,63.0
1459,2,279,139.5
1460,0,0,0.0
1461,0,0,0.0
1462,0,0,0.0
1463,1,84,84.0
1464,1,63,63.0
1465,3,383,127.7
1466,0,0,0.0
1467,1,413,413.0
1468,2,119,59.5
1469,0,0,0.0
1470,4,288,72.0
1471,2,115,57.5
1472,0,0,0.0
1473,1,59,59.0
1474,2,119,59.5
1475,5,450,90.0
1476,1,53,53.0
1477,2,122,61.0
1478,2,125,62.5
1479,0,0,0.0
1480,0,0,0.0
1481,1,56,56.0
1482,0,0,0.0
1483,2,294,147.0
1484,1,70,70.0
1485,1,84,84.0
1486,0,0,0.0
1487,0,0,0.0
1488,0,0,0.0
1489,2,120,60.0
1490,0,0,0.0
1491,1,64,64.0
1492,0,0,0.0
1493,3,267,89.0
1494,0,0,0.0
1495,0,0,0.0
1496,2,189,94.5
1497,2,189,94.5
1498,1,67,67.0
1499,0,0,0.0
1500,2,154,77.0
1501,1,77,77.0
1502,0,0,0.0
1503,2,122,61.0
1504,0,0,0.0
1505,2,180,90.0
1506,0,0,0.0
1507,3,222,74.0
1508,0,0,0.0
1509,1,70,70.0
1510,0,0,0.0
1511,1,55,55.0
1512,2,134,67.0
1513,0,0,0.0
1514,3,231,77.0
1515,1,150,150.0
1516,1,112,112.0
1517,0,0,0.0
1518,1,88,88.0
1519,2,209,104.5
1520,0,0,0.0
1521,2,116,58.0
1522,4,268,67.0
1523,2,128,64.0
1524,3,199,66.3
1525,0,0,0.0
1526,1,56,56.0
1527,0,0,0.0
1528,2,142,71.0
1529,1,161,161.0
1530,0,0,0.0
1531,0,0,0.0
1532,2,133,66.5
1533,3,224,74.7
1534,1,84,84.0
1535,0,0,0.0
1536,1,65,65.0
1537,2,212,106.0
1538,1,63,63.0
1539,3,162,54.0
1540,1,137,137.0
1541,2,152,76.0
1542,4,268,67.0
1543,0,0,0.0
1544,1,70,70.0
1545,1,56,56.0
1546,1,56,56.0
1547,1,129,129.0
1548,0,0,0.0
1549,0,0,0.0
1550,0,0,0.0
1551,0,0,0.0
1552,2,114,57.0
1553,1,67,67.0
1554,2,196,98.0
1555,4,485,121.2
1556,2,224,112.0
1557,0,0,0.0
1558,0,0,0.0
1559,1,56,56.0
1560,0,0,0.0
1561,3,467,155.7
1562,3,200,66.7
1563,1,63,63.0
1564,0,0,0.0
1565,2,134,67.0
1566,0,0,0.0
1567,2,345,172.5
1568,0,0,0.0
1569,0,0,0.0
1570,0,0,0.0
1571,0,0,0.0
1572,2,119,59.5
1573,0,0,0.0
1574,1,50,50.0
1575,1,116,116.0
1576,0,0,0.0
1577,0,0,0.0
1578,0,0,0.0
1579,0,0,0.0
1580,0,0,0.0
1581,0,0,0.0
1582,1,56,56.0
1583,0,0,0.0
1584,1,53,53.0
1585,1,63,63.0
1586,2,170,85.0
1587,1,62,62.0
1588,0,0,0.0
1589,0,0,0.0
1590,1,53,53.0
1591,0,0,0.0
1592,1,84,84.0
1593,2,112,56.0
1594,1,70,70.0
1595,0,0,0.0
1596,2,196,98.0
1597,1,56,56.0
1598,0,0,0.0
1599,1,52,52.0
1600,0,0,0.0
1601,2,371,185.5
1602,1,57,57.0
1603,3,336,112.0
1604,0,0,0.0
1605,1,56,56.0
1606,1,50,50.0
1607,3,270,90.0
1608,1,119,119.0
1609,0,0,0.0
1610,1,63,63.0
1611,2,140,70.0
1612,0,0,0.0
1613,3,231,77.0
1614,0,0,0.0
1615,0,0,0.0
1616,3,205,68.3
1617,1,56,56.0
1618,0,0,0.0
1619,0,0,0.0
1620,0,0,0.0
1621,1,56,56.0
1622,1,70,70.0
1623,1,56,56.0
1624,2,133,66.5
1625,0,0,0.0
1626,0,0,0.0
1627,1,84,84.0
1628,1,61,61.0
1629,0,0,0.0
1630,0,0,0.0
1631,1,66,66.0
1632,1,56,56.0
1633,1,51,51.0
1634,1,101,101.0
1635,3,572,190.7
1636,0,0,0.0
1637,1,51,51.0
1638,1,55,55.0
1639,0,0,0.0
1640,0,0,0.0
1641,2,124,62.0
1642,0,0,0.0
1643,1,80,80.0
1644,4,415,103.8
1645,2,161,80.5
1646,1,105,105.0
1647,0,0,0.0
1648,0,0,0.0
1649,1,84,84.0
1650,1,56,56.0
1651,1,224,224.0
1652,2,134,67.0
1653,2,133,66.5
1654,2,169,84.5
1655,0,0,0.0
1656,2,133,66.5
1657,4,322,80.5
1658,0,0,0.0
1659,1,56,56.0
1660,3,189,63.0
1661,1,74,74.0
1662,2,119,59.5
1663,1,70,70.0
1664,0,0,0.0
1665,2,147,73.5
1666,1,63,63.0
1667,1,82,82.0
1668,0,0,0.0
1669,4,271,67.8
1670,2,130,65.0
1671,1,56,56.0
1672,2,108,54.0
1673,3,202,67.3
1674,2,119,59.5
1675,3,203,67.7
1676,0,0,0.0
1677,2,140,70.0
1678,0,0,0.0
1679,0,0,0.0
1680,0,0,0.0
1681,3,577,192.3
1682,1,63,63.0
1683,2,162,81.0
1684,0,0,0.0
1685,1,102,102.0
1686,2,136,68.0
1687,1,58,58.0
1688,0,0,0.0
1689,0,0,0.0
1690,0,0,0.0
1691,2,147,73.5
1692,1,57,57.0
1693,1,63,63.0
1694,0,0,0.0
1695,2,126,63.0
1696,0,0,0.0
1697,2,161,80.5
1698,1,63,63.0
1699,2,195,97.5
1700,0,0,0.0
1701,1,56,56.0
1702,1,51,51.0
1703,1,56,56.0
1704,0,0,0.0
1705,0,0,0.0
1706,0,0,0.0
1707,0,0,0.0
1708,0,0,0.0
1709,1,63,63.0
1710,0,0,0.0
1711,2,168,84.0
1712,1,116,116.0
1713,0,0,0.0
1714,1,56,56.0
1715,0,0,0.0
1716,0,0,0.0
1717,2,179,89.5
1718,0,0,0.0
1719,0,0,0.0
1720,1,112,112.0
1721,0,0,0.0
1722,2,124,62.0
1723,2,152,76.0
1724,0,0,0.0
1725,2,126,63.0
1726,0,0,0.0
1727,0,0,0.0
1728,0,0,0.0
1729,1,52,52.0
1730,0,0,0.0
1731,1,57,57.0
1732,2,159,79.5
1733,2,144,72.0
1734,1,77,77.0
1735,1,52,52.0
1736,2,135,67.5
1737,1,56,56.0
1738,0,0,0.0
1739,1,57,57.0
1740,0,0,0.0
1741,0,0,0.0
1742,1,140,140.0
1743,0,0,0.0
1744,0,0,0.0
1745,2,117,58.5
1746,2,155,77.5
1747,0,0,0.0
1748,0,0,0.0
1749,0,0,0.0
1750,0,0,0.0
1751,1,98,98.0
1752,2,195,97.5
1753,1,54,54.0
1754,0,0,0.0
1755,1,84,84.0
1756,4,837,209.2
1757,1,56,56.0
1758,1,62,62.0
1759,1,63,63.0
1760,0,0,0.0
1761,1,77,77.0
1762,1,126,126.0
1763,1,102,102.0
1764,3,181,60.3
1765,1,56,56.0
1766,1,52,52.0
1767,1,66,66.0
1768,1,56,56.0
1769,0,0,0.0
1770,1,70,70.0
1771,2,343,171.5
1772,1,217,217.0
1773,3,223,74.3
1774,0,0,0.0
1775,0,0,0.0
1776,1,56,56.0
1777,2,465,232.5
1778,2,126,63.0
1779,0,0,0.0
1780,4,280,70.0
1781,1,56,56.0
1782,0,0,0.0
1783,3,290,96.7
1784,0,0,0.0
1785,3,208,69.3
1786,0,0,0.0
1787,0,0,0.0
1788,1,56,56.0
1789,1,56,56.0
1790,0,0,0.0
1791,1,63,63.0
1792,0,0,0.0
1793,0,0,0.0
1794,0,0,0.0
1795,1,56,56.0
1796,1,63,63.0
1797,1,56,56.0
1798,2,159,79.5
1799,2,133,66.5
1800,1,168,168.0
1801,0,0,0.0
1802,1,56,56.0
1803,4,288,72.0
1804,1,63,63.0
1805,3,279,93.0
1806,0,0,0.0
1807,0,0,0.0
1808,1,63,63.0
1809,1,54,54.0
1810,1,63,63.0
1811,2,112,56.0
1812,2,102,51.0
1813,2,126,63.0
1814,2,159,79.5
1815,3,176,58.7
1816,1,73,73.0
1817,2,124,62.0
1818,2,252,126.0
1819,3,221,73.7
1820,0,0,0.0
1821,0,0,0.0
1822,1,68,68.0
1823,4,550,137.5
1824,1,70,70.0
1825,0,0,0.0
1826,0,0,0.0
1827,0,0,0.0
1828,2,184,92.0
1829,0,0,0.0
1830,3,210,70.0
1831,4,334,83.5
1832,1,88,88.0
1833,1,56,56.0
1834,0,0,0.0
1835,2,153,76.5
1836,3,250,83.3
1837,2,145,72.5
1838,0,0,0.0
1839,0,0,0.0
1840,1,63,63.0
1841,1,67,67.0
1842,0,0,0.0
1843,0,0,0.0
1844,0,0,0.0
1845,2,134,67.0
1846,3,288,96.0
1847,5,419,83.8
1848,1,91,91.0
1849,1,112,112.0
1850,0,0,0.0
1851,0,0,0.0
1852,1,86,86.0
1853,2,122,61.0
1854,1,63,63.0
1855,0,0,0.0
1856,1,297,297.0
1857,1,53,53.0
1858,1,63,63.0
1859,1,56,56.0
1860,4,257,64.2
1861,2,125,62.5
1862,1,54,54.0
1863,3,167,55.7
1864,0,0,0.0
1865,0,0,0.0
1866,0,0,0.0
1867,1,56,56.0
1868,0,0,0.0
1869,1,203,203.0
1870,1,70,70.0
1871,1,91,91.0
1872,3,434,144.7
1873,4,387,96.8
1874,0,0,0.0
1875,2,127,63.5
1876,0,0,0.0
1877,1,60,60.0
1878,1,56,56.0
1879,0,0,0.0
1880,1,56,56.0
1881,1,84,84.0
1882,1,97,97.0
1883,2,170,85.0
1884,0,0,0.0
1885,0,0,0.0
1886,1,52,52.0
1887,0,0,0.0
1888,2,140,70.0
1889,0,0,0.0
1890,1,70,70.0
1891,1,63,63.0
1892,1,126,126.0
1893,1,168,168.0
1894,1,70,70.0
1895,2,169,84.5
1896,2,162,81.0
1897,1,70,70.0
1898,1,112,112.0
1899,1,59,59.0
1900,2,126,63.0
1901,1,63,63.0
1902,0,0,0.0
1903,1,61,61.0
1904,1,56,56.0
1905,4,218,54.5
1906,1,112,112.0
1907,2,119,59.5
1908,0,0,0.0
1909,3,217,72.3
1910,0,0,0.0
1911,3,210,70.0
1912,1,88,88.0
1913,2,146,73.0
1914,3,193,64.3
1915,1,56,56.0
1916,2,157,78.5
1917,4,520,130.0
1918,2,162,81.0
1919,2,112,56.0
1920,2,315,157.5
1921,3,180,60.0
1922,2,117,58.5
1923,1,56,56.0
1924,3,206,68.7
1925,2,118,59.0
1926,1,56,56.0
1927,1,84,84.0
1928,2,117,58.5
1929,1,98,98.0
1930,3,247,82.3
1931,1,55,55.0
1932,2,143,71.5
1933,3,192,64.0
1934,1,56,56.0
1935,0,0,0.0
1936,0,0,0.0
1937,3,185,61.7
1938,1,70,70.0
1939,1,63,63.0
1940,1,62,62.0
1941,1,84,84.0
1942,0,0,0.0
1943,2,111,55.5
1944,1,84,84.0
1945,1,63,63.0
1946,0,0,0.0
1947,3,182,60.7
1948,0,0,0.0
1949,0,0,0.0
1950,2,112,56.0
1951,0,0,0.0
1952,0,0,0.0
1953,1,91,91.0
1954,0,0,0.0
1955,1,56,56.0
1956,1,56,56.0
1957,0,0,0.0
1958,0,0,0.0
1959,1,98,98.0
1960,0,0,0.0
1961,0,0,0.0
1962,2,150,75.0
1963,2,119,59.5
1964,2,140,70.0
1965,1,62,62.0
1966,1,53,53.0
1967,1,56,56.0
1968,3,292,97.3
1969,1,112,112.0
1970,1,84,84.0
1971,0,0,0.0
1972,0,0,0.0
1973,0,0,0.0
1974,1,90,90.0
1975,3,180,60.0
1976,1,77,77.0
1977,0,0,0.0
1978,1,50,50.0
1979,1,56,56.0
1980,0,0,0.0
1981,0,0,0.0
1982,1,64,64.0
1983,2,154,77.0
1984,0,0,0.0
1985,0,0,0.0
1986,0,0,0.0
1987,1,83,83.0
1988,1,57,57.0
1989,2,143,71.5
1990,0,0,0.0
1991,3,200,66.7
1992,2,165,82.5
1993,1,70,70.0
1994,0,0,0.0
1995,1,63,63.0
1996,1,98,98.0
1997,2,176,88.0
1998,1,53,53.0
1999,2,127,63.5
2000,0,0,0.0
2001,1,432,432.0
2002,0,0,0.0
2003,0,0,0.0
2004,1,56,56.0
2005,3,485,161.7
2006,0,0,0.0
2007,1,83,83.0
2008,0,0,0.0
2009,0,0,0.0
2010,1,84,84.0
2011,1,56,56.0
2012,0,0,0.0
2013,1,63,63.0
2014,0,0,0.0
2015,2,134,67.0
2016,1,98,98.0
2017,2,119,59.5
2018,1,83,83.0
2019,3,182,60.7
2020,1,91,91.0
2021,0,0,0.0
2022,0,0,0.0
2023,1,68,68.0
2024,1,56,56.0
2025,1,63,63.0
2026,0,0,0.0
2027,0,0,0.0
2028,3,308,102.7
2029,0,0,0.0
2030,2,112,56.0
2031,2,140,70.0
2032,1,224,224.0
2033,3,212,70.7
2034,1,50,50.0
2035,2,112,56.0
2036,0,0,0.0
2037,0,0,0.0
2038,2,189,94.5
2039,2,135,67.5
2040,3,343,114.3
2041,2,179,89.5
2042,1,91,91.0
2043,0,0,0.0
2044,3,203,67.7
2045,0,0,0.0
2046,3,179,59.7
2047,3,196,65.3
2048,2,351,175.5
2049,2,195,97.5
2050,2,133,66.5
2051,0,0,0.0
2052,0,0,0.0
2053,0,0,0.0
2054,2,130,65.0
2055,0,0,0.0
2056,1,84,84.0
2057,0,0,0.0
2058,0,0,0.0
2059,1,56,56.0
2060,0,0,0.0
2061,1,77,77.0
2062,0,0,0.0
2063,0,0,0.0
2064,1,99,99.0
2065,2,110,55.0
2066,0,0,0.0
2067,0,0,0.0
2068,1,133,133.0
2069,0,0,0.0
2070,0,0,0.0
2071,1,224,224.0
2072,1,56,56.0
2073,0,0,0.0
2074,0,0,0.0
2075,1,72,72.0
2076,0,0,0.0
2077,1,94,94.0
2078,0,0,0.0
2079,1,55,55.0
2080,0,0,0.0
2081,0,0,0.0
2082,0,0,0.0
2083,1,56,56.0
2084,1,76,76.0
2085,1,52,52.0
2086,0,0,0.0
2087,0,0,0.0
2088,1,91,91.0
2089,0,0,0.0
2090,1,63,63.0
2091,0,0,0.0
2092,1,91,91.0
2093,1,62,62.0
2094,1,98,98.0
2095,0,0,0.0
2096,3,207,69.0
2097,2,114,57.0
2098,1,56,56.0
2099,0,0,0.0
2100,1,61,61.0
2101,0,0,0.0
2102,0,0,0.0
2103,0,0,0.0
2104,0,0,0.0
2105,1,55,55.0
2106,0,0,0.0
2107,0,0,0.0
2108,0,0,0.0
2109,0,0,0.0
2110,1,53,53.0
2111,1,84,84.0
2112,1,70,70.0
2113,2,133,66.5
2114,4,265,66.2
2115,3,210,70.0
2116,0,0,0.0
2117,0,0,0.0
2118,2,134,67.0
2119,0,0,0.0
2120,1,427,427.0
2121,0,0,0.0
2122,1,70,70.0
2123,1,63,63.0
2124,0,0,0.0
2125,2,121,60.5
2126,0,0,0.0
2127,0,0,0.0
2128,0,0,0.0
2129,1,56,56.0
2130,1,84,84.0
2131,0,0,0.0
2132,2,173,86.5
2133,0,0,0.0
2134,3,183,61.0
2135,0,0,0.0
2136,0,0,0.0
2137,1,73,73.0
2138,1,72,72.0
2139,0,0,0.0
2140,1,70,70.0
2141,2,146,73.0
2142,1,56,56.0
2143,0,0,0.0
2144,1,81,81.0
2145,3,344,114.7
2146,1,63,63.0
2147,0,0,0.0
2148,1,70,70.0
2149,4,250,62.5
2150,3,296,98.7
2151,3,216,72.0
2152,2,208,104.0
2153,1,70,70.0
2154,4,307,76.8
2155,4,312,78.0
2156,2,126,63.0
2157,1,77,77.0
2158,0,0,0.0
2159,0,0,0.0
2160,3,199,66.3
2161,1,56,56.0
2162,0,0,0.0
2163,2,210,105.0
2164,2,133,66.5
2165,0,0,0.0
2166,0,0,0.0
2167,1,65,65.0
2168,0,0,0.0
2169,2,131,65.5
2170,0,0,0.0
2171,2,161,80.5
2172,0,0,0.0
2173,2,147,73.5
2174,1,56,56.0
2175,0,0,0.0
2176,0,0,0.0
2177,1,84,84.0
2178,1,161,161.0
2179,1,77,77.0
2180,0,0,0.0
2181,1,112,112.0
2182,2,118,59.0
2183,1,51,51.0
2184,1,71,71.0
2185,2,161,80.5
2186,0,0,0.0
2187,3,189,63.0
2188,2,119,59.5
2189,1,50,50.0
2190,0,0,0.0
2191,2,171,85.5
2192,2,161,80.5
2193,0,0,0.0
2194,0,0,0.0
2195,0,0,0.0
2196,0,0,0.0
2197,2,168,84.0
2198,0,0,0.0
2199,1,77,77.0
2200,1,68,68.0
2201,2,182,91.0
2202,4,301,75.2
2203,1,70,70.0
2204,3,228,76.0
2205,0,0,0.0
2206,1,81,81.0
2207,1,50,50.0
2208,3,244,81.3
2209,1,114,114.0
2210,2,112,56.0
2211,0,0,0.0
2212,2,183,91.5
2213,1,50,50.0
2214,1,161,161.0
2215,2,147,73.5
2216,0,0,0.0
2217,1,84,84.0
2218,0,0,0.0
2219,0,0,0.0
2220,3,277,92.3
2221,0,0,0.0
2222,1,59,59.0
2223,0,0,0.0
2224,2,175,87.5
2225,1,63,63.0
2226,1,77,77.0
2227,2,123,61.5
2228,1,70,70.0
2229,0,0,0.0
2230,3,221,73.7
2231,0,0,0.0
2232,2,112,56.0
2233,1,58,58.0
2234,0,0,0.0
2235,0,0,0.0
2236,1,98,98.0
2237,2,136,68.0
2238,1,56,56.0
2239,1,56,56.0
2240,0,0,0.0
2241,1,98,98.0
2242,0,0,0.0
2243,2,135,67.5
2244,0,0,0.0
2245,1,70,70.0
2246,1,56,56.0
2247,0,0,0.0
2248,1,97,97.0
2249,3,220,73.3
2250,1,56,56.0
2251,5,476,95.2
2252,0,0,0.0
2253,0,0,0.0
2254,2,133,66.5
2255,0,0,0.0
2256,1,63,63.0
2257,1,70,70.0
2258,4,280,70.0
2259,2,119,59.5
2260,2,108,54.0
2261,2,119,59.5
2262,0,0,0.0
2263,0,0,0.0
2264,0,0,0.0
2265,0,0,0.0
2266,1,63,63.0
2267,1,63,63.0
2268,1,51,51.0
2269,3,237,79.0
2270,1,70,70.0
2271,1,63,63.0
2272,1,56,56.0
2273,0,0,0.0
2274,0,0,0.0
2275,0,0,0.0
2276,1,280,280.0
2277,1,147,147.0
2278,1,98,98.0
2279,0,0,0.0
2280,1,56,56.0
2281,0,0,0.0
2282,3,214,71.3
2283,1,91,91.0
2284,1,70,70.0
2285,2,155,77.5
2286,2,154,77.0
2287,0,0,0.0
2288,1,63,63.0
2289,2,133,66.5
2290,1,70,70.0
2291,0,0,0.0
2292,0,0,0.0
2293,0,0,0.0
2294,1,70,70.0
2295,3,211,70.3
2296,1,63,63.0
2297,1,110,110.0
2298,0,0,0.0
2299,2,142,71.0
2300,0,0,0.0
2301,1,126,126.0
2302,0,0,0.0
2303,2,112,56.0
2304,0,0,0.0
2305,0,0,0.0
2306,0,0,0.0
2307,2,243,121.5
2308,2,182,91.0
2309,1,126,126.0
2310,0,0,0.0
2311,0,0,0.0
2312,3,201,67.0
2313,0,0,0.0
2314,0,0,0.0
2315,1,52,52.0
2316,1,133,133.0
2317,2,132,66.0
2318,2,154,77.0
2319,2,118,59.0
2320,2,140,70.0
2321,1,63,63.0
2322,0,0,0.0
2323,0,0,0.0
2324,0,0,0.0
2325,3,200,66.7
2326,1,56,56.0
2327,2,119,59.5
2328,0,0,0.0
2329,1,56,56.0
2330,1,70,70.0
2331,0,0,0.0
2332,1,63,63.0
2333,0,0,0.0
2334,0,0,0.0
2335,2,127,63.5
2336,2,243,121.5
2337,1,90,90.0
2338,0,0,0.0
2339,0,0,0.0
2340,2,129,64.5
2341,0,0,0.0
2342,0,0,0.0
2343,1,55,55.0
2344,1,84,84.0
2345,2,136,68.0
2346,0,0,0.0
2347,1,71,71.0
2348,3,454,151.3
2349,2,132,66.0
2350,1,399,399.0
2351,2,108,54.0
2352,1,84,84.0
2353,1,63,63.0
2354,2,181,90.5
2355,2,147,73.5
2356,0,0,0.0
2357,0,0,0.0
2358,0,0,0.0
2359,1,85,85.0
2360,1,55,55.0
2361,0,0,0.0
2362,1,88,88.0
2363,0,0,0.0
2364,0,0,0.0
2365,2,252,126.0
2366,1,55,55.0
2367,1,56,56.0
2368,1,168,168.0
2369,3,256,85.3
2370,3,236,78.7
2371,3,177,59.0
2372,1,91,91.0
2373,1,63,63.0
2374,1,69,69.0
2375,1,182,182.0
2376,1,77,77.0
2377,2,147,73.5
2378,1,126,126.0
2379,1,52,52.0
2380,1,105,105.0
2381,2,187,93.5
2382,0,0,0.0
2383,0,0,0.0
2384,1,56,56.0
2385,2,116,58.0
2386,1,56,56.0
2387,0,0,0.0
2388,2,126,63.0
2389,1,51,51.0
2390,1,56,56.0
2391,3,196,65.3
2392,0,0,0.0
2393,2,116,58.0
2394,2,144,72.0
2395,0,0,0.0
2396,2,172,86.0
2397,2,126,63.0
2398,0,0,0.0
2399,0,0,0.0
2400,2,147,73.5
2401,2,111,55.5
2402,0,0,0.0
2403,0,0,0.0
2404,1,145,145.0
2405,1,50,50.0
2406,1,56,56.0
2407,2,210,105.0
2408,0,0,0.0
2409,1,110,110.0
2410,0,0,0.0
2411,2,154,77.0
2412,3,242,80.7
2413,2,116,58.0
2414,1,101,101.0
2415,0,0,0.0
2416,1,64,64.0
2417,0,0,0.0
2418,0,0,0.0
2419,1,60,60.0
2420,1,133,133.0
2421,2,215,107.5
2422,2,115,57.5
2423,1,56,56.0
2424,0,0,0.0
2425,0,0,0.0
2426,1,55,55.0
2427,0,0,0.0
2428,1,63,63.0
2429,1,76,76.0
2430,3,200,66.7
2431,3,168,56.0
2432,1,56,56.0
2433,1,56,56.0
2434,1,56,56.0
2435,0,0,0.0
2436,0,0,0.0
2437,1,80,80.0
2438,1,70,70.0
2439,1,98,98.0
2440,1,126,126.0
2441,2,136,68.0
2442,2,130,65.0
2443,2,231,115.5
2444,1,108,108.0
2445,2,177,88.5
2446,0,0,0.0
2447,1,50,50.0
2448,1,66,66.0
2449,1,84,84.0
2450,0,0,0.0
2451,0,0,0.0
2452,3,226,75.3
2453,2,143,71.5
2454,1,91,91.0
2455,0,0,0.0
2456,0,0,0.0
2457,2,137,68.5
2458,0,0,0.0
2459,0,0,0.0
2460,0,0,0.0
2461,0,0,0.0
2462,1,55,55.0
2463,1,56,56.0
2464,2,110,55.0
2465,1,51,51.0
2466,3,215,71.7
2467,2,168,84.0
2468,2,173,86.5
2469,2,236,118.0
2470,0,0,0.0
2471,1,79,79.0
2472,2,423,211.5
2473,0,0,0.0
2474,2,441,220.5
2475,3,311,103.7
2476,0,0,0.0
2477,0,0,0.0
2478,1,98,98.0
2479,2,131,65.5
2480,1,77,77.0
2481,1,69,69.0
2482,1,63,63.0
2483,1,63,63.0
2484,1,62,62.0
2485,2,476,238.0
2486,0,0,0.0
2487,3,175,58.3
2488,0,0,0.0
2489,1,56,56.0
2490,2,136,68.0
2491,1,54,54.0
2492,0,0,0.0
2493,1,70,70.0
2494,1,91,91.0
2495,1,134,134.0
2496,0,0,0.0
2497,1,105,105.0
2498,0,0,0.0
2499,0,0,0.0
2500,1,56,56.0
2501,1,50,50.0
2502,2,129,64.5
2503,1,78,78.0
2504,1,70,70.0
2505,3,401,133.7
2506,3,203,67.7
2507,0,0,0.0
2508,1,98,98.0
2509,1,56,56.0
2510,0,0,0.0
2511,0,0,0.0
2512,1,56,56.0
2513,1,65,65.0
2514,1,63,63.0
2515,2,147,73.5
2516,0,0,0.0
2517,1,63,63.0
2518,1,56,56.0
2519,2,124,62.0
2520,0,0,0.0
2521,1,58,58.0
2522,1,58,58.0
2523,0,0,0.0
2524,1,56,56.0
2525,0,0,0.0
2526,1,52,52.0
2527,1,78,78.0
2528,2,156,78.0
2529,1,160,160.0
2530,0,0,0.0
2531,1,77,77.0
2532,4,312,78.0
2533,2,154,77.0
2534,1,59,59.0
2535,1,56,56.0
2536,1,62,62.0
2537,1,77,77.0
2538,1,77,77.0
2539,0,0,0.0
2540,0,0,0.0
2541,0,0,0.0
2542,1,53,53.0
2543,1,70,70.0
2544,0,0,0.0
2545,0,0,0.0
2546,0,0,0.0
2547,3,217,72.3
2548,1,101,101.0
2549,2,180,90.0
2550,3,209,69.7
2551,2,124,62.0
2552,1,126,126.0
2553,1,51,51.0
2554,0,0,0.0
2555,1,73,73.0
2556,0,0,0.0
2557,0,0,0.0
2558,2,145,72.5
2559,1,65,65.0
2560,3,190,63.3
2561,0,0,0.0
2562,0,0,0.0
2563,0,0,0.0
2564,1,113,113.0
2565,1,56,56.0
2566,1,84,84.0
2567,1,75,75.0
2568,0,0,0.0
2569,0,0,0.0
2570,1,260,260.0
2571,1,89,89.0
2572,0,0,0.0
2573,1,56,56.0
2574,1,61,61.0
2575,2,164,82.0
2576,2,217,108.5
2577,0,0,0.0
2578,3,293,97.7
2579,2,105,52.5
2580,0,0,0.0
2581,3,454,151.3
2582,0,0,0.0
2583,1,357,357.0
2584,0,0,0.0
2585,0,0,0.0
2586,2,166,83.0
2587,3,231,77.0
2588,0,0,0.0
2589,1,77,77.0
2590,3,225,75.0
2591,1,70,70.0
2592,1,56,56.0
2593,1,273,273.0
2594,1,84,84.0
2595,0,0,0.0
2596,0,0,0.0
2597,0,0,0.0
2598,0,0,0.0
2599,0,0,0.0
2600,1,126,126.0
2601,0,0,0.0
2602,2,414,207.0
2603,3,189,63.0
2604,3,204,68.0
2605,2,147,73.5
2606,0,0,0.0
2607,0,0,0.0
2608,0,0,0.0
2609,0,0,0.0
2610,2,129,64.5
2611,0,0,0.0
2612,2,175,87.5
2613,2,427,213.5
2614,0,0,0.0
2615,1,77,77.0
2616,1,56,56.0
2617,0,0,0.0
2618,0,0,0.0
2619,2,114,57.0
2620,4,370,92.5
2621,0,0,0.0
2622,2,119,59.5
2623,0,0,0.0
2624,0,0,0.0
2625,0,0,0.0
2626,3,251,83.7
2627,0,0,0.0
2628,1,186,186.0
2629,0,0,0.0
2630,2,275,137.5
2631,1,55,55.0
2632,0,0,0.0
2633,0,0,0.0
2634,1,140,140.0
2635,1,60,60.0
2636,2,131,65.5
2637,0,0,0.0
2638,0,0,0.0
2639,2,111,55.5
2640,0,0,0.0
2641,0,0,0.0
2642,0,0,0.0
2643,0,0,0.0
2644,2,135,67.5
2645,1,119,119.0
2646,2,189,94.5
2647,0,0,0.0
2648,1,77,77.0
2649,1,78,78.0
2650,3,195,65.0
2651,1,77,77.0
2652,1,65,65.0
2653,1,72,72.0
2654,1,154,154.0
2655,0,0,0.0
2656,1,59,59.0
2657,0,0,0.0
2658,2,126,63.0
2659,0,0,0.0
2660,0,0,0.0
2661,1,56,56.0
2662,0,0,0.0
2663,0,0,0.0
2664,1,56,56.0
2665,0,0,0.0
2666,1,63,63.0
2667,2,141,70.5
2668,0,0,0.0
2669,0,0,0.0
2670,3,203,67.7
2671,0,0,0.0
2672,3,224,74.7
2673,3,213,71.0
2674,3,476,158.7
2675,1,52,52.0
2676,2,192,96.0
2677,0,0,0.0
2678,1,77,77.0
2679,1,56,56.0
2680,1,149,149.0
2681,0,0,0.0
2682,0,0,0.0
2683,0,0,0.0
2684,0,0,0.0
2685,2,126,63.0
2686,0,0,0.0
2687,1,68,68.0
2688,2,163,81.5
2689,0,0,0.0
2690,3,192,64.0
2691,1,56,56.0
2692,1,54,54.0
2693,1,84,84.0
2694,0,0,0.0
2695,2,134,67.0
2696,1,111,111.0
2697,0,0,0.0
2698,0,0,0.0
2699,1,119,119.0
2700,4,329,82.2
2701,0,0,0.0
2702,2,133,66.5
2703,1,70,70.0
2704,1,63,63.0
2705,1,51,51.0
2706,0,0,0.0
2707,2,210,105.0
2708,0,0,0.0
2709,0,0,0.0
2710,2,106,53.0
2711,0,0,0.0
2712,0,0,0.0
2713,1,68,68.0
2714,2,108,54.0
2715,0,0,0.0
2716,0,0,0.0
2717,1,55,55.0
2718,0,0,0.0
2719,2,137,68.5
2720,2,158,79.0
2721,1,55,55.0
2722,2,187,93.5
2723,1,56,56.0
2724,2,133,66.5
2725,0,0,0.0
2726,0,0,0.0
2727,1,81,81.0
2728,1,94,94.0
2729,2,140,70.0
2730,1,56,56.0
2731,1,112,112.0
2732,1,71,71.0
2733,0,0,0.0
2734,0,0,0.0
2735,0,0,0.0
2736,2,175,87.5
2737,0,0,0.0
2738,0,0,0.0
2739,2,213,106.5
2740,2,148,74.0
2741,1,98,98.0
2742,1,51,51.0
2743,1,56,56.0
2744,3,212,70.7
2745,1,56,56.0
2746,1,100,100.0
2747,1,84,84.0
2748,2,150,75.0
2749,2,140,70.0
2750,2,126,63.0
2751,1,81,81.0
2752,1,51,51.0
2753,2,117,58.5
2754,1,84,84.0
2755,1,53,53.0
2756,1,57,57.0
2757,0,0,0.0
2758,0,0,0.0
2759,1,63,63.0
2760,0,0,0.0
2761,1,70,70.0
2762,2,119,59.5
2763,2,114,57.0
2764,4,263,65.8
2765,1,84,84.0
2766,0,0,0.0
2767,1,77,77.0
2768,0,0,0.0
2769,1,56,56.0
2770,1,56,56.0
2771,2,112,56.0
2772,0,0,0.0
2773,2,116,58.0
2774,0,0,0.0
2775,0,0,0.0
2776,1,63,63.0
2777,0,0,0.0
2778,0,0,0.0
2779,1,54,54.0
2780,4,358,89.5
2781,2,164,82.0
2782,3,206,68.7
2783,0,0,0.0
2784,1,70,70.0
2785,2,138,69.0
2786,0,0,0.0
2787,1,70,70.0
2788,1,56,56.0
2789,0,0,0.0
2790,0,0,0.0
2791,2,121,60.5
2792,2,138,69.0
2793,1,70,70.0
2794,2,117,58.5
2795,1,89,89.0
2796,1,63,63.0
2797,1,63,63.0
2798,0,0,0.0
2799,1,56,56.0
2800,2,126,63.0
2801,1,56,56.0
2802,2,175,87.5
2803,1,145,145.0
2804,0,0,0.0
2805,1,56,56.0
2806,1,119,119.0
2807,1,63,63.0
2808,1,70,70.0
2809,1,112,112.0
2810,1,60,60.0
2811,2,112,56.0
2812,0,0,0.0
2813,2,133,66.5
2814,0,0,0.0
2815,1,105,105.0
2816,2,119,59.5
2817,1,91,91.0
2818,3,220,73.3
2819,3,204,68.0
2820,1,63,63.0
2821,2,175,87.5
2822,0,0,0.0
2823,0,0,0.0
2824,1,112,112.0
2825,0,0,0.0
2826,0,0,0.0
2827,1,105,105.0
2828,1,63,63.0
2829,3,196,65.3
2830,4,250,62.5
2831,1,77,77.0
2832,1,56,56.0
2833,1,56,56.0
2834,0,0,0.0
2835,2,140,70.0
2836,3,201,67.0
2837,1,63,63.0
2838,1,62,62.0
2839,1,75,75.0
2840,1,112,112.0
2841,1,77,77.0
2842,2,112,56.0
2843,1,56,56.0
2844,1,133,133.0
2845,1,50,50.0
2846,2,112,56.0
2847,1,56,56.0
2848,2,162,81.0
2849,0,0,0.0
2850,1,56,56.0
2851,2,182,91.0
2852,1,71,71.0
2853,1,56,56.0
2854,0,0,0.0
2855,2,154,77.0
2856,2,180,90.0
2857,1,150,150.0
2858,0,0,0.0
2859,1,77,77.0
2860,2,119,59.5
2861,0,0,0.0
2862,1,77,77.0
2863,1,63,63.0
2864,2,245,122.5
2865,1,56,56.0
2866,2,140,70.0
2867,0,0,0.0
2868,0,0,0.0
2869,0,0,0.0
2870,1,76,76.0
2871,0,0,0.0
2872,1,203,203.0
2873,2,126,63.0
2874,1,280,280.0
2875,1,101,101.0
2876,0,0,0.0
2877,0,0,0.0
2878,0,0,0.0
2879,2,102,51.0
2880,0,0,0.0
2881,0,0,0.0
2882,2,130,65.0
2883,3,167,55.7
2884,1,56,56.0
2885,1,77,77.0
2886,1,70,70.0
2887,1,56,56.0
2888,0,0,0.0
2889,1,62,62.0
2890,1,59,59.0
2891,0,0,0.0
2892,2,133,66.5
2893,0,0,0.0
2894,1,77,77.0
2895,1,84,84.0
2896,1,84,84.0
2897,1,128,128.0
2898,3,224,74.7
2899,3,182,60.7
2900,1,56,56.0
2901,2,161,80.5
2902,1,74,74.0
2903,2,161,80.5
2904,1,84,84.0
2905,1,56,56.0
2906,0,0,0.0
2907,1,56,56.0
2908,0,0,0.0
2909,2,126,63.0
2910,3,196,65.3
2911,3,259,86.3
2912,1,98,98.0
2913,1,50,50.0
2914,1,70,70.0
2915,0,0,0.0
2916,0,0,0.0
2917,3,308,102.7
2918,0,0,0.0
2919,0,0,0.0
2920,3,381,127.0
2921,0,0,0.0
2922,0,0,0.0
2923,1,56,56.0
2924,1,108,108.0
2925,1,98,98.0
2926,1,50,50.0
2927,2,148,74.0
2928,1,56,56.0
2929,3,271,90.3
2930,0,0,0.0
2931,0,0,0.0
2932,3,164,54.7
2933,0,0,0.0
2934,0,0,0.0
2935,1,92,92.0
2936,0,0,0.0
2937,1,58,58.0
2938,2,131,65.5
2939,2,189,94.5
2940,2,119,59.5
2941,1,91,91.0
2942,1,70,70.0
2943,1,99,99.0
2944,1,55,55.0
2945,2,127,63.5
2946,2,138,69.0
2947,1,84,84.0
2948,0,0,0.0
2949,2,131,65.5
2950,0,0,0.0
2951,1,73,73.0
2952,0,0,0.0
2953,1,57,57.0
2954,0,0,0.0
2955,2,121,60.5
2956,0,0,0.0
2957,1,63,63.0
2958,1,63,63.0
2959,1,63,63.0
2960,1,83,83.0
2961,3,194,64.7
2962,2,237,118.5
2963,0,0,0.0
2964,0,0,0.0
2965,1,63,63.0
2966,0,0,0.0
2967,2,130,65.0
2968,0,0,0.0
2969,0,0,0.0
2970,1,60,60.0
2971,1,84,84.0
2972,2,126,63.0
2973,0,0,0.0
2974,3,222,74.0
2975,0,0,0.0
2976,1,61,61.0
2977,0,0,0.0
2978,2,147,73.5
2979,0,0,0.0
2980,1,112,112.0
2981,0,0,0.0
2982,2,156,78.0
2983,0,0,0.0
2984,1,50,50.0
2985,0,0,0.0
2986,1,84,84.0
2987,3,178,59.3
2988,1,381,381.0
2989,0,0,0.0
2990,1,56,56.0
2991,2,137,68.5
2992,1,63,63.0
2993,2,196,98.0
2994,2,125,62.5
2995,0,0,0.0
2996,1,56,56.0
2997,1,56,56.0
2998,1,75,75.0
2999,3,245,81.7
3000,0,0,0.0
3001,1,112,112.0
3002,0,0,0.0
3003,1,112,112.0
3004,0,0,0.0
3005,1,77,77.0
3006,1,70,70.0
3007,1,56,56.0
3008,0,0,0.0
3009,3,192,64.0
3010,0,0,0.0
3011,0,0,0.0
3012,0,0,0.0
3013,2,129,64.5
3014,0,0,0.0
3015,0,0,0.0
3016,0,0,0.0
3017,1,70,70.0
3018,0,0,0.0
3019,1,63,63.0
3020,1,63,63.0
3021,1,70,70.0
3022,0,0,0.0
3023,0,0,0.0
3024,1,70,70.0
3025,3,192,64.0
3026,1,763,763.0
3027,1,104,104.0
3028,1,63,63.0
3029,1,987,987.0
3030,1,77,77.0
3031,0,0,0.0
3032,1,56,56.0
3033,0,0,0.0
3034,1,56,56.0
3035,1,161,161.0
3036,0,0,0.0
3037,1,58,58.0
3038,1,54,54.0
3039,1,56,56.0
3040,4,822,205.5
3041,3,215,71.7
3042,1,70,70.0
3043,0,0,0.0
3044,0,0,0.0
3045,1,56,56.0
3046,1,56,56.0
3047,1,63,63.0
3048,0,0,0.0
3049,2,153,76.5
3050,0,0,0.0
3051,1,72,72.0
3052,1,77,77.0
3053,0,0,0.0
3054,1,70,70.0
3055,1,96,96.0
3056,2,133,66.5
3057,2,280,140.0
3058,0,0,0.0
3059,0,0,0.0
3060,0,0,0.0
3061,0,0,0.0
3062,1,77,77.0
3063,2,143,71.5
3064,1,84,84.0
3065,0,0,0.0
3066,4,477,119.2
3067,2,161,80.5
3068,2,138,69.0
3069,1,91,91.0
3070,1,259,259.0
3071,0,0,0.0
3072,1,152,152.0
3073,0,0,0.0
3074,0,0,0.0
3075,0,0,0.0
3076,2,123,61.5
3077,0,0,0.0
3078,1,73,73.0
3079,0,0,0.0
3080,0,0,0.0
3081,0,0,0.0
3082,2,203,101.5
3083,0,0,0.0
3084,1,182,182.0
3085,0,0,0.0
3086,0,0,0.0
3087,1,84,84.0
3088,0,0,0.0
3089,2,163,81.5
3090,2,113,56.5
3091,0,0,0.0
3092,0,0,0.0
3093,2,127,63.5
3094,0,0,0.0
3095,1,518,518.0
3096,0,0,0.0
3097,1,70,70.0
3098,2,144,72.0
3099,2,197,98.5
3100,0,0,0.0
3101,0,0,0.0
3102,2,140,70.0
3103,1,154,154.0
3104,0,0,0.0
3105,1,51,51.0
3106,1,91,91.0
3107,2,149,74.5
3108,2,219,109.5
3109,0,0,0.0
3110,1,84,84.0
3111,2,171,85.5
3112,1,175,175.0
3113,0,0,0.0
3114,0,0,0.0
3115,1,94,94.0
3116,1,54,54.0
3117,1,79,79.0
3118,5,320,64.0
3119,1,96,96.0
3120,4,465,116.2
3121,1,66,66.0
3122,3,207,69.0
3123,0,0,0.0
3124,2,115,57.5
3125,0,0,0.0
3126,0,0,0.0
3127,0,0,0.0
3128,1,98,98.0
3129,2,147,73.5
3130,1,64,64.0
3131,1,56,56.0
3132,1,63,63.0
3133,1,56,56.0
3134,1,56,56.0
3135,0,0,0.0
3136,1,60,60.0
3137,0,0,0.0
3138,3,1000,333.3
3139,0,0,0.0
3140,1,56,56.0
3141,1,56,56.0
3142,0,0,0.0
3143,1,66,66.0
3144,0,0,0.0
3145,2,161,80.5
3146,0,0,0.0
3147,0,0,0.0
3148,2,371,185.5
3149,2,177,88.5
3150,0,0,0.0
3151,1,56,56.0
3152,1,70,70.0
3153,0,0,0.0
3154,1,76,76.0
3155,1,56,56.0
3156,1,56,56.0
3157,1,434,434.0
3158,0,0,0.0
3159,1,77,77.0
3160,1,63,63.0
3161,3,240,80.0
3162,0,0,0.0
3163,1,51,51.0
3164,2,126,63.0
3165,1,56,56.0
3166,2,250,125.0
3167,1,70,70.0
3168,2,319,159.5
3169,2,154,77.0
3170,1,168,168.0
3171,0,0,0.0
3172,2,123,61.5
3173,0,0,0.0
3174,0,0,0.0
3175,0,0,0.0
3176,1,166,166.0
3177,3,479,159.7
3178,0,0,0.0
3179,0,0,0.0
3180,1,55,55.0
3181,0,0,0.0
3182,0,0,0.0
3183,3,248,82.7
3184,2,182,91.0
3185,1,68,68.0
3186,1,70,70.0
3187,0,0,0.0
3188,1,91,91.0
3189,1,56,56.0
3190,1,55,55.0
3191,3,261,87.0
3192,2,195,97.5
3193,2,196,98.0
3194,1,56,56.0
3195,2,144,72.0
3196,2,176,88.0
3197,1,60,60.0
3198,3,165,55.0
3199,1,56,56.0
3200,1,56,56.0
3201,2,170,85.0
3202,0,0,0.0
3203,1,91,91.0
3204,0,0,0.0
3205,0,0,0.0
3206,1,52,52.0
3207,0,0,0.0
3208,1,51,51.0
3209,1,74,74.0
3210,0,0,0.0
3211,1,52,52.0
3212,2,189,94.5
3213,0,0,0.0
3214,1,91,91.0
3215,0,0,0.0
3216,0,0,0.0
3217,2,147,73.5
3218,1,142,142.0
3219,1,77,77.0
3220,2,163,81.5
3221,1,80,80.0
3222,1,91,91.0
3223,3,247,82.3
3224,1,56,56.0
3225,2,182,91.0
3226,1,259,259.0
3227,0,0,0.0
3228,3,261,87.0
3229,0,0,0.0
3230,1,56,56.0
3231,3,247,82.3
3232,1,56,56.0
3233,2,462,231.0
3234,1,84,84.0
3235,1,56,56.0
3236,2,133,66.5
3237,0,0,0.0
3238,0,0,0.0
3239,0,0,0.0
3240,0,0,0.0
3241,0,0,0.0
3242,2,112,56.0
3243,1,56,56.0
3244,1,161,161.0
3245,4,442,110.5
3246,1,50,50.0
3247,0,0,0.0
3248,1,63,63.0
3249,0,0,0.0
3250,1,59,59.0
3251,1,56,56.0
3252,0,0,0.0
3253,0,0,0.0
3254,0,0,0.0
3255,1,61,61.0
3256,0,0,0.0
3257,1,114,114.0
3258,1,70,70.0
3259,0,0,0.0
3260,3,176,58.7
3261,0,0,0.0
3262,0,0,0.0
3263,1,98,98.0
3264,1,56,56.0
3265,1,77,77.0
3266,0,0,0.0
3267,3,279,93.0
3268,0,0,0.0
3269,0,0,0.0
3270,2,115,57.5
3271,1,65,65.0
3272,2,178,89.0
3273,2,114,57.0
3274,0,0,0.0
3275,1,95,95.0
3276,0,0,0.0
3277,0,0,0.0
3278,2,175,87.5
3279,1,56,56.0
3280,0,0,0.0
3281,0,0,0.0
3282,1,98,98.0
3283,2,122,61.0
3284,1,76,76.0
3285,2,168,84.0
3286,0,0,0.0
3287,1,56,56.0
3288,1,139,139.0
3289,0,0,0.0
3290,0,0,0.0
3291,2,118,59.0
3292,2,135,67.5
3293,0,0,0.0
3294,3,240,80.0
3295,2,161,80.5
3296,5,414,82.8
3297,0,0,0.0
3298,1,238,238.0
3299,1,56,56.0
3300,0,0,0.0
3301,0,0,0.0
3302,2,611,305.5
3303,0,0,0.0
3304,1,53,53.0
3305,3,183,61.0
3306,1,58,58.0
3307,2,110,55.0
3308,0,0,0.0
3309,5,349,69.8
3310,1,83,83.0
3311,3,211,70.3
3312,0,0,0.0
3313,1,56,56.0
3314,0,0,0.0
3315,2,148,74.0
3316,1,56,56.0
3317,0,0,0.0
3318,6,710,118.3
3319,0,0,0.0
3320,2,126,63.0
3321,2,157,78.5
3322,0,0,0.0
3323,0,0,0.0
3324,0,0,0.0
3325,0,0,0.0
3326,1,55,55.0
3327,0,0,0.0
3328,2,236,118.0
3329,1,63,63.0
3330,0,0,0.0
3331,0,0,0.0
3332,1,73,73.0
3333,1,63,63.0
3334,0,0,0.0
3335,1,70,70.0
3336,1,196,196.0
3337,0,0,0.0
3338,3,795,265.0
3339,1,56,56.0
3340,1,70,70.0
3341,1,59,59.0
3342,0,0,0.0
3343,1,56,56.0
3344,2,210,105.0
3345,0,0,0.0
3346,1,70,70.0
3347,1,56,56.0
3348,0,0,0.0
3349,2,119,59.5
3350,1,55,55.0
3351,4,237,59.2
3352,0,0,0.0
3353,2,285,142.5
3354,0,0,0.0
3355,1,63,63.0
3356,2,149,74.5
3357,1,50,50.0
3358,3,217,72.3
3359,1,89,89.0
3360,0,0,0.0
3361,1,91,91.0
3362,2,159,79.5
3363,1,70,70.0
3364,2,203,101.5
3365,1,126,126.0
3366,1,56,56.0
3367,1,77,77.0
3368,2,161,80.5
3369,1,62,62.0
3370,1,86,86.0
3371,2,138,69.0
3372,0,0,0.0
3373,1,84,84.0
3374,1,56,56.0
3375,0,0,0.0
3376,1,63,63.0
3377,0,0,0.0
3378,1,50,50.0
3379,1,102,102.0
3380,3,252,84.0
3381,3,166,55.3
3382,0,0,0.0
3383,0,0,0.0
3384,1,90,90.0
3385,2,322,161.0
3386,1,91,91.0
3387,0,0,0.0
3388,3,210,70.0
3389,0,0,0.0
3390,0,0,0.0
3391,1,77,77.0
3392,1,77,77.0
3393,2,133,66.5
3394,0,0,0.0
3395,0,0,0.0
3396,1,52,52.0
3397,2,138,69.0
3398,0,0,0.0
3399,0,0,0.0
3400,1,159,159.0
3401,0,0,0.0
3402,1,56,56.0
3403,2,112,56.0
3404,2,119,59.5
3405,3,163,54.3
3406,1,56,56.0
3407,0,0,0.0
3408,1,71,71.0
3409,0,0,0.0
3410,1,56,56.0
3411,1,84,84.0
3412,0,0,0.0
3413,3,210,70.0
3414,2,140,70.0
3415,1,63,63.0
3416,0,0,0.0
3417,0,0,0.0
3418,1,70,70.0
3419,1,63,63.0
3420,1,196,196.0
3421,2,119,59.5
3422,0,0,0.0
3423,1,56,56.0
3424,1,101,101.0
3425,1,64,64.0
3426,0,0,0.0
3427,2,124,62.0
3428,1,63,63.0
3429,1,56,56.0
3430,0,0,0.0
3431,2,104,52.0
3432,1,53,53.0
3433,2,119,59.5
3434,2,126,63.0
3435,1,56,56.0
3436,2,119,59.5
3437,0,0,0.0
3438,3,233,77.7
3439,0,0,0.0
3440,1,56,56.0
3441,1,189,189.0
3442,1,53,53.0
3443,2,119,59.5
3444,0,0,0.0
3445,5,391,78.2
3446,2,158,79.0
3447,2,119,59.5
3448,7,633,90.4
3449,1,77,77.0
3450,0,0,0.0
3451,2,291,145.5
3452,1,70,70.0
3453,1,63,63.0
3454,0,0,0.0
3455,2,147,73.5
3456,0,0,0.0
3457,1,56,56.0
3458,0,0,0.0
3459,0,0,0.0
3460,1,70,70.0
3461,0,0,0.0
3462,0,0,0.0
3463,0,0,0.0
3464,0,0,0.0
3465,0,0,0.0
3466,1,63,63.0
3467,1,56,56.0
3468,1,63,63.0
3469,2,132,66.0
3470,1,56,56.0
3471,2,140,70.0
3472,2,135,67.5
3473,1,63,63.0
3474,2,120,60.0
3475,2,311,155.5
3476,1,98,98.0
3477,3,197,65.7
3478,1,56,56.0
3479,1,70,70.0
3480,0,0,0.0
3481,1,196,196.0
3482,1,51,51.0
3483,2,168,84.0
3484,0,0,0.0
3485,1,56,56.0
3486,0,0,0.0
3487,1,56,56.0
3488,1,63,63.0
3489,1,63,63.0
3490,2,198,99.0
3491,4,276,69.0
3492,1,135,135.0
3493,3,283,94.3
3494,0,0,0.0
3495,1,70,70.0
3496,2,112,56.0
3497,3,224,74.7
3498,0,0,0.0
3499,1,161,161.0
3500,0,0,0.0
3501,1,91,91.0
3502,3,216,72.0
3503,0,0,0.0
3504,1,98,98.0
3505,1,126,126.0
3506,1,56,56.0
3507,2,175,87.5
3508,0,0,0.0
3509,1,77,77.0
3510,1,77,77.0
3511,1,76,76.0
3512,2,137,68.5
3513,1,63,63.0
3514,4,341,85.2
3515,0,0,0.0
3516,0,0,0.0
3517,2,158,79.0
3518,1,98,98.0
3519,0,0,0.0
3520,1,70,70.0
3521,3,173,57.7
3522,1,64,64.0
3523,2,151,75.5
3524,2,138,69.0
3525,1,56,56.0
3526,0,0,0.0
3527,1,147,147.0
3528,1,102,102.0
3529,1,51,51.0
3530,2,525,262.5
3531,2,189,94.5
3532,4,638,159.5
3533,0,0,0.0
3534,2,178,89.0
3535,1,74,74.0
3536,1,91,91.0
3537,2,112,56.0
3538,0,0,0.0
3539,1,76,76.0
3540,0,0,0.0
3541,0,0,0.0
3542,1,126,126.0
3543,0,0,0.0
3544,3,304,101.3
3545,2,119,59.5
3546,1,63,63.0
3547,0,0,0.0
3548,0,0,0.0
3549,0,0,0.0
3550,0,0,0.0
3551,0,0,0.0
3552,1,252,252.0
3553,1,56,56.0
3554,1,63,63.0
3555,2,189,94.5
3556,2,203,101.5
3557,1,70,70.0
3558,0,0,0.0
3559,2,146,73.0
3560,0,0,0.0
3561,1,84,84.0
3562,0,0,0.0
3563,2,119,59.5
3564,3,227,75.7
3565,3,196,65.3
3566,2,168,84.0
3567,1,60,60.0
3568,1,115,115.0
3569,0,0,0.0
3570,2,154,77.0
3571,2,137,68.5
3572,3,294,98.0
3573,0,0,0.0
3574,0,0,0.0
3575,2,115,57.5
3576,0,0,0.0
3577,0,0,0.0
3578,0,0,0.0
3579,1,99,99.0
3580,0,0,0.0
3581,1,54,54.0
3582,0,0,0.0
3583,1,91,91.0
3584,1,70,70.0
3585,3,190,63.3
3586,0,0,0.0
3587,1,75,75.0
3588,0,0,0.0
3589,2,147,73.5
3590,0,0,0.0
3591,1,53,53.0
3592,2,174,87.0
3593,0,0,0.0
3594,2,458,229.0
3595,3,350,116.7
3596,4,595,148.8
3597,2,110,55.0
3598,1,56,56.0
3599,1,85,85.0
3600,2,358,179.0
3601,4,228,57.0
3602,1,70,70.0
3603,1,77,77.0
3604,0,0,0.0
3605,0,0,0.0
3606,1,51,51.0
3607,1,55,55.0
3608,0,0,0.0
3609,1,55,55.0
3610,3,256,85.3
3611,0,0,0.0
3612,1,98,98.0
3613,0,0,0.0
3614,0,0,0.0
3615,1,63,63.0
3616,0,0,0.0
3617,1,84,84.0
3618,4,267,66.8
3619,3,202,67.3
3620,1,69,69.0
3621,2,151,75.5
3622,1,67,67.0
3623,0,0,0.0
3624,0,0,0.0
3625,0,0,0.0
3626,2,335,167.5
3627,0,0,0.0
3628,0,0,0.0
3629,3,202,67.3
3630,1,77,77.0
3631,0,0,0.0
3632,2,154,77.0
3633,2,161,80.5
3634,2,126,63.0
3635,1,56,56.0
3636,3,182,60.7
3637,0,0,0.0
3638,0,0,0.0
3639,1,63,63.0
3640,1,91,91.0
3641,1,63,63.0
3642,1,69,69.0
3643,0,0,0.0
3644,1,88,88.0
3645,0,0,0.0
3646,0,0,0.0
3647,2,143,71.5
3648,0,0,0.0
3649,0,0,0.0
3650,0,0,0.0
3651,1,53,53.0
3652,0,0,0.0
3653,3,176,58.7
3654,0,0,0.0
3655,1,98,98.0
3656,1,87,87.0
3657,1,78,78.0
3658,1,84,84.0
3659,0,0,0.0
3660,2,164,82.0
3661,1,105,105.0
3662,2,169,84.5
3663,1,55,55.0
3664,0,0,0.0
3665,0,0,0.0
3666,1,91,91.0
3667,2,166,83.0
3668,0,0,0.0
3669,0,0,0.0
3670,2,120,60.0
3671,0,0,0.0
3672,1,105,105.0
3673,3,203,67.7
3674,0,0,0.0
3675,0,0,0.0
3676,2,126,63.0
3677,0,0,0.0
3678,1,231,231.0
3679,1,56,56.0
3680,2,112,56.0
3681,2,217,108.5
3682,0,0,0.0
3683,2,252,126.0
3684,0,0,0.0
3685,1,65,65.0
3686,1,98,98.0
3687,2,142,71.0
3688,1,50,50.0
3689,1,56,56.0
3690,3,219,73.0
3691,2,138,69.0
3692,1,98,98.0
3693,1,98,98.0
3694,1,91,91.0
3695,0,0,0.0
3696,0,0,0.0
3697,2,133,66.5
3698,1,71,71.0
3699,2,119,59.5
3700,1,105,105.0
3701,0,0,0.0
3702,2,156,78.0
3703,2,164,82.0
3704,0,0,0.0
3705,2,133,66.5
3706,1,56,56.0
3707,0,0,0.0
3708,1,112,112.0
3709,1,112,112.0
3710,2,138,69.0
3711,2,140,70.0
3712,1,63,63.0
3713,0,0,0.0
3714,0,0,0.0
3715,0,0,0.0
3716,1,63,63.0
3717,0,0,0.0
3718,1,105,105.0
3719,0,0,0.0
3720,1,91,91.0
3721,0,0,0.0
3722,0,0,0.0
3723,1,66,66.0
3724,0,0,0.0
3725,4,260,65.0
3726,1,133,133.0
3727,2,133,66.5
3728,3,240,80.0
3729,1,88,88.0
3730,2,184,92.0
3731,0,0,0.0
3732,0,0,0.0
3733,0,0,0.0
3734,1,81,81.0
3735,2,145,72.5
3736,0,0,0.0
3737,2,106,53.0
3738,2,125,62.5
3739,1,65,65.0
3740,0,0,0.0
3741,3,260,86.7
3742,0,0,0.0
3743,0,0,0.0
3744,4,267,66.8
3745,2,126,63.0
3746,1,84,84.0
3747,1,80,80.0
3748,0,0,0.0
3749,0,0,0.0
3750,2,155,77.5
3751,0,0,0.0
3752,1,105,105.0
3753,2,121,60.5
3754,2,164,82.0
3755,1,74,74.0
3756,0,0,0.0
3757,0,0,0.0
3758,1,56,56.0
3759,0,0,0.0
3760,2,138,69.0
3761,2,102,51.0
3762,0,0,0.0
3763,2,126,63.0
3764,1,70,70.0
3765,3,294,98.0
3766,1,84,84.0
3767,3,182,60.7
3768,0,0,0.0
3769,1,70,70.0
3770,1,104,104.0
3771,0,0,0.0
3772,1,56,56.0
3773,0,0,0.0
3774,0,0,0.0
3775,2,125,62.5
3776,2,183,91.5
3777,2,147,73.5
3778,1,91,91.0
3779,1,56,56.0
3780,1,63,63.0
3781,2,147,73.5
3782,1,56,56.0
3783,3,174,58.0
3784,2,119,59.5
3785,2,196,98.0
3786,2,287,143.5
3787,0,0,0.0
3788,4,287,71.8
3789,1,56,56.0
3790,1,63,63.0
3791,1,56,56.0
3792,2,160,80.0
3793,2,112,56.0
3794,0,0,0.0
3795,2,113,56.5
3796,1,56,56.0
3797,1,66,66.0
3798,2,233,116.5
3799,0,0,0.0
3800,0,0,0.0
3801,1,64,64.0
3802,2,256,128.0
3803,0,0,0.0
3804,1,84,84.0
3805,0,0,0.0
3806,2,129,64.5
3807,1,62,62.0
3808,0,0,0.0
3809,3,176,58.7
3810,0,0,0.0
3811,1,56,56.0
3812,1,70,70.0
3813,3,203,67.7
3814,3,384,128.0
3815,2,124,62.0
3816,3,260,86.7
3817,0,0,0.0
3818,2,140,70.0
3819,0,0,0.0
3820,0,0,0.0
3821,2,119,59.5
3822,2,133,66.5
3823,2,132,66.0
3824,0,0,0.0
3825,0,0,0.0
3826,0,0,0.0
3827,0,0,0.0
3828,0,0,0.0
3829,1,63,63.0
3830,2,133,66.5
3831,0,0,0.0
3832,0,0,0.0
3833,0,0,0.0
3834,2,128,64.0
3835,0,0,0.0
3836,1,61,61.0
3837,1,55,55.0
3838,0,0,0.0
3839,1,63,63.0
3840,1,56,56.0
3841,1,70,70.0
3842,2,110,55.0
3843,2,280,140.0
3844,1,60,60.0
3845,0,0,0.0
3846,2,126,63.0
3847,1,56,56.0
3848,1,117,117.0
3849,2,131,65.5
3850,0,0,0.0
3851,1,55,55.0
3852,2,172,86.0
3853,3,200,66.7
3854,3,218,72.7
3855,4,250,62.5
3856,1,77,77.0
3857,0,0,0.0
3858,3,280,93.3
3859,1,90,90.0
3860,0,0,0.0
3861,2,126,63.0
3862,0,0,0.0
3863,2,146,73.0
3864,0,0,0.0
3865,0,0,0.0
3866,1,105,105.0
3867,1,84,84.0
3868,0,0,0.0
3869,1,56,56.0
3870,2,280,140.0
3871,0,0,0.0
3872,1,168,168.0
3873,0,0,0.0
3874,1,154,154.0
3875,2,175,87.5
3876,0,0,0.0
3877,2,110,55.0
3878,1,56,56.0
3879,0,0,0.0
3880,0,0,0.0
3881,1,56,56.0
3882,3,281,93.7
3883,0,0,0.0
3884,0,0,0.0
3885,3,175,58.3
3886,1,50,50.0
3887,1,189,189.0
3888,3,168,56.0
3889,2,114,57.0
3890,2,154,77.0
3891,2,118,59.0
3892,1,66,66.0
3893,2,133,66.5
3894,0,0,0.0
3895,2,126,63.0
3896,0,0,0.0
3897,1,110,110.0
3898,0,0,0.0
3899,1,66,66.0
3900,0,0,0.0
3901,0,0,0.0
3902,0,0,0.0
3903,1,63,63.0
3904,2,133,66.5
3905,1,70,70.0
3906,0,0,0.0
3907,1,70,70.0
3908,0,0,0.0
3909,0,0,0.0
3910,2,191,95.5
3911,2,142,71.0
3912,2,239,119.5
3913,1,70,70.0
3914,0,0,0.0
3915,2,127,63.5
3916,2,125,62.5
3917,0,0,0.0
3918,1,63,63.0
3919,1,77,77.0
3920,0,0,0.0
3921,2,157,78.5
3922,3,237,79.0
3923,1,61,61.0
3924,0,0,0.0
3925,0,0,0.0
3926,3,209,69.7
3927,0,0,0.0
3928,1,56,56.0
3929,0,0,0.0
3930,1,120,120.0
3931,0,0,0.0
3932,0,0,0.0
3933,1,56,56.0
3934,0,0,0.0
3935,1,60,60.0
3936,2,161,80.5
3937,0,0,0.0
3938,0,0,0.0
3939,1,51,51.0
3940,0,0,0.0
3941,3,176,58.7
3942,2,133,66.5
3943,2,111,55.5
3944,1,63,63.0
3945,2,245,122.5
3946,2,133,66.5
3947,1,56,56.0
3948,1,56,56.0
3949,0,0,0.0
3950,0,0,0.0
3951,2,140,70.0
3952,0,0,0.0
3953,0,0,0.0
3954,1,63,63.0
3955,1,70,70.0
3956,1,92,92.0
3957,0,0,0.0
3958,0,0,0.0
3959,1,51,51.0
3960,2,109,54.5
3961,0,0,0.0
3962,1,52,52.0
3963,0,0,0.0
3964,0,0,0.0
3965,2,133,66.5
3966,0,0,0.0
3967,0,0,0.0
3968,2,115,57.5
3969,3,164,54.7
3970,1,118,118.0
3971,2,350,175.0
3972,0,0,0.0
3973,0,0,0.0
3974,2,112,56.0
3975,1,51,51.0
3976,2,146,73.0
3977,0,0,0.0
3978,0,0,0.0
3979,1,56,56.0
3980,2,119,59.5
3981,2,206,103.0
3982,1,140,140.0
3983,1,50,50.0
3984,0,0,0.0
3985,1,59,59.0
3986,0,0,0.0
3987,1,70,70.0
3988,2,128,64.0
3989,0,0,0.0
3990,2,165,82.5
3991,1,56,56.0
3992,2,504,252.0
3993,1,91,91.0
3994,0,0,0.0
3995,1,77,77.0
3996,2,119,59.5
3997,1,63,63.0
3998,0,0,0.0
3999,1,70,70.0
4000,0,0,0.0
4001,1,73,73.0
4002,1,119,119.0
4003,4,251,62.8
4004,1,58,58.0
4005,1,62,62.0
4006,1,138,138.0
4007,0,0,0.0
4008,2,147,73.5
4009,1,189,189.0
4010,1,70,70.0
4011,3,287,95.7
4012,0,0,0.0
4013,0,0,0.0
4014,0,0,0.0
4015,3,201,67.0
4016,1,98,98.0
4017,1,83,83.0
4018,0,0,0.0
4019,0,0,0.0
4020,1,56,56.0
4021,1,56,56.0
4022,0,0,0.0
4023,1,56,56.0
4024,2,108,54.0
4025,1,60,60.0
4026,1,77,77.0
4027,2,112,56.0
4028,1,63,63.0
4029,3,172,57.3
4030,1,168,168.0
4031,0,0,0.0
4032,3,336,112.0
4033,2,119,59.5
4034,0,0,0.0
4035,1,56,56.0
4036,1,119,119.0
4037,1,84,84.0
4038,0,0,0.0
4039,1,56,56.0
4040,2,139,69.5
4041,0,0,0.0
4042,1,70,70.0
4043,0,0,0.0
4044,1,140,140.0
4045,1,112,112.0
4046,0,0,0.0
4047,2,193,96.5
4048,1,56,56.0
4049,1,119,119.0
4050,0,0,0.0
4051,0,0,0.0
4052,1,70,70.0
4053,0,0,0.0
4054,1,56,56.0
4055,2,145,72.5
4056,1,63,63.0
4057,0,0,0.0
4058,3,428,142.7
4059,1,160,160.0
4060,4,280,70.0
4061,3,449,149.7
4062,1,63,63.0
4063,0,0,0.0
4064,0,0,0.0
4065,2,133,66.5
4066,1,56,56.0
4067,2,189,94.5
4068,0,0,0.0
4069,1,112,112.0
4070,0,0,0.0
4071,0,0,0.0
4072,1,56,56.0
4073,0,0,0.0
4074,1,63,63.0
4075,0,0,0.0
4076,2,147,73.5
4077,3,188,62.7
4078,0,0,0.0
4079,0,0,0.0
4080,1,63,63.0
4081,2,116,58.0
4082,2,140,70.0
4083,0,0,0.0
4084,2,153,76.5
4085,2,225,112.5
4086,2,147,73.5
4087,0,0,0.0
4088,2,143,71.5
4089,1,53,53.0
4090,1,69,69.0
4091,2,147,73.5
4092,0,0,0.0
4093,1,56,56.0
4094,2,140,70.0
4095,0,0,0.0
4096,1,56,56.0
4097,0,0,0.0
4098,0,0,0.0
4099,1,50,50.0
4100,0,0,0.0
4101,0,0,0.0
4102,3,187,62.3
4103,3,171,57.0
4104,1,82,82.0
4105,1,84,84.0
4106,0,0,0.0
4107,1,77,77.0
4108,3,343,114.3
4109,3,231,77.0
4110,3,174,58.0
4111,2,154,77.0
4112,1,73,73.0
4113,0,0,0.0
4114,2,133,66.5
4115,1,74,74.0
4116,1,72,72.0
4117,1,91,91.0
4118,1,56,56.0
4119,0,0,0.0
4120,1,56,56.0
4121,3,198,66.0
4122,1,54,54.0
4123,1,70,70.0
4124,1,73,73.0
4125,2,110,55.0
4126,2,144,72.0
4127,3,314,104.7
4128,1,84,84.0
4129,0,0,0.0
4130,1,196,196.0
4131,0,0,0.0
4132,1,61,61.0
4133,0,0,0.0
4134,0,0,0.0
4135,1,77,77.0
4136,2,133,66.5
4137,0,0,0.0
4138,2,241,120.5
4139,0,0,0.0
4140,4,357,89.2
4141,2,168,84.0
4142,0,0,0.0
4143,0,0,0.0
4144,2,223,111.5
4145,0,0,0.0
4146,4,269,67.2
4147,0,0,0.0
4148,1,72,72.0
4149,0,0,0.0
4150,0,0,0.0
4151,1,90,90.0
4152,1,59,59.0
4153,2,133,66.5
4154,0,0,0.0
4155,1,91,91.0
4156,0,0,0.0
4157,2,148,74.0
4158,1,63,63.0
4159,3,185,61.7
4160,1,56,56.0
4161,3,328,109.3
4162,2,145,72.5
4163,1,203,203.0
4164,0,0,0.0
4165,2,266,133.0
4166,2,174,87.0
4167,1,63,63.0
4168,0,0,0.0
4169,0,0,0.0
4170,0,0,0.0
4171,1,55,55.0
4172,0,0,0.0
4173,3,200,66.7
4174,1,56,56.0
4175,1,53,53.0
4176,1,123,123.0
4177,0,0,0.0
4178,2,127,63.5
4179,2,133,66.5
4180,1,51,51.0
4181,1,224,224.0
4182,0,0,0.0
4183,2,209,104.5
4184,0,0,0.0
4185,1,69,69.0
4186,0,0,0.0
4187,0,0,0.0
4188,0,0,0.0
4189,1,77,77.0
4190,1,75,75.0
4191,1,63,63.0
4192,3,213,71.0
4193,1,63,63.0
4194,1,56,56.0
4195,0,0,0.0
4196,2,154,77.0
4197,3,343,114.3
4198,1,56,56.0
4199,1,56,56.0
4200,0,0,0.0
4201,2,161,80.5
4202,1,77,77.0
4203,0,0,0.0
4204,2,126,63.0
4205,0,0,0.0
4206,2,119,59.5
4207,3,292,97.3
4208,1,56,56.0
4209,0,0,0.0
4210,1,70,70.0
4211,4,269,67.2
4212,1,69,69.0
4213,1,140,140.0
4214,1,84,84.0
4215,0,0,0.0
4216,2,203,101.5
4217,1,63,63.0
4218,2,120,60.0
4219,3,224,74.7
4220,3,238,79.3
4221,1,69,69.0
4222,3,200,66.7
4223,2,112,56.0
4224,4,279,69.8
4225,2,116,58.0
4226,2,126,63.0
4227,0,0,0.0
4228,0,0,0.0
4229,1,69,69.0
4230,3,221,73.7
4231,1,63,63.0
4232,1,56,56.0
4233,1,119,119.0
4234,1,56,56.0
4235,0,0,0.0
4236,2,217,108.5
4237,3,273,91.0
4238,2,308,154.0
4239,1,77,77.0
4240,0,0,0.0
4241,2,231,115.5
4242,3,196,65.3
4243,2,126,63.0
4244,0,0,0.0
4245,0,0,0.0
4246,0,0,0.0
4247,2,127,63.5
4248,1,77,77.0
4249,0,0,0.0
4250,2,144,72.0
4251,2,267,133.5
4252,3,182,60.7
4253,0,0,0.0
4254,0,0,0.0
4255,0,0,0.0
4256,1,77,77.0
4257,1,63,63.0
4258,1,56,56.0
4259,0,0,0.0
4260,0,0,0.0
4261,2,119,59.5
4262,2,265,132.5
4263,1,92,92.0
4264,3,371,123.7
4265,0,0,0.0
4266,1,77,77.0
4267,2,167,83.5
4268,2,140,70.0
4269,3,613,204.3
4270,2,294,147.0
4271,1,102,102.0
4272,1,140,140.0
4273,1,51,51.0
4274,0,0,0.0
4275,1,81,81.0
4276,0,0,0.0
4277,1,63,63.0
4278,4,294,73.5
4279,1,70,70.0
4280,2,135,67.5
4281,2,112,56.0
4282,3,355,118.3
4283,1,73,73.0
4284,0,0,0.0
4285,1,77,77.0
4286,2,148,74.0
4287,3,210,70.0
4288,0,0,0.0
4289,1,72,72.0
4290,1,84,84.0
4291,2,154,77.0
4292,0,0,0.0
4293,2,126,63.0
4294,2,134,67.0
4295,1,130,130.0
4296,0,0,0.0
4297,1,56,56.0
4298,0,0,0.0
4299,3,283,94.3
4300,1,98,98.0
4301,2,119,59.5
4302,0,0,0.0
4303,1,109,109.0
4304,1,70,70.0
4305,1,59,59.0
4306,1,56,56.0
4307,1,57,57.0
4308,2,121,60.5
4309,1,196,196.0
4310,1,56,56.0
4311,1,61,61.0
4312,3,276,92.0
4313,1,56,56.0
4314,2,116,58.0
4315,0,0,0.0
4316,1,53,53.0
4317,2,243,121.5
4318,2,124,62.0
4319,0,0,0.0
4320,3,243,81.0
4321,1,56,56.0
4322,2,145,72.5
4323,0,0,0.0
4324,1,203,203.0
4325,0,0,0.0
4326,1,53,53.0
4327,0,0,0.0
4328,1,77,77.0
4329,2,112,56.0
4330,0,0,0.0
4331,0,0,0.0
4332,0,0,0.0
4333,2,126,63.0
4334,1,80,80.0
4335,0,0,0.0
4336,0,0,0.0
4337,0,0,0.0
4338,1,70,70.0
4339,1,50,50.0
4340,0,0,0.0
4341,2,147,73.5
4342,2,131,65.5
4343,3,195,65.0
4344,0,0,0.0
4345,0,0,0.0
4346,2,147,73.5
4347,1,70,70.0
4348,3,216,72.0
4349,1,53,53.0
4350,0,0,0.0
4351,0,0,0.0
4352,0,0,0.0
4353,1,55,55.0
4354,1,146,146.0
4355,0,0,0.0
4356,2,107,53.5
4357,2,182,91.0
4358,0,0,0.0
4359,0,0,0.0
4360,1,55,55.0
4361,1,62,62.0
4362,2,126,63.0
4363,1,77,77.0
4364,2,322,161.0
4365,1,63,63.0
4366,1,63,63.0
4367,1,56,56.0
4368,3,207,69.0
4369,0,0,0.0
4370,1,77,77.0
4371,0,0,0.0
4372,1,56,56.0
4373,1,77,77.0
4374,3,348,116.0
4375,2,128,64.0
4376,3,206,68.7
4377,1,357,357.0
4378,0,0,0.0
4379,0,0,0.0
4380,3,209,69.7
4381,0,0,0.0
4382,4,287,71.8
4383,0,0,0.0
4384,1,84,84.0
4385,0,0,0.0
4386,2,169,84.5
4387,0,0,0.0
4388,0,0,0.0
4389,3,172,57.3
4390,0,0,0.0
4391,0,0,0.0
4392,1,77,77.0
4393,1,54,54.0
4394,1,52,52.0
4395,1,147,147.0
4396,2,140,70.0
4397,0,0,0.0
4398,0,0,0.0
4399,1,112,112.0
4400,0,0,0.0
4401,2,168,84.0
4402,3,181,60.3
4403,1,112,112.0
4404,0,0,0.0
4405,0,0,0.0
4406,1,84,84.0
4407,3,210,70.0
4408,0,0,0.0
4409,3,182,60.7
4410,2,112,56.0
4411,0,0,0.0
4412,1,84,84.0
4413,1,56,56.0
4414,3,190,63.3
4415,0,0,0.0
4416,0,0,0.0
4417,0,0,0.0
4418,2,107,53.5
4419,3,199,66.3
4420,1,56,56.0
4421,1,56,56.0
4422,2,161,80.5
4423,0,0,0.0
4424,0,0,0.0
4425,1,112,112.0
4426,0,0,0.0
4427,1,58,58.0
4428,0,0,0.0
4429,1,62,62.0
4430,2,159,79.5
4431,1,147,147.0
4432,1,56,56.0
4433,2,126,63.0
4434,1,77,77.0
4435,2,211,105.5
4436,1,112,112.0
4437,0,0,0.0
4438,1,169,169.0
4439,0,0,0.0
4440,2,247,123.5
4441,1,175,175.0
4442,3,245,81.7
4443,2,112,56.0
4444,0,0,0.0
4445,1,56,56.0
4446,1,54,54.0
4447,2,140,70.0
4448,0,0,0.0
4449,1,63,63.0
4450,0,0,0.0
4451,2,133,66.5
4452,3,301,100.3
4453,3,196,65.3
4454,2,247,123.5
4455,1,77,77.0
4456,2,168,84.0
4457,2,138,69.0
4458,0,0,0.0
4459,0,0,0.0
4460,1,55,55.0
4461,3,188,62.7
4462,1,77,77.0
4463,2,245,122.5
4464,3,221,73.7
4465,0,0,0.0
4466,1,56,56.0
4467,1,84,84.0
4468,2,112,56.0
4469,2,190,95.0
4470,3,196,65.3
4471,0,0,0.0
4472,0,0,0.0
4473,1,52,52.0
4474,3,296,98.7
4475,1,56,56.0
4476,0,0,0.0
4477,1,75,75.0
4478,2,163,81.5
4479,0,0,0.0
4480,1,54,54.0
4481,1,84,84.0
4482,1,91,91.0
4483,0,0,0.0
4484,0,0,0.0
4485,1,56,56.0
4486,0,0,0.0
4487,1,56,56.0
4488,0,0,0.0
4489,1,77,77.0
4490,2,140,70.0
4491,2,227,113.5
4492,3,203,67.7
4493,1,63,63.0
4494,2,120,60.0
4495,1,84,84.0
4496,1,56,56.0
4497,1,68,68.0
4498,2,163,81.5
4499,3,218,72.7
4500,0,0,0.0
4501,0,0,0.0
4502,1,56,56.0
4503,0,0,0.0
4504,1,114,114.0
4505,1,91,91.0
4506,0,0,0.0
4507,2,106,53.0
4508,0,0,0.0
4509,0,0,0.0
4510,0,0,0.0
4511,2,169,84.5
4512,0,0,0.0
4513,1,77,77.0
4514,0,0,0.0
4515,1,70,70.0
4516,0,0,0.0
4517,0,0,0.0
4518,1,74,74.0
4519,1,70,70.0
4520,1,56,56.0
4521,0,0,0.0
4522,1,56,56.0
4523,2,201,100.5
4524,1,74,74.0
4525,1,56,56.0
4526,1,84,84.0
4527,0,0,0.0
4528,0,0,0.0
4529,2,134,67.0
4530,0,0,0.0
4531,2,107,53.5
4532,0,0,0.0
4533,0,0,0.0
4534,0,0,0.0
4535,1,56,56.0
4536,3,216,72.0
4537,1,61,61.0
4538,1,56,56.0
4539,1,68,68.0
4540,1,90,90.0
4541,1,56,56.0
4542,0,0,0.0
4543,2,108,54.0
4544,2,172,86.0
4545,0,0,0.0
4546,1,70,70.0
4547,2,124,62.0
4548,1,65,65.0
4549,4,276,69.0
4550,2,153,76.5
4551,1,56,56.0
4552,3,371,123.7
4553,4,339,84.8
4554,1,56,56.0
4555,0,0,0.0
4556,1,105,105.0
4557,2,140,70.0
4558,3,238,79.3
4559,1,84,84.0
4560,0,0,0.0
4561,1,77,77.0
4562,2,134,67.0
4563,3,259,86.3
4564,0,0,0.0
4565,2,194,97.0
4566,2,196,98.0
4567,2,195,97.5
4568,1,84,84.0
4569,3,193,64.3
4570,3,213,71.0
4571,2,161,80.5
4572,1,105,105.0
4573,0,0,0.0
4574,0,0,0.0
4575,2,189,94.5
4576,3,216,72.0
4577,4,287,71.8
4578,3,228,76.0
4579,1,63,63.0
4580,0,0,0.0
4581,3,203,67.7
4582,0,0,0.0
4583,0,0,0.0
4584,0,0,0.0
4585,1,79,79.0
4586,0,0,0.0
4587,3,198,66.0
4588,0,0,0.0
4589,1,91,91.0
4590,1,52,52.0
4591,0,0,0.0
4592,1,159,159.0
4593,1,63,63.0
4594,0,0,0.0
4595,0,0,0.0
4596,0,0,0.0
4597,1,98,98.0
4598,1,64,64.0
4599,1,84,84.0
4600,0,0,0.0
4601,1,75,75.0
4602,1,147,147.0
4603,2,208,104.0
4604,0,0,0.0
4605,1,63,63.0
4606,0,0,0.0
4607,1,56,56.0
4608,1,108,108.0
4609,1,98,98.0
4610,1,105,105.0
4611,1,70,70.0
4612,0,0,0.0
4613,2,106,53.0
4614,1,72,72.0
4615,0,0,0.0
4616,0,0,0.0
4617,2,150,75.0
4618,1,52,52.0
4619,3,207,69.0
4620,0,0,0.0
4621,3,297,99.0
4622,1,56,56.0
4623,0,0,0.0
4624,1,63,63.0
4625,3,280,93.3
4626,0,0,0.0
4627,0,0,0.0
4628,0,0,0.0
4629,0,0,0.0
4630,1,54,54.0
4631,5,283,56.6
4632,0,0,0.0
4633,2,205,102.5
4634,2,119,59.5
4635,0,0,0.0
4636,3,201,67.0
4637,2,106,53.0
4638,0,0,0.0
4639,0,0,0.0
4640,0,0,0.0
4641,3,208,69.3
4642,2,122,61.0
4643,1,117,117.0
4644,1,50,50.0
4645,2,217,108.5
4646,2,112,56.0
4647,1,95,95.0
4648,2,118,59.0
4649,1,63,63.0
4650,1,82,82.0
4651,1,56,56.0
4652,2,193,96.5
4653,0,0,0.0
4654,0,0,0.0
4655,0,0,0.0
4656,0,0,0.0
4657,0,0,0.0
4658,2,128,64.0
4659,2,133,66.5
4660,2,147,73.5
4661,2,134,67.0
4662,2,294,147.0
4663,1,101,101.0
4664,2,166,83.0
4665,1,77,77.0
4666,1,70,70.0
4667,3,360,120.0
4668,1,56,56.0
4669,0,0,0.0
4670,0,0,0.0
4671,0,0,0.0
4672,1,56,56.0
4673,2,126,63.0
4674,1,55,55.0
4675,1,56,56.0
4676,1,74,74.0
4677,4,308,77.0
4678,1,69,69.0
4679,0,0,0.0
4680,0,0,0.0
4681,0,0,0.0
4682,2,106,53.0
4683,1,56,56.0
4684,1,126,126.0
4685,0,0,0.0
4686,0,0,0.0
4687,2,121,60.5
4688,3,314,104.7
4689,0,0,0.0
4690,0,0,0.0
4691,3,192,64.0
4692,2,119,59.5
4693,0,0,0.0
4694,2,112,56.0
4695,1,56,56.0
4696,1,55,55.0
4697,1,54,54.0
4698,1,90,90.0
4699,1,224,224.0
4700,1,56,56.0
4701,2,154,77.0
4702,1,182,182.0
4703,0,0,0.0
4704,1,67,67.0
4705,2,147,73.5
4706,2,113,56.5
4707,1,127,127.0
4708,0,0,0.0
4709,0,0,0.0
4710,1,56,56.0
4711,1,63,63.0
4712,0,0,0.0
4713,0,0,0.0
4714,1,56,56.0
4715,1,51,51.0
4716,2,140,70.0
4717,0,0,0.0
4718,2,133,66.5
4719,1,98,98.0
4720,2,109,54.5
4721,0,0,0.0
4722,1,56,56.0
4723,1,56,56.0
4724,0,0,0.0
4725,1,140,140.0
4726,1,133,133.0
4727,1,77,77.0
4728,4,343,85.8
4729,2,140,70.0
4730,2,126,63.0
4731,1,105,105.0
4732,0,0,0.0
4733,3,176,58.7
4734,1,64,64.0
4735,1,133,133.0
4736,2,106,53.0
4737,2,155,77.5
4738,4,332,83.0
4739,4,341,85.2
4740,0,0,0.0
4741,2,222,111.0
4742,0,0,0.0
4743,0,0,0.0
4744,1,52,52.0
4745,3,189,63.0
4746,0,0,0.0
4747,2,132,66.0
4748,2,113,56.5
4749,0,0,0.0
4750,0,0,0.0
4751,2,106,53.0
4752,0,0,0.0
4753,1,104,104.0
4754,2,114,57.0
4755,3,272,90.7
4756,0,0,0.0
4757,0,0,0.0
4758,2,144,72.0
4759,0,0,0.0
4760,1,56,56.0
4761,2,209,104.5
4762,0,0,0.0
4763,0,0,0.0
4764,0,0,0.0
4765,1,63,63.0
4766,0,0,0.0
4767,0,0,0.0
4768,3,281,93.7
4769,0,0,0.0
4770,0,0,0.0
4771,2,119,59.5
4772,0,0,0.0
4773,1,91,91.0
4774,2,182,91.0
4775,2,109,54.5
4776,0,0,0.0
4777,0,0,0.0
4778,1,53,53.0
4779,0,0,0.0
4780,0,0,0.0
4781,0,0,0.0
4782,0,0,0.0
4783,0,0,0.0
4784,0,0,0.0
4785,0,0,0.0
4786,0,0,0.0
4787,0,0,0.0
4788,1,63,63.0
4789,3,232,77.3
4790,1,77,77.0
4791,0,0,0.0
4792,2,126,63.0
4793,1,78,78.0
4794,1,83,83.0
4795,2,200,100.0
4796,3,177,59.0
4797,0,0,0.0
4798,1,116,116.0
4799,1,91,91.0
4800,1,56,56.0
4801,0,0,0.0
4802,3,234,78.0
4803,1,84,84.0
4804,0,0,0.0
4805,3,186,62.0
4806,1,259,259.0
4807,0,0,0.0
4808,1,56,56.0
4809,3,192,64.0
4810,0,0,0.0
4811,0,0,0.0
4812,1,63,63.0
4813,1,56,56.0
4814,1,77,77.0
4815,4,291,72.8
4816,4,266,66.5
4817,2,130,65.0
4818,1,184,184.0
4819,1,56,56.0
4820,1,336,336.0
4821,2,126,63.0
4822,1,153,153.0
4823,2,133,66.5
4824,2,182,91.0
4825,1,91,91.0
4826,2,119,59.5
4827,3,379,126.3
4828,1,62,62.0
4829,0,0,0.0
4830,4,290,72.5
4831,1,62,62.0
4832,2,154,77.0
4833,3,204,68.0
4834,1,97,97.0
4835,2,168,84.0
4836,0,0,0.0
4837,3,210,70.0
4838,1,63,63.0
4839,1,77,77.0
4840,1,56,56.0
4841,2,196,98.0
4842,0,0,0.0
4843,2,140,70.0
4844,0,0,0.0
4845,0,0,0.0
4846,0,0,0.0
4847,2,109,54.5
4848,1,77,77.0
4849,0,0,0.0
4850,4,254,63.5
4851,0,0,0.0
4852,1,70,70.0
4853,1,60,60.0
4854,2,147,73.5
4855,0,0,0.0
4856,1,63,63.0
4857,1,110,110.0
4858,1,126,126.0
4859,2,147,73.5
4860,0,0,0.0
4861,1,91,91.0
4862,0,0,0.0
4863,2,126,63.0
4864,0,0,0.0
4865,0,0,0.0
4866,1,56,56.0
4867,1,77,77.0
4868,0,0,0.0
4869,2,112,56.0
4870,0,0,0.0
4871,1,62,62.0
4872,0,0,0.0
4873,3,193,64.3
4874,2,133,66.5
4875,2,152,76.0
4876,0,0,0.0
4877,1,51,51.0
4878,3,238,79.3
4879,1,56,56.0
4880,1,112,112.0
4881,0,0,0.0
4882,0,0,0.0
4883,1,105,105.0
4884,0,0,0.0
4885,2,169,84.5
4886,0,0,0.0
4887,0,0,0.0
4888,2,133,66.5
4889,1,56,56.0
4890,0,0,0.0
4891,1,56,56.0
4892,1,126,126.0
4893,3,265,88.3
4894,1,56,56.0
4895,1,56,56.0
4896,0,0,0.0
4897,2,140,70.0
4898,2,144,72.0
4899,1,89,89.0
4900,4,293,73.2
4901,1,70,70.0
4902,2,119,59.5
4903,1,70,70.0
4904,0,0,0.0
4905,0,0,0.0
4906,0,0,0.0
4907,0,0,0.0
4908,2,113,56.5
4909,1,63,63.0
4910,0,0,0.0
4911,2,175,87.5
4912,0,0,0.0
4913,1,84,84.0
4914,1,70,70.0
4915,1,70,70.0
4916,1,63,63.0
4917,4,349,87.2
4918,0,0,0.0
4919,1,62,62.0
4920,1,63,63.0
4921,1,84,84.0
4922,0,0,0.0
4923,1,56,56.0
4924,3,202,67.3
4925,1,70,70.0
4926,0,0,0.0
4927,0,0,0.0
4928,1,69,69.0
4929,0,0,0.0
4930,0,0,0.0
4931,2,154,77.0
4932,2,154,77.0
4933,0,0,0.0
4934,2,119,59.5
4935,2,173,86.5
4936,2,140,70.0
4937,1,231,231.0
4938,0,0,0.0
4939,2,140,70.0
4940,0,0,0.0
4941,2,188,94.0
4942,1,63,63.0
4943,0,0,0.0
4944,1,77,77.0
4945,3,197,65.7
4946,1,53,53.0
4947,0,0,0.0
4948,4,342,85.5
4949,0,0,0.0
4950,0,0,0.0
4951,0,0,0.0
4952,0,0,0.0
4953,0,0,0.0
4954,0,0,0.0
4955,0,0,0.0
4956,0,0,0.0
4957,2,161,80.5
4958,1,91,91.0
4959,0,0,0.0
4960,1,80,80.0
4961,1,112,112.0
4962,2,142,71.0
4963,1,56,56.0
4964,0,0,0.0
4965,1,168,168.0
4966,1,105,105.0
4967,1,77,77.0
4968,0,0,0.0
4969,1,129,129.0
4970,1,70,70.0
4971,2,129,64.5
4972,0,0,0.0
4973,1,192,192.0
4974,0,0,0.0
4975,2,238,119.0
4976,2,161,80.5
4977,2,109,54.5
4978,0,0,0.0
4979,0,0,0.0
4980,1,70,70.0
4981,0,0,0.0
4982,0,0,0.0
4983,1,91,91.0
4984,2,203,101.5
4985,1,63,63.0
4986,1,92,92.0
4987,0,0,0.0
4988,2,168,84.0
4989,0,0,0.0
4990,0,0,0.0
4991,1,203,203.0
4992,1,63,63.0
4993,2,140,70.0
4994,0,0,0.0
4995,1,52,52.0
4996,1,70,70.0
4997,0,0,0.0
4998,1,55,55.0
4999,1,56,56.0
5000,1,133,133.0
5001,1,84,84.0
5002,1,70,70.0
5003,0,0,0.0
5004,0,0,0.0
5005,1,56,56.0
5006,0,0,0.0
5007,2,140,70.0
5008,1,147,147.0
5009,1,70,70.0
5010,1,161,161.0
5011,3,172,57.3
5012,2,104,52.0
5013,1,63,63.0
5014,0,0,0.0
5015,0,0,0.0
5016,1,91,91.0
5017,1,63,63.0
5018,0,0,0.0
5019,1,96,96.0
5020,0,0,0.0
5021,1,53,53.0
5022,0,0,0.0
5023,1,245,245.0
5024,1,63,63.0
5025,0,0,0.0
5026,0,0,0.0
5027,3,318,106.0
5028,1,77,77.0
5029,2,129,64.5
5030,1,147,147.0
5031,3,186,62.0
5032,0,0,0.0
5033,0,0,0.0
5034,1,196,196.0
5035,0,0,0.0
5036,0,0,0.0
5037,0,0,0.0
5038,0,0,0.0
5039,1,63,63.0
5040,0,0,0.0
5041,1,144,144.0
5042,0,0,0.0
5043,0,0,0.0
5044,0,0,0.0
5045,2,119,59.5
5046,2,119,59.5
5047,0,0,0.0
5048,1,97,97.0
5049,1,59,59.0
5050,1,77,77.0
5051,0,0,0.0
5052,0,0,0.0
5053,5,426,85.2
5054,1,123,123.0
5055,0,0,0.0
5056,3,308,102.7
5057,1,70,70.0
5058,2,203,101.5
5059,0,0,0.0
5060,2,174,87.0
5061,2,152,76.0
5062,2,128,64.0
5063,2,136,68.0
5064,6,597,99.5
5065,0,0,0.0
5066,2,147,73.5
5067,0,0,0.0
5068,1,76,76.0
5069,0,0,0.0
5070,2,156,78.0
5071,3,181,60.3
5072,2,164,82.0
5073,0,0,0.0
5074,1,406,406.0
5075,1,66,66.0
5076,2,121,60.5
5077,0,0,0.0
5078,0,0,0.0
5079,0,0,0.0
5080,1,315,315.0
5081,2,119,59.5
5082,3,175,58.3
5083,0,0,0.0
5084,2,147,73.5
5085,0,0,0.0
5086,2,119,59.5
5087,0,0,0.0
5088,4,392,98.0
5089,0,0,0.0
5090,0,0,0.0
5091,1,56,56.0
5092,0,0,0.0
5093,0,0,0.0
5094,3,209,69.7
5095,1,77,77.0
5096,1,56,56.0
5097,3,209,69.7
5098,3,175,58.3
5099,3,178,59.3
5100,1,69,69.0
5101,1,56,56.0
5102,1,66,66.0
5103,1,60,60.0
5104,1,56,56.0
5105,1,91,91.0
5106,1,67,67.0
5107,0,0,0.0
5108,1,70,70.0
5109,1,56,56.0
5110,1,56,56.0
5111,2,118,59.0
5112,0,0,0.0
5113,1,126,126.0
5114,2,145,72.5
5115,4,257,64.2
5116,0,0,0.0
5117,2,121,60.5
5118,2,203,101.5
5119,3,196,65.3
5120,0,0,0.0
5121,2,250,125.0
5122,3,263,87.7
5123,1,56,56.0
5124,1,79,79.0
5125,1,172,172.0
5126,1,56,56.0
5127,0,0,0.0
5128,2,236,118.0
5129,1,77,77.0
5130,0,0,0.0
5131,0,0,0.0
5132,1,147,147.0
5133,0,0,0.0
5134,1,56,56.0
5135,0,0,0.0
5136,3,217,72.3
5137,1,56,56.0
5138,2,130,65.0
5139,1,57,57.0
5140,3,199,66.3
5141,1,70,70.0
5142,2,126,63.0
5143,0,0,0.0
5144,0,0,0.0
5145,0,0,0.0
5146,2,153,76.5
5147,1,98,98.0
5148,5,283,56.6
5149,3,282,94.0
5150,2,112,56.0
5151,1,63,63.0
5152,2,151,75.5
5153,1,75,75.0
5154,2,125,62.5
5155,1,315,315.0
5156,3,178,59.3
5157,1,173,173.0
5158,1,54,54.0
5159,3,162,54.0
5160,0,0,0.0
5161,1,77,77.0
5162,1,56,56.0
5163,2,154,77.0
5164,0,0,0.0
5165,2,310,155.0
5166,0,0,0.0
5167,3,165,55.0
5168,1,56,56.0
5169,1,63,63.0
5170,0,0,0.0
5171,1,63,63.0
5172,2,111,55.5
5173,1,77,77.0
5174,2,189,94.5
5175,1,56,56.0
5176,0,0,0.0
5177,0,0,0.0
5178,2,112,56.0
5179,0,0,0.0
5180,0,0,0.0
5181,0,0,0.0
5182,1,56,56.0
5183,0,0,0.0
5184,1,63,63.0
5185,3,346,115.3
5186,1,63,63.0
5187,0,0,0.0
5188,2,140,70.0
5189,1,100,100.0
5190,3,401,133.7
5191,0,0,0.0
5192,0,0,0.0
5193,0,0,0.0
5194,2,189,94.5
5195,1,56,56.0
5196,2,144,72.0
5197,1,76,76.0
5198,2,273,136.5
5199,1,56,56.0
5200,1,77,77.0
5201,3,259,86.3
5202,2,107,53.5
5203,0,0,0.0
5204,3,174,58.0
5205,0,0,0.0
5206,3,162,54.0
5207,1,56,56.0
5208,1,70,70.0
5209,1,140,140.0
5210,2,115,57.5
5211,2,119,59.5
5212,2,258,129.0
5213,1,86,86.0
5214,0,0,0.0
5215,2,140,70.0
5216,1,56,56.0
5217,2,149,74.5
5218,0,0,0.0
5219,1,77,77.0
5220,2,132,66.0
5221,1,56,56.0
5222,1,62,62.0
5223,1,72,72.0
5224,1,105,105.0
5225,2,141,70.5
5226,0,0,0.0
5227,0,0,0.0
5228,2,238,119.0
5229,0,0,0.0
5230,3,337,112.3
5231,0,0,0.0
5232,2,220,110.0
5233,1,63,63.0
5234,1,86,86.0
5235,3,203,67.7
5236,0,0,0.0
5237,2,150,75.0
5238,3,203,67.7
5239,0,0,0.0
5240,2,112,56.0
5241,4,350,87.5
5242,0,0,0.0
5243,0,0,0.0
5244,1,56,56.0
5245,1,56,56.0
5246,0,0,0.0
5247,3,266,88.7
5248,3,236,78.7
5249,1,56,56.0
5250,0,0,0.0
5251,1,175,175.0
5252,1,55,55.0
5253,1,56,56.0
5254,0,0,0.0
5255,0,0,0.0
5256,1,77,77.0
5257,1,70,70.0
5258,0,0,0.0
5259,1,56,56.0
5260,0,0,0.0
5261,2,164,82.0
5262,1,63,63.0
5263,0,0,0.0
5264,1,109,109.0
5265,2,189,94.5
5266,4,469,117.2
5267,0,0,0.0
5268,0,0,0.0
5269,3,532,177.3
5270,2,126,63.0
5271,3,182,60.7
5272,0,0,0.0
5273,0,0,0.0
5274,0,0,0.0
5275,1,56,56.0
5276,1,70,70.0
5277,3,191,63.7
5278,2,119,59.5
5279,1,53,53.0
5280,2,180,90.0
5281,1,91,91.0
5282,4,233,58.2
5283,0,0,0.0
5284,2,128,64.0
5285,1,65,65.0
5286,1,77,77.0
5287,1,91,91.0
5288,0,0,0.0
5289,1,98,98.0
5290,0,0,0.0
5291,1,68,68.0
5292,1,120,120.0
5293,0,0,0.0
5294,1,58,58.0
5295,0,0,0.0
5296,0,0,0.0
5297,1,56,56.0
5298,2,167,83.5
5299,0,0,0.0
5300,2,119,59.5
5301,0,0,0.0
5302,1,63,63.0
5303,2,121,60.5
5304,2,111,55.5
5305,0,0,0.0
5306,1,77,77.0
5307,0,0,0.0
5308,1,97,97.0
5309,3,199,66.3
5310,4,243,60.8
5311,2,112,56.0
5312,4,381,95.2
5313,2,111,55.5
5314,2,126,63.0
5315,3,222,74.0
5316,0,0,0.0
5317,3,296,98.7
5318,0,0,0.0
5319,1,63,63.0
5320,2,111,55.5
5321,3,225,75.0
5322,2,168,84.0
5323,2,174,87.0
5324,0,0,0.0
5325,0,0,0.0
5326,1,259,259.0
5327,2,127,63.5
5328,3,186,62.0
5329,0,0,0.0
5330,0,0,0.0
5331,2,125,62.5
5332,2,147,73.5
5333,2,109,54.5
5334,2,126,63.0
5335,3,262,87.3
5336,2,119,59.5
5337,0,0,0.0
5338,2,154,77.0
5339,3,233,77.7
5340,3,182,60.7
5341,1,63,63.0
5342,0,0,0.0
5343,2,133,66.5
5344,1,56,56.0
5345,2,133,66.5
5346,0,0,0.0
5347,0,0,0.0
5348,0,0,0.0
5349,0,0,0.0
5350,3,168,56.0
5351,0,0,0.0
5352,0,0,0.0
5353,1,77,77.0
5354,2,141,70.5
5355,1,82,82.0
5356,2,109,54.5
5357,1,63,63.0
5358,0,0,0.0
5359,0,0,0.0
5360,2,168,84.0
5361,1,84,84.0
5362,1,56,56.0
5363,2,151,75.5
5364,0,0,0.0
5365,2,112,56.0
5366,0,0,0.0
5367,1,56,56.0
5368,1,61,61.0
5369,1,58,58.0
5370,2,132,66.0
5371,0,0,0.0
5372,1,56,56.0
5373,0,0,0.0
5374,0,0,0.0
5375,1,56,56.0
5376,1,56,56.0
5377,2,115,57.5
5378,1,168,168.0
5379,1,158,158.0
5380,2,109,54.5
5381,4,279,69.8
5382,1,56,56.0
5383,2,112,56.0
5384,2,125,62.5
5385,1,91,91.0
5386,0,0,0.0
5387,3,206,68.7
5388,2,119,59.5
5389,5,399,79.8
5390,1,56,56.0
5391,1,56,56.0
5392,0,0,0.0
5393,3,245,81.7
5394,0,0,0.0
5395,3,232,77.3
5396,2,219,109.5
5397,2,134,67.0
5398,2,121,60.5
5399,3,174,58.0
5400,3,189,63.0
5401,0,0,0.0
5402,3,259,86.3
5403,0,0,0.0
5404,2,208,104.0
5405,1,56,56.0
5406,1,53,53.0
5407,1,182,182.0
5408,2,135,67.5
5409,1,60,60.0
5410,1,56,56.0
5411,1,56,56.0
5412,1,91,91.0
5413,0,0,0.0
5414,1,84,84.0
5415,0,0,0.0
5416,2,117,58.5
5417,1,57,57.0
5418,1,77,77.0
5419,1,57,57.0
5420,3,252,84.0
5421,0,0,0.0
5422,0,0,0.0
5423,4,242,60.5
5424,2,128,64.0
5425,4,349,87.2
5426,1,80,80.0
5427,1,77,77.0
5428,0,0,0.0
5429,3,262,87.3
5430,2,115,57.5
5431,0,0,0.0
5432,1,53,53.0
5433,0,0,0.0
5434,0,0,0.0
5435,1,84,84.0
5436,2,133,66.5
5437,1,56,56.0
5438,0,0,0.0
5439,1,56,56.0
5440,0,0,0.0
5441,0,0,0.0
5442,0,0,0.0
5443,2,161,80.5
5444,0,0,0.0
5445,1,103,103.0
5446,1,51,51.0
5447,1,60,60.0
5448,0,0,0.0
5449,0,0,0.0
5450,2,142,71.0
5451,1,63,63.0
5452,0,0,0.0
5453,1,63,63.0
5454,1,90,90.0
5455,1,92,92.0
5456,1,245,245.0
5457,1,56,56.0
5458,0,0,0.0
5459,1,97,97.0
5460,0,0,0.0
5461,0,0,0.0
5462,0,0,0.0
5463,0,0,0.0
5464,0,0,0.0
5465,2,142,71.0
5466,3,406,135.3
5467,1,77,77.0
5468,1,56,56.0
5469,2,116,58.0
5470,3,182,60.7
5471,0,0,0.0
5472,0,0,0.0
5473,2,187,93.5
5474,0,0,0.0
5475,1,80,80.0
5476,3,201,67.0
5477,3,243,81.0
5478,2,127,63.5
5479,1,140,140.0
5480,0,0,0.0
5481,1,51,51.0
5482,2,138,69.0
5483,4,315,78.8
5484,1,63,63.0
5485,0,0,0.0
5486,1,70,70.0
5487,1,70,70.0
5488,2,136,68.0
5489,1,63,63.0
5490,1,77,77.0
5491,1,80,80.0
5492,3,237,79.0
5493,0,0,0.0
5494,1,97,97.0
5495,2,182,91.0
5496,3,182,60.7
5497,0,0,0.0
5498,2,126,63.0
5499,3,187,62.3
5500,1,64,64.0
5501,1,126,126.0
5502,1,56,56.0
5503,0,0,0.0
5504,2,125,62.5
5505,1,67,67.0
5506,0,0,0.0
5507,0,0,0.0
5508,2,147,73.5
5509,2,173,86.5
5510,2,175,87.5
5511,0,0,0.0
5512,1,55,55.0
5513,3,266,88.7
5514,0,0,0.0
5515,1,53,53.0
5516,3,226,75.3
5517,1,63,63.0
5518,2,129,64.5
5519,2,231,115.5
5520,2,136,68.0
5521,0,0,0.0
5522,0,0,0.0
5523,2,128,64.0
5524,1,68,68.0
5525,1,70,70.0
5526,2,161,80.5
5527,0,0,0.0
5528,1,102,102.0
5529,1,63,63.0
5530,4,285,71.2
5531,2,158,79.0
5532,5,420,84.0
5533,2,156,78.0
5534,1,105,105.0
5535,1,56,56.0
5536,2,132,66.0
5537,2,245,122.5
5538,2,116,58.0
5539,2,273,136.5
5540,5,307,61.4
5541,1,63,63.0
5542,2,143,71.5
5543,0,0,0.0
5544,1,70,70.0
5545,1,77,77.0
5546,1,56,56.0
5547,0,0,0.0
5548,1,77,77.0
5549,1,84,84.0
5550,2,112,56.0
5551,1,77,77.0
5552,3,271,90.3
5553,2,259,129.5
5554,0,0,0.0
5555,1,98,98.0
5556,2,196,98.0
5557,2,115,57.5
5558,2,120,60.0
5559,2,122,61.0
5560,2,154,77.0
5561,0,0,0.0
5562,2,126,63.0
5563,1,64,64.0
5564,0,0,0.0
5565,2,119,59.5
5566,1,63,63.0
5567,1,105,105.0
5568,0,0,0.0
5569,0,0,0.0
5570,0,0,0.0
5571,1,56,56.0
5572,2,123,61.5
5573,1,63,63.0
5574,1,55,55.0
5575,2,133,66.5
5576,1,63,63.0
5577,2,139,69.5
5578,4,276,69.0
5579,1,56,56.0
5580,1,95,95.0
5581,1,63,63.0
5582,1,61,61.0
5583,0,0,0.0
5584,0,0,0.0
5585,1,56,56.0
5586,1,51,51.0
5587,0,0,0.0
5588,1,50,50.0
5589,2,151,75.5
5590,2,140,70.0
5591,2,139,69.5
5592,1,70,70.0
5593,1,56,56.0
5594,1,133,133.0
5595,1,147,147.0
5596,1,77,77.0
5597,1,96,96.0
5598,1,52,52.0
5599,2,121,60.5
5600,1,79,79.0
5601,1,63,63.0
5602,0,0,0.0
5603,1,84,84.0
5604,5,398,79.6
5605,0,0,0.0
5606,3,273,91.0
5607,0,0,0.0
5608,1,53,53.0
5609,1,56,56.0
5610,2,294,147.0
5611,2,119,59.5
5612,2,161,80.5
5613,2,126,63.0
5614,1,70,70.0
5615,0,0,0.0
5616,1,175,175.0
5617,3,207,69.0
5618,0,0,0.0
5619,0,0,0.0
5620,2,119,59.5
5621,0,0,0.0
5622,2,107,53.5
5623,0,0,0.0
5624,3,259,86.3
5625,1,54,54.0
5626,0,0,0.0
5627,3,273,91.0
5628,1,91,91.0
5629,1,91,91.0
5630,0,0,0.0
5631,2,125,62.5
5632,1,231,231.0
5633,0,0,0.0
5634,2,109,54.5
5635,1,78,78.0
5636,0,0,0.0
5637,0,0,0.0
5638,1,63,63.0
5639,0,0,0.0
5640,3,204,68.0
5641,1,77,77.0
5642,2,143,71.5
5643,4,276,69.0
5644,1,77,77.0
5645,2,126,63.0
5646,0,0,0.0
5647,2,123,61.5
5648,1,56,56.0
5649,1,154,154.0
5650,1,54,54.0
5651,0,0,0.0
5652,1,63,63.0
5653,3,185,61.7
5654,0,0,0.0
5655,1,63,63.0
5656,2,280,140.0
5657,2,126,63.0
5658,1,69,69.0
5659,2,138,69.0
5660,0,0,0.0
5661,2,126,63.0
5662,0,0,0.0
5663,1,77,77.0
5664,1,245,245.0
5665,2,173,86.5
5666,3,255,85.0
5667,1,56,56.0
5668,3,219,73.0
5669,2,133,66.5
5670,1,55,55.0
5671,1,77,77.0
5672,4,420,105.0
5673,1,52,52.0
5674,2,148,74.0
5675,0,0,0.0
5676,3,210,70.0
5677,3,282,94.0
5678,0,0,0.0
5679,1,91,91.0
5680,0,0,0.0
5681,1,56,56.0
5682,0,0,0.0
5683,0,0,0.0
5684,0,0,0.0
5685,1,68,68.0
5686,0,0,0.0
5687,0,0,0.0
5688,3,250,83.3
5689,1,52,52.0
5690,1,118,118.0
5691,4,309,77.2
5692,0,0,0.0
5693,0,0,0.0
5694,1,203,203.0
5695,1,105,105.0
5696,0,0,0.0
5697,0,0,0.0
5698,0,0,0.0
5699,1,58,58.0
5700,0,0,0.0
5701,0,0,0.0
5702,1,58,58.0
5703,2,115,57.5
5704,0,0,0.0
5705,1,62,62.0
5706,1,56,56.0
5707,4,279,69.8
5708,1,196,196.0
5709,1,91,91.0
5710,1,60,60.0
5711,0,0,0.0
5712,1,70,70.0
5713,1,70,70.0
5714,1,84,84.0
5715,1,105,105.0
5716,1,56,56.0
5717,2,133,66.5
5718,1,58,58.0
5719,0,0,0.0
5720,1,57,57.0
5721,1,56,56.0
5722,1,70,70.0
5723,1,63,63.0
5724,3,273,91.0
5725,0,0,0.0
5726,3,252,84.0
5727,0,0,0.0
5728,0,0,0.0
5729,1,98,98.0
5730,1,103,103.0
5731,1,79,79.0
5732,0,0,0.0
5733,1,56,56.0
5734,0,0,0.0
5735,1,56,56.0
5736,3,196,65.3
5737,2,136,68.0
5738,2,119,59.5
5739,4,309,77.2
5740,3,173,57.7
5741,1,68,68.0
5742,0,0,0.0
5743,0,0,0.0
5744,2,148,74.0
5745,0,0,0.0
5746,0,0,0.0
5747,0,0,0.0
5748,2,123,61.5
5749,0,0,0.0
5750,1,52,52.0
5751,1,105,105.0
5752,2,189,94.5
5753,1,89,89.0
5754,3,180,60.0
5755,0,0,0.0
5756,2,182,91.0
5757,2,112,56.0
5758,1,56,56.0
5759,2,168,84.0
5760,0,0,0.0
5761,1,91,91.0
5762,1,133,133.0
5763,1,95,95.0
5764,0,0,0.0
5765,1,63,63.0
5766,3,191,63.7
5767,0,0,0.0
5768,3,204,68.0
5769,1,64,64.0
5770,1,70,70.0
5771,1,56,56.0
5772,2,147,73.5
5773,1,77,77.0
5774,1,61,61.0
5775,2,147,73.5
5776,0,0,0.0
5777,1,84,84.0
5778,2,140,70.0
5779,0,0,0.0
5780,0,0,0.0
5781,2,165,82.5
5782,1,63,63.0
5783,0,0,0.0
5784,2,190,95.0
5785,0,0,0.0
5786,2,127,63.5
5787,0,0,0.0
5788,3,184,61.3
5789,1,56,56.0
5790,1,70,70.0
5791,4,294,73.5
5792,2,153,76.5
5793,0,0,0.0
5794,3,172,57.3
5795,0,0,0.0
5796,1,70,70.0
5797,2,136,68.0
5798,1,56,56.0
5799,1,126,126.0
5800,0,0,0.0
5801,1,70,70.0
5802,2,135,67.5
5803,3,168,56.0
5804,3,263,87.7
5805,2,126,63.0
5806,0,0,0.0
5807,0,0,0.0
5808,1,154,154.0
5809,2,166,83.0
5810,1,60,60.0
5811,0,0,0.0
5812,0,0,0.0
5813,2,144,72.0
5814,1,63,63.0
5815,2,222,111.0
5816,1,57,57.0
5817,3,250,83.3
5818,1,84,84.0
5819,2,112,56.0
5820,1,176,176.0
5821,3,192,64.0
5822,2,133,66.5
5823,2,132,66.0
5824,1,70,70.0
5825,0,0,0.0
5826,0,0,0.0
5827,1,74,74.0
5828,2,119,59.5
5829,0,0,0.0
5830,0,0,0.0
5831,2,152,76.0
5832,0,0,0.0
5833,4,361,90.2
5834,3,227,75.7
5835,2,119,59.5
5836,0,0,0.0
5837,1,51,51.0
5838,2,114,57.0
5839,1,56,56.0
5840,3,457,152.3
5841,1,51,51.0
5842,3,186,62.0
5843,0,0,0.0
5844,0,0,0.0
5845,4,244,61.0
5846,0,0,0.0
5847,1,56,56.0
5848,2,147,73.5
5849,0,0,0.0
5850,1,66,66.0
5851,2,184,92.0
5852,2,205,102.5
5853,0,0,0.0
5854,2,196,98.0
5855,2,197,98.5
5856,1,63,63.0
5857,2,126,63.0
5858,2,128,64.0
5859,1,59,59.0
5860,0,0,0.0
5861,2,102,51.0
5862,3,410,136.7
5863,1,63,63.0
5864,0,0,0.0
5865,1,60,60.0
5866,0,0,0.0
5867,0,0,0.0
5868,3,215,71.7
5869,1,63,63.0
5870,1,56,56.0
5871,2,154,77.0
5872,0,0,0.0
5873,0,0,0.0
5874,2,224,112.0
5875,2,154,77.0
5876,1,56,56.0
5877,2,147,73.5
5878,2,104,52.0
5879,3,200,66.7
5880,2,141,70.5
5881,0,0,0.0
5882,0,0,0.0
5883,0,0,0.0
5884,0,0,0.0
5885,1,117,117.0
5886,0,0,0.0
5887,2,119,59.5
5888,1,63,63.0
5889,1,84,84.0
5890,2,116,58.0
5891,2,131,65.5
5892,3,168,56.0
5893,1,63,63.0
5894,1,50,50.0
5895,1,70,70.0
5896,0,0,0.0
5897,1,98,98.0
5898,1,84,84.0
5899,0,0,0.0
5900,0,0,0.0
5901,1,70,70.0
5902,1,71,71.0
5903,1,51,51.0
5904,3,288,96.0
5905,1,66,66.0
5906,1,58,58.0
5907,1,105,105.0
5908,2,112,56.0
5909,1,55,55.0
5910,1,74,74.0
5911,1,56,56.0
5912,0,0,0.0
5913,3,193,64.3
5914,1,63,63.0
5915,1,84,84.0
5916,1,56,56.0
5917,1,77,77.0
5918,0,0,0.0
5919,2,168,84.0
5920,1,56,56.0
5921,0,0,0.0
5922,1,118,118.0
5923,0,0,0.0
5924,2,133,66.5
5925,2,109,54.5
5926,3,209,69.7
5927,0,0,0.0
5928,0,0,0.0
5929,0,0,0.0
5930,0,0,0.0
5931,1,134,134.0
5932,2,138,69.0
5933,0,0,0.0
5934,0,0,0.0
5935,4,314,78.5
5936,2,196,98.0
5937,2,175,87.5
5938,0,0,0.0
5939,2,140,70.0
5940,0,0,0.0
5941,1,63,63.0
5942,1,67,67.0
5943,0,0,0.0
5944,1,56,56.0
5945,2,161,80.5
5946,0,0,0.0
5947,2,170,85.0
5948,2,163,81.5
5949,0,0,0.0
5950,1,154,154.0
5951,1,56,56.0
5952,0,0,0.0
5953,0,0,0.0
5954,2,148,74.0
5955,1,112,112.0
5956,0,0,0.0
5957,0,0,0.0
5958,1,301,301.0
5959,1,56,56.0
5960,2,217,108.5
5961,0,0,0.0
5962,1,56,56.0
5963,0,0,0.0
5964,0,0,0.0
5965,1,55,55.0
5966,3,242,80.7
5967,2,214,107.0
5968,3,176,58.7
5969,0,0,0.0
5970,1,52,52.0
5971,0,0,0.0
5972,0,0,0.0
5973,1,56,56.0
5974,1,63,63.0
5975,3,435,145.0
5976,1,70,70.0
5977,3,196,65.3
5978,2,116,58.0
5979,2,114,57.0
5980,1,94,94.0
5981,1,63,63.0
5982,1,70,70.0
5983,1,83,83.0
5984,0,0,0.0
5985,0,0,0.0
5986,0,0,0.0
5987,0,0,0.0
5988,1,112,112.0
5989,4,307,76.8
5990,0,0,0.0
5991,1,90,90.0
5992,1,70,70.0
5993,4,405,101.2
5994,1,63,63.0
5995,2,165,82.5
5996,1,56,56.0
5997,1,67,67.0
5998,1,147,147.0
5999,1,87,87.0
6000,2,258,129.0
6001,0,0,0.0
6002,1,91,91.0
6003,3,175,58.3
6004,0,0,0.0
6005,1,133,133.0
6006,0,0,0.0
6007,2,107,53.5
6008,1,98,98.0
6009,1,154,154.0
6010,2,189,94.5
6011,0,0,0.0
6012,2,126,63.0
6013,4,238,59.5
6014,1,56,56.0
6015,2,126,63.0
6016,0,0,0.0
6017,3,205,68.3
6018,1,63,63.0
6019,5,428,85.6
6020,2,119,59.5
6021,4,337,84.2
6022,1,112,112.0
6023,4,498,124.5
6024,3,463,154.3
6025,0,0,0.0
6026,1,53,53.0
6027,1,74,74.0
6028,3,223,74.3
6029,2,113,56.5
6030,2,133,66.5
6031,1,135,135.0
6032,1,84,84.0
6033,2,112,56.0
6034,1,81,81.0
6035,0,0,0.0
6036,0,0,0.0
6037,0,0,0.0
6038,2,160,80.0
6039,2,134,67.0
6040,2,177,88.5
6041,0,0,0.0
6042,0,0,0.0
6043,2,196,98.0
6044,2,142,71.0
6045,0,0,0.0
6046,1,84,84.0
6047,0,0,0.0
6048,1,56,56.0
6049,1,70,70.0
6050,0,0,0.0
6051,1,56,56.0
6052,1,63,63.0
6053,0,0,0.0
6054,1,88,88.0
6055,2,158,79.0
6056,1,63,63.0
6057,2,145,72.5
6058,2,164,82.0
6059,2,126,63.0
6060,1,84,84.0
6061,1,56,56.0
6062,0,0,0.0
6063,2,254,127.0
6064,1,56,56.0
6065,3,189,63.0
6066,2,126,63.0
6067,0,0,0.0
6068,3,265,88.3
6069,1,56,56.0
6070,0,0,0.0
6071,1,92,92.0
6072,2,158,79.0
6073,1,126,126.0
6074,2,132,66.0
6075,1,95,95.0
6076,0,0,0.0
6077,3,280,93.3
6078,3,195,65.0
6079,1,56,56.0
6080,1,65,65.0
6081,2,167,83.5
6082,0,0,0.0
6083,3,235,78.3
6084,2,118,59.0
6085,2,136,68.0
6086,1,77,77.0
6087,2,174,87.0
6088,1,182,182.0
6089,3,247,82.3
6090,1,52,52.0
6091,1,67,67.0
6092,1,74,74.0
6093,4,284,71.0
6094,1,56,56.0
6095,1,56,56.0
6096,0,0,0.0
6097,1,52,52.0
6098,1,84,84.0
6099,2,148,74.0
6100,0,0,0.0
6101,3,217,72.3
6102,2,176,88.0
6103,0,0,0.0
6104,0,0,0.0
6105,1,63,63.0
6106,2,122,61.0
6107,1,56,56.0
6108,0,0,0.0
6109,0,0,0.0
6110,1,63,63.0
6111,0,0,0.0
6112,3,560,186.7
6113,1,70,70.0
6114,1,77,77.0
6115,0,0,0.0
6116,0,0,0.0
6117,3,280,93.3
6118,0,0,0.0
6119,1,72,72.0
6120,1,52,52.0
6121,1,56,56.0
6122,1,84,84.0
6123,0,0,0.0
6124,0,0,0.0
6125,1,53,53.0
6126,2,135,67.5
6127,0,0,0.0
6128,0,0,0.0
6129,0,0,0.0
6130,0,0,0.0
6131,0,0,0.0
6132,1,63,63.0
6133,0,0,0.0
6134,1,56,56.0
6135,1,50,50.0
6136,1,56,56.0
6137,1,63,63.0
6138,1,56,56.0
6139,1,98,98.0
6140,1,56,56.0
6141,1,56,56.0
6142,0,0,0.0
6143,1,55,55.0
6144,1,56,56.0
6145,0,0,0.0
6146,2,117,58.5
6147,2,186,93.0
6148,1,133,133.0
6149,1,93,93.0
6150,1,56,56.0
6151,1,51,51.0
6152,0,0,0.0
6153,1,91,91.0
6154,1,84,84.0
6155,2,133,66.5
6156,2,160,80.0
6157,1,67,67.0
6158,1,84,84.0
6159,3,299,99.7
6160,1,82,82.0
6161,0,0,0.0
6162,1,51,51.0
6163,3,203,67.7
6164,1,96,96.0
6165,1,94,94.0
6166,1,75,75.0
6167,3,242,80.7
6168,0,0,0.0
6169,2,179,89.5
6170,1,61,61.0
6171,1,91,91.0
6172,1,98,98.0
6173,1,56,56.0
6174,2,143,71.5
6175,0,0,0.0
6176,2,141,70.5
6177,1,65,65.0
6178,0,0,0.0
6179,1,61,61.0
6180,2,147,73.5
6181,0,0,0.0
6182,1,77,77.0
6183,0,0,0.0
6184,1,63,63.0
6185,0,0,0.0
6186,0,0,0.0
6187,1,87,87.0
6188,0,0,0.0
6189,0,0,0.0
6190,0,0,0.0
6191,1,70,70.0
6192,6,615,102.5
6193,2,168,84.0
6194,2,145,72.5
6195,1,84,84.0
6196,2,133,66.5
6197,3,297,99.0
6198,1,63,63.0
6199,2,116,58.0
6200,2,154,77.0
6201,0,0,0.0
6202,1,84,84.0
6203,2,200,100.0
6204,2,128,64.0
6205,1,121,121.0
6206,2,245,122.5
6207,1,118,118.0
6208,2,197,98.5
6209,3,178,59.3
6210,1,70,70.0
6211,0,0,0.0
6212,0,0,0.0
6213,0,0,0.0
6214,2,223,111.5
6215,1,100,100.0
6216,0,0,0.0
6217,0,0,0.0
6218,0,0,0.0
6219,2,112,56.0
6220,0,0,0.0
6221,1,90,90.0
6222,2,168,84.0
6223,1,59,59.0
6224,0,0,0.0
6225,0,0,0.0
6226,2,126,63.0
6227,1,54,54.0
6228,1,52,52.0
6229,1,56,56.0
6230,1,70,70.0
6231,2,119,59.5
6232,0,0,0.0
6233,0,0,0.0
6234,3,224,74.7
6235,1,84,84.0
6236,1,82,82.0
6237,2,189,94.5
6238,2,133,66.5
6239,3,189,63.0
6240,3,224,74.7
6241,4,254,63.5
6242,2,110,55.0
6243,2,126,63.0
6244,2,122,61.0
6245,0,0,0.0
6246,2,140,70.0
6247,1,56,56.0
6248,1,70,70.0
6249,4,266,66.5
6250,1,63,63.0
6251,3,259,86.3
6252,4,287,71.8
6253,1,142,142.0
6254,2,137,68.5
6255,2,223,111.5
6256,6,427,71.2
6257,1,63,63.0
6258,1,73,73.0
6259,0,0,0.0
6260,0,0,0.0
6261,2,196,98.0
6262,1,56,56.0
6263,1,56,56.0
6264,0,0,0.0
6265,2,111,55.5
6266,2,130,65.0
6267,3,242,80.7
6268,3,411,137.0
6269,0,0,0.0
6270,3,266,88.7
6271,1,53,53.0
6272,1,55,55.0
6273,2,126,63.0
6274,1,56,56.0
6275,1,119,119.0
6276,2,114,57.0
6277,0,0,0.0
6278,1,56,56.0
6279,1,56,56.0
6280,3,284,94.7
6281,0,0,0.0
6282,1,126,126.0
6283,2,112,56.0
6284,0,0,0.0
6285,3,170,56.7
6286,1,77,77.0
6287,1,63,63.0
6288,1,70,70.0
6289,2,116,58.0
6290,1,56,56.0
6291,2,129,64.5
6292,4,514,128.5
6293,1,56,56.0
6294,1,63,63.0
6295,1,63,63.0
6296,0,0,0.0
6297,3,213,71.0
6298,2,158,79.0
6299,1,56,56.0
6300,0,0,0.0
6301,2,114,57.0
6302,1,77,77.0
6303,1,56,56.0
6304,2,109,54.5
6305,1,77,77.0
6306,1,168,168.0
6307,1,71,71.0
6308,0,0,0.0
6309,0,0,0.0
6310,0,0,0.0
6311,3,245,81.7
6312,1,98,98.0
6313,1,63,63.0
6314,0,0,0.0
6315,1,63,63.0
6316,1,56,56.0
6317,1,56,56.0
6318,1,59,59.0
6319,2,125,62.5
6320,2,119,59.5
6321,0,0,0.0
6322,1,70,70.0
6323,2,158,79.0
6324,1,70,70.0
6325,1,57,57.0
6326,4,304,76.0
6327,1,62,62.0
6328,4,229,57.2
6329,0,0,0.0
6330,1,56,56.0
6331,0,0,0.0
6332,0,0,0.0
6333,0,0,0.0
6334,2,108,54.0
6335,0,0,0.0
6336,1,56,56.0
6337,2,117,58.5
6338,0,0,0.0
6339,1,77,77.0
6340,1,66,66.0
6341,1,70,70.0
6342,0,0,0.0
6343,1,111,111.0
6344,1,56,56.0
6345,3,218,72.7
6346,3,231,77.0
6347,1,77,77.0
6348,3,199,66.3
6349,1,55,55.0
6350,4,399,99.8
6351,0,0,0.0
6352,0,0,0.0
6353,1,84,84.0
6354,1,56,56.0
6355,1,56,56.0
6356,0,0,0.0
6357,2,233,116.5
6358,5,317,63.4
6359,1,54,54.0
6360,1,56,56.0
6361,1,91,91.0
6362,1,70,70.0
6363,4,294,73.5
6364,5,434,86.8
6365,0,0,0.0
6366,2,177,88.5
6367,2,159,79.5
6368,0,0,0.0
6369,0,0,0.0
6370,2,196,98.0
6371,0,0,0.0
6372,2,276,138.0
6373,2,214,107.0
6374,2,252,126.0
6375,0,0,0.0
6376,2,107,53.5
6377,0,0,0.0
6378,1,74,74.0
6379,2,121,60.5
6380,1,63,63.0
6381,0,0,0.0
6382,1,77,77.0
6383,0,0,0.0
6384,0,0,0.0
6385,0,0,0.0
6386,0,0,0.0
6387,1,163,163.0
6388,1,63,63.0
6389,4,294,73.5
6390,1,60,60.0
6391,3,177,59.0
6392,2,113,56.5
6393,2,149,74.5
6394,2,123,61.5
6395,2,223,111.5
6396,0,0,0.0
6397,1,50,50.0
6398,0,0,0.0
6399,1,119,119.0
6400,1,77,77.0
6401,1,88,88.0
6402,1,56,56.0
6403,1,77,77.0
6404,0,0,0.0
6405,0,0,0.0
6406,0,0,0.0
6407,1,204,204.0
6408,1,131,131.0
6409,0,0,0.0
6410,0,0,0.0
6411,2,147,73.5
6412,2,166,83.0
6413,3,485,161.7
6414,2,188,94.0
6415,2,147,73.5
6416,2,123,61.5
6417,1,85,85.0
6418,1,103,103.0
6419,1,63,63.0
6420,1,70,70.0
6421,2,116,58.0
6422,1,80,80.0
6423,2,160,80.0
6424,2,148,74.0
6425,2,158,79.0
6426,0,0,0.0
6427,2,126,63.0
6428,2,156,78.0
6429,1,91,91.0
6430,0,0,0.0
6431,0,0,0.0
6432,1,175,175.0
6433,2,155,77.5
6434,0,0,0.0
6435,2,117,58.5
6436,0,0,0.0
6437,1,70,70.0
6438,1,98,98.0
6439,0,0,0.0
6440,0,0,0.0
6441,1,56,56.0
6442,0,0,0.0
6443,3,257,85.7
6444,0,0,0.0
6445,2,112,56.0
6446,2,157,78.5
6447,3,175,58.3
6448,1,70,70.0
6449,2,131,65.5
6450,2,164,82.0
6451,0,0,0.0
6452,4,264,66.0
6453,1,210,210.0
6454,0,0,0.0
6455,1,56,56.0
6456,2,430,215.0
6457,0,0,0.0
6458,2,224,112.0
6459,0,0,0.0
6460,1,63,63.0
6461,2,140,70.0
6462,1,112,112.0
6463,4,304,76.0
6464,4,284,71.0
6465,0,0,0.0
6466,1,84,84.0
6467,0,0,0.0
6468,1,56,56.0
6469,2,188,94.0
6470,1,52,52.0
6471,1,78,78.0
6472,1,70,70.0
6473,1,56,56.0
6474,0,0,0.0
6475,0,0,0.0
6476,0,0,0.0
6477,0,0,0.0
6478,3,193,64.3
6479,0,0,0.0
6480,0,0,0.0
6481,2,182,91.0
6482,3,233,77.7
6483,4,246,61.5
6484,0,0,0.0
6485,0,0,0.0
6486,2,133,66.5
6487,2,164,82.0
6488,1,68,68.0
6489,1,53,53.0
6490,3,234,78.0
6491,2,119,59.5
6492,0,0,0.0
6493,1,63,63.0
6494,3,169,56.3
6495,2,196,98.0
6496,1,147,147.0
6497,0,0,0.0
6498,0,0,0.0
6499,2,182,91.0
6500,0,0,0.0
6501,0,0,0.0
6502,2,139,69.5
6503,0,0,0.0
6504,1,126,126.0
6505,1,56,56.0
6506,1,56,56.0
6507,1,60,60.0
6508,0,0,0.0
6509,1,92,92.0
6510,2,200,100.0
6511,0,0,0.0
6512,1,63,63.0
6513,0,0,0.0
6514,1,61,61.0
6515,1,245,245.0
6516,0,0,0.0
6517,0,0,0.0
6518,0,0,0.0
6519,2,142,71.0
6520,1,51,51.0
6521,1,63,63.0
6522,0,0,0.0
6523,4,228,57.0
6524,0,0,0.0
6525,4,367,91.8
6526,2,141,70.5
6527,0,0,0.0
6528,1,56,56.0
6529,1,119,119.0
6530,2,111,55.5
6531,2,181,90.5
6532,0,0,0.0
6533,0,0,0.0
6534,0,0,0.0
6535,1,56,56.0
6536,2,119,59.5
6537,2,119,59.5
6538,1,109,109.0
6539,1,56,56.0
6540,1,67,67.0
6541,0,0,0.0
6542,0,0,0.0
6543,3,269,89.7
6544,0,0,0.0
6545,0,0,0.0
6546,1,91,91.0
6547,3,187,62.3
6548,1,98,98.0
6549,2,120,60.0
6550,1,77,77.0
6551,4,435,108.8
6552,0,0,0.0
6553,2,138,69.0
6554,0,0,0.0
6555,1,77,77.0
6556,1,56,56.0
6557,2,133,66.5
6558,1,53,53.0
6559,1,56,56.0
6560,3,277,92.3
6561,2,143,71.5
6562,4,332,83.0
6563,2,133,66.5
6564,1,50,50.0
6565,2,136,68.0
6566,2,140,70.0
6567,1,175,175.0
6568,2,117,58.5
6569,3,196,65.3
6570,0,0,0.0
6571,0,0,0.0
6572,0,0,0.0
6573,1,77,77.0
6574,2,126,63.0
6575,3,198,66.0
6576,1,51,51.0
6577,4,310,77.5
6578,1,84,84.0
6579,0,0,0.0
6580,1,61,61.0
6581,3,209,69.7
6582,0,0,0.0
6583,0,0,0.0
6584,1,84,84.0
6585,1,70,70.0
6586,0,0,0.0
6587,1,52,52.0
6588,0,0,0.0
6589,0,0,0.0
6590,1,84,84.0
6591,1,77,77.0
6592,0,0,0.0
6593,3,184,61.3
6594,0,0,0.0
6595,3,203,67.7
6596,0,0,0.0
6597,2,182,91.0
6598,1,52,52.0
6599,2,139,69.5
6600,1,56,56.0
6601,0,0,0.0
6602,0,0,0.0
6603,1,63,63.0
6604,1,70,70.0
6605,0,0,0.0
6606,0,0,0.0
6607,0,0,0.0
6608,0,0,0.0
6609,1,63,63.0
6610,0,0,0.0
6611,1,131,131.0
6612,1,63,63.0
6613,0,0,0.0
6614,0,0,0.0
6615,3,188,62.7
6616,0,0,0.0
6617,2,285,142.5
6618,1,54,54.0
6619,0,0,0.0
6620,2,158,79.0
6621,0,0,0.0
6622,1,60,60.0
6623,2,147,73.5
6624,2,221,110.5
6625,1,56,56.0
6626,0,0,0.0
6627,0,0,0.0
6628,0,0,0.0
6629,1,55,55.0
6630,1,105,105.0
6631,0,0,0.0
6632,0,0,0.0
6633,0,0,0.0
6634,1,56,56.0
6635,1,63,63.0
6636,2,126,63.0
6637,0,0,0.0
6638,1,58,58.0
6639,2,211,105.5
6640,2,140,70.0
6641,3,224,74.7
6642,2,133,66.5
6643,1,56,56.0
6644,2,135,67.5
6645,1,56,56.0
6646,2,133,66.5
6647,0,0,0.0
6648,1,51,51.0
6649,1,59,59.0
6650,0,0,0.0
6651,2,119,59.5
6652,0,0,0.0
6653,0,0,0.0
6654,0,0,0.0
6655,2,148,74.0
6656,0,0,0.0
6657,0,0,0.0
6658,1,84,84.0
6659,0,0,0.0
6660,2,292,146.0
6661,2,143,71.5
6662,2,152,76.0
6663,1,56,56.0
6664,0,0,0.0
6665,1,56,56.0
6666,0,0,0.0
6667,1,52,52.0
6668,1,80,80.0
6669,0,0,0.0
6670,0,0,0.0
6671,2,156,78.0
6672,1,70,70.0
6673,2,101,50.5
6674,1,140,140.0
6675,2,185,92.5
6676,1,70,70.0
6677,0,0,0.0
6678,0,0,0.0
6679,2,126,63.0
6680,1,64,64.0
6681,0,0,0.0
6682,0,0,0.0
6683,1,56,56.0
6684,1,105,105.0
6685,1,64,64.0
6686,0,0,0.0
6687,0,0,0.0
6688,1,56,56.0
6689,4,291,72.8
6690,0,0,0.0
6691,1,57,57.0
6692,0,0,0.0
6693,1,74,74.0
6694,1,69,69.0
6695,1,60,60.0
6696,3,204,68.0
6697,0,0,0.0
6698,1,77,77.0
6699,1,91,91.0
6700,1,56,56.0
6701,2,138,69.0
6702,2,131,65.5
6703,1,56,56.0
6704,0,0,0.0
6705,2,112,56.0
6706,1,84,84.0
6707,2,203,101.5
6708,1,56,56.0
6709,0,0,0.0
6710,1,67,67.0
6711,2,133,66.5
6712,2,126,63.0
6713,1,55,55.0
6714,3,216,72.0
6715,1,56,56.0
6716,1,70,70.0
6717,3,235,78.3
6718,0,0,0.0
6719,1,91,91.0
6720,0,0,0.0
6721,1,55,55.0
6722,1,52,52.0
6723,5,344,68.8
6724,0,0,0.0
6725,5,506,101.2
6726,0,0,0.0
6727,3,204,68.0
6728,1,63,63.0
6729,1,53,53.0
6730,3,198,66.0
6731,1,69,69.0
6732,1,145,145.0
6733,1,74,74.0
6734,0,0,0.0
6735,4,350,87.5
6736,0,0,0.0
6737,3,264,88.0
6738,2,109,54.5
6739,0,0,0.0
6740,1,97,97.0
6741,1,70,70.0
6742,0,0,0.0
6743,0,0,0.0
6744,4,545,136.2
6745,1,50,50.0
6746,0,0,0.0
6747,2,119,59.5
6748,2,196,98.0
6749,6,485,80.8
6750,1,56,56.0
6751,2,121,60.5
6752,1,52,52.0
6753,1,70,70.0
6754,0,0,0.0
6755,1,62,62.0
6756,1,105,105.0
6757,2,138,69.0
6758,2,125,62.5
6759,2,173,86.5
6760,3,233,77.7
6761,1,63,63.0
6762,1,75,75.0
6763,0,0,0.0
6764,1,56,56.0
6765,2,161,80.5
6766,0,0,0.0
6767,0,0,0.0
6768,0,0,0.0
6769,1,50,50.0
6770,1,70,70.0
6771,0,0,0.0
6772,3,198,66.0
6773,2,147,73.5
6774,0,0,0.0
6775,1,70,70.0
6776,1,63,63.0
6777,1,63,63.0
6778,0,0,0.0
6779,0,0,0.0
6780,0,0,0.0
6781,0,0,0.0
6782,3,189,63.0
6783,0,0,0.0
6784,2,118,59.0
6785,1,53,53.0
6786,2,196,98.0
6787,0,0,0.0
6788,1,56,56.0
6789,1,51,51.0
6790,4,383,95.8
6791,1,74,74.0
6792,0,0,0.0
6793,4,258,64.5
6794,1,56,56.0
6795,0,0,0.0
6796,0,0,0.0
6797,2,128,64.0
6798,1,54,54.0
6799,1,51,51.0
6800,2,122,61.0
6801,2,154,77.0
6802,0,0,0.0
6803,0,0,0.0
6804,0,0,0.0
6805,0,0,0.0
6806,0,0,0.0
6807,1,55,55.0
6808,0,0,0.0
6809,0,0,0.0
6810,5,406,81.2
6811,1,63,63.0
6812,1,56,56.0
6813,0,0,0.0
6814,2,126,63.0
6815,1,87,87.0
6816,0,0,0.0
6817,0,0,0.0
6818,1,79,79.0
6819,0,0,0.0
6820,0,0,0.0
6821,1,67,67.0
6822,1,67,67.0
6823,3,182,60.7
6824,4,332,83.0
6825,1,70,70.0
6826,1,63,63.0
6827,0,0,0.0
6828,0,0,0.0
6829,5,330,66.0
6830,2,126,63.0
6831,2,146,73.0
6832,1,112,112.0
6833,3,193,64.3
6834,1,58,58.0
6835,1,115,115.0
6836,0,0,0.0
6837,1,70,70.0
6838,3,269,89.7
6839,3,252,84.0
6840,1,77,77.0
6841,2,131,65.5
6842,2,171,85.5
6843,1,57,57.0
6844,0,0,0.0
6845,2,123,61.5
6846,2,139,69.5
6847,1,70,70.0
6848,2,140,70.0
6849,2,133,66.5
6850,1,70,70.0
6851,2,140,70.0
6852,1,63,63.0
6853,0,0,0.0
6854,1,63,63.0
6855,0,0,0.0
6856,2,182,91.0
6857,2,146,73.0
6858,1,105,105.0
6859,2,112,56.0
6860,2,131,65.5
6861,5,391,78.2
6862,3,187,62.3
6863,0,0,0.0
6864,2,125,62.5
6865,0,0,0.0
6866,2,119,59.5
6867,2,119,59.5
6868,2,119,59.5
6869,1,84,84.0
6870,2,147,73.5
6871,2,139,69.5
6872,1,70,70.0
6873,0,0,0.0
6874,1,54,54.0
6875,1,62,62.0
6876,0,0,0.0
6877,0,0,0.0
6878,0,0,0.0
6879,1,70,70.0
6880,1,68,68.0
6881,1,56,56.0
6882,0,0,0.0
6883,3,199,66.3
6884,4,261,65.2
6885,2,215,107.5
6886,2,163,81.5
6887,0,0,0.0
6888,1,60,60.0
6889,1,56,56.0
6890,0,0,0.0
6891,0,0,0.0
6892,1,77,77.0
6893,0,0,0.0
6894,0,0,0.0
6895,0,0,0.0
6896,0,0,0.0
6897,1,77,77.0
6898,1,70,70.0
6899,2,159,79.5
6900,1,105,105.0
6901,0,0,0.0
6902,0,0,0.0
6903,0,0,0.0
6904,2,130,65.0
6905,3,236,78.7
6906,1,53,53.0
6907,3,198,66.0
6908,2,140,70.0
6909,1,105,105.0
6910,0,0,0.0
6911,0,0,0.0
6912,1,66,66.0
6913,1,63,63.0
6914,1,63,63.0
6915,1,77,77.0
6916,2,119,59.5
6917,0,0,0.0
6918,1,68,68.0
6919,0,0,0.0
6920,1,84,84.0
6921,1,53,53.0
6922,0,0,0.0
6923,1,56,56.0
6924,1,91,91.0
6925,2,123,61.5
6926,1,126,126.0
6927,0,0,0.0
6928,1,56,56.0
6929,0,0,0.0
6930,1,70,70.0
6931,1,56,56.0
6932,3,215,71.7
6933,0,0,0.0
6934,2,257,128.5
6935,0,0,0.0
6936,2,119,59.5
6937,0,0,0.0
6938,0,0,0.0
6939,1,56,56.0
6940,0,0,0.0
6941,1,56,56.0
6942,2,168,84.0
6943,1,133,133.0
6944,3,203,67.7
6945,0,0,0.0
6946,1,77,77.0
6947,1,76,76.0
6948,2,119,59.5
6949,0,0,0.0
6950,1,79,79.0
6951,2,163,81.5
6952,2,154,77.0
6953,1,56,56.0
6954,0,0,0.0
6955,1,93,93.0
6956,3,247,82.3
6957,1,77,77.0
6958,2,133,66.5
6959,2,150,75.0
6960,0,0,0.0
6961,1,70,70.0
6962,1,70,70.0
6963,0,0,0.0
6964,0,0,0.0
6965,3,217,72.3
6966,3,184,61.3
6967,0,0,0.0
6968,0,0,0.0
6969,2,158,79.0
6970,1,70,70.0
6971,1,63,63.0
6972,0,0,0.0
6973,2,113,56.5
6974,0,0,0.0
6975,2,152,76.0
6976,2,250,125.0
6977,1,56,56.0
6978,0,0,0.0
6979,2,213,106.5
6980,2,147,73.5
6981,0,0,0.0
6982,1,117,117.0
6983,5,657,131.4
6984,1,133,133.0
6985,1,63,63.0
6986,0,0,0.0
6987,1,70,70.0
6988,0,0,0.0
6989,1,84,84.0
6990,1,56,56.0
6991,1,56,56.0
6992,0,0,0.0
6993,0,0,0.0
6994,0,0,0.0
6995,0,0,0.0
6996,3,237,79.0
6997,0,0,0.0
6998,1,58,58.0
6999,0,0,0.0
7000,0,0,0.0
7001,0,0,0.0
7002,5,415,83.0
7003,4,252,63.0
7004,0,0,0.0
7005,2,188,94.0
7006,0,0,0.0
7007,3,199,66.3
7008,1,112,112.0
7009,2,119,59.5
7010,0,0,0.0
7011,1,86,86.0
7012,0,0,0.0
7013,1,56,56.0
7014,0,0,0.0
7015,1,51,51.0
7016,1,51,51.0
7017,1,77,77.0
7018,0,0,0.0
7019,2,121,60.5
7020,0,0,0.0
7021,3,171,57.0
7022,2,127,63.5
7023,1,273,273.0
7024,0,0,0.0
7025,1,63,63.0
7026,2,155,77.5
7027,1,63,63.0
7028,0,0,0.0
7029,1,78,78.0
7030,1,69,69.0
7031,2,145,72.5
7032,0,0,0.0
7033,2,130,65.0
7034,3,199,66.3
7035,0,0,0.0
7036,2,142,71.0
7037,2,147,73.5
7038,2,176,88.0
7039,3,171,57.0
7040,1,77,77.0
7041,1,56,56.0
7042,0,0,0.0
7043,1,165,165.0
7044,2,218,109.0
7045,0,0,0.0
7046,0,0,0.0
7047,2,112,56.0
7048,1,61,61.0
7049,1,76,76.0
7050,0,0,0.0
7051,1,50,50.0
7052,0,0,0.0
7053,1,56,56.0
7054,2,143,71.5
7055,0,0,0.0
7056,1,210,210.0
7057,0,0,0.0
7058,0,0,0.0
7059,1,61,61.0
7060,0,0,0.0
7061,0,0,0.0
7062,3,195,65.0
7063,0,0,0.0
7064,0,0,0.0
7065,0,0,0.0
7066,0,0,0.0
7067,1,84,84.0
7068,5,359,71.8
7069,1,75,75.0
7070,0,0,0.0
7071,2,110,55.0
7072,1,111,111.0
7073,2,119,59.5
7074,1,63,63.0
7075,0,0,0.0
7076,4,318,79.5
7077,0,0,0.0
7078,1,56,56.0
7079,1,73,73.0
7080,1,70,70.0
7081,0,0,0.0
7082,1,63,63.0
7083,1,98,98.0
7084,1,63,63.0
7085,1,53,53.0
7086,1,51,51.0
7087,1,95,95.0
7088,2,143,71.5
7089,3,277,92.3
7090,0,0,0.0
7091,0,0,0.0
7092,3,202,67.3
7093,2,154,77.0
7094,0,0,0.0
7095,2,113,56.5
7096,1,50,50.0
7097,1,84,84.0
7098,0,0,0.0
7099,0,0,0.0
7100,1,63,63.0
7101,2,149,74.5
7102,0,0,0.0
7103,1,53,53.0
7104,0,0,0.0
7105,0,0,0.0
7106,0,0,0.0
7107,0,0,0.0
7108,1,53,53.0
7109,3,235,78.3
7110,1,62,62.0
7111,0,0,0.0
7112,1,63,63.0
7113,2,143,71.5
7114,0,0,0.0
7115,0,0,0.0
7116,2,149,74.5
7117,4,374,93.5
7118,2,112,56.0
7119,2,155,77.5
7120,0,0,0.0
7121,0,0,0.0
7122,2,154,77.0
7123,0,0,0.0
7124,0,0,0.0
7125,0,0,0.0
7126,2,123,61.5
7127,1,63,63.0
7128,2,112,56.0
7129,3,224,74.7
7130,3,208,69.3
7131,1,63,63.0
7132,1,70,70.0
7133,0,0,0.0
7134,2,109,54.5
7135,1,60,60.0
7136,0,0,0.0
7137,1,77,77.0
7138,0,0,0.0
7139,0,0,0.0
7140,2,147,73.5
7141,0,0,0.0
7142,0,0,0.0
7143,0,0,0.0
7144,1,70,70.0
7145,1,57,57.0
7146,0,0,0.0
7147,0,0,0.0
7148,1,105,105.0
7149,0,0,0.0
7150,2,186,93.0
7151,1,87,87.0
7152,1,86,86.0
7153,0,0,0.0
7154,0,0,0.0
7155,3,280,93.3
7156,1,84,84.0
7157,1,56,56.0
7158,1,77,77.0
7159,3,189,63.0
7160,1,62,62.0
7161,2,114,57.0
7162,1,98,98.0
7163,0,0,0.0
7164,2,154,77.0
7165,0,0,0.0
7166,2,155,77.5
7167,2,120,60.0
7168,2,119,59.5
7169,2,123,61.5
7170,1,53,53.0
7171,3,193,64.3
7172,3,170,56.7
7173,1,56,56.0
7174,1,105,105.0
7175,0,0,0.0
7176,1,51,51.0
7177,3,197,65.7
7178,2,139,69.5
7179,1,58,58.0
7180,1,152,152.0
7181,0,0,0.0
7182,2,120,60.0
7183,1,83,83.0
7184,1,70,70.0
7185,1,70,70.0
7186,1,56,56.0
7187,3,236,78.7
7188,2,118,59.0
7189,3,182,60.7
7190,0,0,0.0
7191,1,68,68.0
7192,2,196,98.0
7193,1,104,104.0
7194,1,182,182.0
7195,3,186,62.0
7196,0,0,0.0
7197,1,133,133.0
7198,0,0,0.0
7199,0,0,0.0
7200,2,160,80.0
7201,2,155,77.5
7202,4,280,70.0
7203,0,0,0.0
7204,0,0,0.0
7205,4,287,71.8
7206,0,0,0.0
7207,1,79,79.0
7208,1,55,55.0
7209,1,56,56.0
7210,2,180,90.0
7211,3,267,89.0
7212,1,140,140.0
7213,0,0,0.0
7214,0,0,0.0
7215,0,0,0.0
7216,2,126,63.0
7217,3,233,77.7
7218,0,0,0.0
7219,2,133,66.5
7220,0,0,0.0
7221,1,172,172.0
7222,3,166,55.3
7223,1,63,63.0
7224,2,119,59.5
7225,0,0,0.0
7226,3,175,58.3
7227,0,0,0.0
7228,1,150,150.0
7229,0,0,0.0
7230,2,154,77.0
7231,1,108,108.0
7232,0,0,0.0
7233,2,240,120.0
7234,0,0,0.0
7235,0,0,0.0
7236,1,350,350.0
7237,2,116,58.0
7238,2,126,63.0
7239,2,151,75.5
7240,0,0,0.0
7241,3,224,74.7
7242,0,0,0.0
7243,2,119,59.5
7244,0,0,0.0
7245,0,0,0.0
7246,1,84,84.0
7247,2,140,70.0
7248,1,199,199.0
7249,0,0,0.0
7250,2,158,79.0
7251,2,115,57.5
7252,0,0,0.0
7253,2,182,91.0
7254,3,709,236.3
7255,1,95,95.0
7256,3,185,61.7
7257,2,133,66.5
7258,2,118,59.0
7259,0,0,0.0
7260,3,484,161.3
7261,1,70,70.0
7262,2,134,67.0
7263,2,180,90.0
7264,3,217,72.3
7265,0,0,0.0
7266,1,62,62.0
7267,1,77,77.0
7268,2,126,63.0
7269,2,140,70.0
7270,2,139,69.5
7271,3,281,93.7
7272,5,329,65.8
7273,2,116,58.0
7274,2,163,81.5
7275,0,0,0.0
7276,1,61,61.0
7277,2,160,80.0
7278,2,140,70.0
7279,0,0,0.0
7280,1,84,84.0
7281,1,71,71.0
7282,2,147,73.5
7283,0,0,0.0
7284,2,224,112.0
7285,1,56,56.0
7286,1,133,133.0
7287,2,127,63.5
7288,0,0,0.0
7289,3,157,52.3
7290,2,188,94.0
7291,0,0,0.0
7292,0,0,0.0
7293,4,277,69.2
7294,0,0,0.0
7295,0,0,0.0
7296,2,129,64.5
7297,1,82,82.0
7298,1,56,56.0
7299,5,337,67.4
7300,2,133,66.5
7301,1,63,63.0
7302,2,137,68.5
7303,0,0,0.0
7304,2,147,73.5
7305,2,128,64.0
7306,2,133,66.5
7307,2,182,91.0
7308,3,188,62.7
7309,1,56,56.0
7310,3,199,66.3
7311,0,0,0.0
7312,2,159,79.5
7313,1,87,87.0
7314,1,63,63.0
7315,0,0,0.0
7316,0,0,0.0
7317,1,84,84.0
7318,0,0,0.0
7319,1,64,64.0
7320,0,0,0.0
7321,1,103,103.0
7322,4,364,91.0
7323,1,53,53.0
7324,1,168,168.0
7325,0,0,0.0
7326,0,0,0.0
7327,2,129,64.5
7328,1,53,53.0
7329,2,161,80.5
7330,1,84,84.0
7331,1,119,119.0
7332,0,0,0.0
7333,0,0,0.0
7334,0,0,0.0
7335,2,159,79.5
7336,0,0,0.0
7337,2,154,77.0
7338,1,55,55.0
7339,0,0,0.0
7340,2,129,64.5
7341,1,91,91.0
7342,1,91,91.0
7343,2,170,85.0
7344,1,91,91.0
7345,1,56,56.0
7346,1,56,56.0
7347,1,63,63.0
7348,0,0,0.0
7349,2,214,107.0
7350,3,224,74.7
7351,0,0,0.0
7352,2,127,63.5
7353,3,214,71.3
7354,0,0,0.0
7355,2,182,91.0
7356,0,0,0.0
7357,0,0,0.0
7358,1,91,91.0
7359,2,179,89.5
7360,0,0,0.0
7361,0,0,0.0
7362,1,56,56.0
7363,1,56,56.0
7364,1,160,160.0
7365,0,0,0.0
7366,0,0,0.0
7367,1,90,90.0
7368,0,0,0.0
7369,1,89,89.0
7370,1,252,252.0
7371,1,56,56.0
7372,1,217,217.0
7373,0,0,0.0
7374,0,0,0.0
7375,0,0,0.0
7376,3,238,79.3
7377,1,140,140.0
7378,0,0,0.0
7379,1,56,56.0
7380,0,0,0.0
7381,0,0,0.0
7382,2,107,53.5
7383,1,53,53.0
7384,0,0,0.0
7385,3,191,63.7
7386,1,63,63.0
7387,0,0,0.0
7388,1,98,98.0
7389,0,0,0.0
7390,0,0,0.0
7391,1,56,56.0
7392,0,0,0.0
7393,1,60,60.0
7394,1,70,70.0
7395,1,56,56.0
7396,1,76,76.0
7397,1,77,77.0
7398,3,183,61.0
7399,2,171,85.5
7400,1,67,67.0
7401,1,504,504.0
7402,0,0,0.0
7403,1,154,154.0
7404,1,56,56.0
7405,2,112,56.0
7406,0,0,0.0
7407,1,56,56.0
7408,1,56,56.0
7409,2,196,98.0
7410,2,140,70.0
7411,0,0,0.0
7412,0,0,0.0
7413,1,88,88.0
7414,1,105,105.0
7415,1,77,77.0
7416,0,0,0.0
7417,0,0,0.0
7418,0,0,0.0
7419,0,0,0.0
7420,1,154,154.0
7421,1,98,98.0
7422,1,61,61.0
7423,3,210,70.0
7424,2,182,91.0
7425,2,110,55.0
7426,3,203,67.7
7427,2,154,77.0
7428,1,56,56.0
7429,3,210,70.0
7430,1,56,56.0
7431,0,0,0.0
7432,0,0,0.0
7433,1,70,70.0
7434,0,0,0.0
7435,2,126,63.0
7436,0,0,0.0
7437,0,0,0.0
7438,1,106,106.0
7439,0,0,0.0
7440,1,126,126.0
7441,1,77,77.0
7442,1,63,63.0
7443,1,56,56.0
7444,2,217,108.5
7445,4,296,74.0
7446,1,56,56.0
7447,1,56,56.0
7448,3,182,60.7
7449,2,119,59.5
7450,1,165,165.0
7451,0,0,0.0
7452,1,63,63.0
7453,0,0,0.0
7454,0,0,0.0
7455,0,0,0.0
7456,2,175,87.5
7457,0,0,0.0
7458,0,0,0.0
7459,1,63,63.0
7460,2,170,85.0
7461,2,156,78.0
7462,1,70,70.0
7463,1,61,61.0
7464,0,0,0.0
7465,1,70,70.0
7466,2,119,59.5
7467,0,0,0.0
7468,0,0,0.0
7469,1,56,56.0
7470,1,282,282.0
7471,0,0,0.0
7472,1,72,72.0
7473,0,0,0.0
7474,0,0,0.0
7475,0,0,0.0
7476,1,63,63.0
7477,3,280,93.3
7478,3,184,61.3
7479,1,84,84.0
7480,0,0,0.0
7481,0,0,0.0
7482,0,0,0.0
7483,2,126,63.0
7484,0,0,0.0
7485,0,0,0.0
7486,0,0,0.0
7487,1,63,63.0
7488,1,63,63.0
7489,2,140,70.0
7490,1,84,84.0
7491,0,0,0.0
7492,2,142,71.0
7493,0,0,0.0
7494,1,56,56.0
7495,1,80,80.0
7496,0,0,0.0
7497,1,56,56.0
7498,1,55,55.0
7499,1,70,70.0
7500,0,0,0.0
7501,2,161,80.5
7502,2,175,87.5
7503,0,0,0.0
7504,0,0,0.0
7505,0,0,0.0
7506,2,178,89.0
7507,2,241,120.5
7508,0,0,0.0
7509,2,164,82.0
7510,1,67,67.0
7511,1,77,77.0
7512,1,60,60.0
7513,1,63,63.0
7514,0,0,0.0
7515,2,117,58.5
7516,0,0,0.0
7517,0,0,0.0
7518,1,123,123.0
7519,0,0,0.0
7520,1,70,70.0
7521,0,0,0.0
7522,1,56,56.0
7523,1,63,63.0
7524,0,0,0.0
7525,0,0,0.0
7526,3,203,67.7
7527,0,0,0.0
7528,3,183,61.0
7529,1,70,70.0
7530,1,57,57.0
7531,2,117,58.5
7532,1,56,56.0
7533,1,58,58.0
7534,2,161,80.5
7535,2,132,66.0
7536,2,129,64.5
7537,2,131,65.5
7538,3,231,77.0
7539,1,70,70.0
7540,3,336,112.0
7541,0,0,0.0
7542,2,107,53.5
7543,0,0,0.0
7544,1,56,56.0
7545,1,56,56.0
7546,1,56,56.0
7547,1,54,54.0
7548,1,70,70.0
7549,0,0,0.0
7550,0,0,0.0
7551,0,0,0.0
7552,0,0,0.0
7553,1,56,56.0
7554,1,57,57.0
7555,1,71,71.0
7556,1,69,69.0
7557,2,116,58.0
7558,1,161,161.0
7559,1,52,52.0
7560,0,0,0.0
7561,0,0,0.0
7562,3,227,75.7
7563,4,264,66.0
7564,0,0,0.0
7565,2,121,60.5
7566,0,0,0.0
7567,3,277,92.3
7568,3,231,77.0
7569,2,120,60.0
7570,2,128,64.0
7571,0,0,0.0
7572,3,236,78.7
7573,1,91,91.0
7574,2,354,177.0
7575,0,0,0.0
7576,0,0,0.0
7577,1,83,83.0
7578,1,56,56.0
7579,0,0,0.0
7580,0,0,0.0
7581,1,63,63.0
7582,1,56,56.0
7583,0,0,0.0
7584,0,0,0.0
7585,1,112,112.0
7586,1,77,77.0
7587,3,210,70.0
7588,0,0,0.0
7589,0,0,0.0
7590,1,67,67.0
7591,2,174,87.0
7592,0,0,0.0
7593,0,0,0.0
7594,0,0,0.0
7595,4,287,71.8
7596,0,0,0.0
7597,1,56,56.0
7598,2,153,76.5
7599,0,0,0.0
7600,1,82,82.0
7601,0,0,0.0
7602,0,0,0.0
7603,0,0,0.0
7604,2,204,102.0
7605,1,64,64.0
7606,2,127,63.5
7607,0,0,0.0
7608,1,70,70.0
7609,1,96,96.0
7610,1,56,56.0
7611,0,0,0.0
7612,0,0,0.0
7613,0,0,0.0
7614,3,255,85.0
7615,1,98,98.0
7616,2,147,73.5
7617,1,67,67.0
7618,1,78,78.0
7619,1,84,84.0
7620,3,213,71.0
7621,1,175,175.0
7622,3,322,107.3
7623,0,0,0.0
7624,0,0,0.0
7625,1,189,189.0
7626,0,0,0.0
7627,0,0,0.0
7628,1,56,56.0
7629,0,0,0.0
7630,0,0,0.0
7631,1,56,56.0
7632,1,56,56.0
7633,0,0,0.0
7634,3,175,58.3
7635,1,105,105.0
7636,1,90,90.0
7637,3,195,65.0
7638,1,63,63.0
7639,2,126,63.0
7640,0,0,0.0
7641,0,0,0.0
7642,0,0,0.0
7643,1,63,63.0
7644,1,84,84.0
7645,2,196,98.0
7646,1,50,50.0
7647,2,147,73.5
7648,3,255,85.0
7649,0,0,0.0
7650,0,0,0.0
7651,3,234,78.0
7652,1,56,56.0
7653,0,0,0.0
7654,1,62,62.0
7655,1,56,56.0
7656,0,0,0.0
7657,1,63,63.0
7658,0,0,0.0
7659,4,257,64.2
7660,1,77,77.0
7661,2,147,73.5
7662,2,161,80.5
7663,1,161,161.0
7664,0,0,0.0
7665,1,56,56.0
7666,1,63,63.0
7667,1,57,57.0
7668,0,0,0.0
7669,2,161,80.5
7670,0,0,0.0
7671,0,0,0.0
7672,0,0,0.0
7673,0,0,0.0
7674,1,56,56.0
7675,1,84,84.0
7676,0,0,0.0
7677,2,116,58.0
7678,2,134,67.0
7679,1,50,50.0
7680,2,161,80.5
7681,0,0,0.0
7682,0,0,0.0
7683,0,0,0.0
7684,0,0,0.0
7685,2,193,96.5
7686,0,0,0.0
7687,1,53,53.0
7688,1,58,58.0
7689,1,112,112.0
7690,1,70,70.0
7691,1,56,56.0
7692,1,117,117.0
7693,0,0,0.0
7694,0,0,0.0
7695,1,50,50.0
7696,0,0,0.0
7697,0,0,0.0
7698,0,0,0.0
7699,2,119,59.5
7700,2,142,71.0
7701,1,84,84.0
7702,3,207,69.0
7703,0,0,0.0
7704,4,399,99.8
7705,2,106,53.0
7706,1,203,203.0
7707,2,196,98.0
7708,2,154,77.0
7709,1,63,63.0
7710,1,87,87.0
7711,1,62,62.0
7712,0,0,0.0
7713,2,151,75.5
7714,1,61,61.0
7715,0,0,0.0
7716,1,63,63.0
7717,2,239,119.5
7718,1,56,56.0
7719,1,55,55.0
7720,0,0,0.0
7721,0,0,0.0
7722,0,0,0.0
7723,0,0,0.0
7724,1,68,68.0
7725,0,0,0.0
7726,1,102,102.0
7727,1,119,119.0
7728,0,0,0.0
7729,1,109,109.0
7730,1,103,103.0
7731,1,61,61.0
7732,0,0,0.0
7733,0,0,0.0
7734,1,77,77.0
7735,0,0,0.0
7736,1,67,67.0
7737,2,161,80.5
7738,2,157,78.5
7739,4,332,83.0
7740,2,252,126.0
7741,1,65,65.0
7742,2,161,80.5
7743,1,57,57.0
7744,2,144,72.0
7745,2,111,55.5
7746,0,0,0.0
7747,1,88,88.0
7748,1,161,161.0
7749,2,126,63.0
7750,0,0,0.0
7751,2,119,59.5
7752,1,70,70.0
7753,2,150,75.0
7754,0,0,0.0
7755,1,70,70.0
7756,1,53,53.0
7757,2,156,78.0
7758,0,0,0.0
7759,0,0,0.0
7760,1,63,63.0
7761,2,171,85.5
7762,0,0,0.0
7763,1,56,56.0
7764,3,180,60.0
7765,0,0,0.0
7766,1,63,63.0
7767,0,0,0.0
7768,0,0,0.0
7769,0,0,0.0
7770,0,0,0.0
7771,1,52,52.0
7772,1,84,84.0
7773,0,0,0.0
7774,2,166,83.0
7775,1,70,70.0
7776,1,93,93.0
7777,2,154,77.0
7778,0,0,0.0
7779,3,184,61.3
7780,0,0,0.0
7781,0,0,0.0
7782,0,0,0.0
7783,2,131,65.5
7784,0,0,0.0
7785,0,0,0.0
7786,0,0,0.0
7787,3,182,60.7
7788,2,140,70.0
7789,0,0,0.0
7790,1,56,56.0
7791,3,273,91.0
7792,1,55,55.0
7793,1,55,55.0
7794,2,138,69.0
7795,0,0,0.0
7796,3,187,62.3
7797,2,175,87.5
7798,1,196,196.0
7799,2,161,80.5
7800,1,84,84.0
7801,2,159,79.5
7802,1,56,56.0
7803,2,120,60.0
7804,3,475,158.3
7805,2,217,108.5
7806,1,56,56.0
7807,2,198,99.0
7808,1,70,70.0
7809,1,63,63.0
7810,5,392,78.4
7811,1,91,91.0
7812,3,175,58.3
7813,0,0,0.0
7814,0,0,0.0
7815,2,112,56.0
7816,1,56,56.0
7817,1,56,56.0
7818,1,84,84.0
7819,0,0,0.0
7820,1,56,56.0
7821,0,0,0.0
7822,1,98,98.0
7823,0,0,0.0
7824,1,98,98.0
7825,0,0,0.0
7826,2,126,63.0
7827,1,56,56.0
7828,2,161,80.5
7829,0,0,0.0
7830,2,203,101.5
7831,1,56,56.0
7832,1,70,70.0
7833,0,0,0.0
7834,0,0,0.0
7835,3,214,71.3
7836,0,0,0.0
7837,0,0,0.0
7838,1,70,70.0
7839,1,133,133.0
7840,1,168,168.0
7841,1,52,52.0
7842,1,63,63.0
7843,1,70,70.0
7844,0,0,0.0
7845,0,0,0.0
7846,0,0,0.0
7847,2,132,66.0
7848,0,0,0.0
7849,1,140,140.0
7850,0,0,0.0
7851,0,0,0.0
7852,0,0,0.0
7853,0,0,0.0
7854,1,100,100.0
7855,1,84,84.0
7856,1,91,91.0
7857,0,0,0.0
7858,1,79,79.0
7859,0,0,0.0
7860,0,0,0.0
7861,0,0,0.0
7862,1,56,56.0
7863,2,428,214.0
7864,0,0,0.0
7865,2,217,108.5
7866,0,0,0.0
7867,1,52,52.0
7868,0,0,0.0
7869,0,0,0.0
7870,0,0,0.0
7871,1,70,70.0
7872,1,147,147.0
7873,0,0,0.0
7874,1,61,61.0
7875,3,182,60.7
7876,3,263,87.7
7877,1,58,58.0
7878,1,56,56.0
7879,3,226,75.3
7880,1,59,59.0
7881,1,56,56.0
7882,2,114,57.0
7883,1,77,77.0
7884,1,56,56.0
7885,0,0,0.0
7886,1,105,105.0
7887,1,119,119.0
7888,0,0,0.0
7889,1,56,56.0
7890,0,0,0.0
7891,1,63,63.0
7892,2,126,63.0
7893,1,56,56.0
7894,1,84,84.0
7895,1,56,56.0
7896,2,119,59.5
7897,1,77,77.0
7898,0,0,0.0
7899,0,0,0.0
7900,0,0,0.0
7901,0,0,0.0
7902,3,208,69.3
7903,0,0,0.0
7904,1,56,56.0
7905,0,0,0.0
7906,0,0,0.0
7907,0,0,0.0
7908,1,56,56.0
7909,0,0,0.0
7910,2,123,61.5
7911,0,0,0.0
7912,0,0,0.0
7913,1,66,66.0
7914,3,325,108.3
7915,1,56,56.0
7916,0,0,0.0
7917,2,175,87.5
7918,1,91,91.0
7919,1,59,59.0
7920,1,65,65.0
7921,1,56,56.0
7922,0,0,0.0
7923,0,0,0.0
7924,0,0,0.0
7925,1,78,78.0
7926,0,0,0.0
7927,2,188,94.0
7928,0,0,0.0
7929,0,0,0.0
7930,1,63,63.0
7931,1,50,50.0
7932,2,168,84.0
7933,0,0,0.0
7934,2,164,82.0
7935,1,84,84.0
7936,1,95,95.0
7937,0,0,0.0
7938,1,67,67.0
7939,1,91,91.0
7940,4,305,76.2
7941,0,0,0.0
7942,0,0,0.0
7943,0,0,0.0
7944,0,0,0.0
7945,0,0,0.0
7946,1,56,56.0
7947,0,0,0.0
7948,2,259,129.5
7949,2,126,63.0
7950,0,0,0.0
7951,1,63,63.0
7952,2,111,55.5
7953,3,482,160.7
7954,2,118,59.0
7955,2,126,63.0
7956,0,0,0.0
7957,1,63,63.0
7958,2,119,59.5
7959,0,0,0.0
7960,0,0,0.0
7961,0,0,0.0
7962,1,103,103.0
7963,2,120,60.0
7964,1,89,89.0
7965,1,112,112.0
7966,1,114,114.0
7967,0,0,0.0
7968,1,79,79.0
7969,0,0,0.0
7970,1,59,59.0
7971,1,72,72.0
7972,2,118,59.0
7973,2,156,78.0
7974,1,186,186.0
7975,1,70,70.0
7976,0,0,0.0
7977,1,84,84.0
7978,1,56,56.0
7979,3,298,99.3
7980,1,56,56.0
7981,2,162,81.0
7982,1,70,70.0
7983,2,110,55.0
7984,2,293,146.5
7985,2,111,55.5
7986,1,56,56.0
7987,1,56,56.0
7988,2,111,55.5
7989,2,154,77.0
7990,0,0,0.0
7991,0,0,0.0
7992,1,70,70.0
7993,1,70,70.0
7994,0,0,0.0
7995,0,0,0.0
7996,0,0,0.0
7997,0,0,0.0
7998,0,0,0.0
7999,3,273,91.0
8000,0,0,0.0
8001,2,117,58.5
8002,0,0,0.0
8003,1,70,70.0
8004,1,78,78.0
8005,0,0,0.0
8006,1,69,69.0
8007,0,0,0.0
8008,0,0,0.0
8009,0,0,0.0
8010,2,147,73.5
8011,1,63,63.0
8012,1,86,86.0
8013,0,0,0.0
8014,2,269,134.5
8015,1,140,140.0
8016,2,116,58.0
8017,0,0,0.0
8018,2,175,87.5
8019,1,77,77.0
8020,1,77,77.0
8021,1,59,59.0
8022,1,70,70.0
8023,0,0,0.0
8024,2,109,54.5
8025,2,133,66.5
8026,2,119,59.5
8027,0,0,0.0
8028,1,70,70.0
8029,2,119,59.5
8030,1,69,69.0
8031,0,0,0.0
8032,0,0,0.0
8033,2,121,60.5
8034,1,91,91.0
8035,0,0,0.0
8036,0,0,0.0
8037,0,0,0.0
8038,1,76,76.0
8039,1,55,55.0
8040,0,0,0.0
8041,3,216,72.0
8042,3,250,83.3
8043,0,0,0.0
8044,1,63,63.0
8045,0,0,0.0
8046,0,0,0.0
8047,3,237,79.0
8048,1,63,63.0
8049,0,0,0.0
8050,0,0,0.0
8051,0,0,0.0
8052,0,0,0.0
8053,2,154,77.0
8054,1,77,77.0
8055,1,70,70.0
8056,4,275,68.8
8057,0,0,0.0
8058,1,63,63.0
8059,0,0,0.0
8060,1,91,91.0
8061,3,253,84.3
8062,0,0,0.0
8063,1,74,74.0
8064,1,67,67.0
8065,0,0,0.0
8066,0,0,0.0
8067,0,0,0.0
8068,0,0,0.0
8069,1,98,98.0
8070,1,66,66.0
8071,1,63,63.0
8072,2,112,56.0
8073,2,134,67.0
8074,0,0,0.0
8075,0,0,0.0
8076,1,917,917.0
8077,2,849,424.5
8078,1,62,62.0
8079,0,0,0.0
8080,0,0,0.0
8081,2,145,72.5
8082,0,0,0.0
8083,0,0,0.0
8084,0,0,0.0
8085,0,0,0.0
8086,0,0,0.0
8087,1,56,56.0
8088,1,98,98.0
8089,0,0,0.0
8090,0,0,0.0
8091,1,84,84.0
8092,0,0,0.0
8093,1,56,56.0
8094,0,0,0.0
8095,1,63,63.0
8096,1,63,63.0
8097,0,0,0.0
8098,1,50,50.0
8099,1,56,56.0
8100,2,222,111.0
8101,0,0,0.0
8102,1,79,79.0
8103,1,57,57.0
8104,1,112,112.0
8105,2,193,96.5
8106,0,0,0.0
8107,0,0,0.0
8108,0,0,0.0
8109,1,61,61.0
8110,0,0,0.0
8111,0,0,0.0
8112,0,0,0.0
8113,0,0,0.0
8114,2,150,75.0
8115,2,138,69.0
8116,0,0,0.0
8117,3,294,98.0
8118,1,77,77.0
8119,1,66,66.0
8120,0,0,0.0
8121,1,55,55.0
8122,1,50,50.0
8123,2,126,63.0
8124,2,126,63.0
8125,1,77,77.0
8126,1,53,53.0
8127,2,251,125.5
8128,2,174,87.0
8129,3,325,108.3
8130,1,126,126.0
8131,1,91,91.0
8132,1,72,72.0
8133,0,0,0.0
8134,0,0,0.0
8135,0,0,0.0
8136,1,76,76.0
8137,3,240,80.0
8138,0,0,0.0
8139,0,0,0.0
8140,1,56,56.0
8141,0,0,0.0
8142,1,117,117.0
8143,1,94,94.0
8144,0,0,0.0
8145,0,0,0.0
8146,2,162,81.0
8147,1,63,63.0
8148,1,154,154.0
8149,2,160,80.0
8150,2,110,55.0
8151,1,56,56.0
8152,0,0,0.0
8153,0,0,0.0
8154,1,65,65.0
8155,4,274,68.5
8156,1,70,70.0
8157,1,119,119.0
8158,0,0,0.0
8159,0,0,0.0
8160,1,119,119.0
8161,3,219,73.0
8162,2,180,90.0
8163,1,70,70.0
8164,2,106,53.0
8165,1,63,63.0
8166,1,77,77.0
8167,4,369,92.2
8168,0,0,0.0
8169,0,0,0.0
8170,2,121,60.5
8171,0,0,0.0
8172,1,56,56.0
8173,3,241,80.3
8174,1,80,80.0
8175,1,175,175.0
8176,1,60,60.0
8177,0,0,0.0
8178,1,133,133.0
8179,1,133,133.0
8180,2,157,78.5
8181,1,56,56.0
8182,2,149,74.5
8183,2,180,90.0
8184,1,56,56.0
8185,1,180,180.0
8186,0,0,0.0
8187,1,63,63.0
8188,3,191,63.7
8189,2,237,118.5
8190,1,56,56.0
8191,3,425,141.7
8192,1,70,70.0
8193,1,56,56.0
8194,1,66,66.0
8195,0,0,0.0
8196,0,0,0.0
8197,1,53,53.0
8198,2,128,64.0
8199,2,126,63.0
8200,1,77,77.0
8201,1,70,70.0
8202,1,105,105.0
8203,2,126,63.0
8204,0,0,0.0
8205,0,0,0.0
8206,4,322,80.5
8207,1,62,62.0
8208,0,0,0.0
8209,4,245,61.2
8210,1,56,56.0
8211,0,0,0.0
8212,2,143,71.5
8213,1,63,63.0
8214,1,98,98.0
8215,1,63,63.0
8216,2,135,67.5
8217,1,74,74.0
8218,3,294,98.0
8219,2,191,95.5
8220,4,273,68.2
8221,2,148,74.0
8222,0,0,0.0
8223,2,109,54.5
8224,2,133,66.5
8225,0,0,0.0
8226,0,0,0.0
8227,1,123,123.0
8228,0,0,0.0
8229,2,114,57.0
8230,2,140,70.0
8231,1,56,56.0
8232,1,144,144.0
8233,0,0,0.0
8234,2,285,142.5
8235,0,0,0.0
8236,2,121,60.5
8237,0,0,0.0
8238,2,110,55.0
8239,1,51,51.0
8240,0,0,0.0
8241,0,0,0.0
8242,0,0,0.0
8243,4,303,75.8
8244,1,58,58.0
8245,1,63,63.0
8246,0,0,0.0
8247,0,0,0.0
8248,0,0,0.0
8249,1,98,98.0
8250,3,327,109.0
8251,1,64,64.0
8252,1,71,71.0
8253,0,0,0.0
8254,1,56,56.0
8255,0,0,0.0
8256,0,0,0.0
8257,0,0,0.0
8258,2,133,66.5
8259,2,133,66.5
8260,1,63,63.0
8261,1,55,55.0
8262,1,84,84.0
8263,3,499,166.3
8264,1,56,56.0
8265,3,287,95.7
8266,0,0,0.0
8267,1,56,56.0
8268,0,0,0.0
8269,0,0,0.0
8270,1,55,55.0
8271,4,320,80.0
8272,1,123,123.0
8273,1,58,58.0
8274,0,0,0.0
8275,0,0,0.0
8276,1,74,74.0
8277,1,56,56.0
8278,0,0,0.0
8279,1,70,70.0
8280,1,56,56.0
8281,2,161,80.5
8282,1,53,53.0
8283,1,56,56.0
8284,0,0,0.0
8285,2,160,80.0
8286,1,138,138.0
8287,0,0,0.0
8288,2,205,102.5
8289,2,134,67.0
8290,4,324,81.0
8291,1,101,101.0
8292,0,0,0.0
8293,2,119,59.5
8294,1,52,52.0
8295,1,56,56.0
8296,0,0,0.0
8297,1,112,112.0
8298,2,139,69.5
8299,1,132,132.0
8300,1,82,82.0
8301,2,139,69.5
8302,2,161,80.5
8303,1,56,56.0
8304,4,262,65.5
8305,1,51,51.0
8306,1,112,112.0
8307,0,0,0.0
8308,0,0,0.0
8309,1,112,112.0
8310,3,191,63.7
8311,2,112,56.0
8312,1,56,56.0
8313,4,259,64.8
8314,1,133,133.0
8315,1,84,84.0
8316,1,56,56.0
8317,2,119,59.5
8318,2,122,61.0
8319,1,91,91.0
8320,1,62,62.0
8321,2,140,70.0
8322,1,55,55.0
8323,0,0,0.0
8324,1,56,56.0
8325,0,0,0.0
8326,3,212,70.7
8327,1,56,56.0
8328,0,0,0.0
8329,1,77,77.0
8330,3,574,191.3
8331,0,0,0.0
8332,1,87,87.0
8333,2,147,73.5
8334,0,0,0.0
8335,0,0,0.0
8336,1,70,70.0
8337,1,91,91.0
8338,0,0,0.0
8339,2,123,61.5
8340,0,0,0.0
8341,2,137,68.5
8342,3,210,70.0
8343,1,63,63.0
8344,3,203,67.7
8345,3,175,58.3
8346,0,0,0.0
8347,0,0,0.0
8348,0,0,0.0
8349,3,187,62.3
8350,1,56,56.0
8351,0,0,0.0
8352,0,0,0.0
8353,3,228,76.0
8354,0,0,0.0
8355,0,0,0.0
8356,1,56,56.0
8357,0,0,0.0
8358,1,55,55.0
8359,0,0,0.0
8360,0,0,0.0
8361,3,238,79.3
8362,0,0,0.0
8363,1,56,56.0
8364,0,0,0.0
8365,0,0,0.0
8366,2,163,81.5
8367,2,204,102.0
8368,0,0,0.0
8369,0,0,0.0
8370,1,56,56.0
8371,2,259,129.5
8372,2,196,98.0
8373,0,0,0.0
8374,1,77,77.0
8375,1,147,147.0
8376,2,196,98.0
8377,1,78,78.0
8378,1,59,59.0
8379,1,53,53.0
8380,0,0,0.0
8381,0,0,0.0
8382,1,50,50.0
8383,2,112,56.0
8384,0,0,0.0
8385,1,65,65.0
8386,0,0,0.0
8387,1,83,83.0
8388,0,0,0.0
8389,1,154,154.0
8390,1,63,63.0
8391,2,119,59.5
8392,0,0,0.0
8393,0,0,0.0
8394,1,70,70.0
8395,0,0,0.0
8396,3,188,62.7
8397,1,91,91.0
8398,1,56,56.0
8399,0,0,0.0
8400,0,0,0.0
8401,1,147,147.0
8402,1,105,105.0
8403,0,0,0.0
8404,1,56,56.0
8405,0,0,0.0
8406,0,0,0.0
8407,1,96,96.0
8408,1,56,56.0
8409,1,111,111.0
8410,2,168,84.0
8411,1,103,103.0
8412,1,105,105.0
8413,0,0,0.0
8414,1,56,56.0
8415,1,56,56.0
8416,1,63,63.0
8417,0,0,0.0
8418,0,0,0.0
8419,1,63,63.0
8420,1,91,91.0
8421,3,227,75.7
8422,4,368,92.0
8423,1,58,58.0
8424,0,0,0.0
8425,2,140,70.0
8426,0,0,0.0
8427,0,0,0.0
8428,0,0,0.0
8429,0,0,0.0
8430,2,162,81.0
8431,0,0,0.0
8432,2,140,70.0
8433,0,0,0.0
8434,1,91,91.0
8435,0,0,0.0
8436,2,166,83.0
8437,0,0,0.0
8438,1,53,53.0
8439,2,133,66.5
8440,1,77,77.0
8441,0,0,0.0
8442,2,157,78.5
8443,1,91,91.0
8444,2,124,62.0
8445,1,91,91.0
8446,0,0,0.0
8447,1,70,70.0
8448,0,0,0.0
8449,1,63,63.0
8450,1,74,74.0
8451,3,252,84.0
8452,3,422,140.7
8453,1,51,51.0
8454,1,103,103.0
8455,0,0,0.0
8456,3,196,65.3
8457,1,105,105.0
8458,0,0,0.0
8459,1,65,65.0
8460,0,0,0.0
8461,1,56,56.0
8462,1,546,546.0
8463,0,0,0.0
8464,0,0,0.0
8465,0,0,0.0
8466,0,0,0.0
8467,1,59,59.0
8468,1,79,79.0
8469,1,56,56.0
8470,1,84,84.0
8471,0,0,0.0
8472,0,0,0.0
8473,1,84,84.0
8474,1,77,77.0
8475,1,56,56.0
8476,0,0,0.0
8477,1,62,62.0
8478,0,0,0.0
8479,0,0,0.0
8480,1,84,84.0
8481,0,0,0.0
8482,0,0,0.0
8483,0,0,0.0
8484,0,0,0.0
8485,1,56,56.0
8486,0,0,0.0
8487,0,0,0.0
8488,0,0,0.0
8489,2,237,118.5
8490,1,56,56.0
8491,2,126,63.0
8492,0,0,0.0
8493,1,70,70.0
8494,0,0,0.0
8495,1,77,77.0
8496,1,210,210.0
8497,0,0,0.0
8498,1,61,61.0
8499,1,70,70.0
8500,4,255,63.8
8501,1,56,56.0
8502,1,84,84.0
8503,0,0,0.0
8504,1,63,63.0
8505,3,217,72.3
8506,3,266,88.7
8507,1,61,61.0
8508,0,0,0.0
8509,1,56,56.0
8510,1,56,56.0
8511,1,140,140.0
8512,1,56,56.0
8513,0,0,0.0
8514,2,259,129.5
8515,1,77,77.0
8516,1,119,119.0
8517,1,98,98.0
8518,4,263,65.8
8519,0,0,0.0
8520,0,0,0.0
8521,2,112,56.0
8522,2,126,63.0
8523,0,0,0.0
8524,0,0,0.0
8525,1,63,63.0
8526,0,0,0.0
8527,0,0,0.0
8528,1,84,84.0
8529,1,65,65.0
8530,1,63,63.0
8531,0,0,0.0
8532,0,0,0.0
8533,1,53,53.0
8534,0,0,0.0
8535,0,0,0.0
8536,1,69,69.0
8537,4,303,75.8
8538,2,119,59.5
8539,5,335,67.0
8540,2,122,61.0
8541,1,72,72.0
8542,1,77,77.0
8543,0,0,0.0
8544,1,63,63.0
8545,1,119,119.0
8546,1,56,56.0
8547,1,53,53.0
8548,1,63,63.0
8549,1,140,140.0
8550,2,107,53.5
8551,2,117,58.5
8552,1,70,70.0
8553,0,0,0.0
8554,0,0,0.0
8555,1,81,81.0
8556,1,77,77.0
8557,0,0,0.0
8558,3,210,70.0
8559,1,77,77.0
8560,1,56,56.0
8561,0,0,0.0
8562,3,192,64.0
8563,2,135,67.5
8564,2,129,64.5
8565,1,63,63.0
8566,4,357,89.2
8567,3,238,79.3
8568,0,0,0.0
8569,0,0,0.0
8570,1,56,56.0
8571,1,50,50.0
8572,3,378,126.0
8573,1,57,57.0
8574,3,269,89.7
8575,0,0,0.0
8576,3,226,75.3
8577,1,62,62.0
8578,1,56,56.0
8579,1,70,70.0
8580,1,61,61.0
8581,0,0,0.0
8582,0,0,0.0
8583,3,224,74.7
8584,1,52,52.0
8585,0,0,0.0
8586,0,0,0.0
8587,1,147,147.0
8588,0,0,0.0
8589,2,509,254.5
8590,1,453,453.0
8591,1,104,104.0
8592,1,70,70.0
8593,1,72,72.0
8594,0,0,0.0
8595,1,56,56.0
8596,1,119,119.0
8597,0,0,0.0
8598,1,86,86.0
8599,2,149,74.5
8600,1,56,56.0
8601,2,133,66.5
8602,2,175,87.5
8603,0,0,0.0
8604,1,60,60.0
8605,2,122,61.0
8606,2,182,91.0
8607,1,56,56.0
8608,0,0,0.0
8609,2,163,81.5
8610,0,0,0.0
8611,2,147,73.5
8612,1,79,79.0
8613,1,70,70.0
8614,0,0,0.0
8615,0,0,0.0
8616,2,231,115.5
8617,2,149,74.5
8618,2,122,61.0
8619,2,118,59.0
8620,0,0,0.0
8621,1,51,51.0
8622,0,0,0.0
8623,1,84,84.0
8624,1,70,70.0
8625,0,0,0.0
8626,2,126,63.0
8627,2,208,104.0
8628,1,56,56.0
8629,1,56,56.0
8630,1,308,308.0
8631,1,125,125.0
8632,0,0,0.0
8633,1,91,91.0
8634,0,0,0.0
8635,0,0,0.0
8636,1,92,92.0
8637,1,72,72.0
8638,0,0,0.0
8639,1,68,68.0
8640,0,0,0.0
8641,2,147,73.5
8642,2,133,66.5
8643,2,196,98.0
8644,0,0,0.0
8645,1,63,63.0
8646,0,0,0.0
8647,2,196,98.0
8648,1,56,56.0
8649,2,110,55.0
8650,0,0,0.0
8651,0,0,0.0
8652,2,193,96.5
8653,1,77,77.0
8654,0,0,0.0
8655,3,265,88.3
8656,1,231,231.0
8657,1,97,97.0
8658,1,77,77.0
8659,0,0,0.0
8660,2,126,63.0
8661,2,219,109.5
8662,0,0,0.0
8663,0,0,0.0
8664,2,112,56.0
8665,3,210,70.0
8666,0,0,0.0
8667,1,57,57.0
8668,3,207,69.0
8669,1,68,68.0
8670,1,518,518.0
8671,1,112,112.0
8672,1,67,67.0
8673,0,0,0.0
8674,2,154,77.0
8675,1,84,84.0
8676,1,73,73.0
8677,0,0,0.0
8678,0,0,0.0
8679,1,54,54.0
8680,3,275,91.7
8681,1,91,91.0
8682,3,246,82.0
8683,2,127,63.5
8684,0,0,0.0
8685,0,0,0.0
8686,0,0,0.0
8687,1,56,56.0
8688,1,77,77.0
8689,1,70,70.0
8690,1,70,70.0
8691,5,330,66.0
8692,1,70,70.0
8693,1,77,77.0
8694,1,63,63.0
8695,0,0,0.0
8696,1,224,224.0
8697,2,133,66.5
8698,1,83,83.0
8699,1,161,161.0
8700,1,53,53.0
8701,0,0,0.0
8702,1,132,132.0
8703,0,0,0.0
8704,4,312,78.0
8705,0,0,0.0
8706,0,0,0.0
8707,0,0,0.0
8708,1,70,70.0
8709,1,53,53.0
8710,0,0,0.0
8711,2,133,66.5
8712,0,0,0.0
8713,0,0,0.0
8714,4,596,149.0
8715,0,0,0.0
8716,1,63,63.0
8717,2,133,66.5
8718,2,126,63.0
8719,1,84,84.0
8720,1,63,63.0
8721,0,0,0.0
8722,0,0,0.0
8723,1,60,60.0
8724,2,129,64.5
8725,1,57,57.0
8726,1,77,77.0
8727,1,56,56.0
8728,1,83,83.0
8729,0,0,0.0
8730,1,77,77.0
8731,0,0,0.0
8732,0,0,0.0
8733,0,0,0.0
8734,0,0,0.0
8735,0,0,0.0
8736,0,0,0.0
8737,0,0,0.0
8738,1,91,91.0
8739,0,0,0.0
8740,3,217,72.3
8741,2,160,80.0
8742,1,120,120.0
8743,2,113,56.5
8744,0,0,0.0
8745,0,0,0.0
8746,0,0,0.0
8747,0,0,0.0
8748,1,77,77.0
8749,3,429,143.0
8750,3,228,76.0
8751,4,282,70.5
8752,0,0,0.0
8753,0,0,0.0
8754,2,116,58.0
8755,2,136,68.0
8756,2,370,185.0
8757,1,80,80.0
8758,1,56,56.0
8759,1,67,67.0
8760,1,112,112.0
8761,0,0,0.0
8762,1,90,90.0
8763,0,0,0.0
8764,0,0,0.0
8765,0,0,0.0
8766,0,0,0.0
8767,0,0,0.0
8768,0,0,0.0
8769,1,70,70.0
8770,0,0,0.0
8771,0,0,0.0
8772,2,196,98.0
8773,1,54,54.0
8774,2,119,59.5
8775,1,73,73.0
8776,2,140,70.0
8777,0,0,0.0
8778,0,0,0.0
8779,1,76,76.0
8780,1,82,82.0
8781,0,0,0.0
8782,0,0,0.0
8783,1,119,119.0
8784,3,210,70.0
8785,2,154,77.0
8786,1,70,70.0
8787,1,56,56.0
8788,0,0,0.0
8789,1,126,126.0
8790,1,56,56.0
8791,0,0,0.0
8792,2,172,86.0
8793,1,82,82.0
8794,1,56,56.0
8795,1,56,56.0
8796,3,211,70.3
8797,3,232,77.3
8798,3,264,88.0
8799,0,0,0.0
8800,0,0,0.0
8801,1,84,84.0
8802,1,91,91.0
8803,1,77,77.0
8804,1,77,77.0
8805,0,0,0.0
8806,0,0,0.0
8807,0,0,0.0
8808,1,84,84.0
8809,1,53,53.0
8810,2,206,103.0
8811,2,301,150.5
8812,1,109,109.0
8813,1,56,56.0
8814,0,0,0.0
8815,0,0,0.0
8816,1,56,56.0
8817,1,81,81.0
8818,4,337,84.2
8819,2,144,72.0
8820,0,0,0.0
8821,0,0,0.0
8822,0,0,0.0
8823,4,242,60.5
8824,1,77,77.0
8825,0,0,0.0
8826,0,0,0.0
8827,2,107,53.5
8828,1,108,108.0
8829,0,0,0.0
8830,0,0,0.0
8831,2,112,56.0
8832,1,119,119.0
8833,0,0,0.0
8834,1,98,98.0
8835,3,406,135.3
8836,2,154,77.0
8837,0,0,0.0
8838,0,0,0.0
8839,1,63,63.0
8840,1,56,56.0
8841,1,70,70.0
8842,0,0,0.0
8843,0,0,0.0
8844,2,199,99.5
8845,2,178,89.0
8846,1,87,87.0
8847,1,76,76.0
8848,2,196,98.0
8849,1,84,84.0
8850,1,91,91.0
8851,2,189,94.5
8852,2,124,62.0
8853,2,139,69.5
8854,1,70,70.0
8855,1,70,70.0
8856,1,56,56.0
8857,1,54,54.0
8858,0,0,0.0
8859,1,56,56.0
8860,3,203,67.7
8861,1,70,70.0
8862,2,140,70.0
8863,0,0,0.0
8864,2,133,66.5
8865,1,84,84.0
8866,3,318,106.0
8867,1,63,63.0
8868,1,74,74.0
8869,0,0,0.0
8870,1,52,52.0
8871,1,51,51.0
8872,1,56,56.0
8873,1,315,315.0
8874,0,0,0.0
8875,0,0,0.0
8876,1,81,81.0
8877,1,56,56.0
8878,0,0,0.0
8879,2,116,58.0
8880,2,125,62.5
8881,0,0,0.0
8882,0,0,0.0
8883,0,0,0.0
8884,3,224,74.7
8885,0,0,0.0
8886,1,63,63.0
8887,0,0,0.0
8888,0,0,0.0
8889,0,0,0.0
8890,1,413,413.0
8891,0,0,0.0
8892,3,286,95.3
8893,1,63,63.0
8894,2,221,110.5
8895,0,0,0.0
8896,1,56,56.0
8897,1,55,55.0
8898,1,70,70.0
8899,0,0,0.0
8900,2,135,67.5
8901,2,177,88.5
8902,1,56,56.0
8903,1,61,61.0
8904,0,0,0.0
8905,0,0,0.0
8906,1,161,161.0
8907,0,0,0.0
8908,1,84,84.0
8909,1,98,98.0
8910,0,0,0.0
8911,1,51,51.0
8912,0,0,0.0
8913,1,55,55.0
8914,1,224,224.0
8915,1,96,96.0
8916,0,0,0.0
8917,1,91,91.0
8918,1,77,77.0
8919,3,222,74.0
8920,1,581,581.0
8921,1,56,56.0
8922,0,0,0.0
8923,1,420,420.0
8924,1,56,56.0
8925,3,167,55.7
8926,1,56,56.0
8927,0,0,0.0
8928,1,56,56.0
8929,0,0,0.0
8930,2,134,67.0
8931,1,56,56.0
8932,2,147,73.5
8933,0,0,0.0
8934,1,53,53.0
8935,2,126,63.0
8936,0,0,0.0
8937,0,0,0.0
8938,1,55,55.0
8939,1,58,58.0
8940,0,0,0.0
8941,0,0,0.0
8942,2,126,63.0
8943,0,0,0.0
8944,1,81,81.0
8945,2,203,101.5
8946,0,0,0.0
8947,0,0,0.0
8948,2,129,64.5
8949,0,0,0.0
8950,0,0,0.0
8951,0,0,0.0
8952,0,0,0.0
8953,4,344,86.0
8954,0,0,0.0
8955,2,162,81.0
8956,1,52,52.0
8957,1,55,55.0
8958,0,0,0.0
8959,1,74,74.0
8960,1,105,105.0
8961,3,179,59.7
8962,0,0,0.0
8963,1,70,70.0
8964,1,60,60.0
8965,3,175,58.3
8966,1,53,53.0
8967,1,63,63.0
8968,0,0,0.0
8969,4,247,61.8
8970,0,0,0.0
8971,0,0,0.0
8972,0,0,0.0
8973,1,56,56.0
8974,0,0,0.0
8975,0,0,0.0
8976,3,163,54.3
8977,1,113,113.0
8978,1,63,63.0
8979,0,0,0.0
8980,0,0,0.0
8981,0,0,0.0
8982,2,126,63.0
8983,1,56,56.0
8984,2,132,66.0
8985,2,124,62.0
8986,1,77,77.0
8987,0,0,0.0
8988,0,0,0.0
8989,1,59,59.0
8990,1,84,84.0
8991,0,0,0.0
8992,1,84,84.0
8993,0,0,0.0
8994,0,0,0.0
8995,2,133,66.5
8996,1,77,77.0
8997,3,197,65.7
8998,0,0,0.0
8999,0,0,0.0
9000,0,0,0.0
9001,0,0,0.0
9002,1,56,56.0
9003,1,86,86.0
9004,0,0,0.0
9005,2,155,77.5
9006,1,56,56.0
9007,4,362,90.5
9008,0,0,0.0
9009,0,0,0.0
9010,0,0,0.0
9011,1,83,83.0
9012,1,252,252.0
9013,0,0,0.0
9014,0,0,0.0
9015,2,117,58.5
9016,2,327,163.5
9017,2,196,98.0
9018,0,0,0.0
9019,0,0,0.0
9020,0,0,0.0
9021,0,0,0.0
9022,2,122,61.0
9023,0,0,0.0
9024,0,0,0.0
9025,2,567,283.5
9026,0,0,0.0
9027,0,0,0.0
9028,0,0,0.0
9029,0,0,0.0
9030,0,0,0.0
9031,1,93,93.0
9032,0,0,0.0
9033,1,56,56.0
9034,0,0,0.0
9035,0,0,0.0
9036,1,77,77.0
9037,0,0,0.0
9038,1,294,294.0
9039,0,0,0.0
9040,0,0,0.0
9041,2,161,80.5
9042,0,0,0.0
9043,3,178,59.3
9044,1,56,56.0
9045,1,63,63.0
9046,0,0,0.0
9047,2,148,74.0
9048,1,63,63.0
9049,1,63,63.0
9050,1,51,51.0
9051,0,0,0.0
9052,0,0,0.0
9053,0,0,0.0
9054,1,105,105.0
9055,1,91,91.0
9056,0,0,0.0
9057,0,0,0.0
9058,1,70,70.0
9059,0,0,0.0
9060,3,202,67.3
9061,2,119,59.5
9062,1,112,112.0
9063,1,70,70.0
9064,0,0,0.0
9065,1,54,54.0
9066,0,0,0.0
9067,2,143,71.5
9068,1,56,56.0
9069,0,0,0.0
9070,1,126,126.0
9071,1,85,85.0
9072,1,161,161.0
9073,0,0,0.0
9074,0,0,0.0
9075,2,182,91.0
9076,0,0,0.0
9077,1,56,56.0
9078,1,63,63.0
9079,1,56,56.0
9080,0,0,0.0
9081,1,55,55.0
9082,1,56,56.0
9083,2,189,94.5
9084,0,0,0.0
9085,1,55,55.0
9086,1,51,51.0
9087,2,193,96.5
9088,1,133,133.0
9089,1,56,56.0
9090,1,63,63.0
9091,0,0,0.0
9092,0,0,0.0
9093,1,70,70.0
9094,1,58,58.0
9095,0,0,0.0
9096,0,0,0.0
9097,1,63,63.0
9098,1,66,66.0
9099,1,56,56.0
9100,1,93,93.0
9101,0,0,0.0
9102,1,61,61.0
9103,2,133,66.5
9104,1,63,63.0
9105,1,105,105.0
9106,1,98,98.0
9107,1,56,56.0
9108,1,56,56.0
9109,0,0,0.0
9110,0,0,0.0
9111,2,116,58.0
9112,1,88,88.0
9113,4,238,59.5
9114,0,0,0.0
9115,0,0,0.0
9116,0,0,0.0
9117,0,0,0.0
9118,0,0,0.0
9119,1,65,65.0
9120,0,0,0.0
9121,1,67,67.0
9122,0,0,0.0
9123,1,72,72.0
9124,1,133,133.0
9125,0,0,0.0
9126,0,0,0.0
9127,0,0,0.0
9128,1,56,56.0
9129,1,70,70.0
9130,1,56,56.0
9131,1,77,77.0
9132,0,0,0.0
9133,0,0,0.0
9134,1,57,57.0
9135,3,273,91.0
9136,1,58,58.0
9137,0,0,0.0
9138,0,0,0.0
9139,0,0,0.0
9140,0,0,0.0
9141,2,144,72.0
9142,0,0,0.0
9143,1,54,54.0
9144,0,0,0.0
9145,3,207,69.0
9146,0,0,0.0
9147,0,0,0.0
9148,3,313,104.3
9149,1,52,52.0
9150,0,0,0.0
9151,0,0,0.0
9152,1,77,77.0
9153,1,63,63.0
9154,1,72,72.0
9155,1,53,53.0
9156,3,244,81.3
9157,0,0,0.0
9158,0,0,0.0
9159,1,70,70.0
9160,3,268,89.3
9161,3,197,65.7
9162,2,154,77.0
9163,3,192,64.0
9164,0,0,0.0
9165,1,154,154.0
9166,3,292,97.3
9167,4,337,84.2
9168,1,126,126.0
9169,0,0,0.0
9170,0,0,0.0
9171,1,77,77.0
9172,0,0,0.0
9173,0,0,0.0
9174,2,131,65.5
9175,0,0,0.0
9176,2,142,71.0
9177,0,0,0.0
9178,0,0,0.0
9179,1,61,61.0
9180,3,176,58.7
9181,3,235,78.3
9182,3,186,62.0
9183,0,0,0.0
9184,2,240,120.0
9185,2,126,63.0
9186,1,74,74.0
9187,1,79,79.0
9188,1,224,224.0
9189,2,175,87.5
9190,3,258,86.0
9191,0,0,0.0
9192,1,266,266.0
9193,0,0,0.0
9194,0,0,0.0
9195,0,0,0.0
9196,0,0,0.0
9197,0,0,0.0
9198,0,0,0.0
9199,3,190,63.3
9200,0,0,0.0
9201,1,77,77.0
9202,2,138,69.0
9203,1,55,55.0
9204,1,71,71.0
9205,1,91,91.0
9206,2,140,70.0
9207,1,56,56.0
9208,2,129,64.5
9209,1,56,56.0
9210,4,283,70.8
9211,1,70,70.0
9212,2,124,62.0
9213,1,119,119.0
9214,0,0,0.0
9215,1,399,399.0
9216,1,63,63.0
9217,0,0,0.0
9218,0,0,0.0
9219,1,63,63.0
9220,1,65,65.0
9221,3,658,219.3
9222,1,56,56.0
9223,2,155,77.5
9224,3,217,72.3
9225,0,0,0.0
9226,2,267,133.5
9227,2,329,164.5
9228,1,52,52.0
9229,0,0,0.0
9230,1,84,84.0
9231,2,146,73.0
9232,2,175,87.5
9233,1,119,119.0
9234,0,0,0.0
9235,1,77,77.0
9236,5,485,97.0
9237,1,59,59.0
9238,2,224,112.0
9239,0,0,0.0
9240,0,0,0.0
9241,1,70,70.0
9242,0,0,0.0
9243,2,139,69.5
9244,3,229,76.3
9245,0,0,0.0
9246,2,282,141.0
9247,2,229,114.5
9248,2,161,80.5
9249,2,146,73.0
9250,4,516,129.0
9251,1,63,63.0
9252,1,109,109.0
9253,1,56,56.0
9254,1,56,56.0
9255,0,0,0.0
9256,0,0,0.0
9257,2,147,73.5
9258,0,0,0.0
9259,1,84,84.0
9260,1,52,52.0
9261,2,203,101.5
9262,1,70,70.0
9263,1,77,77.0
9264,1,70,70.0
9265,3,191,63.7
9266,1,53,53.0
9267,0,0,0.0
9268,2,118,59.0
9269,1,77,77.0
9270,0,0,0.0
9271,2,140,70.0
9272,0,0,0.0
9273,1,63,63.0
9274,0,0,0.0
9275,2,117,58.5
9276,1,63,63.0
9277,1,55,55.0
9278,1,62,62.0
9279,2,140,70.0
9280,1,67,67.0
9281,1,63,63.0
9282,2,133,66.5
9283,3,209,69.7
9284,2,189,94.5
9285,2,128,64.0
9286,0,0,0.0
9287,1,63,63.0
9288,2,142,71.0
9289,2,168,84.0
9290,1,283,283.0
9291,2,182,91.0
9292,3,182,60.7
9293,3,199,66.3
9294,0,0,0.0
9295,0,0,0.0
9296,1,56,56.0
9297,1,51,51.0
9298,0,0,0.0
9299,2,154,77.0
9300,2,175,87.5
9301,0,0,0.0
9302,1,56,56.0
9303,1,56,56.0
9304,0,0,0.0
9305,1,385,385.0
9306,1,84,84.0
9307,1,63,63.0
9308,3,234,78.0
9309,3,179,59.7
9310,1,63,63.0
9311,0,0,0.0
9312,0,0,0.0
9313,2,129,64.5
9314,0,0,0.0
9315,0,0,0.0
9316,1,90,90.0
9317,1,56,56.0
9318,2,175,87.5
9319,0,0,0.0
9320,1,56,56.0
9321,1,63,63.0
9322,1,84,84.0
9323,0,0,0.0
9324,2,231,115.5
9325,1,53,53.0
9326,0,0,0.0
9327,1,70,70.0
9328,0,0,0.0
9329,1,53,53.0
9330,0,0,0.0
9331,0,0,0.0
9332,0,0,0.0
9333,0,0,0.0
9334,1,63,63.0
9335,0,0,0.0
9336,2,140,70.0
9337,0,0,0.0
9338,1,91,91.0
9339,2,112,56.0
9340,1,124,124.0
9341,3,231,77.0
9342,2,149,74.5
9343,0,0,0.0
9344,2,161,80.5
9345,1,70,70.0
9346,1,98,98.0
9347,0,0,0.0
9348,2,112,56.0
9349,0,0,0.0
9350,3,206,68.7
9351,2,133,66.5
9352,2,105,52.5
9353,2,223,111.5
9354,2,161,80.5
9355,0,0,0.0
9356,2,112,56.0
9357,0,0,0.0
9358,0,0,0.0
9359,1,56,56.0
9360,1,63,63.0
9361,0,0,0.0
9362,3,180,60.0
9363,1,189,189.0
9364,1,105,105.0
9365,2,121,60.5
9366,1,59,59.0
9367,0,0,0.0
9368,0,0,0.0
9369,1,88,88.0
9370,0,0,0.0
9371,0,0,0.0
9372,0,0,0.0
9373,0,0,0.0
9374,1,147,147.0
9375,2,133,66.5
9376,2,135,67.5
9377,0,0,0.0
9378,1,61,61.0
9379,0,0,0.0
9380,0,0,0.0
9381,0,0,0.0
9382,1,86,86.0
9383,0,0,0.0
9384,0,0,0.0
9385,2,187,93.5
9386,2,140,70.0
9387,2,185,92.5
9388,1,63,63.0
9389,2,238,119.0
9390,2,138,69.0
9391,1,51,51.0
9392,0,0,0.0
9393,0,0,0.0
9394,1,106,106.0
9395,3,230,76.7
9396,0,0,0.0
9397,3,193,64.3
9398,1,140,140.0
9399,1,56,56.0
9400,0,0,0.0
9401,1,70,70.0
9402,1,93,93.0
9403,1,54,54.0
9404,4,275,68.8
9405,1,63,63.0
9406,0,0,0.0
9407,1,73,73.0
9408,1,126,126.0
9409,1,62,62.0
9410,1,60,60.0
9411,1,53,53.0
9412,1,91,91.0
9413,0,0,0.0
9414,3,234,78.0
9415,1,56,56.0
9416,1,59,59.0
9417,1,56,56.0
9418,0,0,0.0
9419,0,0,0.0
9420,1,119,119.0
9421,0,0,0.0
9422,1,98,98.0
9423,1,77,77.0
9424,3,191,63.7
9425,1,60,60.0
9426,2,126,63.0
9427,3,273,91.0
9428,0,0,0.0
9429,1,84,84.0
9430,2,232,116.0
9431,1,105,105.0
9432,0,0,0.0
9433,1,52,52.0
9434,1,95,95.0
9435,3,165,55.0
9436,1,70,70.0
9437,1,104,104.0
9438,0,0,0.0
9439,1,116,116.0
9440,1,77,77.0
9441,2,180,90.0
9442,2,145,72.5
9443,2,126,63.0
9444,0,0,0.0
9445,1,70,70.0
9446,0,0,0.0
9447,1,148,148.0
9448,2,155,77.5
9449,1,56,56.0
9450,0,0,0.0
9451,3,260,86.7
9452,2,133,66.5
9453,2,176,88.0
9454,0,0,0.0
9455,1,63,63.0
9456,3,238,79.3
9457,0,0,0.0
9458,2,133,66.5
9459,1,70,70.0
9460,2,140,70.0
9461,3,171,57.0
9462,0,0,0.0
9463,0,0,0.0
9464,1,91,91.0
9465,0,0,0.0
9466,1,70,70.0
9467,0,0,0.0
9468,1,98,98.0
9469,1,122,122.0
9470,1,91,91.0
9471,1,70,70.0
9472,1,70,70.0
9473,2,119,59.5
9474,3,259,86.3
9475,3,202,67.3
9476,1,74,74.0
9477,2,140,70.0
9478,3,219,73.0
9479,0,0,0.0
9480,1,84,84.0
9481,1,70,70.0
9482,1,70,70.0
9483,1,54,54.0
9484,0,0,0.0
9485,1,154,154.0
9486,1,58,58.0
9487,2,119,59.5
9488,1,56,56.0
9489,0,0,0.0
9490,2,117,58.5
9491,1,57,57.0
9492,1,63,63.0
9493,0,0,0.0
9494,1,85,85.0
9495,0,0,0.0
9496,2,177,88.5
9497,1,56,56.0
9498,1,56,56.0
9499,2,136,68.0
9500,1,57,57.0
9501,2,154,77.0
9502,0,0,0.0
9503,1,59,59.0
9504,3,165,55.0
9505,1,88,88.0
9506,0,0,0.0
9507,3,315,105.0
9508,1,56,56.0
9509,1,72,72.0
9510,0,0,0.0
9511,1,77,77.0
9512,2,170,85.0
9513,3,343,114.3
9514,2,123,61.5
9515,7,689,98.4
9516,1,161,161.0
9517,3,224,74.7
9518,0,0,0.0
9519,1,56,56.0
9520,0,0,0.0
9521,1,77,77.0
9522,2,158,79.0
9523,0,0,0.0
9524,1,123,123.0
9525,1,63,63.0
9526,1,79,79.0
9527,3,219,73.0
9528,1,63,63.0
9529,3,206,68.7
9530,0,0,0.0
9531,4,304,76.0
9532,1,56,56.0
9533,0,0,0.0
9534,2,124,62.0
9535,1,133,133.0
9536,2,133,66.5
9537,1,59,59.0
9538,1,56,56.0
9539,0,0,0.0
9540,4,256,64.0
9541,1,50,50.0
9542,3,166,55.3
9543,4,303,75.8
9544,2,189,94.5
9545,0,0,0.0
9546,0,0,0.0
9547,1,112,112.0
9548,1,70,70.0
9549,1,89,89.0
9550,2,119,59.5
9551,0,0,0.0
9552,1,121,121.0
9553,2,189,94.5
9554,0,0,0.0
9555,0,0,0.0
9556,0,0,0.0
9557,0,0,0.0
9558,1,127,127.0
9559,2,189,94.5
9560,1,56,56.0
9561,2,168,84.0
9562,2,189,94.5
9563,0,0,0.0
9564,4,364,91.0
9565,1,63,63.0
9566,2,161,80.5
9567,1,63,63.0
9568,1,56,56.0
9569,3,205,68.3
9570,1,66,66.0
9571,0,0,0.0
9572,0,0,0.0
9573,1,57,57.0
9574,1,63,63.0
9575,0,0,0.0
9576,1,63,63.0
9577,2,190,95.0
9578,1,119,119.0
9579,1,81,81.0
9580,0,0,0.0
9581,1,141,141.0
9582,0,0,0.0
9583,0,0,0.0
9584,0,0,0.0
9585,0,0,0.0
9586,0,0,0.0
9587,0,0,0.0
9588,0,0,0.0
9589,0,0,0.0
9590,2,205,102.5
9591,2,140,70.0
9592,0,0,0.0
9593,0,0,0.0
9594,0,0,0.0
9595,1,56,56.0
9596,2,350,175.0
9597,2,110,55.0
9598,2,145,72.5
9599,2,216,108.0
9600,1,65,65.0
9601,0,0,0.0
9602,1,70,70.0
9603,1,70,70.0
9604,1,53,53.0
9605,1,88,88.0
9606,2,216,108.0
9607,0,0,0.0
9608,0,0,0.0
9609,1,56,56.0
9610,2,134,67.0
9611,2,153,76.5
9612,1,271,271.0
9613,1,77,77.0
9614,1,70,70.0
9615,0,0,0.0
9616,3,224,74.7
9617,0,0,0.0
9618,1,113,113.0
9619,1,64,64.0
9620,4,339,84.8
9621,2,147,73.5
9622,1,63,63.0
9623,3,228,76.0
9624,2,126,63.0
9625,0,0,0.0
9626,1,56,56.0
9627,1,54,54.0
9628,0,0,0.0
9629,1,77,77.0
9630,3,175,58.3
9631,0,0,0.0
9632,2,120,60.0
9633,0,0,0.0
9634,1,98,98.0
9635,1,86,86.0
9636,1,63,63.0
9637,0,0,0.0
9638,1,69,69.0
9639,1,70,70.0
9640,0,0,0.0
9641,2,119,59.5
9642,1,60,60.0
9643,1,63,63.0
9644,1,105,105.0
9645,0,0,0.0
9646,1,73,73.0
9647,1,76,76.0
9648,0,0,0.0
9649,1,63,63.0
9650,3,297,99.0
9651,1,77,77.0
9652,1,217,217.0
9653,3,269,89.7
9654,2,133,66.5
9655,1,84,84.0
9656,1,98,98.0
9657,3,324,108.0
9658,3,355,118.3
9659,1,65,65.0
9660,2,189,94.5
9661,0,0,0.0
9662,1,77,77.0
9663,1,105,105.0
9664,1,91,91.0
9665,1,56,56.0
9666,1,56,56.0
9667,2,133,66.5
9668,0,0,0.0
9669,2,183,91.5
9670,0,0,0.0
9671,2,150,75.0
9672,1,112,112.0
9673,0,0,0.0
9674,1,56,56.0
9675,0,0,0.0
9676,3,187,62.3
9677,2,208,104.0
9678,2,208,104.0
9679,2,203,101.5
9680,0,0,0.0
9681,0,0,0.0
9682,1,65,65.0
9683,0,0,0.0
9684,1,56,56.0
9685,1,77,77.0
9686,1,53,53.0
9687,2,126,63.0
9688,2,150,75.0
9689,0,0,0.0
9690,0,0,0.0
9691,1,68,68.0
9692,3,210,70.0
9693,1,63,63.0
9694,1,56,56.0
9695,2,168,84.0
9696,0,0,0.0
9697,2,137,68.5
9698,1,56,56.0
9699,1,70,70.0
9700,4,399,99.8
9701,1,59,59.0
9702,1,63,63.0
9703,1,81,81.0
9704,2,223,111.5
9705,1,104,104.0
9706,1,63,63.0
9707,1,86,86.0
9708,2,126,63.0
9709,1,70,70.0
9710,0,0,0.0
9711,0,0,0.0
9712,0,0,0.0
9713,0,0,0.0
9714,1,91,91.0
9715,1,87,87.0
9716,3,193,64.3
9717,0,0,0.0
9718,1,56,56.0
9719,2,126,63.0
9720,2,203,101.5
9721,0,0,0.0
9722,1,70,70.0
9723,0,0,0.0
9724,1,77,77.0
9725,0,0,0.0
9726,1,63,63.0
9727,1,119,119.0
9728,1,56,56.0
9729,3,259,86.3
9730,0,0,0.0
9731,1,51,51.0
9732,1,50,50.0
9733,2,112,56.0
9734,0,0,0.0
9735,1,56,56.0
9736,2,138,69.0
9737,1,63,63.0
9738,0,0,0.0
9739,1,154,154.0
9740,0,0,0.0
9741,2,108,54.0
9742,2,133,66.5
9743,5,427,85.4
9744,2,146,73.0
9745,1,63,63.0
9746,4,252,63.0
9747,3,251,83.7
9748,2,155,77.5
9749,1,92,92.0
9750,2,154,77.0
9751,0,0,0.0
9752,2,138,69.0
9753,1,70,70.0
9754,2,203,101.5
9755,0,0,0.0
9756,1,51,51.0
9757,2,119,59.5
9758,2,182,91.0
9759,2,163,81.5
9760,0,0,0.0
9761,4,268,67.0
9762,3,199,66.3
9763,0,0,0.0
9764,0,0,0.0
9765,4,240,60.0
9766,2,140,70.0
9767,0,0,0.0
9768,0,0,0.0
9769,3,232,77.3
9770,1,172,172.0
9771,3,342,114.0
9772,2,242,121.0
9773,1,63,63.0
9774,3,203,67.7
9775,0,0,0.0
9776,1,53,53.0
9777,3,231,77.0
9778,2,209,104.5
9779,1,91,91.0
9780,3,239,79.7
9781,1,70,70.0
9782,2,196,98.0
9783,2,189,94.5
9784,1,52,52.0
9785,0,0,0.0
9786,1,140,140.0
9787,0,0,0.0
9788,2,154,77.0
9789,1,84,84.0
9790,4,311,77.8
9791,2,129,64.5
9792,1,55,55.0
9793,1,64,64.0
9794,0,0,0.0
9795,2,208,104.0
9796,1,91,91.0
9797,2,119,59.5
9798,2,117,58.5
9799,2,141,70.5
9800,1,74,74.0
9801,2,147,73.5
9802,3,195,65.0
9803,1,77,77.0
9804,2,114,57.0
9805,1,68,68.0
9806,0,0,0.0
9807,0,0,0.0
9808,3,209,69.7
9809,1,63,63.0
9810,1,77,77.0
9811,2,238,119.0
9812,0,0,0.0
9813,1,63,63.0
9814,3,252,84.0
9815,2,129,64.5
9816,1,130,130.0
9817,2,129,64.5
9818,3,215,71.7
9819,0,0,0.0
9820,0,0,0.0
9821,1,63,63.0
9822,1,55,55.0
9823,1,77,77.0
9824,0,0,0.0
9825,0,0,0.0
9826,1,79,79.0
9827,0,0,0.0
9828,1,70,70.0
9829,0,0,0.0
9830,1,63,63.0
9831,0,0,0.0
9832,2,302,151.0
9833,1,54,54.0
9834,0,0,0.0
9835,2,113,56.5
9836,1,56,56.0
9837,1,62,62.0
9838,1,56,56.0
9839,1,56,56.0
9840,2,126,63.0
9841,2,125,62.5
9842,1,53,53.0
9843,2,169,84.5
9844,3,176,58.7
9845,2,116,58.0
9846,0,0,0.0
9847,1,53,53.0
9848,4,284,71.0
9849,0,0,0.0
9850,1,70,70.0
9851,0,0,0.0
9852,0,0,0.0
9853,3,335,111.7
9854,2,168,84.0
9855,2,196,98.0
9856,1,63,63.0
9857,0,0,0.0
9858,2,259,129.5
9859,1,70,70.0
9860,1,111,111.0
9861,1,224,224.0
9862,5,333,66.6
9863,0,0,0.0
9864,0,0,0.0
9865,1,161,161.0
9866,2,137,68.5
9867,2,190,95.0
9868,1,98,98.0
9869,1,93,93.0
9870,2,117,58.5
9871,0,0,0.0
9872,0,0,0.0
9873,0,0,0.0
9874,1,54,54.0
9875,2,119,59.5
9876,2,168,84.0
9877,0,0,0.0
9878,3,232,77.3
9879,3,217,72.3
9880,2,161,80.5
9881,2,148,74.0
9882,3,500,166.7
9883,1,133,133.0
9884,0,0,0.0
9885,1,91,91.0
9886,0,0,0.0
9887,1,56,56.0
9888,2,119,59.5
9889,1,63,63.0
9890,2,143,71.5
9891,1,84,84.0
9892,0,0,0.0
9893,3,322,107.3
9894,2,172,86.0
9895,1,55,55.0
9896,2,108,54.0
9897,0,0,0.0
9898,3,242,80.7
9899,1,56,56.0
9900,2,129,64.5
9901,0,0,0.0
9902,0,0,0.0
9903,2,140,70.0
9904,4,242,60.5
9905,2,161,80.5
9906,1,56,56.0
9907,1,54,54.0
9908,2,126,63.0
9909,2,171,85.5
9910,1,91,91.0
9911,1,70,70.0
9912,1,70,70.0
9913,2,116,58.0
9914,0,0,0.0
9915,0,0,0.0
9916,0,0,0.0
9917,3,198,66.0
9918,1,98,98.0
9919,1,56,56.0
9920,4,269,67.2
9921,1,63,63.0
9922,1,74,74.0
9923,0,0,0.0
9924,1,70,70.0
9925,2,154,77.0
9926,0,0,0.0
9927,0,0,0.0
9928,1,56,56.0
9929,1,91,91.0
9930,0,0,0.0
9931,1,56,56.0
9932,0,0,0.0
9933,2,166,83.0
9934,1,70,70.0
9935,0,0,0.0
9936,3,229,76.3
9937,2,158,79.0
9938,3,247,82.3
9939,0,0,0.0
9940,0,0,0.0
9941,0,0,0.0
9942,0,0,0.0
9943,2,272,136.0
9944,0,0,0.0
9945,0,0,0.0
9946,0,0,0.0
9947,2,112,56.0
9948,0,0,0.0
9949,2,198,99.0
9950,0,0,0.0
9951,0,0,0.0
9952,1,70,70.0
9953,0,0,0.0
9954,3,175,58.3
9955,1,52,52.0
9956,0,0,0.0
9957,0,0,0.0
9958,1,84,84.0
9959,1,63,63.0
9960,1,75,75.0
9961,2,121,60.5
9962,2,148,74.0
9963,3,199,66.3
9964,0,0,0.0
9965,2,140,70.0
9966,2,154,77.0
9967,2,168,84.0
9968,1,70,70.0
9969,1,84,84.0
9970,0,0,0.0
9971,0,0,0.0
9972,1,56,56.0
9973,1,59,59.0
9974,2,128,64.0
9975,1,84,84.0
9976,0,0,0.0
9977,1,91,91.0
9978,4,327,81.8
9979,1,59,59.0
9980,1,56,56.0
9981,1,77,77.0
9982,0,0,0.0
9983,2,114,57.0
9984,0,0,0.0
9985,2,112,56.0
9986,0,0,0.0
9987,0,0,0.0
9988,0,0,0.0
9989,1,51,51.0
9990,0,0,0.0
9991,2,112,56.0
9992,0,0,0.0
9993,0,0,0.0
9994,0,0,0.0
9995,2,140,70.0
9996,3,284,94.7
9997,0,0,0.0
9998,2,147,73.5
9999,1,56,56.0
10000,2,127,63.5
10001,0,0,0.0
10002,0,0,0.0
10003,2,111,55.5
10004,1,83,83.0
10005,0,0,0.0
10006,0,0,0.0
10007,3,188,62.7
10008,2,137,68.5
10009,0,0,0.0
10010,3,184,61.3
10011,0,0,0.0
10012,0,0,0.0
10013,0,0,0.0
10014,1,56,56.0
10015,0,0,0.0
10016,1,58,58.0
10017,2,252,126.0
10018,1,51,51.0
10019,1,56,56.0
10020,0,0,0.0
10021,0,0,0.0
10022,1,127,127.0
10023,1,52,52.0
10024,0,0,0.0
10025,3,370,123.3
10026,0,0,0.0
10027,0,0,0.0
10028,0,0,0.0
10029,1,70,70.0
10030,0,0,0.0
10031,0,0,0.0
10032,0,0,0.0
10033,2,187,93.5
10034,1,105,105.0
10035,0,0,0.0
10036,0,0,0.0
10037,1,119,119.0
10038,1,63,63.0
10039,1,64,64.0
10040,1,86,86.0
10041,2,149,74.5
10042,1,79,79.0
10043,2,154,77.0
10044,0,0,0.0
10045,2,160,80.0
10046,1,192,192.0
10047,0,0,0.0
10048,1,54,54.0
10049,0,0,0.0
10050,1,112,112.0
10051,2,175,87.5
10052,2,360,180.0
10053,1,59,59.0
10054,1,96,96.0
10055,0,0,0.0
10056,0,0,0.0
10057,0,0,0.0
10058,0,0,0.0
10059,1,52,52.0
10060,0,0,0.0
10061,2,133,66.5
10062,0,0,0.0
10063,1,55,55.0
10064,0,0,0.0
10065,5,316,63.2
10066,1,66,66.0
10067,0,0,0.0
10068,1,59,59.0
10069,1,112,112.0
10070,0,0,0.0
10071,0,0,0.0
10072,0,0,0.0
10073,0,0,0.0
10074,1,56,56.0
10075,1,91,91.0
10076,0,0,0.0
10077,0,0,0.0
10078,0,0,0.0
10079,0,0,0.0
10080,1,70,70.0
10081,1,56,56.0
10082,1,91,91.0
10083,1,56,56.0
10084,1,56,56.0
10085,1,77,77.0
10086,0,0,0.0
10087,2,156,78.0
10088,1,55,55.0
10089,0,0,0.0
10090,0,0,0.0
10091,1,63,63.0
10092,1,140,140.0
10093,0,0,0.0
10094,1,70,70.0
10095,0,0,0.0
10096,0,0,0.0
10097,1,96,96.0
10098,1,56,56.0
10099,1,77,77.0
10100,0,0,0.0
10101,1,98,98.0
10102,1,56,56.0
10103,1,70,70.0
10104,2,196,98.0
10105,0,0,0.0
10106,1,53,53.0
10107,1,63,63.0
10108,1,69,69.0
10109,2,154,77.0
10110,2,212,106.0
10111,2,135,67.5
10112,1,56,56.0
10113,1,89,89.0
10114,1,57,57.0
10115,1,64,64.0
10116,0,0,0.0
10117,1,65,65.0
10118,2,182,91.0
10119,4,227,56.8
10120,1,63,63.0
10121,0,0,0.0
10122,1,77,77.0
10123,0,0,0.0
10124,2,116,58.0
10125,1,98,98.0
10126,2,119,59.5
10127,1,56,56.0
10128,1,59,59.0
10129,2,135,67.5
10130,1,100,100.0
10131,1,56,56.0
10132,0,0,0.0
10133,1,149,149.0
10134,0,0,0.0
10135,0,0,0.0
10136,0,0,0.0
10137,1,68,68.0
10138,5,419,83.8
10139,2,147,73.5
10140,2,231,115.5
10141,0,0,0.0
10142,0,0,0.0
10143,2,210,105.0
10144,2,124,62.0
10145,1,91,91.0
10146,0,0,0.0
10147,0,0,0.0
10148,1,56,56.0
10149,0,0,0.0
10150,0,0,0.0
10151,2,129,64.5
10152,0,0,0.0
10153,2,112,56.0
10154,2,112,56.0
10155,2,239,119.5
10156,0,0,0.0
10157,2,125,62.5
10158,2,154,77.0
10159,2,107,53.5
10160,0,0,0.0
10161,2,179,89.5
10162,1,97,97.0
10163,0,0,0.0
10164,2,113,56.5
10165,0,0,0.0
10166,2,217,108.5
10167,2,110,55.0
10168,1,77,77.0
10169,0,0,0.0
10170,1,63,63.0
10171,0,0,0.0
10172,1,84,84.0
10173,2,119,59.5
10174,0,0,0.0
10175,2,126,63.0
10176,0,0,0.0
10177,2,236,118.0
10178,4,277,69.2
10179,2,122,61.0
10180,1,56,56.0
10181,0,0,0.0
10182,2,146,73.0
10183,0,0,0.0
10184,1,133,133.0
10185,2,195,97.5
10186,0,0,0.0
10187,1,53,53.0
10188,1,53,53.0
10189,2,231,115.5
10190,1,86,86.0
10191,0,0,0.0
10192,0,0,0.0
10193,1,105,105.0
10194,2,140,70.0
10195,3,192,64.0
10196,1,140,140.0
10197,1,63,63.0
10198,0,0,0.0
10199,2,117,58.5
10200,2,129,64.5
10201,1,84,84.0
10202,1,95,95.0
10203,1,63,63.0
10204,2,177,88.5
10205,2,184,92.0
10206,0,0,0.0
10207,2,109,54.5
10208,1,83,83.0
10209,0,0,0.0
10210,1,51,51.0
10211,0,0,0.0
10212,1,70,70.0
10213,1,56,56.0
10214,1,109,109.0
10215,3,322,107.3
10216,2,301,150.5
10217,1,63,63.0
10218,0,0,0.0
10219,1,90,90.0
10220,1,72,72.0
10221,2,147,73.5
10222,0,0,0.0
10223,1,107,107.0
10224,0,0,0.0
10225,0,0,0.0
10226,0,0,0.0
10227,0,0,0.0
10228,2,120,60.0
10229,0,0,0.0
10230,0,0,0.0
10231,2,132,66.0
10232,0,0,0.0
10233,0,0,0.0
10234,1,56,56.0
10235,0,0,0.0
10236,2,273,136.5
10237,0,0,0.0
10238,0,0,0.0
10239,1,63,63.0
10240,0,0,0.0
10241,1,168,168.0
10242,0,0,0.0
10243,0,0,0.0
10244,1,70,70.0
10245,0,0,0.0
10246,0,0,0.0
10247,2,169,84.5
10248,1,63,63.0
10249,1,78,78.0
10250,2,211,105.5
10251,1,88,88.0
10252,0,0,0.0
10253,1,56,56.0
10254,2,174,87.0
10255,2,122,61.0
10256,1,86,86.0
10257,0,0,0.0
10258,1,56,56.0
10259,0,0,0.0
10260,0,0,0.0
10261,0,0,0.0
10262,0,0,0.0
10263,2,140,70.0
10264,0,0,0.0
10265,1,60,60.0
10266,1,63,63.0
10267,0,0,0.0
10268,0,0,0.0
10269,1,70,70.0
10270,1,63,63.0
10271,1,56,56.0
10272,1,91,91.0
10273,1,161,161.0
10274,1,65,65.0
10275,1,51,51.0
10276,1,78,78.0
10277,1,126,126.0
10278,1,448,448.0
10279,2,111,55.5
10280,1,84,84.0
10281,1,61,61.0
10282,1,56,56.0
10283,0,0,0.0
10284,0,0,0.0
10285,0,0,0.0
10286,0,0,0.0
10287,1,56,56.0
10288,1,61,61.0
10289,1,63,63.0
10290,0,0,0.0
10291,0,0,0.0
10292,2,154,77.0
10293,2,238,119.0
10294,0,0,0.0
10295,0,0,0.0
10296,1,168,168.0
10297,0,0,0.0
10298,1,50,50.0
10299,0,0,0.0
10300,0,0,0.0
10301,2,147,73.5
10302,0,0,0.0
10303,1,77,77.0
10304,1,70,70.0
10305,1,119,119.0
10306,1,63,63.0
10307,1,52,52.0
10308,0,0,0.0
10309,0,0,0.0
10310,0,0,0.0
10311,1,77,77.0
10312,1,81,81.0
10313,1,61,61.0
10314,0,0,0.0
10315,0,0,0.0
10316,3,242,80.7
10317,0,0,0.0
10318,1,63,63.0
10319,1,70,70.0
10320,2,147,73.5
10321,2,133,66.5
10322,0,0,0.0
10323,2,137,68.5
10324,1,112,112.0
10325,2,175,87.5
10326,1,142,142.0
10327,3,191,63.7
10328,1,52,52.0
10329,4,306,76.5
10330,0,0,0.0
10331,2,133,66.5
10332,2,124,62.0
10333,2,123,61.5
10334,0,0,0.0
10335,1,63,63.0
10336,2,140,70.0
10337,1,56,56.0
10338,0,0,0.0
10339,0,0,0.0
10340,1,56,56.0
10341,2,113,56.5
10342,2,108,54.0
10343,1,111,111.0
10344,0,0,0.0
10345,4,240,60.0
10346,1,65,65.0
10347,0,0,0.0
10348,0,0,0.0
10349,1,56,56.0
10350,1,62,62.0
10351,3,210,70.0
10352,3,385,128.3
10353,0,0,0.0
10354,0,0,0.0
10355,2,109,54.5
10356,2,112,56.0
10357,1,113,113.0
10358,0,0,0.0
10359,2,142,71.0
10360,0,0,0.0
10361,1,133,133.0
10362,0,0,0.0
10363,3,198,66.0
10364,0,0,0.0
10365,4,247,61.8
10366,1,56,56.0
10367,1,105,105.0
10368,1,51,51.0
10369,2,161,80.5
10370,1,119,119.0
10371,0,0,0.0
10372,3,227,75.7
10373,1,84,84.0
10374,2,160,80.0
10375,1,63,63.0
10376,1,53,53.0
10377,1,56,56.0
10378,2,210,105.0
10379,1,70,70.0
10380,2,140,70.0
10381,1,56,56.0
10382,2,132,66.0
10383,2,472,236.0
10384,3,238,79.3
10385,1,93,93.0
10386,0,0,0.0
10387,1,76,76.0
10388,2,191,95.5
10389,3,247,82.3
10390,0,0,0.0
10391,1,56,56.0
10392,0,0,0.0
10393,2,119,59.5
10394,0,0,0.0
10395,2,154,77.0
10396,2,181,90.5
10397,3,231,77.0
10398,0,0,0.0
10399,1,56,56.0
10400,2,161,80.5
10401,1,140,140.0
10402,3,173,57.7
10403,1,581,581.0
10404,0,0,0.0
10405,1,67,67.0
10406,1,91,91.0
10407,0,0,0.0
10408,4,290,72.5
10409,0,0,0.0
10410,2,112,56.0
10411,4,294,73.5
10412,0,0,0.0
10413,0,0,0.0
10414,1,61,61.0
10415,0,0,0.0
10416,2,146,73.0
10417,2,112,56.0
10418,0,0,0.0
10419,0,0,0.0
10420,0,0,0.0
10421,0,0,0.0
10422,1,189,189.0
10423,1,80,80.0
10424,0,0,0.0
10425,0,0,0.0
10426,0,0,0.0
10427,2,134,67.0
10428,2,223,111.5
10429,0,0,0.0
10430,2,189,94.5
10431,2,171,85.5
10432,3,249,83.0
10433,3,287,95.7
10434,0,0,0.0
10435,2,140,70.0
10436,2,109,54.5
10437,0,0,0.0
10438,1,56,56.0
10439,2,175,87.5
10440,1,56,56.0
10441,0,0,0.0
10442,2,139,69.5
10443,1,154,154.0
10444,2,136,68.0
10445,1,98,98.0
10446,2,119,59.5
10447,2,154,77.0
10448,2,142,71.0
10449,1,77,77.0
10450,1,56,56.0
10451,3,203,67.7
10452,1,69,69.0
10453,3,162,54.0
10454,0,0,0.0
10455,1,56,56.0
10456,2,123,61.5
10457,3,242,80.7
10458,2,116,58.0
10459,1,78,78.0
10460,0,0,0.0
10461,5,352,70.4
10462,1,98,98.0
10463,2,150,75.0
10464,1,56,56.0
10465,1,63,63.0
10466,3,175,58.3
10467,2,129,64.5
10468,3,196,65.3
10469,1,56,56.0
10470,3,294,98.0
10471,1,55,55.0
10472,2,163,81.5
10473,3,245,81.7
10474,1,63,63.0
10475,1,63,63.0
10476,2,140,70.0
10477,1,63,63.0
10478,0,0,0.0
10479,3,238,79.3
10480,0,0,0.0
10481,0,0,0.0
10482,0,0,0.0
10483,2,189,94.5
10484,3,190,63.3
10485,1,91,91.0
10486,1,70,70.0
10487,1,56,56.0
10488,1,64,64.0
10489,1,112,112.0
10490,2,113,56.5
10491,3,291,97.0
10492,2,154,77.0
10493,1,70,70.0
10494,1,105,105.0
10495,0,0,0.0
10496,1,77,77.0
10497,1,63,63.0
10498,2,146,73.0
10499,0,0,0.0
10500,2,144,72.0
10501,1,84,84.0
10502,0,0,0.0
10503,0,0,0.0
10504,0,0,0.0
10505,1,83,83.0
10506,1,77,77.0
10507,2,113,56.5
10508,1,147,147.0
10509,0,0,0.0
10510,4,448,112.0
10511,1,50,50.0
10512,0,0,0.0
10513,0,0,0.0
10514,0,0,0.0
10515,1,101,101.0
10516,1,56,56.0
10517,1,70,70.0
10518,2,123,61.5
10519,0,0,0.0
10520,0,0,0.0
10521,0,0,0.0
10522,3,172,57.3
10523,1,70,70.0
10524,0,0,0.0
10525,2,182,91.0
10526,0,0,0.0
10527,2,119,59.5
10528,0,0,0.0
10529,3,315,105.0
10530,2,154,77.0
10531,1,77,77.0
10532,2,133,66.5
10533,3,196,65.3
10534,1,136,136.0
10535,2,126,63.0
10536,2,114,57.0
10537,3,173,57.7
10538,0,0,0.0
10539,1,117,117.0
10540,0,0,0.0
10541,1,51,51.0
10542,3,224,74.7
10543,0,0,0.0
10544,4,466,116.5
10545,0,0,0.0
10546,0,0,0.0
10547,1,56,56.0
10548,0,0,0.0
10549,0,0,0.0
10550,1,56,56.0
10551,0,0,0.0
10552,1,140,140.0
10553,1,77,77.0
10554,0,0,0.0
10555,0,0,0.0
10556,1,88,88.0
10557,0,0,0.0
10558,2,112,56.0
10559,0,0,0.0
10560,0,0,0.0
10561,2,175,87.5
10562,1,70,70.0
10563,2,134,67.0
10564,1,91,91.0
10565,3,210,70.0
10566,1,133,133.0
10567,2,186,93.0
10568,0,0,0.0
10569,2,189,94.5
10570,3,280,93.3
10571,0,0,0.0
10572,2,154,77.0
10573,1,53,53.0
10574,1,56,56.0
10575,0,0,0.0
10576,0,0,0.0
10577,4,325,81.2
10578,1,84,84.0
10579,1,133,133.0
10580,3,212,70.7
10581,1,84,84.0
10582,2,122,61.0
10583,0,0,0.0
10584,1,84,84.0
10585,1,70,70.0
10586,0,0,0.0
10587,0,0,0.0
10588,0,0,0.0
10589,1,56,56.0
10590,0,0,0.0
10591,2,126,63.0
10592,1,70,70.0
10593,2,126,63.0
10594,1,70,70.0
10595,1,63,63.0
10596,1,58,58.0
10597,0,0,0.0
10598,0,0,0.0
10599,2,203,101.5
10600,0,0,0.0
10601,0,0,0.0
10602,2,234,117.0
10603,3,217,72.3
10604,2,110,55.0
10605,2,322,161.0
10606,2,154,77.0
10607,0,0,0.0
10608,0,0,0.0
10609,1,56,56.0
10610,3,196,65.3
10611,1,56,56.0
10612,1,88,88.0
10613,2,129,64.5
10614,1,56,56.0
10615,1,63,63.0
10616,1,63,63.0
10617,1,91,91.0
10618,1,70,70.0
10619,0,0,0.0
10620,2,119,59.5
10621,0,0,0.0
10622,1,63,63.0
10623,1,50,50.0
10624,0,0,0.0
10625,2,141,70.5
10626,0,0,0.0
10627,1,70,70.0
10628,0,0,0.0
10629,3,201,67.0
10630,1,217,217.0
10631,3,248,82.7
10632,1,63,63.0
10633,2,142,71.0
10634,1,89,89.0
10635,2,109,54.5
10636,1,58,58.0
10637,3,177,59.0
10638,1,52,52.0
10639,1,91,91.0
10640,0,0,0.0
10641,2,168,84.0
10642,2,154,77.0
10643,1,63,63.0
10644,2,147,73.5
10645,1,53,53.0
10646,3,178,59.3
10647,3,193,64.3
10648,2,136,68.0
10649,2,151,75.5
10650,0,0,0.0
10651,2,185,92.5
10652,0,0,0.0
10653,5,357,71.4
10654,1,56,56.0
10655,1,161,161.0
10656,0,0,0.0
10657,2,162,81.0
10658,0,0,0.0
10659,1,54,54.0
10660,0,0,0.0
10661,1,56,56.0
10662,3,233,77.7
10663,0,0,0.0
10664,0,0,0.0
10665,1,56,56.0
10666,0,0,0.0
10667,0,0,0.0
10668,1,52,52.0
10669,0,0,0.0
10670,0,0,0.0
10671,1,112,112.0
10672,1,105,105.0
10673,2,143,71.5
10674,4,666,166.5
10675,1,91,91.0
10676,2,112,56.0
10677,2,154,77.0
10678,2,153,76.5
10679,3,297,99.0
10680,0,0,0.0
10681,0,0,0.0
10682,0,0,0.0
10683,0,0,0.0
10684,0,0,0.0
10685,1,70,70.0
10686,0,0,0.0
10687,3,189,63.0
10688,0,0,0.0
10689,0,0,0.0
10690,0,0,0.0
10691,1,126,126.0
10692,3,213,71.0
10693,1,80,80.0
10694,1,54,54.0
10695,3,204,68.0
10696,1,50,50.0
10697,1,189,189.0
10698,1,70,70.0
10699,3,230,76.7
10700,3,215,71.7
10701,1,64,64.0
10702,0,0,0.0
10703,1,56,56.0
10704,1,56,56.0
10705,0,0,0.0
10706,2,126,63.0
10707,0,0,0.0
10708,1,56,56.0
10709,1,128,128.0
10710,1,70,70.0
10711,0,0,0.0
10712,2,469,234.5
10713,0,0,0.0
10714,1,67,67.0
10715,1,70,70.0
10716,0,0,0.0
10717,0,0,0.0
10718,0,0,0.0
10719,0,0,0.0
10720,0,0,0.0
10721,0,0,0.0
10722,0,0,0.0
10723,1,135,135.0
10724,0,0,0.0
10725,0,0,0.0
10726,1,50,50.0
10727,3,155,51.7
10728,0,0,0.0
10729,0,0,0.0
10730,1,69,69.0
10731,1,108,108.0
10732,0,0,0.0
10733,0,0,0.0
10734,1,161,161.0
10735,0,0,0.0
10736,0,0,0.0
10737,0,0,0.0
10738,2,126,63.0
10739,3,187,62.3
10740,0,0,0.0
10741,0,0,0.0
10742,0,0,0.0
10743,0,0,0.0
10744,1,70,70.0
10745,2,147,73.5
10746,2,127,63.5
10747,3,266,88.7
10748,0,0,0.0
10749,1,56,56.0
10750,3,229,76.3
10751,0,0,0.0
10752,1,57,57.0
10753,0,0,0.0
10754,1,63,63.0
10755,2,110,55.0
10756,0,0,0.0
10757,2,121,60.5
10758,0,0,0.0
10759,1,245,245.0
10760,3,186,62.0
10761,0,0,0.0
10762,1,70,70.0
10763,0,0,0.0
10764,0,0,0.0
10765,1,147,147.0
10766,0,0,0.0
10767,1,63,63.0
10768,0,0,0.0
10769,1,91,91.0
10770,0,0,0.0
10771,1,57,57.0
10772,2,245,122.5
10773,0,0,0.0
10774,0,0,0.0
10775,0,0,0.0
10776,0,0,0.0
10777,1,56,56.0
10778,1,56,56.0
10779,3,249,83.0
10780,0,0,0.0
10781,0,0,0.0
10782,0,0,0.0
10783,0,0,0.0
10784,1,66,66.0
10785,1,63,63.0
10786,1,101,101.0
10787,2,287,143.5
10788,3,282,94.0
10789,0,0,0.0
10790,2,129,64.5
10791,1,56,56.0
10792,4,216,54.0
10793,1,63,63.0
10794,0,0,0.0
10795,1,86,86.0
10796,0,0,0.0
10797,0,0,0.0
10798,1,173,173.0
10799,2,119,59.5
10800,3,215,71.7
10801,1,56,56.0
10802,1,66,66.0
10803,0,0,0.0
10804,0,0,0.0
10805,0,0,0.0
10806,2,132,66.0
10807,0,0,0.0
10808,0,0,0.0
10809,1,63,63.0
10810,0,0,0.0
10811,2,172,86.0
10812,0,0,0.0
10813,1,54,54.0
10814,1,56,56.0
10815,0,0,0.0
10816,0,0,0.0
10817,1,56,56.0
10818,4,259,64.8
10819,2,119,59.5
10820,1,126,126.0
10821,4,255,63.8
10822,0,0,0.0
10823,1,57,57.0
10824,0,0,0.0
10825,1,91,91.0
10826,2,146,73.0
10827,0,0,0.0
10828,3,259,86.3
10829,1,70,70.0
10830,0,0,0.0
10831,4,378,94.5
10832,2,185,92.5
10833,2,264,132.0
10834,0,0,0.0
10835,2,119,59.5
10836,2,156,78.0
10837,0,0,0.0
10838,2,168,84.0
10839,0,0,0.0
10840,0,0,0.0
10841,0,0,0.0
10842,2,140,70.0
10843,1,93,93.0
10844,1,63,63.0
10845,2,231,115.5
10846,1,63,63.0
10847,0,0,0.0
10848,1,79,79.0
10849,0,0,0.0
10850,1,86,86.0
10851,2,119,59.5
10852,2,102,51.0
10853,1,84,84.0
10854,3,165,55.0
10855,0,0,0.0
10856,2,203,101.5
10857,3,199,66.3
10858,0,0,0.0
10859,1,53,53.0
10860,0,0,0.0
10861,0,0,0.0
10862,0,0,0.0
10863,0,0,0.0
10864,0,0,0.0
10865,4,336,84.0
10866,2,112,56.0
10867,0,0,0.0
10868,2,109,54.5
10869,2,161,80.5
10870,0,0,0.0
10871,0,0,0.0
10872,1,103,103.0
10873,1,56,56.0
10874,0,0,0.0
10875,0,0,0.0
10876,0,0,0.0
10877,0,0,0.0
10878,1,63,63.0
10879,2,115,57.5
10880,1,56,56.0
10881,2,263,131.5
10882,1,60,60.0
10883,1,63,63.0
10884,1,98,98.0
10885,0,0,0.0
10886,0,0,0.0
10887,0,0,0.0
10888,2,175,87.5
10889,0,0,0.0
10890,2,183,91.5
10891,0,0,0.0
10892,0,0,0.0
10893,1,56,56.0
10894,3,182,60.7
10895,1,56,56.0
10896,1,63,63.0
10897,1,72,72.0
10898,1,56,56.0
10899,0,0,0.0
10900,1,84,84.0
10901,2,223,111.5
10902,2,119,59.5
10903,3,212,70.7
10904,0,0,0.0
10905,0,0,0.0
10906,0,0,0.0
10907,0,0,0.0
10908,1,266,266.0
10909,1,70,70.0
10910,1,70,70.0
10911,0,0,0.0
10912,2,126,63.0
10913,0,0,0.0
10914,2,143,71.5
10915,0,0,0.0
10916,2,210,105.0
10917,0,0,0.0
10918,1,63,63.0
10919,2,121,60.5
10920,0,0,0.0
10921,1,63,63.0
10922,1,63,63.0
10923,2,232,116.0
10924,2,106,53.0
10925,1,56,56.0
10926,0,0,0.0
10927,0,0,0.0
10928,2,164,82.0
10929,2,112,56.0
10930,2,140,70.0
10931,0,0,0.0
10932,1,54,54.0
10933,1,60,60.0
10934,0,0,0.0
10935,2,176,88.0
10936,2,149,74.5
10937,3,226,75.3
10938,1,53,53.0
10939,1,70,70.0
10940,0,0,0.0
10941,1,56,56.0
10942,1,70,70.0
10943,1,139,139.0
10944,2,138,69.0
10945,0,0,0.0
10946,1,84,84.0
10947,0,0,0.0
10948,2,259,129.5
10949,1,56,56.0
10950,1,75,75.0
10951,2,144,72.0
10952,1,63,63.0
10953,0,0,0.0
10954,1,126,126.0
10955,1,70,70.0
10956,0,0,0.0
10957,2,151,75.5
10958,2,264,132.0
10959,0,0,0.0
10960,2,204,102.0
10961,1,91,91.0
10962,2,131,65.5
10963,2,147,73.5
10964,2,107,53.5
10965,0,0,0.0
10966,2,132,66.0
10967,0,0,0.0
10968,1,70,70.0
10969,2,154,77.0
10970,0,0,0.0
10971,2,185,92.5
10972,4,319,79.8
10973,1,206,206.0
10974,2,222,111.0
10975,0,0,0.0
10976,0,0,0.0
10977,0,0,0.0
10978,0,0,0.0
10979,4,343,85.8
10980,1,70,70.0
10981,2,147,73.5
10982,2,161,80.5
10983,1,112,112.0
10984,1,92,92.0
10985,0,0,0.0
10986,0,0,0.0
10987,0,0,0.0
10988,0,0,0.0
10989,2,135,67.5
10990,1,59,59.0
10991,0,0,0.0
10992,1,56,56.0
10993,1,96,96.0
10994,1,53,53.0
10995,1,133,133.0
10996,3,234,78.0
10997,2,139,69.5
10998,1,133,133.0
10999,1,98,98.0
11000,1,56,56.0
11001,0,0,0.0
11002,0,0,0.0
11003,0,0,0.0
11004,0,0,0.0
11005,1,84,84.0
11006,0,0,0.0
11007,2,112,56.0
11008,0,0,0.0
11009,0,0,0.0
11010,1,78,78.0
11011,0,0,0.0
11012,2,126,63.0
11013,1,91,91.0
11014,2,164,82.0
11015,0,0,0.0
11016,0,0,0.0
11017,2,137,68.5
11018,1,67,67.0
11019,2,112,56.0
11020,0,0,0.0
11021,0,0,0.0
11022,1,119,119.0
11023,1,98,98.0
11024,0,0,0.0
11025,2,117,58.5
11026,1,54,54.0
11027,0,0,0.0
11028,0,0,0.0
11029,0,0,0.0
11030,2,125,62.5
11031,0,0,0.0
11032,2,117,58.5
11033,0,0,0.0
11034,2,134,67.0
11035,0,0,0.0
11036,3,221,73.7
11037,4,265,66.2
11038,1,53,53.0
11039,4,283,70.8
11040,2,128,64.0
11041,0,0,0.0
11042,0,0,0.0
11043,0,0,0.0
11044,1,136,136.0
11045,0,0,0.0
11046,0,0,0.0
11047,2,153,76.5
11048,0,0,0.0
11049,0,0,0.0
11050,2,123,61.5
11051,2,169,84.5
11052,1,98,98.0
11053,1,125,125.0
11054,2,140,70.0
11055,4,252,63.0
11056,3,291,97.0
11057,1,56,56.0
11058,1,63,63.0
11059,0,0,0.0
11060,0,0,0.0
11061,2,112,56.0
11062,1,104,104.0
11063,2,182,91.0
11064,3,262,87.3
11065,1,63,63.0
11066,0,0,0.0
11067,1,63,63.0
11068,0,0,0.0
11069,0,0,0.0
11070,0,0,0.0
11071,2,147,73.5
11072,0,0,0.0
11073,0,0,0.0
11074,1,77,77.0
11075,0,0,0.0
11076,1,56,56.0
11077,1,63,63.0
11078,2,140,70.0
11079,0,0,0.0
11080,0,0,0.0
11081,1,50,50.0
11082,1,63,63.0
11083,0,0,0.0
11084,0,0,0.0
11085,0,0,0.0
11086,1,63,63.0
11087,0,0,0.0
11088,0,0,0.0
11089,1,104,104.0
11090,2,106,53.0
11091,0,0,0.0
11092,0,0,0.0
11093,1,63,63.0
11094,2,167,83.5
11095,0,0,0.0
11096,2,126,63.0
11097,0,0,0.0
11098,0,0,0.0
11099,0,0,0.0
11100,3,280,93.3
11101,1,63,63.0
11102,1,70,70.0
11103,1,58,58.0
11104,0,0,0.0
11105,1,75,75.0
11106,2,125,62.5
11107,1,56,56.0
11108,2,129,64.5
11109,0,0,0.0
11110,2,122,61.0
11111,3,273,91.0
11112,1,95,95.0
11113,1,56,56.0
11114,0,0,0.0
11115,2,133,66.5
11116,1,53,53.0
11117,3,210,70.0
11118,0,0,0.0
11119,1,63,63.0
11120,2,115,57.5
11121,1,76,76.0
11122,3,178,59.3
11123,0,0,0.0
11124,0,0,0.0
11125,2,215,107.5
11126,2,223,111.5
11127,1,77,77.0
11128,0,0,0.0
11129,0,0,0.0
11130,1,52,52.0
11131,0,0,0.0
11132,0,0,0.0
11133,0,0,0.0
11134,1,140,140.0
11135,0,0,0.0
11136,2,168,84.0
11137,1,126,126.0
11138,1,58,58.0
11139,0,0,0.0
11140,0,0,0.0
11141,0,0,0.0
11142,0,0,0.0
11143,0,0,0.0
11144,1,133,133.0
11145,1,98,98.0
11146,0,0,0.0
11147,0,0,0.0
11148,0,0,0.0
11149,1,71,71.0
11150,2,141,70.5
11151,2,153,76.5
11152,0,0,0.0
11153,2,119,59.5
11154,0,0,0.0
11155,0,0,0.0
11156,1,56,56.0
11157,1,105,105.0
11158,1,50,50.0
11159,1,63,63.0
11160,3,180,60.0
11161,1,50,50.0
11162,3,241,80.3
11163,1,77,77.0
11164,1,61,61.0
11165,0,0,0.0
11166,0,0,0.0
11167,2,173,86.5
11168,1,70,70.0
11169,1,63,63.0
11170,0,0,0.0
11171,2,142,71.0
11172,3,315,105.0
11173,3,202,67.3
11174,2,119,59.5
11175,1,65,65.0
11176,2,123,61.5
11177,2,158,79.0
11178,1,70,70.0
11179,2,133,66.5
11180,2,142,71.0
11181,1,52,52.0
11182,0,0,0.0
11183,0,0,0.0
11184,1,114,114.0
11185,4,255,63.8
11186,2,147,73.5
11187,2,189,94.5
11188,1,56,56.0
11189,1,63,63.0
11190,0,0,0.0
11191,1,59,59.0
11192,2,136,68.0
11193,0,0,0.0
11194,2,129,64.5
11195,1,50,50.0
11196,4,280,70.0
11197,2,122,61.0
11198,2,106,53.0
11199,0,0,0.0
11200,1,77,77.0
11201,2,154,77.0
11202,0,0,0.0
11203,0,0,0.0
11204,0,0,0.0
11205,1,74,74.0
11206,2,112,56.0
11207,1,56,56.0
11208,0,0,0.0
11209,1,70,70.0
11210,2,129,64.5
11211,3,211,70.3
11212,0,0,0.0
11213,3,224,74.7
11214,1,56,56.0
11215,1,56,56.0
11216,1,56,56.0
11217,0,0,0.0
11218,0,0,0.0
11219,0,0,0.0
11220,1,70,70.0
11221,1,63,63.0
11222,0,0,0.0
11223,2,308,154.0
11224,1,64,64.0
11225,1,86,86.0
11226,2,105,52.5
11227,0,0,0.0
11228,0,0,0.0
11229,4,287,71.8
11230,1,84,84.0
11231,3,217,72.3
11232,2,136,68.0
11233,1,63,63.0
11234,2,112,56.0
11235,2,172,86.0
11236,0,0,0.0
11237,3,194,64.7
11238,0,0,0.0
11239,1,126,126.0
11240,1,61,61.0
11241,1,63,63.0
11242,1,64,64.0
11243,1,56,56.0
11244,2,126,63.0
11245,1,63,63.0
11246,1,56,56.0
11247,0,0,0.0
11248,0,0,0.0
11249,2,137,68.5
11250,1,84,84.0
11251,2,113,56.5
11252,1,56,56.0
11253,1,70,70.0
11254,0,0,0.0
11255,2,117,58.5
11256,1,63,63.0
11257,0,0,0.0
11258,1,56,56.0
11259,4,252,63.0
11260,1,119,119.0
11261,1,97,97.0
11262,3,217,72.3
11263,0,0,0.0
11264,1,56,56.0
11265,3,200,66.7
11266,0,0,0.0
11267,0,0,0.0
11268,0,0,0.0
11269,1,56,56.0
11270,1,56,56.0
11271,2,120,60.0
11272,1,72,72.0
11273,3,299,99.7
11274,0,0,0.0
11275,1,56,56.0
11276,0,0,0.0
11277,1,84,84.0
11278,2,126,63.0
11279,2,230,115.0
11280,0,0,0.0
11281,1,56,56.0
11282,0,0,0.0
11283,0,0,0.0
11284,1,112,112.0
11285,2,134,67.0
11286,1,56,56.0
11287,1,56,56.0
11288,0,0,0.0
11289,0,0,0.0
11290,1,98,98.0
11291,0,0,0.0
11292,1,76,76.0
11293,0,0,0.0
11294,0,0,0.0
11295,1,70,70.0
11296,1,96,96.0
11297,0,0,0.0
11298,1,60,60.0
11299,2,168,84.0
11300,1,115,115.0
11301,0,0,0.0
11302,1,63,63.0
11303,1,154,154.0
11304,3,224,74.7
11305,0,0,0.0
11306,2,133,66.5
11307,0,0,0.0
11308,0,0,0.0
11309,1,63,63.0
11310,1,72,72.0
11311,0,0,0.0
11312,2,180,90.0
11313,2,124,62.0
11314,0,0,0.0
11315,0,0,0.0
11316,1,62,62.0
11317,0,0,0.0
11318,0,0,0.0
11319,0,0,0.0
11320,1,56,56.0
11321,2,142,71.0
11322,2,147,73.5
11323,2,127,63.5
11324,1,70,70.0
11325,0,0,0.0
11326,2,119,59.5
11327,1,91,91.0
11328,1,56,56.0
11329,2,119,59.5
11330,2,107,53.5
11331,2,119,59.5
11332,1,77,77.0
11333,2,182,91.0
11334,2,155,77.5
11335,0,0,0.0
11336,1,61,61.0
11337,2,139,69.5
11338,0,0,0.0
11339,1,63,63.0
11340,2,182,91.0
11341,2,107,53.5
11342,2,123,61.5
11343,2,145,72.5
11344,1,77,77.0
11345,2,141,70.5
11346,0,0,0.0
11347,1,54,54.0
11348,2,140,70.0
11349,0,0,0.0
11350,0,0,0.0
11351,0,0,0.0
11352,2,168,84.0
11353,3,292,97.3
11354,1,125,125.0
11355,0,0,0.0
11356,0,0,0.0
11357,1,77,77.0
11358,0,0,0.0
11359,0,0,0.0
11360,2,181,90.5
11361,3,195,65.0
11362,2,189,94.5
11363,2,145,72.5
11364,2,140,70.0
11365,1,161,161.0
11366,0,0,0.0
11367,0,0,0.0
11368,0,0,0.0
11369,0,0,0.0
11370,0,0,0.0
11371,2,126,63.0
11372,1,84,84.0
11373,2,144,72.0
11374,2,119,59.5
11375,3,259,86.3
11376,2,155,77.5
11377,2,120,60.0
11378,1,56,56.0
11379,0,0,0.0
11380,3,238,79.3
11381,2,123,61.5
11382,2,133,66.5
11383,0,0,0.0
11384,3,300,100.0
11385,0,0,0.0
11386,1,81,81.0
11387,1,50,50.0
11388,0,0,0.0
11389,2,238,119.0
11390,2,147,73.5
11391,0,0,0.0
11392,1,56,56.0
11393,0,0,0.0
11394,1,56,56.0
11395,3,230,76.7
11396,0,0,0.0
11397,2,166,83.0
11398,1,63,63.0
11399,2,307,153.5
11400,1,126,126.0
11401,1,84,84.0
11402,0,0,0.0
11403,1,54,54.0
11404,1,69,69.0
11405,0,0,0.0
11406,0,0,0.0
11407,1,104,104.0
11408,4,286,71.5
11409,2,153,76.5
11410,0,0,0.0
11411,0,0,0.0
11412,1,98,98.0
11413,2,143,71.5
11414,2,154,77.0
11415,1,74,74.0
11416,2,147,73.5
11417,2,119,59.5
11418,2,161,80.5
11419,2,145,72.5
11420,0,0,0.0
11421,0,0,0.0
11422,1,71,71.0
11423,2,346,173.0
11424,1,96,96.0
11425,0,0,0.0
11426,2,138,69.0
11427,0,0,0.0
11428,1,88,88.0
11429,0,0,0.0
11430,0,0,0.0
11431,0,0,0.0
11432,0,0,0.0
11433,2,175,87.5
11434,0,0,0.0
11435,1,168,168.0
11436,1,84,84.0
11437,1,69,69.0
11438,1,105,105.0
11439,0,0,0.0
11440,3,348,116.0
11441,1,59,59.0
11442,1,119,119.0
11443,1,63,63.0
11444,1,84,84.0
11445,0,0,0.0
11446,0,0,0.0
11447,2,120,60.0
11448,1,54,54.0
11449,2,140,70.0
11450,1,51,51.0
11451,1,63,63.0
11452,2,118,59.0
11453,1,63,63.0
11454,1,63,63.0
11455,1,63,63.0
11456,3,192,64.0
11457,2,252,126.0
11458,1,63,63.0
11459,3,226,75.3
11460,2,168,84.0
11461,0,0,0.0
11462,1,84,84.0
11463,1,112,112.0
11464,2,161,80.5
11465,1,57,57.0
11466,1,70,70.0
11467,1,56,56.0
11468,0,0,0.0
11469,2,127,63.5
11470,1,105,105.0
11471,2,228,114.0
11472,3,231,77.0
11473,1,84,84.0
11474,2,112,56.0
11475,3,260,86.7
11476,1,56,56.0
11477,2,120,60.0
11478,2,112,56.0
11479,2,203,101.5
11480,1,70,70.0
11481,0,0,0.0
11482,1,68,68.0
11483,3,243,81.0
11484,2,154,77.0
11485,0,0,0.0
11486,0,0,0.0
11487,3,212,70.7
11488,0,0,0.0
11489,1,56,56.0
11490,2,142,71.0
11491,0,0,0.0
11492,3,210,70.0
11493,0,0,0.0
11494,1,147,147.0
11495,3,262,87.3
11496,0,0,0.0
11497,0,0,0.0
11498,2,143,71.5
11499,3,189,63.0
11500,1,77,77.0
11501,2,127,63.5
11502,0,0,0.0
11503,2,133,66.5
11504,2,112,56.0
11505,1,98,98.0
11506,1,80,80.0
11507,3,184,61.3
11508,2,136,68.0
11509,0,0,0.0
11510,2,150,75.0
11511,1,85,85.0
11512,1,56,56.0
11513,1,77,77.0
11514,1,112,112.0
11515,2,161,80.5
11516,1,125,125.0
11517,4,233,58.2
11518,0,0,0.0
11519,1,63,63.0
11520,1,82,82.0
11521,0,0,0.0
11522,3,224,74.7
11523,1,66,66.0
11524,2,187,93.5
11525,1,70,70.0
11526,3,242,80.7
11527,2,189,94.5
11528,0,0,0.0
11529,4,430,107.5
11530,3,180,60.0
11531,1,124,124.0
11532,1,56,56.0
11533,0,0,0.0
11534,2,149,74.5
11535,1,70,70.0
11536,2,191,95.5
11537,1,119,119.0
11538,2,112,56.0
11539,1,130,130.0
11540,0,0,0.0
11541,2,150,75.0
11542,2,138,69.0
11543,0,0,0.0
11544,0,0,0.0
11545,0,0,0.0
11546,0,0,0.0
11547,1,91,91.0
11548,1,70,70.0
11549,0,0,0.0
11550,1,61,61.0
11551,1,60,60.0
11552,1,87,87.0
11553,2,158,79.0
11554,2,113,56.5
11555,2,117,58.5
11556,1,62,62.0
11557,0,0,0.0
11558,4,269,67.2
11559,2,119,59.5
11560,1,54,54.0
11561,1,52,52.0
11562,0,0,0.0
11563,2,231,115.5
11564,2,140,70.0
11565,3,166,55.3
11566,1,84,84.0
11567,0,0,0.0
11568,2,130,65.0
11569,2,138,69.0
11570,2,139,69.5
11571,0,0,0.0
11572,1,70,70.0
11573,3,228,76.0
11574,2,154,77.0
11575,0,0,0.0
11576,0,0,0.0
11577,1,58,58.0
11578,0,0,0.0
11579,0,0,0.0
11580,4,395,98.8
11581,0,0,0.0
11582,0,0,0.0
11583,0,0,0.0
11584,0,0,0.0
11585,1,62,62.0
11586,0,0,0.0
11587,0,0,0.0
11588,0,0,0.0
11589,0,0,0.0
11590,2,161,80.5
11591,1,52,52.0
11592,0,0,0.0
11593,0,0,0.0
11594,1,63,63.0
11595,0,0,0.0
11596,1,70,70.0
11597,1,70,70.0
11598,0,0,0.0
11599,0,0,0.0
11600,1,59,59.0
11601,0,0,0.0
11602,0,0,0.0
11603,0,0,0.0
11604,0,0,0.0
11605,0,0,0.0
11606,1,91,91.0
11607,0,0,0.0
11608,1,63,63.0
11609,0,0,0.0
11610,0,0,0.0
11611,2,114,57.0
11612,0,0,0.0
11613,0,0,0.0
11614,3,182,60.7
11615,1,127,127.0
11616,2,161,80.5
11617,1,56,56.0
11618,1,56,56.0
11619,0,0,0.0
11620,0,0,0.0
11621,2,112,56.0
11622,1,63,63.0
11623,1,56,56.0
11624,3,165,55.0
11625,2,121,60.5
11626,2,112,56.0
11627,0,0,0.0
11628,3,182,60.7
11629,1,70,70.0
11630,3,165,55.0
11631,1,55,55.0
11632,1,70,70.0
11633,2,111,55.5
11634,1,56,56.0
11635,1,63,63.0
11636,0,0,0.0
11637,1,77,77.0
11638,2,109,54.5
11639,0,0,0.0
11640,2,125,62.5
11641,2,133,66.5
11642,1,70,70.0
11643,0,0,0.0
11644,0,0,0.0
11645,0,0,0.0
11646,0,0,0.0
11647,0,0,0.0
11648,2,168,84.0
11649,0,0,0.0
11650,1,63,63.0
11651,3,200,66.7
11652,0,0,0.0
11653,1,55,55.0
11654,0,0,0.0
11655,1,56,56.0
11656,2,130,65.0
11657,0,0,0.0
11658,0,0,0.0
11659,3,296,98.7
11660,2,231,115.5
11661,1,112,112.0
11662,0,0,0.0
11663,2,222,111.0
11664,0,0,0.0
11665,1,104,104.0
11666,0,0,0.0
11667,0,0,0.0
11668,0,0,0.0
11669,0,0,0.0
11670,2,138,69.0
11671,0,0,0.0
11672,0,0,0.0
11673,0,0,0.0
11674,0,0,0.0
11675,0,0,0.0
11676,2,168,84.0
11677,1,54,54.0
11678,1,70,70.0
11679,0,0,0.0
11680,0,0,0.0
11681,0,0,0.0
11682,1,70,70.0
11683,2,168,84.0
11684,2,112,56.0
11685,2,154,77.0
11686,2,162,81.0
11687,2,263,131.5
11688,1,56,56.0
11689,0,0,0.0
11690,1,98,98.0
11691,1,84,84.0
11692,1,70,70.0
11693,1,68,68.0
11694,1,84,84.0
11695,2,161,80.5
11696,3,261,87.0
11697,2,118,59.0
11698,2,125,62.5
11699,1,61,61.0
11700,1,70,70.0
11701,1,56,56.0
11702,2,129,64.5
11703,2,126,63.0
11704,0,0,0.0
11705,1,69,69.0
11706,0,0,0.0
11707,0,0,0.0
11708,1,56,56.0
11709,0,0,0.0
11710,0,0,0.0
11711,0,0,0.0
11712,0,0,0.0
11713,2,114,57.0
11714,3,185,61.7
11715,1,70,70.0
11716,0,0,0.0
11717,0,0,0.0
11718,2,154,77.0
11719,2,128,64.0
11720,2,245,122.5
11721,1,56,56.0
11722,3,161,53.7
11723,1,76,76.0
11724,2,173,86.5
11725,0,0,0.0
11726,2,161,80.5
11727,0,0,0.0
11728,2,183,91.5
11729,1,56,56.0
11730,1,50,50.0
11731,3,224,74.7
11732,1,56,56.0
11733,1,63,63.0
11734,2,133,66.5
11735,1,63,63.0
11736,0,0,0.0
11737,0,0,0.0
11738,0,0,0.0
11739,1,56,56.0
11740,3,366,122.0
11741,2,143,71.5
11742,0,0,0.0
11743,0,0,0.0
11744,1,77,77.0
11745,0,0,0.0
11746,1,58,58.0
11747,1,57,57.0
11748,1,63,63.0
11749,0,0,0.0
11750,0,0,0.0
11751,0,0,0.0
11752,3,209,69.7
11753,1,56,56.0
11754,2,154,77.0
11755,1,70,70.0
11756,0,0,0.0
11757,1,63,63.0
11758,1,59,59.0
11759,0,0,0.0
11760,1,69,69.0
11761,2,220,110.0
11762,3,218,72.7
11763,2,144,72.0
11764,1,52,52.0
11765,2,133,66.5
11766,0,0,0.0
11767,0,0,0.0
11768,2,133,66.5
11769,0,0,0.0
11770,1,75,75.0
11771,0,0,0.0
11772,1,56,56.0
11773,3,221,73.7
11774,1,50,50.0
11775,1,52,52.0
11776,2,175,87.5
11777,0,0,0.0
11778,0,0,0.0
11779,1,50,50.0
11780,3,196,65.3
11781,0,0,0.0
11782,0,0,0.0
11783,0,0,0.0
11784,1,149,149.0
11785,1,56,56.0
11786,0,0,0.0
11787,1,72,72.0
11788,2,175,87.5
11789,2,258,129.0
11790,1,63,63.0
11791,0,0,0.0
11792,0,0,0.0
11793,0,0,0.0
11794,1,139,139.0
11795,0,0,0.0
11796,2,186,93.0
11797,0,0,0.0
11798,1,70,70.0
11799,1,84,84.0
11800,1,51,51.0
11801,3,281,93.7
11802,0,0,0.0
11803,2,176,88.0
11804,1,73,73.0
11805,0,0,0.0
11806,1,63,63.0
11807,1,95,95.0
11808,1,54,54.0
11809,1,52,52.0
11810,0,0,0.0
11811,1,77,77.0
11812,5,371,74.2
11813,0,0,0.0
11814,0,0,0.0
11815,4,304,76.0
11816,2,188,94.0
11817,0,0,0.0
11818,4,294,73.5
11819,0,0,0.0
11820,1,98,98.0
11821,2,126,63.0
11822,0,0,0.0
11823,1,50,50.0
11824,0,0,0.0
11825,1,77,77.0
11826,2,154,77.0
11827,1,77,77.0
11828,2,203,101.5
11829,3,310,103.3
11830,2,168,84.0
11831,0,0,0.0
11832,0,0,0.0
11833,0,0,0.0
11834,3,218,72.7
11835,3,203,67.7
11836,0,0,0.0
11837,1,56,56.0
11838,1,63,63.0
11839,0,0,0.0
11840,1,75,75.0
11841,3,178,59.3
11842,1,63,63.0
11843,1,56,56.0
11844,1,84,84.0
11845,0,0,0.0
11846,1,100,100.0
11847,1,105,105.0
11848,0,0,0.0
11849,0,0,0.0
11850,1,59,59.0
11851,1,70,70.0
11852,2,127,63.5
11853,1,56,56.0
11854,0,0,0.0
11855,1,64,64.0
11856,1,56,56.0
11857,1,77,77.0
11858,0,0,0.0
11859,0,0,0.0
11860,0,0,0.0
11861,1,56,56.0
11862,2,179,89.5
11863,2,127,63.5
11864,1,294,294.0
11865,2,162,81.0
11866,0,0,0.0
11867,1,63,63.0
11868,3,221,73.7
11869,1,77,77.0
11870,1,140,140.0
11871,0,0,0.0
11872,1,77,77.0
11873,1,105,105.0
11874,1,56,56.0
11875,1,63,63.0
11876,1,95,95.0
11877,2,123,61.5
11878,1,56,56.0
11879,0,0,0.0
11880,3,195,65.0
11881,1,112,112.0
11882,0,0,0.0
11883,1,56,56.0
11884,1,58,58.0
11885,0,0,0.0
11886,1,50,50.0
11887,0,0,0.0
11888,0,0,0.0
11889,1,103,103.0
11890,3,222,74.0
11891,1,56,56.0
11892,2,228,114.0
11893,1,86,86.0
11894,0,0,0.0
11895,0,0,0.0
11896,2,245,122.5
11897,2,191,95.5
11898,2,139,69.5
11899,3,231,77.0
11900,3,266,88.7
11901,2,121,60.5
11902,2,119,59.5
11903,0,0,0.0
11904,1,68,68.0
11905,1,64,64.0
11906,0,0,0.0
11907,1,56,56.0
11908,2,113,56.5
11909,1,98,98.0
11910,1,57,57.0
11911,2,154,77.0
11912,3,229,76.3
11913,1,60,60.0
11914,2,163,81.5
11915,4,335,83.8
11916,2,109,54.5
11917,1,63,63.0
11918,2,158,79.0
11919,1,70,70.0
11920,1,91,91.0
11921,1,92,92.0
11922,1,70,70.0
11923,2,135,67.5
11924,2,117,58.5
11925,5,381,76.2
11926,1,70,70.0
11927,2,126,63.0
11928,1,56,56.0
11929,0,0,0.0
11930,3,175,58.3
11931,4,238,59.5
11932,2,123,61.5
11933,2,154,77.0
11934,1,54,54.0
11935,1,71,71.0
11936,2,207,103.5
11937,0,0,0.0
11938,1,70,70.0
11939,1,192,192.0
11940,1,68,68.0
11941,2,154,77.0
11942,1,56,56.0
11943,0,0,0.0
11944,2,160,80.0
11945,1,84,84.0
11946,4,291,72.8
11947,1,59,59.0
11948,2,126,63.0
11949,1,60,60.0
11950,0,0,0.0
11951,1,63,63.0
11952,2,147,73.5
11953,2,115,57.5
11954,2,182,91.0
11955,1,55,55.0
11956,2,140,70.0
11957,1,112,112.0
11958,0,0,0.0
11959,0,0,0.0
11960,2,152,76.0
11961,1,56,56.0
11962,0,0,0.0
11963,1,70,70.0
11964,1,154,154.0
11965,3,247,82.3
11966,1,77,77.0
11967,1,63,63.0
11968,1,67,67.0
11969,1,54,54.0
11970,1,63,63.0
11971,1,200,200.0
11972,0,0,0.0
11973,2,140,70.0
11974,3,184,61.3
11975,3,235,78.3
11976,1,56,56.0
11977,3,184,61.3
11978,0,0,0.0
11979,1,63,63.0
11980,2,140,70.0
11981,3,184,61.3
11982,1,70,70.0
11983,0,0,0.0
11984,3,341,113.7
11985,0,0,0.0
11986,0,0,0.0
11987,2,106,53.0
11988,0,0,0.0
11989,1,76,76.0
11990,1,58,58.0
11991,1,77,77.0
11992,1,56,56.0
11993,1,63,63.0
11994,2,168,84.0
11995,1,63,63.0
11996,1,69,69.0
11997,1,79,79.0
11998,0,0,0.0
11999,1,63,63.0
12000,2,155,77.5
