Frame,vesicle_count,total_peptides_in_vesicles,avg_vesicle_size
0,33,1399,42.4
1,32,1454,45.4
2,32,1409,44.0
3,33,1779,53.9
4,31,1578,50.9
5,29,1432,49.4
6,42,2055,48.9
7,37,1757,47.5
8,35,1698,48.5
9,38,1735,45.7
10,38,1912,50.3
11,36,1775,49.3
12,32,1650,51.6
13,34,1769,52.0
14,37,1918,51.8
15,43,2225,51.7
16,33,1900,57.6
17,35,1913,54.7
18,42,2145,51.1
19,28,1581,56.5
20,27,1457,54.0
21,39,1968,50.5
22,39,2213,56.7
23,40,1957,48.9
24,39,2189,56.1
25,43,2320,54.0
26,45,2279,50.6
27,41,2294,56.0
28,48,2569,53.5
29,46,2479,53.9
30,46,2499,54.3
31,39,2055,52.7
32,47,2557,54.4
33,44,2495,56.7
34,46,2752,59.8
35,46,2629,57.2
36,44,2608,59.3
37,48,2897,60.4
38,44,2646,60.1
39,43,2516,58.5
40,40,2204,55.1
41,40,2303,57.6
42,43,2554,59.4
43,41,2330,56.8
44,43,2508,58.3
45,51,2617,51.3
46,47,2795,59.5
47,40,2375,59.4
48,41,2434,59.4
49,46,2483,54.0
50,47,2633,56.0
51,41,2329,56.8
52,46,2769,60.2
53,46,2807,61.0
54,49,2800,57.1
55,52,2937,56.5
56,54,3045,56.4
57,45,2541,56.5
58,46,2625,57.1
59,55,3028,55.1
60,41,2298,56.0
61,47,2906,61.8
62,44,2911,66.2
63,48,3175,66.1
64,46,2874,62.5
65,50,3250,65.0
66,46,2710,58.9
67,51,3153,61.8
68,49,3272,66.8
69,40,2744,68.6
70,40,2730,68.2
71,45,2980,66.2
72,46,2932,63.7
73,40,2690,67.2
74,44,2741,62.3
75,43,2912,67.7
76,56,3458,61.8
77,47,2845,60.5
78,42,2740,65.2
79,38,2409,63.4
80,42,2745,65.4
81,41,2964,72.3
82,34,2537,74.6
83,42,2708,64.5
84,43,3009,70.0
85,41,3016,73.6
86,41,2794,68.1
87,37,2914,78.8
88,43,2955,68.7
89,41,2736,66.7
90,41,2871,70.0
91,41,2328,56.8
92,40,2562,64.0
93,45,3282,72.9
94,35,2204,63.0
95,48,3355,69.9
96,53,3253,61.4
97,39,2551,65.4
98,43,2817,65.5
99,45,2975,66.1
100,42,2513,59.8
101,44,3183,72.3
102,38,2723,71.7
103,37,2488,67.2
104,36,2706,75.2
105,39,2944,75.5
106,47,3451,73.4
107,42,3143,74.8
108,41,3188,77.8
109,46,3000,65.2
110,46,3170,68.9
111,49,3332,68.0
112,41,2875,70.1
113,48,3228,67.2
114,44,3375,76.7
115,49,3560,72.7
116,43,2965,69.0
117,49,3140,64.1
118,46,3167,68.8
119,46,3111,67.6
120,41,2819,68.8
121,52,3350,64.4
122,45,3140,69.8
123,35,2654,75.8
124,37,2667,72.1
125,44,3142,71.4
126,33,2175,65.9
127,41,2753,67.1
128,41,3017,73.6
129,41,3157,77.0
130,42,2930,69.8
131,33,2487,75.4
132,48,3418,71.2
133,42,3358,80.0
134,44,3468,78.8
135,42,3170,75.5
136,41,2940,71.7
137,44,2995,68.1
138,39,2912,74.7
139,38,2476,65.2
140,38,3091,81.3
141,37,2941,79.5
142,42,3228,76.9
143,38,2991,78.7
144,37,2926,79.1
145,37,3040,82.2
146,37,3071,83.0
147,38,3016,79.4
148,37,2750,74.3
149,40,2984,74.6
150,49,3443,70.3
151,36,2838,78.8
152,48,3184,66.3
153,40,3208,80.2
154,35,2766,79.0
155,46,3476,75.6
156,47,3417,72.7
157,37,2905,78.5
158,43,3212,74.7
159,44,3430,78.0
160,47,3639,77.4
161,54,3956,73.3
162,43,3241,75.4
163,42,3167,75.4
164,38,3082,81.1
165,46,3393,73.8
166,42,3601,85.7
167,41,3366,82.1
168,41,3476,84.8
169,47,3436,73.1
170,43,3394,78.9
171,38,2840,74.7
172,48,3538,73.7
173,45,3391,75.4
174,51,3562,69.8
175,45,3163,70.3
176,44,3081,70.0
177,46,3255,70.8
178,36,2663,74.0
179,50,3559,71.2
180,47,3197,68.0
181,49,3541,72.3
182,43,3055,71.0
183,42,3093,73.6
184,44,3213,73.0
185,41,3286,80.1
186,38,2944,77.5
187,41,3104,75.7
188,35,2739,78.3
189,42,3522,83.9
190,38,3242,85.3
191,42,3462,82.4
192,49,3705,75.6
193,46,3321,72.2
194,43,3139,73.0
195,53,3805,71.8
196,45,3098,68.8
197,42,3167,75.4
198,46,3183,69.2
199,48,3358,70.0
200,41,3046,74.3
201,41,3333,81.3
202,38,2954,77.7
203,42,3061,72.9
204,36,2477,68.8
205,37,3400,91.9
206,41,3433,83.7
207,39,3354,86.0
208,40,3170,79.2
209,38,3046,80.2
210,43,3629,84.4
211,44,3808,86.5
212,41,3161,77.1
213,41,3619,88.3
214,42,3880,92.4
215,44,3793,86.2
216,51,3850,75.5
217,46,3945,85.8
218,47,3782,80.5
219,42,3651,86.9
220,42,3748,89.2
221,45,3741,83.1
222,40,3302,82.6
223,31,2962,95.5
224,43,3440,80.0
225,44,3574,81.2
226,43,3456,80.4
227,40,2989,74.7
228,43,3111,72.3
229,38,2791,73.4
230,42,3172,75.5
231,43,3129,72.8
232,32,2974,92.9
233,44,3056,69.5
234,45,3588,79.7
235,41,3244,79.1
236,34,2781,81.8
237,36,2602,72.3
238,38,2950,77.6
239,34,2914,85.7
240,40,3550,88.8
241,44,3633,82.6
242,42,3302,78.6
243,44,3916,89.0
244,46,3800,82.6
245,33,2772,84.0
246,38,3469,91.3
247,35,2857,81.6
248,33,2713,82.2
249,36,2799,77.8
250,42,2838,67.6
251,43,3497,81.3
252,45,3318,73.7
253,46,3103,67.5
254,49,3896,79.5
255,41,3158,77.0
256,40,3045,76.1
257,41,3154,76.9
258,43,3411,79.3
259,41,3673,89.6
260,33,2859,86.6
261,42,3434,81.8
262,41,3073,75.0
263,41,3493,85.2
264,31,2449,79.0
265,44,3046,69.2
266,42,3067,73.0
267,35,2864,81.8
268,38,3387,89.1
269,37,2871,77.6
270,48,3785,78.9
271,41,3203,78.1
272,35,2756,78.7
273,40,2937,73.4
274,36,2791,77.5
275,37,2887,78.0
276,35,3281,93.7
277,36,3199,88.9
278,36,3036,84.3
279,40,3253,81.3
280,36,2856,79.3
281,44,3401,77.3
282,38,2752,72.4
283,44,3378,76.8
284,46,3358,73.0
285,42,3460,82.4
286,44,3208,72.9
287,37,3158,85.4
288,47,3422,72.8
289,43,3231,75.1
290,43,2988,69.5
291,47,3880,82.6
292,44,3078,70.0
293,42,3246,77.3
294,44,3553,80.8
295,44,3044,69.2
296,36,2675,74.3
297,46,3319,72.2
298,36,2784,77.3
299,34,2737,80.5
300,33,2679,81.2
301,36,2492,69.2
302,38,2726,71.7
303,40,3332,83.3
304,43,3301,76.8
305,31,2127,68.6
306,40,3238,81.0
307,41,3353,81.8
308,42,3174,75.6
309,35,2728,77.9
310,45,3347,74.4
311,43,3424,79.6
312,36,2453,68.1
313,39,3022,77.5
314,42,2847,67.8
315,39,2792,71.6
316,44,3254,74.0
317,36,2786,77.4
318,33,2683,81.3
319,36,2791,77.5
320,38,2718,71.5
321,35,2631,75.2
322,37,2758,74.5
323,41,2806,68.4
324,30,2470,82.3
325,30,2575,85.8
326,36,3169,88.0
327,41,3312,80.8
328,41,3292,80.3
329,42,3037,72.3
330,34,2511,73.9
331,36,2269,63.0
332,41,2952,72.0
333,43,3130,72.8
334,38,2806,73.8
335,41,2776,67.7
336,35,2607,74.5
337,34,2876,84.6
338,35,2588,73.9
339,37,2940,79.5
340,27,1969,72.9
341,30,2374,79.1
342,33,1961,59.4
343,34,2628,77.3
344,34,2307,67.9
345,39,2848,73.0
346,28,1970,70.4
347,37,2839,76.7
348,36,2838,78.8
349,30,2184,72.8
350,30,2331,77.7
351,38,2400,63.2
352,35,2444,69.8
353,41,2740,66.8
354,40,2971,74.3
355,37,2815,76.1
356,42,3103,73.9
357,42,3021,71.9
358,50,3366,67.3
359,48,3437,71.6
360,47,3350,71.3
361,43,3243,75.4
362,48,3559,74.1
363,49,3576,73.0
364,46,3136,68.2
365,47,3366,71.6
366,39,2973,76.2
367,44,3127,71.1
368,46,3014,65.5
369,46,3286,71.4
370,36,2453,68.1
371,45,3098,68.8
372,46,3290,71.5
373,44,3153,71.7
374,39,2613,67.0
375,41,2758,67.3
376,38,2735,72.0
377,41,2760,67.3
378,42,2953,70.3
379,38,2780,73.2
380,43,3450,80.2
381,42,3452,82.2
382,39,3075,78.8
383,42,3058,72.8
384,48,3392,70.7
385,45,3179,70.6
386,40,2859,71.5
387,47,3455,73.5
388,44,2975,67.6
389,44,2882,65.5
390,39,2700,69.2
391,41,2823,68.9
392,40,2986,74.6
393,44,3222,73.2
394,40,2904,72.6
395,45,3359,74.6
396,40,3166,79.2
397,43,2882,67.0
398,42,2961,70.5
399,43,2852,66.3
400,44,3311,75.2
401,42,2802,66.7
402,48,3221,67.1
403,36,2526,70.2
404,45,3160,70.2
405,39,2488,63.8
406,43,2822,65.6
407,40,2618,65.4
408,33,2073,62.8
409,31,2198,70.9
410,40,2710,67.8
411,34,2359,69.4
412,35,2199,62.8
413,36,2707,75.2
414,38,2780,73.2
415,36,2599,72.2
416,40,2722,68.0
417,36,2771,77.0
418,40,2707,67.7
419,40,2869,71.7
420,40,2913,72.8
421,35,2557,73.1
422,37,2775,75.0
423,42,2973,70.8
424,47,3213,68.4
425,43,3342,77.7
426,42,2914,69.4
427,48,3392,70.7
428,44,3053,69.4
429,42,3009,71.6
430,44,3180,72.3
431,38,2557,67.3
432,44,2967,67.4
433,46,3034,66.0
434,46,3103,67.5
435,40,3227,80.7
436,41,2652,64.7
437,38,2612,68.7
438,39,2581,66.2
439,43,3116,72.5
440,36,2726,75.7
441,40,2930,73.2
442,43,3094,72.0
443,45,3259,72.4
444,37,2475,66.9
445,36,2580,71.7
446,39,2921,74.9
447,34,2603,76.6
448,34,2502,73.6
449,41,2881,70.3
450,42,2871,68.4
451,35,2386,68.2
452,43,3196,74.3
453,35,2636,75.3
454,30,2053,68.4
455,33,2474,75.0
456,37,2994,80.9
457,47,3390,72.1
458,49,3208,65.5
459,47,2949,62.7
460,44,2742,62.3
461,33,2198,66.6
462,42,2733,65.1
463,38,2753,72.4
464,40,2938,73.4
465,40,2805,70.1
466,40,2848,71.2
467,37,3005,81.2
468,37,2675,72.3
469,48,3406,71.0
470,37,2699,72.9
471,32,2243,70.1
472,36,2735,76.0
473,41,3084,75.2
474,34,2303,67.7
475,47,3463,73.7
476,41,2782,67.9
477,49,3558,72.6
478,44,3353,76.2
479,49,3669,74.9
480,44,3384,76.9
481,40,2821,70.5
482,44,3437,78.1
483,38,2729,71.8
484,41,2914,71.1
485,40,2900,72.5
486,49,3443,70.3
487,47,3230,68.7
488,48,3479,72.5
489,46,3141,68.3
490,46,3365,73.2
491,42,2982,71.0
492,42,2855,68.0
493,42,3139,74.7
494,40,3118,78.0
495,36,3014,83.7
496,42,3263,77.7
497,38,3012,79.3
498,40,3096,77.4
499,38,2920,76.8
500,36,2974,82.6
501,41,2954,72.0
502,44,2839,64.5
503,38,2643,69.6
504,43,2681,62.3
505,43,3050,70.9
506,38,3090,81.3
507,43,3052,71.0
508,49,3424,69.9
509,45,3437,76.4
510,36,2578,71.6
511,39,2955,75.8
512,40,2794,69.8
513,44,3342,76.0
514,34,2600,76.5
515,32,2589,80.9
516,41,2856,69.7
517,35,2680,76.6
518,30,2280,76.0
519,42,3055,72.7
520,37,2927,79.1
521,47,3391,72.1
522,42,2992,71.2
523,43,3306,76.9
524,47,3428,72.9
525,44,3202,72.8
526,50,3354,67.1
527,60,4162,69.4
528,53,3652,68.9
529,48,3368,70.2
530,42,2893,68.9
531,41,2910,71.0
532,37,2911,78.7
533,41,3111,75.9
534,40,2957,73.9
535,45,3173,70.5
536,42,3193,76.0
537,51,3612,70.8
538,44,2772,63.0
539,47,3243,69.0
540,44,3203,72.8
541,51,3405,66.8
542,45,3167,70.4
543,47,3438,73.1
544,35,2574,73.5
545,43,3095,72.0
546,47,3201,68.1
547,42,3148,75.0
548,47,3254,69.2
549,44,3118,70.9
550,47,3472,73.9
551,43,3170,73.7
552,41,2756,67.2
553,40,3118,78.0
554,36,2675,74.3
555,42,2996,71.3
556,41,3086,75.3
557,43,2899,67.4
558,43,3007,69.9
559,41,2844,69.4
560,43,2940,68.4
561,42,3180,75.7
562,42,3265,77.7
563,39,2804,71.9
564,34,2698,79.4
565,41,3589,87.5
566,38,2958,77.8
567,43,3440,80.0
568,42,3412,81.2
569,40,2993,74.8
570,43,3251,75.6
571,46,3332,72.4
572,40,2998,75.0
573,40,3149,78.7
574,38,2826,74.4
575,43,3011,70.0
576,43,3041,70.7
577,42,2869,68.3
578,38,2555,67.2
579,41,2700,65.9
580,38,2628,69.2
581,39,2932,75.2
582,38,2842,74.8
583,38,3327,87.6
584,36,2552,70.9
585,47,3313,70.5
586,47,3722,79.2
587,43,3298,76.7
588,39,2825,72.4
589,36,2962,82.3
590,48,3404,70.9
591,47,3328,70.8
592,41,2718,66.3
593,36,2636,73.2
594,46,3357,73.0
595,46,3321,72.2
596,39,2687,68.9
597,40,2633,65.8
598,46,3271,71.1
599,41,3240,79.0
600,40,2811,70.3
601,40,3048,76.2
602,32,2497,78.0
603,36,2473,68.7
604,45,3190,70.9
605,43,3290,76.5
606,47,3568,75.9
607,45,3358,74.6
608,45,3366,74.8
609,42,2846,67.8
610,43,3120,72.6
611,42,2963,70.5
612,41,2731,66.6
613,35,2388,68.2
614,48,3257,67.9
615,48,3517,73.3
616,42,2758,65.7
617,42,2900,69.0
618,45,3221,71.6
619,48,3498,72.9
620,45,3461,76.9
621,37,2815,76.1
622,45,3012,66.9
623,44,3058,69.5
624,44,2938,66.8
625,40,3027,75.7
626,49,3387,69.1
627,34,2306,67.8
628,46,3134,68.1
629,51,3651,71.6
630,44,3053,69.4
631,44,3237,73.6
632,35,2235,63.9
633,37,2710,73.2
634,34,2427,71.4
635,42,2835,67.5
636,43,3253,75.7
637,40,3067,76.7
638,43,3039,70.7
639,37,2775,75.0
640,35,2934,83.8
641,38,2775,73.0
642,41,3001,73.2
643,42,3419,81.4
644,39,3027,77.6
645,51,3584,70.3
646,42,3159,75.2
647,38,2806,73.8
648,37,2679,72.4
649,41,2750,67.1
650,40,2871,71.8
651,42,2835,67.5
652,42,3065,73.0
653,46,3475,75.5
654,41,3246,79.2
655,39,3073,78.8
656,39,2964,76.0
657,38,2886,75.9
658,40,3289,82.2
659,37,3008,81.3
660,37,2869,77.5
661,43,3411,79.3
662,44,3573,81.2
663,47,3490,74.3
664,47,3207,68.2
665,44,3087,70.2
666,49,3485,71.1
667,44,3032,68.9
668,46,3441,74.8
669,47,3645,77.6
670,40,2904,72.6
671,34,2859,84.1
672,41,2978,72.6
673,37,2675,72.3
674,35,2312,66.1
675,35,2346,67.0
676,43,2905,67.6
677,43,2866,66.7
678,40,3068,76.7
679,33,2292,69.5
680,37,2827,76.4
681,46,2998,65.2
682,44,3279,74.5
683,42,3211,76.5
684,45,3312,73.6
685,36,2405,66.8
686,39,2638,67.6
687,38,2790,73.4
688,39,2768,71.0
689,36,2524,70.1
690,44,3125,71.0
691,36,2392,66.4
692,40,2652,66.3
693,47,2930,62.3
694,43,2981,69.3
695,45,2963,65.8
696,36,2533,70.4
697,39,2990,76.7
698,42,3083,73.4
699,51,3622,71.0
700,36,2800,77.8
701,45,2909,64.6
702,38,2635,69.3
703,43,2890,67.2
704,36,2500,69.4
705,41,2911,71.0
706,39,2908,74.6
707,41,3094,75.5
708,48,3665,76.4
709,44,3417,77.7
710,43,3217,74.8
711,46,3178,69.1
712,43,2945,68.5
713,48,3069,63.9
714,37,2559,69.2
715,46,3102,67.4
716,53,3555,67.1
717,49,3296,67.3
718,47,3168,67.4
719,44,3282,74.6
720,44,3351,76.2
721,43,3021,70.3
722,43,2777,64.6
723,40,2593,64.8
724,43,2992,69.6
725,45,3272,72.7
726,39,2860,73.3
727,42,2987,71.1
728,44,2964,67.4
729,42,2872,68.4
730,41,2615,63.8
731,43,2910,67.7
732,46,2919,63.5
733,48,3289,68.5
734,46,3066,66.7
735,54,3388,62.7
736,44,2802,63.7
737,51,3400,66.7
738,42,2590,61.7
739,50,3098,62.0
740,44,2833,64.4
741,47,2943,62.6
742,42,2878,68.5
743,54,3711,68.7
744,49,3044,62.1
745,46,3444,74.9
746,45,3095,68.8
747,47,3194,68.0
748,47,3160,67.2
749,50,3348,67.0
750,52,3270,62.9
751,45,3159,70.2
752,50,3456,69.1
753,48,3230,67.3
754,46,2979,64.8
755,44,3018,68.6
756,42,2836,67.5
757,47,3511,74.7
758,41,2676,65.3
759,44,3105,70.6
760,44,2897,65.8
761,41,2700,65.9
762,42,2760,65.7
763,40,2644,66.1
764,41,2704,66.0
765,45,3038,67.5
766,53,3434,64.8
767,53,3279,61.9
768,50,3089,61.8
769,43,3219,74.9
770,43,2991,69.6
771,40,2926,73.2
772,36,2520,70.0
773,39,2849,73.1
774,44,3009,68.4
775,43,2910,67.7
776,40,2805,70.1
777,42,3005,71.5
778,43,3489,81.1
779,41,2986,72.8
780,44,3398,77.2
781,42,2966,70.6
782,40,3024,75.6
783,37,2717,73.4
784,42,3123,74.4
785,42,3152,75.0
786,43,3063,71.2
787,46,3122,67.9
788,53,3523,66.5
789,33,2292,69.5
790,35,2770,79.1
791,42,3142,74.8
792,39,2863,73.4
793,39,2973,76.2
794,42,2830,67.4
795,47,3269,69.6
796,44,3083,70.1
797,44,3240,73.6
798,41,2875,70.1
799,41,3081,75.1
800,47,3054,65.0
801,41,3090,75.4
802,36,2505,69.6
803,42,3012,71.7
804,48,2981,62.1
805,43,2994,69.6
806,49,3394,69.3
807,53,3364,63.5
808,41,2807,68.5
809,44,2612,59.4
810,46,2694,58.6
811,44,2936,66.7
812,44,2735,62.2
813,47,3463,73.7
814,45,3162,70.3
815,48,3675,76.6
816,36,2576,71.6
817,49,3585,73.2
818,36,2939,81.6
819,37,2770,74.9
820,36,2559,71.1
821,39,2943,75.5
822,38,2549,67.1
823,47,3321,70.7
824,41,3072,74.9
825,45,3226,71.7
826,38,2727,71.8
827,42,2983,71.0
828,39,2777,71.2
829,45,3266,72.6
830,41,3043,74.2
831,40,3081,77.0
832,43,3188,74.1
833,42,2945,70.1
834,36,2693,74.8
835,40,2639,66.0
836,42,2838,67.6
837,38,2894,76.2
838,43,3260,75.8
839,51,3611,70.8
840,44,2622,59.6
841,46,3288,71.5
842,47,3501,74.5
843,46,3124,67.9
844,40,2988,74.7
845,45,3179,70.6
846,42,3280,78.1
847,43,3115,72.4
848,40,3038,76.0
849,37,2612,70.6
850,38,2921,76.9
851,39,2989,76.6
852,34,2466,72.5
853,34,2656,78.1
854,39,2781,71.3
855,40,3007,75.2
856,39,2734,70.1
857,43,3088,71.8
858,41,2913,71.0
859,34,2578,75.8
860,45,3047,67.7
861,34,2658,78.2
862,47,3697,78.7
863,43,3572,83.1
864,40,3134,78.4
865,38,3036,79.9
866,44,3497,79.5
867,47,3571,76.0
868,50,3729,74.6
869,47,3377,71.9
870,46,3238,70.4
871,35,2566,73.3
872,37,2773,74.9
873,47,3143,66.9
874,46,3245,70.5
875,48,3784,78.8
876,31,2498,80.6
877,40,3079,77.0
878,41,3076,75.0
879,46,3900,84.8
880,44,3432,78.0
881,48,3836,79.9
882,48,3860,80.4
883,38,2979,78.4
884,42,3519,83.8
885,36,2763,76.8
886,41,2977,72.6
887,39,2835,72.7
888,39,3170,81.3
889,39,3425,87.8
890,37,3094,83.6
891,42,3630,86.4
892,37,2831,76.5
893,43,3076,71.5
894,48,3509,73.1
895,44,2940,66.8
896,44,3276,74.5
897,53,3481,65.7
898,48,3307,68.9
899,51,3412,66.9
900,42,3098,73.8
901,46,3736,81.2
902,50,3317,66.3
903,48,3726,77.6
904,46,3271,71.1
905,45,3155,70.1
906,48,3732,77.8
907,49,3441,70.2
908,50,3598,72.0
909,46,3329,72.4
910,45,3477,77.3
911,41,3103,75.7
912,40,3007,75.2
913,44,3202,72.8
914,39,3108,79.7
915,42,2958,70.4
916,40,3123,78.1
917,42,3063,72.9
918,42,3017,71.8
919,47,3345,71.2
920,42,3240,77.1
921,45,3380,75.1
922,52,3722,71.6
923,41,3121,76.1
924,44,3350,76.1
925,40,2868,71.7
926,45,3348,74.4
927,39,3243,83.2
928,39,2921,74.9
929,45,3263,72.5
930,48,3673,76.5
931,47,3481,74.1
932,49,3700,75.5
933,48,3391,70.6
934,48,3584,74.7
935,40,3204,80.1
936,39,3333,85.5
937,41,3306,80.6
938,35,3057,87.3
939,47,3261,69.4
940,47,3184,67.7
941,37,2762,74.6
942,40,2970,74.2
943,38,2927,77.0
944,40,3218,80.4
945,46,3358,73.0
946,39,2795,71.7
947,44,3296,74.9
948,42,3426,81.6
949,45,3237,71.9
950,37,3225,87.2
951,41,2903,70.8
952,34,2796,82.2
953,41,2594,63.3
954,44,3232,73.5
955,37,2873,77.6
956,34,2591,76.2
957,37,2898,78.3
958,39,2710,69.5
959,36,2626,72.9
960,40,3123,78.1
961,37,3245,87.7
962,41,2937,71.6
963,34,2614,76.9
964,38,2629,69.2
965,38,2851,75.0
966,41,2948,71.9
967,42,3055,72.7
968,42,3279,78.1
969,35,2565,73.3
970,43,3647,84.8
971,50,3894,77.9
972,45,3466,77.0
973,39,2713,69.6
974,40,2976,74.4
975,36,3094,85.9
976,46,3490,75.9
977,46,3547,77.1
978,40,2960,74.0
979,34,2758,81.1
980,44,3331,75.7
981,47,3745,79.7
982,41,3275,79.9
983,42,3271,77.9
984,40,3270,81.8
985,38,3144,82.7
986,45,3526,78.4
987,32,2965,92.7
988,39,3273,83.9
989,41,3148,76.8
990,41,3259,79.5
991,46,3127,68.0
992,48,3509,73.1
993,42,3384,80.6
994,45,3579,79.5
995,43,3481,81.0
996,47,3715,79.0
997,43,3239,75.3
998,42,3196,76.1
999,44,3426,77.9
1000,41,3284,80.1
1001,43,3235,75.2
1002,45,3569,79.3
1003,46,3465,75.3
1004,41,3038,74.1
1005,44,3286,74.7
1006,50,3698,74.0
1007,45,3331,74.0
1008,46,3436,74.7
1009,50,3662,73.2
1010,44,3146,71.5
1011,45,3570,79.3
1012,42,3361,80.0
1013,39,3080,79.0
1014,35,2968,84.8
1015,37,2599,70.2
1016,40,3244,81.1
1017,40,2993,74.8
1018,37,3032,81.9
1019,36,2846,79.1
1020,40,2987,74.7
1021,42,3093,73.6
1022,40,3071,76.8
1023,44,3429,77.9
1024,49,3702,75.6
1025,42,3384,80.6
1026,47,3562,75.8
1027,54,3811,70.6
1028,47,3962,84.3
1029,51,3854,75.6
1030,51,3641,71.4
1031,52,3739,71.9
1032,48,3597,74.9
1033,47,3601,76.6
1034,61,4428,72.6
1035,45,3660,81.3
1036,44,3487,79.2
1037,45,3491,77.6
1038,48,3393,70.7
1039,46,3259,70.8
1040,49,3899,79.6
1041,46,3597,78.2
1042,36,3126,86.8
1043,46,3597,78.2
1044,44,3696,84.0
1045,44,3492,79.4
1046,42,3475,82.7
1047,46,3690,80.2
1048,47,3605,76.7
1049,46,3402,74.0
1050,46,3676,79.9
1051,43,3275,76.2
1052,46,3550,77.2
1053,41,3398,82.9
1054,46,3369,73.2
1055,48,3681,76.7
1056,39,3079,78.9
1057,36,2726,75.7
1058,44,3235,73.5
1059,39,2994,76.8
1060,34,2549,75.0
1061,40,3067,76.7
1062,40,3678,92.0
1063,39,3292,84.4
1064,44,3263,74.2
1065,40,3279,82.0
1066,45,3568,79.3
1067,42,3220,76.7
1068,43,3280,76.3
1069,49,3566,72.8
1070,39,3163,81.1
1071,40,3132,78.3
1072,45,3280,72.9
1073,43,3464,80.6
1074,45,3334,74.1
1075,40,2649,66.2
1076,39,3029,77.7
1077,50,3743,74.9
1078,45,3392,75.4
1079,40,3440,86.0
1080,42,3561,84.8
1081,36,3433,95.4
1082,43,3639,84.6
1083,48,3921,81.7
1084,47,4223,89.9
1085,48,4038,84.1
1086,44,3714,84.4
1087,41,3668,89.5
1088,38,3013,79.3
1089,41,3595,87.7
1090,40,3284,82.1
1091,44,3745,85.1
1092,39,3449,88.4
1093,42,3868,92.1
1094,44,3418,77.7
1095,40,3369,84.2
1096,46,3519,76.5
1097,45,3282,72.9
1098,39,3432,88.0
1099,45,3477,77.3
1100,39,3103,79.6
1101,46,3925,85.3
1102,42,3454,82.2
1103,38,3202,84.3
1104,45,3509,78.0
1105,49,3716,75.8
1106,44,3878,88.1
1107,41,3390,82.7
1108,38,2674,70.4
1109,43,3038,70.7
1110,47,3865,82.2
1111,41,2969,72.4
1112,39,2948,75.6
1113,42,3735,88.9
1114,29,2496,86.1
1115,39,3344,85.7
1116,49,3840,78.4
1117,46,3606,78.4
1118,43,3290,76.5
1119,40,3013,75.3
1120,41,3084,75.2
1121,37,3031,81.9
1122,43,3810,88.6
1123,40,3386,84.6
1124,40,3325,83.1
1125,39,3170,81.3
1126,40,3051,76.3
1127,40,3199,80.0
1128,33,2647,80.2
1129,39,2935,75.3
1130,37,2663,72.0
1131,39,2786,71.4
1132,41,3170,77.3
1133,39,2832,72.6
1134,40,2703,67.6
1135,37,3041,82.2
1136,41,3034,74.0
1137,46,3669,79.8
1138,47,3728,79.3
1139,41,3228,78.7
1140,48,3979,82.9
1141,53,3975,75.0
1142,46,3551,77.2
1143,44,3591,81.6
1144,37,2940,79.5
1145,40,3144,78.6
1146,40,3661,91.5
1147,41,3342,81.5
1148,39,3171,81.3
1149,42,3480,82.9
1150,40,3537,88.4
1151,35,2952,84.3
1152,41,3300,80.5
1153,39,2969,76.1
1154,41,3266,79.7
1155,48,3857,80.4
1156,45,3255,72.3
1157,46,3527,76.7
1158,47,3624,77.1
1159,46,3147,68.4
1160,41,2913,71.0
1161,49,4232,86.4
1162,46,3868,84.1
1163,40,3066,76.6
1164,43,3428,79.7
1165,54,4030,74.6
1166,36,3173,88.1
1167,45,3465,77.0
1168,47,3545,75.4
1169,38,3479,91.6
1170,37,3383,91.4
1171,36,3063,85.1
1172,37,2946,79.6
1173,34,2723,80.1
1174,39,3283,84.2
1175,43,3594,83.6
1176,44,3547,80.6
1177,43,3210,74.7
1178,41,3233,78.9
1179,36,2900,80.6
1180,40,2917,72.9
1181,40,3351,83.8
1182,36,2843,79.0
1183,38,2849,75.0
1184,39,3141,80.5
1185,39,3474,89.1
1186,34,2966,87.2
1187,38,3213,84.6
1188,42,3160,75.2
1189,49,3681,75.1
1190,43,3382,78.7
1191,42,3283,78.2
1192,41,3629,88.5
1193,47,4132,87.9
1194,40,3134,78.4
1195,44,3578,81.3
1196,51,3884,76.2
1197,47,3334,70.9
1198,47,3701,78.7
1199,44,3726,84.7
1200,46,3356,73.0
1201,40,3594,89.8
1202,42,3404,81.0
1203,38,3301,86.9
1204,40,3151,78.8
1205,43,3721,86.5
1206,37,3310,89.5
1207,43,3418,79.5
1208,39,3290,84.4
1209,40,3178,79.4
1210,38,3192,84.0
1211,36,3043,84.5
1212,37,3232,87.4
1213,41,3431,83.7
1214,44,3244,73.7
1215,46,3412,74.2
1216,44,3398,77.2
1217,44,3168,72.0
1218,37,2958,79.9
1219,35,3213,91.8
1220,34,3047,89.6
1221,40,2985,74.6
1222,37,2824,76.3
1223,40,3247,81.2
1224,36,2927,81.3
1225,46,3004,65.3
1226,38,2832,74.5
1227,36,2784,77.3
1228,39,2751,70.5
1229,44,3310,75.2
1230,42,3076,73.2
1231,42,3403,81.0
1232,44,3185,72.4
1233,45,3184,70.8
1234,39,2970,76.2
1235,33,2364,71.6
1236,34,2813,82.7
1237,39,3041,78.0
1238,40,3284,82.1
1239,40,3292,82.3
1240,40,2825,70.6
1241,46,3647,79.3
1242,38,2926,77.0
1243,40,2861,71.5
1244,49,3709,75.7
1245,40,3111,77.8
1246,31,2764,89.2
1247,39,3059,78.4
1248,38,2905,76.4
1249,40,3329,83.2
1250,36,2888,80.2
1251,37,2879,77.8
1252,38,3128,82.3
1253,33,2377,72.0
1254,42,3171,75.5
1255,36,2547,70.8
1256,32,2390,74.7
1257,27,2256,83.6
1258,44,3200,72.7
1259,37,2691,72.7
1260,34,2558,75.2
1261,29,2177,75.1
1262,37,2795,75.5
1263,35,2868,81.9
1264,34,2974,87.5
1265,33,2643,80.1
1266,36,2826,78.5
1267,33,2869,86.9
1268,34,2799,82.3
1269,33,2760,83.6
1270,36,2797,77.7
1271,35,2896,82.7
1272,37,2621,70.8
1273,26,2038,78.4
1274,41,3107,75.8
1275,37,2781,75.2
1276,40,2899,72.5
1277,46,3037,66.0
1278,38,2531,66.6
1279,45,3413,75.8
1280,42,3087,73.5
1281,45,2919,64.9
1282,47,3398,72.3
1283,41,3003,73.2
1284,43,3375,78.5
1285,36,2830,78.6
1286,35,2811,80.3
1287,38,3008,79.2
1288,40,3174,79.4
1289,33,2759,83.6
1290,37,3156,85.3
1291,39,3420,87.7
1292,43,3303,76.8
1293,35,2846,81.3
1294,34,2664,78.4
1295,35,2774,79.3
1296,32,2246,70.2
1297,36,2676,74.3
1298,35,2873,82.1
1299,41,3090,75.4
1300,34,2679,78.8
1301,33,2850,86.4
1302,35,2685,76.7
1303,36,2678,74.4
1304,37,2898,78.3
1305,32,2716,84.9
1306,39,2745,70.4
1307,27,2288,84.7
1308,32,2678,83.7
1309,34,2570,75.6
1310,39,3132,80.3
1311,39,2900,74.4
1312,43,3121,72.6
1313,43,3021,70.3
1314,42,3135,74.6
1315,38,2537,66.8
1316,35,2313,66.1
1317,34,2625,77.2
1318,40,2609,65.2
1319,37,2951,79.8
1320,36,2430,67.5
1321,36,2681,74.5
1322,37,2336,63.1
1323,36,2337,64.9
1324,42,3062,72.9
1325,41,3098,75.6
1326,43,3124,72.7
1327,36,2762,76.7
1328,37,2975,80.4
1329,38,2988,78.6
1330,31,2526,81.5
1331,42,3123,74.4
1332,44,3346,76.0
1333,35,2706,77.3
1334,41,3250,79.3
1335,45,3347,74.4
1336,42,3209,76.4
1337,49,3617,73.8
1338,41,3063,74.7
1339,43,2823,65.7
1340,44,2871,65.2
1341,37,2641,71.4
1342,47,3472,73.9
1343,38,2932,77.2
1344,44,3795,86.2
1345,38,2956,77.8
1346,30,2467,82.2
1347,39,3337,85.6
1348,42,3606,85.9
1349,38,3274,86.2
1350,28,2594,92.6
1351,42,3268,77.8
1352,38,3110,81.8
1353,45,3477,77.3
1354,43,3349,77.9
1355,35,2523,72.1
1356,43,3101,72.1
1357,44,3333,75.8
1358,39,2951,75.7
1359,33,2549,77.2
1360,40,3272,81.8
1361,51,3618,70.9
1362,42,3199,76.2
1363,40,3449,86.2
1364,40,3134,78.4
1365,43,3637,84.6
1366,37,3015,81.5
1367,42,3446,82.0
1368,43,3309,77.0
1369,44,3353,76.2
1370,49,3573,72.9
1371,41,3202,78.1
1372,47,3399,72.3
1373,40,2868,71.7
1374,40,3215,80.4
1375,41,3322,81.0
1376,46,3600,78.3
1377,47,3450,73.4
1378,46,3396,73.8
1379,44,3646,82.9
1380,37,2784,75.2
1381,43,3441,80.0
1382,35,2725,77.9
1383,38,2994,78.8
1384,36,2908,80.8
1385,35,2763,78.9
1386,39,3090,79.2
1387,40,3347,83.7
1388,43,3649,84.9
1389,33,2466,74.7
1390,41,3309,80.7
1391,41,3042,74.2
1392,43,3305,76.9
1393,45,3276,72.8
1394,40,3526,88.2
1395,38,3060,80.5
1396,39,3327,85.3
1397,37,3117,84.2
1398,35,3079,88.0
1399,40,3372,84.3
1400,36,3058,84.9
1401,49,3827,78.1
1402,37,3116,84.2
1403,35,2911,83.2
1404,32,2753,86.0
1405,29,2366,81.6
1406,43,3430,79.8
1407,37,2990,80.8
1408,40,3593,89.8
1409,38,3160,83.2
1410,45,3714,82.5
1411,41,2909,71.0
1412,44,3415,77.6
1413,34,2696,79.3
1414,36,2996,83.2
1415,34,2801,82.4
1416,35,2660,76.0
1417,38,3213,84.6
1418,37,2845,76.9
1419,38,2907,76.5
1420,39,3058,78.4
1421,35,3010,86.0
1422,36,2655,73.8
1423,40,3373,84.3
1424,46,4000,87.0
1425,37,3062,82.8
1426,37,3207,86.7
1427,42,3247,77.3
1428,34,3166,93.1
1429,41,3161,77.1
1430,28,2379,85.0
1431,33,2603,78.9
1432,45,3500,77.8
1433,38,2829,74.4
1434,45,3688,82.0
1435,49,3744,76.4
1436,37,3074,83.1
1437,51,3588,70.4
1438,44,3417,77.7
1439,37,3538,95.6
1440,38,3251,85.6
1441,44,3661,83.2
1442,45,3451,76.7
1443,45,3145,69.9
1444,38,2917,76.8
1445,35,3223,92.1
1446,40,3548,88.7
1447,38,3046,80.2
1448,40,3008,75.2
1449,45,3931,87.4
1450,44,3127,71.1
1451,44,3610,82.0
1452,49,3510,71.6
1453,41,2866,69.9
1454,45,3850,85.6
1455,38,3101,81.6
1456,46,3230,70.2
1457,39,3017,77.4
1458,44,3249,73.8
1459,45,3106,69.0
1460,40,2473,61.8
1461,47,3450,73.4
1462,41,2919,71.2
1463,37,2810,75.9
1464,44,3289,74.8
1465,40,2970,74.2
1466,47,3360,71.5
1467,47,3424,72.9
1468,48,3374,70.3
1469,51,3739,73.3
1470,48,3551,74.0
1471,43,3370,78.4
1472,43,3329,77.4
1473,52,3666,70.5
1474,42,2992,71.2
1475,46,3434,74.7
1476,50,3558,71.2
1477,43,3368,78.3
1478,42,3054,72.7
1479,46,3312,72.0
1480,47,3238,68.9
1481,45,3449,76.6
1482,45,3122,69.4
1483,42,3600,85.7
1484,42,3607,85.9
1485,44,3112,70.7
1486,49,3418,69.8
1487,43,3287,76.4
1488,44,3203,72.8
1489,54,3598,66.6
1490,51,4158,81.5
1491,42,3116,74.2
1492,43,3634,84.5
1493,44,3222,73.2
1494,37,2810,75.9
1495,38,3031,79.8
1496,38,2857,75.2
1497,47,3621,77.0
1498,37,2966,80.2
1499,38,3157,83.1
1500,32,2989,93.4
1501,46,3682,80.0
1502,35,2966,84.7
1503,36,2904,80.7
1504,39,3199,82.0
1505,44,3201,72.8
1506,51,3838,75.3
1507,40,3510,87.8
1508,35,3119,89.1
1509,38,3182,83.7
1510,46,3329,72.4
1511,39,2938,75.3
1512,39,3104,79.6
1513,38,2820,74.2
1514,43,3295,76.6
1515,46,3434,74.7
1516,44,3492,79.4
1517,43,3600,83.7
1518,45,3351,74.5
1519,37,2957,79.9
1520,44,3257,74.0
1521,39,3231,82.8
1522,37,3126,84.5
1523,44,3348,76.1
1524,40,3016,75.4
1525,41,3254,79.4
1526,44,3569,81.1
1527,33,3186,96.5
1528,36,2865,79.6
1529,44,3321,75.5
1530,38,2763,72.7
1531,31,2682,86.5
1532,39,3533,90.6
1533,34,2831,83.3
1534,31,2921,94.2
1535,36,3123,86.8
1536,40,3428,85.7
1537,32,2964,92.6
1538,49,3413,69.7
1539,45,3613,80.3
1540,40,2825,70.6
1541,40,2819,70.5
1542,42,3161,75.3
1543,39,3153,80.8
1544,44,3422,77.8
1545,41,3408,83.1
1546,38,3212,84.5
1547,44,3342,76.0
1548,41,2847,69.4
1549,38,3149,82.9
1550,37,3061,82.7
1551,39,2957,75.8
1552,41,3322,81.0
1553,34,2882,84.8
1554,38,3023,79.6
1555,33,2589,78.5
1556,39,2933,75.2
1557,34,2561,75.3
1558,30,2628,87.6
1559,39,2867,73.5
1560,35,2454,70.1
1561,35,2729,78.0
1562,34,2899,85.3
1563,43,3076,71.5
1564,40,3103,77.6
1565,44,3555,80.8
1566,43,3188,74.1
1567,40,3394,84.8
1568,37,2730,73.8
1569,39,2856,73.2
1570,40,3063,76.6
1571,43,2987,69.5
1572,43,3129,72.8
1573,42,3316,79.0
1574,41,3180,77.6
1575,39,3085,79.1
1576,34,2896,85.2
1577,40,3103,77.6
1578,45,3454,76.8
1579,38,2844,74.8
1580,35,2559,73.1
1581,34,2665,78.4
1582,40,3090,77.2
1583,46,3226,70.1
1584,39,2824,72.4
1585,42,2974,70.8
1586,40,2965,74.1
1587,43,2820,65.6
1588,39,2765,70.9
1589,45,3141,69.8
1590,40,3061,76.5
1591,43,2905,67.6
1592,40,2832,70.8
1593,43,2983,69.4
1594,39,3191,81.8
1595,36,2493,69.2
1596,44,3463,78.7
1597,40,3306,82.6
1598,44,3265,74.2
1599,42,2749,65.5
1600,48,3632,75.7
1601,38,2706,71.2
1602,37,2673,72.2
1603,41,3009,73.4
1604,50,3305,66.1
1605,39,2945,75.5
1606,41,3108,75.8
1607,39,2901,74.4
1608,40,3197,79.9
1609,39,3094,79.3
1610,36,2844,79.0
1611,38,3051,80.3
1612,31,2354,75.9
1613,35,2937,83.9
1614,46,3326,72.3
1615,44,3265,74.2
1616,32,2589,80.9
1617,43,3458,80.4
1618,36,3077,85.5
1619,39,2887,74.0
1620,33,2511,76.1
1621,33,2629,79.7
1622,40,3176,79.4
1623,39,3360,86.2
1624,34,2976,87.5
1625,43,3326,77.3
1626,41,3279,80.0
1627,36,2860,79.4
1628,34,2713,79.8
1629,43,3318,77.2
1630,39,3278,84.1
1631,38,2846,74.9
1632,39,2952,75.7
1633,36,3211,89.2
1634,43,3514,81.7
1635,38,3132,82.4
1636,33,2891,87.6
1637,30,2291,76.4
1638,32,2623,82.0
1639,35,3411,97.5
1640,30,2482,82.7
1641,28,2646,94.5
1642,33,2895,87.7
1643,41,3252,79.3
1644,36,3024,84.0
1645,46,3246,70.6
1646,42,3118,74.2
1647,42,2652,63.1
1648,44,3239,73.6
1649,40,3187,79.7
1650,36,2910,80.8
1651,45,3302,73.4
1652,41,2872,70.0
1653,46,2928,63.7
1654,42,3104,73.9
1655,40,3015,75.4
1656,43,3365,78.3
1657,38,2994,78.8
1658,40,3278,82.0
1659,45,3239,72.0
1660,43,3147,73.2
1661,51,3836,75.2
1662,46,3307,71.9
1663,47,3431,73.0
1664,55,3712,67.5
1665,41,3060,74.6
1666,52,3633,69.9
1667,46,3034,66.0
1668,50,3283,65.7
1669,48,3295,68.6
1670,48,3305,68.9
1671,42,3059,72.8
1672,40,2818,70.4
1673,44,3365,76.5
1674,42,3005,71.5
1675,50,3590,71.8
1676,49,3512,71.7
1677,44,3144,71.5
1678,45,3144,69.9
1679,41,3172,77.4
1680,46,3190,69.3
1681,44,3070,69.8
1682,48,3115,64.9
1683,45,3091,68.7
1684,42,3085,73.5
1685,42,2965,70.6
1686,39,2957,75.8
1687,38,2677,70.4
1688,42,3137,74.7
1689,39,2768,71.0
1690,42,2854,68.0
1691,47,3565,75.9
1692,38,3049,80.2
1693,38,2797,73.6
1694,33,2714,82.2
1695,36,2816,78.2
1696,41,3294,80.3
1697,37,2888,78.1
1698,39,3087,79.2
1699,45,3201,71.1
1700,42,3368,80.2
1701,38,3096,81.5
1702,41,3483,85.0
1703,44,3346,76.0
1704,42,3245,77.3
1705,40,3121,78.0
1706,34,2699,79.4
1707,39,3647,93.5
1708,42,3465,82.5
1709,40,3350,83.8
1710,42,3459,82.4
1711,41,3625,88.4
1712,34,2931,86.2
1713,38,3163,83.2
1714,40,3043,76.1
1715,40,2923,73.1
1716,43,3479,80.9
1717,42,3743,89.1
1718,40,2989,74.7
1719,34,2963,87.1
1720,33,2926,88.7
1721,43,3717,86.4
1722,39,3358,86.1
1723,31,2756,88.9
1724,32,2900,90.6
1725,36,3360,93.3
1726,44,3697,84.0
1727,42,3448,82.1
1728,35,3312,94.6
1729,42,3650,86.9
1730,35,3418,97.7
1731,39,3460,88.7
1732,34,3097,91.1
1733,37,3217,86.9
1734,35,2972,84.9
1735,37,3564,96.3
1736,35,3131,89.5
1737,35,2848,81.4
1738,39,3732,95.7
1739,43,3370,78.4
1740,42,3172,75.5
1741,35,2859,81.7
1742,32,2652,82.9
1743,38,2818,74.2
1744,34,3073,90.4
1745,38,3019,79.4
1746,41,2840,69.3
1747,35,3007,85.9
1748,39,3266,83.7
1749,39,2901,74.4
1750,36,2893,80.4
1751,32,2681,83.8
1752,33,2722,82.5
1753,30,2492,83.1
1754,38,3177,83.6
1755,40,3130,78.2
1756,34,2812,82.7
1757,30,2518,83.9
1758,30,2514,83.8
1759,35,2934,83.8
1760,37,3312,89.5
1761,45,3428,76.2
1762,51,3884,76.2
1763,41,2924,71.3
1764,39,3110,79.7
1765,42,3139,74.7
1766,41,3241,79.0
1767,45,3405,75.7
1768,40,3024,75.6
1769,43,3343,77.7
1770,45,3259,72.4
1771,34,2873,84.5
1772,43,3060,71.2
1773,38,2743,72.2
1774,36,2853,79.2
1775,39,3212,82.4
1776,42,3234,77.0
1777,35,2527,72.2
1778,43,3473,80.8
1779,37,2575,69.6
1780,42,2967,70.6
1781,44,3280,74.5
1782,36,2847,79.1
1783,44,3323,75.5
1784,42,3123,74.4
1785,39,2663,68.3
1786,40,2971,74.3
1787,38,2976,78.3
1788,38,3363,88.5
1789,35,2860,81.7
1790,42,2934,69.9
1791,38,2581,67.9
1792,38,2554,67.2
1793,38,2773,73.0
1794,39,3010,77.2
1795,29,2344,80.8
1796,37,2759,74.6
1797,33,2714,82.2
1798,42,3354,79.9
1799,34,2919,85.9
1800,38,3034,79.8
1801,36,2932,81.4
1802,37,2680,72.4
1803,36,2710,75.3
1804,37,2764,74.7
1805,34,3007,88.4
1806,34,2446,71.9
1807,41,2974,72.5
1808,32,2226,69.6
1809,42,3283,78.2
1810,36,2974,82.6
1811,39,3523,90.3
1812,41,3371,82.2
1813,46,3669,79.8
1814,36,2948,81.9
1815,34,2907,85.5
1816,33,3189,96.6
1817,34,2813,82.7
1818,40,2876,71.9
1819,41,2698,65.8
1820,37,3335,90.1
1821,32,2395,74.8
1822,37,2998,81.0
1823,26,2022,77.8
1824,35,2901,82.9
1825,38,3353,88.2
1826,36,2922,81.2
1827,40,2828,70.7
1828,37,2911,78.7
1829,37,3299,89.2
1830,36,3003,83.4
1831,38,3125,82.2
1832,48,3232,67.3
1833,37,3036,82.1
1834,34,2555,75.1
1835,33,2651,80.3
1836,35,2788,79.7
1837,42,2937,69.9
1838,43,3625,84.3
1839,42,3214,76.5
1840,38,2800,73.7
1841,36,2699,75.0
1842,43,3356,78.0
1843,34,2615,76.9
1844,37,2639,71.3
1845,41,3264,79.6
1846,38,3068,80.7
1847,35,2924,83.5
1848,41,3298,80.4
1849,32,2755,86.1
1850,43,3474,80.8
1851,43,2985,69.4
1852,36,2889,80.2
1853,41,3571,87.1
1854,37,3105,83.9
1855,42,3183,75.8
1856,42,2988,71.1
1857,44,3169,72.0
1858,35,2320,66.3
1859,31,2368,76.4
1860,34,2704,79.5
1861,34,2877,84.6
1862,40,3107,77.7
1863,36,2962,82.3
1864,39,3211,82.3
1865,45,3645,81.0
1866,45,3535,78.6
1867,42,3196,76.1
1868,46,3211,69.8
1869,44,2795,63.5
1870,37,2584,69.8
1871,41,3064,74.7
1872,42,3198,76.1
1873,37,2782,75.2
1874,35,2391,68.3
1875,37,2834,76.6
1876,38,2706,71.2
1877,42,2906,69.2
1878,46,3301,71.8
1879,44,2997,68.1
1880,44,2965,67.4
1881,39,3148,80.7
1882,36,2729,75.8
1883,34,2247,66.1
1884,41,3045,74.3
1885,37,2485,67.2
1886,43,2701,62.8
1887,43,2746,63.9
1888,45,2921,64.9
1889,50,3558,71.2
1890,39,2608,66.9
1891,52,3636,69.9
1892,45,3508,78.0
1893,49,3474,70.9
1894,45,3123,69.4
1895,43,3353,78.0
1896,39,2965,76.0
1897,48,3443,71.7
1898,43,3193,74.3
1899,40,2952,73.8
1900,37,2995,80.9
1901,37,3032,81.9
1902,36,2455,68.2
1903,31,2163,69.8
1904,35,2378,67.9
1905,39,2600,66.7
1906,41,3242,79.1
1907,39,2815,72.2
1908,47,3699,78.7
1909,43,3256,75.7
1910,35,2882,82.3
1911,40,2906,72.6
1912,43,3043,70.8
1913,34,2409,70.9
1914,45,3253,72.3
1915,39,3171,81.3
1916,35,2962,84.6
1917,30,2415,80.5
1918,33,2429,73.6
1919,41,2817,68.7
1920,40,2865,71.6
1921,41,3128,76.3
1922,34,2477,72.9
1923,50,3524,70.5
1924,43,2831,65.8
1925,43,3363,78.2
1926,47,3796,80.8
1927,47,3453,73.5
1928,37,2819,76.2
1929,43,2853,66.3
1930,45,3249,72.2
1931,45,2897,64.4
1932,47,3591,76.4
1933,47,3510,74.7
1934,50,3697,73.9
1935,44,2969,67.5
1936,49,3234,66.0
1937,47,3299,70.2
1938,40,2992,74.8
1939,43,3095,72.0
1940,48,3812,79.4
1941,50,3418,68.4
1942,42,3417,81.4
1943,42,2907,69.2
1944,42,3074,73.2
1945,44,3440,78.2
1946,48,3359,70.0
1947,40,3339,83.5
1948,43,2858,66.5
1949,39,3349,85.9
1950,35,3097,88.5
1951,39,3172,81.3
1952,41,3198,78.0
1953,38,2926,77.0
1954,43,3250,75.6
1955,44,3403,77.3
1956,45,3474,77.2
1957,41,3061,74.7
1958,51,3596,70.5
1959,44,3273,74.4
1960,42,3174,75.6
1961,41,3022,73.7
1962,43,3058,71.1
1963,41,3205,78.2
1964,38,3046,80.2
1965,46,3314,72.0
1966,47,3264,69.4
1967,43,3462,80.5
1968,44,3434,78.0
1969,47,3363,71.6
1970,38,2817,74.1
1971,31,2617,84.4
1972,30,2133,71.1
1973,38,2930,77.1
1974,40,3049,76.2
1975,40,2795,69.9
1976,36,2671,74.2
1977,39,2400,61.5
1978,40,2917,72.9
1979,49,3069,62.6
1980,51,3424,67.1
1981,45,2692,59.8
1982,46,2999,65.2
1983,46,3043,66.2
1984,42,2621,62.4
1985,41,2928,71.4
1986,44,3362,76.4
1987,44,3335,75.8
1988,49,3617,73.8
1989,48,3176,66.2
1990,49,3441,70.2
1991,45,3507,77.9
1992,37,2674,72.3
1993,43,3176,73.9
1994,41,2787,68.0
1995,44,2992,68.0
1996,37,2787,75.3
1997,43,2703,62.9
1998,39,3047,78.1
1999,48,3510,73.1
2000,41,3297,80.4
2001,41,2714,66.2
2002,39,2714,69.6
2003,43,2963,68.9
2004,44,3080,70.0
2005,36,2503,69.5
2006,45,3426,76.1
2007,48,3428,71.4
2008,45,3342,74.3
2009,45,3379,75.1
2010,43,2997,69.7
2011,53,3781,71.3
2012,42,3199,76.2
2013,45,3700,82.2
2014,47,3389,72.1
2015,40,3215,80.4
2016,37,2881,77.9
2017,33,2750,83.3
2018,41,2935,71.6
2019,39,3112,79.8
2020,46,3545,77.1
2021,44,3393,77.1
2022,44,3357,76.3
2023,39,2799,71.8
2024,36,2815,78.2
2025,40,2878,72.0
2026,33,2389,72.4
2027,37,2966,80.2
2028,38,2985,78.6
2029,42,3261,77.6
2030,37,3188,86.2
2031,37,2660,71.9
2032,34,2495,73.4
2033,40,3338,83.4
2034,40,3068,76.7
2035,43,3068,71.3
2036,38,2863,75.3
2037,42,3305,78.7
2038,41,3077,75.0
2039,46,3418,74.3
2040,39,3060,78.5
2041,36,2869,79.7
2042,38,3059,80.5
2043,34,2598,76.4
2044,36,3095,86.0
2045,35,2666,76.2
2046,32,2800,87.5
2047,37,2839,76.7
2048,41,3132,76.4
2049,37,2729,73.8
2050,36,2732,75.9
2051,40,2736,68.4
2052,34,2389,70.3
2053,42,2780,66.2
2054,41,2755,67.2
2055,38,2585,68.0
2056,45,3184,70.8
2057,38,2859,75.2
2058,34,2389,70.3
2059,48,3559,74.1
2060,44,3353,76.2
2061,41,2851,69.5
2062,43,3304,76.8
2063,44,3611,82.1
2064,46,3751,81.5
2065,35,2872,82.1
2066,40,3248,81.2
2067,50,3818,76.4
2068,40,3014,75.4
2069,36,3033,84.2
2070,45,3571,79.4
2071,42,3470,82.6
2072,42,3649,86.9
2073,47,4019,85.5
2074,42,3514,83.7
2075,46,3516,76.4
2076,41,2856,69.7
2077,39,2931,75.2
2078,41,3387,82.6
2079,39,3123,80.1
2080,35,3110,88.9
2081,35,2741,78.3
2082,40,3320,83.0
2083,39,3205,82.2
2084,44,3288,74.7
2085,40,2787,69.7
2086,44,3342,76.0
2087,48,3695,77.0
2088,44,3354,76.2
2089,33,2883,87.4
2090,37,2979,80.5
2091,32,2904,90.8
2092,40,3078,77.0
2093,42,3042,72.4
2094,42,3408,81.1
2095,39,3222,82.6
2096,43,3496,81.3
2097,42,3325,79.2
2098,43,3685,85.7
2099,43,3487,81.1
2100,39,2998,76.9
2101,40,3168,79.2
2102,44,3336,75.8
2103,35,2730,78.0
2104,41,3178,77.5
2105,46,3513,76.4
2106,40,3228,80.7
2107,39,2832,72.6
2108,33,2324,70.4
2109,35,2555,73.0
2110,43,3358,78.1
2111,39,2995,76.8
2112,36,2649,73.6
2113,40,3381,84.5
2114,47,4053,86.2
2115,38,3409,89.7
2116,40,3158,79.0
2117,39,3730,95.6
2118,35,2742,78.3
2119,41,3594,87.7
2120,37,2931,79.2
2121,35,2837,81.1
2122,37,2578,69.7
2123,40,3236,80.9
2124,38,3789,99.7
2125,36,2967,82.4
2126,45,3565,79.2
2127,37,3241,87.6
2128,38,3159,83.1
2129,34,3046,89.6
2130,37,3255,88.0
2131,45,3627,80.6
2132,27,2053,76.0
2133,38,2690,70.8
2134,40,2601,65.0
2135,46,3377,73.4
2136,45,3221,71.6
2137,37,2592,70.1
2138,43,3307,76.9
2139,40,3081,77.0
2140,40,3050,76.2
2141,41,3432,83.7
2142,43,3383,78.7
2143,42,3249,77.4
2144,46,3346,72.7
2145,41,3125,76.2
2146,37,3156,85.3
2147,47,3486,74.2
2148,40,3234,80.8
2149,38,3174,83.5
2150,40,3392,84.8
2151,41,3084,75.2
2152,50,4123,82.5
2153,41,3646,88.9
2154,39,3137,80.4
2155,37,2797,75.6
2156,36,2925,81.2
2157,43,3369,78.3
2158,38,2657,69.9
2159,46,3498,76.0
2160,38,3051,80.3
2161,49,3677,75.0
2162,38,3030,79.7
2163,42,3150,75.0
2164,40,3342,83.6
2165,42,3478,82.8
2166,43,3380,78.6
2167,36,3058,84.9
2168,39,3225,82.7
2169,45,3410,75.8
2170,44,3922,89.1
2171,41,3262,79.6
2172,48,3541,73.8
2173,42,3496,83.2
2174,38,3095,81.4
2175,36,3098,86.1
2176,37,3559,96.2
2177,40,3307,82.7
2178,40,3348,83.7
2179,39,3281,84.1
2180,39,3078,78.9
2181,46,3709,80.6
2182,39,3181,81.6
2183,43,3083,71.7
2184,35,2657,75.9
2185,38,3215,84.6
2186,40,2853,71.3
2187,49,3360,68.6
2188,44,3382,76.9
2189,44,2798,63.6
2190,42,3088,73.5
2191,40,2912,72.8
2192,35,2656,75.9
2193,53,3794,71.6
2194,38,3109,81.8
2195,34,2528,74.4
2196,43,3468,80.7
2197,40,3056,76.4
2198,37,2561,69.2
2199,36,2352,65.3
2200,39,3116,79.9
2201,42,3217,76.6
2202,36,2746,76.3
2203,35,2261,64.6
2204,35,2658,75.9
2205,36,2492,69.2
2206,38,3252,85.6
2207,36,2651,73.6
2208,37,2786,75.3
2209,32,2434,76.1
2210,34,2689,79.1
2211,38,2740,72.1
2212,38,3140,82.6
2213,34,2813,82.7
2214,37,2978,80.5
2215,41,3151,76.9
2216,41,2971,72.5
2217,39,2803,71.9
2218,40,3363,84.1
2219,39,3307,84.8
2220,39,2658,68.2
2221,43,3178,73.9
2222,44,2881,65.5
2223,38,2541,66.9
2224,42,2767,65.9
2225,45,2985,66.3
2226,42,3018,71.9
2227,46,3601,78.3
2228,43,3405,79.2
2229,39,2624,67.3
2230,31,2312,74.6
2231,38,2779,73.1
2232,43,2988,69.5
2233,49,3216,65.6
2234,45,3127,69.5
2235,46,3261,70.9
2236,48,3273,68.2
2237,43,3113,72.4
2238,44,3048,69.3
2239,44,3052,69.4
2240,37,2490,67.3
2241,43,2848,66.2
2242,44,3155,71.7
2243,41,2849,69.5
2244,44,3159,71.8
2245,45,3274,72.8
2246,46,3401,73.9
2247,35,2458,70.2
2248,46,3391,73.7
2249,39,2794,71.6
2250,45,3103,69.0
2251,43,3047,70.9
2252,46,3282,71.3
2253,49,3263,66.6
2254,43,3016,70.1
2255,45,3012,66.9
2256,45,2826,62.8
2257,48,3251,67.7
2258,40,2599,65.0
2259,43,2767,64.3
2260,48,2957,61.6
2261,46,3333,72.5
2262,43,3075,71.5
2263,42,2947,70.2
2264,40,2866,71.6
2265,47,3285,69.9
2266,40,2760,69.0
2267,38,2823,74.3
2268,42,2921,69.5
2269,39,2864,73.4
2270,44,3195,72.6
2271,37,2717,73.4
2272,32,2446,76.4
2273,42,2863,68.2
2274,38,2937,77.3
2275,35,3000,85.7
2276,37,2815,76.1
2277,42,3220,76.7
2278,47,3416,72.7
2279,42,3127,74.5
2280,35,2514,71.8
2281,37,3081,83.3
2282,36,3145,87.4
2283,40,3356,83.9
2284,41,3540,86.3
2285,37,2971,80.3
2286,34,3015,88.7
2287,32,2707,84.6
2288,39,3026,77.6
2289,38,3436,90.4
2290,43,3328,77.4
2291,32,2920,91.2
2292,39,3311,84.9
2293,40,3087,77.2
2294,35,2697,77.1
2295,36,2759,76.6
2296,40,3135,78.4
2297,38,2830,74.5
2298,41,3295,80.4
2299,42,3661,87.2
2300,41,3049,74.4
2301,44,3566,81.0
2302,39,2963,76.0
2303,39,3242,83.1
2304,40,3156,78.9
2305,40,3014,75.4
2306,42,3460,82.4
2307,40,3159,79.0
2308,40,3282,82.0
2309,41,2954,72.0
2310,34,2533,74.5
2311,35,2857,81.6
2312,37,3038,82.1
2313,39,2881,73.9
2314,48,3438,71.6
2315,36,2629,73.0
2316,39,3061,78.5
2317,39,2725,69.9
2318,41,3115,76.0
2319,44,3328,75.6
2320,43,3486,81.1
2321,46,3621,78.7
2322,37,3199,86.5
2323,44,3416,77.6
2324,40,3062,76.6
2325,38,2943,77.4
2326,41,2939,71.7
2327,42,3176,75.6
2328,43,3566,82.9
2329,38,3169,83.4
2330,45,3432,76.3
2331,38,2903,76.4
2332,40,3317,82.9
2333,39,2910,74.6
2334,40,2727,68.2
2335,43,3317,77.1
2336,37,2920,78.9
2337,40,3194,79.8
2338,42,3233,77.0
2339,38,3211,84.5
2340,40,2867,71.7
2341,42,3238,77.1
2342,44,3262,74.1
2343,48,3800,79.2
2344,42,3267,77.8
2345,47,3679,78.3
2346,53,4102,77.4
2347,44,3452,78.5
2348,42,3394,80.8
2349,39,3164,81.1
2350,41,3285,80.1
2351,40,3160,79.0
2352,46,3373,73.3
2353,40,3289,82.2
2354,41,3166,77.2
2355,36,2878,79.9
2356,44,3906,88.8
2357,39,3373,86.5
2358,41,3396,82.8
2359,40,3054,76.4
2360,36,3454,95.9
2361,42,3845,91.5
2362,38,3508,92.3
2363,36,3171,88.1
2364,29,2098,72.3
2365,39,2957,75.8
2366,37,2787,75.3
2367,38,3230,85.0
2368,42,3308,78.8
2369,35,2806,80.2
2370,38,2782,73.2
2371,37,2851,77.1
2372,34,2455,72.2
2373,36,2577,71.6
2374,37,2764,74.7
2375,38,3657,96.2
2376,37,2671,72.2
2377,38,3236,85.2
2378,37,3337,90.2
2379,37,2843,76.8
2380,46,3742,81.3
2381,46,3719,80.8
2382,48,3577,74.5
2383,43,3278,76.2
2384,51,4164,81.6
2385,40,3732,93.3
2386,40,3509,87.7
2387,44,3874,88.0
2388,34,2959,87.0
2389,37,3186,86.1
2390,38,2847,74.9
2391,43,3291,76.5
2392,40,3195,79.9
2393,42,3542,84.3
2394,39,3273,83.9
2395,41,3530,86.1
2396,47,3630,77.2
2397,38,3149,82.9
2398,39,2926,75.0
2399,38,2795,73.6
2400,35,2865,81.9
2401,35,3074,87.8
2402,38,2780,73.2
2403,40,3406,85.2
2404,42,3624,86.3
2405,39,3239,83.1
2406,41,3223,78.6
2407,38,3053,80.3
2408,36,3062,85.1
2409,39,3402,87.2
2410,43,3380,78.6
2411,37,3041,82.2
2412,36,2981,82.8
2413,35,3083,88.1
2414,35,3110,88.9
2415,39,3527,90.4
2416,39,3594,92.2
2417,41,3510,85.6
2418,31,2811,90.7
2419,41,3240,79.0
2420,35,2747,78.5
2421,38,3086,81.2
2422,33,2787,84.5
2423,31,2644,85.3
2424,35,2991,85.5
2425,46,3623,78.8
2426,39,3355,86.0
2427,42,3460,82.4
2428,42,3394,80.8
2429,38,3091,81.3
2430,37,3188,86.2
2431,37,3381,91.4
2432,42,3660,87.1
2433,40,3060,76.5
2434,43,3334,77.5
2435,42,3171,75.5
2436,42,3256,77.5
2437,39,2944,75.5
2438,41,3376,82.3
2439,42,3133,74.6
2440,41,3223,78.6
2441,34,2674,78.6
2442,48,3863,80.5
2443,38,2894,76.2
2444,37,3034,82.0
2445,45,3307,73.5
2446,44,3428,77.9
2447,41,3076,75.0
2448,41,3370,82.2
2449,42,3183,75.8
2450,36,2989,83.0
2451,36,3344,92.9
2452,38,2849,75.0
2453,31,2724,87.9
2454,37,3232,87.4
2455,43,3281,76.3
2456,44,3889,88.4
2457,46,3727,81.0
2458,42,3393,80.8
2459,47,3697,78.7
2460,48,3771,78.6
2461,42,3779,90.0
2462,47,3967,84.4
2463,44,3873,88.0
2464,31,2759,89.0
2465,45,3521,78.2
2466,43,3466,80.6
2467,35,3126,89.3
2468,35,3368,96.2
2469,35,2879,82.3
2470,37,3310,89.5
2471,36,2912,80.9
2472,41,3080,75.1
2473,37,2506,67.7
2474,38,2798,73.6
2475,36,2921,81.1
2476,44,3624,82.4
2477,47,3819,81.3
2478,40,3425,85.6
2479,42,3398,80.9
2480,48,3581,74.6
2481,43,3295,76.6
2482,37,2619,70.8
2483,38,2564,67.5
2484,39,2934,75.2
2485,34,2436,71.6
2486,40,2992,74.8
2487,35,3087,88.2
2488,41,3518,85.8
2489,44,3496,79.5
2490,42,3509,83.5
2491,40,3100,77.5
2492,43,3107,72.3
2493,49,3690,75.3
2494,41,3461,84.4
2495,43,3290,76.5
2496,42,3520,83.8
2497,38,3080,81.1
2498,46,3763,81.8
2499,37,2884,77.9
2500,39,2868,73.5
2501,39,3380,86.7
2502,33,2751,83.4
2503,39,3176,81.4
2504,39,2870,73.6
2505,41,3127,76.3
2506,40,3505,87.6
2507,48,3863,80.5
2508,40,3514,87.8
2509,42,3353,79.8
2510,42,3389,80.7
2511,43,3456,80.4
2512,44,3434,78.0
2513,40,2950,73.8
2514,42,3318,79.0
2515,42,3677,87.5
2516,39,3496,89.6
2517,37,3428,92.6
2518,38,3210,84.5
2519,41,3415,83.3
2520,36,3147,87.4
2521,40,3245,81.1
2522,32,2609,81.5
2523,39,2933,75.2
2524,41,2822,68.8
2525,40,3134,78.4
2526,40,3285,82.1
2527,40,3523,88.1
2528,43,3719,86.5
2529,39,3500,89.7
2530,33,3262,98.8
2531,35,3457,98.8
2532,34,2875,84.6
2533,43,3969,92.3
2534,43,3729,86.7
2535,44,3919,89.1
2536,43,3834,89.2
2537,44,3759,85.4
2538,44,4070,92.5
2539,40,3659,91.5
2540,37,3181,86.0
2541,42,3627,86.4
2542,43,3754,87.3
2543,43,3625,84.3
2544,38,3105,81.7
2545,42,3378,80.4
2546,43,3385,78.7
2547,39,3261,83.6
2548,39,3217,82.5
2549,37,3639,98.4
2550,42,3114,74.1
2551,38,3024,79.6
2552,42,3098,73.8
2553,42,2902,69.1
2554,44,3725,84.7
2555,46,3370,73.3
2556,44,3111,70.7
2557,41,2747,67.0
2558,52,4074,78.3
2559,45,3220,71.6
2560,49,3766,76.9
2561,46,3501,76.1
2562,49,3770,76.9
2563,38,2687,70.7
2564,45,3901,86.7
2565,44,3381,76.8
2566,47,3818,81.2
2567,39,3551,91.1
2568,37,3060,82.7
2569,39,3551,91.1
2570,37,3442,93.0
2571,32,2372,74.1
2572,34,3376,99.3
2573,35,2534,72.4
2574,40,2886,72.2
2575,46,3183,69.2
2576,37,2819,76.2
2577,32,2412,75.4
2578,34,2886,84.9
2579,36,2936,81.6
2580,39,3161,81.1
2581,35,2882,82.3
2582,41,3177,77.5
2583,38,2701,71.1
2584,46,3590,78.0
2585,41,3413,83.2
2586,39,3062,78.5
2587,38,2893,76.1
2588,41,3277,79.9
2589,35,2523,72.1
2590,38,3020,79.5
2591,34,2891,85.0
2592,34,2995,88.1
2593,37,3169,85.6
2594,42,3438,81.9
2595,40,3379,84.5
2596,37,3258,88.1
2597,42,3648,86.9
2598,40,3298,82.4
2599,39,3495,89.6
2600,34,3250,95.6
2601,40,3124,78.1
2602,42,3177,75.6
2603,38,3045,80.1
2604,37,3220,87.0
2605,33,2859,86.6
2606,39,3217,82.5
2607,45,3832,85.2
2608,38,3177,83.6
2609,36,2759,76.6
2610,36,2408,66.9
2611,31,2412,77.8
2612,36,2512,69.8
2613,41,2922,71.3
2614,48,3460,72.1
2615,41,3107,75.8
2616,36,2519,70.0
2617,39,3033,77.8
2618,44,3452,78.5
2619,41,3161,77.1
2620,36,3012,83.7
2621,46,3331,72.4
2622,49,4111,83.9
2623,42,3283,78.2
2624,45,3274,72.8
2625,39,3645,93.5
2626,37,3025,81.8
2627,43,3801,88.4
2628,42,3591,85.5
2629,38,3351,88.2
2630,41,3198,78.0
2631,38,3079,81.0
2632,44,3731,84.8
2633,43,3239,75.3
2634,41,3518,85.8
2635,38,3192,84.0
2636,42,3658,87.1
2637,35,2838,81.1
2638,35,3206,91.6
2639,42,3466,82.5
2640,38,3340,87.9
2641,51,3851,75.5
2642,48,3921,81.7
2643,44,3556,80.8
2644,38,3137,82.6
2645,41,3018,73.6
2646,33,2968,89.9
2647,46,3450,75.0
2648,40,3195,79.9
2649,42,3551,84.5
2650,35,3414,97.5
2651,48,3803,79.2
2652,43,3598,83.7
2653,37,3070,83.0
2654,40,3090,77.2
2655,31,2714,87.5
2656,36,3228,89.7
2657,32,2910,90.9
2658,38,3102,81.6
2659,44,3680,83.6
2660,32,2786,87.1
2661,37,3461,93.5
2662,40,3416,85.4
2663,43,3605,83.8
2664,38,3284,86.4
2665,38,3299,86.8
2666,41,3274,79.9
2667,35,2859,81.7
2668,36,2992,83.1
2669,43,3217,74.8
2670,39,3317,85.1
2671,38,3238,85.2
2672,40,3246,81.2
2673,43,3183,74.0
2674,39,3257,83.5
2675,37,3495,94.5
2676,35,2796,79.9
2677,35,3148,89.9
2678,41,3765,91.8
2679,37,3242,87.6
2680,39,3042,78.0
2681,36,2884,80.1
2682,37,3160,85.4
2683,41,3327,81.1
2684,35,2921,83.5
2685,28,2568,91.7
2686,35,2638,75.4
2687,45,3838,85.3
2688,37,3073,83.1
2689,35,2785,79.6
2690,39,3080,79.0
2691,38,3036,79.9
2692,46,3620,78.7
2693,43,3767,87.6
2694,39,3531,90.5
2695,48,3636,75.8
2696,41,3611,88.1
2697,48,3962,82.5
2698,47,3962,84.3
2699,44,3925,89.2
2700,43,3556,82.7
2701,49,4164,85.0
2702,47,4093,87.1
2703,44,3806,86.5
2704,37,3058,82.6
2705,41,3249,79.2
2706,48,3805,79.3
2707,45,3919,87.1
2708,49,3784,77.2
2709,51,4158,81.5
2710,39,3104,79.6
2711,41,2918,71.2
2712,39,3063,78.5
2713,50,4052,81.0
2714,49,3667,74.8
2715,38,3011,79.2
2716,37,3203,86.6
2717,36,2931,81.4
2718,39,3184,81.6
2719,37,3239,87.5
2720,42,3446,82.0
2721,47,3758,80.0
2722,40,3518,88.0
2723,45,3717,82.6
2724,43,3519,81.8
2725,42,3745,89.2
2726,38,3358,88.4
2727,41,3289,80.2
2728,38,3435,90.4
2729,38,3278,86.3
2730,43,3795,88.3
2731,40,3447,86.2
2732,41,3467,84.6
2733,40,3343,83.6
2734,46,3627,78.8
2735,41,3196,78.0
2736,32,2747,85.8
2737,35,3011,86.0
2738,33,2799,84.8
2739,42,3218,76.6
2740,35,3349,95.7
2741,43,3796,88.3
2742,46,4028,87.6
2743,43,3717,86.4
2744,42,3101,73.8
2745,45,3543,78.7
2746,42,3216,76.6
2747,42,3309,78.8
2748,46,3196,69.5
2749,39,2766,70.9
2750,39,3246,83.2
2751,40,3193,79.8
2752,40,2914,72.8
2753,35,2437,69.6
2754,36,2804,77.9
2755,48,3388,70.6
2756,42,3341,79.5
2757,37,3388,91.6
2758,39,3258,83.5
2759,42,3205,76.3
2760,43,3384,78.7
2761,45,3308,73.5
2762,36,2815,78.2
2763,41,3138,76.5
2764,38,3437,90.4
2765,36,2797,77.7
2766,33,2660,80.6
2767,39,3160,81.0
2768,33,2850,86.4
2769,44,3213,73.0
2770,50,3608,72.2
2771,43,3749,87.2
2772,45,3213,71.4
2773,40,3434,85.8
2774,41,3164,77.2
2775,42,3518,83.8
2776,44,3664,83.3
2777,39,3100,79.5
2778,36,2915,81.0
2779,43,3013,70.1
2780,34,2669,78.5
2781,42,3189,75.9
2782,35,2757,78.8
2783,39,3040,77.9
2784,34,2823,83.0
2785,32,2801,87.5
2786,28,2422,86.5
2787,39,3303,84.7
2788,34,2869,84.4
2789,34,3015,88.7
2790,37,2924,79.0
2791,40,3161,79.0
2792,39,3189,81.8
2793,40,3195,79.9
2794,46,3658,79.5
2795,39,3118,79.9
2796,40,3390,84.8
2797,33,2918,88.4
2798,41,3514,85.7
2799,40,3508,87.7
2800,36,3363,93.4
2801,39,3555,91.2
2802,40,3800,95.0
2803,43,3579,83.2
2804,44,3716,84.5
2805,41,3449,84.1
2806,41,3271,79.8
2807,45,3893,86.5
2808,46,3838,83.4
2809,48,4146,86.4
2810,46,3785,82.3
2811,44,3598,81.8
2812,42,3288,78.3
2813,43,3469,80.7
2814,44,3701,84.1
2815,43,3301,76.8
2816,41,3357,81.9
2817,43,3463,80.5
2818,45,3585,79.7
2819,44,3773,85.8
2820,40,3610,90.2
2821,45,3725,82.8
2822,42,3820,91.0
2823,44,3769,85.7
2824,44,3849,87.5
2825,48,3666,76.4
2826,39,3119,80.0
2827,43,3422,79.6
2828,47,3774,80.3
2829,43,3345,77.8
2830,33,2603,78.9
2831,37,3277,88.6
2832,43,3519,81.8
2833,41,3734,91.1
2834,38,3459,91.0
2835,40,3613,90.3
2836,40,3417,85.4
2837,36,3101,86.1
2838,45,3353,74.5
2839,44,3231,73.4
2840,39,3245,83.2
2841,45,3373,75.0
2842,44,3386,77.0
2843,47,3740,79.6
2844,38,2972,78.2
2845,41,3229,78.8
2846,42,3578,85.2
2847,44,3721,84.6
2848,42,3538,84.2
2849,48,3859,80.4
2850,38,3212,84.5
2851,34,2967,87.3
2852,38,2987,78.6
2853,37,2858,77.2
2854,37,3330,90.0
2855,42,3356,79.9
2856,36,2679,74.4
2857,40,3057,76.4
2858,40,3526,88.2
2859,41,3214,78.4
2860,42,3438,81.9
2861,39,3300,84.6
2862,36,3342,92.8
2863,38,3440,90.5
2864,41,2962,72.2
2865,50,3421,68.4
2866,44,3515,79.9
2867,46,3332,72.4
2868,48,3327,69.3
2869,55,3996,72.7
2870,51,3901,76.5
2871,44,3126,71.0
2872,40,2962,74.0
2873,41,3377,82.4
2874,41,3176,77.5
2875,37,3006,81.2
2876,40,3321,83.0
2877,43,3596,83.6
2878,40,3361,84.0
2879,41,3222,78.6
2880,42,3159,75.2
2881,46,3708,80.6
2882,37,3143,84.9
2883,39,3339,85.6
2884,38,3160,83.2
2885,42,3050,72.6
2886,44,3467,78.8
2887,38,3110,81.8
2888,32,2495,78.0
2889,38,2947,77.6
2890,45,3350,74.4
2891,41,2993,73.0
2892,37,2725,73.6
2893,38,3117,82.0
2894,42,3037,72.3
2895,35,3041,86.9
2896,44,3334,75.8
2897,38,3057,80.4
2898,44,3464,78.7
2899,43,3185,74.1
2900,38,2696,70.9
2901,45,3700,82.2
2902,38,3026,79.6
2903,43,3491,81.2
2904,46,3941,85.7
2905,49,4032,82.3
2906,46,3390,73.7
2907,39,3415,87.6
2908,44,3343,76.0
2909,33,2456,74.4
2910,40,3530,88.2
2911,38,3542,93.2
2912,38,3529,92.9
2913,47,3968,84.4
2914,44,3781,85.9
2915,46,3770,82.0
2916,41,3466,84.5
2917,39,3347,85.8
2918,44,3649,82.9
2919,40,2955,73.9
2920,35,3184,91.0
2921,29,2465,85.0
2922,43,3694,85.9
2923,44,3459,78.6
2924,40,3457,86.4
2925,35,3188,91.1
2926,38,3701,97.4
2927,33,2528,76.6
2928,38,2936,77.3
2929,40,3426,85.6
2930,43,3569,83.0
2931,39,3088,79.2
2932,42,3341,79.5
2933,37,2852,77.1
2934,42,3178,75.7
2935,39,2984,76.5
2936,42,3401,81.0
2937,44,3716,84.5
2938,38,3092,81.4
2939,39,3005,77.1
2940,40,3102,77.6
2941,38,2887,76.0
2942,38,3065,80.7
2943,48,3600,75.0
2944,42,3240,77.1
2945,48,3290,68.5
2946,45,3493,77.6
2947,43,3554,82.7
2948,43,3409,79.3
2949,48,3573,74.4
2950,43,3144,73.1
2951,44,3187,72.4
2952,38,2867,75.4
2953,39,3702,94.9
2954,45,3963,88.1
2955,32,2953,92.3
2956,43,3501,81.4
2957,49,3855,78.7
2958,42,3161,75.3
2959,41,3081,75.1
2960,43,3546,82.5
2961,48,4110,85.6
2962,42,3924,93.4
2963,41,3576,87.2
2964,44,3821,86.8
2965,42,3823,91.0
2966,48,4237,88.3
2967,44,3810,86.6
2968,41,3860,94.1
2969,34,3541,104.1
2970,45,4103,91.2
2971,43,3769,87.7
2972,44,3666,83.3
2973,34,2682,78.9
2974,42,3484,83.0
2975,37,3409,92.1
2976,43,3665,85.2
2977,40,3767,94.2
2978,42,3650,86.9
2979,41,3395,82.8
2980,42,3617,86.1
2981,49,4010,81.8
2982,42,3150,75.0
2983,41,3533,86.2
2984,38,3339,87.9
2985,43,3321,77.2
2986,39,3655,93.7
2987,38,3382,89.0
2988,38,3116,82.0
2989,41,3787,92.4
2990,40,3670,91.8
2991,33,2607,79.0
2992,34,3219,94.7
2993,40,3987,99.7
2994,34,3320,97.6
2995,41,4035,98.4
2996,43,3959,92.1
2997,43,3665,85.2
2998,45,3431,76.2
2999,39,2844,72.9
3000,40,2934,73.4
3001,34,3681,108.3
3002,38,3192,84.0
3003,44,3763,85.5
3004,35,3095,88.4
3005,34,2757,81.1
3006,39,3581,91.8
3007,29,2914,100.5
3008,33,3060,92.7
3009,34,3117,91.7
3010,34,3213,94.5
3011,39,3634,93.2
3012,34,3408,100.2
3013,42,3556,84.7
3014,36,3137,87.1
3015,32,3180,99.4
3016,32,3416,106.8
3017,40,3245,81.1
3018,31,2914,94.0
3019,30,2781,92.7
3020,35,2859,81.7
3021,30,2686,89.5
3022,36,3050,84.7
3023,37,3409,92.1
3024,36,3472,96.4
3025,29,2340,80.7
3026,32,3033,94.8
3027,32,2924,91.4
3028,34,3024,88.9
3029,34,2669,78.5
3030,40,3125,78.1
3031,41,3131,76.4
3032,42,3473,82.7
3033,43,3422,79.6
3034,42,3183,75.8
3035,39,2958,75.8
3036,39,2883,73.9
3037,35,2684,76.7
3038,42,3556,84.7
3039,39,3239,83.1
3040,37,3072,83.0
3041,40,3479,87.0
3042,33,3623,109.8
3043,37,3608,97.5
3044,45,3625,80.6
3045,36,2986,82.9
3046,33,2713,82.2
3047,45,3657,81.3
3048,43,3587,83.4
3049,44,3473,78.9
3050,41,3230,78.8
3051,45,3475,77.2
3052,45,3574,79.4
3053,45,3893,86.5
3054,41,3138,76.5
3055,50,3613,72.3
3056,35,2887,82.5
3057,42,3637,86.6
3058,40,2991,74.8
3059,45,3524,78.3
3060,39,3019,77.4
3061,44,3807,86.5
3062,36,2792,77.6
3063,39,3357,86.1
3064,41,3332,81.3
3065,38,3326,87.5
3066,34,2872,84.5
3067,32,2953,92.3
3068,39,3299,84.6
3069,36,3082,85.6
3070,36,2957,82.1
3071,31,3599,116.1
3072,26,2835,109.0
3073,32,3267,102.1
3074,36,3250,90.3
3075,33,3197,96.9
3076,33,2737,82.9
3077,36,2900,80.6
3078,31,3093,99.8
3079,41,3293,80.3
3080,36,3266,90.7
3081,40,3032,75.8
3082,33,2838,86.0
3083,36,3246,90.2
3084,34,3222,94.8
3085,35,3389,96.8
3086,35,3741,106.9
3087,26,2273,87.4
3088,29,2777,95.8
3089,37,3453,93.3
3090,32,3417,106.8
3091,43,3619,84.2
3092,41,3630,88.5
3093,40,3805,95.1
3094,39,3545,90.9
3095,38,3263,85.9
3096,35,3593,102.7
3097,36,3491,97.0
3098,38,3448,90.7
3099,40,3558,89.0
3100,44,3694,84.0
3101,41,3518,85.8
3102,45,3797,84.4
3103,43,3393,78.9
3104,37,3036,82.1
3105,38,3262,85.8
3106,35,3245,92.7
3107,46,3578,77.8
3108,36,2991,83.1
3109,39,3283,84.2
3110,36,2827,78.5
3111,41,3459,84.4
3112,38,2775,73.0
3113,37,2782,75.2
3114,42,3507,83.5
3115,43,3740,87.0
3116,40,3496,87.4
3117,35,3327,95.1
3118,34,3529,103.8
3119,38,3537,93.1
3120,42,2929,69.7
3121,44,3236,73.5
3122,43,2945,68.5
3123,38,2845,74.9
3124,39,3109,79.7
3125,33,3048,92.4
3126,40,3546,88.6
3127,40,3569,89.2
3128,36,2801,77.8
3129,38,3774,99.3
3130,41,4174,101.8
3131,36,3187,88.5
3132,40,3568,89.2
3133,41,3224,78.6
3134,39,3408,87.4
3135,41,3450,84.1
3136,38,3264,85.9
3137,34,3452,101.5
3138,37,3095,83.6
3139,41,3794,92.5
3140,39,3373,86.5
3141,39,3675,94.2
3142,34,3636,106.9
3143,32,2826,88.3
3144,40,3494,87.4
3145,40,3579,89.5
3146,40,3625,90.6
3147,39,3213,82.4
3148,43,3555,82.7
3149,38,3060,80.5
3150,45,3060,68.0
3151,36,2841,78.9
3152,35,2563,73.2
3153,32,2509,78.4
3154,32,2773,86.7
3155,36,2827,78.5
3156,31,2920,94.2
3157,34,2993,88.0
3158,36,3089,85.8
3159,36,2671,74.2
3160,35,2862,81.8
3161,31,2724,87.9
3162,32,2672,83.5
3163,31,2620,84.5
3164,34,3178,93.5
3165,34,3206,94.3
3166,35,3280,93.7
3167,35,3293,94.1
3168,33,2906,88.1
3169,33,2963,89.8
3170,31,2990,96.5
3171,32,2882,90.1
3172,34,2811,82.7
3173,40,3119,78.0
3174,25,2182,87.3
3175,32,2305,72.0
3176,28,1968,70.3
3177,36,2860,79.4
3178,35,2927,83.6
3179,34,2447,72.0
3180,36,2687,74.6
3181,38,3043,80.1
3182,41,3282,80.0
3183,40,3385,84.6
3184,36,3014,83.7
3185,32,2585,80.8
3186,39,2531,64.9
3187,45,3198,71.1
3188,44,3981,90.5
3189,35,2292,65.5
3190,37,2779,75.1
3191,42,3544,84.4
3192,43,3673,85.4
3193,34,3432,100.9
3194,38,2655,69.9
3195,40,3764,94.1
3196,37,2466,66.6
3197,36,3251,90.3
3198,42,3218,76.6
3199,40,3152,78.8
3200,38,3148,82.8
3201,43,3473,80.8
3202,44,3612,82.1
3203,40,2862,71.6
3204,47,3495,74.4
3205,44,3399,77.2
3206,44,3422,77.8
3207,45,3587,79.7
3208,44,3523,80.1
3209,46,3810,82.8
3210,31,2232,72.0
3211,40,3305,82.6
3212,41,3803,92.8
3213,41,3577,87.2
3214,40,3462,86.6
3215,45,3594,79.9
3216,34,2690,79.1
3217,37,3107,84.0
3218,37,3468,93.7
3219,36,3392,94.2
3220,41,3213,78.4
3221,38,3069,80.8
3222,38,2973,78.2
3223,43,3414,79.4
3224,46,3544,77.0
3225,40,3219,80.5
3226,39,3157,80.9
3227,39,3114,79.8
3228,35,3244,92.7
3229,37,3246,87.7
3230,31,3389,109.3
3231,42,3365,80.1
3232,40,3420,85.5
3233,46,3648,79.3
3234,44,3388,77.0
3235,40,3594,89.8
3236,42,3360,80.0
3237,30,2459,82.0
3238,41,3074,75.0
3239,39,2528,64.8
3240,37,2828,76.4
3241,41,3013,73.5
3242,42,3904,93.0
3243,46,3987,86.7
3244,44,3528,80.2
3245,35,2647,75.6
3246,50,3894,77.9
3247,37,3102,83.8
3248,31,2696,87.0
3249,35,2769,79.1
3250,39,3382,86.7
3251,40,3440,86.0
3252,38,3095,81.4
3253,32,2290,71.6
3254,39,3073,78.8
3255,41,3244,79.1
3256,41,2911,71.0
3257,34,3016,88.7
3258,37,3054,82.5
3259,39,3248,83.3
3260,39,3257,83.5
3261,38,3319,87.3
3262,40,3452,86.3
3263,37,2880,77.8
3264,36,3172,88.1
3265,38,3189,83.9
3266,39,3367,86.3
3267,37,3154,85.2
3268,40,3204,80.1
3269,42,3441,81.9
3270,37,2878,77.8
3271,33,2807,85.1
3272,33,2562,77.6
3273,34,3016,88.7
3274,38,3121,82.1
3275,40,3163,79.1
3276,36,2491,69.2
3277,37,2987,80.7
3278,39,2817,72.2
3279,36,3236,89.9
3280,41,3586,87.5
3281,48,3782,78.8
3282,33,2644,80.1
3283,38,3213,84.6
3284,38,3415,89.9
3285,38,3049,80.2
3286,43,3519,81.8
3287,34,2818,82.9
3288,32,2667,83.3
3289,40,3179,79.5
3290,33,2819,85.4
3291,36,2646,73.5
3292,37,3307,89.4
3293,32,2587,80.8
3294,30,2090,69.7
3295,39,2833,72.6
3296,40,2938,73.4
3297,33,2618,79.3
3298,39,2872,73.6
3299,38,3021,79.5
3300,45,3191,70.9
3301,40,3102,77.6
3302,40,3067,76.7
3303,39,3199,82.0
3304,48,3825,79.7
3305,40,3230,80.8
3306,34,2561,75.3
3307,37,2756,74.5
3308,36,2835,78.8
3309,29,2721,93.8
3310,36,2895,80.4
3311,37,2804,75.8
3312,31,2396,77.3
3313,35,2851,81.5
3314,41,3110,75.9
3315,42,3555,84.6
3316,41,2799,68.3
3317,43,3472,80.7
3318,39,2616,67.1
3319,39,2926,75.0
3320,41,3180,77.6
3321,35,2904,83.0
3322,30,2364,78.8
3323,33,2839,86.0
3324,32,2656,83.0
3325,37,2974,80.4
3326,33,2710,82.1
3327,40,3047,76.2
3328,33,2847,86.3
3329,42,3510,83.6
3330,38,3036,79.9
3331,40,3652,91.3
3332,41,3073,75.0
3333,33,2493,75.5
3334,34,2565,75.4
3335,38,3036,79.9
3336,32,2347,73.3
3337,40,2767,69.2
3338,44,2867,65.2
3339,47,3458,73.6
3340,42,3307,78.7
3341,44,3556,80.8
3342,36,3146,87.4
3343,49,4079,83.2
3344,43,3764,87.5
3345,37,3600,97.3
3346,45,3874,86.1
3347,46,3488,75.8
3348,37,2433,65.8
3349,42,3516,83.7
3350,44,3400,77.3
3351,49,3990,81.4
3352,46,4114,89.4
3353,47,3734,79.4
3354,42,3142,74.8
3355,40,2839,71.0
3356,40,3072,76.8
3357,43,3076,71.5
3358,46,3328,72.3
3359,40,3224,80.6
3360,44,3459,78.6
3361,49,3929,80.2
3362,39,3043,78.0
3363,43,3540,82.3
3364,39,2782,71.3
3365,46,3383,73.5
3366,39,3299,84.6
3367,42,3537,84.2
3368,40,2957,73.9
3369,41,3020,73.7
3370,45,3522,78.3
3371,33,2816,85.3
3372,38,2873,75.6
3373,38,3246,85.4
3374,30,2602,86.7
3375,37,3360,90.8
3376,39,3084,79.1
3377,39,3123,80.1
3378,43,3534,82.2
3379,38,3516,92.5
3380,43,3248,75.5
3381,47,3543,75.4
3382,37,3136,84.8
3383,36,2932,81.4
3384,34,2811,82.7
3385,45,3650,81.1
3386,38,2776,73.1
3387,33,2783,84.3
3388,31,2626,84.7
3389,41,3360,82.0
3390,43,3372,78.4
3391,37,2744,74.2
3392,40,2887,72.2
3393,36,2796,77.7
3394,36,3142,87.3
3395,37,3036,82.1
3396,37,3221,87.1
3397,34,2636,77.5
3398,38,3120,82.1
3399,39,3100,79.5
3400,31,2367,76.4
3401,37,2713,73.3
3402,35,2352,67.2
3403,38,2762,72.7
3404,40,3323,83.1
3405,41,3286,80.1
3406,45,3553,79.0
3407,38,3171,83.4
3408,39,3065,78.6
3409,43,3453,80.3
3410,37,3000,81.1
3411,37,3115,84.2
3412,43,3092,71.9
3413,43,3325,77.3
3414,40,3325,83.1
3415,45,3226,71.7
3416,41,3609,88.0
3417,38,3236,85.2
3418,39,3350,85.9
3419,42,2924,69.6
3420,42,3200,76.2
3421,38,2578,67.8
3422,37,3130,84.6
3423,38,2982,78.5
3424,45,3508,78.0
3425,35,3031,86.6
3426,38,3217,84.7
3427,33,2818,85.4
3428,41,3294,80.3
3429,36,2501,69.5
3430,41,2870,70.0
3431,40,2880,72.0
3432,35,2615,74.7
3433,35,2650,75.7
3434,37,2624,70.9
3435,39,2808,72.0
3436,40,2770,69.2
3437,44,2906,66.0
3438,36,2502,69.5
3439,44,3284,74.6
3440,39,2772,71.1
3441,49,3289,67.1
3442,36,2707,75.2
3443,40,3170,79.2
3444,35,2750,78.6
3445,35,2648,75.7
3446,39,2757,70.7
3447,37,2520,68.1
3448,31,2066,66.6
3449,37,2468,66.7
3450,42,2909,69.3
3451,38,2786,73.3
3452,40,2903,72.6
3453,41,3186,77.7
3454,38,2516,66.2
3455,43,3148,73.2
3456,35,2943,84.1
3457,45,3675,81.7
3458,45,3238,72.0
3459,45,3128,69.5
3460,35,2375,67.9
3461,37,2935,79.3
3462,41,3474,84.7
3463,43,3331,77.5
3464,42,3397,80.9
3465,41,3018,73.6
3466,39,2890,74.1
3467,37,2807,75.9
3468,37,2930,79.2
3469,38,3155,83.0
3470,49,3368,68.7
3471,43,3578,83.2
3472,39,3250,83.3
3473,41,3357,81.9
3474,30,2352,78.4
3475,35,2439,69.7
3476,40,3157,78.9
3477,39,2921,74.9
3478,43,3165,73.6
3479,39,3024,77.5
3480,34,2622,77.1
3481,39,2761,70.8
3482,38,3182,83.7
3483,40,2906,72.6
3484,44,3361,76.4
3485,42,3195,76.1
3486,45,3399,75.5
3487,41,3093,75.4
3488,36,2869,79.7
3489,43,3329,77.4
3490,45,3675,81.7
3491,47,3495,74.4
3492,42,3807,90.6
3493,39,2864,73.4
3494,46,3845,83.6
3495,40,3386,84.6
3496,42,3550,84.5
3497,34,2737,80.5
3498,41,3450,84.1
3499,37,3004,81.2
3500,43,3219,74.9
3501,44,3760,85.5
3502,36,3498,97.2
3503,42,3643,86.7
3504,41,3285,80.1
3505,39,3567,91.5
3506,41,3551,86.6
3507,37,3297,89.1
3508,41,3349,81.7
3509,44,3543,80.5
3510,40,3186,79.6
3511,44,3862,87.8
3512,39,3187,81.7
3513,40,2713,67.8
3514,38,2650,69.7
3515,45,3629,80.6
3516,45,3312,73.6
3517,38,3030,79.7
3518,41,3219,78.5
3519,41,3090,75.4
3520,40,3296,82.4
3521,36,2830,78.6
3522,50,3830,76.6
3523,46,3386,73.6
3524,39,2522,64.7
3525,40,2875,71.9
3526,47,3336,71.0
3527,42,2663,63.4
3528,50,3530,70.6
3529,45,3243,72.1
3530,46,3381,73.5
3531,44,3184,72.4
3532,47,3061,65.1
3533,52,3318,63.8
3534,47,3793,80.7
3535,41,3079,75.1
3536,35,3129,89.4
3537,46,3734,81.2
3538,48,3434,71.5
3539,49,3684,75.2
3540,45,3642,80.9
3541,43,3266,76.0
3542,44,3709,84.3
3543,42,3747,89.2
3544,34,2751,80.9
3545,36,2867,79.6
3546,39,3356,86.1
3547,38,2903,76.4
3548,39,3303,84.7
3549,39,2947,75.6
3550,51,3830,75.1
3551,41,2954,72.0
3552,47,3446,73.3
3553,40,3430,85.8
3554,39,2752,70.6
3555,45,3161,70.2
3556,46,3670,79.8
3557,44,3442,78.2
3558,49,3800,77.6
3559,41,2978,72.6
3560,38,2845,74.9
3561,42,3600,85.7
3562,40,3212,80.3
3563,38,2727,71.8
3564,40,2947,73.7
3565,35,2703,77.2
3566,38,2692,70.8
3567,49,3746,76.4
3568,40,3014,75.4
3569,46,3493,75.9
3570,44,3694,84.0
3571,41,3318,80.9
3572,44,3317,75.4
3573,40,2884,72.1
3574,32,2857,89.3
3575,37,2786,75.3
3576,42,2813,67.0
3577,40,3357,83.9
3578,39,2996,76.8
3579,39,3024,77.5
3580,43,3389,78.8
3581,39,3105,79.6
3582,43,3292,76.6
3583,43,3371,78.4
3584,43,3320,77.2
3585,45,3808,84.6
3586,47,3966,84.4
3587,46,3836,83.4
3588,47,3601,76.6
3589,43,3626,84.3
3590,37,3146,85.0
3591,36,3138,87.2
3592,42,2874,68.4
3593,36,2825,78.5
3594,33,2844,86.2
3595,37,2837,76.7
3596,32,2477,77.4
3597,30,2696,89.9
3598,35,2601,74.3
3599,33,2480,75.2
3600,36,2839,78.9
3601,33,2692,81.6
3602,37,2701,73.0
3603,45,3314,73.6
3604,39,3237,83.0
3605,42,3488,83.0
3606,38,2856,75.2
3607,41,3189,77.8
3608,41,2852,69.6
3609,39,3203,82.1
3610,40,3023,75.6
3611,43,3122,72.6
3612,50,3573,71.5
3613,50,4078,81.6
3614,48,3756,78.2
3615,49,3688,75.3
3616,48,3658,76.2
3617,47,3613,76.9
3618,43,3508,81.6
3619,43,3205,74.5
3620,42,3025,72.0
3621,44,2985,67.8
3622,40,2871,71.8
3623,43,3420,79.5
3624,35,2746,78.5
3625,43,3651,84.9
3626,40,3171,79.3
3627,47,3582,76.2
3628,48,3694,77.0
3629,41,2945,71.8
3630,44,3239,73.6
3631,43,3656,85.0
3632,51,3646,71.5
3633,45,3489,77.5
3634,40,3062,76.6
3635,52,3606,69.3
3636,41,2944,71.8
3637,42,3026,72.0
3638,47,3597,76.5
3639,39,3239,83.1
3640,45,3667,81.5
3641,45,3584,79.6
3642,35,2610,74.6
3643,43,2937,68.3
3644,47,3230,68.7
3645,43,2972,69.1
3646,41,2997,73.1
3647,39,3419,87.7
3648,37,3267,88.3
3649,47,3450,73.4
3650,41,3350,81.7
3651,45,3331,74.0
3652,43,3908,90.9
3653,43,3462,80.5
3654,40,3194,79.8
3655,40,3192,79.8
3656,42,2772,66.0
3657,44,3240,73.6
3658,46,3079,66.9
3659,51,3649,71.5
3660,45,3239,72.0
3661,48,3369,70.2
3662,44,3345,76.0
3663,39,3322,85.2
3664,46,3439,74.8
3665,50,3551,71.0
3666,42,3290,78.3
3667,43,3441,80.0
3668,46,3327,72.3
3669,47,3451,73.4
3670,47,3199,68.1
3671,45,3538,78.6
3672,40,2694,67.4
3673,42,3230,76.9
3674,46,3529,76.7
3675,53,3856,72.8
3676,44,3374,76.7
3677,46,3659,79.5
3678,40,3057,76.4
3679,43,3278,76.2
3680,54,4046,74.9
3681,42,3061,72.9
3682,44,3381,76.8
3683,42,3472,82.7
3684,44,3386,77.0
3685,44,3209,72.9
3686,48,3593,74.9
3687,41,3501,85.4
3688,41,3011,73.4
3689,44,3540,80.5
3690,43,3398,79.0
3691,47,3432,73.0
3692,49,3361,68.6
3693,51,3599,70.6
3694,36,2462,68.4
3695,49,3596,73.4
3696,42,3398,80.9
3697,42,3223,76.7
3698,45,3424,76.1
3699,37,2640,71.4
3700,56,4134,73.8
3701,52,4106,79.0
3702,47,3544,75.4
3703,50,3984,79.7
3704,48,3801,79.2
3705,47,3690,78.5
3706,39,3234,82.9
3707,40,3442,86.0
3708,40,3262,81.6
3709,41,3316,80.9
3710,37,3098,83.7
3711,41,3366,82.1
3712,48,3836,79.9
3713,42,3514,83.7
3714,44,3550,80.7
3715,45,3543,78.7
3716,45,3697,82.2
3717,38,3316,87.3
3718,54,3817,70.7
3719,46,3703,80.5
3720,51,4106,80.5
3721,43,3447,80.2
3722,42,3442,82.0
3723,33,2880,87.3
3724,44,3487,79.2
3725,47,3543,75.4
3726,40,3194,79.8
3727,51,3880,76.1
3728,51,3716,72.9
3729,48,3667,76.4
3730,42,3162,75.3
3731,44,3434,78.0
3732,41,3278,80.0
3733,41,3528,86.0
3734,41,3615,88.2
3735,46,3738,81.3
3736,41,3096,75.5
3737,47,3678,78.3
3738,47,3523,75.0
3739,48,3561,74.2
3740,42,3407,81.1
3741,45,3678,81.7
3742,41,2986,72.8
3743,48,3608,75.2
3744,40,3277,81.9
3745,36,2818,78.3
3746,37,2531,68.4
3747,42,3173,75.5
3748,44,3303,75.1
3749,33,2431,73.7
3750,47,3865,82.2
3751,41,3354,81.8
3752,43,3753,87.3
3753,39,2757,70.7
3754,37,3212,86.8
3755,35,3004,85.8
3756,34,3131,92.1
3757,46,3626,78.8
3758,45,3705,82.3
3759,51,3934,77.1
3760,43,3309,77.0
3761,47,3470,73.8
3762,45,3103,69.0
3763,43,3399,79.0
3764,45,3511,78.0
3765,51,3649,71.5
3766,50,3339,66.8
3767,52,3665,70.5
3768,57,3902,68.5
3769,46,3651,79.4
3770,50,3326,66.5
3771,57,3950,69.3
3772,53,3681,69.5
3773,43,2903,67.5
3774,46,3125,67.9
3775,51,3749,73.5
3776,52,3528,67.8
3777,42,3028,72.1
3778,49,3328,67.9
3779,42,2953,70.3
3780,43,2963,68.9
3781,48,3242,67.5
3782,41,2819,68.8
3783,49,3166,64.6
3784,47,3290,70.0
3785,51,3557,69.7
3786,53,3546,66.9
3787,50,3467,69.3
3788,42,2916,69.4
3789,42,3047,72.5
3790,48,3620,75.4
3791,44,3376,76.7
3792,43,3332,77.5
3793,41,3269,79.7
3794,43,2962,68.9
3795,39,3032,77.7
3796,40,3241,81.0
3797,42,3170,75.5
3798,38,2915,76.7
3799,46,3436,74.7
3800,42,3045,72.5
3801,39,3392,87.0
3802,38,2975,78.3
3803,37,2823,76.3
3804,38,3203,84.3
3805,38,3327,87.6
3806,37,3107,84.0
3807,37,3270,88.4
3808,43,2941,68.4
3809,43,3587,83.4
3810,36,3083,85.6
3811,39,3093,79.3
3812,29,2271,78.3
3813,39,2859,73.3
3814,35,2725,77.9
3815,37,3155,85.3
3816,42,3021,71.9
3817,33,2733,82.8
3818,36,2890,80.3
3819,37,2483,67.1
3820,40,2977,74.4
3821,40,3163,79.1
3822,39,2464,63.2
3823,40,2558,64.0
3824,35,2594,74.1
3825,40,3102,77.6
3826,51,3595,70.5
3827,36,2659,73.9
3828,35,2770,79.1
3829,39,2979,76.4
3830,39,2892,74.2
3831,44,3367,76.5
3832,39,2939,75.4
3833,46,3504,76.2
3834,42,3312,78.9
3835,35,2652,75.8
3836,41,2913,71.0
3837,39,3141,80.5
3838,31,2544,82.1
3839,35,2582,73.8
3840,35,2495,71.3
3841,38,2848,74.9
3842,35,2314,66.1
3843,41,2883,70.3
3844,40,2984,74.6
3845,38,2902,76.4
3846,43,2915,67.8
3847,33,2650,80.3
3848,34,2527,74.3
3849,40,3147,78.7
3850,40,3176,79.4
3851,36,3051,84.8
3852,34,2522,74.2
3853,31,2516,81.2
3854,39,2892,74.2
3855,40,2928,73.2
3856,37,2998,81.0
3857,35,2494,71.3
3858,34,2539,74.7
3859,40,2750,68.8
3860,41,2944,71.8
3861,38,2767,72.8
3862,46,3422,74.4
3863,44,3153,71.7
3864,39,2814,72.2
3865,49,3324,67.8
3866,46,3276,71.2
3867,43,2916,67.8
3868,47,2813,59.9
3869,42,2890,68.8
3870,38,2567,67.6
3871,39,2926,75.0
3872,37,2924,79.0
3873,33,2735,82.9
3874,36,2775,77.1
3875,47,3288,70.0
3876,38,2888,76.0
3877,37,2868,77.5
3878,40,3303,82.6
3879,44,3325,75.6
3880,39,3047,78.1
3881,38,3115,82.0
3882,40,3558,89.0
3883,33,2504,75.9
3884,37,2843,76.8
3885,32,2748,85.9
3886,40,3136,78.4
3887,40,3248,81.2
3888,45,3316,73.7
3889,37,3009,81.3
3890,41,3050,74.4
3891,44,3539,80.4
3892,43,3097,72.0
3893,41,3488,85.1
3894,43,3508,81.6
3895,39,3444,88.3
3896,38,3238,85.2
3897,42,3852,91.7
3898,42,3665,87.3
3899,52,4120,79.2
3900,45,3482,77.4
3901,43,3486,81.1
3902,46,3368,73.2
3903,41,3106,75.8
3904,46,3566,77.5
3905,46,3219,70.0
3906,49,3534,72.1
3907,48,3658,76.2
3908,37,3048,82.4
3909,48,3638,75.8
3910,46,3523,76.6
3911,43,3531,82.1
3912,42,3172,75.5
3913,43,3393,78.9
3914,46,3432,74.6
3915,40,3459,86.5
3916,47,3486,74.2
3917,40,3188,79.7
3918,40,2940,73.5
3919,34,2834,83.4
3920,41,3434,83.8
3921,38,3116,82.0
3922,35,2900,82.9
3923,34,2800,82.4
3924,40,3356,83.9
3925,44,3539,80.4
3926,42,3153,75.1
3927,42,3446,82.0
3928,32,3006,93.9
3929,38,3359,88.4
3930,39,3517,90.2
3931,26,2387,91.8
3932,34,2583,76.0
3933,40,3414,85.4
3934,39,2948,75.6
3935,38,2908,76.5
3936,36,3209,89.1
3937,39,3080,79.0
3938,34,2747,80.8
3939,33,2804,85.0
3940,46,3341,72.6
3941,38,3079,81.0
3942,33,2544,77.1
3943,40,3385,84.6
3944,39,2949,75.6
3945,35,2840,81.1
3946,35,2658,75.9
3947,37,2933,79.3
3948,37,2938,79.4
3949,41,3239,79.0
3950,43,3581,83.3
3951,43,3543,82.4
3952,40,3206,80.2
3953,40,2907,72.7
3954,35,2819,80.5
3955,41,3597,87.7
3956,37,2562,69.2
3957,39,3094,79.3
3958,44,3474,79.0
3959,34,2731,80.3
3960,44,3086,70.1
3961,36,2741,76.1
3962,47,3508,74.6
3963,43,3270,76.0
3964,41,2764,67.4
3965,47,3798,80.8
3966,41,3377,82.4
3967,34,2735,80.4
3968,32,2517,78.7
3969,41,3193,77.9
3970,44,3212,73.0
3971,44,3033,68.9
3972,37,3098,83.7
3973,32,2458,76.8
3974,31,2645,85.3
3975,31,2736,88.3
3976,39,3126,80.2
3977,43,3182,74.0
3978,41,3595,87.7
3979,42,3120,74.3
3980,34,3037,89.3
3981,35,2893,82.7
3982,32,2505,78.3
3983,48,3676,76.6
3984,37,3098,83.7
3985,38,3336,87.8
3986,41,3379,82.4
3987,39,2925,75.0
3988,37,2896,78.3
3989,35,3073,87.8
3990,35,3052,87.2
3991,33,2645,80.2
3992,32,2741,85.7
3993,30,2405,80.2
3994,37,2862,77.4
3995,30,3159,105.3
3996,38,2329,61.3
3997,40,3303,82.6
3998,34,2766,81.4
3999,36,2830,78.6
4000,43,2866,66.7
4001,39,2841,72.8
4002,37,2657,71.8
4003,40,3262,81.6
4004,41,3065,74.8
4005,38,2767,72.8
4006,46,3427,74.5
4007,44,3212,73.0
4008,42,3076,73.2
4009,37,2599,70.2
4010,40,3318,83.0
4011,43,3445,80.1
4012,47,3558,75.7
4013,38,2847,74.9
4014,47,3534,75.2
4015,40,2883,72.1
4016,35,2756,78.7
4017,37,2806,75.8
4018,43,3404,79.2
4019,39,3305,84.7
4020,42,3557,84.7
4021,42,3491,83.1
4022,41,3440,83.9
4023,34,3139,92.3
4024,37,3169,85.6
4025,39,3076,78.9
4026,41,3292,80.3
4027,45,3517,78.2
4028,39,3134,80.4
4029,32,2724,85.1
4030,33,2736,82.9
4031,33,2652,80.4
4032,34,3031,89.1
4033,39,3558,91.2
4034,35,3337,95.3
4035,39,3339,85.6
4036,39,3285,84.2
4037,43,3528,82.0
4038,34,3024,88.9
4039,39,3637,93.3
4040,39,3420,87.7
4041,44,3277,74.5
4042,42,2957,70.4
4043,43,3276,76.2
4044,35,2785,79.6
4045,36,2797,77.7
4046,34,3145,92.5
4047,44,3587,81.5
4048,39,3353,86.0
4049,41,3450,84.1
4050,41,3461,84.4
4051,45,3398,75.5
4052,40,3396,84.9
4053,43,3470,80.7
4054,37,3603,97.4
4055,38,3135,82.5
4056,36,3369,93.6
4057,34,3052,89.8
4058,36,3301,91.7
4059,35,2962,84.6
4060,38,2934,77.2
4061,34,3204,94.2
4062,35,3253,92.9
4063,35,2887,82.5
4064,42,3576,85.1
4065,36,3349,93.0
4066,33,2857,86.6
4067,28,2359,84.2
4068,32,2501,78.2
4069,34,2950,86.8
4070,33,3395,102.9
4071,34,2835,83.4
4072,31,3046,98.3
4073,37,3074,83.1
4074,39,3323,85.2
4075,41,3425,83.5
4076,25,2775,111.0
4077,36,3145,87.4
4078,39,3443,88.3
4079,42,3570,85.0
4080,40,3205,80.1
4081,39,2906,74.5
4082,37,2780,75.1
4083,41,3464,84.5
4084,39,3193,81.9
4085,37,2770,74.9
4086,35,2923,83.5
4087,36,2763,76.8
4088,39,3363,86.2
4089,35,3237,92.5
4090,31,2548,82.2
4091,41,3429,83.6
4092,41,3279,80.0
4093,44,3471,78.9
4094,41,3233,78.9
4095,44,3380,76.8
4096,46,3438,74.7
4097,40,3081,77.0
4098,33,3160,95.8
4099,40,2938,73.4
4100,36,3055,84.9
4101,34,3131,92.1
4102,39,3264,83.7
4103,34,2866,84.3
4104,35,2740,78.3
4105,34,2778,81.7
4106,33,2716,82.3
4107,41,3119,76.1
4108,33,2671,80.9
4109,36,2888,80.2
4110,34,2867,84.3
4111,43,3448,80.2
4112,39,2914,74.7
4113,30,2265,75.5
4114,34,2604,76.6
4115,31,2252,72.6
4116,29,2355,81.2
4117,35,2449,70.0
4118,38,2522,66.4
4119,39,3435,88.1
4120,36,2897,80.5
4121,33,3270,99.1
4122,36,3225,89.6
4123,44,3140,71.4
4124,40,2933,73.3
4125,36,2951,82.0
4126,33,2621,79.4
4127,37,2863,77.4
4128,38,2763,72.7
4129,36,2797,77.7
4130,35,2417,69.1
4131,46,3528,76.7
4132,33,2538,76.9
4133,46,3700,80.4
4134,44,3287,74.7
4135,45,3411,75.8
4136,40,3184,79.6
4137,48,3591,74.8
4138,38,2861,75.3
4139,36,3048,84.7
4140,34,3034,89.2
4141,37,2718,73.5
4142,48,4099,85.4
4143,41,3176,77.5
4144,36,3245,90.1
4145,38,3199,84.2
4146,42,3126,74.4
4147,40,2955,73.9
4148,35,2678,76.5
4149,36,2846,79.1
4150,43,3415,79.4
4151,47,3902,83.0
4152,39,2936,75.3
4153,37,3139,84.8
4154,36,3020,83.9
4155,36,3203,89.0
4156,46,3409,74.1
4157,39,3107,79.7
4158,41,3111,75.9
4159,43,3271,76.1
4160,45,3558,79.1
4161,51,3980,78.0
4162,48,3311,69.0
4163,46,3063,66.6
4164,41,2986,72.8
4165,39,2824,72.4
4166,46,3443,74.8
4167,45,3437,76.4
4168,49,3590,73.3
4169,44,2970,67.5
4170,52,4066,78.2
4171,45,3409,75.8
4172,41,3185,77.7
4173,47,3649,77.6
4174,40,3219,80.5
4175,49,3751,76.6
4176,44,3411,77.5
4177,39,3144,80.6
4178,43,3241,75.4
4179,40,3649,91.2
4180,37,2831,76.5
4181,39,3061,78.5
4182,39,2847,73.0
4183,40,2786,69.6
4184,38,2876,75.7
4185,42,3576,85.1
4186,42,3329,79.3
4187,41,3238,79.0
4188,41,2968,72.4
4189,47,4024,85.6
4190,44,3341,75.9
4191,45,3573,79.4
4192,47,3741,79.6
4193,38,3105,81.7
4194,42,3512,83.6
4195,44,3169,72.0
4196,43,3588,83.4
4197,38,3090,81.3
4198,41,3289,80.2
4199,39,3242,83.1
4200,34,2754,81.0
4201,38,2630,69.2
4202,39,2919,74.8
4203,45,3315,73.7
4204,35,2944,84.1
4205,42,3167,75.4
4206,37,2636,71.2
4207,38,2920,76.8
4208,44,2877,65.4
4209,40,2908,72.7
4210,51,3710,72.7
4211,47,3351,71.3
4212,40,3029,75.7
4213,39,3029,77.7
4214,39,3143,80.6
4215,39,3093,79.3
4216,42,2968,70.7
4217,44,3602,81.9
4218,43,3388,78.8
4219,41,3136,76.5
4220,37,2801,75.7
4221,37,2627,71.0
4222,33,2891,87.6
4223,42,3687,87.8
4224,34,3269,96.1
4225,33,3206,97.2
4226,35,3141,89.7
4227,43,3654,85.0
4228,36,3076,85.4
4229,39,3310,84.9
4230,36,2788,77.4
4231,36,2909,80.8
4232,39,3250,83.3
4233,43,3468,80.7
4234,38,2828,74.4
4235,41,3286,80.1
4236,41,3162,77.1
4237,45,3718,82.6
4238,44,3653,83.0
4239,39,2554,65.5
4240,49,3589,73.2
4241,50,3538,70.8
4242,49,3549,72.4
4243,46,3446,74.9
4244,52,3962,76.2
4245,50,3934,78.7
4246,44,3528,80.2
4247,51,3783,74.2
4248,43,3439,80.0
4249,45,3619,80.4
4250,47,3111,66.2
4251,48,3624,75.5
4252,45,3598,80.0
4253,41,3221,78.6
4254,37,2907,78.6
4255,44,3258,74.0
4256,45,3606,80.1
4257,37,2691,72.7
4258,41,3090,75.4
4259,39,3349,85.9
4260,52,3988,76.7
4261,45,3199,71.1
4262,38,2993,78.8
4263,49,3599,73.4
4264,43,2920,67.9
4265,49,3459,70.6
4266,41,2885,70.4
4267,44,3432,78.0
4268,37,2887,78.0
4269,40,3363,84.1
4270,40,3248,81.2
4271,45,3567,79.3
4272,48,3080,64.2
4273,48,3091,64.4
4274,46,3416,74.3
4275,44,3261,74.1
4276,50,3433,68.7
4277,46,3200,69.6
4278,44,3173,72.1
4279,50,3610,72.2
4280,45,3357,74.6
4281,50,3459,69.2
4282,47,3205,68.2
4283,50,3566,71.3
4284,42,3103,73.9
4285,45,3290,73.1
4286,44,2927,66.5
4287,40,3095,77.4
4288,44,3217,73.1
4289,40,3044,76.1
4290,48,3525,73.4
4291,47,3558,75.7
4292,47,3448,73.4
4293,52,3824,73.5
4294,43,3320,77.2
4295,47,3431,73.0
4296,52,3734,71.8
4297,44,2984,67.8
4298,45,3178,70.6
4299,49,3390,69.2
4300,49,3267,66.7
4301,49,3648,74.4
4302,50,3626,72.5
4303,45,3245,72.1
4304,47,3493,74.3
4305,44,3515,79.9
4306,41,3230,78.8
4307,48,3684,76.8
4308,39,2872,73.6
4309,47,3617,77.0
4310,46,3707,80.6
4311,47,3668,78.0
4312,42,3008,71.6
4313,48,3612,75.2
4314,37,2942,79.5
4315,49,3923,80.1
4316,37,2643,71.4
4317,45,3621,80.5
4318,43,3349,77.9
4319,44,3295,74.9
4320,45,3545,78.8
4321,34,2361,69.4
4322,29,2237,77.1
4323,35,2746,78.5
4324,44,3294,74.9
4325,44,3728,84.7
4326,41,3464,84.5
4327,45,3472,77.2
4328,41,3399,82.9
4329,39,3118,79.9
4330,45,3328,74.0
4331,34,2696,79.3
4332,43,3194,74.3
4333,43,3297,76.7
4334,47,3384,72.0
4335,42,3365,80.1
4336,36,2695,74.9
4337,40,2826,70.6
4338,47,3432,73.0
4339,39,3331,85.4
4340,42,3514,83.7
4341,45,3438,76.4
4342,40,3257,81.4
4343,44,3460,78.6
4344,40,2751,68.8
4345,37,3043,82.2
4346,44,3281,74.6
4347,38,2865,75.4
4348,38,2952,77.7
4349,43,3467,80.6
4350,36,2956,82.1
4351,38,3123,82.2
4352,39,3186,81.7
4353,41,3219,78.5
4354,41,2828,69.0
4355,43,3383,78.7
4356,44,3273,74.4
4357,50,3785,75.7
4358,52,3918,75.3
4359,43,3266,76.0
4360,45,3740,83.1
4361,46,3131,68.1
4362,45,3456,76.8
4363,39,2777,71.2
4364,44,3041,69.1
4365,50,3585,71.7
4366,47,3384,72.0
4367,36,2847,79.1
4368,42,3074,73.2
4369,46,3563,77.5
4370,45,3184,70.8
4371,47,3231,68.7
4372,38,2771,72.9
4373,40,2872,71.8
4374,44,3263,74.2
4375,44,3192,72.5
4376,40,3036,75.9
4377,46,2991,65.0
4378,43,3160,73.5
4379,41,3126,76.2
4380,45,3401,75.6
4381,40,3195,79.9
4382,39,2899,74.3
4383,43,3229,75.1
4384,36,2837,78.8
4385,49,3829,78.1
4386,42,3229,76.9
4387,36,2707,75.2
4388,38,3087,81.2
4389,41,3132,76.4
4390,46,3370,73.3
4391,45,3797,84.4
4392,38,2998,78.9
4393,42,3238,77.1
4394,40,3029,75.7
4395,44,3454,78.5
4396,44,3549,80.7
4397,45,3572,79.4
4398,47,3468,73.8
4399,42,3552,84.6
4400,37,2503,67.6
4401,40,3561,89.0
4402,41,3396,82.8
4403,46,3486,75.8
4404,48,3788,78.9
4405,46,3325,72.3
4406,42,3224,76.8
4407,42,3449,82.1
4408,46,3277,71.2
4409,45,3576,79.5
4410,43,3337,77.6
4411,42,2974,70.8
4412,42,3187,75.9
4413,46,3512,76.3
4414,39,3344,85.7
4415,44,3251,73.9
4416,40,3102,77.6
4417,38,2905,76.4
4418,43,3341,77.7
4419,34,2453,72.1
4420,38,2991,78.7
4421,46,3640,79.1
4422,49,3330,68.0
4423,43,3525,82.0
4424,40,3085,77.1
4425,42,3223,76.7
4426,45,3352,74.5
4427,41,3617,88.2
4428,40,3291,82.3
4429,37,3301,89.2
4430,39,2893,74.2
4431,39,2747,70.4
4432,41,3297,80.4
4433,48,3565,74.3
4434,50,3827,76.5
4435,40,3008,75.2
4436,44,3474,79.0
4437,50,3696,73.9
4438,49,3469,70.8
4439,50,3661,73.2
4440,43,3049,70.9
4441,47,3423,72.8
4442,48,3449,71.9
4443,49,3439,70.2
4444,34,2280,67.1
4445,45,3415,75.9
4446,48,3442,71.7
4447,51,3819,74.9
4448,44,3221,73.2
4449,52,3590,69.0
4450,53,3647,68.8
4451,49,3183,65.0
4452,44,3234,73.5
4453,55,3799,69.1
4454,38,3026,79.6
4455,41,3177,77.5
4456,42,3276,78.0
4457,50,3523,70.5
4458,44,3265,74.2
4459,40,3285,82.1
4460,42,3268,77.8
4461,45,3152,70.0
4462,38,3077,81.0
4463,44,3472,78.9
4464,40,2947,73.7
4465,39,2866,73.5
4466,45,3602,80.0
4467,40,3137,78.4
4468,37,2777,75.1
4469,39,3406,87.3
4470,45,3428,76.2
4471,39,3207,82.2
4472,43,3505,81.5
4473,47,3385,72.0
4474,49,3829,78.1
4475,41,3201,78.1
4476,41,3115,76.0
4477,42,3094,73.7
4478,45,3215,71.4
4479,48,3816,79.5
4480,47,3488,74.2
4481,45,3133,69.6
4482,40,3239,81.0
4483,48,3526,73.5
4484,45,3120,69.3
4485,41,3065,74.8
4486,46,3503,76.2
4487,46,3449,75.0
4488,42,3288,78.3
4489,43,3309,77.0
4490,43,3281,76.3
4491,40,3146,78.6
4492,38,2714,71.4
4493,38,3189,83.9
4494,45,3180,70.7
4495,44,3216,73.1
4496,49,3589,73.2
4497,47,3223,68.6
4498,41,2885,70.4
4499,39,2731,70.0
4500,40,3192,79.8
4501,46,3575,77.7
4502,40,3276,81.9
4503,43,3272,76.1
4504,34,2700,79.4
4505,41,3254,79.4
4506,44,3583,81.4
4507,39,3177,81.5
4508,47,3693,78.6
4509,42,3561,84.8
4510,41,3404,83.0
4511,40,3292,82.3
4512,48,3556,74.1
4513,43,3836,89.2
4514,37,3372,91.1
4515,42,3263,77.7
4516,43,3300,76.7
4517,43,3557,82.7
4518,42,3598,85.7
4519,48,3954,82.4
4520,43,3273,76.1
4521,47,3342,71.1
4522,43,3229,75.1
4523,46,3470,75.4
4524,42,3110,74.0
4525,53,3989,75.3
4526,46,3156,68.6
4527,43,2779,64.6
4528,45,3102,68.9
4529,51,3709,72.7
4530,51,3655,71.7
4531,47,3255,69.3
4532,46,3532,76.8
4533,45,3236,71.9
4534,49,3407,69.5
4535,47,3114,66.3
4536,41,3157,77.0
4537,49,3229,65.9
4538,53,3607,68.1
4539,45,3178,70.6
4540,42,2998,71.4
4541,48,3521,73.4
4542,47,3218,68.5
4543,51,3791,74.3
4544,42,3387,80.6
4545,39,2788,71.5
4546,49,3451,70.4
4547,53,3791,71.5
4548,40,2878,72.0
4549,41,3115,76.0
4550,43,3536,82.2
4551,37,2907,78.6
4552,39,3164,81.1
4553,43,3325,77.3
4554,45,3325,73.9
4555,46,3451,75.0
4556,47,3651,77.7
4557,45,3532,78.5
4558,46,3402,74.0
4559,41,3246,79.2
4560,49,3704,75.6
4561,38,3043,80.1
4562,39,2671,68.5
4563,41,3101,75.6
4564,48,3911,81.5
4565,54,3786,70.1
4566,47,3612,76.9
4567,43,3304,76.8
4568,38,2969,78.1
4569,46,3575,77.7
4570,41,3424,83.5
4571,46,3818,83.0
4572,52,3831,73.7
4573,42,3372,80.3
4574,45,3487,77.5
4575,44,3481,79.1
4576,50,3911,78.2
4577,37,3088,83.5
4578,39,2737,70.2
4579,37,2722,73.6
4580,37,2863,77.4
4581,39,3279,84.1
4582,37,3300,89.2
4583,36,3689,102.5
4584,41,3219,78.5
4585,40,3333,83.3
4586,40,3299,82.5
4587,45,3232,71.8
4588,38,3205,84.3
4589,45,3198,71.1
4590,35,2852,81.5
4591,43,3294,76.6
4592,39,2887,74.0
4593,39,3072,78.8
4594,45,3483,77.4
4595,41,3447,84.1
4596,45,3543,78.7
4597,46,3584,77.9
4598,35,3198,91.4
4599,46,3327,72.3
4600,50,3775,75.5
4601,41,3562,86.9
4602,41,2912,71.0
4603,36,2926,81.3
4604,35,2724,77.8
4605,45,3338,74.2
4606,41,3488,85.1
4607,41,3162,77.1
4608,37,2714,73.4
4609,36,2696,74.9
4610,47,3635,77.3
4611,33,2915,88.3
4612,41,3361,82.0
4613,37,3008,81.3
4614,38,2857,75.2
4615,45,3748,83.3
4616,45,3800,84.4
4617,38,3365,88.6
4618,42,3387,80.6
4619,38,3100,81.6
4620,41,3482,84.9
4621,38,3089,81.3
4622,46,3637,79.1
4623,45,3512,78.0
4624,43,3559,82.8
4625,41,3530,86.1
4626,46,3484,75.7
4627,48,3504,73.0
4628,41,3170,77.3
4629,39,2940,75.4
4630,43,3449,80.2
4631,40,3553,88.8
4632,44,3354,76.2
4633,44,3235,73.5
4634,40,3322,83.0
4635,38,3012,79.3
4636,42,3351,79.8
4637,36,2868,79.7
4638,49,3808,77.7
4639,44,3408,77.5
4640,47,3695,78.6
4641,38,2836,74.6
4642,41,3130,76.3
4643,44,3450,78.4
4644,38,3190,83.9
4645,40,3227,80.7
4646,40,3245,81.1
4647,41,3386,82.6
4648,40,2956,73.9
4649,39,3040,77.9
4650,36,3007,83.5
4651,45,3995,88.8
4652,41,3382,82.5
4653,36,3033,84.2
4654,35,2850,81.4
4655,39,2972,76.2
4656,38,2901,76.3
4657,38,3185,83.8
4658,41,3468,84.6
4659,30,2655,88.5
4660,43,3511,81.7
4661,36,3009,83.6
4662,36,2734,75.9
4663,36,2653,73.7
4664,40,3463,86.6
4665,38,3344,88.0
4666,41,3392,82.7
4667,39,3103,79.6
4668,44,3638,82.7
4669,47,3449,73.4
4670,35,2801,80.0
4671,38,2756,72.5
4672,43,3056,71.1
4673,43,3341,77.7
4674,49,3610,73.7
4675,39,3426,87.8
4676,42,3291,78.4
4677,37,2751,74.4
4678,46,3539,76.9
4679,42,3355,79.9
4680,40,2972,74.3
4681,42,3355,79.9
4682,46,4056,88.2
4683,49,3515,71.7
4684,47,3117,66.3
4685,40,3346,83.6
4686,40,3011,75.3
4687,46,3034,66.0
4688,30,2269,75.6
4689,42,3105,73.9
4690,37,2938,79.4
4691,44,3599,81.8
4692,46,3716,80.8
4693,42,3377,80.4
4694,41,3266,79.7
4695,42,3397,80.9
4696,44,3496,79.5
4697,42,3518,83.8
4698,44,3508,79.7
4699,43,3380,78.6
4700,42,3833,91.3
4701,40,3497,87.4
4702,47,3699,78.7
4703,45,3696,82.1
4704,45,3715,82.6
4705,45,3367,74.8
4706,51,4005,78.5
4707,46,3832,83.3
4708,45,3614,80.3
4709,44,3816,86.7
4710,48,3820,79.6
4711,41,3242,79.1
4712,42,3487,83.0
4713,47,3848,81.9
4714,50,4084,81.7
4715,50,4108,82.2
4716,46,3748,81.5
4717,52,3607,69.4
4718,39,3162,81.1
4719,42,3522,83.9
4720,45,3744,83.2
4721,46,3869,84.1
4722,43,3347,77.8
4723,45,3463,77.0
4724,45,3743,83.2
4725,47,3532,75.1
4726,38,3106,81.7
4727,43,3152,73.3
4728,37,2901,78.4
4729,39,3387,86.8
4730,45,3517,78.2
4731,42,3537,84.2
4732,46,3679,80.0
4733,46,3358,73.0
4734,46,3506,76.2
4735,48,3494,72.8
4736,44,3333,75.8
4737,42,3240,77.1
4738,42,3117,74.2
4739,42,3038,72.3
4740,39,3094,79.3
4741,47,3319,70.6
4742,33,2587,78.4
4743,42,3510,83.6
4744,45,3787,84.2
4745,47,3706,78.9
4746,41,3714,90.6
4747,42,3356,79.9
4748,47,3708,78.9
4749,36,2646,73.5
4750,38,2698,71.0
4751,36,2765,76.8
4752,43,2859,66.5
4753,46,3348,72.8
4754,40,3376,84.4
4755,35,2882,82.3
4756,36,2754,76.5
4757,36,2539,70.5
4758,39,3061,78.5
4759,37,2609,70.5
4760,39,3032,77.7
4761,33,2603,78.9
4762,41,3174,77.4
4763,47,3620,77.0
4764,36,3052,84.8
4765,40,3241,81.0
4766,41,2990,72.9
4767,40,3138,78.4
4768,38,2877,75.7
4769,42,3456,82.3
4770,41,3159,77.0
4771,39,2775,71.2
4772,40,3060,76.5
4773,46,3578,77.8
4774,40,3384,84.6
4775,36,2790,77.5
4776,36,2625,72.9
4777,37,2631,71.1
4778,40,3294,82.4
4779,45,3378,75.1
4780,39,3147,80.7
4781,33,2929,88.8
4782,36,2660,73.9
4783,43,3202,74.5
4784,37,2487,67.2
4785,43,3468,80.7
4786,38,3080,81.1
4787,38,2922,76.9
4788,43,3680,85.6
4789,32,2575,80.5
4790,38,2878,75.7
4791,34,2564,75.4
4792,31,2581,83.3
4793,39,3325,85.3
4794,32,2617,81.8
4795,37,3160,85.4
4796,35,3231,92.3
4797,38,2883,75.9
4798,39,3166,81.2
4799,35,3262,93.2
4800,40,3584,89.6
4801,36,3186,88.5
4802,38,3135,82.5
4803,35,2715,77.6
4804,38,3404,89.6
4805,39,3505,89.9
4806,36,2691,74.8
4807,40,3341,83.5
4808,41,3265,79.6
4809,44,3060,69.5
4810,43,3042,70.7
4811,50,3760,75.2
4812,41,3015,73.5
4813,43,3117,72.5
4814,38,2764,72.7
4815,44,3071,69.8
4816,38,2957,77.8
4817,43,3422,79.6
4818,37,2828,76.4
4819,37,2574,69.6
4820,46,3571,77.6
4821,46,3435,74.7
4822,42,3124,74.4
4823,45,3347,74.4
4824,41,2806,68.4
4825,51,3831,75.1
4826,48,3584,74.7
4827,42,3194,76.0
4828,46,3139,68.2
4829,40,2997,74.9
4830,42,2655,63.2
4831,42,3255,77.5
4832,39,3220,82.6
4833,39,3160,81.0
4834,37,2923,79.0
4835,36,3028,84.1
4836,35,2912,83.2
4837,36,3112,86.4
4838,39,3191,81.8
4839,52,3993,76.8
4840,43,3979,92.5
4841,43,3671,85.4
4842,37,2908,78.6
4843,38,2908,76.5
4844,51,4109,80.6
4845,38,2905,76.4
4846,44,3707,84.2
4847,48,4067,84.7
4848,49,4235,86.4
4849,50,4141,82.8
4850,42,3585,85.4
4851,54,4434,82.1
4852,55,4499,81.8
4853,46,3568,77.6
4854,38,3216,84.6
4855,48,4045,84.3
4856,51,3944,77.3
4857,48,4078,85.0
4858,43,3829,89.0
4859,45,3741,83.1
4860,53,3895,73.5
4861,43,3591,83.5
4862,45,3686,81.9
4863,47,3859,82.1
4864,36,3197,88.8
4865,46,3721,80.9
4866,43,3341,77.7
4867,45,3458,76.8
4868,44,3459,78.6
4869,50,4046,80.9
4870,43,3185,74.1
4871,43,3142,73.1
4872,38,2878,75.7
4873,39,3120,80.0
4874,46,3538,76.9
4875,42,3069,73.1
4876,40,2947,73.7
4877,37,3059,82.7
4878,38,3208,84.4
4879,39,3176,81.4
4880,40,3114,77.8
4881,42,3281,78.1
4882,49,3765,76.8
4883,38,3186,83.8
4884,41,3371,82.2
4885,45,3669,81.5
4886,42,3101,73.8
4887,39,3059,78.4
4888,38,2765,72.8
4889,48,3087,64.3
4890,47,3738,79.5
4891,43,3603,83.8
4892,40,3013,75.3
4893,49,3705,75.6
4894,40,3263,81.6
4895,44,3522,80.0
4896,48,3977,82.9
4897,45,3414,75.9
4898,48,3943,82.1
4899,45,3169,70.4
4900,48,3496,72.8
4901,42,3116,74.2
4902,41,3070,74.9
4903,46,3355,72.9
4904,44,3001,68.2
4905,45,3107,69.0
4906,47,3485,74.1
4907,40,2933,73.3
4908,43,3180,74.0
4909,46,3729,81.1
4910,44,3543,80.5
4911,41,3331,81.2
4912,47,3323,70.7
4913,44,3472,78.9
4914,45,3388,75.3
4915,41,2929,71.4
4916,42,3256,77.5
4917,39,2874,73.7
4918,49,3342,68.2
4919,47,3283,69.9
4920,43,3295,76.6
4921,42,3196,76.1
4922,41,3174,77.4
4923,34,3028,89.1
4924,43,3242,75.4
4925,48,3692,76.9
4926,42,3340,79.5
4927,40,3308,82.7
4928,43,3180,74.0
4929,41,3110,75.9
4930,43,3195,74.3
4931,41,3357,81.9
4932,41,2991,73.0
4933,45,3089,68.6
4934,40,2712,67.8
4935,46,2928,63.7
4936,44,3326,75.6
4937,43,3100,72.1
4938,41,3447,84.1
4939,41,3008,73.4
4940,46,3451,75.0
4941,41,2746,67.0
4942,49,3777,77.1
4943,42,3487,83.0
4944,43,3459,80.4
4945,47,3661,77.9
4946,39,3078,78.9
4947,44,3420,77.7
4948,38,2882,75.8
4949,36,3135,87.1
4950,39,3602,92.4
4951,41,3105,75.7
4952,42,3211,76.5
4953,46,3413,74.2
4954,42,3023,72.0
4955,49,3433,70.1
4956,40,2921,73.0
4957,40,3033,75.8
4958,44,3363,76.4
4959,44,3077,69.9
4960,48,3424,71.3
4961,43,3237,75.3
4962,35,2680,76.6
4963,37,2566,69.4
4964,47,3516,74.8
4965,37,2851,77.1
4966,43,3030,70.5
4967,50,3285,65.7
4968,44,3369,76.6
4969,47,3350,71.3
4970,42,3056,72.8
4971,46,3220,70.0
4972,45,3176,70.6
4973,51,3666,71.9
4974,47,3267,69.5
4975,49,3815,77.9
4976,49,3608,73.6
4977,40,2860,71.5
4978,44,3191,72.5
4979,40,3142,78.6
4980,37,2561,69.2
4981,46,3779,82.2
4982,43,3309,77.0
4983,41,3195,77.9
4984,40,2968,74.2
4985,46,3595,78.2
4986,45,3415,75.9
4987,51,3956,77.6
4988,45,3532,78.5
4989,43,3375,78.5
4990,47,3848,81.9
4991,47,3434,73.1
4992,41,3232,78.8
4993,36,2867,79.6
4994,40,2893,72.3
4995,40,3179,79.5
4996,38,3334,87.7
4997,44,3213,73.0
4998,44,3336,75.8
4999,38,3066,80.7
5000,32,2609,81.5
5001,38,2951,77.7
5002,43,3599,83.7
5003,42,3483,82.9
5004,36,2934,81.5
5005,37,2871,77.6
5006,32,2925,91.4
5007,36,3198,88.8
5008,43,3006,69.9
5009,39,3355,86.0
5010,40,3187,79.7
5011,40,3262,81.6
5012,34,2642,77.7
5013,36,2728,75.8
5014,39,2910,74.6
5015,37,3424,92.5
5016,41,3480,84.9
5017,40,3515,87.9
5018,39,2832,72.6
5019,35,3006,85.9
5020,39,3159,81.0
5021,37,2605,70.4
5022,34,2950,86.8
5023,43,3387,78.8
5024,37,2834,76.6
5025,36,3039,84.4
5026,36,2739,76.1
5027,38,3152,82.9
5028,38,3004,79.1
5029,46,3374,73.3
5030,39,3067,78.6
5031,37,2860,77.3
5032,35,2805,80.1
5033,36,3168,88.0
5034,38,3129,82.3
5035,43,3508,81.6
5036,39,3506,89.9
5037,40,3740,93.5
5038,46,3829,83.2
5039,44,3500,79.5
5040,46,3752,81.6
5041,41,3094,75.5
5042,50,3798,76.0
5043,39,2844,72.9
5044,45,3886,86.4
5045,40,3367,84.2
5046,43,3357,78.1
5047,44,3571,81.2
5048,45,3336,74.1
5049,45,3330,74.0
5050,46,3467,75.4
5051,48,3350,69.8
5052,49,3776,77.1
5053,50,3855,77.1
5054,47,3414,72.6
5055,50,4138,82.8
5056,52,3655,70.3
5057,45,2951,65.6
5058,48,2886,60.1
5059,48,2864,59.7
5060,43,2744,63.8
5061,41,2924,71.3
5062,42,3024,72.0
5063,43,3213,74.7
5064,38,2630,69.2
5065,48,3390,70.6
5066,47,3102,66.0
5067,48,3427,71.4
5068,49,3580,73.1
5069,45,3164,70.3
5070,48,3416,71.2
5071,48,3890,81.0
5072,46,3426,74.5
5073,46,3149,68.5
5074,45,3208,71.3
5075,45,3067,68.2
5076,47,3615,76.9
5077,40,3527,88.2
5078,39,2876,73.7
5079,42,3434,81.8
5080,41,3381,82.5
5081,44,3551,80.7
5082,41,3300,80.5
5083,38,3354,88.3
5084,44,3353,76.2
5085,43,3202,74.5
5086,38,2852,75.1
5087,33,2843,86.2
5088,35,2758,78.8
5089,42,3466,82.5
5090,51,3971,77.9
5091,51,3987,78.2
5092,40,3363,84.1
5093,39,3241,83.1
5094,43,3333,77.5
5095,47,3506,74.6
5096,40,3222,80.6
5097,44,3451,78.4
5098,35,2853,81.5
5099,42,3069,73.1
5100,31,2359,76.1
5101,47,3987,84.8
5102,50,3637,72.7
5103,45,3476,77.2
5104,45,3466,77.0
5105,40,3411,85.3
5106,45,3483,77.4
5107,42,3037,72.3
5108,40,2612,65.3
5109,37,3196,86.4
5110,44,3340,75.9
5111,39,3085,79.1
5112,37,2434,65.8
5113,43,3294,76.6
5114,38,2815,74.1
5115,37,2788,75.4
5116,37,2987,80.7
5117,32,2492,77.9
5118,36,2757,76.6
5119,36,2818,78.3
5120,39,2841,72.8
5121,40,2782,69.6
5122,45,3162,70.3
5123,41,3411,83.2
5124,44,3809,86.6
5125,38,3049,80.2
5126,38,3165,83.3
5127,40,3245,81.1
5128,39,3528,90.5
5129,40,3459,86.5
5130,43,3244,75.4
5131,45,3693,82.1
5132,45,3509,78.0
5133,40,2993,74.8
5134,38,2936,77.3
5135,44,3224,73.3
5136,42,3275,78.0
5137,34,2753,81.0
5138,46,3566,77.5
5139,44,2954,67.1
5140,37,3002,81.1
5141,38,3083,81.1
5142,36,2742,76.2
5143,42,2986,71.1
5144,42,3400,81.0
5145,51,3648,71.5
5146,37,3385,91.5
5147,41,3027,73.8
5148,42,3019,71.9
5149,32,2509,78.4
5150,49,3540,72.2
5151,44,3289,74.8
5152,44,3016,68.5
5153,46,3094,67.3
5154,37,2593,70.1
5155,42,2902,69.1
5156,46,3148,68.4
5157,35,2408,68.8
5158,38,3080,81.1
5159,44,3252,73.9
5160,40,2918,73.0
5161,41,3041,74.2
5162,42,2961,70.5
5163,34,2782,81.8
5164,50,3208,64.2
5165,39,2874,73.7
5166,38,2850,75.0
5167,42,3188,75.9
5168,40,3345,83.6
5169,39,3224,82.7
5170,46,3534,76.8
5171,37,2863,77.4
5172,43,3281,76.3
5173,50,3414,68.3
5174,44,3632,82.5
5175,41,3373,82.3
5176,39,3279,84.1
5177,37,3006,81.2
5178,35,3105,88.7
5179,38,3136,82.5
5180,35,2721,77.7
5181,37,2989,80.8
5182,36,2979,82.8
5183,36,2925,81.2
5184,26,2112,81.2
5185,41,3191,77.8
5186,43,3328,77.4
5187,39,2886,74.0
5188,40,2873,71.8
5189,49,3344,68.2
5190,39,2585,66.3
5191,47,3616,76.9
5192,36,2823,78.4
5193,37,2645,71.5
5194,38,2982,78.5
5195,34,2709,79.7
5196,38,2786,73.3
5197,37,2722,73.6
5198,32,2204,68.9
5199,39,2782,71.3
5200,38,2883,75.9
5201,45,3262,72.5
5202,40,3000,75.0
5203,41,2853,69.6
5204,42,3021,71.9
5205,43,3236,75.3
5206,46,3155,68.6
5207,52,3768,72.5
5208,47,3330,70.9
5209,42,3075,73.2
5210,42,3086,73.5
5211,45,3151,70.0
5212,41,3176,77.5
5213,37,2896,78.3
5214,49,3507,71.6
5215,40,2939,73.5
5216,43,3040,70.7
5217,45,3311,73.6
5218,38,2856,75.2
5219,42,3094,73.7
5220,45,3107,69.0
5221,37,2545,68.8
5222,48,3257,67.9
5223,50,3046,60.9
5224,38,2864,75.4
5225,43,2980,69.3
5226,46,3252,70.7
5227,43,2773,64.5
5228,39,2965,76.0
5229,41,3221,78.6
5230,39,2926,75.0
5231,35,2391,68.3
5232,43,2786,64.8
5233,40,2774,69.4
5234,37,3051,82.5
5235,35,2552,72.9
5236,40,2948,73.7
5237,41,2679,65.3
5238,40,3053,76.3
5239,41,3173,77.4
5240,34,2410,70.9
5241,43,2766,64.3
5242,42,2917,69.5
5243,39,2793,71.6
5244,32,2418,75.6
5245,38,2892,76.1
5246,40,3063,76.6
5247,38,2599,68.4
5248,39,3065,78.6
5249,47,3692,78.6
5250,40,2865,71.6
5251,40,3049,76.2
5252,45,3402,75.6
5253,50,3827,76.5
5254,53,4148,78.3
5255,51,3624,71.1
5256,53,3684,69.5
5257,47,3303,70.3
5258,52,3470,66.7
5259,44,2899,65.9
5260,45,2971,66.0
5261,40,2911,72.8
5262,48,3265,68.0
5263,50,3137,62.7
5264,48,3012,62.8
5265,49,3453,70.5
5266,46,3294,71.6
5267,52,3724,71.6
5268,46,3208,69.7
5269,44,3358,76.3
5270,41,3133,76.4
5271,43,3328,77.4
5272,46,2972,64.6
5273,46,3484,75.7
5274,47,3308,70.4
5275,52,3554,68.3
5276,46,3375,73.4
5277,45,3426,76.1
5278,43,3171,73.7
5279,40,2684,67.1
5280,40,3236,80.9
5281,44,3522,80.0
5282,41,3080,75.1
5283,48,3615,75.3
5284,51,3690,72.4
5285,43,3259,75.8
5286,48,3716,77.4
5287,46,3327,72.3
5288,51,3408,66.8
5289,45,3200,71.1
5290,40,2585,64.6
5291,49,3160,64.5
5292,41,2709,66.1
5293,47,3385,72.0
5294,50,3264,65.3
5295,45,3342,74.3
5296,47,3162,67.3
5297,42,3046,72.5
5298,44,3118,70.9
5299,44,3589,81.6
5300,46,3446,74.9
5301,43,3247,75.5
5302,42,3089,73.5
5303,36,2788,77.4
5304,41,3190,77.8
5305,46,3037,66.0
5306,43,3159,73.5
5307,43,2853,66.3
5308,44,2735,62.2
5309,43,2978,69.3
5310,35,2662,76.1
5311,36,2700,75.0
5312,44,2970,67.5
5313,45,3085,68.6
5314,49,3243,66.2
5315,43,3007,69.9
5316,44,2779,63.2
5317,46,3222,70.0
5318,40,3106,77.6
5319,39,2682,68.8
5320,49,3162,64.5
5321,44,3117,70.8
5322,38,2576,67.8
5323,42,2860,68.1
5324,42,2984,71.0
5325,42,3024,72.0
5326,45,3047,67.7
5327,42,3126,74.4
5328,42,3088,73.5
5329,42,3026,72.0
5330,36,2272,63.1
5331,39,2957,75.8
5332,36,2551,70.9
5333,35,2410,68.9
5334,41,3076,75.0
5335,33,2194,66.5
5336,40,2874,71.8
5337,37,2522,68.2
5338,39,2688,68.9
5339,32,2232,69.8
5340,31,2244,72.4
5341,39,2791,71.6
5342,43,3191,74.2
5343,35,2626,75.0
5344,33,2454,74.4
5345,43,3064,71.3
5346,42,3076,73.2
5347,36,2433,67.6
5348,37,2462,66.5
5349,35,2294,65.5
5350,35,2352,67.2
5351,39,2580,66.2
5352,43,3029,70.4
5353,33,2274,68.9
5354,32,2416,75.5
5355,34,2646,77.8
5356,32,2144,67.0
5357,32,2316,72.4
5358,31,2236,72.1
5359,37,2861,77.3
5360,41,3157,77.0
5361,36,2864,79.6
5362,36,2765,76.8
5363,40,2968,74.2
5364,34,2602,76.5
5365,34,2417,71.1
5366,35,2197,62.8
5367,38,2729,71.8
5368,36,2190,60.8
5369,31,2225,71.8
5370,39,2483,63.7
5371,49,3407,69.5
5372,44,2892,65.7
5373,47,3207,68.2
5374,38,2545,67.0
5375,51,3502,68.7
5376,45,3347,74.4
5377,45,3314,73.6
5378,48,3234,67.4
5379,39,2619,67.2
5380,39,2869,73.6
5381,39,3098,79.4
5382,41,2948,71.9
5383,37,2645,71.5
5384,40,2842,71.0
5385,45,3489,77.5
5386,44,3376,76.7
5387,41,2667,65.0
5388,40,2871,71.8
5389,26,1708,65.7
5390,35,2432,69.5
5391,33,2303,69.8
5392,43,2872,66.8
5393,43,2965,69.0
5394,49,3301,67.4
5395,41,3135,76.5
5396,45,3043,67.6
5397,40,2771,69.3
5398,45,3264,72.5
5399,37,3190,86.2
5400,48,3258,67.9
5401,53,3413,64.4
5402,40,2656,66.4
5403,44,3505,79.7
5404,45,3317,73.7
5405,42,3239,77.1
5406,42,3126,74.4
5407,38,2776,73.1
5408,40,3072,76.8
5409,40,2856,71.4
5410,39,2949,75.6
5411,42,2992,71.2
5412,43,3120,72.6
5413,43,3122,72.6
5414,44,3320,75.5
5415,48,3550,74.0
5416,44,3275,74.4
5417,47,3447,73.3
5418,40,2892,72.3
5419,39,3272,83.9
5420,43,3434,79.9
5421,46,3680,80.0
5422,45,3703,82.3
5423,45,3579,79.5
5424,38,3285,86.4
5425,42,3427,81.6
5426,44,3675,83.5
5427,45,3724,82.8
5428,43,3720,86.5
5429,41,3220,78.5
5430,41,3347,81.6
5431,46,3851,83.7
5432,46,3879,84.3
5433,47,3865,82.2
5434,51,3938,77.2
5435,43,3265,75.9
5436,41,3241,79.0
5437,39,2913,74.7
5438,43,3562,82.8
5439,41,3216,78.4
5440,44,3397,77.2
5441,47,3278,69.7
5442,42,2880,68.6
5443,42,3114,74.1
5444,50,3787,75.7
5445,47,3684,78.4
5446,40,3175,79.4
5447,42,3315,78.9
5448,48,3620,75.4
5449,45,3696,82.1
5450,45,3268,72.6
5451,45,3679,81.8
5452,47,3553,75.6
5453,42,3283,78.2
5454,44,3237,73.6
5455,39,2778,71.2
5456,42,3273,77.9
5457,39,2954,75.7
5458,42,3602,85.8
5459,36,2487,69.1
5460,44,3278,74.5
5461,42,3254,77.5
5462,37,2830,76.5
5463,40,3257,81.4
5464,39,2744,70.4
5465,44,3181,72.3
5466,38,2898,76.3
5467,39,2813,72.1
5468,39,3026,77.6
5469,38,3065,80.7
5470,44,3150,71.6
5471,34,2746,80.8
5472,36,2494,69.3
5473,44,2932,66.6
5474,39,3072,78.8
5475,43,3413,79.4
5476,42,3392,80.8
5477,41,2962,72.2
5478,48,3598,75.0
5479,39,2784,71.4
5480,45,3208,71.3
5481,43,3075,71.5
5482,41,3101,75.6
5483,42,3261,77.6
5484,51,3562,69.8
5485,57,3791,66.5
5486,46,3100,67.4
5487,41,2907,70.9
5488,45,3117,69.3
5489,43,3142,73.1
5490,40,2896,72.4
5491,42,2959,70.5
5492,44,2945,66.9
5493,50,3368,67.4
5494,40,2771,69.3
5495,44,3173,72.1
5496,42,2864,68.2
5497,52,3476,66.8
5498,42,3218,76.6
5499,41,2926,71.4
5500,39,2643,67.8
5501,38,2679,70.5
5502,41,2885,70.4
5503,40,2970,74.2
5504,38,2991,78.7
5505,37,2774,75.0
5506,42,3023,72.0
5507,44,3518,80.0
5508,45,3322,73.8
5509,39,2653,68.0
5510,34,2722,80.1
5511,42,3124,74.4
5512,43,3166,73.6
5513,43,3207,74.6
5514,42,3558,84.7
5515,35,3067,87.6
5516,44,3370,76.6
5517,34,3061,90.0
5518,39,3457,88.6
5519,40,3456,86.4
5520,42,3236,77.0
5521,34,2564,75.4
5522,39,2817,72.2
5523,45,3092,68.7
5524,43,3101,72.1
5525,47,3368,71.7
5526,43,3367,78.3
5527,36,2848,79.1
5528,41,3030,73.9
5529,44,3088,70.2
5530,46,3015,65.5
5531,39,2740,70.3
5532,38,2941,77.4
5533,36,2584,71.8
5534,37,2605,70.4
5535,40,2900,72.5
5536,46,3255,70.8
5537,35,2764,79.0
5538,43,3321,77.2
5539,39,3043,78.0
5540,34,2481,73.0
5541,39,3356,86.1
5542,41,3527,86.0
5543,44,3272,74.4
5544,44,3395,77.2
5545,37,2546,68.8
5546,41,2871,70.0
5547,48,3311,69.0
5548,47,3144,66.9
5549,43,2828,65.8
5550,40,2780,69.5
5551,43,3322,77.3
5552,34,2563,75.4
5553,38,2760,72.6
5554,45,3237,71.9
5555,43,2952,68.7
5556,43,3205,74.5
5557,33,2582,78.2
5558,43,3058,71.1
5559,44,2910,66.1
5560,46,3352,72.9
5561,45,3040,67.6
5562,42,3173,75.5
5563,46,3188,69.3
5564,52,3578,68.8
5565,40,2858,71.4
5566,42,3110,74.0
5567,40,2646,66.2
5568,43,3423,79.6
5569,50,3223,64.5
5570,48,3479,72.5
5571,45,3600,80.0
5572,43,3240,75.3
5573,37,2909,78.6
5574,42,3123,74.4
5575,43,2898,67.4
5576,50,3682,73.6
5577,40,2684,67.1
5578,45,3073,68.3
5579,50,3396,67.9
5580,41,2642,64.4
5581,39,2824,72.4
5582,43,3181,74.0
5583,41,2834,69.1
5584,48,3279,68.3
5585,42,2867,68.3
5586,39,2710,69.5
5587,39,2814,72.2
5588,46,3507,76.2
5589,46,3355,72.9
5590,40,2609,65.2
5591,36,2609,72.5
5592,36,3084,85.7
5593,42,2962,70.5
5594,42,2895,68.9
5595,46,3220,70.0
5596,40,2902,72.6
5597,38,2978,78.4
5598,45,3562,79.2
5599,46,3841,83.5
5600,47,3597,76.5
5601,48,3686,76.8
5602,50,3603,72.1
5603,42,3332,79.3
5604,48,3677,76.6
5605,58,4018,69.3
5606,40,3295,82.4
5607,53,3962,74.8
5608,47,3408,72.5
5609,47,3561,75.8
5610,39,2846,73.0
5611,44,3148,71.5
5612,46,3304,71.8
5613,43,3087,71.8
5614,40,2973,74.3
5615,40,3018,75.4
5616,44,3253,73.9
5617,38,2955,77.8
5618,50,3625,72.5
5619,35,2789,79.7
5620,44,3294,74.9
5621,43,2976,69.2
5622,43,3138,73.0
5623,39,3088,79.2
5624,49,3770,76.9
5625,49,3910,79.8
5626,42,3538,84.2
5627,46,3333,72.5
5628,47,3666,78.0
5629,46,3991,86.8
5630,44,3543,80.5
5631,36,2944,81.8
5632,48,3781,78.8
5633,46,4165,90.5
5634,37,3578,96.7
5635,37,3612,97.6
5636,37,2900,78.4
5637,46,3707,80.6
5638,40,3106,77.6
5639,39,3401,87.2
5640,38,3246,85.4
5641,37,3023,81.7
5642,36,2971,82.5
5643,44,3197,72.7
5644,45,3303,73.4
5645,44,3562,81.0
5646,37,3531,95.4
5647,44,4033,91.7
5648,40,2994,74.8
5649,40,3289,82.2
5650,44,3328,75.6
5651,40,3021,75.5
5652,38,3370,88.7
5653,38,3252,85.6
5654,38,2964,78.0
5655,40,2992,74.8
5656,37,3050,82.4
5657,50,3553,71.1
5658,34,2782,81.8
5659,42,3510,83.6
5660,39,3209,82.3
5661,48,3906,81.4
5662,39,3146,80.7
5663,35,3001,85.7
5664,39,3171,81.3
5665,44,3862,87.8
5666,43,3278,76.2
5667,41,3379,82.4
5668,41,3309,80.7
5669,45,3586,79.7
5670,41,3235,78.9
5671,47,3483,74.1
5672,47,4014,85.4
5673,48,3971,82.7
5674,45,3469,77.1
5675,43,3376,78.5
5676,40,3102,77.6
5677,46,3641,79.2
5678,47,3633,77.3
5679,44,3386,77.0
5680,43,3167,73.7
5681,49,3703,75.6
5682,40,3256,81.4
5683,42,2939,70.0
5684,43,3221,74.9
5685,44,3677,83.6
5686,41,3322,81.0
5687,43,3520,81.9
5688,40,2913,72.8
5689,42,3469,82.6
5690,41,3181,77.6
5691,40,3242,81.0
5692,45,3222,71.6
5693,42,3265,77.7
5694,48,3776,78.7
5695,39,3183,81.6
5696,42,3580,85.2
5697,41,3206,78.2
5698,38,2874,75.6
5699,39,3430,87.9
5700,39,3195,81.9
5701,39,3076,78.9
5702,33,2686,81.4
5703,31,2439,78.7
5704,40,3380,84.5
5705,40,3333,83.3
5706,39,3099,79.5
5707,35,2983,85.2
5708,44,3688,83.8
5709,46,3603,78.3
5710,43,3490,81.2
5711,44,3542,80.5
5712,41,3421,83.4
5713,44,3673,83.5
5714,46,3730,81.1
5715,41,3254,79.4
5716,44,3633,82.6
5717,47,3590,76.4
5718,40,2738,68.4
5719,41,3687,89.9
5720,47,3257,69.3
5721,41,2863,69.8
5722,41,2807,68.5
5723,38,2746,72.3
5724,43,3161,73.5
5725,46,3243,70.5
5726,44,2990,68.0
5727,47,3332,70.9
5728,35,3070,87.7
5729,38,2963,78.0
5730,40,3004,75.1
5731,44,3476,79.0
5732,45,3708,82.4
5733,44,3209,72.9
5734,40,3265,81.6
5735,39,3397,87.1
5736,40,3045,76.1
5737,36,2673,74.2
5738,35,2847,81.3
5739,42,3209,76.4
5740,44,3643,82.8
5741,45,3701,82.2
5742,46,3538,76.9
5743,42,2842,67.7
5744,40,2811,70.3
5745,45,3087,68.6
5746,47,3403,72.4
5747,46,3418,74.3
5748,40,3253,81.3
5749,39,2668,68.4
5750,35,2313,66.1
5751,38,2754,72.5
5752,37,2741,74.1
5753,33,2385,72.3
5754,36,2786,77.4
5755,33,2594,78.6
5756,35,2769,79.1
5757,32,2670,83.4
5758,40,2737,68.4
5759,41,2623,64.0
5760,37,2738,74.0
5761,38,2843,74.8
5762,43,3003,69.8
5763,38,2658,69.9
5764,46,3340,72.6
5765,50,3677,73.5
5766,44,3428,77.9
5767,43,3201,74.4
5768,41,3298,80.4
5769,37,2912,78.7
5770,42,2895,68.9
5771,42,3881,92.4
5772,39,2797,71.7
5773,40,3183,79.6
5774,33,2635,79.8
5775,35,2514,71.8
5776,35,2885,82.4
5777,37,2952,79.8
5778,34,3105,91.3
5779,38,3341,87.9
5780,39,3275,84.0
5781,40,3717,92.9
5782,42,3623,86.3
5783,32,2606,81.4
5784,43,3691,85.8
5785,34,2524,74.2
5786,39,3103,79.6
5787,36,3245,90.1
5788,42,3583,85.3
5789,40,3063,76.6
5790,39,2705,69.4
5791,32,2541,79.4
5792,33,2676,81.1
5793,34,2816,82.8
5794,38,2889,76.0
5795,44,3353,76.2
5796,41,3067,74.8
5797,34,2894,85.1
5798,40,3064,76.6
5799,39,3111,79.8
5800,40,3242,81.0
5801,41,3018,73.6
5802,42,3178,75.7
5803,44,3559,80.9
5804,39,2914,74.7
5805,32,2646,82.7
5806,41,2917,71.1
5807,35,2750,78.6
5808,36,2949,81.9
5809,36,3249,90.2
5810,32,2526,78.9
5811,34,2805,82.5
5812,35,2714,77.5
5813,42,3829,91.2
5814,36,3145,87.4
5815,33,2908,88.1
5816,28,2326,83.1
5817,32,2398,74.9
5818,34,2365,69.6
5819,38,2980,78.4
5820,40,2977,74.4
5821,36,2573,71.5
5822,38,2672,70.3
5823,42,3357,79.9
5824,47,3499,74.4
5825,47,3325,70.7
5826,42,3230,76.9
5827,42,3208,76.4
5828,40,3327,83.2
5829,41,2858,69.7
5830,39,2854,73.2
5831,34,2618,77.0
5832,41,3259,79.5
5833,33,2336,70.8
5834,41,3244,79.1
5835,32,2555,79.8
5836,42,3470,82.6
5837,38,3282,86.4
5838,35,2913,83.2
5839,34,2972,87.4
5840,39,3210,82.3
5841,43,3696,86.0
5842,41,3520,85.9
5843,43,3798,88.3
5844,44,3831,87.1
5845,42,3741,89.1
5846,43,3422,79.6
5847,46,3751,81.5
5848,37,2950,79.7
5849,46,3147,68.4
5850,44,2959,67.2
5851,39,2618,67.1
5852,41,3211,78.3
5853,41,2924,71.3
5854,37,3587,96.9
5855,29,2067,71.3
5856,35,3043,86.9
5857,38,3510,92.4
5858,34,2986,87.8
5859,40,3197,79.9
5860,33,3220,97.6
5861,35,2725,77.9
5862,35,3348,95.7
5863,36,2910,80.8
5864,31,2537,81.8
5865,40,3232,80.8
5866,38,2812,74.0
5867,35,2722,77.8
5868,36,2912,80.9
5869,35,2713,77.5
5870,44,3472,78.9
5871,42,3382,80.5
5872,39,2913,74.7
5873,40,2678,67.0
5874,46,3504,76.2
5875,44,3525,80.1
5876,43,3274,76.1
5877,44,3576,81.3
5878,42,2885,68.7
5879,48,3688,76.8
5880,45,3038,67.5
5881,47,3693,78.6
5882,50,3542,70.8
5883,41,2851,69.5
5884,41,3431,83.7
5885,39,3286,84.3
5886,39,3367,86.3
5887,38,3340,87.9
5888,40,3281,82.0
5889,40,3505,87.6
5890,48,3960,82.5
5891,32,3120,97.5
5892,35,3098,88.5
5893,38,2790,73.4
5894,42,3463,82.5
5895,43,3658,85.1
5896,47,3817,81.2
5897,45,3589,79.8
5898,49,3553,72.5
5899,38,3153,83.0
5900,37,2779,75.1
5901,43,3010,70.0
5902,40,3121,78.0
5903,38,2752,72.4
5904,43,3259,75.8
5905,42,3570,85.0
5906,41,3432,83.7
5907,50,3910,78.2
5908,46,3714,80.7
5909,47,3790,80.6
5910,43,3486,81.1
5911,43,3461,80.5
5912,45,3497,77.7
5913,46,3496,76.0
5914,40,3145,78.6
5915,46,3467,75.4
5916,46,3086,67.1
5917,49,3455,70.5
5918,41,3191,77.8
5919,47,3460,73.6
5920,44,3351,76.2
5921,50,3505,70.1
5922,40,3023,75.6
5923,50,3306,66.1
5924,49,3776,77.1
5925,37,2893,78.2
5926,47,3460,73.6
5927,41,2899,70.7
5928,47,3202,68.1
5929,42,3629,86.4
5930,46,3846,83.6
5931,46,3390,73.7
5932,41,3330,81.2
5933,39,3277,84.0
5934,42,3299,78.5
5935,41,3433,83.7
5936,46,3654,79.4
5937,44,3162,71.9
5938,49,3906,79.7
5939,43,3652,84.9
5940,41,3289,80.2
5941,40,3250,81.2
5942,39,3619,92.8
5943,45,3545,78.8
5944,38,3267,86.0
5945,41,3623,88.4
5946,40,3605,90.1
5947,42,3644,86.8
5948,28,2240,80.0
5949,34,2829,83.2
5950,33,2902,87.9
5951,46,3819,83.0
5952,34,2896,85.2
5953,39,3103,79.6
5954,40,3111,77.8
5955,36,2458,68.3
5956,40,2917,72.9
5957,43,3043,70.8
5958,36,3220,89.4
5959,40,3578,89.4
5960,36,2872,79.8
5961,39,3122,80.1
5962,41,3398,82.9
5963,39,3444,88.3
5964,47,3731,79.4
5965,40,2936,73.4
5966,46,3538,76.9
5967,39,2896,74.3
5968,39,3232,82.9
5969,47,3412,72.6
5970,46,3201,69.6
5971,41,3013,73.5
5972,43,3428,79.7
5973,43,3424,79.6
5974,36,2786,77.4
5975,43,3102,72.1
5976,40,3025,75.6
5977,41,3052,74.4
5978,37,2835,76.6
5979,46,3616,78.6
5980,49,3779,77.1
5981,48,3249,67.7
5982,41,2999,73.1
5983,43,3343,77.7
5984,45,3207,71.3
5985,45,3422,76.0
5986,44,3291,74.8
5987,34,2860,84.1
5988,36,2934,81.5
5989,42,3358,80.0
5990,44,3273,74.4
5991,44,3288,74.7
5992,37,3001,81.1
5993,43,2919,67.9
5994,49,3846,78.5
5995,51,3928,77.0
5996,47,3592,76.4
5997,40,2920,73.0
5998,41,3155,77.0
5999,37,2907,78.6
6000,34,2727,80.2
6001,44,3685,83.8
6002,38,3128,82.3
6003,37,3087,83.4
6004,39,3303,84.7
6005,37,2999,81.1
6006,42,3396,80.9
6007,45,3319,73.8
6008,33,2831,85.8
6009,45,3454,76.8
6010,45,3187,70.8
6011,48,3337,69.5
6012,41,3033,74.0
6013,43,3083,71.7
6014,44,3285,74.7
6015,50,3577,71.5
6016,42,3269,77.8
6017,38,2708,71.3
6018,39,3014,77.3
6019,38,3063,80.6
6020,37,2750,74.3
6021,46,3387,73.6
6022,33,2295,69.5
6023,37,2904,78.5
6024,40,2919,73.0
6025,34,2818,82.9
6026,39,3062,78.5
6027,43,3373,78.4
6028,40,3004,75.1
6029,33,2697,81.7
6030,41,3016,73.6
6031,50,3629,72.6
6032,33,2410,73.0
6033,42,2897,69.0
6034,44,3761,85.5
6035,37,3082,83.3
6036,36,2677,74.4
6037,42,3465,82.5
6038,43,3218,74.8
6039,38,3008,79.2
6040,40,3262,81.6
6041,35,2941,84.0
6042,35,2405,68.7
6043,34,2531,74.4
6044,38,3108,81.8
6045,37,3048,82.4
6046,39,3075,78.8
6047,39,2686,68.9
6048,41,2804,68.4
6049,44,3348,76.1
6050,40,3200,80.0
6051,41,3203,78.1
6052,45,3529,78.4
6053,41,3308,80.7
6054,44,3398,77.2
6055,47,3526,75.0
6056,43,3671,85.4
6057,39,3383,86.7
6058,45,3479,77.3
6059,44,3318,75.4
6060,40,2710,67.8
6061,44,3185,72.4
6062,49,3155,64.4
6063,39,2906,74.5
6064,46,3232,70.3
6065,48,3438,71.6
6066,40,2970,74.2
6067,47,3468,73.8
6068,40,2996,74.9
6069,42,3064,73.0
6070,41,3009,73.4
6071,49,3448,70.4
6072,39,3231,82.8
6073,39,3338,85.6
6074,37,2939,79.4
6075,36,2844,79.0
6076,42,3523,83.9
6077,42,3624,86.3
6078,40,3611,90.3
6079,37,3132,84.6
6080,41,3618,88.2
6081,37,2898,78.3
6082,41,3350,81.7
6083,41,3457,84.3
6084,43,2984,69.4
6085,40,3286,82.2
6086,48,3568,74.3
6087,52,3441,66.2
6088,42,3159,75.2
6089,42,3270,77.9
6090,41,3330,81.2
6091,41,2943,71.8
6092,56,3982,71.1
6093,46,3362,73.1
6094,49,3626,74.0
6095,41,3136,76.5
6096,52,3659,70.4
6097,42,3188,75.9
6098,50,3969,79.4
6099,45,3853,85.6
6100,41,3449,84.1
6101,47,3594,76.5
6102,46,3546,77.1
6103,39,3257,83.5
6104,40,3287,82.2
6105,47,3704,78.8
6106,36,3300,91.7
6107,41,3292,80.3
6108,38,3198,84.2
6109,44,3383,76.9
6110,43,3564,82.9
6111,38,3178,83.6
6112,36,2535,70.4
6113,45,3474,77.2
6114,43,3214,74.7
6115,44,3145,71.5
6116,45,3293,73.2
6117,39,3224,82.7
6118,39,3210,82.3
6119,40,3303,82.6
6120,43,3268,76.0
6121,38,3189,83.9
6122,36,2696,74.9
6123,40,2956,73.9
6124,46,3179,69.1
6125,41,2951,72.0
6126,48,3788,78.9
6127,49,3820,78.0
6128,45,3551,78.9
6129,42,3232,77.0
6130,46,3648,79.3
6131,37,2786,75.3
6132,39,2676,68.6
6133,49,3364,68.7
6134,42,3067,73.0
6135,45,3440,76.4
6136,44,3183,72.3
6137,43,3418,79.5
6138,48,3689,76.9
6139,42,3043,72.5
6140,41,2799,68.3
6141,38,3076,80.9
6142,39,3206,82.2
6143,51,3655,71.7
6144,46,3403,74.0
6145,44,3047,69.2
6146,47,3588,76.3
6147,42,3328,79.2
6148,45,3514,78.1
6149,41,3375,82.3
6150,45,3630,80.7
6151,54,4006,74.2
6152,46,3744,81.4
6153,46,3681,80.0
6154,39,3168,81.2
6155,41,3012,73.5
6156,45,3375,75.0
6157,47,3641,77.5
6158,49,3523,71.9
6159,49,3648,74.4
6160,51,3655,71.7
6161,48,3513,73.2
6162,52,3744,72.0
6163,55,3993,72.6
6164,44,3131,71.2
6165,48,3801,79.2
6166,51,3629,71.2
6167,43,3321,77.2
6168,49,3544,72.3
6169,43,3184,74.0
6170,44,3105,70.6
6171,48,3442,71.7
6172,45,3574,79.4
6173,48,3564,74.2
6174,52,3878,74.6
6175,43,3351,77.9
6176,47,3138,66.8
6177,46,3596,78.2
6178,51,3858,75.6
6179,42,3209,76.4
6180,43,3429,79.7
6181,45,3412,75.8
6182,46,3662,79.6
6183,51,3719,72.9
6184,45,3187,70.8
6185,51,3501,68.6
6186,43,3075,71.5
6187,37,2753,74.4
6188,55,3686,67.0
6189,44,3310,75.2
6190,50,3718,74.4
6191,49,3685,75.2
6192,43,3248,75.5
6193,49,3706,75.6
6194,46,3512,76.3
6195,41,2729,66.6
6196,46,3588,78.0
6197,45,3543,78.7
6198,52,3709,71.3
6199,47,3298,70.2
6200,37,3267,88.3
6201,48,3690,76.9
6202,46,3725,81.0
6203,46,3608,78.4
6204,51,3656,71.7
6205,44,3291,74.8
6206,40,2844,71.1
6207,38,2796,73.6
6208,44,3444,78.3
6209,43,3193,74.3
6210,45,3188,70.8
6211,49,3304,67.4
6212,48,3602,75.0
6213,39,2874,73.7
6214,40,2819,70.5
6215,38,2982,78.5
6216,39,2653,68.0
6217,42,3289,78.3
6218,40,2826,70.6
6219,41,2729,66.6
6220,48,3312,69.0
6221,44,3004,68.3
6222,45,3223,71.6
6223,43,3301,76.8
6224,45,3206,71.2
6225,47,3388,72.1
6226,43,2893,67.3
6227,43,2996,69.7
6228,42,2841,67.6
6229,49,3303,67.4
6230,53,3658,69.0
6231,52,3778,72.7
6232,52,3831,73.7
6233,49,3829,78.1
6234,49,3450,70.4
6235,47,3595,76.5
6236,55,4021,73.1
6237,46,3405,74.0
6238,41,2977,72.6
6239,53,3732,70.4
6240,45,3335,74.1
6241,46,3433,74.6
6242,48,3388,70.6
6243,46,3303,71.8
6244,43,3134,72.9
6245,49,3426,69.9
6246,41,3134,76.4
6247,46,3418,74.3
6248,45,3344,74.3
6249,43,3153,73.3
6250,42,2937,69.9
6251,37,2529,68.4
6252,41,2792,68.1
6253,39,2737,70.2
6254,38,2471,65.0
6255,44,2942,66.9
6256,34,2628,77.3
6257,39,2765,70.9
6258,41,2793,68.1
6259,49,3448,70.4
6260,47,3681,78.3
6261,35,2771,79.2
6262,41,3136,76.5
6263,46,3381,73.5
6264,41,2791,68.1
6265,45,3218,71.5
6266,47,3433,73.0
6267,34,2498,73.5
6268,41,2847,69.4
6269,45,3646,81.0
6270,41,2937,71.6
6271,43,3456,80.4
6272,42,3422,81.5
6273,37,2781,75.2
6274,47,3337,71.0
6275,44,3127,71.1
6276,43,3289,76.5
6277,39,3139,80.5
6278,35,2620,74.9
6279,42,3122,74.3
6280,41,3332,81.3
6281,49,3352,68.4
6282,42,2881,68.6
6283,44,3374,76.7
6284,43,3281,76.3
6285,45,3238,72.0
6286,43,3332,77.5
6287,41,3354,81.8
6288,32,2280,71.2
6289,37,2902,78.4
6290,38,2903,76.4
6291,40,2697,67.4
6292,47,3436,73.1
6293,38,2919,76.8
6294,41,3271,79.8
6295,40,3074,76.8
6296,39,3278,84.1
6297,40,2823,70.6
6298,41,3202,78.1
6299,38,3197,84.1
6300,34,2777,81.7
6301,43,3298,76.7
6302,41,3034,74.0
6303,42,2947,70.2
6304,42,3354,79.9
6305,49,3552,72.5
6306,44,3576,81.3
6307,39,3225,82.7
6308,46,3690,80.2
6309,46,3364,73.1
6310,44,2919,66.3
6311,42,2765,65.8
6312,45,3703,82.3
6313,37,2603,70.4
6314,50,3676,73.5
6315,38,2829,74.4
6316,49,3388,69.1
6317,46,3587,78.0
6318,47,3623,77.1
6319,54,3849,71.3
6320,52,3670,70.6
6321,47,3517,74.8
6322,39,3034,77.8
6323,44,3330,75.7
6324,45,3505,77.9
6325,45,3512,78.0
6326,39,2951,75.7
6327,32,2556,79.9
6328,38,2830,74.5
6329,47,3489,74.2
6330,39,2911,74.6
6331,42,3235,77.0
6332,46,3514,76.4
6333,43,3332,77.5
6334,44,2928,66.5
6335,47,3552,75.6
6336,46,3250,70.7
6337,35,2906,83.0
6338,44,3433,78.0
6339,44,3474,79.0
6340,44,3621,82.3
6341,47,3708,78.9
6342,42,3051,72.6
6343,39,2801,71.8
6344,36,2771,77.0
6345,36,2941,81.7
6346,33,2623,79.5
6347,47,3365,71.6
6348,39,2719,69.7
6349,46,3455,75.1
6350,37,2790,75.4
6351,48,3719,77.5
6352,46,3634,79.0
6353,48,3569,74.4
6354,41,3112,75.9
6355,33,2708,82.1
6356,38,2970,78.2
6357,28,2324,83.0
6358,43,3781,87.9
6359,47,3852,82.0
6360,49,3509,71.6
6361,39,3082,79.0
6362,45,3417,75.9
6363,40,3113,77.8
6364,40,2899,72.5
6365,49,3474,70.9
6366,41,3051,74.4
6367,44,3386,77.0
6368,45,3560,79.1
6369,43,3335,77.6
6370,45,3596,79.9
6371,44,3795,86.2
6372,42,3512,83.6
6373,50,3910,78.2
6374,49,3672,74.9
6375,53,4145,78.2
6376,43,3587,83.4
6377,47,3697,78.7
6378,39,3020,77.4
6379,46,3581,77.8
6380,50,3694,73.9
6381,46,3422,74.4
6382,48,3639,75.8
6383,46,3642,79.2
6384,42,3241,77.2
6385,45,3261,72.5
6386,38,2843,74.8
6387,43,3049,70.9
6388,38,2741,72.1
6389,38,3070,80.8
6390,37,2610,70.5
6391,40,2813,70.3
6392,42,2989,71.2
6393,39,2653,68.0
6394,46,3340,72.6
6395,43,3121,72.6
6396,46,3396,73.8
6397,50,3514,70.3
6398,39,2844,72.9
6399,39,3140,80.5
6400,42,2879,68.5
6401,40,2989,74.7
6402,43,2964,68.9
6403,40,2911,72.8
6404,50,3576,71.5
6405,52,3843,73.9
6406,47,3473,73.9
6407,42,3429,81.6
6408,42,3129,74.5
6409,40,3113,77.8
6410,43,3133,72.9
6411,44,3032,68.9
6412,41,2979,72.7
6413,50,3585,71.7
6414,47,3025,64.4
6415,53,4212,79.5
6416,48,3514,73.2
6417,42,3198,76.1
6418,49,3286,67.1
6419,43,3124,72.7
6420,42,3122,74.3
6421,33,2451,74.3
6422,37,2542,68.7
6423,38,2687,70.7
6424,41,3252,79.3
6425,36,2447,68.0
6426,40,3028,75.7
6427,44,3660,83.2
6428,40,3094,77.4
6429,49,3588,73.2
6430,52,3841,73.9
6431,47,3472,73.9
6432,48,3523,73.4
6433,43,3132,72.8
6434,42,3329,79.3
6435,45,3079,68.4
6436,39,3031,77.7
6437,40,3046,76.2
6438,40,3411,85.3
6439,53,3723,70.2
6440,37,2697,72.9
6441,41,2961,72.2
6442,37,2858,77.2
6443,37,3160,85.4
6444,41,3138,76.5
6445,42,3475,82.7
6446,37,2777,75.1
6447,37,2581,69.8
6448,39,2644,67.8
6449,31,2332,75.2
6450,38,3149,82.9
6451,34,2984,87.8
6452,36,2677,74.4
6453,43,3246,75.5
6454,34,2486,73.1
6455,41,3242,79.1
6456,36,2782,77.3
6457,35,2895,82.7
6458,41,3437,83.8
6459,34,2707,79.6
6460,35,3181,90.9
6461,33,2579,78.2
6462,37,2930,79.2
6463,32,2842,88.8
6464,38,3073,80.9
6465,34,2758,81.1
6466,41,3434,83.8
6467,42,3294,78.4
6468,41,3361,82.0
6469,30,2194,73.1
6470,40,2693,67.3
6471,41,3064,74.7
6472,42,3216,76.6
6473,37,2962,80.1
6474,43,3460,80.5
6475,37,2386,64.5
6476,40,2984,74.6
6477,36,2760,76.7
6478,36,2699,75.0
6479,39,3217,82.5
6480,37,2876,77.7
6481,40,3031,75.8
6482,35,2439,69.7
6483,40,2678,67.0
6484,42,3286,78.2
6485,36,2851,79.2
6486,38,3196,84.1
6487,34,2476,72.8
6488,41,3066,74.8
6489,43,3281,76.3
6490,45,3598,80.0
6491,42,3451,82.2
6492,35,2237,63.9
6493,37,2682,72.5
6494,32,2348,73.4
6495,35,2438,69.7
6496,34,2916,85.8
6497,36,2630,73.1
6498,40,3302,82.6
6499,38,3523,92.7
6500,38,3027,79.7
6501,37,3289,88.9
6502,35,3025,86.4
6503,41,3184,77.7
6504,45,3066,68.1
6505,43,3540,82.3
6506,33,2610,79.1
6507,39,2978,76.4
6508,33,2385,72.3
6509,30,2230,74.3
6510,42,3413,81.3
6511,44,3857,87.7
6512,35,2721,77.7
6513,35,3281,93.7
6514,36,3139,87.2
6515,30,2507,83.6
6516,42,3202,76.2
6517,41,3611,88.1
6518,45,3491,77.6
6519,39,3386,86.8
6520,45,3509,78.0
6521,49,3561,72.7
6522,45,3439,76.4
6523,39,3111,79.8
6524,47,3703,78.8
6525,38,3046,80.2
6526,37,2728,73.7
6527,41,3193,77.9
6528,42,3270,77.9
6529,38,2887,76.0
6530,42,3092,73.6
6531,40,3163,79.1
6532,43,3029,70.4
6533,49,3813,77.8
6534,47,3450,73.4
6535,39,2902,74.4
6536,46,3447,74.9
6537,43,3436,79.9
6538,44,3196,72.6
6539,47,3150,67.0
6540,40,3063,76.6
6541,46,3691,80.2
6542,48,3760,78.3
6543,38,3006,79.1
6544,42,3533,84.1
6545,48,3674,76.5
6546,37,3005,81.2
6547,40,3231,80.8
6548,38,3133,82.4
6549,37,2691,72.7
6550,43,3585,83.4
6551,45,3428,76.2
6552,39,3324,85.2
6553,46,3646,79.3
6554,37,2877,77.8
6555,47,3650,77.7
6556,46,3693,80.3
6557,42,3111,74.1
6558,43,3156,73.4
6559,43,3327,77.4
6560,44,3487,79.2
6561,49,3526,72.0
6562,42,3482,82.9
6563,38,2912,76.6
6564,44,3232,73.5
6565,29,2781,95.9
6566,34,2891,85.0
6567,40,3511,87.8
6568,34,3042,89.5
6569,38,3179,83.7
6570,43,3311,77.0
6571,43,3340,77.7
6572,43,3261,75.8
6573,48,3443,71.7
6574,47,3533,75.2
6575,38,2705,71.2
6576,40,2580,64.5
6577,38,3121,82.1
6578,36,2598,72.2
6579,33,2790,84.5
6580,38,2870,75.5
6581,33,2441,74.0
6582,34,2759,81.1
6583,28,2191,78.2
6584,34,2719,80.0
6585,30,2692,89.7
6586,34,3073,90.4
6587,39,3575,91.7
6588,40,3352,83.8
6589,34,2647,77.9
6590,44,3443,78.2
6591,28,2057,73.5
6592,46,3449,75.0
6593,40,3312,82.8
6594,44,3538,80.4
6595,40,2831,70.8
6596,50,3662,73.2
6597,41,3073,75.0
6598,44,3538,80.4
6599,34,2777,81.7
6600,49,3860,78.8
6601,39,3245,83.2
6602,40,3277,81.9
6603,48,3557,74.1
6604,43,3222,74.9
6605,46,3507,76.2
6606,41,3224,78.6
6607,43,3177,73.9
6608,41,2929,71.4
6609,41,2933,71.5
6610,39,2770,71.0
6611,39,3298,84.6
6612,46,3995,86.8
6613,34,2876,84.6
6614,43,3497,81.3
6615,39,3312,84.9
6616,42,3193,76.0
6617,42,3212,76.5
6618,40,3214,80.4
6619,42,3422,81.5
6620,39,3238,83.0
6621,47,3781,80.4
6622,44,3456,78.5
6623,44,3522,80.0
6624,41,3163,77.1
6625,43,3643,84.7
6626,51,3827,75.0
6627,45,3644,81.0
6628,44,3425,77.8
6629,41,3542,86.4
6630,38,2934,77.2
6631,48,4077,84.9
6632,42,3588,85.4
6633,50,4003,80.1
6634,44,3535,80.3
6635,39,3229,82.8
6636,40,3007,75.2
6637,43,3297,76.7
6638,48,4017,83.7
6639,48,3975,82.8
6640,51,4093,80.3
6641,41,3444,84.0
6642,45,3740,83.1
6643,47,3611,76.8
6644,52,3525,67.8
6645,43,3239,75.3
6646,49,3829,78.1
6647,45,3379,75.1
6648,49,3665,74.8
6649,42,3360,80.0
6650,41,3410,83.2
6651,46,3543,77.0
6652,49,3527,72.0
6653,45,3973,88.3
6654,43,3681,85.6
6655,39,3420,87.7
6656,45,3654,81.2
6657,45,3644,81.0
6658,48,3863,80.5
6659,45,3593,79.8
6660,41,3454,84.2
6661,45,3741,83.1
6662,38,3201,84.2
6663,38,3242,85.3
6664,40,3391,84.8
6665,41,3687,89.9
6666,39,3075,78.8
6667,38,3063,80.6
6668,41,3607,88.0
6669,45,3674,81.6
6670,37,3201,86.5
6671,41,3358,81.9
6672,35,3183,90.9
6673,38,3597,94.7
6674,38,3021,79.5
6675,39,3456,88.6
6676,42,3616,86.1
6677,35,2796,79.9
6678,43,3496,81.3
6679,37,3202,86.5
6680,38,3444,90.6
6681,37,3009,81.3
6682,34,3051,89.7
6683,39,3330,85.4
6684,48,4078,85.0
6685,38,3131,82.4
6686,46,3782,82.2
6687,39,3481,89.3
6688,41,3328,81.2
6689,32,2997,93.7
6690,32,2938,91.8
6691,38,3306,87.0
6692,33,3308,100.2
6693,28,2862,102.2
6694,33,3222,97.6
6695,32,3080,96.2
6696,35,3307,94.5
6697,43,3840,89.3
6698,39,3451,88.5
6699,39,3499,89.7
6700,37,3932,106.3
6701,42,3596,85.6
6702,36,3313,92.0
6703,34,3391,99.7
6704,45,4010,89.1
6705,41,3116,76.0
6706,34,2885,84.9
6707,36,3057,84.9
6708,40,3573,89.3
6709,40,3401,85.0
6710,41,3694,90.1
6711,46,3843,83.5
6712,41,3467,84.6
6713,48,3923,81.7
6714,45,3782,84.0
6715,44,3606,82.0
6716,44,3706,84.2
6717,39,3207,82.2
6718,47,3618,77.0
6719,44,3361,76.4
6720,38,3226,84.9
6721,35,2976,85.0
6722,40,3256,81.4
6723,41,3441,83.9
6724,39,3147,80.7
6725,33,2675,81.1
6726,34,2839,83.5
6727,29,2405,82.9
6728,39,3288,84.3
6729,43,3684,85.7
6730,39,3101,79.5
6731,40,3346,83.6
6732,39,3312,84.9
6733,35,2848,81.4
6734,46,3592,78.1
6735,40,2875,71.9
6736,45,3139,69.8
6737,41,3417,83.3
6738,38,3379,88.9
6739,38,3146,82.8
6740,38,3066,80.7
6741,40,3179,79.5
6742,41,3416,83.3
6743,42,3415,81.3
6744,38,3184,83.8
6745,41,3667,89.4
6746,48,3738,77.9
6747,47,3481,74.1
6748,48,3882,80.9
6749,43,3601,83.7
6750,47,4135,88.0
6751,46,3802,82.7
6752,49,3887,79.3
6753,46,3553,77.2
6754,45,3673,81.6
6755,47,3540,75.3
6756,49,3541,72.3
6757,48,3718,77.5
6758,48,3793,79.0
6759,49,3769,76.9
6760,53,3799,71.7
6761,46,3609,78.5
6762,45,3443,76.5
6763,49,3738,76.3
6764,43,3471,80.7
6765,42,3462,82.4
6766,46,3714,80.7
6767,48,3971,82.7
6768,52,4192,80.6
6769,48,3946,82.2
6770,51,3866,75.8
6771,44,3421,77.8
6772,44,3367,76.5
6773,44,3752,85.3
6774,47,3682,78.3
6775,43,3231,75.1
6776,49,3641,74.3
6777,50,3522,70.4
6778,44,3350,76.1
6779,49,3715,75.8
6780,50,4009,80.2
6781,52,3602,69.3
6782,47,3607,76.7
6783,46,3379,73.5
6784,40,2892,72.3
6785,46,3470,75.4
6786,47,3872,82.4
6787,43,3506,81.5
6788,43,3486,81.1
6789,47,3713,79.0
6790,44,3612,82.1
6791,50,3612,72.2
6792,47,3548,75.5
6793,41,3137,76.5
6794,42,3360,80.0
6795,51,3709,72.7
6796,45,3213,71.4
6797,45,3115,69.2
6798,47,3521,74.9
6799,45,3567,79.3
6800,42,3278,78.0
6801,53,3946,74.5
6802,48,3525,73.4
6803,48,3456,72.0
6804,49,3105,63.4
6805,49,3640,74.3
6806,51,3881,76.1
6807,45,3310,73.6
6808,38,3043,80.1
6809,41,2832,69.1
6810,45,3453,76.7
6811,51,3542,69.5
6812,42,3325,79.2
6813,43,3282,76.3
6814,40,2795,69.9
6815,40,2978,74.4
6816,38,2790,73.4
6817,45,3447,76.6
6818,48,3151,65.6
6819,56,3701,66.1
6820,44,2993,68.0
6821,48,3420,71.2
6822,58,3920,67.6
6823,43,3307,76.9
6824,42,3144,74.9
6825,50,3159,63.2
6826,49,3281,67.0
6827,44,2905,66.0
6828,55,3941,71.7
6829,44,3518,80.0
6830,48,3774,78.6
6831,47,3800,80.9
6832,43,3440,80.0
6833,45,3370,74.9
6834,47,3341,71.1
6835,56,4035,72.1
6836,39,2846,73.0
6837,46,3206,69.7
6838,42,3212,76.5
6839,41,2939,71.7
6840,46,3124,67.9
6841,46,3274,71.2
6842,46,3286,71.4
6843,42,2841,67.6
6844,47,3495,74.4
6845,47,3442,73.2
6846,48,3570,74.4
6847,46,3423,74.4
6848,50,3658,73.2
6849,50,3471,69.4
6850,49,3712,75.8
6851,48,3280,68.3
6852,53,3464,65.4
6853,37,2539,68.6
6854,46,3276,71.2
6855,42,3197,76.1
6856,50,3541,70.8
6857,39,2984,76.5
6858,48,3609,75.2
6859,46,3536,76.9
6860,47,3399,72.3
6861,53,3696,69.7
6862,52,3749,72.1
6863,48,3602,75.0
6864,42,3027,72.1
6865,47,3544,75.4
6866,42,3335,79.4
6867,51,4174,81.8
6868,50,3653,73.1
6869,53,3950,74.5
6870,53,3531,66.6
6871,50,3345,66.9
6872,46,3703,80.5
6873,43,3726,86.7
6874,38,3191,84.0
6875,46,3702,80.5
6876,40,3203,80.1
6877,35,3195,91.3
6878,36,3333,92.6
6879,33,3008,91.2
6880,40,2969,74.2
6881,35,2760,78.9
6882,39,3092,79.3
6883,44,3489,79.3
6884,41,3340,81.5
6885,46,3539,76.9
6886,46,3543,77.0
6887,43,2957,68.8
6888,40,3163,79.1
6889,50,3758,75.2
6890,40,3225,80.6
6891,37,3030,81.9
6892,38,3157,83.1
6893,41,2718,66.3
6894,42,3174,75.6
6895,42,3192,76.0
6896,39,3325,85.3
6897,38,3130,82.4
6898,44,3551,80.7
6899,50,3925,78.5
6900,46,3931,85.5
6901,45,3636,80.8
6902,40,3162,79.0
6903,45,3603,80.1
6904,49,3833,78.2
6905,46,3708,80.6
6906,43,3677,85.5
6907,39,3121,80.0
6908,39,3169,81.3
6909,51,3959,77.6
6910,47,3833,81.6
6911,38,2944,77.5
6912,44,3366,76.5
6913,42,3246,77.3
6914,37,2848,77.0
6915,41,3331,81.2
6916,40,3365,84.1
6917,37,3360,90.8
6918,39,3407,87.4
6919,34,3116,91.6
6920,36,3404,94.6
6921,36,3360,93.3
6922,41,3395,82.8
6923,38,3239,85.2
6924,37,3345,90.4
6925,40,3352,83.8
6926,49,4161,84.9
6927,41,3400,82.9
6928,42,3465,82.5
6929,40,3388,84.7
6930,38,2766,72.8
6931,38,3129,82.3
6932,38,3335,87.8
6933,40,3567,89.2
6934,34,2885,84.9
6935,41,3634,88.6
6936,43,3369,78.3
6937,38,2882,75.8
6938,36,2678,74.4
6939,33,2613,79.2
6940,32,2427,75.8
6941,33,2579,78.2
6942,40,2732,68.3
6943,40,2786,69.6
6944,29,2171,74.9
6945,37,2934,79.3
6946,35,2779,79.4
6947,36,2269,63.0
6948,33,2532,76.7
6949,30,2408,80.3
6950,32,2676,83.6
6951,37,2829,76.5
6952,33,2372,71.9
6953,37,2428,65.6
6954,42,2949,70.2
6955,43,3433,79.8
6956,40,3280,82.0
6957,43,3088,71.8
6958,40,3344,83.6
6959,41,3089,75.3
6960,44,3524,80.1
6961,47,3875,82.4
6962,41,3243,79.1
6963,40,3341,83.5
6964,43,3585,83.4
6965,39,3308,84.8
6966,45,3691,82.0
6967,37,3456,93.4
6968,48,3811,79.4
6969,44,3811,86.6
6970,39,3663,93.9
6971,36,3068,85.2
6972,40,3617,90.4
6973,32,2932,91.6
6974,41,3749,91.4
6975,44,3696,84.0
6976,41,3502,85.4
6977,46,3698,80.4
6978,41,3372,82.2
6979,42,3545,84.4
6980,35,2891,82.6
6981,36,2924,81.2
6982,38,3114,81.9
6983,30,2158,71.9
6984,33,2482,75.2
6985,47,3773,80.3
6986,43,3093,71.9
6987,43,3221,74.9
6988,41,3354,81.8
6989,40,3489,87.2
6990,34,2753,81.0
6991,33,2743,83.1
6992,43,3880,90.2
6993,39,3358,86.1
6994,41,3575,87.2
6995,38,3000,78.9
6996,35,2972,84.9
6997,34,3046,89.6
6998,45,3410,75.8
6999,35,3104,88.7
7000,40,3187,79.7
7001,43,3533,82.2
7002,41,2988,72.9
7003,43,3978,92.5
7004,45,3700,82.2
7005,40,3531,88.3
7006,46,3695,80.3
7007,30,2303,76.8
7008,32,2682,83.8
7009,35,3050,87.1
7010,38,2863,75.3
7011,36,3175,88.2
7012,40,3427,85.7
7013,38,3377,88.9
7014,41,3653,89.1
7015,40,3596,89.9
7016,45,4012,89.2
7017,44,3618,82.2
7018,39,3648,93.5
7019,44,3770,85.7
7020,46,3973,86.4
7021,44,3713,84.4
7022,43,3608,83.9
7023,41,3347,81.6
7024,38,2762,72.7
7025,38,3192,84.0
7026,40,3204,80.1
7027,41,3481,84.9
7028,45,3667,81.5
7029,38,3355,88.3
7030,40,3155,78.9
7031,45,3366,74.8
7032,45,3699,82.2
7033,43,3394,78.9
7034,36,2989,83.0
7035,39,2757,70.7
7036,42,3161,75.3
7037,35,2971,84.9
7038,38,3227,84.9
7039,41,3149,76.8
7040,40,3170,79.2
7041,43,2518,58.6
7042,49,3417,69.7
7043,46,3360,73.0
7044,46,3700,80.4
7045,44,2930,66.6
7046,44,3496,79.5
7047,40,3024,75.6
7048,49,3543,72.3
7049,50,3997,79.9
7050,41,2962,72.2
7051,53,3743,70.6
7052,40,2898,72.4
7053,51,3788,74.3
7054,51,3742,73.4
7055,42,3464,82.5
7056,43,3574,83.1
7057,45,3430,76.2
7058,47,3487,74.2
7059,38,3256,85.7
7060,43,3063,71.2
7061,44,3398,77.2
7062,37,3091,83.5
7063,44,3551,80.7
7064,43,3092,71.9
7065,43,3318,77.2
7066,46,3256,70.8
7067,46,3566,77.5
7068,44,3294,74.9
7069,46,3369,73.2
7070,45,3146,69.9
7071,51,3875,76.0
7072,43,3158,73.4
7073,44,3468,78.8
7074,37,3217,86.9
7075,43,3251,75.6
7076,40,3075,76.9
7077,38,2772,72.9
7078,39,3228,82.8
7079,43,3380,78.6
7080,46,3551,77.2
7081,46,3798,82.6
7082,40,3321,83.0
7083,40,3282,82.0
7084,39,3042,78.0
7085,47,3932,83.7
7086,41,3144,76.7
7087,45,3117,69.3
7088,50,3657,73.1
7089,44,3621,82.3
7090,50,3611,72.2
7091,43,3257,75.7
7092,45,3238,72.0
7093,36,3003,83.4
7094,52,3777,72.6
7095,49,3550,72.4
7096,44,3330,75.7
7097,48,3503,73.0
7098,46,3326,72.3
7099,41,3183,77.6
7100,43,3369,78.3
7101,53,3682,69.5
7102,49,3834,78.2
7103,39,2827,72.5
7104,46,3650,79.3
7105,46,3356,73.0
7106,52,3968,76.3
7107,49,3600,73.5
7108,43,3467,80.6
7109,47,3658,77.8
7110,40,3115,77.9
7111,43,3319,77.2
7112,49,3948,80.6
7113,46,3572,77.7
7114,44,3523,80.1
7115,43,3510,81.6
7116,39,3170,81.3
7117,41,3310,80.7
7118,43,3130,72.8
7119,37,3002,81.1
7120,43,3589,83.5
7121,45,3674,81.6
7122,35,2983,85.2
7123,39,3289,84.3
7124,41,3479,84.9
7125,39,3134,80.4
7126,35,2710,77.4
7127,42,3312,78.9
7128,38,3172,83.5
7129,34,2716,79.9
7130,46,3647,79.3
7131,36,2868,79.7
7132,39,3000,76.9
7133,46,3348,72.8
7134,44,3386,77.0
7135,45,3602,80.0
7136,43,3441,80.0
7137,48,3689,76.9
7138,52,3696,71.1
7139,42,3503,83.4
7140,39,3235,82.9
7141,41,3172,77.4
7142,41,3391,82.7
7143,36,3303,91.8
7144,36,3090,85.8
7145,39,3217,82.5
7146,39,3134,80.4
7147,37,2815,76.1
7148,44,3371,76.6
7149,36,2826,78.5
7150,38,2859,75.2
7151,37,3036,82.1
7152,30,2140,71.3
7153,37,3185,86.1
7154,41,3574,87.2
7155,36,2884,80.1
7156,44,3494,79.4
7157,49,3631,74.1
7158,46,3336,72.5
7159,43,3603,83.8
7160,38,3058,80.5
7161,39,3157,80.9
7162,41,3152,76.9
7163,41,3194,77.9
7164,41,3269,79.7
7165,49,3287,67.1
7166,43,3390,78.8
7167,43,3043,70.8
7168,45,3123,69.4
7169,43,3305,76.9
7170,38,2890,76.1
7171,46,2935,63.8
7172,48,3626,75.5
7173,45,3349,74.4
7174,48,3499,72.9
7175,46,3440,74.8
7176,42,2978,70.9
7177,43,3232,75.2
7178,37,2692,72.8
7179,40,3323,83.1
7180,44,3074,69.9
7181,39,2701,69.3
7182,38,3108,81.8
7183,45,3210,71.3
7184,34,2768,81.4
7185,40,3048,76.2
7186,42,2854,68.0
7187,47,3187,67.8
7188,44,3125,71.0
7189,37,2856,77.2
7190,45,3425,76.1
7191,44,3329,75.7
7192,42,3322,79.1
7193,43,2840,66.0
7194,42,3287,78.3
7195,53,3678,69.4
7196,38,2604,68.5
7197,36,2791,77.5
7198,40,3162,79.0
7199,44,3073,69.8
7200,49,3432,70.0
7201,50,3367,67.3
7202,49,3415,69.7
7203,41,2723,66.4
7204,44,3082,70.0
7205,49,3463,70.7
7206,52,3678,70.7
7207,45,3326,73.9
7208,45,3008,66.8
7209,45,2957,65.7
7210,46,3186,69.3
7211,38,2744,72.2
7212,39,2836,72.7
7213,44,3066,69.7
7214,45,3194,71.0
7215,45,3417,75.9
7216,43,3205,74.5
7217,51,3456,67.8
7218,45,3167,70.4
7219,47,3155,67.1
7220,50,3513,70.3
7221,54,3493,64.7
7222,46,2975,64.7
7223,43,2789,64.9
7224,52,3436,66.1
7225,48,3121,65.0
7226,42,3031,72.2
7227,37,2969,80.2
7228,38,2946,77.5
7229,44,3580,81.4
7230,56,3714,66.3
7231,50,3750,75.0
7232,49,3092,63.1
7233,49,3500,71.4
7234,49,3857,78.7
7235,45,3593,79.8
7236,42,3106,74.0
7237,49,3539,72.2
7238,47,3188,67.8
7239,40,3209,80.2
7240,42,3119,74.3
7241,41,2873,70.1
7242,42,3339,79.5
7243,47,3638,77.4
7244,45,3560,79.1
7245,39,3090,79.2
7246,51,3656,71.7
7247,40,3216,80.4
7248,50,3470,69.4
7249,39,3035,77.8
7250,35,2617,74.8
7251,43,3012,70.0
7252,42,3103,73.9
7253,50,3349,67.0
7254,37,3009,81.3
7255,35,2446,69.9
7256,42,2847,67.8
7257,41,2794,68.1
7258,42,2782,66.2
7259,39,2897,74.3
7260,53,3536,66.7
7261,46,3109,67.6
7262,46,3136,68.2
7263,40,2592,64.8
7264,44,2833,64.4
7265,47,3524,75.0
7266,45,2941,65.4
7267,39,3127,80.2
7268,46,3201,69.6
7269,43,2890,67.2
7270,40,2981,74.5
7271,35,2765,79.0
7272,35,2650,75.7
7273,42,3211,76.5
7274,37,2897,78.3
7275,47,3534,75.2
7276,36,2972,82.6
7277,38,2907,76.5
7278,35,2571,73.5
7279,45,3316,73.7
7280,39,3041,78.0
7281,45,3580,79.6
7282,37,3264,88.2
7283,36,3282,91.2
7284,32,3015,94.2
7285,34,3083,90.7
7286,45,3324,73.9
7287,38,3213,84.6
7288,45,3506,77.9
7289,42,3082,73.4
7290,39,3162,81.1
7291,43,3033,70.5
7292,41,3176,77.5
7293,37,2662,71.9
7294,37,3150,85.1
7295,36,2782,77.3
7296,41,3168,77.3
7297,44,3311,75.2
7298,43,3383,78.7
7299,46,3107,67.5
7300,47,3409,72.5
7301,42,3465,82.5
7302,39,2873,73.7
7303,46,3272,71.1
7304,41,2936,71.6
7305,37,2816,76.1
7306,41,3092,75.4
7307,39,2857,73.3
7308,42,3156,75.1
7309,43,3148,73.2
7310,35,2725,77.9
7311,37,3015,81.5
7312,37,3175,85.8
7313,30,2319,77.3
7314,39,2973,76.2
7315,45,3381,75.1
7316,34,2823,83.0
7317,40,3067,76.7
7318,40,3378,84.4
7319,35,2761,78.9
7320,40,3208,80.2
7321,39,2980,76.4
7322,39,3237,83.0
7323,35,3278,93.7
7324,44,3343,76.0
7325,39,3125,80.1
7326,39,2956,75.8
7327,36,2775,77.1
7328,42,3394,80.8
7329,43,3353,78.0
7330,41,3409,83.1
7331,43,3495,81.3
7332,46,3624,78.8
7333,42,3445,82.0
7334,44,3717,84.5
7335,43,3450,80.2
7336,47,3445,73.3
7337,44,3613,82.1
7338,41,3247,79.2
7339,43,3648,84.8
7340,40,3272,81.8
7341,44,3527,80.2
7342,39,2868,73.5
7343,33,2624,79.5
7344,39,3171,81.3
7345,31,2292,73.9
7346,38,3121,82.1
7347,37,3154,85.2
7348,34,2561,75.3
7349,31,2723,87.8
7350,31,2443,78.8
7351,38,3448,90.7
7352,33,2821,85.5
7353,37,3159,85.4
7354,38,3271,86.1
7355,40,3954,98.8
7356,41,3812,93.0
7357,39,3648,93.5
7358,35,2970,84.9
7359,36,3174,88.2
7360,39,3623,92.9
7361,36,3523,97.9
7362,37,3227,87.2
7363,41,3535,86.2
7364,40,3218,80.4
7365,40,3163,79.1
7366,48,3593,74.9
7367,36,3528,98.0
7368,35,3051,87.2
7369,45,3722,82.7
7370,35,3048,87.1
7371,38,3353,88.2
7372,35,3359,96.0
7373,37,3434,92.8
7374,37,3373,91.2
7375,35,2981,85.2
7376,36,2953,82.0
7377,37,3198,86.4
7378,35,3081,88.0
7379,33,2605,78.9
7380,31,2928,94.5
7381,38,3470,91.3
7382,40,3244,81.1
7383,42,3863,92.0
7384,40,3454,86.4
7385,35,3216,91.9
7386,31,2587,83.5
7387,37,3408,92.1
7388,30,2614,87.1
7389,30,2733,91.1
7390,28,2141,76.5
7391,34,3002,88.3
7392,37,3382,91.4
7393,33,2627,79.6
7394,33,3400,103.0
7395,36,3102,86.2
7396,38,3080,81.1
7397,36,3525,97.9
7398,36,2968,82.4
7399,30,2506,83.5
7400,41,4022,98.1
7401,37,2945,79.6
7402,39,3110,79.7
7403,37,2867,77.5
7404,46,3628,78.9
7405,34,2889,85.0
7406,46,3506,76.2
7407,44,3180,72.3
7408,42,3226,76.8
7409,39,3335,85.5
7410,40,3215,80.4
7411,39,3253,83.4
7412,43,3334,77.5
7413,43,3727,86.7
7414,40,3234,80.8
7415,45,3921,87.1
7416,38,3244,85.4
7417,37,3576,96.6
7418,37,3107,84.0
7419,43,3409,79.3
7420,41,3106,75.8
7421,38,3281,86.3
7422,37,3474,93.9
7423,43,3779,87.9
7424,44,3143,71.4
7425,45,3701,82.2
7426,37,2803,75.8
7427,47,3388,72.1
7428,43,3193,74.3
7429,49,3161,64.5
7430,37,3106,83.9
7431,45,3582,79.6
7432,43,3233,75.2
7433,41,3128,76.3
7434,35,2367,67.6
7435,42,3069,73.1
7436,40,3066,76.6
7437,38,3109,81.8
7438,38,2756,72.5
7439,44,3686,83.8
7440,38,3286,86.5
7441,35,3192,91.2
7442,41,3318,80.9
7443,45,3767,83.7
7444,36,2726,75.7
7445,36,2818,78.3
7446,39,3209,82.3
7447,38,3221,84.8
7448,33,2323,70.4
7449,34,3124,91.9
7450,37,3149,85.1
7451,31,2252,72.6
7452,28,2975,106.2
7453,35,2670,76.3
7454,37,3522,95.2
7455,39,3586,91.9
7456,35,2721,77.7
7457,40,3069,76.7
7458,41,3331,81.2
7459,37,2996,81.0
7460,29,2471,85.2
7461,54,3963,73.4
7462,47,3470,73.8
7463,44,3882,88.2
7464,38,3348,88.1
7465,48,3866,80.5
7466,32,3046,95.2
7467,36,3129,86.9
7468,41,3133,76.4
7469,37,3480,94.1
7470,39,2976,76.3
7471,33,2974,90.1
7472,35,2905,83.0
7473,34,3343,98.3
7474,44,3800,86.4
7475,37,2917,78.8
7476,44,4040,91.8
7477,33,2689,81.5
7478,36,3310,91.9
7479,39,3731,95.7
7480,39,3148,80.7
7481,36,2633,73.1
7482,41,2964,72.3
7483,41,2924,71.3
7484,42,3190,76.0
7485,41,3526,86.0
7486,37,3349,90.5
7487,35,3174,90.7
7488,41,3527,86.0
7489,42,3519,83.8
7490,43,3462,80.5
7491,42,3387,80.6
7492,42,3383,80.5
7493,45,3842,85.4
7494,37,3195,86.4
7495,40,3387,84.7
7496,48,3603,75.1
7497,42,3469,82.6
7498,42,3568,85.0
7499,33,2602,78.8
7500,36,3486,96.8
7501,40,3134,78.4
7502,37,2776,75.0
7503,34,2941,86.5
7504,44,3379,76.8
7505,34,2836,83.4
7506,34,3346,98.4
7507,37,3110,84.1
7508,37,3332,90.1
7509,41,3065,74.8
7510,40,2842,71.0
7511,41,3615,88.2
7512,49,3952,80.7
7513,48,4036,84.1
7514,43,3705,86.2
7515,43,3362,78.2
7516,42,3440,81.9
7517,43,3402,79.1
7518,42,3131,74.5
7519,46,3652,79.4
7520,43,3234,75.2
7521,46,3782,82.2
7522,42,3393,80.8
7523,53,4080,77.0
7524,51,4070,79.8
7525,43,3527,82.0
7526,43,3288,76.5
7527,40,2893,72.3
7528,43,3153,73.3
7529,38,2870,75.5
7530,39,2885,74.0
7531,42,3324,79.1
7532,38,2921,76.9
7533,40,3089,77.2
7534,42,2957,70.4
7535,35,2755,78.7
7536,39,2927,75.1
7537,39,3301,84.6
7538,36,3145,87.4
7539,35,3102,88.6
7540,30,2723,90.8
7541,35,2890,82.6
7542,44,3619,82.2
7543,45,3503,77.8
7544,46,3671,79.8
7545,40,3502,87.6
7546,44,3506,79.7
7547,44,3690,83.9
7548,40,3552,88.8
7549,47,3531,75.1
7550,42,3500,83.3
7551,44,3509,79.8
7552,40,3464,86.6
7553,45,3729,82.9
7554,37,3467,93.7
7555,43,3616,84.1
7556,45,3672,81.6
7557,47,3807,81.0
7558,40,3165,79.1
7559,38,2933,77.2
7560,38,2949,77.6
7561,37,3053,82.5
7562,38,2968,78.1
7563,34,3008,88.5
7564,42,3460,82.4
7565,41,3154,76.9
7566,36,3143,87.3
7567,38,2785,73.3
7568,38,2531,66.6
7569,38,2749,72.3
7570,41,2976,72.6
7571,36,3150,87.5
7572,38,2976,78.3
7573,35,3077,87.9
7574,36,3221,89.5
7575,41,3470,84.6
7576,40,3396,84.9
7577,41,3410,83.2
7578,40,3034,75.8
7579,43,3739,87.0
7580,41,3394,82.8
7581,39,3136,80.4
7582,36,2990,83.1
7583,37,3043,82.2
7584,34,3218,94.6
7585,42,3975,94.6
7586,40,3744,93.6
7587,37,3052,82.5
7588,45,3571,79.4
7589,46,3479,75.6
7590,45,3540,78.7
7591,41,3447,84.1
7592,46,3708,80.6
7593,40,2907,72.7
7594,36,2775,77.1
7595,44,3202,72.8
7596,41,2875,70.1
7597,45,3441,76.5
7598,36,2888,80.2
7599,42,3496,83.2
7600,44,3608,82.0
7601,36,3063,85.1
7602,43,3861,89.8
7603,40,3444,86.1
7604,43,3517,81.8
7605,40,3252,81.3
7606,46,3456,75.1
7607,48,3790,79.0
7608,39,3304,84.7
7609,40,3584,89.6
7610,45,3759,83.5
7611,42,3647,86.8
7612,44,3613,82.1
7613,37,2842,76.8
7614,40,3394,84.8
7615,38,2984,78.5
7616,47,3539,75.3
7617,48,3694,77.0
7618,43,3785,88.0
7619,43,3876,90.1
7620,46,3715,80.8
7621,42,3373,80.3
7622,40,3131,78.3
7623,35,2737,78.2
7624,38,3075,80.9
7625,42,3692,87.9
7626,41,3783,92.3
7627,33,2749,83.3
7628,36,3230,89.7
7629,35,3059,87.4
7630,41,3633,88.6
7631,39,2887,74.0
7632,39,3381,86.7
7633,34,2708,79.6
7634,38,3194,84.1
7635,39,3617,92.7
7636,44,3312,75.3
7637,42,3046,72.5
7638,32,2404,75.1
7639,45,3292,73.2
7640,43,3373,78.4
7641,36,2988,83.0
7642,48,3437,71.6
7643,51,3466,68.0
7644,41,2956,72.1
7645,43,3479,80.9
7646,42,2930,69.8
7647,39,2600,66.7
7648,32,2727,85.2
7649,45,3369,74.9
7650,46,3275,71.2
7651,42,2913,69.4
7652,47,3428,72.9
7653,46,3155,68.6
7654,45,3250,72.2
7655,43,3368,78.3
7656,42,3250,77.4
7657,46,3456,75.1
7658,41,3199,78.0
7659,40,2953,73.8
7660,39,2863,73.4
7661,41,3136,76.5
7662,46,3304,71.8
7663,43,3513,81.7
7664,43,3449,80.2
7665,50,3795,75.9
7666,46,3397,73.8
7667,50,3798,76.0
7668,41,3167,77.2
7669,41,3310,80.7
7670,47,4005,85.2
7671,48,3738,77.9
7672,45,3389,75.3
7673,54,4001,74.1
7674,39,2929,75.1
7675,36,2438,67.7
7676,40,2734,68.4
7677,45,3479,77.3
7678,46,3646,79.3
7679,44,3563,81.0
7680,48,3691,76.9
7681,50,3984,79.7
7682,49,3652,74.5
7683,37,3022,81.7
7684,36,3154,87.6
7685,40,2867,71.7
7686,41,3015,73.5
7687,43,3115,72.4
7688,43,3280,76.3
7689,46,3320,72.2
7690,33,2575,78.0
7691,49,3600,73.5
7692,45,3706,82.4
7693,44,3553,80.8
7694,47,4208,89.5
7695,41,3749,91.4
7696,45,3892,86.5
7697,39,3225,82.7
7698,41,3114,76.0
7699,48,3791,79.0
7700,40,3251,81.3
7701,41,3295,80.4
7702,39,3273,83.9
7703,43,3138,73.0
7704,43,3220,74.9
7705,45,3399,75.5
7706,45,3230,71.8
7707,45,3728,82.8
7708,44,3321,75.5
7709,39,3156,80.9
7710,33,2377,72.0
7711,44,3369,76.6
7712,46,4250,92.4
7713,40,3005,75.1
7714,50,3969,79.4
7715,42,3043,72.5
7716,45,3006,66.8
7717,46,3206,69.7
7718,41,3268,79.7
7719,41,3193,77.9
7720,40,3154,78.8
7721,48,3389,70.6
7722,43,3132,72.8
7723,42,3548,84.5
7724,37,2991,80.8
7725,45,3204,71.2
7726,38,2680,70.5
7727,42,3480,82.9
7728,41,2756,67.2
7729,43,3481,81.0
7730,46,3008,65.4
7731,50,3220,64.4
7732,37,2549,68.9
7733,43,3308,76.9
7734,39,3032,77.7
7735,54,3790,70.2
7736,50,3597,71.9
7737,39,2759,70.7
7738,45,2955,65.7
7739,37,2524,68.2
7740,36,2883,80.1
7741,41,2985,72.8
7742,44,3028,68.8
7743,47,3475,73.9
7744,46,3368,73.2
7745,45,3349,74.4
7746,38,3169,83.4
7747,42,3417,81.4
7748,35,2488,71.1
7749,42,3607,85.9
7750,43,2831,65.8
7751,37,2798,75.6
7752,38,2754,72.5
7753,38,3252,85.6
7754,39,2996,76.8
7755,42,3392,80.8
7756,40,2953,73.8
7757,45,3304,73.4
7758,43,3114,72.4
7759,47,3708,78.9
7760,38,3202,84.3
7761,39,2966,76.1
7762,46,3464,75.3
7763,44,3320,75.5
7764,39,3206,82.2
7765,36,2739,76.1
7766,42,3211,76.5
7767,41,3071,74.9
7768,41,3374,82.3
7769,40,3013,75.3
7770,32,2392,74.8
7771,39,2873,73.7
7772,42,2513,59.8
7773,45,3301,73.4
7774,32,2296,71.8
7775,44,3355,76.2
7776,35,2630,75.1
7777,38,2982,78.5
7778,38,3061,80.6
7779,36,2634,73.2
7780,44,3372,76.6
7781,40,3076,76.9
7782,40,3248,81.2
7783,48,3659,76.2
7784,43,3321,77.2
7785,41,2999,73.1
7786,39,2911,74.6
7787,40,3289,82.2
7788,40,3075,76.9
7789,35,2568,73.4
7790,39,3142,80.6
7791,43,3571,83.0
7792,37,3375,91.2
7793,42,3313,78.9
7794,44,3803,86.4
7795,45,3824,85.0
7796,45,4173,92.7
7797,41,3500,85.4
7798,44,3144,71.5
7799,43,4043,94.0
7800,38,3493,91.9
7801,44,3900,88.6
7802,43,3796,88.3
7803,38,3521,92.7
7804,41,3425,83.5
7805,43,3656,85.0
7806,38,3226,84.9
7807,42,3188,75.9
7808,45,3757,83.5
7809,45,3500,77.8
7810,46,3663,79.6
7811,36,2890,80.3
7812,44,3420,77.7
7813,47,3575,76.1
7814,34,3077,90.5
7815,39,3080,79.0
7816,47,3704,78.8
7817,40,2783,69.6
7818,32,2435,76.1
7819,40,3187,79.7
7820,52,3765,72.4
7821,50,3684,73.7
7822,43,3401,79.1
7823,45,3599,80.0
7824,41,3543,86.4
7825,44,3579,81.3
7826,40,3458,86.4
7827,46,3826,83.2
7828,48,3220,67.1
7829,47,3776,80.3
7830,38,3102,81.6
7831,47,3896,82.9
7832,47,3314,70.5
7833,36,3236,89.9
7834,41,3340,81.5
7835,47,3580,76.2
7836,45,3762,83.6
7837,42,3404,81.0
7838,46,3893,84.6
7839,42,3320,79.0
7840,42,3507,83.5
7841,48,3829,79.8
7842,42,3878,92.3
7843,40,3558,89.0
7844,46,3882,84.4
7845,39,3703,94.9
7846,38,3443,90.6
7847,40,3289,82.2
7848,50,4210,84.2
7849,39,3302,84.7
7850,38,3225,84.9
7851,40,3765,94.1
7852,46,3716,80.8
7853,39,3271,83.9
7854,40,3443,86.1
7855,37,3045,82.3
7856,43,3131,72.8
7857,42,3211,76.5
7858,35,2907,83.1
7859,36,3437,95.5
7860,48,4256,88.7
7861,42,3604,85.8
7862,36,3068,85.2
7863,38,3296,86.7
7864,41,2990,72.9
7865,47,3601,76.6
7866,35,2929,83.7
7867,45,3901,86.7
7868,50,4080,81.6
7869,46,3393,73.8
7870,52,4229,81.3
7871,47,4124,87.7
7872,43,3603,83.8
7873,42,3913,93.2
7874,44,3287,74.7
7875,33,3037,92.0
7876,38,3199,84.2
7877,40,3929,98.2
7878,38,3463,91.1
7879,39,3478,89.2
7880,38,3344,88.0
7881,35,3054,87.3
7882,34,3147,92.6
7883,39,3573,91.6
7884,40,3677,91.9
7885,44,3302,75.0
7886,37,2982,80.6
7887,43,3508,81.6
7888,43,3470,80.7
7889,43,3476,80.8
7890,42,3508,83.5
7891,38,3419,90.0
7892,43,3959,92.1
7893,40,3381,84.5
7894,45,3693,82.1
7895,47,3653,77.7
7896,40,3446,86.2
7897,46,4006,87.1
7898,43,3415,79.4
7899,49,3908,79.8
7900,53,4022,75.9
7901,40,3183,79.6
7902,41,3221,78.6
7903,44,3309,75.2
7904,46,3593,78.1
7905,45,4104,91.2
7906,48,3863,80.5
7907,38,3235,85.1
7908,46,3524,76.6
7909,45,3232,71.8
7910,46,3352,72.9
7911,43,3294,76.6
7912,46,3803,82.7
7913,49,3866,78.9
7914,39,3113,79.8
7915,41,3283,80.1
7916,36,2813,78.1
7917,47,3514,74.8
7918,47,3299,70.2
7919,45,3399,75.5
7920,43,3275,76.2
7921,42,3356,79.9
7922,42,3133,74.6
7923,42,3153,75.1
7924,45,3340,74.2
7925,41,3224,78.6
7926,41,2798,68.2
7927,47,3229,68.7
7928,48,3938,82.0
7929,38,2971,78.2
7930,42,2852,67.9
7931,46,3446,74.9
7932,40,3169,79.2
7933,41,3177,77.5
7934,39,2657,68.1
7935,43,2977,69.2
7936,37,2542,68.7
7937,40,3061,76.5
7938,42,2895,68.9
7939,43,3131,72.8
7940,48,3496,72.8
7941,41,3086,75.3
7942,50,3986,79.7
7943,44,3323,75.5
7944,45,3572,79.4
7945,37,3315,89.6
7946,38,3378,88.9
7947,40,3345,83.6
7948,36,3327,92.4
7949,37,3217,86.9
7950,42,3789,90.2
7951,42,3265,77.7
7952,36,3107,86.3
7953,37,3035,82.0
7954,33,2868,86.9
7955,41,3161,77.1
7956,44,3733,84.8
7957,39,2504,64.2
7958,41,3064,74.7
7959,44,3333,75.8
7960,44,3213,73.0
7961,49,3660,74.7
7962,41,3022,73.7
7963,47,3214,68.4
7964,41,3312,80.8
7965,43,3254,75.7
7966,39,3011,77.2
7967,47,3600,76.6
7968,41,3159,77.0
7969,41,3587,87.5
7970,47,3893,82.8
7971,40,2957,73.9
7972,45,3370,74.9
7973,49,3875,79.1
7974,53,4216,79.5
7975,50,3740,74.8
7976,51,3734,73.2
7977,48,3557,74.1
7978,54,3926,72.7
7979,48,3617,75.4
7980,47,3485,74.1
7981,48,3547,73.9
7982,48,3905,81.4
7983,47,3770,80.2
7984,47,3500,74.5
7985,47,3743,79.6
7986,50,3476,69.5
7987,45,3301,73.4
7988,45,3241,72.0
7989,39,2901,74.4
7990,36,2887,80.2
7991,36,2654,73.7
7992,37,3101,83.8
7993,38,3117,82.0
7994,36,2861,79.5
7995,42,3415,81.3
7996,42,3749,89.3
7997,41,3310,80.7
7998,45,3545,78.8
7999,43,3566,82.9
8000,45,3922,87.2
8001,40,3565,89.1
8002,44,3815,86.7
8003,43,3920,91.2
8004,39,3255,83.5
8005,40,3010,75.2
8006,49,3519,71.8
8007,41,3153,76.9
8008,41,3274,79.9
8009,43,3277,76.2
8010,42,2941,70.0
8011,42,3471,82.6
8012,41,3393,82.8
8013,50,3969,79.4
8014,45,2957,65.7
8015,45,3378,75.1
8016,45,3588,79.7
8017,43,3089,71.8
8018,43,3330,77.4
8019,44,3533,80.3
8020,42,3343,79.6
8021,36,3212,89.2
8022,41,3465,84.5
8023,42,3394,80.8
8024,43,3375,78.5
8025,45,3697,82.2
8026,38,3253,85.6
8027,41,3166,77.2
8028,45,3893,86.5
8029,47,3352,71.3
8030,48,3162,65.9
8031,44,3252,73.9
8032,43,3206,74.6
8033,44,3575,81.2
8034,50,3846,76.9
8035,42,3256,77.5
8036,42,2998,71.4
8037,37,2709,73.2
8038,40,3107,77.7
8039,38,2959,77.9
8040,41,3598,87.8
8041,48,3357,69.9
8042,50,3845,76.9
8043,49,3262,66.6
8044,49,3579,73.0
8045,49,3778,77.1
8046,42,3202,76.2
8047,43,3480,80.9
8048,49,3888,79.3
8049,43,3609,83.9
8050,39,3304,84.7
8051,38,3349,88.1
8052,38,3183,83.8
8053,43,3514,81.7
8054,43,2788,64.8
8055,39,2817,72.2
8056,36,2855,79.3
8057,46,3233,70.3
8058,44,3410,77.5
8059,43,3591,83.5
8060,43,3446,80.1
8061,35,2870,82.0
8062,36,2733,75.9
8063,32,3083,96.3
8064,39,3196,81.9
8065,39,3385,86.8
8066,36,3127,86.9
8067,50,3578,71.6
8068,46,3448,75.0
8069,37,2629,71.1
8070,44,2811,63.9
8071,45,3530,78.4
8072,45,3374,75.0
8073,45,3532,78.5
8074,43,3068,71.3
8075,44,3177,72.2
8076,37,2495,67.4
8077,38,2903,76.4
8078,42,2808,66.9
8079,40,3843,96.1
8080,43,3546,82.5
8081,46,3912,85.0
8082,41,3380,82.4
8083,41,3225,78.7
8084,53,3981,75.1
8085,38,3303,86.9
8086,40,2809,70.2
8087,40,3047,76.2
8088,36,2413,67.0
8089,33,2535,76.8
8090,39,2722,69.8
8091,39,2808,72.0
8092,41,2882,70.3
8093,37,2611,70.6
8094,37,2706,73.1
8095,43,2859,66.5
8096,46,3119,67.8
8097,45,3369,74.9
8098,43,2896,67.3
8099,44,3569,81.1
8100,39,2871,73.6
8101,32,2726,85.2
8102,38,2647,69.7
8103,38,3126,82.3
8104,39,3236,83.0
8105,38,3384,89.1
8106,37,2863,77.4
8107,29,2015,69.5
8108,32,2760,86.2
8109,28,2038,72.8
8110,41,2934,71.6
8111,35,3006,85.9
8112,36,2908,80.8
8113,43,3465,80.6
8114,41,3326,81.1
8115,40,2943,73.6
8116,42,2897,69.0
8117,35,2524,72.1
8118,39,2897,74.3
8119,46,3283,71.4
8120,36,3033,84.2
8121,42,3556,84.7
8122,40,3526,88.2
8123,36,3061,85.0
8124,33,2848,86.3
8125,39,2821,72.3
8126,35,2735,78.1
8127,30,2980,99.3
8128,41,2934,71.6
8129,31,1928,62.2
8130,36,3194,88.7
8131,29,2939,101.3
8132,40,2843,71.1
8133,36,2394,66.5
8134,32,2574,80.4
8135,35,2657,75.9
8136,35,3258,93.1
8137,35,3410,97.4
8138,45,3685,81.9
8139,38,2886,75.9
8140,34,3267,96.1
8141,36,3252,90.3
8142,35,3212,91.8
8143,32,2892,90.4
8144,34,3213,94.5
8145,36,2841,78.9
8146,40,3581,89.5
8147,37,3559,96.2
8148,33,3261,98.8
8149,42,3586,85.4
8150,37,3300,89.2
8151,37,3450,93.2
8152,43,3522,81.9
8153,40,2804,70.1
8154,42,3654,87.0
8155,39,2748,70.5
8156,43,3191,74.2
8157,42,2778,66.1
8158,42,3186,75.9
8159,40,3344,83.6
8160,45,3157,70.2
8161,39,3506,89.9
8162,41,2875,70.1
8163,37,2985,80.7
8164,40,2978,74.4
8165,50,4130,82.6
8166,42,3384,80.6
8167,44,3867,87.9
8168,39,3580,91.8
8169,41,3693,90.1
8170,37,3149,85.1
8171,40,3198,80.0
8172,42,3228,76.9
8173,35,2958,84.5
8174,33,2519,76.3
8175,39,2886,74.0
8176,40,3078,77.0
8177,45,3195,71.0
8178,44,3514,79.9
8179,40,3154,78.8
8180,44,3112,70.7
8181,44,3830,87.0
8182,42,3247,77.3
8183,38,3435,90.4
8184,38,2568,67.6
8185,27,2051,76.0
8186,39,3312,84.9
8187,37,2941,79.5
8188,42,3556,84.7
8189,40,3528,88.2
8190,35,2967,84.8
8191,39,3458,88.7
8192,38,3154,83.0
8193,38,3112,81.9
8194,37,3331,90.0
8195,40,3414,85.4
8196,40,3620,90.5
8197,36,3106,86.3
8198,40,3416,85.4
8199,39,3284,84.2
8200,40,3434,85.8
8201,39,3095,79.4
8202,37,2861,77.3
8203,36,3444,95.7
8204,41,3669,89.5
8205,37,2870,77.6
8206,38,3152,82.9
8207,42,3122,74.3
8208,46,3704,80.5
8209,32,2468,77.1
8210,37,2801,75.7
8211,40,3149,78.7
8212,48,3438,71.6
8213,50,3510,70.2
8214,46,3293,71.6
8215,46,3402,74.0
8216,46,3205,69.7
8217,40,2779,69.5
8218,41,3283,80.1
8219,38,2655,69.9
8220,33,2759,83.6
8221,41,3479,84.9
8222,48,3535,73.6
8223,37,3209,86.7
8224,33,2911,88.2
8225,41,3138,76.5
8226,45,3748,83.3
8227,37,2607,70.5
8228,42,3958,94.2
8229,36,2707,75.2
8230,44,3627,82.4
8231,46,3431,74.6
8232,31,2426,78.3
8233,41,3182,77.6
8234,37,2351,63.5
8235,41,3104,75.7
8236,49,3296,67.3
8237,41,2646,64.5
8238,41,3175,77.4
8239,36,2547,70.8
8240,44,2995,68.1
8241,36,2517,69.9
8242,40,2797,69.9
8243,38,2927,77.0
8244,34,3176,93.4
8245,39,2912,74.7
8246,49,3590,73.3
8247,47,3188,67.8
8248,40,3304,82.6
8249,41,3118,76.0
8250,40,2825,70.6
8251,44,2986,67.9
8252,44,3379,76.8
8253,39,2890,74.1
8254,36,2589,71.9
8255,45,3140,69.8
8256,46,3295,71.6
8257,40,3565,89.1
8258,47,3379,71.9
8259,36,3156,87.7
8260,35,2361,67.5
8261,42,3039,72.4
8262,35,3048,87.1
8263,36,3076,85.4
8264,45,3363,74.7
8265,39,3016,77.3
8266,39,3057,78.4
8267,42,3227,76.8
8268,50,3101,62.0
8269,41,2943,71.8
8270,51,3591,70.4
8271,50,3306,66.1
8272,43,3005,69.9
8273,46,3421,74.4
8274,39,3140,80.5
8275,47,3474,73.9
8276,43,3521,81.9
8277,41,3097,75.5
8278,43,3393,78.9
8279,41,2588,63.1
8280,45,3271,72.7
8281,38,2833,74.6
8282,40,3526,88.2
8283,34,2800,82.4
8284,37,3186,86.1
8285,38,2964,78.0
8286,33,2416,73.2
8287,44,2850,64.8
8288,42,3014,71.8
8289,44,2807,63.8
8290,40,2808,70.2
8291,41,2617,63.8
8292,39,2503,64.2
8293,38,2693,70.9
8294,50,3410,68.2
8295,44,3169,72.0
8296,47,3661,77.9
8297,42,2948,70.2
8298,34,2839,83.5
8299,38,2785,73.3
8300,38,2895,76.2
8301,38,2964,78.0
8302,38,2804,73.8
8303,50,3578,71.6
8304,42,3516,83.7
8305,49,3339,68.1
8306,43,2980,69.3
8307,45,3330,74.0
8308,41,3258,79.5
8309,39,2960,75.9
8310,33,2531,76.7
8311,37,2884,77.9
8312,42,3232,77.0
8313,49,3508,71.6
8314,39,3337,85.6
8315,41,3069,74.9
8316,44,3538,80.4
8317,41,2803,68.4
8318,47,3197,68.0
8319,45,3102,68.9
8320,42,2794,66.5
8321,48,3100,64.6
8322,52,3490,67.1
8323,37,2899,78.4
8324,42,2897,69.0
8325,40,2803,70.1
8326,40,2768,69.2
8327,33,2416,73.2
8328,41,2850,69.5
8329,34,2262,66.5
8330,39,2564,65.7
8331,46,3835,83.4
8332,36,2916,81.0
8333,38,3153,83.0
8334,35,2815,80.4
8335,39,3037,77.9
8336,42,3383,80.5
8337,39,3224,82.7
8338,45,3185,70.8
8339,39,3108,79.7
8340,37,2817,76.1
8341,44,3502,79.6
8342,41,3103,75.7
8343,42,3653,87.0
8344,41,2926,71.4
8345,30,2592,86.4
8346,38,3012,79.3
8347,39,3090,79.2
8348,39,3113,79.8
8349,40,3643,91.1
8350,39,3277,84.0
8351,45,3549,78.9
8352,37,3138,84.8
8353,33,2735,82.9
8354,32,2995,93.6
8355,38,3518,92.6
8356,31,2468,79.6
8357,34,3115,91.6
8358,33,2855,86.5
8359,29,2617,90.2
8360,37,3204,86.6
8361,37,3235,87.4
8362,41,3473,84.7
8363,41,3170,77.3
8364,42,3440,81.9
8365,38,3138,82.6
8366,41,3423,83.5
8367,30,2443,81.4
8368,41,3681,89.8
8369,34,3329,97.9
8370,35,2884,82.4
8371,46,3602,78.3
8372,43,3912,91.0
8373,43,3537,82.3
8374,45,3716,82.6
8375,37,3293,89.0
8376,38,3477,91.5
8377,45,3540,78.7
8378,41,3135,76.5
8379,38,2850,75.0
8380,40,3319,83.0
8381,40,3433,85.8
8382,39,3465,88.8
8383,35,2776,79.3
8384,37,2960,80.0
8385,33,3162,95.8
8386,40,3175,79.4
8387,38,3385,89.1
8388,34,2853,83.9
8389,33,2628,79.6
8390,33,2881,87.3
8391,39,3286,84.3
8392,33,2819,85.4
8393,38,3089,81.3
8394,39,3099,79.5
8395,39,3135,80.4
8396,37,2660,71.9
8397,40,3234,80.8
8398,37,3180,85.9
8399,47,3727,79.3
8400,41,3447,84.1
8401,45,3146,69.9
8402,47,3523,75.0
8403,44,3655,83.1
8404,38,3174,83.5
8405,43,3456,80.4
8406,46,3747,81.5
8407,52,4137,79.6
8408,42,3713,88.4
8409,39,3659,93.8
8410,48,3999,83.3
8411,43,3687,85.7
8412,36,2680,74.4
8413,37,2760,74.6
8414,30,2143,71.4
8415,37,2556,69.1
8416,41,3166,77.2
8417,46,3964,86.2
8418,45,3690,82.0
8419,41,3358,81.9
8420,41,3053,74.5
8421,43,3278,76.2
8422,36,2805,77.9
8423,36,2776,77.1
8424,43,3199,74.4
8425,34,2615,76.9
8426,37,2947,79.6
8427,42,2948,70.2
8428,45,3556,79.0
8429,47,3257,69.3
8430,42,3220,76.7
8431,34,2765,81.3
8432,39,2796,71.7
8433,39,3208,82.3
8434,41,3053,74.5
8435,27,2083,77.1
8436,32,2854,89.2
8437,26,2187,84.1
8438,29,2272,78.3
8439,36,3047,84.6
8440,38,3147,82.8
8441,43,3201,74.4
8442,41,3207,78.2
8443,43,3467,80.6
8444,44,3829,87.0
8445,38,3354,88.3
8446,38,3455,90.9
8447,43,2977,69.2
8448,39,2960,75.9
8449,34,3187,93.7
8450,43,3639,84.6
8451,34,2930,86.2
8452,39,2994,76.8
8453,37,2705,73.1
8454,36,2671,74.2
8455,49,3132,63.9
8456,39,2962,75.9
8457,31,2369,76.4
8458,37,2627,71.0
8459,35,2766,79.0
8460,33,2827,85.7
8461,38,3001,79.0
8462,37,2578,69.7
8463,38,3163,83.2
8464,46,3148,68.4
8465,52,3592,69.1
8466,41,2910,71.0
8467,38,2829,74.4
8468,41,2951,72.0
8469,46,3450,75.0
8470,36,2792,77.6
8471,40,3321,83.0
8472,35,2705,77.3
8473,44,3490,79.3
8474,43,3395,79.0
8475,46,3539,76.9
8476,37,2712,73.3
8477,42,2937,69.9
8478,41,2518,61.4
8479,39,2733,70.1
8480,38,2820,74.2
8481,36,3241,90.0
8482,40,3722,93.0
8483,38,3211,84.5
8484,30,2327,77.6
8485,34,3258,95.8
8486,31,2691,86.8
8487,32,3104,97.0
8488,37,2871,77.6
8489,33,3232,97.9
8490,33,3095,93.8
8491,33,3050,92.4
8492,34,2724,80.1
8493,31,2489,80.3
8494,40,3252,81.3
8495,39,3364,86.3
8496,27,2196,81.3
8497,28,3064,109.4
8498,30,2763,92.1
8499,36,2895,80.4
8500,39,3568,91.5
8501,36,3094,85.9
8502,35,3010,86.0
8503,33,2961,89.7
8504,37,3082,83.3
8505,30,2680,89.3
8506,34,3439,101.1
8507,28,2769,98.9
8508,33,3404,103.2
8509,33,3360,101.8
8510,32,2776,86.8
8511,45,3706,82.4
8512,35,2955,84.4
8513,42,3451,82.2
8514,31,2624,84.6
8515,38,3471,91.3
8516,30,2865,95.5
8517,33,3104,94.1
8518,29,2453,84.6
8519,31,2610,84.2
8520,34,3288,96.7
8521,33,2867,86.9
8522,33,2860,86.7
8523,34,2611,76.8
8524,37,3066,82.9
8525,34,2826,83.1
8526,29,2674,92.2
8527,35,3465,99.0
8528,42,3454,82.2
8529,41,3147,76.8
8530,37,2892,78.2
8531,37,2940,79.5
8532,37,2881,77.9
8533,36,3259,90.5
8534,30,2637,87.9
8535,41,3246,79.2
8536,32,2514,78.6
8537,33,3006,91.1
8538,39,3460,88.7
8539,40,3715,92.9
8540,36,2861,79.5
8541,39,2920,74.9
8542,48,3644,75.9
8543,36,2911,80.9
8544,39,2904,74.5
8545,34,2717,79.9
8546,34,3323,97.7
8547,26,2245,86.3
8548,37,2933,79.3
8549,41,3632,88.6
8550,28,1936,69.1
8551,31,2955,95.3
8552,41,3452,84.2
8553,36,3020,83.9
8554,45,3828,85.1
8555,37,2902,78.4
8556,41,3227,78.7
8557,41,3094,75.5
8558,38,3131,82.4
8559,38,3069,80.8
8560,40,3835,95.9
8561,36,3306,91.8
8562,42,3867,92.1
8563,33,2576,78.1
8564,38,3522,92.7
8565,43,3418,79.5
8566,37,3183,86.0
8567,34,3034,89.2
8568,36,2611,72.5
8569,36,2839,78.9
8570,36,2335,64.9
8571,33,2272,68.8
8572,33,2269,68.8
8573,37,2961,80.0
8574,30,2377,79.2
8575,38,2792,73.5
8576,35,2774,79.3
8577,46,3288,71.5
8578,43,3306,76.9
8579,37,3648,98.6
8580,29,2931,101.1
8581,30,2857,95.2
8582,35,3428,97.9
8583,31,2839,91.6
8584,34,3325,97.8
8585,35,3776,107.9
8586,34,3366,99.0
8587,32,3098,96.8
8588,36,3327,92.4
8589,32,3032,94.8
8590,36,3426,95.2
8591,33,2602,78.8
8592,35,3018,86.2
8593,38,3538,93.1
8594,37,2717,73.4
8595,38,3056,80.4
8596,37,2801,75.7
8597,37,3240,87.6
8598,37,3319,89.7
8599,37,3249,87.8
8600,41,3752,91.5
8601,36,3114,86.5
8602,37,3476,93.9
8603,41,3459,84.4
8604,39,3594,92.2
8605,38,3593,94.6
8606,35,3447,98.5
8607,38,2886,75.9
8608,45,3697,82.2
8609,46,3470,75.4
8610,47,3739,79.6
8611,45,3110,69.1
8612,35,2611,74.6
8613,36,2846,79.1
8614,41,3692,90.0
8615,38,2783,73.2
8616,41,3054,74.5
8617,35,2812,80.3
8618,37,3357,90.7
8619,37,2940,79.5
8620,39,2300,59.0
8621,42,2943,70.1
8622,42,3353,79.8
8623,39,3195,81.9
8624,45,3530,78.4
8625,42,3457,82.3
8626,39,3274,83.9
8627,44,3618,82.2
8628,33,2697,81.7
8629,33,2931,88.8
8630,37,2951,79.8
8631,36,2601,72.2
8632,34,2835,83.4
8633,36,2972,82.6
8634,47,3944,83.9
8635,34,2759,81.1
8636,42,3563,84.8
8637,39,3211,82.3
8638,29,2351,81.1
8639,42,4052,96.5
8640,34,2744,80.7
8641,35,3474,99.3
8642,38,2829,74.4
8643,36,2967,82.4
8644,31,2450,79.0
8645,31,2550,82.3
8646,36,2561,71.1
8647,40,3335,83.4
8648,35,2988,85.4
8649,37,3277,88.6
8650,37,3574,96.6
8651,33,2918,88.4
8652,40,3307,82.7
8653,39,3400,87.2
8654,38,3324,87.5
8655,40,3501,87.5
8656,43,3146,73.2
8657,43,3753,87.3
8658,34,2712,79.8
8659,36,2567,71.3
8660,36,3390,94.2
8661,42,3571,85.0
8662,43,3412,79.3
8663,37,2618,70.8
8664,42,3605,85.8
8665,39,2828,72.5
8666,37,3597,97.2
8667,44,3531,80.2
8668,39,2793,71.6
8669,33,2852,86.4
8670,36,2524,70.1
8671,33,2992,90.7
8672,34,2548,74.9
8673,37,3031,81.9
8674,31,2323,74.9
8675,32,2810,87.8
8676,30,2936,97.9
8677,29,3221,111.1
8678,35,3032,86.6
8679,36,2685,74.6
8680,36,3012,83.7
8681,39,2879,73.8
8682,41,3438,83.9
8683,42,3261,77.6
8684,39,3379,86.6
8685,44,3822,86.9
8686,44,3846,87.4
8687,39,3088,79.2
8688,36,3257,90.5
8689,43,3510,81.6
8690,35,3110,88.9
8691,38,3052,80.3
8692,35,3457,98.8
8693,38,2941,77.4
8694,42,3735,88.9
8695,32,2711,84.7
8696,38,3584,94.3
8697,35,2738,78.2
8698,37,2972,80.3
8699,43,3888,90.4
8700,34,2941,86.5
8701,40,3420,85.5
8702,35,2922,83.5
8703,31,2687,86.7
8704,33,2905,88.0
8705,33,2972,90.1
8706,34,3051,89.7
8707,37,3134,84.7
8708,39,3317,85.1
8709,43,3520,81.9
8710,40,3566,89.2
8711,42,3833,91.3
8712,39,3189,81.8
8713,41,3210,78.3
8714,47,3507,74.6
8715,43,3730,86.7
8716,34,2752,80.9
8717,27,2314,85.7
8718,34,2801,82.4
8719,34,2857,84.0
8720,43,3738,86.9
8721,31,2608,84.1
8722,37,3292,89.0
8723,37,3149,85.1
8724,32,2946,92.1
8725,35,2631,75.2
8726,37,3197,86.4
8727,40,3334,83.4
8728,41,3450,84.1
8729,37,3093,83.6
8730,36,2928,81.3
8731,41,3648,89.0
8732,46,3877,84.3
8733,38,3054,80.4
8734,42,3631,86.5
8735,33,2628,79.6
8736,38,2637,69.4
8737,35,2790,79.7
8738,32,3308,103.4
8739,37,3264,88.2
8740,44,3313,75.3
8741,42,3161,75.3
8742,43,3540,82.3
8743,33,2600,78.8
8744,35,2809,80.3
8745,31,1916,61.8
8746,40,3095,77.4
8747,33,2655,80.5
8748,34,2804,82.5
8749,35,2823,80.7
8750,24,2070,86.2
8751,34,3104,91.3
8752,39,3333,85.5
8753,41,3714,90.6
8754,47,3999,85.1
8755,38,3138,82.6
8756,35,2908,83.1
8757,35,2773,79.2
8758,26,2225,85.6
8759,32,2964,92.6
8760,36,2915,81.0
8761,34,2840,83.5
8762,28,2424,86.6
8763,40,3179,79.5
8764,30,2746,91.5
8765,39,3243,83.2
8766,39,2882,73.9
8767,34,2773,81.6
8768,35,3008,85.9
8769,38,2948,77.6
8770,46,3531,76.8
8771,41,2998,73.1
8772,41,3254,79.4
8773,43,3479,80.9
8774,45,3363,74.7
8775,41,2953,72.0
8776,42,2910,69.3
8777,33,2474,75.0
8778,38,3105,81.7
8779,41,2896,70.6
8780,37,2854,77.1
8781,39,3374,86.5
8782,35,2985,85.3
8783,27,2216,82.1
8784,32,2676,83.6
8785,32,3152,98.5
8786,38,3055,80.4
8787,33,2947,89.3
8788,31,2598,83.8
8789,31,2787,89.9
8790,37,2969,80.2
8791,37,3470,93.8
8792,37,3552,96.0
8793,32,3187,99.6
8794,36,3594,99.8
8795,34,2912,85.6
8796,28,2524,90.1
8797,37,2964,80.1
8798,38,3381,89.0
8799,35,2979,85.1
8800,34,3303,97.1
8801,41,3566,87.0
8802,36,3348,93.0
8803,43,3885,90.3
8804,38,3314,87.2
8805,34,3210,94.4
8806,29,2311,79.7
8807,42,3457,82.3
8808,36,3077,85.5
8809,36,3288,91.3
8810,32,2782,86.9
8811,39,3300,84.6
8812,40,3387,84.7
8813,43,3595,83.6
8814,37,3131,84.6
8815,35,3016,86.2
8816,33,2763,83.7
8817,26,2108,81.1
8818,35,2874,82.1
8819,36,3054,84.8
8820,33,2503,75.8
8821,40,3256,81.4
8822,35,3087,88.2
8823,35,2904,83.0
8824,44,3097,70.4
8825,46,3535,76.8
8826,40,2640,66.0
8827,40,3327,83.2
8828,36,3118,86.6
8829,38,3121,82.1
8830,35,2773,79.2
8831,27,2291,84.9
8832,33,2433,73.7
8833,35,2896,82.7
8834,36,3335,92.6
8835,42,3316,79.0
8836,40,2958,74.0
8837,35,2842,81.2
8838,40,3590,89.8
8839,37,3534,95.5
8840,44,3776,85.8
8841,38,2882,75.8
8842,38,2854,75.1
8843,38,2741,72.1
8844,33,2587,78.4
8845,43,3209,74.6
8846,37,2840,76.8
8847,41,3139,76.6
8848,35,2949,84.3
8849,33,2699,81.8
8850,36,2806,77.9
8851,41,3038,74.1
8852,37,3002,81.1
8853,39,3131,80.3
8854,41,3121,76.1
8855,40,3042,76.0
8856,42,3041,72.4
8857,45,3418,76.0
8858,51,4230,82.9
8859,50,3789,75.8
8860,36,2714,75.4
8861,33,2818,85.4
8862,42,2861,68.1
8863,42,3205,76.3
8864,42,3420,81.4
8865,42,3523,83.9
8866,45,3811,84.7
8867,42,3692,87.9
8868,36,2613,72.6
8869,44,3610,82.0
8870,37,3133,84.7
8871,45,4067,90.4
8872,42,3784,90.1
8873,45,3432,76.3
8874,42,3283,78.2
8875,44,3293,74.8
8876,51,3954,77.5
8877,48,4205,87.6
8878,40,3769,94.2
8879,40,3433,85.8
8880,41,3552,86.6
8881,45,3965,88.1
8882,40,3649,91.2
8883,39,3495,89.6
8884,39,3521,90.3
8885,34,2949,86.7
8886,38,3024,79.6
8887,37,3191,86.2
8888,45,4111,91.4
8889,44,3891,88.4
8890,41,3291,80.3
8891,41,3808,92.9
8892,42,4081,97.2
8893,37,3662,99.0
8894,34,3254,95.7
8895,40,3909,97.7
8896,41,3877,94.6
8897,36,3321,92.2
8898,34,3131,92.1
8899,40,3628,90.7
8900,41,3384,82.5
8901,34,3469,102.0
8902,43,4116,95.7
8903,46,4282,93.1
8904,45,3927,87.3
8905,46,3964,86.2
8906,47,3560,75.7
8907,51,4033,79.1
8908,43,3620,84.2
8909,38,3294,86.7
8910,40,3117,77.9
8911,45,3627,80.6
8912,36,3323,92.3
8913,32,2589,80.9
8914,33,3131,94.9
8915,40,3926,98.2
8916,42,3822,91.0
8917,37,3425,92.6
8918,40,3229,80.7
8919,44,3876,88.1
8920,43,3614,84.0
8921,40,3383,84.6
8922,38,3236,85.2
8923,44,3727,84.7
8924,48,3994,83.2
8925,37,3260,88.1
8926,33,3720,112.7
8927,36,3169,88.0
8928,38,3682,96.9
8929,44,3681,83.7
8930,49,4293,87.6
8931,41,3388,82.6
8932,42,3786,90.1
8933,36,3290,91.4
8934,40,3253,81.3
8935,36,3110,86.4
8936,39,3646,93.5
8937,32,2901,90.7
8938,39,3202,82.1
8939,40,3975,99.4
8940,40,3688,92.2
8941,36,3852,107.0
8942,39,3720,95.4
8943,39,3223,82.6
8944,38,3237,85.2
8945,36,3127,86.9
8946,33,3121,94.6
8947,37,3639,98.4
8948,33,2872,87.0
8949,36,3086,85.7
8950,41,3604,87.9
8951,37,2842,76.8
8952,42,3468,82.6
8953,38,3807,100.2
8954,37,3583,96.8
8955,35,3618,103.4
8956,38,3372,88.7
8957,42,3882,92.4
8958,43,3801,88.4
8959,37,3427,92.6
8960,37,3471,93.8
8961,40,3768,94.2
8962,52,4541,87.3
8963,44,3976,90.4
8964,42,3913,93.2
8965,39,3736,95.8
8966,43,4061,94.4
8967,41,3695,90.1
8968,34,2872,84.5
8969,39,3145,80.6
8970,43,3543,82.4
8971,46,3752,81.6
8972,48,3858,80.4
8973,41,3211,78.3
8974,41,3457,84.3
8975,41,3883,94.7
8976,41,3896,95.0
8977,46,4023,87.5
8978,45,4008,89.1
8979,45,3638,80.8
8980,36,3200,88.9
8981,46,4185,91.0
8982,42,3623,86.3
8983,43,3869,90.0
8984,41,3813,93.0
8985,43,4017,93.4
8986,39,3361,86.2
8987,41,3350,81.7
8988,45,4080,90.7
8989,41,3785,92.3
8990,38,3469,91.3
8991,39,3970,101.8
8992,40,3822,95.6
8993,39,3692,94.7
8994,39,3583,91.9
8995,45,4163,92.5
8996,35,3002,85.8
8997,38,3705,97.5
8998,41,3546,86.5
8999,36,3109,86.4
9000,39,3303,84.7
9001,47,4020,85.5
9002,42,3422,81.5
9003,43,3632,84.5
9004,41,4054,98.9
9005,45,3670,81.6
9006,35,2855,81.6
9007,36,3215,89.3
9008,34,2943,86.6
9009,35,2953,84.4
9010,34,2873,84.5
9011,45,3852,85.6
9012,39,3435,88.1
9013,41,3265,79.6
9014,43,3728,86.7
9015,39,3428,87.9
9016,44,3785,86.0
9017,42,3587,85.4
9018,39,3471,89.0
9019,44,3875,88.1
9020,48,4421,92.1
9021,42,3562,84.8
9022,41,3193,77.9
9023,39,3290,84.4
9024,37,2962,80.1
9025,36,3219,89.4
9026,38,3213,84.6
9027,38,3307,87.0
9028,41,4057,99.0
9029,42,3728,88.8
9030,41,3657,89.2
9031,49,4140,84.5
9032,49,3761,76.8
9033,44,3804,86.5
9034,39,3799,97.4
9035,34,3083,90.7
9036,38,3660,96.3
9037,39,3735,95.8
9038,40,3694,92.4
9039,36,3665,101.8
9040,39,3574,91.6
9041,37,3416,92.3
9042,36,3545,98.5
9043,36,3118,86.6
9044,33,3167,96.0
9045,36,2961,82.2
9046,39,3491,89.5
9047,32,2777,86.8
9048,37,3330,90.0
9049,40,3795,94.9
9050,30,2989,99.6
9051,40,3399,85.0
9052,32,3149,98.4
9053,36,3278,91.1
9054,36,3333,92.6
9055,42,3219,76.6
9056,38,3257,85.7
9057,37,3471,93.8
9058,39,3258,83.5
9059,42,3706,88.2
9060,36,3455,96.0
9061,40,3578,89.4
9062,33,3210,97.3
9063,33,3230,97.9
9064,34,3100,91.2
9065,40,3661,91.5
9066,42,3565,84.9
9067,42,3928,93.5
9068,38,3461,91.1
9069,38,3207,84.4
9070,33,3303,100.1
9071,37,3567,96.4
9072,37,3593,97.1
9073,35,3316,94.7
9074,37,3594,97.1
9075,31,3051,98.4
9076,39,3438,88.2
9077,29,2794,96.3
9078,33,2500,75.8
9079,42,3597,85.6
9080,36,3409,94.7
9081,35,3250,92.9
9082,41,3640,88.8
9083,32,2731,85.3
9084,38,3111,81.9
9085,35,3104,88.7
9086,36,3191,88.6
9087,32,2600,81.2
9088,31,2632,84.9
9089,34,2668,78.5
9090,33,2662,80.7
9091,34,2970,87.4
9092,43,3525,82.0
9093,28,2446,87.4
9094,36,3518,97.7
9095,40,3340,83.5
9096,37,3430,92.7
9097,40,3389,84.7
9098,39,3732,95.7
9099,34,3169,93.2
9100,29,2773,95.6
9101,35,3214,91.8
9102,46,3908,85.0
9103,41,3085,75.2
9104,44,3734,84.9
9105,45,3945,87.7
9106,41,3494,85.2
9107,42,3530,84.0
9108,39,3468,88.9
9109,40,3387,84.7
9110,40,3601,90.0
9111,37,3089,83.5
9112,41,3367,82.1
9113,36,3014,83.7
9114,41,3500,85.4
9115,39,3343,85.7
9116,37,3133,84.7
9117,41,3556,86.7
9118,40,3779,94.5
9119,38,2891,76.1
9120,36,3189,88.6
9121,42,3579,85.2
9122,42,3817,90.9
9123,38,3712,97.7
9124,46,3980,86.5
9125,40,3793,94.8
9126,39,3584,91.9
9127,42,3972,94.6
9128,43,3496,81.3
9129,38,3689,97.1
9130,41,3478,84.8
9131,38,3235,85.1
9132,38,3528,92.8
9133,42,3787,90.2
9134,37,3205,86.6
9135,34,3086,90.8
9136,38,3714,97.7
9137,36,3360,93.3
9138,37,3408,92.1
9139,43,3773,87.7
9140,32,2402,75.1
9141,34,2691,79.1
9142,35,2932,83.8
9143,36,3546,98.5
9144,36,3202,88.9
9145,40,3103,77.6
9146,38,3320,87.4
9147,29,2761,95.2
9148,31,2849,91.9
9149,40,3480,87.0
9150,42,3489,83.1
9151,35,3063,87.5
9152,41,3410,83.2
9153,40,4001,100.0
9154,43,3438,80.0
9155,32,3327,104.0
9156,37,3508,94.8
9157,43,3529,82.1
9158,43,3372,78.4
9159,40,3129,78.2
9160,46,3353,72.9
9161,37,3220,87.0
9162,43,3148,73.2
9163,39,2846,73.0
9164,43,3239,75.3
9165,45,3778,84.0
9166,47,3773,80.3
9167,44,3311,75.2
9168,45,3751,83.4
9169,38,3124,82.2
9170,36,3259,90.5
9171,39,3232,82.9
9172,36,3085,85.7
9173,40,3050,76.2
9174,32,2663,83.2
9175,34,2806,82.5
9176,30,2452,81.7
9177,32,2720,85.0
9178,42,3320,79.0
9179,49,3740,76.3
9180,35,2724,77.8
9181,38,2799,73.7
9182,38,3035,79.9
9183,41,3481,84.9
9184,41,2967,72.4
9185,41,3199,78.0
9186,36,2783,77.3
9187,33,2538,76.9
9188,32,2712,84.8
9189,34,2936,86.4
9190,31,2637,85.1
9191,45,3676,81.7
9192,47,3677,78.2
9193,46,3528,76.7
9194,47,3322,70.7
9195,41,3013,73.5
9196,39,3093,79.3
9197,39,3399,87.2
9198,37,2917,78.8
9199,38,2879,75.8
9200,40,2993,74.8
9201,39,3072,78.8
9202,33,2890,87.6
9203,46,3482,75.7
9204,42,3515,83.7
9205,39,3117,79.9
9206,41,3274,79.9
9207,30,2457,81.9
9208,33,2556,77.5
9209,45,3392,75.4
9210,40,3191,79.8
9211,44,2936,66.7
9212,47,3007,64.0
9213,42,2685,63.9
9214,45,3157,70.2
9215,42,3363,80.1
9216,43,3317,77.1
9217,36,2778,77.2
9218,43,3260,75.8
9219,32,2445,76.4
9220,39,2795,71.7
9221,31,2444,78.8
9222,45,3267,72.6
9223,44,3215,73.1
9224,38,3045,80.1
9225,46,3374,73.3
9226,43,3021,70.3
9227,39,2940,75.4
9228,43,3172,73.8
9229,37,2888,78.1
9230,38,2941,77.4
9231,33,2257,68.4
9232,43,3457,80.4
9233,31,1916,61.8
9234,38,3310,87.1
9235,35,2934,83.8
9236,27,2162,80.1
9237,32,2517,78.7
9238,35,2864,81.8
9239,34,2497,73.4
9240,37,3289,88.9
9241,38,2919,76.8
9242,42,3614,86.0
9243,45,3656,81.2
9244,45,3362,74.7
9245,35,3008,85.9
9246,33,2651,80.3
9247,32,2512,78.5
9248,31,2318,74.8
9249,41,3481,84.9
9250,34,2745,80.7
9251,42,3310,78.8
9252,40,3216,80.4
9253,42,2932,69.8
9254,44,3165,71.9
9255,33,2547,77.2
9256,34,2820,82.9
9257,39,2959,75.9
9258,41,3153,76.9
9259,48,3628,75.6
9260,39,3061,78.5
9261,41,3033,74.0
9262,37,2895,78.2
9263,44,3106,70.6
9264,42,3394,80.8
9265,35,2767,79.1
9266,33,2585,78.3
9267,35,2719,77.7
9268,43,3563,82.9
9269,47,3601,76.6
9270,56,3903,69.7
9271,49,3466,70.7
9272,50,3506,70.1
9273,44,3135,71.2
9274,46,3638,79.1
9275,42,3501,83.4
9276,41,3020,73.7
9277,38,2907,76.5
9278,44,3184,72.4
9279,41,2980,72.7
9280,39,2992,76.7
9281,40,3261,81.5
9282,38,3061,80.6
9283,45,3368,74.8
9284,40,2884,72.1
9285,39,2875,73.7
9286,41,3327,81.1
9287,43,3178,73.9
9288,39,2787,71.5
9289,49,3699,75.5
9290,36,3015,83.8
9291,35,2798,79.9
9292,35,2932,83.8
9293,38,3065,80.7
9294,43,3564,82.9
9295,41,3307,80.7
9296,32,3047,95.2
9297,38,3310,87.1
9298,36,3234,89.8
9299,37,3319,89.7
9300,35,2780,79.4
9301,28,2471,88.2
9302,31,2412,77.8
9303,44,3362,76.4
9304,40,3462,86.6
9305,39,2799,71.8
9306,37,3198,86.4
9307,41,3235,78.9
9308,38,3176,83.6
9309,41,3228,78.7
9310,42,3374,80.3
9311,44,3522,80.0
9312,40,3303,82.6
9313,50,3301,66.0
9314,40,3243,81.1
9315,42,2964,70.6
9316,47,3513,74.7
9317,43,3100,72.1
9318,45,3314,73.6
9319,35,2492,71.2
9320,43,3044,70.8
9321,40,2969,74.2
9322,42,3391,80.7
9323,41,3195,77.9
9324,48,3299,68.7
9325,45,3522,78.3
9326,44,3300,75.0
9327,45,3525,78.3
9328,41,2920,71.2
9329,39,2967,76.1
9330,39,2565,65.8
9331,40,2631,65.8
9332,41,2992,73.0
9333,48,2972,61.9
9334,46,3394,73.8
9335,36,3041,84.5
9336,43,3224,75.0
9337,49,3615,73.8
9338,48,3434,71.5
9339,39,3023,77.5
9340,45,3304,73.4
9341,46,3207,69.7
9342,37,2787,75.3
9343,40,2884,72.1
9344,39,3057,78.4
9345,38,2882,75.8
9346,40,2809,70.2
9347,34,2376,69.9
9348,40,3050,76.2
9349,45,3278,72.8
9350,40,2715,67.9
9351,45,3010,66.9
9352,41,3075,75.0
9353,38,2879,75.8
9354,39,2838,72.8
9355,44,2826,64.2
9356,48,3292,68.6
9357,44,3043,69.2
9358,42,2617,62.3
9359,44,3133,71.2
9360,41,2895,70.6
9361,41,3151,76.9
9362,44,2904,66.0
9363,45,2943,65.4
9364,51,3764,73.8
9365,43,3096,72.0
9366,48,3291,68.6
9367,41,3134,76.4
9368,44,2979,67.7
9369,43,3468,80.7
9370,44,3264,74.2
9371,51,3690,72.4
9372,48,3642,75.9
9373,42,3141,74.8
9374,54,4019,74.4
9375,44,3155,71.7
9376,35,2751,78.6
9377,47,3717,79.1
9378,44,3530,80.2
9379,51,3729,73.1
9380,43,3124,72.7
9381,49,3543,72.3
9382,44,3270,74.3
9383,41,3321,81.0
9384,41,3164,77.2
9385,41,3170,77.3
9386,41,3187,77.7
9387,38,3005,79.1
9388,42,2942,70.0
9389,45,3238,72.0
9390,43,2792,64.9
9391,54,3545,65.6
9392,49,3580,73.1
9393,46,3160,68.7
9394,48,3455,72.0
9395,45,3563,79.2
9396,43,3489,81.1
9397,43,3023,70.3
9398,40,3152,78.8
9399,43,2918,67.9
9400,44,3145,71.5
9401,46,3335,72.5
9402,47,3552,75.6
9403,45,3358,74.6
9404,51,3543,69.5
9405,43,3209,74.6
9406,44,3086,70.1
9407,39,3091,79.3
9408,39,3121,80.0
9409,44,3355,76.2
9410,42,3120,74.3
9411,39,3050,78.2
9412,38,2862,75.3
9413,37,2603,70.4
9414,37,2775,75.0
9415,45,3577,79.5
9416,34,2685,79.0
9417,42,3000,71.4
9418,37,2836,76.6
9419,38,2770,72.9
9420,40,2884,72.1
9421,38,2817,74.1
9422,45,3131,69.6
9423,38,2687,70.7
9424,45,3079,68.4
9425,37,3023,81.7
9426,44,3101,70.5
9427,42,2958,70.4
9428,43,3097,72.0
9429,41,3278,80.0
9430,39,2716,69.6
9431,45,3188,70.8
9432,37,2780,75.1
9433,41,3092,75.4
9434,42,3203,76.3
9435,38,3293,86.7
9436,40,3038,76.0
9437,46,3244,70.5
9438,43,3344,77.8
9439,40,3106,77.6
9440,38,3087,81.2
9441,32,2179,68.1
9442,37,2990,80.8
9443,36,2525,70.1
9444,36,2938,81.6
9445,42,3143,74.8
9446,39,3288,84.3
9447,36,2814,78.2
9448,43,2909,67.7
9449,40,3022,75.6
9450,39,2729,70.0
9451,40,3017,75.4
9452,41,3022,73.7
9453,38,2793,73.5
9454,45,3220,71.6
9455,47,3545,75.4
9456,43,3562,82.8
9457,37,3137,84.8
9458,41,3266,79.7
9459,46,3289,71.5
9460,45,3449,76.6
9461,42,3318,79.0
9462,44,3360,76.4
9463,45,3266,72.6
9464,38,3119,82.1
9465,41,3061,74.7
9466,41,3295,80.4
9467,41,2697,65.8
9468,51,3525,69.1
9469,42,2972,70.8
9470,40,2940,73.5
9471,36,2692,74.8
9472,39,2869,73.6
9473,38,2983,78.5
9474,43,3222,74.9
9475,42,3107,74.0
9476,32,2469,77.2
9477,41,3181,77.6
9478,38,2913,76.7
9479,40,2925,73.1
9480,38,2741,72.1
9481,36,2707,75.2
9482,42,3113,74.1
9483,36,3156,87.7
9484,39,3132,80.3
9485,45,3509,78.0
9486,43,3334,77.5
9487,37,3306,89.4
9488,34,3090,90.9
9489,43,3736,86.9
9490,46,3778,82.1
9491,38,3129,82.3
9492,48,3663,76.3
9493,45,3742,83.2
9494,41,3191,77.8
9495,41,3360,82.0
9496,33,2623,79.5
9497,50,3862,77.2
9498,42,3002,71.5
9499,40,3212,80.3
9500,47,3551,75.6
9501,36,3012,83.7
9502,47,3557,75.7
9503,43,3188,74.1
9504,44,3111,70.7
9505,51,3646,71.5
9506,41,3350,81.7
9507,45,3413,75.8
9508,44,3327,75.6
9509,45,3138,69.7
9510,37,2377,64.2
9511,44,3121,70.9
9512,42,3210,76.4
9513,48,3233,67.4
9514,45,3122,69.4
9515,34,2386,70.2
9516,40,2868,71.7
9517,44,2942,66.9
9518,43,3342,77.7
9519,39,2868,73.5
9520,38,2868,75.5
9521,39,2948,75.6
9522,41,3081,75.1
9523,41,2939,71.7
9524,44,3157,71.8
9525,43,3088,71.8
9526,40,2854,71.4
9527,47,3566,75.9
9528,38,3184,83.8
9529,37,3196,86.4
9530,41,3326,81.1
9531,44,3365,76.5
9532,45,3304,73.4
9533,41,3207,78.2
9534,47,3284,69.9
9535,44,3132,71.2
9536,49,3457,70.6
9537,51,3272,64.2
9538,46,3128,68.0
9539,53,3573,67.4
9540,46,3314,72.0
9541,43,3203,74.5
9542,47,3442,73.2
9543,41,3042,74.2
9544,42,2897,69.0
9545,42,3239,77.1
9546,46,3241,70.5
9547,46,3534,76.8
9548,41,3019,73.6
9549,42,2651,63.1
9550,48,3258,67.9
9551,32,2530,79.1
9552,33,2678,81.2
9553,41,3082,75.2
9554,40,2741,68.5
9555,44,3381,76.8
9556,39,3373,86.5
9557,40,3137,78.4
9558,48,3234,67.4
9559,40,3318,83.0
9560,49,3495,71.3
9561,39,3273,83.9
9562,36,2834,78.7
9563,39,3003,77.0
9564,39,3106,79.6
9565,46,3321,72.2
9566,47,3520,74.9
9567,42,3089,73.5
9568,44,3666,83.3
9569,48,3703,77.1
9570,46,3348,72.8
9571,50,3715,74.3
9572,51,3720,72.9
9573,45,3411,75.8
9574,39,3117,79.9
9575,44,3553,80.8
9576,40,3126,78.2
9577,46,3488,75.8
9578,37,2774,75.0
9579,40,3074,76.8
9580,41,3082,75.2
9581,44,3395,77.2
9582,42,3573,85.1
9583,43,3420,79.5
9584,37,3077,83.2
9585,42,3498,83.3
9586,38,3040,80.0
9587,50,3921,78.4
9588,39,3317,85.1
9589,33,2703,81.9
9590,41,3055,74.5
9591,43,3573,83.1
9592,39,2708,69.4
9593,44,3305,75.1
9594,41,3090,75.4
9595,36,2959,82.2
9596,37,2737,74.0
9597,37,2906,78.5
9598,35,2768,79.1
9599,38,2802,73.7
9600,47,3497,74.4
9601,37,3205,86.6
9602,50,3555,71.1
9603,40,2918,73.0
9604,36,2609,72.5
9605,34,2303,67.7
9606,36,2526,70.2
9607,34,2566,75.5
9608,45,3555,79.0
9609,37,2532,68.4
9610,39,2901,74.4
9611,41,2757,67.2
9612,45,3080,68.4
9613,42,3122,74.3
9614,32,2516,78.6
9615,32,2647,82.7
9616,36,2386,66.3
9617,36,2460,68.3
9618,29,2111,72.8
9619,33,3086,93.5
9620,38,2960,77.9
9621,34,2418,71.1
9622,39,3153,80.8
9623,38,3057,80.4
9624,46,3761,81.8
9625,41,3297,80.4
9626,42,3061,72.9
9627,40,3250,81.2
9628,38,2924,76.9
9629,40,3064,76.6
9630,33,2676,81.1
9631,45,3241,72.0
9632,39,3544,90.9
9633,41,3385,82.6
9634,45,3426,76.1
9635,43,3641,84.7
9636,42,3390,80.7
9637,35,2609,74.5
9638,34,2764,81.3
9639,35,2956,84.5
9640,39,3032,77.7
9641,40,3176,79.4
9642,38,2932,77.2
9643,45,3347,74.4
9644,46,3346,72.7
9645,43,3135,72.9
9646,44,3172,72.1
9647,40,2887,72.2
9648,50,3733,74.7
9649,46,3550,77.2
9650,45,3269,72.6
9651,49,3485,71.1
9652,43,3155,73.4
9653,43,3008,70.0
9654,40,3405,85.1
9655,45,3417,75.9
9656,41,2815,68.7
9657,38,2710,71.3
9658,40,2280,57.0
9659,40,3296,82.4
9660,41,3068,74.8
9661,46,3446,74.9
9662,46,3334,72.5
9663,48,3165,65.9
9664,42,3265,77.7
9665,40,3020,75.5
9666,46,3119,67.8
9667,39,3000,76.9
9668,46,3401,73.9
9669,40,2952,73.8
9670,47,3990,84.9
9671,46,3511,76.3
9672,39,2892,74.2
9673,47,3951,84.1
9674,46,3587,78.0
9675,42,3200,76.2
9676,37,3235,87.4
9677,46,3560,77.4
9678,49,3570,72.9
9679,39,2934,75.2
9680,46,3166,68.8
9681,38,2621,69.0
9682,35,2889,82.5
9683,35,2836,81.0
9684,36,2745,76.2
9685,39,2904,74.5
9686,42,3284,78.2
9687,43,2885,67.1
9688,39,3100,79.5
9689,39,3090,79.2
9690,44,2994,68.0
9691,45,3074,68.3
9692,37,2571,69.5
9693,40,2985,74.6
9694,40,2861,71.5
9695,38,2712,71.4
9696,45,2806,62.4
9697,51,3359,65.9
9698,44,3223,73.2
9699,50,3144,62.9
9700,41,2846,69.4
9701,45,3076,68.4
9702,52,3918,75.3
9703,41,3156,77.0
9704,46,3257,70.8
9705,47,3264,69.4
9706,46,3303,71.8
9707,48,3040,63.3
9708,46,2945,64.0
9709,40,2926,73.2
9710,39,2631,67.5
9711,34,2412,70.9
9712,44,3139,71.3
9713,34,2641,77.7
9714,40,3063,76.6
9715,40,2645,66.1
9716,38,2757,72.6
9717,40,2993,74.8
9718,40,2846,71.2
9719,32,2736,85.5
9720,45,3105,69.0
9721,35,2468,70.5
9722,40,3011,75.3
9723,42,2941,70.0
9724,44,3516,79.9
9725,41,3211,78.3
9726,45,3371,74.9
9727,40,3264,81.6
9728,42,3192,76.0
9729,37,2314,62.5
9730,44,3102,70.5
9731,43,2891,67.2
9732,37,2483,67.1
9733,37,2243,60.6
9734,37,2559,69.2
9735,42,2958,70.4
9736,44,3138,71.3
9737,42,3111,74.1
9738,41,3138,76.5
9739,39,3054,78.3
9740,45,3388,75.3
9741,46,3399,73.9
9742,40,3014,75.4
9743,40,2975,74.4
9744,42,3009,71.6
9745,42,2920,69.5
9746,34,2420,71.2
9747,44,3138,71.3
9748,50,3115,62.3
9749,49,3058,62.4
9750,45,2847,63.3
9751,41,2865,69.9
9752,45,3312,73.6
9753,42,2978,70.9
9754,45,3192,70.9
9755,48,3524,73.4
9756,45,3403,75.6
9757,52,3657,70.3
9758,39,3146,80.7
9759,38,2822,74.3
9760,43,3047,70.9
9761,41,3039,74.1
9762,44,3068,69.7
9763,35,2965,84.7
9764,50,3591,71.8
9765,32,2614,81.7
9766,39,2806,71.9
9767,36,2807,78.0
9768,41,3081,75.1
9769,48,3461,72.1
9770,41,2891,70.5
9771,43,2804,65.2
9772,32,2237,69.9
9773,35,2802,80.1
9774,38,2959,77.9
9775,49,3343,68.2
9776,39,2944,75.5
9777,40,2700,67.5
9778,47,3407,72.5
9779,33,2477,75.1
9780,45,3468,77.1
9781,47,3658,77.8
9782,36,2718,75.5
9783,37,2670,72.2
9784,44,3501,79.6
9785,40,2883,72.1
9786,40,3003,75.1
9787,38,2935,77.2
9788,37,2963,80.1
9789,44,3425,77.8
9790,38,3063,80.6
9791,36,2848,79.1
9792,44,3090,70.2
9793,36,2954,82.1
9794,44,3481,79.1
9795,43,3584,83.3
9796,42,3349,79.7
9797,39,3208,82.3
9798,43,3360,78.1
9799,39,2887,74.0
9800,44,2916,66.3
9801,42,3459,82.4
9802,39,3091,79.3
9803,44,3158,71.8
9804,41,3101,75.6
9805,41,2817,68.7
9806,47,3237,68.9
9807,52,3505,67.4
9808,42,3617,86.1
9809,37,2784,75.2
9810,42,3397,80.9
9811,29,2259,77.9
9812,38,2720,71.6
9813,43,3039,70.7
9814,41,3217,78.5
9815,47,3457,73.6
9816,46,3528,76.7
9817,46,3688,80.2
9818,49,3411,69.6
9819,42,3086,73.5
9820,44,3495,79.4
9821,48,3572,74.4
9822,46,3683,80.1
9823,49,4067,83.0
9824,41,2671,65.1
9825,41,3337,81.4
9826,41,3310,80.7
9827,36,2847,79.1
9828,41,3054,74.5
9829,41,3353,81.8
9830,38,2744,72.2
9831,39,3065,78.6
9832,33,2410,73.0
9833,46,3690,80.2
9834,42,2892,68.9
9835,36,2562,71.2
9836,33,2825,85.6
9837,38,2618,68.9
9838,40,2825,70.6
9839,34,2332,68.6
9840,41,3285,80.1
9841,43,3190,74.2
9842,46,2896,63.0
9843,40,3001,75.0
9844,45,3389,75.3
9845,44,3012,68.5
9846,46,3238,70.4
9847,45,3567,79.3
9848,42,2920,69.5
9849,40,2978,74.4
9850,43,2973,69.1
9851,36,2761,76.7
9852,41,2838,69.2
9853,44,3083,70.1
9854,41,3211,78.3
9855,44,3129,71.1
9856,39,2552,65.4
9857,37,2574,69.6
9858,44,3107,70.6
9859,45,3392,75.4
9860,38,2936,77.3
9861,40,2959,74.0
9862,37,2761,74.6
9863,43,3251,75.6
9864,46,3718,80.8
9865,41,3373,82.3
9866,44,3419,77.7
9867,31,2261,72.9
9868,32,2543,79.5
9869,39,2938,75.3
9870,38,2887,76.0
9871,44,3439,78.2
9872,40,3070,76.8
9873,38,3055,80.4
9874,41,2818,68.7
9875,35,2714,77.5
9876,40,3304,82.6
9877,37,2588,69.9
9878,34,2546,74.9
9879,36,2639,73.3
9880,36,3120,86.7
9881,30,2546,84.9
9882,31,2477,79.9
9883,34,2608,76.7
9884,39,2900,74.4
9885,37,2652,71.7
9886,42,2864,68.2
9887,38,2934,77.2
9888,40,3005,75.1
9889,43,3062,71.2
9890,44,3203,72.8
9891,37,2757,74.5
9892,45,2959,65.8
9893,42,2602,62.0
9894,45,2934,65.2
9895,35,2591,74.0
9896,42,2984,71.0
9897,43,2754,64.0
9898,37,2383,64.4
9899,39,2813,72.1
9900,37,2559,69.2
9901,42,2836,67.5
9902,44,2958,67.2
9903,38,2470,65.0
9904,41,2946,71.9
9905,39,2835,72.7
9906,40,2920,73.0
9907,49,3054,62.3
9908,43,2892,67.3
9909,40,2721,68.0
9910,45,3229,71.8
9911,43,2803,65.2
9912,43,2923,68.0
9913,32,2484,77.6
9914,40,2840,71.0
9915,37,2628,71.0
9916,41,3054,74.5
9917,30,2204,73.5
9918,40,2722,68.0
9919,41,2899,70.7
9920,39,2753,70.6
9921,40,3092,77.3
9922,37,2778,75.1
9923,40,2989,74.7
9924,44,3207,72.9
9925,40,2989,74.7
9926,40,3029,75.7
9927,43,3168,73.7
9928,45,3202,71.2
9929,43,3295,76.6
9930,41,2847,69.4
9931,54,3727,69.0
9932,42,3049,72.6
9933,42,3213,76.5
9934,34,2378,69.9
9935,37,2674,72.3
9936,45,3004,66.8
9937,38,3221,84.8
9938,38,2745,72.2
9939,31,2714,87.5
9940,40,2959,74.0
9941,40,2904,72.6
9942,44,3159,71.8
9943,41,2706,66.0
9944,43,2705,62.9
9945,44,3267,74.2
9946,37,2795,75.5
9947,38,2624,69.1
9948,36,2465,68.5
9949,41,2927,71.4
9950,39,2945,75.5
9951,43,3296,76.7
9952,39,2997,76.8
9953,39,2773,71.1
9954,43,3685,85.7
9955,41,3137,76.5
9956,38,3010,79.2
9957,35,2421,69.2
9958,42,3165,75.4
9959,34,2719,80.0
9960,33,2589,78.5
9961,45,3398,75.5
9962,39,3133,80.3
9963,36,2692,74.8
9964,37,2908,78.6
9965,40,2916,72.9
9966,32,2584,80.8
9967,36,2667,74.1
9968,36,2483,69.0
9969,39,2660,68.2
9970,45,3579,79.5
9971,35,2837,81.1
9972,35,2572,73.5
9973,33,2609,79.1
9974,32,2808,87.8
9975,38,3258,85.7
9976,39,2935,75.3
9977,31,2349,75.8
9978,36,2992,83.1
9979,36,2949,81.9
9980,39,3407,87.4
9981,38,2848,74.9
9982,43,3533,82.2
9983,42,3173,75.5
9984,39,2831,72.6
9985,36,2945,81.8
9986,37,2822,76.3
9987,37,3031,81.9
9988,34,2714,79.8
9989,37,2908,78.6
9990,39,2955,75.8
9991,45,3436,76.4
9992,44,3573,81.2
9993,40,2988,74.7
9994,49,3557,72.6
9995,48,3509,73.1
9996,43,3112,72.4
9997,43,3196,74.3
9998,51,3635,71.3
9999,47,3368,71.7
10000,40,2775,69.4
10001,43,2928,68.1
10002,37,2671,72.2
10003,39,2848,73.0
10004,40,2927,73.2
10005,37,2725,73.6
10006,36,2552,70.9
10007,34,2461,72.4
10008,37,2853,77.1
10009,36,2799,77.8
10010,37,2879,77.8
10011,41,3143,76.7
10012,38,3308,87.1
10013,42,3314,78.9
10014,45,3350,74.4
10015,36,3090,85.8
10016,43,3262,75.9
10017,35,2617,74.8
10018,47,3569,75.9
10019,40,2846,71.2
10020,41,3143,76.7
10021,40,3057,76.4
10022,39,3350,85.9
10023,39,3005,77.1
10024,38,3372,88.7
10025,33,2801,84.9
10026,40,3739,93.5
10027,37,3259,88.1
10028,36,3207,89.1
10029,33,2844,86.2
10030,33,3180,96.4
10031,36,2854,79.3
10032,29,2334,80.5
10033,29,2449,84.4
10034,35,2940,84.0
10035,41,3596,87.7
10036,31,2791,90.0
10037,43,3515,81.7
10038,41,3403,83.0
10039,45,3698,82.2
10040,39,3185,81.7
10041,40,3260,81.5
10042,43,3136,72.9
10043,41,2868,70.0
10044,44,3361,76.4
10045,45,3317,73.7
10046,35,2766,79.0
10047,36,2530,70.3
10048,37,2768,74.8
10049,35,2836,81.0
10050,47,3671,78.1
10051,37,3044,82.3
10052,33,2904,88.0
10053,40,3169,79.2
10054,36,2832,78.7
10055,37,3139,84.8
10056,39,2998,76.9
10057,38,3260,85.8
10058,37,3098,83.7
10059,39,3758,96.4
10060,39,3501,89.8
10061,42,3336,79.4
10062,38,3324,87.5
10063,37,2767,74.8
10064,35,2910,83.1
10065,31,2493,80.4
10066,39,3325,85.3
10067,36,3220,89.4
10068,38,2930,77.1
10069,34,2366,69.6
10070,44,3732,84.8
10071,32,3056,95.5
10072,31,2811,90.7
10073,36,2914,80.9
10074,31,2880,92.9
10075,38,3316,87.3
10076,47,3633,77.3
10077,34,2605,76.6
10078,37,3284,88.8
10079,39,3335,85.5
10080,37,3293,89.0
10081,36,3431,95.3
10082,41,3629,88.5
10083,44,3354,76.2
10084,41,3067,74.8
10085,38,2988,78.6
10086,38,3179,83.7
10087,36,3050,84.7
10088,39,3130,80.3
10089,40,3303,82.6
10090,41,3441,83.9
10091,44,3676,83.5
10092,40,3088,77.2
10093,46,3921,85.2
10094,36,3158,87.7
10095,39,3243,83.2
10096,41,3507,85.5
10097,48,3677,76.6
10098,39,3608,92.5
10099,39,3374,86.5
10100,40,3221,80.5
10101,40,3471,86.8
10102,40,3622,90.6
10103,40,3303,82.6
10104,40,3385,84.6
10105,39,3170,81.3
10106,47,3626,77.1
10107,44,3629,82.5
10108,38,3151,82.9
10109,40,3719,93.0
10110,47,3525,75.0
10111,39,3056,78.4
10112,34,2979,87.6
10113,45,3376,75.0
10114,36,3239,90.0
10115,37,3353,90.6
10116,43,3526,82.0
10117,42,3409,81.2
10118,36,3260,90.6
10119,41,3829,93.4
10120,41,4013,97.9
10121,41,3692,90.0
10122,43,3429,79.7
10123,36,3154,87.6
10124,36,3325,92.4
10125,40,3071,76.8
10126,40,3337,83.4
10127,33,3525,106.8
10128,37,2959,80.0
10129,36,3291,91.4
10130,33,3456,104.7
10131,36,3587,99.6
10132,42,3841,91.5
10133,42,3598,85.7
10134,33,2804,85.0
10135,37,3123,84.4
10136,36,2715,75.4
10137,43,3247,75.5
10138,43,3271,76.1
10139,50,4128,82.6
10140,41,3300,80.5
10141,48,3749,78.1
10142,43,3329,77.4
10143,40,2896,72.4
10144,34,2595,76.3
10145,39,2824,72.4
10146,38,2945,77.5
10147,33,2811,85.2
10148,34,2657,78.1
10149,44,3016,68.5
10150,37,2503,67.6
10151,46,3400,73.9
10152,48,3399,70.8
10153,46,3525,76.6
10154,43,3628,84.4
10155,38,2739,72.1
10156,44,3347,76.1
10157,45,3517,78.2
10158,40,2688,67.2
10159,40,2827,70.7
10160,49,3892,79.4
10161,46,3407,74.1
10162,46,3212,69.8
10163,44,3232,73.5
10164,50,3440,68.8
10165,51,3801,74.5
10166,45,3682,81.8
10167,40,3200,80.0
10168,48,4074,84.9
10169,44,3471,78.9
10170,46,3752,81.6
10171,53,4028,76.0
10172,45,3369,74.9
10173,46,3444,74.9
10174,37,2934,79.3
10175,47,3616,76.9
10176,42,3219,76.6
10177,41,2950,72.0
10178,45,3201,71.1
10179,46,3416,74.3
10180,48,3906,81.4
10181,48,3820,79.6
10182,45,3674,81.6
10183,42,3314,78.9
10184,39,3508,89.9
10185,44,3621,82.3
10186,40,3492,87.3
10187,50,3727,74.5
10188,47,3817,81.2
10189,47,3849,81.9
10190,39,3456,88.6
10191,36,3157,87.7
10192,43,3657,85.0
10193,44,3066,69.7
10194,40,3145,78.6
10195,38,3182,83.7
10196,42,3178,75.7
10197,37,2824,76.3
10198,36,3207,89.1
10199,39,3544,90.9
10200,36,3418,94.9
10201,36,3057,84.9
10202,37,3203,86.6
10203,43,3273,76.1
10204,33,2641,80.0
10205,43,3370,78.4
10206,38,3205,84.3
10207,37,2950,79.7
10208,43,3142,73.1
10209,41,3378,82.4
10210,40,3211,80.3
10211,46,3356,73.0
10212,36,2967,82.4
10213,30,2623,87.4
10214,35,3302,94.3
10215,34,3010,88.5
10216,36,2778,77.2
10217,36,2901,80.6
10218,35,2890,82.6
10219,40,3227,80.7
10220,37,2438,65.9
10221,34,2806,82.5
10222,37,2923,79.0
10223,41,3576,87.2
10224,34,2685,79.0
10225,43,3444,80.1
10226,42,3453,82.2
10227,41,3394,82.8
10228,25,1988,79.5
10229,39,3122,80.1
10230,39,3078,78.9
10231,42,3227,76.8
10232,44,3652,83.0
10233,39,3180,81.5
10234,42,3473,82.7
10235,36,3169,88.0
10236,35,3035,86.7
10237,37,2808,75.9
10238,36,3047,84.6
10239,37,3102,83.8
10240,33,3093,93.7
10241,38,3424,90.1
10242,37,3260,88.1
10243,37,3038,82.1
10244,34,2900,85.3
10245,43,3802,88.4
10246,44,3302,75.0
10247,42,3599,85.7
10248,42,3892,92.7
10249,35,3294,94.1
10250,32,2674,83.6
10251,33,2838,86.0
10252,34,2773,81.6
10253,45,3669,81.5
10254,35,2646,75.6
10255,40,3317,82.9
10256,39,3396,87.1
10257,39,3316,85.0
10258,32,2817,88.0
10259,33,2717,82.3
10260,34,3042,89.5
10261,39,3250,83.3
10262,38,3134,82.5
10263,39,3239,83.1
10264,42,3662,87.2
10265,34,3169,93.2
10266,42,3531,84.1
10267,47,3876,82.5
10268,45,3659,81.3
10269,42,3635,86.5
10270,40,3280,82.0
10271,41,3791,92.5
10272,40,3035,75.9
10273,42,3198,76.1
10274,43,3569,83.0
10275,39,3116,79.9
10276,47,3721,79.2
10277,47,3265,69.5
10278,41,2676,65.3
10279,39,3164,81.1
10280,32,2204,68.9
10281,37,2698,72.9
10282,36,3061,85.0
10283,39,3181,81.6
10284,41,3428,83.6
10285,47,3264,69.4
10286,37,3289,88.9
10287,38,3291,86.6
10288,46,3607,78.4
10289,39,3024,77.5
10290,35,2999,85.7
10291,39,3063,78.5
10292,35,2735,78.1
10293,33,2322,70.4
10294,35,2534,72.4
10295,35,2666,76.2
10296,31,2670,86.1
10297,34,3107,91.4
10298,38,3236,85.2
10299,36,3242,90.1
10300,38,3189,83.9
10301,50,3540,70.8
10302,44,3380,76.8
10303,48,3291,68.6
10304,41,2863,69.8
10305,44,3266,74.2
10306,45,2824,62.8
10307,39,2659,68.2
10308,41,3157,77.0
10309,39,2939,75.4
10310,40,2954,73.8
10311,45,3184,70.8
10312,42,3287,78.3
10313,38,3021,79.5
10314,43,3643,84.7
10315,43,3542,82.4
10316,47,3704,78.8
10317,47,3580,76.2
10318,42,3253,77.5
10319,51,3735,73.2
10320,45,3320,73.8
10321,42,3298,78.5
10322,41,3086,75.3
10323,45,3102,68.9
10324,40,2828,70.7
10325,48,3498,72.9
10326,42,3430,81.7
10327,44,3371,76.6
10328,46,3527,76.7
10329,35,2834,81.0
10330,48,3866,80.5
10331,40,3378,84.4
10332,31,2669,86.1
10333,43,3348,77.9
10334,40,3139,78.5
10335,42,3170,75.5
10336,38,2676,70.4
10337,37,2954,79.8
10338,37,3119,84.3
10339,44,3124,71.0
10340,51,3303,64.8
10341,39,3552,91.1
10342,45,3521,78.2
10343,40,3396,84.9
10344,45,3610,80.2
10345,36,2953,82.0
10346,46,3744,81.4
10347,41,3556,86.7
10348,45,3791,84.2
10349,48,3567,74.3
10350,43,3114,72.4
10351,39,3204,82.2
10352,36,2881,80.0
10353,42,3600,85.7
10354,43,3559,82.8
10355,46,3610,78.5
10356,47,3553,75.6
10357,46,3466,75.3
10358,42,3172,75.5
10359,47,3549,75.5
10360,42,3133,74.6
10361,49,3301,67.4
10362,48,3550,74.0
10363,43,3171,73.7
10364,46,3535,76.8
10365,44,3163,71.9
10366,45,3348,74.4
10367,44,3443,78.2
10368,48,3691,76.9
10369,46,3442,74.8
10370,39,2792,71.6
10371,43,3415,79.4
10372,40,2998,75.0
10373,43,3089,71.8
10374,38,3125,82.2
10375,37,3187,86.1
10376,40,2966,74.2
10377,44,3392,77.1
10378,36,2776,77.1
10379,42,3278,78.0
10380,41,3374,82.3
10381,50,3898,78.0
10382,53,3824,72.2
10383,38,2977,78.3
10384,32,2638,82.4
10385,37,3128,84.5
10386,34,2875,84.6
10387,33,2682,81.3
10388,35,2464,70.4
10389,32,2300,71.9
10390,42,3007,71.6
10391,40,2708,67.7
10392,36,3035,84.3
10393,39,3119,80.0
10394,45,3175,70.6
10395,35,2675,76.4
10396,40,2996,74.9
10397,47,3392,72.2
10398,39,3102,79.5
10399,42,3294,78.4
10400,42,2818,67.1
10401,42,3375,80.4
10402,34,2714,79.8
10403,39,2631,67.5
10404,45,3507,77.9
10405,44,3038,69.0
10406,46,3422,74.4
10407,33,2277,69.0
10408,28,1849,66.0
10409,32,2345,73.3
10410,37,3048,82.4
10411,38,3256,85.7
10412,47,3151,67.0
10413,45,3165,70.3
10414,45,3315,73.7
10415,40,3145,78.6
10416,43,3437,79.9
10417,39,2930,75.1
10418,42,3344,79.6
10419,43,3144,73.1
10420,42,3001,71.5
10421,41,2858,69.7
10422,37,2872,77.6
10423,42,3310,78.8
10424,39,3088,79.2
10425,43,3734,86.8
10426,42,3217,76.6
10427,38,3130,82.4
10428,33,2851,86.4
10429,36,2891,80.3
10430,38,2974,78.3
10431,29,1816,62.6
10432,32,2506,78.3
10433,33,2554,77.4
10434,39,2940,75.4
10435,47,3574,76.0
10436,43,3155,73.4
10437,44,3502,79.6
10438,44,3390,77.0
10439,38,2972,78.2
10440,40,2995,74.9
10441,47,3503,74.5
10442,41,2943,71.8
10443,38,2893,76.1
10444,44,3423,77.8
10445,43,3071,71.4
10446,45,3496,77.7
10447,47,3582,76.2
10448,40,3141,78.5
10449,42,2697,64.2
10450,42,2900,69.0
10451,44,3247,73.8
10452,38,3018,79.4
10453,40,2870,71.8
10454,43,3171,73.7
10455,43,2796,65.0
10456,41,2986,72.8
10457,34,2333,68.6
10458,43,3023,70.3
10459,37,2299,62.1
10460,34,2386,70.2
10461,35,2383,68.1
10462,32,2665,83.3
10463,37,2850,77.0
10464,43,3209,74.6
10465,42,3254,77.5
10466,41,2905,70.9
10467,39,2906,74.5
10468,33,2232,67.6
10469,40,3113,77.8
10470,38,2846,74.9
10471,34,2602,76.5
10472,35,2384,68.1
10473,35,2564,73.3
10474,39,2429,62.3
10475,29,2044,70.5
10476,25,1930,77.2
10477,39,3344,85.7
10478,37,2923,79.0
10479,40,2767,69.2
10480,48,3201,66.7
10481,38,2633,69.3
10482,40,3074,76.8
10483,38,2710,71.3
10484,39,2711,69.5
10485,42,3069,73.1
10486,44,2846,64.7
10487,41,3067,74.8
10488,42,3074,73.2
10489,31,2194,70.8
10490,35,2565,73.3
10491,33,2488,75.4
10492,31,2574,83.0
10493,35,2661,76.0
10494,41,2739,66.8
10495,40,2743,68.6
10496,41,2713,66.2
10497,41,2945,71.8
10498,38,2499,65.8
10499,52,3457,66.5
10500,48,3233,67.4
10501,40,2614,65.4
10502,36,2462,68.4
10503,45,2791,62.0
10504,45,3015,67.0
10505,39,2853,73.2
10506,43,2827,65.7
10507,37,2851,77.1
10508,38,2838,74.7
10509,31,2114,68.2
10510,42,2855,68.0
10511,40,2817,70.4
10512,41,2911,71.0
10513,40,2838,71.0
10514,46,3294,71.6
10515,42,2866,68.2
10516,49,3082,62.9
10517,43,3010,70.0
10518,45,3436,76.4
10519,42,2983,71.0
10520,35,2677,76.5
10521,43,2987,69.5
10522,38,2738,72.1
10523,47,3174,67.5
10524,49,3278,66.9
10525,37,2542,68.7
10526,40,2875,71.9
10527,43,2787,64.8
10528,37,2655,71.8
10529,39,2569,65.9
10530,38,2858,75.2
10531,38,2475,65.1
10532,44,3255,74.0
10533,43,2839,66.0
10534,41,3069,74.9
10535,42,3083,73.4
10536,41,2987,72.9
10537,41,3070,74.9
10538,40,2806,70.2
10539,42,3104,73.9
10540,43,3047,70.9
10541,48,3451,71.9
10542,44,2887,65.6
10543,52,3340,64.2
10544,46,3099,67.4
10545,37,2717,73.4
10546,40,2723,68.1
10547,47,3289,70.0
10548,40,2825,70.6
10549,49,3358,68.5
10550,51,3427,67.2
10551,42,2999,71.4
10552,43,2729,63.5
10553,46,3208,69.7
10554,45,3336,74.1
10555,40,2926,73.2
10556,36,2589,71.9
10557,40,2614,65.4
10558,38,2842,74.8
10559,37,2488,67.2
10560,40,2707,67.7
10561,42,2740,65.2
10562,45,3170,70.4
10563,37,2621,70.8
10564,35,2659,76.0
10565,37,2685,72.6
10566,39,2814,72.2
10567,39,2879,73.8
10568,34,2719,80.0
10569,35,2418,69.1
10570,33,2353,71.3
10571,36,2716,75.4
10572,37,2618,70.8
10573,36,2570,71.4
10574,37,2551,68.9
10575,37,2456,66.4
10576,38,2864,75.4
10577,40,2924,73.1
10578,39,2900,74.4
10579,37,2909,78.6
10580,38,2848,74.9
10581,36,2917,81.0
10582,43,3440,80.0
10583,41,3435,83.8
10584,43,3233,75.2
10585,38,2805,73.8
10586,40,2978,74.4
10587,39,3199,82.0
10588,36,2509,69.7
10589,39,2874,73.7
10590,42,2692,64.1
10591,41,3032,74.0
10592,40,3091,77.3
10593,43,3224,75.0
10594,39,2788,71.5
10595,42,3033,72.2
10596,45,3200,71.1
10597,37,2836,76.6
10598,44,3265,74.2
10599,43,3330,77.4
10600,50,3663,73.3
10601,43,3331,77.5
10602,42,2964,70.6
10603,43,2918,67.9
10604,40,2705,67.6
10605,40,2844,71.1
10606,40,2922,73.0
10607,42,3078,73.3
10608,41,2938,71.7
10609,37,2511,67.9
10610,36,2884,80.1
10611,37,2859,77.3
10612,37,2911,78.7
10613,48,3468,72.2
10614,45,3544,78.8
10615,42,3110,74.0
10616,44,3296,74.9
10617,38,3270,86.1
10618,39,3068,78.7
10619,39,3170,81.3
10620,39,3079,78.9
10621,46,3369,73.2
10622,42,3326,79.2
10623,39,2668,68.4
10624,47,3237,68.9
10625,47,3565,75.9
10626,44,3367,76.5
10627,35,2788,79.7
10628,41,2739,66.8
10629,40,2841,71.0
10630,47,3279,69.8
10631,44,3271,74.3
10632,37,2978,80.5
10633,45,3374,75.0
10634,40,3215,80.4
10635,40,3096,77.4
10636,37,3034,82.0
10637,34,2780,81.8
10638,36,3113,86.5
10639,39,3191,81.8
10640,49,3691,75.3
10641,51,3606,70.7
10642,43,3234,75.2
10643,42,2746,65.4
10644,41,3131,76.4
10645,40,3299,82.5
10646,37,3409,92.1
10647,43,3537,82.3
10648,41,3275,79.9
10649,40,3165,79.1
10650,39,3166,81.2
10651,43,3319,77.2
10652,41,3052,74.4
10653,41,3063,74.7
10654,41,3172,77.4
10655,41,2986,72.8
10656,38,3051,80.3
10657,38,2886,75.9
10658,36,2688,74.7
10659,40,3071,76.8
10660,38,2868,75.5
10661,36,2758,76.6
10662,44,3356,76.3
10663,41,3161,77.1
10664,35,2773,79.2
10665,44,3343,76.0
10666,43,3109,72.3
10667,37,2633,71.2
10668,44,3070,69.8
10669,45,3048,67.7
10670,49,3624,74.0
10671,43,3262,75.9
10672,42,3015,71.8
10673,43,3577,83.2
10674,41,2816,68.7
10675,38,2691,70.8
10676,40,3190,79.8
10677,41,3482,84.9
10678,39,2961,75.9
10679,42,3352,79.8
10680,42,3184,75.8
10681,40,3082,77.0
10682,39,2959,75.9
10683,35,2784,79.5
10684,45,3697,82.2
10685,36,2959,82.2
10686,42,3249,77.4
10687,45,3613,80.3
10688,40,2828,70.7
10689,44,3463,78.7
10690,42,3251,77.4
10691,36,2812,78.1
10692,38,2858,75.2
10693,44,3620,82.3
10694,40,2788,69.7
10695,39,3000,76.9
10696,39,3045,78.1
10697,51,3866,75.8
10698,42,3207,76.4
10699,46,3503,76.2
10700,47,3531,75.1
10701,40,3053,76.3
10702,46,3382,73.5
10703,45,3536,78.6
10704,47,3352,71.3
10705,48,3653,76.1
10706,38,3000,78.9
10707,40,3185,79.6
10708,49,3541,72.3
10709,45,3293,73.2
10710,46,3299,71.7
10711,45,3249,72.2
10712,52,3344,64.3
10713,41,2840,69.3
10714,40,2638,66.0
10715,40,3404,85.1
10716,48,3398,70.8
10717,46,3440,74.8
10718,48,3760,78.3
10719,41,3192,77.9
10720,43,3279,76.3
10721,34,2684,78.9
10722,40,3460,86.5
10723,34,2467,72.6
10724,37,2944,79.6
10725,37,3083,83.3
10726,37,3132,84.6
10727,37,2698,72.9
10728,39,3021,77.5
10729,42,3109,74.0
10730,43,3390,78.8
10731,44,3386,77.0
10732,40,2827,70.7
10733,51,3625,71.1
10734,48,3470,72.3
10735,39,2776,71.2
10736,38,2679,70.5
10737,32,2338,73.1
10738,37,2859,77.3
10739,40,3166,79.2
10740,35,2470,70.6
10741,41,3210,78.3
10742,44,3278,74.5
10743,40,2869,71.7
10744,41,2894,70.6
10745,40,2783,69.6
10746,45,2998,66.6
10747,42,3272,77.9
10748,49,3698,75.5
10749,46,3535,76.8
10750,41,3358,81.9
10751,41,3422,83.5
10752,43,3281,76.3
10753,44,3746,85.1
10754,43,3222,74.9
10755,40,3426,85.6
10756,41,3007,73.3
10757,36,2706,75.2
10758,37,2763,74.7
10759,37,2383,64.4
10760,33,2704,81.9
10761,39,2956,75.8
10762,36,2896,80.4
10763,38,2962,77.9
10764,39,2837,72.7
10765,38,3216,84.6
10766,39,3160,81.0
10767,35,2607,74.5
10768,40,3308,82.7
10769,37,3079,83.2
10770,39,3138,80.5
10771,40,3114,77.8
10772,35,2805,80.1
10773,40,3276,81.9
10774,48,3943,82.1
10775,43,3205,74.5
10776,47,3645,77.6
10777,38,3202,84.3
10778,46,3439,74.8
10779,39,2994,76.8
10780,31,2565,82.7
10781,43,3111,72.3
10782,41,3690,90.0
10783,35,2725,77.9
10784,38,3456,90.9
10785,36,3168,88.0
10786,45,3516,78.1
10787,45,3709,82.4
10788,37,3203,86.6
10789,38,2942,77.4
10790,40,3182,79.6
10791,46,3882,84.4
10792,30,2430,81.0
10793,43,3370,78.4
10794,44,3352,76.2
10795,53,3849,72.6
10796,53,3915,73.9
10797,43,3389,78.8
10798,49,3866,78.9
10799,47,4012,85.4
10800,43,3254,75.7
10801,42,3652,87.0
10802,38,2903,76.4
10803,43,3521,81.9
10804,38,3258,85.7
10805,45,3292,73.2
10806,45,3463,77.0
10807,46,3711,80.7
10808,39,3529,90.5
10809,43,3581,83.3
10810,34,2904,85.4
10811,42,3379,80.5
10812,37,3324,89.8
10813,37,3089,83.5
10814,36,3249,90.2
10815,43,3490,81.2
10816,44,3459,78.6
10817,42,3719,88.5
10818,36,3085,85.7
10819,43,3716,86.4
10820,45,3774,83.9
10821,41,3461,84.4
10822,35,3034,86.7
10823,39,3226,82.7
10824,40,3604,90.1
10825,35,3151,90.0
10826,42,3626,86.3
10827,33,3249,98.5
10828,42,3285,78.2
10829,38,3213,84.6
10830,38,3014,79.3
10831,41,3223,78.6
10832,39,2893,74.2
10833,39,2798,71.7
10834,37,2794,75.5
10835,45,3426,76.1
10836,43,3556,82.7
10837,40,3257,81.4
10838,45,3923,87.2
10839,41,3450,84.1
10840,33,3239,98.2
10841,38,3043,80.1
10842,35,3164,90.4
10843,41,3467,84.6
10844,36,3123,86.8
10845,32,2656,83.0
10846,44,3258,74.0
10847,44,3288,74.7
10848,44,3183,72.3
10849,52,3742,72.0
10850,41,3010,73.4
10851,46,3809,82.8
10852,44,3331,75.7
10853,42,3680,87.6
10854,45,3541,78.7
10855,42,3310,78.8
10856,42,3300,78.6
10857,45,3593,79.8
10858,39,3245,83.2
10859,39,3319,85.1
10860,42,3633,86.5
10861,42,3513,83.6
10862,41,3571,87.1
10863,42,3460,82.4
10864,46,3713,80.7
10865,37,2907,78.6
10866,40,3138,78.4
10867,44,3441,78.2
10868,45,3640,80.9
10869,43,3621,84.2
10870,45,3388,75.3
10871,43,3763,87.5
10872,44,3435,78.1
10873,40,3058,76.4
10874,42,3688,87.8
10875,37,2977,80.5
10876,39,3072,78.8
10877,40,3158,79.0
10878,34,2628,77.3
10879,39,2919,74.8
10880,34,2690,79.1
10881,39,2923,74.9
10882,34,2549,75.0
10883,35,2885,82.4
10884,36,2724,75.7
10885,39,2936,75.3
10886,38,2888,76.0
10887,38,3025,79.6
10888,44,3331,75.7
10889,33,2757,83.5
10890,42,3370,80.2
10891,47,3667,78.0
10892,50,3708,74.2
10893,41,2997,73.1
10894,42,3099,73.8
10895,38,2902,76.4
10896,50,3741,74.8
10897,45,3711,82.5
10898,48,3434,71.5
10899,42,2740,65.2
10900,39,2660,68.2
10901,39,2590,66.4
10902,41,2961,72.2
10903,43,3271,76.1
10904,34,2563,75.4
10905,41,3049,74.4
10906,35,2799,80.0
10907,45,3427,76.2
10908,45,3420,76.0
10909,39,2832,72.6
10910,42,3188,75.9
10911,44,3381,76.8
10912,44,3655,83.1
10913,49,3928,80.2
10914,49,3603,73.5
10915,38,2901,76.3
10916,41,2842,69.3
10917,47,3643,77.5
10918,41,3252,79.3
10919,48,3550,74.0
10920,40,2983,74.6
10921,45,3353,74.5
10922,40,2822,70.6
10923,46,3623,78.8
10924,41,2980,72.7
10925,36,2422,67.3
10926,45,3270,72.7
10927,45,3631,80.7
10928,40,3061,76.5
10929,37,2898,78.3
10930,46,3484,75.7
10931,40,3025,75.6
10932,37,2674,72.3
10933,44,3350,76.1
10934,46,3611,78.5
10935,36,2781,77.2
10936,39,3399,87.2
10937,40,3217,80.4
10938,44,3557,80.8
10939,49,3644,74.4
10940,50,3399,68.0
10941,36,3147,87.4
10942,38,3133,82.4
10943,36,3353,93.1
10944,42,3158,75.2
10945,38,2610,68.7
10946,37,3577,96.7
10947,34,2691,79.1
10948,38,3284,86.4
10949,47,3751,79.8
10950,40,3160,79.0
10951,43,3353,78.0
10952,50,3916,78.3
10953,38,3046,80.2
10954,41,3184,77.7
10955,46,3454,75.1
10956,40,3237,80.9
10957,41,3037,74.1
10958,40,2925,73.1
10959,39,2851,73.1
10960,44,3094,70.3
10961,42,3284,78.2
10962,34,2581,75.9
10963,40,3193,79.8
10964,40,3148,78.7
10965,38,3035,79.9
10966,35,2617,74.8
10967,46,3491,75.9
10968,38,2969,78.1
10969,36,3019,83.9
10970,36,3028,84.1
10971,35,3025,86.4
10972,42,3505,83.5
10973,38,3141,82.7
10974,38,3360,88.4
10975,41,3206,78.2
10976,47,3829,81.5
10977,36,2788,77.4
10978,39,3307,84.8
10979,39,3147,80.7
10980,36,3078,85.5
10981,35,3118,89.1
10982,30,2607,86.9
10983,40,3351,83.8
10984,35,2877,82.2
10985,38,3269,86.0
10986,42,3344,79.6
10987,40,3333,83.3
10988,36,2883,80.1
10989,41,3235,78.9
10990,34,2419,71.1
10991,43,3644,84.7
10992,45,3483,77.4
10993,39,3222,82.6
10994,42,3348,79.7
10995,46,3462,75.3
10996,44,3485,79.2
10997,49,3605,73.6
10998,48,3623,75.5
10999,40,2936,73.4
11000,40,3143,78.6
11001,46,3947,85.8
11002,47,3639,77.4
11003,35,3230,92.3
11004,42,3679,87.6
11005,44,3425,77.8
11006,39,3151,80.8
11007,39,3224,82.7
11008,43,3322,77.3
11009,45,3164,70.3
11010,42,3267,77.8
11011,52,3821,73.5
11012,42,3368,80.2
11013,45,3660,81.3
11014,47,3658,77.8
11015,39,3256,83.5
11016,44,3858,87.7
11017,44,3312,75.3
11018,50,4254,85.1
11019,47,4151,88.3
11020,50,3933,78.7
11021,39,2975,76.3
11022,41,3443,84.0
11023,54,4157,77.0
11024,51,3633,71.2
11025,48,3764,78.4
11026,42,3370,80.2
11027,36,3190,88.6
11028,45,3330,74.0
11029,39,3271,83.9
11030,38,2696,70.9
11031,34,2714,79.8
11032,39,3345,85.8
11033,37,3172,85.7
11034,37,2548,68.9
11035,41,3396,82.8
11036,42,3251,77.4
11037,42,3264,77.7
11038,38,3143,82.7
11039,32,2427,75.8
11040,41,3061,74.7
11041,39,3049,78.2
11042,35,2845,81.3
11043,47,3787,80.6
11044,42,2996,71.3
11045,35,2779,79.4
11046,39,2872,73.6
11047,42,2902,69.1
11048,44,3422,77.8
11049,48,3559,74.1
11050,45,3207,71.3
11051,40,3210,80.2
11052,40,3101,77.5
11053,38,3129,82.3
11054,53,3793,71.6
11055,41,2970,72.4
11056,33,2528,76.6
11057,39,3214,82.4
11058,39,3214,82.4
11059,36,2954,82.1
11060,46,3518,76.5
11061,39,3198,82.0
11062,44,3489,79.3
11063,41,3397,82.9
11064,44,3470,78.9
11065,45,3456,76.8
11066,51,3620,71.0
11067,40,2954,73.8
11068,45,3779,84.0
11069,39,3161,81.1
11070,36,2801,77.8
11071,42,3568,85.0
11072,43,3345,77.8
11073,42,3301,78.6
11074,46,3505,76.2
11075,46,3489,75.8
11076,39,3008,77.1
11077,36,2816,78.2
11078,38,2897,76.2
11079,37,3154,85.2
11080,37,3182,86.0
11081,39,3593,92.1
11082,40,3108,77.7
11083,39,3080,79.0
11084,42,3402,81.0
11085,35,3039,86.8
11086,44,3657,83.1
11087,47,3930,83.6
11088,35,3032,86.6
11089,38,3032,79.8
11090,37,3049,82.4
11091,41,3405,83.0
11092,45,3913,87.0
11093,42,3420,81.4
11094,38,3069,80.8
11095,40,2868,71.7
11096,46,3724,81.0
11097,33,2515,76.2
11098,39,2937,75.3
11099,33,2537,76.9
11100,39,2759,70.7
11101,39,3357,86.1
11102,42,3481,82.9
11103,44,3400,77.3
11104,42,3206,76.3
11105,40,3160,79.0
11106,40,2790,69.8
11107,43,3822,88.9
11108,39,3106,79.6
11109,43,3405,79.2
11110,40,2969,74.2
11111,42,3301,78.6
11112,36,2985,82.9
11113,34,2660,78.2
11114,40,3539,88.5
11115,35,2888,82.5
11116,43,3346,77.8
11117,33,2807,85.1
11118,38,3371,88.7
11119,38,3064,80.6
11120,46,3308,71.9
11121,47,3368,71.7
11122,35,2716,77.6
11123,43,3322,77.3
11124,45,3338,74.2
11125,36,2925,81.2
11126,49,3685,75.2
11127,46,3685,80.1
11128,49,3392,69.2
11129,46,3750,81.5
11130,49,3886,79.3
11131,39,2725,69.9
11132,43,3649,84.9
11133,45,3667,81.5
11134,41,3091,75.4
11135,46,3417,74.3
11136,43,3127,72.7
11137,47,3603,76.7
11138,43,3259,75.8
11139,37,3083,83.3
11140,40,3045,76.1
11141,42,3432,81.7
11142,40,3139,78.5
11143,43,3410,79.3
11144,41,3408,83.1
11145,38,3154,83.0
11146,34,2418,71.1
11147,38,2725,71.7
11148,27,2192,81.2
11149,36,2839,78.9
11150,34,2617,77.0
11151,32,2349,73.4
11152,42,2878,68.5
11153,30,2155,71.8
11154,34,2586,76.1
11155,41,3052,74.4
11156,39,2726,69.9
11157,39,3084,79.1
11158,32,1960,61.2
11159,35,2641,75.5
11160,36,2609,72.5
11161,41,2821,68.8
11162,39,2831,72.6
11163,32,2678,83.7
11164,40,3162,79.0
11165,39,2837,72.7
11166,47,3479,74.0
11167,38,2885,75.9
11168,39,2943,75.5
11169,35,2809,80.3
11170,37,2889,78.1
11171,45,3364,74.8
11172,37,2963,80.1
11173,36,2538,70.5
11174,36,2616,72.7
11175,32,2326,72.7
11176,40,3192,79.8
11177,43,3355,78.0
11178,38,2739,72.1
11179,44,3169,72.0
11180,35,2655,75.9
11181,42,2942,70.0
11182,43,2944,68.5
11183,42,3412,81.2
11184,38,2656,69.9
11185,39,2848,73.0
11186,43,3255,75.7
11187,36,2871,79.8
11188,40,3134,78.4
11189,46,3507,76.2
11190,40,3057,76.4
11191,42,3435,81.8
11192,40,3373,84.3
11193,40,3230,80.8
11194,48,3695,77.0
11195,50,3705,74.1
11196,52,3831,73.7
11197,47,3348,71.2
11198,51,3822,74.9
11199,54,3457,64.0
11200,52,3729,71.7
11201,49,3607,73.6
11202,49,3424,69.9
11203,41,2708,66.0
11204,45,3696,82.1
11205,48,3900,81.2
11206,44,3661,83.2
11207,41,3442,84.0
11208,44,3718,84.5
11209,38,2953,77.7
11210,44,3461,78.7
11211,46,3391,73.7
11212,50,3353,67.1
11213,52,3467,66.7
11214,49,3006,61.3
11215,47,3263,69.4
11216,40,2896,72.4
11217,42,3157,75.2
11218,50,3627,72.5
11219,40,3106,77.6
11220,40,2893,72.3
11221,44,3265,74.2
11222,36,2982,82.8
11223,40,3095,77.4
11224,40,3015,75.4
11225,44,3383,76.9
11226,41,3284,80.1
11227,43,3129,72.8
11228,44,3657,83.1
11229,44,3224,73.3
11230,51,3473,68.1
11231,40,3165,79.1
11232,42,3043,72.5
11233,43,2793,65.0
11234,48,3636,75.8
11235,44,3445,78.3
11236,42,3071,73.1
11237,39,2995,76.8
11238,46,3408,74.1
11239,45,3280,72.9
11240,45,3023,67.2
11241,54,3554,65.8
11242,48,3593,74.9
11243,40,3308,82.7
11244,43,3299,76.7
11245,45,3127,69.5
11246,46,3224,70.1
11247,41,3253,79.3
11248,53,3669,69.2
11249,36,2756,76.6
11250,43,3151,73.3
11251,43,3060,71.2
11252,46,3659,79.5
11253,36,2664,74.0
11254,46,3656,79.5
11255,47,3597,76.5
11256,35,2408,68.8
11257,41,3080,75.1
11258,43,2833,65.9
11259,43,3139,73.0
11260,43,3521,81.9
11261,36,3110,86.4
11262,46,3505,76.2
11263,49,3792,77.4
11264,46,3358,73.0
11265,45,3740,83.1
11266,43,3492,81.2
11267,36,3262,90.6
11268,38,2794,73.5
11269,44,3850,87.5
11270,34,3226,94.9
11271,40,3195,79.9
11272,37,2822,76.3
11273,35,3049,87.1
11274,39,3378,86.6
11275,37,3102,83.8
11276,37,3092,83.6
11277,38,3183,83.8
11278,49,4112,83.9
11279,43,3469,80.7
11280,41,3457,84.3
11281,37,3281,88.7
11282,37,3750,101.4
11283,40,3594,89.8
11284,42,3296,78.5
11285,41,3574,87.2
11286,37,3263,88.2
11287,47,3734,79.4
11288,34,2937,86.4
11289,39,2968,76.1
11290,40,3219,80.5
11291,46,3445,74.9
11292,47,3582,76.2
11293,47,3742,79.6
11294,38,3088,81.3
11295,43,3197,74.3
11296,45,3412,75.8
11297,46,3618,78.7
11298,46,3274,71.2
11299,47,3482,74.1
11300,41,3017,73.6
11301,49,3183,65.0
11302,44,3513,79.8
11303,46,3529,76.7
11304,42,3070,73.1
11305,45,3439,76.4
11306,43,2854,66.4
11307,52,3550,68.3
11308,43,3012,70.0
11309,37,2791,75.4
11310,41,3144,76.7
11311,35,2916,83.3
11312,44,3271,74.3
11313,44,3510,79.8
11314,40,3120,78.0
11315,43,3148,73.2
11316,37,2753,74.4
11317,39,2927,75.1
11318,35,2935,83.9
11319,33,2723,82.5
11320,31,2561,82.6
11321,45,3035,67.4
11322,40,3012,75.3
11323,35,2536,72.5
11324,47,3343,71.1
11325,45,3304,73.4
11326,39,2774,71.1
11327,36,2919,81.1
11328,42,3334,79.4
11329,36,2728,75.8
11330,37,2520,68.1
11331,47,3336,71.0
11332,45,2964,65.9
11333,47,3396,72.3
11334,53,3463,65.3
11335,44,3022,68.7
11336,42,3026,72.0
11337,46,3276,71.2
11338,44,3308,75.2
11339,46,3129,68.0
11340,42,2760,65.7
11341,44,3071,69.8
11342,50,3608,72.2
11343,52,3998,76.9
11344,49,3532,72.1
11345,46,3363,73.1
11346,45,3548,78.8
11347,46,3405,74.0
11348,56,3908,69.8
11349,47,3733,79.4
11350,42,3320,79.0
11351,38,2499,65.8
11352,36,2532,70.3
11353,40,2999,75.0
11354,45,3145,69.9
11355,44,3211,73.0
11356,45,3326,73.9
11357,43,3319,77.2
11358,43,3013,70.1
11359,36,2618,72.7
11360,37,2835,76.6
11361,41,3242,79.1
11362,34,2781,81.8
11363,40,3147,78.7
11364,36,2799,77.8
11365,37,2595,70.1
11366,36,2728,75.8
11367,37,3195,86.4
11368,42,3161,75.3
11369,44,3059,69.5
11370,45,3321,73.8
11371,37,2704,73.1
11372,32,2434,76.1
11373,41,3061,74.7
11374,37,2748,74.3
11375,39,2892,74.2
11376,39,3342,85.7
11377,35,3089,88.3
11378,37,3231,87.3
11379,38,3110,81.8
11380,35,3304,94.4
11381,41,3761,91.7
11382,38,3306,87.0
11383,42,3563,84.8
11384,39,3350,85.9
11385,43,3208,74.6
11386,40,2801,70.0
11387,48,3561,74.2
11388,50,3486,69.7
11389,42,3276,78.0
11390,46,3251,70.7
11391,43,3228,75.1
11392,41,3418,83.4
11393,41,3128,76.3
11394,42,3130,74.5
11395,44,3174,72.1
11396,44,3254,74.0
11397,40,3144,78.6
11398,38,2942,77.4
11399,38,2938,77.3
11400,46,3545,77.1
11401,46,3395,73.8
11402,46,3404,74.0
11403,44,3418,77.7
11404,40,2954,73.8
11405,34,2568,75.5
11406,40,2951,73.8
11407,48,3416,71.2
11408,44,3066,69.7
11409,48,3698,77.0
11410,47,3589,76.4
11411,47,4092,87.1
11412,47,3359,71.5
11413,48,3568,74.3
11414,43,3281,76.3
11415,43,3244,75.4
11416,45,3679,81.8
11417,40,3587,89.7
11418,37,3028,81.8
11419,41,3472,84.7
11420,46,3715,80.8
11421,45,3689,82.0
11422,42,3453,82.2
11423,42,3392,80.8
11424,42,3200,76.2
11425,44,3916,89.0
11426,38,3207,84.4
11427,45,3337,74.2
11428,39,3239,83.1
11429,41,3629,88.5
11430,41,2948,71.9
11431,41,3008,73.4
11432,40,3079,77.0
11433,37,2959,80.0
11434,44,3653,83.0
11435,45,3515,78.1
11436,46,3664,79.7
11437,43,3466,80.6
11438,48,3800,79.2
11439,46,3687,80.2
11440,44,3395,77.2
11441,46,3686,80.1
11442,43,3342,77.7
11443,44,3669,83.4
11444,41,2807,68.5
11445,44,3502,79.6
11446,43,3106,72.2
11447,40,3300,82.5
11448,45,3339,74.2
11449,46,3467,75.4
11450,45,3412,75.8
11451,41,3056,74.5
11452,48,3735,77.8
11453,44,3315,75.3
11454,40,3064,76.6
11455,37,2987,80.7
11456,40,3152,78.8
11457,46,3715,80.8
11458,48,3647,76.0
11459,37,3023,81.7
11460,33,2644,80.1
11461,36,2652,73.7
11462,35,2727,77.9
11463,46,3596,78.2
11464,39,3154,80.9
11465,33,2893,87.7
11466,42,3275,78.0
11467,35,2791,79.7
11468,44,3367,76.5
11469,45,3436,76.4
11470,39,2843,72.9
11471,42,3130,74.5
11472,39,2814,72.2
11473,44,2839,64.5
11474,41,2793,68.1
11475,40,2694,67.4
11476,47,3229,68.7
11477,54,3554,65.8
11478,50,3536,70.7
11479,45,3200,71.1
11480,50,3491,69.8
11481,54,3809,70.5
11482,44,3222,73.2
11483,40,2982,74.6
11484,50,3580,71.6
11485,52,3887,74.8
11486,45,3394,75.4
11487,54,3730,69.1
11488,48,3554,74.0
11489,49,3598,73.4
11490,46,3244,70.5
11491,48,3367,70.1
11492,45,3316,73.7
11493,49,3432,70.0
11494,46,3258,70.8
11495,53,3676,69.4
11496,47,3387,72.1
11497,49,3612,73.7
11498,47,3177,67.6
11499,49,3410,69.6
11500,50,3372,67.4
11501,41,2876,70.1
11502,46,3221,70.0
11503,45,3153,70.1
11504,49,3463,70.7
11505,46,3067,66.7
11506,43,3227,75.0
11507,39,2735,70.1
11508,52,3761,72.3
11509,47,3274,69.7
11510,44,3182,72.3
11511,44,3242,73.7
11512,55,3841,69.8
11513,50,3513,70.3
11514,49,3186,65.0
11515,45,3484,77.4
11516,41,3088,75.3
11517,40,2614,65.4
11518,36,2822,78.4
11519,37,2743,74.1
11520,44,3105,70.6
11521,46,3680,80.0
11522,37,2707,73.2
11523,35,2347,67.1
11524,44,3090,70.2
11525,38,2532,66.6
11526,43,2672,62.1
11527,43,3117,72.5
11528,42,2849,67.8
11529,42,2950,70.2
11530,38,2751,72.4
11531,46,3337,72.5
11532,42,2874,68.4
11533,43,3059,71.1
11534,39,2959,75.9
11535,39,2836,72.7
11536,41,3026,73.8
11537,42,3103,73.9
11538,35,2696,77.0
11539,44,3106,70.6
11540,34,2171,63.9
11541,45,3158,70.2
11542,47,3492,74.3
11543,38,3007,79.1
11544,44,3644,82.8
11545,38,2766,72.8
11546,45,3046,67.7
11547,39,2766,70.9
11548,35,2979,85.1
11549,34,2660,78.2
11550,31,2600,83.9
11551,34,2920,85.9
11552,37,3142,84.9
11553,36,3154,87.6
11554,36,2915,81.0
11555,40,3090,77.2
11556,43,3341,77.7
11557,46,3607,78.4
11558,37,3090,83.5
11559,38,3144,82.7
11560,43,3356,78.0
11561,34,2660,78.2
11562,38,3141,82.7
11563,34,2689,79.1
11564,40,3334,83.4
11565,38,2935,77.2
11566,43,3392,78.9
11567,37,2895,78.2
11568,34,2621,77.1
11569,36,2807,78.0
11570,40,3141,78.5
11571,33,2825,85.6
11572,38,3356,88.3
11573,35,2797,79.9
11574,40,3097,77.4
11575,40,3113,77.8
11576,46,3204,69.7
11577,44,3525,80.1
11578,41,3320,81.0
11579,46,3552,77.2
11580,40,3275,81.9
11581,48,3728,77.7
11582,39,2898,74.3
11583,47,3526,75.0
11584,36,2564,71.2
11585,44,3479,79.1
11586,33,2455,74.4
11587,34,2933,86.3
11588,44,3651,83.0
11589,49,3619,73.9
11590,46,3595,78.2
11591,45,3208,71.3
11592,46,3753,81.6
11593,41,3154,76.9
11594,41,3161,77.1
11595,39,3356,86.1
11596,37,3179,85.9
11597,33,3083,93.4
11598,40,2844,71.1
11599,34,2352,69.2
11600,34,2804,82.5
11601,31,2385,76.9
11602,33,2967,89.9
11603,39,3202,82.1
11604,36,2829,78.6
11605,38,2956,77.8
11606,37,3042,82.2
11607,36,2815,78.2
11608,38,3241,85.3
11609,40,3486,87.2
11610,39,3400,87.2
11611,41,3411,83.2
11612,46,3731,81.1
11613,33,2964,89.8
11614,44,3695,84.0
11615,42,3246,77.3
11616,38,2968,78.1
11617,37,3179,85.9
11618,40,3221,80.5
11619,41,3694,90.1
11620,36,2905,80.7
11621,40,2979,74.5
11622,39,3183,81.6
11623,27,2189,81.1
11624,34,2914,85.7
11625,36,3398,94.4
11626,42,3587,85.4
11627,33,2738,83.0
11628,32,2958,92.4
11629,43,3387,78.8
11630,41,3474,84.7
11631,37,3181,86.0
11632,40,3579,89.5
11633,44,3313,75.3
11634,45,3194,71.0
11635,38,3030,79.7
11636,42,3140,74.8
11637,47,3576,76.1
11638,41,3080,75.1
11639,35,3036,86.7
11640,42,3450,82.1
11641,42,3599,85.7
11642,42,3614,86.0
11643,42,3357,79.9
11644,42,3430,81.7
11645,40,3282,82.0
11646,36,3090,85.8
11647,46,3745,81.4
11648,37,2686,72.6
11649,44,3420,77.7
11650,29,2448,84.4
11651,30,2909,97.0
11652,38,3009,79.2
11653,36,2999,83.3
11654,38,2943,77.4
11655,37,3497,94.5
11656,34,2384,70.1
11657,41,3224,78.6
11658,37,2934,79.3
11659,46,3551,77.2
11660,42,3346,79.7
11661,36,2719,75.5
11662,33,2764,83.8
11663,41,3030,73.9
11664,42,3332,79.3
11665,33,2575,78.0
11666,36,2968,82.4
11667,29,2331,80.4
11668,40,2929,73.2
11669,36,2729,75.8
11670,40,3194,79.8
11671,39,3734,95.7
11672,28,2326,83.1
11673,34,2933,86.3
11674,40,3137,78.4
11675,39,3296,84.5
11676,43,3667,85.3
11677,42,3270,77.9
11678,41,3475,84.8
11679,48,3977,82.9
11680,45,3534,78.5
11681,41,3474,84.7
11682,46,3731,81.1
11683,41,3485,85.0
11684,37,3068,82.9
11685,40,2891,72.3
11686,42,3466,82.5
11687,38,3132,82.4
11688,33,2488,75.4
11689,30,1995,66.5
11690,34,2598,76.4
11691,36,2591,72.0
11692,33,2869,86.9
11693,47,3554,75.6
11694,38,2844,74.8
11695,33,2818,85.4
11696,40,3015,75.4
11697,38,3188,83.9
11698,35,2910,83.1
11699,35,3138,89.7
11700,27,2416,89.5
11701,41,3199,78.0
11702,34,3249,95.6
11703,34,2792,82.1
11704,32,2839,88.7
11705,36,2758,76.6
11706,42,3382,80.5
11707,49,3804,77.6
11708,45,3532,78.5
11709,45,3358,74.6
11710,50,3609,72.2
11711,46,3439,74.8
11712,48,3632,75.7
11713,41,3019,73.6
11714,41,3050,74.4
11715,40,2702,67.6
11716,51,3881,76.1
11717,44,3090,70.2
11718,42,2910,69.3
11719,47,3617,77.0
11720,43,3097,72.0
11721,44,3319,75.4
11722,41,2852,69.6
11723,41,2600,63.4
11724,42,3286,78.2
11725,45,3190,70.9
11726,41,3155,77.0
11727,45,3240,72.0
11728,40,3096,77.4
11729,41,3114,76.0
11730,39,2686,68.9
11731,42,3524,83.9
11732,46,3792,82.4
11733,50,3881,77.6
11734,42,3302,78.6
11735,47,3941,83.9
11736,43,3628,84.4
11737,50,3806,76.1
11738,47,3696,78.6
11739,40,3236,80.9
11740,49,3679,75.1
11741,46,3622,78.7
11742,42,3321,79.1
11743,45,3827,85.0
11744,41,3781,92.2
11745,41,3385,82.6
11746,35,3138,89.7
11747,43,3646,84.8
11748,43,3628,84.4
11749,42,3449,82.1
11750,42,3792,90.3
11751,41,3446,84.0
11752,37,3147,85.1
11753,38,3618,95.2
11754,47,3648,77.6
11755,39,3486,89.4
11756,43,3555,82.7
11757,44,3830,87.0
11758,42,3293,78.4
11759,40,3164,79.1
11760,41,3331,81.2
11761,43,3253,75.7
11762,41,3332,81.3
11763,32,2767,86.5
11764,39,3190,81.8
11765,40,3306,82.6
11766,39,3260,83.6
11767,40,2991,74.8
11768,44,3775,85.8
11769,38,2745,72.2
11770,39,3436,88.1
11771,41,3430,83.7
11772,37,3025,81.8
11773,39,3458,88.7
11774,46,3875,84.2
11775,36,3185,88.5
11776,37,3111,84.1
11777,36,3152,87.6
11778,43,3497,81.3
11779,47,3767,80.1
11780,42,3439,81.9
11781,42,3465,82.5
11782,45,3546,78.8
11783,48,3595,74.9
11784,50,3670,73.4
11785,41,3404,83.0
11786,42,3324,79.1
11787,41,3467,84.6
11788,42,3229,76.9
11789,42,3058,72.8
11790,42,3445,82.0
11791,41,3258,79.5
11792,36,2987,83.0
11793,36,3072,85.3
11794,45,3250,72.2
11795,42,3200,76.2
11796,48,4002,83.4
11797,42,3500,83.3
11798,43,3563,82.9
11799,39,3180,81.5
11800,50,3599,72.0
11801,40,3151,78.8
11802,46,3447,74.9
11803,43,3085,71.7
11804,41,3178,77.5
11805,41,3217,78.5
11806,44,3716,84.5
11807,42,3418,81.4
11808,31,2825,91.1
11809,35,2999,85.7
11810,40,3481,87.0
11811,37,2894,78.2
11812,38,3000,78.9
11813,38,2687,70.7
11814,45,3540,78.7
11815,34,2746,80.8
11816,35,2912,83.2
11817,39,3016,77.3
11818,39,2995,76.8
11819,38,3129,82.3
11820,36,2897,80.5
11821,37,2846,76.9
11822,45,3080,68.4
11823,39,2947,75.6
11824,37,2726,73.7
11825,44,3035,69.0
11826,37,2797,75.6
11827,40,3204,80.1
11828,33,2817,85.4
11829,38,2893,76.1
11830,37,2888,78.1
11831,34,2618,77.0
11832,38,2760,72.6
11833,39,2560,65.6
11834,37,2605,70.4
11835,38,2721,71.6
11836,34,2591,76.2
11837,35,2535,72.4
11838,27,2340,86.7
11839,35,2853,81.5
11840,34,2602,76.5
11841,38,3050,80.3
11842,39,3211,82.3
11843,40,2959,74.0
11844,41,3255,79.4
11845,41,3223,78.6
11846,44,3252,73.9
11847,37,3096,83.7
11848,38,3165,83.3
11849,47,3796,80.8
11850,42,3519,83.8
11851,50,3908,78.2
11852,42,3338,79.5
11853,44,3190,72.5
11854,41,3039,74.1
11855,42,2932,69.8
11856,36,2839,78.9
11857,42,3341,79.5
11858,36,2958,82.2
11859,42,3575,85.1
11860,44,3603,81.9
11861,48,3462,72.1
11862,40,2661,66.5
11863,44,3202,72.8
11864,36,2457,68.2
11865,41,3059,74.6
11866,39,3126,80.2
11867,42,3546,84.4
11868,45,3412,75.8
11869,44,3006,68.3
11870,49,3372,68.8
11871,44,3409,77.5
11872,47,3367,71.6
11873,41,3298,80.4
11874,46,3360,73.0
11875,51,3537,69.4
11876,46,3241,70.5
11877,48,3340,69.6
11878,48,3778,78.7
11879,46,3343,72.7
11880,38,3069,80.8
11881,42,3057,72.8
11882,41,3147,76.8
11883,39,3125,80.1
11884,44,3182,72.3
11885,44,3116,70.8
11886,51,3386,66.4
11887,40,2870,71.8
11888,51,3274,64.2
11889,46,3273,71.2
11890,40,2581,64.5
11891,43,2898,67.4
11892,46,3464,75.3
11893,43,3481,81.0
11894,51,3968,77.8
11895,45,3233,71.8
11896,48,3429,71.4
11897,51,3316,65.0
11898,34,2239,65.9
11899,45,3287,73.0
11900,44,2968,67.5
11901,46,3389,73.7
11902,46,3042,66.1
11903,46,3673,79.8
11904,48,3090,64.4
11905,45,2941,65.4
11906,49,3381,69.0
11907,50,3362,67.2
11908,43,3070,71.4
11909,40,3108,77.7
11910,42,3516,83.7
11911,35,2516,71.9
11912,40,3221,80.5
11913,41,3220,78.5
11914,38,2914,76.7
11915,35,2955,84.4
11916,39,3461,88.7
11917,37,3007,81.3
11918,39,3212,82.4
11919,47,3470,73.8
11920,46,3314,72.0
11921,38,2896,76.2
11922,41,2922,71.3
11923,45,3342,74.3
11924,43,3060,71.2
11925,37,2744,74.2
11926,39,2875,73.7
11927,36,2433,67.6
11928,41,2931,71.5
11929,44,3314,75.3
11930,33,2488,75.4
11931,35,2502,71.5
11932,48,3168,66.0
11933,45,3257,72.4
11934,41,2789,68.0
11935,49,3027,61.8
11936,44,2620,59.5
11937,47,3338,71.0
11938,50,3659,73.2
11939,41,3069,74.9
11940,43,3366,78.3
11941,41,3345,81.6
11942,36,2806,77.9
11943,32,2801,87.5
11944,35,2793,79.8
11945,43,3280,76.3
11946,28,2071,74.0
11947,37,2996,81.0
11948,40,3369,84.2
11949,35,2974,85.0
11950,30,2560,85.3
11951,38,2940,77.4
11952,40,3153,78.8
11953,40,3040,76.0
11954,41,3330,81.2
11955,39,2942,75.4
11956,31,2411,77.8
11957,35,2781,79.5
11958,39,2774,71.1
11959,31,2672,86.2
11960,36,2323,64.5
11961,39,3105,79.6
11962,37,2893,78.2
11963,38,2955,77.8
11964,38,2642,69.5
11965,35,2557,73.1
11966,34,2433,71.6
11967,37,2576,69.6
11968,40,3103,77.6
11969,39,2889,74.1
11970,42,3020,71.9
11971,36,2663,74.0
11972,33,2639,80.0
11973,35,2560,73.1
11974,39,2784,71.4
11975,37,2724,73.6
11976,37,2840,76.8
11977,31,2453,79.1
11978,39,2887,74.0
11979,47,3390,72.1
11980,38,2912,76.6
11981,38,2814,74.1
11982,39,2949,75.6
11983,38,2898,76.3
11984,42,3261,77.6
11985,42,3255,77.5
11986,39,3256,83.5
11987,42,3115,74.2
11988,42,3315,78.9
11989,42,2935,69.9
11990,40,2753,68.8
11991,37,2516,68.0
11992,37,2886,78.0
11993,41,2843,69.3
11994,39,2910,74.6
11995,40,3175,79.4
11996,36,2656,73.8
11997,35,2607,74.5
11998,37,2605,70.4
11999,41,3019,73.6
12000,33,2971,90.0
