Frame,aggregate_count,total_peptides_in_aggregate,avg_aggregate_size
0,26,2144,82.5
1,30,2280,76.0
2,29,2207,76.1
3,32,2531,79.1
4,37,2902,78.4
5,33,2743,83.1
6,38,2854,75.1
7,34,2715,79.8
8,39,3052,78.3
9,37,3018,81.6
10,39,3248,83.3
11,39,3209,82.3
12,35,2988,85.4
13,38,3085,81.2
14,38,3115,82.0
15,38,3353,88.2
16,38,3113,81.9
17,43,3637,84.6
18,43,3567,83.0
19,39,3316,85.0
20,41,3577,87.2
21,42,3604,85.8
22,38,3334,87.7
23,42,3748,89.2
24,41,3621,88.3
25,46,4121,89.6
26,45,4064,90.3
27,42,3938,93.8
28,39,3680,94.4
29,42,3933,93.6
30,37,3552,96.0
31,45,4169,92.6
32,41,4026,98.2
33,41,3986,97.2
34,39,3965,101.7
35,43,4184,97.3
36,38,4058,106.8
37,42,4356,103.7
38,35,3923,112.1
39,33,3992,121.0
40,41,4591,112.0
41,39,4653,119.3
42,43,4531,105.4
43,47,4725,100.5
44,46,4831,105.0
45,42,4523,107.7
46,41,4599,112.2
47,43,4620,107.4
48,42,4624,110.1
49,41,4712,114.9
50,40,4699,117.5
51,36,4457,123.8
52,39,4537,116.3
53,40,4734,118.4
54,40,4694,117.4
55,38,4693,123.5
56,38,4706,123.8
57,38,4718,124.2
58,36,4756,132.1
59,36,4852,134.8
60,35,4740,135.4
61,37,4823,130.4
62,37,5037,136.1
63,45,4984,110.8
64,37,4760,128.6
65,40,5012,125.3
66,41,5057,123.3
67,40,4956,123.9
68,38,5022,132.2
69,40,5079,127.0
70,40,5169,129.2
71,39,5107,131.0
72,40,5083,127.1
73,40,5078,127.0
74,40,5171,129.3
75,42,5335,127.0
76,34,4790,140.9
77,37,5155,139.3
78,37,5153,139.3
79,40,5150,128.8
80,42,5318,126.6
81,43,5572,129.6
82,40,5348,133.7
83,40,5437,135.9
84,39,5378,137.9
85,38,5273,138.8
86,37,5236,141.5
87,39,5428,139.2
88,39,5448,139.7
89,38,5393,141.9
90,38,5339,140.5
91,35,5243,149.8
92,39,5450,139.7
93,37,5406,146.1
94,38,5475,144.1
95,37,5505,148.8
96,39,5615,144.0
97,39,5605,143.7
98,41,5619,137.0
99,37,5532,149.5
100,36,5599,155.5
101,36,5711,158.6
102,35,5553,158.7
103,35,5447,155.6
104,36,5636,156.6
105,37,5577,150.7
106,38,5647,148.6
107,37,5633,152.2
108,39,5775,148.1
109,39,5661,145.2
110,41,5718,139.5
111,41,5820,142.0
112,37,5556,150.2
113,38,5592,147.2
114,39,5709,146.4
115,38,5781,152.1
116,41,5905,144.0
117,39,5887,151.0
118,42,6041,143.8
119,37,5898,159.4
120,37,5879,158.9
121,40,5953,148.8
122,35,5683,162.4
123,39,5884,150.9
124,35,5520,157.7
125,38,5765,151.7
126,37,5855,158.2
127,41,5765,140.6
128,37,5826,157.5
129,38,5957,156.8
130,36,5736,159.3
131,42,5938,141.4
132,39,5702,146.2
133,36,5898,163.8
134,41,6002,146.4
135,42,6176,147.0
136,34,5806,170.8
137,39,6112,156.7
138,36,6099,169.4
139,40,5917,147.9
140,40,6171,154.3
141,39,6301,161.6
142,39,6267,160.7
143,40,6355,158.9
144,36,6269,174.1
145,38,6342,166.9
146,40,6272,156.8
147,34,6192,182.1
148,39,6294,161.4
149,37,6294,170.1
150,34,6145,180.7
151,36,6287,174.6
152,36,6305,175.1
153,34,6144,180.7
154,37,6330,171.1
155,36,6317,175.5
156,35,6199,177.1
157,38,6302,165.8
158,35,6158,175.9
159,35,6285,179.6
160,36,6355,176.5
161,35,6326,180.7
162,33,6153,186.4
163,33,6246,189.3
164,38,6376,167.8
165,35,6168,176.2
166,33,6063,183.7
167,34,6220,182.9
168,37,6249,168.9
169,34,6361,187.1
170,33,6264,189.8
171,34,6206,182.5
172,33,6174,187.1
173,34,6320,185.9
174,34,6154,181.0
175,32,6062,189.4
176,35,6166,176.2
177,31,6161,198.7
178,31,6215,200.5
179,34,6221,183.0
180,35,6324,180.7
181,34,6268,184.4
182,35,6291,179.7
183,36,6319,175.5
184,33,6212,188.2
185,36,6407,178.0
186,36,6405,177.9
187,33,6239,189.1
188,35,6236,178.2
189,29,6141,211.8
190,29,6006,207.1
191,33,6137,186.0
192,32,6162,192.6
193,30,6193,206.4
194,30,6173,205.8
195,35,6330,180.9
196,34,6347,186.7
197,35,6322,180.6
198,36,6398,177.7
199,35,6294,179.8
200,33,6265,189.8
201,35,6482,185.2
202,29,6134,211.5
203,33,6170,187.0
204,32,6228,194.6
205,32,6269,195.9
206,33,6212,188.2
207,31,6204,200.1
208,30,6535,217.8
209,31,6429,207.4
210,27,6465,239.4
211,30,6438,214.6
212,29,6492,223.9
213,30,6427,214.2
214,33,6526,197.8
215,31,6573,212.0
216,29,6330,218.3
217,27,6172,228.6
218,28,6387,228.1
219,29,6309,217.6
220,30,6375,212.5
221,31,6528,210.6
222,31,6466,208.6
223,30,6373,212.4
224,29,6455,222.6
225,32,6536,204.2
226,33,6636,201.1
227,30,6458,215.3
228,27,6698,248.1
229,25,6517,260.7
230,26,6573,252.8
231,29,6394,220.5
232,28,6607,236.0
233,31,6486,209.2
234,31,6538,210.9
235,31,6508,209.9
236,30,6700,223.3
237,31,6538,210.9
238,29,6421,221.4
239,31,6514,210.1
240,30,6632,221.1
241,30,6449,215.0
242,30,6409,213.6
243,29,6639,228.9
244,31,6527,210.6
245,32,6522,203.8
246,33,6619,200.6
247,32,6515,203.6
248,31,6725,216.9
249,32,6519,203.7
250,30,6503,216.8
251,29,6800,234.5
252,29,6830,235.5
253,30,6687,222.9
254,32,6574,205.4
255,33,6619,200.6
256,32,6549,204.7
257,33,6865,208.0
258,29,6707,231.3
259,30,6688,222.9
260,29,6629,228.6
261,27,6648,246.2
262,23,6488,282.1
263,31,6596,212.8
264,28,6717,239.9
265,24,6719,280.0
266,24,6607,275.3
267,28,6745,240.9
268,26,6638,255.3
269,22,6710,305.0
270,23,6701,291.4
271,25,6523,260.9
272,26,6577,253.0
273,24,6592,274.7
274,25,6774,271.0
275,25,6754,270.2
276,25,6754,270.2
277,24,6661,277.5
278,24,6647,277.0
279,24,6610,275.4
280,25,6697,267.9
281,25,6665,266.6
282,26,6726,258.7
283,25,6711,268.4
284,26,6733,259.0
285,26,6698,257.6
286,26,6593,253.6
287,25,6660,266.4
288,26,6747,259.5
289,25,6669,266.8
290,25,6730,269.2
291,25,6654,266.2
292,24,6681,278.4
293,23,6731,292.6
294,22,6616,300.7
295,22,6603,300.1
296,23,6666,289.8
297,24,6612,275.5
298,27,6736,249.5
299,23,6589,286.5
300,25,6787,271.5
301,25,6726,269.0
302,26,6783,260.9
303,24,6806,283.6
304,23,6689,290.8
305,22,6625,301.1
306,22,6689,304.0
307,23,6703,291.4
308,23,6724,292.4
309,23,6644,288.9
310,24,6826,284.4
311,24,6877,286.5
312,26,6872,264.3
313,26,6897,265.3
314,26,6854,263.6
315,25,6799,272.0
316,24,6738,280.8
317,24,6740,280.8
318,24,6770,282.1
319,23,6752,293.6
320,24,6851,285.5
321,24,6819,284.1
322,23,6860,298.3
323,23,6892,299.6
324,23,6848,297.7
325,22,6935,315.2
326,24,6846,285.2
327,23,6839,297.4
328,24,6988,291.2
329,23,6955,302.4
330,23,6929,301.3
331,23,7011,304.8
332,24,6967,290.3
333,23,6949,302.1
334,22,6925,314.8
335,21,7000,333.3
336,20,6925,346.2
337,21,6876,327.4
338,20,6901,345.0
339,20,6866,343.3
340,21,6935,330.2
341,21,6891,328.1
342,22,6917,314.4
343,24,6966,290.2
344,23,6918,300.8
345,22,6839,310.9
346,22,6871,312.3
347,21,6867,327.0
348,20,6768,338.4
349,20,6722,336.1
350,20,6706,335.3
351,21,6837,325.6
352,22,6828,310.4
353,21,6701,319.1
354,21,6714,319.7
355,21,6703,319.2
356,21,6687,318.4
357,22,6714,305.2
358,22,6809,309.5
359,22,6749,306.8
360,22,6800,309.1
361,22,6819,310.0
362,22,6778,308.1
363,23,6839,297.4
364,22,6767,307.6
365,22,6851,311.4
366,23,6869,298.6
367,23,6835,297.2
368,22,6823,310.1
369,21,6782,323.0
370,17,6779,398.8
371,16,6770,423.1
372,19,6716,353.5
373,19,6736,354.5
374,19,6775,356.6
375,18,6678,371.0
376,18,6675,370.8
377,19,6737,354.6
378,21,6762,322.0
379,20,6776,338.8
380,20,6831,341.6
381,20,6775,338.8
382,21,6677,318.0
383,20,6692,334.6
384,21,6703,319.2
385,19,6852,360.6
386,17,6906,406.2
387,19,6753,355.4
388,19,6728,354.1
389,18,6727,373.7
390,19,6858,361.0
391,19,6889,362.6
392,19,6864,361.3
393,19,6839,360.0
394,18,6754,375.2
395,20,6842,342.1
396,21,6916,329.3
397,23,6887,299.4
398,19,6794,357.6
399,22,6861,311.9
400,20,6843,342.2
401,19,6759,355.7
402,22,6970,316.8
403,21,6907,328.9
404,20,6806,340.3
405,19,6776,356.6
406,19,6835,359.7
407,20,6825,341.2
408,20,6846,342.3
409,21,6732,320.6
410,22,6834,310.6
411,18,6759,375.5
412,19,6742,354.8
413,21,6772,322.5
414,22,6871,312.3
415,21,6964,331.6
416,20,6946,347.3
417,20,6941,347.0
418,20,6925,346.2
419,20,6904,345.2
420,21,7031,334.8
421,21,7053,335.9
422,23,7071,307.4
423,22,7152,325.1
424,22,7140,324.6
425,22,7110,323.2
426,22,7127,324.0
427,23,7167,311.6
428,21,7104,338.3
429,21,7058,336.1
430,20,7008,350.4
431,20,7033,351.6
432,19,6993,368.0
433,19,6961,366.4
434,20,7060,353.0
435,20,7041,352.0
436,18,6971,387.3
437,22,7068,321.3
438,20,7011,350.6
439,19,6948,365.7
440,22,7039,320.0
441,20,6965,348.2
442,19,6934,365.0
443,21,6973,332.0
444,20,7036,351.8
445,22,6996,318.0
446,20,7003,350.2
447,21,7009,333.8
448,21,7073,336.8
449,20,6923,346.2
450,20,7057,352.8
451,20,7013,350.6
452,19,7019,369.4
453,20,6958,347.9
454,18,6861,381.2
455,20,6940,347.0
456,22,7107,323.0
457,19,6920,364.2
458,19,6973,367.0
459,22,7087,322.1
460,19,6956,366.1
461,19,6980,367.4
462,21,7115,338.8
463,20,7083,354.2
464,21,7099,338.0
465,21,7134,339.7
466,19,6975,367.1
467,21,7088,337.5
468,21,7123,339.2
469,20,7022,351.1
470,19,7032,370.1
471,19,7029,370.0
472,19,7020,369.5
473,19,7076,372.4
474,17,6992,411.3
475,18,7010,389.4
476,18,7001,388.9
477,18,7076,393.1
478,16,6969,435.6
479,19,7036,370.3
480,19,7065,371.8
481,17,7026,413.3
482,17,7115,418.5
483,19,7122,374.8
484,18,7134,396.3
485,17,7005,412.1
486,20,7171,358.6
487,19,7083,372.8
488,17,6993,411.4
489,19,7108,374.1
490,20,7192,359.6
491,21,7226,344.1
492,20,7190,359.5
493,21,7177,341.8
494,21,7253,345.4
495,20,7252,362.6
496,18,7168,398.2
497,18,7193,399.6
498,17,7164,421.4
499,18,7177,398.7
500,18,7202,400.1
501,18,7180,398.9
502,19,7214,379.7
503,19,7167,377.2
504,20,7201,360.0
505,20,7241,362.0
506,20,7166,358.3
507,22,7102,322.8
508,22,7224,328.4
509,23,7234,314.5
510,17,7050,414.7
511,18,7142,396.8
512,20,7175,358.8
513,19,7138,375.7
514,20,7166,358.3
515,19,7135,375.5
516,19,7114,374.4
517,20,7220,361.0
518,20,7176,358.8
519,21,7176,341.7
520,21,7241,344.8
521,21,7225,344.0
522,20,7102,355.1
523,20,7179,359.0
524,21,7237,344.6
525,22,7225,328.4
526,19,7251,381.6
527,19,7207,379.3
528,20,7236,361.8
529,20,7273,363.6
530,19,7163,377.0
531,20,7137,356.8
532,22,7233,328.8
533,22,7209,327.7
534,21,7196,342.7
535,20,7134,356.7
536,21,7127,339.4
537,20,7153,357.6
538,20,7164,358.2
539,19,7139,375.7
540,21,7159,340.9
541,19,7136,375.6
542,19,7130,375.3
543,18,7154,397.4
544,18,7106,394.8
545,18,7100,394.4
546,18,7217,400.9
547,18,7154,397.4
548,18,7153,397.4
549,18,7146,397.0
550,17,7123,419.0
551,17,7112,418.4
552,17,7132,419.5
553,18,7170,398.3
554,17,7185,422.6
555,16,7037,439.8
556,16,7035,439.7
557,16,7075,442.2
558,18,7125,395.8
559,19,7223,380.2
560,19,7118,374.6
561,19,7208,379.4
562,19,7231,380.6
563,19,7214,379.7
564,19,7205,379.2
565,18,7172,398.4
566,19,7195,378.7
567,18,7176,398.7
568,18,7191,399.5
569,18,7176,398.7
570,19,7153,376.5
571,19,7182,378.0
572,19,7227,380.4
573,16,7195,449.7
574,17,7155,420.9
575,17,7172,421.9
576,17,7200,423.5
577,16,7141,446.3
578,15,7187,479.1
579,16,7290,455.6
580,16,7272,454.5
581,16,7353,459.6
582,16,7316,457.2
583,16,7239,452.4
584,15,7285,485.7
585,15,7267,484.5
586,16,7298,456.1
587,14,7204,514.6
588,14,7159,511.4
589,14,7170,512.1
590,14,7170,512.1
591,14,7225,516.1
592,14,7194,513.9
593,14,7123,508.8
594,15,7113,474.2
595,14,7078,505.6
596,14,7075,505.4
597,16,7105,444.1
598,16,7119,444.9
599,17,7156,420.9
600,18,7173,398.5
601,16,7137,446.1
602,15,7088,472.5
603,16,7138,446.1
604,16,7142,446.4
605,15,7110,474.0
606,16,7098,443.6
607,16,7138,446.1
608,16,7166,447.9
609,16,7165,447.8
610,16,7072,442.0
611,16,7142,446.4
612,16,7193,449.6
613,16,7134,445.9
614,16,7161,447.6
615,16,7164,447.8
616,14,7073,505.2
617,15,7124,474.9
618,16,7148,446.8
619,16,7145,446.6
620,14,7133,509.5
621,16,7124,445.2
622,15,7155,477.0
623,15,7188,479.2
624,15,7166,477.7
625,14,7148,510.6
626,15,7140,476.0
627,14,7143,510.2
628,13,7116,547.4
629,13,7142,549.4
630,14,7132,509.4
631,14,7141,510.1
632,14,7114,508.1
633,13,7073,544.1
634,13,7085,545.0
635,14,7110,507.9
636,14,7105,507.5
637,14,7088,506.3
638,14,7061,504.4
639,14,7155,511.1
640,15,7137,475.8
641,15,7153,476.9
642,15,7167,477.8
643,15,7151,476.7
644,14,7155,511.1
645,14,7129,509.2
646,13,7054,542.6
647,15,7159,477.3
648,12,7006,583.8
649,12,7077,589.8
650,11,7071,642.8
651,11,7030,639.1
652,11,7057,641.6
653,12,7070,589.2
654,12,7062,588.5
655,11,6997,636.1
656,11,6979,634.4
657,11,6965,633.2
658,11,6972,633.8
659,11,6969,633.6
660,13,7100,546.2
661,12,7094,591.2
662,13,7107,546.7
663,12,7081,590.1
664,12,7030,585.8
665,12,7072,589.3
666,12,7152,596.0
667,12,7154,596.2
668,13,7065,543.5
669,11,7003,636.6
670,11,7088,644.4
671,11,7102,645.6
672,11,7137,648.8
673,11,7078,643.4
674,11,7024,638.6
675,12,7025,585.4
676,12,7010,584.2
677,12,7004,583.7
678,13,7013,539.5
679,14,7032,502.3
680,11,7037,639.7
681,14,7027,501.9
682,11,6987,635.2
683,12,6955,579.6
684,11,6987,635.2
685,12,7055,587.9
686,13,7123,547.9
687,13,7105,546.5
688,12,7103,591.9
689,12,7107,592.2
690,12,7072,589.3
691,12,7064,588.7
692,12,7103,591.9
693,12,7029,585.8
694,13,7039,541.5
695,13,7068,543.7
696,13,7063,543.3
697,13,7070,543.8
698,12,7051,587.6
699,11,7042,640.2
700,11,7063,642.1
701,11,7083,643.9
702,11,7094,644.9
703,11,7032,639.3
704,11,6949,631.7
705,12,7051,587.6
706,12,6958,579.8
707,13,7003,538.7
708,11,6881,625.6
709,13,7097,545.9
710,13,7006,538.9
711,13,7126,548.2
712,11,6994,635.8
713,12,7054,587.8
714,12,7071,589.2
715,12,7080,590.0
716,12,7052,587.7
717,13,7101,546.2
718,12,6959,579.9
719,12,7060,588.3
720,13,7126,548.2
721,14,7194,513.9
722,13,7187,552.8
723,12,7161,596.8
724,13,7242,557.1
725,13,7236,556.6
726,11,7177,652.4
727,12,7118,593.2
728,10,7127,712.7
729,11,7128,648.0
730,11,7176,652.4
731,12,7209,600.8
732,11,7172,652.0
733,12,7163,596.9
734,12,7158,596.5
735,11,7125,647.7
736,10,7095,709.5
737,11,7138,648.9
738,11,7170,651.8
739,12,7176,598.0
740,10,7152,715.2
741,10,7209,720.9
742,10,7183,718.3
743,10,7169,716.9
744,11,7166,651.4
745,10,7165,716.5
746,11,7173,652.1
747,12,7200,600.0
748,13,7142,549.4
749,13,7172,551.7
750,14,7133,509.5
751,14,7246,517.6
752,13,7192,553.2
753,13,7225,555.8
754,15,7266,484.4
755,14,7233,516.6
756,13,7229,556.1
757,14,7229,516.4
758,15,7230,482.0
759,14,7259,518.5
760,15,7214,480.9
761,15,7168,477.9
762,15,7240,482.7
763,14,7139,509.9
764,15,7243,482.9
765,13,7214,554.9
766,14,7263,518.8
767,15,7232,482.1
768,14,7199,514.2
769,15,7271,484.7
770,15,7255,483.7
771,14,7261,518.6
772,13,7280,560.0
773,14,7265,518.9
774,14,7276,519.7
775,14,7217,515.5
776,14,7260,518.6
777,13,7136,548.9
778,13,7146,549.7
779,15,7257,483.8
780,13,7180,552.3
781,13,7211,554.7
782,14,7193,513.8
783,13,7227,555.9
784,12,7212,601.0
785,13,7248,557.5
786,15,7268,484.5
787,14,7330,523.6
788,15,7313,487.5
789,14,7293,520.9
790,15,7310,487.3
791,14,7295,521.1
792,15,7331,488.7
793,14,7268,519.1
794,15,7275,485.0
795,14,7216,515.4
796,15,7324,488.3
797,15,7318,487.9
798,15,7312,487.5
799,15,7352,490.1
800,15,7336,489.1
801,15,7321,488.1
802,15,7287,485.8
803,15,7305,487.0
804,15,7341,489.4
805,15,7337,489.1
806,15,7303,486.9
807,15,7316,487.7
808,15,7336,489.1
809,15,7323,488.2
810,15,7342,489.5
811,15,7305,487.0
812,15,7249,483.3
813,15,7257,483.8
814,14,7253,518.1
815,14,7175,512.5
816,14,7211,515.1
817,14,7220,515.7
818,14,7241,517.2
819,14,7245,517.5
820,14,7225,516.1
821,14,7230,516.4
822,14,7184,513.1
823,14,7247,517.6
824,14,7241,517.2
825,13,7270,559.2
826,14,7277,519.8
827,13,7299,561.5
828,14,7296,521.1
829,13,7289,560.7
830,14,7228,516.3
831,13,7237,556.7
832,14,7204,514.6
833,13,7263,558.7
834,13,7301,561.6
835,12,7304,608.7
836,13,7327,563.6
837,12,7290,607.5
838,12,7233,602.8
839,14,7290,520.7
840,13,7249,557.6
841,14,7301,521.5
842,13,7303,561.8
843,11,7233,657.6
844,12,7267,605.6
845,12,7230,602.5
846,14,7270,519.3
847,13,7238,556.8
848,13,7209,554.5
849,13,7266,558.9
850,14,7306,521.9
851,13,7313,562.5
852,13,7282,560.2
853,13,7293,561.0
854,13,7243,557.2
855,14,7258,518.4
856,14,7197,514.1
857,13,7236,556.6
858,12,7251,604.2
859,12,7268,605.7
860,13,7168,551.4
861,13,7269,559.2
862,13,7271,559.3
863,12,7247,603.9
864,12,7250,604.2
865,13,7276,559.7
866,12,7234,602.8
867,12,7255,604.6
868,12,7302,608.5
869,12,7301,608.4
870,13,7349,565.3
871,13,7304,561.8
872,13,7338,564.5
873,13,7334,564.2
874,12,7278,606.5
875,12,7325,610.4
876,14,7305,521.8
877,11,7278,661.6
878,11,7284,662.2
879,12,7316,609.7
880,11,7248,658.9
881,14,7355,525.4
882,14,7300,521.4
883,14,7307,521.9
884,14,7281,520.1
885,10,7278,727.8
886,13,7244,557.2
887,15,7291,486.1
888,14,7290,520.7
889,12,7274,606.2
890,13,7323,563.3
891,12,7273,606.1
892,12,7307,608.9
893,12,7306,608.8
894,13,7285,560.4
895,14,7296,521.1
896,11,7309,664.4
897,11,7326,666.0
898,12,7351,612.6
899,11,7330,666.4
900,12,7329,610.8
901,10,7340,734.0
902,12,7224,602.0
903,11,7338,667.1
904,10,7219,721.9
905,11,7229,657.2
906,11,7302,663.8
907,11,7249,659.0
908,11,7320,665.4
909,11,7284,662.2
910,11,7299,663.6
911,11,7293,663.0
912,11,7260,660.0
913,11,7353,668.4
914,10,7359,735.9
915,11,7388,671.6
916,11,7352,668.4
917,11,7370,670.0
918,11,7319,665.4
919,10,7348,734.8
920,10,7303,730.3
921,10,7314,731.4
922,10,7325,732.5
923,10,7295,729.5
924,10,7318,731.8
925,10,7322,732.2
926,10,7352,735.2
927,10,7347,734.7
928,10,7336,733.6
929,10,7285,728.5
930,10,7303,730.3
931,10,7319,731.9
932,9,7349,816.6
933,10,7362,736.2
934,10,7341,734.1
935,10,7366,736.6
936,10,7318,731.8
937,9,7261,806.8
938,9,7298,810.9
939,10,7319,731.9
940,10,7327,732.7
941,10,7333,733.3
942,9,7272,808.0
943,9,7262,806.9
944,10,7288,728.8
945,9,7273,808.1
946,10,7344,734.4
947,10,7317,731.7
948,9,7267,807.4
949,10,7303,730.3
950,9,7252,805.8
951,9,7292,810.2
952,9,7283,809.2
953,10,7333,733.3
954,10,7320,732.0
955,9,7297,810.8
956,8,7271,908.9
957,10,7351,735.1
958,10,7366,736.6
959,9,7263,807.0
960,10,7349,734.9
961,8,7257,907.1
962,8,7252,906.5
963,8,7268,908.5
964,8,7289,911.1
965,8,7244,905.5
966,9,7267,807.4
967,8,7242,905.2
968,8,7284,910.5
969,8,7257,907.1
970,9,7320,813.3
971,9,7316,812.9
972,8,7288,911.0
973,9,7321,813.4
974,8,7280,910.0
975,8,7331,916.4
976,8,7335,916.9
977,8,7320,915.0
978,8,7325,915.6
979,8,7331,916.4
980,8,7343,917.9
981,8,7383,922.9
982,8,7365,920.6
983,8,7355,919.4
984,8,7328,916.0
985,8,7363,920.4
986,8,7357,919.6
987,8,7362,920.2
988,8,7334,916.8
989,8,7353,919.1
990,8,7368,921.0
991,7,7281,1040.1
992,8,7348,918.5
993,8,7376,922.0
994,8,7353,919.1
995,8,7354,919.2
996,7,7334,1047.7
997,7,7269,1038.4
998,7,7255,1036.4
999,7,7269,1038.4
1000,6,7236,1206.0
1001,6,7247,1207.8
1002,6,7280,1213.3
1003,6,7267,1211.2
1004,6,7201,1200.2
1005,7,7329,1047.0
1006,6,7285,1214.2
1007,7,7245,1035.0
1008,7,7216,1030.9
1009,8,7318,914.8
1010,8,7308,913.5
1011,8,7314,914.2
1012,7,7266,1038.0
1013,7,7258,1036.9
1014,7,7256,1036.6
1015,8,7305,913.1
1016,8,7288,911.0
1017,8,7275,909.4
1018,7,7206,1029.4
1019,8,7310,913.8
1020,8,7311,913.9
1021,8,7302,912.8
1022,8,7309,913.6
1023,8,7259,907.4
1024,8,7298,912.2
1025,7,7273,1039.0
1026,8,7344,918.0
1027,7,7287,1041.0
1028,7,7305,1043.6
1029,7,7322,1046.0
1030,7,7294,1042.0
1031,8,7355,919.4
1032,8,7344,918.0
1033,8,7342,917.8
1034,8,7300,912.5
1035,8,7271,908.9
1036,8,7311,913.9
1037,8,7321,915.1
1038,8,7314,914.2
1039,8,7320,915.0
1040,8,7307,913.4
1041,8,7315,914.4
1042,8,7277,909.6
1043,8,7287,910.9
1044,8,7286,910.8
1045,8,7276,909.5
1046,8,7284,910.5
1047,8,7264,908.0
1048,8,7275,909.4
1049,8,7258,907.2
1050,8,7284,910.5
1051,8,7266,908.2
1052,8,7333,916.6
1053,8,7325,915.6
1054,8,7313,914.1
1055,8,7310,913.8
1056,8,7318,914.8
1057,8,7302,912.8
1058,8,7336,917.0
1059,8,7340,917.5
1060,8,7308,913.5
1061,8,7289,911.1
1062,8,7320,915.0
1063,8,7308,913.5
1064,9,7344,816.0
1065,9,7328,814.2
1066,8,7269,908.6
1067,9,7334,814.9
1068,9,7354,817.1
1069,9,7338,815.3
1070,9,7349,816.6
1071,8,7311,913.9
1072,8,7337,917.1
1073,8,7295,911.9
1074,8,7297,912.1
1075,8,7276,909.5
1076,8,7290,911.2
1077,8,7300,912.5
1078,8,7310,913.8
1079,8,7268,908.5
1080,8,7289,911.1
1081,8,7284,910.5
1082,9,7303,811.4
1083,8,7248,906.0
1084,8,7277,909.6
1085,9,7325,813.9
1086,9,7310,812.2
1087,9,7331,814.6
1088,9,7298,810.9
1089,9,7314,812.7
1090,9,7280,808.9
1091,9,7263,807.0
1092,9,7251,805.7
1093,9,7232,803.6
1094,9,7261,806.8
1095,9,7287,809.7
1096,9,7299,811.0
1097,9,7297,810.8
1098,9,7298,810.9
1099,9,7277,808.6
1100,8,7228,903.5
1101,9,7277,808.6
1102,8,7217,902.1
1103,9,7283,809.2
1104,9,7306,811.8
1105,9,7311,812.3
1106,9,7302,811.3
1107,9,7315,812.8
1108,9,7327,814.1
1109,9,7346,816.2
1110,9,7315,812.8
1111,9,7304,811.6
1112,9,7314,812.7
1113,9,7296,810.7
1114,9,7337,815.2
1115,9,7272,808.0
1116,9,7249,805.4
1117,8,7227,903.4
1118,9,7241,804.6
1119,9,7245,805.0
1120,9,7216,801.8
1121,9,7194,799.3
1122,10,7214,721.4
1123,9,7198,799.8
1124,10,7250,725.0
1125,10,7252,725.2
1126,10,7285,728.5
1127,10,7261,726.1
1128,10,7280,728.0
1129,10,7238,723.8
1130,10,7271,727.1
1131,10,7317,731.7
1132,10,7284,728.4
1133,10,7312,731.2
1134,10,7298,729.8
1135,10,7335,733.5
1136,10,7322,732.2
1137,10,7313,731.3
1138,10,7320,732.0
1139,10,7258,725.8
1140,10,7274,727.4
1141,10,7291,729.1
1142,10,7261,726.1
1143,10,7274,727.4
1144,10,7267,726.7
1145,10,7270,727.0
1146,10,7268,726.8
1147,9,7231,803.4
1148,9,7293,810.3
1149,9,7266,807.3
1150,9,7280,808.9
1151,9,7288,809.8
1152,9,7303,811.4
1153,10,7336,733.6
1154,10,7324,732.4
1155,10,7311,731.1
1156,10,7337,733.7
1157,10,7294,729.4
1158,10,7273,727.3
1159,10,7269,726.9
1160,10,7297,729.7
1161,10,7313,731.3
1162,10,7310,731.0
1163,10,7351,735.1
1164,10,7323,732.3
1165,10,7346,734.6
1166,10,7330,733.0
1167,10,7293,729.3
1168,10,7230,723.0
1169,10,7242,724.2
1170,10,7334,733.4
1171,9,7268,807.6
1172,9,7314,812.7
1173,9,7226,802.9
1174,9,7261,806.8
1175,9,7266,807.3
1176,9,7263,807.0
1177,9,7187,798.6
1178,8,7203,900.4
1179,8,7210,901.2
1180,8,7182,897.8
1181,8,7185,898.1
1182,8,7215,901.9
1183,8,7191,898.9
1184,8,7192,899.0
1185,9,7225,802.8
1186,10,7298,729.8
1187,9,7282,809.1
1188,9,7323,813.7
1189,9,7271,807.9
1190,9,7253,805.9
1191,8,7229,903.6
1192,8,7184,898.0
1193,9,7232,803.6
1194,9,7274,808.2
1195,9,7201,800.1
1196,9,7203,800.3
1197,9,7169,796.6
1198,9,7199,799.9
1199,9,7127,791.9
1200,9,7219,802.1
1201,9,7157,795.2
1202,10,7232,723.2
1203,10,7220,722.0
1204,9,7102,789.1
1205,10,7203,720.3
1206,10,7192,719.2
1207,10,7202,720.2
1208,9,7203,800.3
1209,10,7217,721.7
1210,10,7199,719.9
1211,11,7251,659.2
1212,11,7227,657.0
1213,11,7223,656.6
1214,11,7191,653.7
1215,10,7159,715.9
1216,10,7204,720.4
1217,12,7283,606.9
1218,11,7221,656.4
1219,12,7277,606.4
1220,11,7213,655.7
1221,11,7291,662.8
1222,11,7288,662.6
1223,11,7274,661.3
1224,11,7261,660.1
1225,11,7325,665.9
1226,10,7301,730.1
1227,11,7313,664.8
1228,10,7257,725.7
1229,10,7319,731.9
1230,10,7298,729.8
1231,10,7292,729.2
1232,10,7309,730.9
1233,10,7302,730.2
1234,9,7272,808.0
1235,9,7262,806.9
1236,9,7277,808.6
1237,9,7242,804.7
1238,10,7293,729.3
1239,10,7326,732.6
1240,10,7311,731.1
1241,10,7336,733.6
1242,10,7332,733.2
1243,9,7259,806.6
1244,9,7230,803.3
1245,9,7299,811.0
1246,8,7259,907.4
1247,8,7265,908.1
1248,9,7267,807.4
1249,9,7338,815.3
1250,9,7305,811.7
1251,9,7303,811.4
1252,10,7331,733.1
1253,10,7341,734.1
1254,10,7331,733.1
1255,10,7308,730.8
1256,10,7332,733.2
1257,10,7269,726.9
1258,10,7302,730.2
1259,10,7319,731.9
1260,10,7288,728.8
1261,10,7278,727.8
1262,10,7312,731.2
1263,10,7309,730.9
1264,10,7282,728.2
1265,10,7321,732.1
1266,10,7312,731.2
1267,10,7298,729.8
1268,10,7335,733.5
1269,9,7277,808.6
1270,10,7320,732.0
1271,10,7293,729.3
1272,11,7345,667.7
1273,11,7362,669.3
1274,11,7316,665.1
1275,11,7299,663.6
1276,11,7293,663.0
1277,11,7285,662.3
1278,10,7226,722.6
1279,11,7282,662.0
1280,11,7262,660.2
1281,11,7251,659.2
1282,11,7272,661.1
1283,11,7269,660.8
1284,11,7324,665.8
1285,11,7312,664.7
1286,11,7282,662.0
1287,11,7316,665.1
1288,10,7244,724.4
1289,10,7287,728.7
1290,10,7292,729.2
1291,11,7314,664.9
1292,10,7320,732.0
1293,10,7295,729.5
1294,10,7316,731.6
1295,9,7255,806.1
1296,9,7273,808.1
1297,9,7235,803.9
1298,9,7253,805.9
1299,10,7296,729.6
1300,10,7337,733.7
1301,10,7316,731.6
1302,10,7330,733.0
1303,10,7352,735.2
1304,9,7387,820.8
1305,9,7297,810.8
1306,10,7329,732.9
1307,10,7359,735.9
1308,10,7321,732.1
1309,11,7384,671.3
1310,11,7358,668.9
1311,10,7330,733.0
1312,10,7354,735.4
1313,10,7342,734.2
1314,10,7328,732.8
1315,10,7343,734.3
1316,10,7326,732.6
1317,10,7352,735.2
1318,10,7357,735.7
1319,8,7318,914.8
1320,8,7315,914.4
1321,9,7255,806.1
1322,9,7297,810.8
1323,10,7350,735.0
1324,10,7361,736.1
1325,9,7328,814.2
1326,10,7363,736.3
1327,10,7358,735.8
1328,10,7351,735.1
1329,9,7335,815.0
1330,9,7318,813.1
1331,9,7337,815.2
1332,9,7338,815.3
1333,9,7343,815.9
1334,9,7332,814.7
1335,8,7296,912.0
1336,9,7330,814.4
1337,9,7319,813.2
1338,9,7316,812.9
1339,9,7330,814.4
1340,9,7310,812.2
1341,9,7299,811.0
1342,9,7280,808.9
1343,9,7297,810.8
1344,9,7281,809.0
1345,9,7238,804.2
1346,10,7249,724.9
1347,9,7182,798.0
1348,8,7169,896.1
1349,8,7182,897.8
1350,8,7201,900.1
1351,8,7223,902.9
1352,8,7231,903.9
1353,8,7194,899.2
1354,8,7221,902.6
1355,8,7243,905.4
1356,8,7256,907.0
1357,8,7256,907.0
1358,8,7212,901.5
1359,8,7282,910.2
1360,8,7247,905.9
1361,9,7290,810.0
1362,8,7258,907.2
1363,8,7259,907.4
1364,8,7294,911.8
1365,8,7285,910.6
1366,8,7215,901.9
1367,8,7196,899.5
1368,8,7233,904.1
1369,8,7217,902.1
1370,8,7224,903.0
1371,8,7204,900.5
1372,8,7202,900.2
1373,8,7216,902.0
1374,8,7150,893.8
1375,8,7183,897.9
1376,9,7178,797.6
1377,9,7194,799.3
1378,10,7214,721.4
1379,10,7215,721.5
1380,10,7218,721.8
1381,10,7246,724.6
1382,10,7233,723.3
1383,10,7245,724.5
1384,10,7261,726.1
1385,8,7116,889.5
1386,9,7238,804.2
1387,9,7265,807.2
1388,9,7284,809.3
1389,9,7278,808.7
1390,9,7295,810.6
1391,9,7275,808.3
1392,9,7253,805.9
1393,8,7207,900.9
1394,8,7251,906.4
1395,9,7249,805.4
1396,8,7265,908.1
1397,8,7269,908.6
1398,8,7209,901.1
1399,8,7262,907.8
1400,8,7275,909.4
1401,8,7241,905.1
1402,8,7279,909.9
1403,8,7347,918.4
1404,9,7349,816.6
1405,7,7234,1033.4
1406,7,7289,1041.3
1407,8,7325,915.6
1408,8,7296,912.0
1409,7,7267,1038.1
1410,7,7273,1039.0
1411,7,7244,1034.9
1412,7,7293,1041.9
1413,7,7257,1036.7
1414,7,7311,1044.4
1415,7,7343,1049.0
1416,7,7298,1042.6
1417,7,7273,1039.0
1418,8,7348,918.5
1419,7,7273,1039.0
1420,7,7271,1038.7
1421,7,7327,1046.7
1422,7,7313,1044.7
1423,7,7301,1043.0
1424,7,7312,1044.6
1425,7,7260,1037.1
1426,7,7289,1041.3
1427,7,7310,1044.3
1428,7,7314,1044.9
1429,7,7276,1039.4
1430,7,7266,1038.0
1431,7,7271,1038.7
1432,7,7266,1038.0
1433,7,7282,1040.3
1434,7,7263,1037.6
1435,7,7273,1039.0
1436,7,7250,1035.7
1437,7,7279,1039.9
1438,7,7230,1032.9
1439,7,7222,1031.7
1440,7,7238,1034.0
1441,7,7231,1033.0
1442,7,7234,1033.4
1443,8,7227,903.4
1444,7,7185,1026.4
1445,7,7236,1033.7
1446,7,7240,1034.3
1447,7,7269,1038.4
1448,7,7293,1041.9
1449,7,7310,1044.3
1450,7,7309,1044.1
1451,7,7265,1037.9
1452,7,7292,1041.7
1453,7,7295,1042.1
1454,7,7258,1036.9
1455,7,7279,1039.9
1456,7,7266,1038.0
1457,7,7262,1037.4
1458,7,7236,1033.7
1459,7,7242,1034.6
1460,7,7263,1037.6
1461,7,7245,1035.0
1462,7,7290,1041.4
1463,7,7253,1036.1
1464,7,7257,1036.7
1465,7,7276,1039.4
1466,7,7261,1037.3
1467,8,7312,914.0
1468,7,7255,1036.4
1469,7,7299,1042.7
1470,7,7287,1041.0
1471,7,7333,1047.6
1472,7,7328,1046.9
1473,7,7302,1043.1
1474,7,7295,1042.1
1475,7,7312,1044.6
1476,7,7323,1046.1
1477,7,7306,1043.7
1478,7,7299,1042.7
1479,7,7327,1046.7
1480,7,7294,1042.0
1481,7,7334,1047.7
1482,7,7311,1044.4
1483,7,7305,1043.6
1484,7,7279,1039.9
1485,7,7264,1037.7
1486,7,7268,1038.3
1487,7,7274,1039.1
1488,7,7252,1036.0
1489,7,7226,1032.3
1490,7,7213,1030.4
1491,7,7216,1030.9
1492,7,7264,1037.7
1493,7,7250,1035.7
1494,7,7270,1038.6
1495,7,7247,1035.3
1496,7,7213,1030.4
1497,7,7221,1031.6
1498,7,7233,1033.3
1499,7,7203,1029.0
1500,7,7194,1027.7
1501,7,7202,1028.9
1502,7,7184,1026.3
1503,7,7195,1027.9
1504,7,7194,1027.7
1505,7,7207,1029.6
1506,7,7190,1027.1
1507,7,7207,1029.6
1508,7,7218,1031.1
1509,7,7189,1027.0
1510,7,7196,1028.0
1511,7,7202,1028.9
1512,7,7205,1029.3
1513,7,7214,1030.6
1514,7,7236,1033.7
1515,7,7201,1028.7
1516,7,7211,1030.1
1517,7,7197,1028.1
1518,7,7204,1029.1
1519,7,7190,1027.1
1520,7,7246,1035.1
1521,7,7247,1035.3
1522,7,7300,1042.9
1523,7,7306,1043.7
1524,7,7279,1039.9
1525,7,7312,1044.6
1526,7,7308,1044.0
1527,7,7296,1042.3
1528,7,7256,1036.6
1529,7,7253,1036.1
1530,7,7253,1036.1
1531,7,7230,1032.9
1532,7,7216,1030.9
1533,7,7258,1036.9
1534,7,7289,1041.3
1535,7,7283,1040.4
1536,7,7292,1041.7
1537,8,7337,917.1
1538,8,7348,918.5
1539,7,7305,1043.6
1540,7,7323,1046.1
1541,7,7329,1047.0
1542,7,7343,1049.0
1543,7,7325,1046.4
1544,7,7354,1050.6
1545,7,7306,1043.7
1546,7,7276,1039.4
1547,7,7273,1039.0
1548,7,7293,1041.9
1549,7,7225,1032.1
1550,7,7220,1031.4
1551,7,7207,1029.6
1552,7,7223,1031.9
1553,7,7214,1030.6
1554,7,7218,1031.1
1555,7,7242,1034.6
1556,7,7258,1036.9
1557,7,7265,1037.9
1558,7,7278,1039.7
1559,7,7247,1035.3
1560,7,7266,1038.0
1561,7,7229,1032.7
1562,7,7227,1032.4
1563,7,7209,1029.9
1564,7,7187,1026.7
1565,7,7225,1032.1
1566,7,7231,1033.0
1567,7,7244,1034.9
1568,6,7182,1197.0
1569,7,7241,1034.4
1570,7,7245,1035.0
1571,7,7245,1035.0
1572,6,7146,1191.0
1573,7,7205,1029.3
1574,7,7238,1034.0
1575,7,7238,1034.0
1576,7,7189,1027.0
1577,6,7146,1191.0
1578,6,7142,1190.3
1579,6,7190,1198.3
1580,6,7134,1189.0
1581,6,7133,1188.8
1582,6,7144,1190.7
1583,6,7158,1193.0
1584,5,7172,1434.4
1585,5,7133,1426.6
1586,6,7149,1191.5
1587,7,7196,1028.0
1588,7,7203,1029.0
1589,7,7212,1030.3
1590,7,7186,1026.6
1591,6,7230,1205.0
1592,6,7198,1199.7
1593,6,7141,1190.2
1594,6,7108,1184.7
1595,7,7201,1028.7
1596,6,7121,1186.8
1597,6,7147,1191.2
1598,7,7186,1026.6
1599,6,7130,1188.3
1600,6,7089,1181.5
1601,7,7136,1019.4
1602,7,7155,1022.1
1603,7,7199,1028.4
1604,7,7200,1028.6
1605,7,7194,1027.7
1606,7,7167,1023.9
1607,7,7182,1026.0
1608,7,7159,1022.7
1609,7,7155,1022.1
1610,7,7178,1025.4
1611,7,7160,1022.9
1612,7,7163,1023.3
1613,7,7170,1024.3
1614,7,7170,1024.3
1615,7,7153,1021.9
1616,7,7152,1021.7
1617,7,7116,1016.6
1618,7,7112,1016.0
1619,7,7132,1018.9
1620,6,7087,1181.2
1621,7,7135,1019.3
1622,7,7139,1019.9
1623,6,7158,1193.0
1624,7,7133,1019.0
1625,7,7117,1016.7
1626,7,7078,1011.1
1627,7,7102,1014.6
1628,7,7117,1016.7
1629,6,7051,1175.2
1630,7,7114,1016.3
1631,7,7135,1019.3
1632,7,7137,1019.6
1633,7,7121,1017.3
1634,7,7131,1018.7
1635,7,7161,1023.0
1636,7,7137,1019.6
1637,7,7155,1022.1
1638,7,7116,1016.6
1639,7,7117,1016.7
1640,7,7157,1022.4
1641,7,7124,1017.7
1642,8,7174,896.8
1643,7,7157,1022.4
1644,8,7187,898.4
1645,7,7104,1014.9
1646,7,7104,1014.9
1647,8,7164,895.5
1648,8,7206,900.8
1649,8,7199,899.9
1650,8,7227,903.4
1651,8,7200,900.0
1652,7,7144,1020.6
1653,7,7128,1018.3
1654,7,7153,1021.9
1655,7,7189,1027.0
1656,7,7153,1021.9
1657,7,7184,1026.3
1658,7,7186,1026.6
1659,7,7181,1025.9
1660,7,7185,1026.4
1661,7,7160,1022.9
1662,7,7170,1024.3
1663,7,7163,1023.3
1664,7,7176,1025.1
1665,7,7165,1023.6
1666,7,7158,1022.6
1667,7,7119,1017.0
1668,7,7131,1018.7
1669,7,7097,1013.9
1670,7,7127,1018.1
1671,7,7133,1019.0
1672,7,7122,1017.4
1673,7,7128,1018.3
1674,7,7164,1023.4
1675,7,7143,1020.4
1676,7,7148,1021.1
1677,7,7102,1014.6
1678,7,7118,1016.9
1679,7,7124,1017.7
1680,7,7167,1023.9
1681,7,7159,1022.7
1682,7,7139,1019.9
1683,7,7099,1014.1
1684,7,7167,1023.9
1685,7,7157,1022.4
1686,7,7139,1019.9
1687,7,7130,1018.6
1688,7,7135,1019.3
1689,7,7102,1014.6
1690,7,7131,1018.7
1691,7,7189,1027.0
1692,7,7165,1023.6
1693,7,7164,1023.4
1694,7,7138,1019.7
1695,7,7157,1022.4
1696,7,7165,1023.6
1697,7,7179,1025.6
1698,7,7154,1022.0
1699,7,7200,1028.6
1700,7,7142,1020.3
1701,8,7171,896.4
1702,8,7151,893.9
1703,8,7126,890.8
1704,8,7124,890.5
1705,8,7129,891.1
1706,8,7149,893.6
1707,8,7139,892.4
1708,9,7162,795.8
1709,6,7120,1186.7
1710,6,7140,1190.0
1711,8,7149,893.6
1712,8,7134,891.8
1713,8,7146,893.2
1714,8,7137,892.1
1715,7,7084,1012.0
1716,6,7110,1185.0
1717,6,7078,1179.7
1718,8,7143,892.9
1719,7,7088,1012.6
1720,8,7098,887.2
1721,8,7103,887.9
1722,7,7051,1007.3
1723,8,7105,888.1
1724,7,7060,1008.6
1725,8,7127,890.9
1726,8,7104,888.0
1727,8,7099,887.4
1728,8,7080,885.0
1729,7,7098,1014.0
1730,8,7127,890.9
1731,8,7141,892.6
1732,8,7164,895.5
1733,7,7111,1015.9
1734,7,7107,1015.3
1735,7,7069,1009.9
1736,7,7096,1013.7
1737,7,7109,1015.6
1738,8,7159,894.9
1739,8,7119,889.9
1740,7,7118,1016.9
1741,6,7190,1198.3
1742,8,7153,894.1
1743,9,7152,794.7
1744,9,7135,792.8
1745,8,7065,883.1
1746,10,7188,718.8
1747,10,7158,715.8
1748,10,7189,718.9
1749,10,7190,719.0
1750,10,7184,718.4
1751,9,7114,790.4
1752,9,7130,792.2
1753,9,7133,792.6
1754,9,7136,792.9
1755,9,7169,796.6
1756,9,7108,789.8
1757,9,7124,791.6
1758,9,7109,789.9
1759,9,7092,788.0
1760,9,7101,789.0
1761,5,7110,1422.0
1762,9,7131,792.3
1763,9,7111,790.1
1764,9,7080,786.7
1765,6,7083,1180.5
1766,6,7076,1179.3
1767,6,7087,1181.2
1768,8,7056,882.0
1769,8,7091,886.4
1770,8,7075,884.4
1771,8,7072,884.0
1772,8,7069,883.6
1773,6,7117,1186.2
1774,8,7163,895.4
1775,6,7145,1190.8
1776,8,7111,888.9
1777,8,7133,891.6
1778,5,7148,1429.6
1779,6,7167,1194.5
1780,6,7136,1189.3
1781,6,7125,1187.5
1782,6,7178,1196.3
1783,9,7148,794.2
1784,9,7126,791.8
1785,9,7188,798.7
1786,9,7130,792.2
1787,9,7193,799.2
1788,6,7110,1185.0
1789,9,7116,790.7
1790,9,7080,786.7
1791,9,7091,787.9
1792,8,7072,884.0
1793,6,7137,1189.5
1794,7,7078,1011.1
1795,7,7092,1013.1
1796,8,7105,888.1
1797,7,7071,1010.1
1798,7,7115,1016.4
1799,7,7084,1012.0
1800,7,7106,1015.1
1801,7,7118,1016.9
1802,7,7073,1010.4
1803,7,7055,1007.9
1804,8,7128,891.0
1805,6,7083,1180.5
1806,6,7110,1185.0
1807,6,7141,1190.2
1808,6,7054,1175.7
1809,6,7073,1178.8
1810,7,7068,1009.7
1811,7,7087,1012.4
1812,7,7158,1022.6
1813,5,7034,1406.8
1814,7,7093,1013.3
1815,6,7046,1174.3
1816,6,7125,1187.5
1817,6,7074,1179.0
1818,6,7077,1179.5
1819,7,7130,1018.6
1820,7,7149,1021.3
1821,5,7076,1415.2
1822,7,7156,1022.3
1823,7,7161,1023.0
1824,7,7126,1018.0
1825,7,7104,1014.9
1826,7,7122,1017.4
1827,8,7181,897.6
1828,7,7133,1019.0
1829,9,7222,802.4
1830,8,7124,890.5
1831,7,7113,1016.1
1832,8,7167,895.9
1833,8,7152,894.0
1834,8,7166,895.8
1835,7,7144,1020.6
1836,7,7141,1020.1
1837,7,7130,1018.6
1838,7,7117,1016.7
1839,6,7079,1179.8
1840,7,7127,1018.1
1841,6,7097,1182.8
1842,6,7072,1178.7
1843,7,7135,1019.3
1844,7,7036,1005.1
1845,7,7077,1011.0
1846,6,7020,1170.0
1847,8,7106,888.2
1848,5,6995,1399.0
1849,5,6971,1394.2
1850,5,7031,1406.2
1851,5,7069,1413.8
1852,6,7145,1190.8
1853,6,7166,1194.3
1854,5,7126,1425.2
1855,5,7120,1424.0
1856,5,7101,1420.2
1857,6,7109,1184.8
1858,5,7102,1420.4
1859,5,7099,1419.8
1860,5,7094,1418.8
1861,5,7073,1414.6
1862,6,7091,1181.8
1863,6,7095,1182.5
1864,5,7084,1416.8
1865,6,7102,1183.7
1866,6,7096,1182.7
1867,6,7116,1186.0
1868,6,7108,1184.7
1869,6,7097,1182.8
1870,6,7079,1179.8
1871,5,7043,1408.6
1872,5,7046,1409.2
1873,6,7070,1178.3
1874,6,7061,1176.8
1875,6,7100,1183.3
1876,6,7103,1183.8
1877,6,7089,1181.5
1878,6,7087,1181.2
1879,6,7090,1181.7
1880,6,7074,1179.0
1881,6,7059,1176.5
1882,6,7103,1183.8
1883,6,7124,1187.3
1884,6,7094,1182.3
1885,6,7088,1181.3
1886,6,7069,1178.2
1887,6,7084,1180.7
1888,5,7019,1403.8
1889,6,7095,1182.5
1890,6,7081,1180.2
1891,5,7026,1405.2
1892,5,7084,1416.8
1893,5,7039,1407.8
1894,5,7045,1409.0
1895,5,7079,1415.8
1896,5,7101,1420.2
1897,5,7123,1424.6
1898,4,7065,1766.2
1899,4,7084,1771.0
1900,4,7046,1761.5
1901,4,7059,1764.8
1902,4,7068,1767.0
1903,5,7066,1413.2
1904,4,7055,1763.8
1905,4,7070,1767.5
1906,5,7144,1428.8
1907,5,7090,1418.0
1908,5,7111,1422.2
1909,5,7089,1417.8
1910,5,7097,1419.4
1911,5,7089,1417.8
1912,5,7127,1425.4
1913,5,7084,1416.8
1914,5,7132,1426.4
1915,5,7085,1417.0
1916,5,7086,1417.2
1917,5,7099,1419.8
1918,5,7066,1413.2
1919,5,7098,1419.6
1920,5,7080,1416.0
1921,5,7122,1424.4
1922,5,7139,1427.8
1923,5,7127,1425.4
1924,5,7098,1419.6
1925,5,7133,1426.6
1926,5,7160,1432.0
1927,5,7169,1433.8
1928,5,7146,1429.2
1929,5,7139,1427.8
1930,5,7139,1427.8
1931,5,7133,1426.6
1932,5,7122,1424.4
1933,5,7119,1423.8
1934,5,7115,1423.0
1935,5,7104,1420.8
1936,5,7135,1427.0
1937,5,7106,1421.2
1938,5,7149,1429.8
1939,5,7113,1422.6
1940,5,7113,1422.6
1941,4,7068,1767.0
1942,4,7069,1767.2
1943,4,7045,1761.2
1944,3,6980,2326.7
1945,3,7038,2346.0
1946,4,7026,1756.5
1947,3,7056,2352.0
1948,4,7088,1772.0
1949,4,7079,1769.8
1950,4,7125,1781.2
1951,4,7148,1787.0
1952,4,7124,1781.0
1953,4,7131,1782.8
1954,4,7120,1780.0
1955,4,7121,1780.2
1956,4,7116,1779.0
1957,4,7105,1776.2
1958,4,7113,1778.2
1959,3,7035,2345.0
1960,3,7035,2345.0
1961,4,7085,1771.2
1962,4,7086,1771.5
1963,4,7106,1776.5
1964,5,7157,1431.4
1965,5,7158,1431.6
1966,4,7091,1772.8
1967,5,7145,1429.0
1968,4,7091,1772.8
1969,5,7131,1426.2
1970,4,7113,1778.2
1971,4,7109,1777.2
1972,4,7145,1786.2
1973,4,7117,1779.2
1974,4,7120,1780.0
1975,4,7112,1778.0
1976,4,7110,1777.5
1977,4,7145,1786.2
1978,4,7114,1778.5
1979,4,7108,1777.0
1980,4,7112,1778.0
1981,5,7131,1426.2
1982,5,7127,1425.4
1983,4,7110,1777.5
1984,5,7156,1431.2
1985,5,7117,1423.4
1986,5,7139,1427.8
1987,5,7123,1424.6
1988,5,7108,1421.6
1989,4,7042,1760.5
1990,4,7126,1781.5
1991,4,7096,1774.0
1992,4,7063,1765.8
1993,4,7055,1763.8
1994,4,7051,1762.8
1995,4,7038,1759.5
1996,4,7050,1762.5
1997,4,7097,1774.2
1998,4,7113,1778.2
1999,4,7083,1770.8
2000,4,7107,1776.8
2001,4,7122,1780.5
2002,4,7091,1772.8
2003,4,7062,1765.5
2004,4,7074,1768.5
2005,4,7095,1773.8
2006,4,7111,1777.8
2007,4,7074,1768.5
2008,4,7095,1773.8
2009,4,7130,1782.5
2010,4,7110,1777.5
2011,4,7123,1780.8
2012,4,7077,1769.2
2013,4,7080,1770.0
2014,4,7056,1764.0
2015,4,7070,1767.5
2016,5,7131,1426.2
2017,5,7182,1436.4
2018,4,7112,1778.0
2019,4,7093,1773.2
2020,4,7139,1784.8
2021,4,7175,1793.8
2022,4,7185,1796.2
2023,4,7155,1788.8
2024,4,7168,1792.0
2025,4,7139,1784.8
2026,4,7171,1792.8
2027,4,7138,1784.5
2028,4,7155,1788.8
2029,4,7187,1796.8
2030,4,7186,1796.5
2031,4,7177,1794.2
2032,4,7181,1795.2
2033,5,7277,1455.4
2034,5,7270,1454.0
2035,4,7234,1808.5
2036,4,7210,1802.5
2037,4,7212,1803.0
2038,4,7186,1796.5
2039,4,7198,1799.5
2040,4,7213,1803.2
2041,4,7185,1796.2
2042,4,7202,1800.5
2043,4,7246,1811.5
2044,4,7233,1808.2
2045,4,7232,1808.0
2046,4,7222,1805.5
2047,4,7226,1806.5
2048,4,7221,1805.2
2049,4,7222,1805.5
2050,4,7242,1810.5
2051,4,7230,1807.5
2052,4,7220,1805.0
2053,4,7230,1807.5
2054,4,7206,1801.5
2055,4,7208,1802.0
2056,4,7219,1804.8
2057,4,7214,1803.5
2058,4,7239,1809.8
2059,4,7252,1813.0
2060,4,7233,1808.2
2061,4,7231,1807.8
2062,4,7218,1804.5
2063,4,7212,1803.0
2064,4,7200,1800.0
2065,4,7189,1797.2
2066,4,7230,1807.5
2067,4,7230,1807.5
2068,4,7254,1813.5
2069,4,7251,1812.8
2070,4,7237,1809.2
2071,4,7252,1813.0
2072,4,7255,1813.8
2073,4,7273,1818.2
2074,4,7267,1816.8
2075,4,7252,1813.0
2076,4,7264,1816.0
2077,4,7246,1811.5
2078,5,7281,1456.2
2079,4,7232,1808.0
2080,4,7229,1807.2
2081,4,7213,1803.2
2082,4,7201,1800.2
2083,4,7236,1809.0
2084,4,7225,1806.2
2085,5,7245,1449.0
2086,4,7216,1804.0
2087,6,7297,1216.2
2088,6,7294,1215.7
2089,5,7264,1452.8
2090,5,7251,1450.2
2091,5,7227,1445.4
2092,4,7214,1803.5
2093,5,7256,1451.2
2094,5,7250,1450.0
2095,5,7263,1452.6
2096,5,7280,1456.0
2097,5,7258,1451.6
2098,5,7266,1453.2
2099,5,7266,1453.2
2100,5,7274,1454.8
2101,5,7270,1454.0
2102,4,7217,1804.2
2103,4,7229,1807.2
2104,4,7260,1815.0
2105,4,7293,1823.2
2106,4,7298,1824.5
2107,4,7315,1828.8
2108,4,7323,1830.8
2109,4,7274,1818.5
2110,4,7275,1818.8
2111,4,7257,1814.2
2112,4,7302,1825.5
2113,4,7280,1820.0
2114,4,7278,1819.5
2115,4,7245,1811.2
2116,4,7239,1809.8
2117,4,7233,1808.2
2118,4,7248,1812.0
2119,4,7220,1805.0
2120,4,7236,1809.0
2121,4,7226,1806.5
2122,4,7260,1815.0
2123,4,7226,1806.5
2124,5,7228,1445.6
2125,4,7208,1802.0
2126,4,7135,1783.8
2127,3,7097,2365.7
2128,4,7150,1787.5
2129,3,7135,2378.3
2130,4,7212,1803.0
2131,4,7151,1787.8
2132,5,7184,1436.8
2133,5,7201,1440.2
2134,5,7219,1443.8
2135,5,7199,1439.8
2136,5,7191,1438.2
2137,4,7172,1793.0
2138,5,7239,1447.8
2139,5,7241,1448.2
2140,4,7195,1798.8
2141,4,7236,1809.0
2142,4,7199,1799.8
2143,4,7227,1806.8
2144,4,7179,1794.8
2145,5,7238,1447.6
2146,4,7218,1804.5
2147,4,7143,1785.8
2148,4,7178,1794.5
2149,4,7167,1791.8
2150,4,7130,1782.5
2151,4,7205,1801.2
2152,4,7175,1793.8
2153,4,7176,1794.0
2154,4,7162,1790.5
2155,4,7202,1800.5
2156,4,7226,1806.5
2157,4,7207,1801.8
2158,4,7196,1799.0
2159,4,7195,1798.8
2160,4,7188,1797.0
2161,4,7180,1795.0
2162,4,7178,1794.5
2163,4,7214,1803.5
2164,5,7221,1444.2
2165,4,7209,1802.2
2166,4,7152,1788.0
2167,6,7227,1204.5
2168,5,7221,1444.2
2169,5,7235,1447.0
2170,4,7152,1788.0
2171,4,7151,1787.8
2172,5,7192,1438.4
2173,5,7224,1444.8
2174,5,7242,1448.4
2175,5,7255,1451.0
2176,5,7206,1441.2
2177,4,7162,1790.5
2178,4,7189,1797.2
2179,4,7203,1800.8
2180,5,7241,1448.2
2181,5,7240,1448.0
2182,5,7232,1446.4
2183,5,7236,1447.2
2184,5,7243,1448.6
2185,5,7239,1447.8
2186,5,7271,1454.2
2187,5,7259,1451.8
2188,5,7265,1453.0
2189,5,7255,1451.0
2190,5,7235,1447.0
2191,5,7234,1446.8
2192,5,7248,1449.6
2193,5,7236,1447.2
2194,5,7262,1452.4
2195,5,7232,1446.4
2196,5,7234,1446.8
2197,5,7225,1445.0
2198,5,7230,1446.0
2199,5,7222,1444.4
2200,5,7310,1462.0
2201,5,7317,1463.4
2202,5,7303,1460.6
2203,5,7280,1456.0
2204,5,7284,1456.8
2205,5,7275,1455.0
2206,5,7281,1456.2
2207,4,7243,1810.8
2208,4,7263,1815.8
2209,4,7240,1810.0
2210,4,7217,1804.2
2211,5,7286,1457.2
2212,5,7305,1461.0
2213,5,7232,1446.4
2214,5,7249,1449.8
2215,5,7215,1443.0
2216,6,7320,1220.0
2217,5,7188,1437.6
2218,6,7256,1209.3
2219,6,7314,1219.0
2220,6,7278,1213.0
2221,6,7292,1215.3
2222,6,7330,1221.7
2223,5,7281,1456.2
2224,6,7290,1215.0
2225,6,7277,1212.8
2226,6,7243,1207.2
2227,6,7194,1199.0
2228,6,7163,1193.8
2229,8,7298,912.2
2230,7,7217,1031.0
2231,6,7176,1196.0
2232,6,7215,1202.5
2233,5,7146,1429.2
2234,6,7188,1198.0
2235,6,7205,1200.8
2236,5,7179,1435.8
2237,5,7141,1428.2
2238,6,7193,1198.8
2239,7,7284,1040.6
2240,5,7146,1429.2
2241,5,7185,1437.0
2242,6,7264,1210.7
2243,6,7272,1212.0
2244,6,7277,1212.8
2245,6,7268,1211.3
2246,5,7211,1442.2
2247,5,7275,1455.0
2248,5,7281,1456.2
2249,5,7281,1456.2
2250,6,7281,1213.5
2251,5,7202,1440.4
2252,5,7243,1448.6
2253,5,7231,1446.2
2254,5,7238,1447.6
2255,5,7261,1452.2
2256,5,7209,1441.8
2257,5,7237,1447.4
2258,5,7265,1453.0
2259,5,7260,1452.0
2260,5,7223,1444.6
2261,5,7248,1449.6
2262,5,7214,1442.8
2263,5,7211,1442.2
2264,5,7233,1446.6
2265,5,7301,1460.2
2266,5,7287,1457.4
2267,5,7242,1448.4
2268,5,7293,1458.6
2269,5,7244,1448.8
2270,5,7332,1466.4
2271,5,7331,1466.2
2272,5,7303,1460.6
2273,6,7334,1222.3
2274,6,7324,1220.7
2275,6,7338,1223.0
2276,6,7311,1218.5
2277,6,7346,1224.3
2278,6,7341,1223.5
2279,6,7311,1218.5
2280,6,7340,1223.3
2281,6,7321,1220.2
2282,6,7322,1220.3
2283,6,7333,1222.2
2284,5,7285,1457.0
2285,5,7281,1456.2
2286,5,7267,1453.4
2287,6,7304,1217.3
2288,6,7309,1218.2
2289,6,7302,1217.0
2290,6,7290,1215.0
2291,6,7290,1215.0
2292,6,7262,1210.3
2293,7,7303,1043.3
2294,7,7312,1044.6
2295,7,7290,1041.4
2296,7,7301,1043.0
2297,7,7298,1042.6
2298,7,7312,1044.6
2299,7,7300,1042.9
2300,7,7308,1044.0
2301,7,7338,1048.3
2302,7,7341,1048.7
2303,7,7349,1049.9
2304,7,7325,1046.4
2305,7,7330,1047.1
2306,7,7338,1048.3
2307,7,7305,1043.6
2308,7,7319,1045.6
2309,7,7306,1043.7
2310,7,7330,1047.1
2311,6,7256,1209.3
2312,6,7267,1211.2
2313,6,7263,1210.5
2314,7,7362,1051.7
2315,7,7366,1052.3
2316,7,7345,1049.3
2317,7,7353,1050.4
2318,7,7331,1047.3
2319,7,7346,1049.4
2320,7,7323,1046.1
2321,7,7354,1050.6
2322,7,7337,1048.1
2323,7,7340,1048.6
2324,7,7359,1051.3
2325,7,7392,1056.0
2326,5,7280,1456.0
2327,6,7315,1219.2
2328,5,7262,1452.4
2329,5,7278,1455.6
2330,6,7330,1221.7
2331,5,7311,1462.2
2332,6,7380,1230.0
2333,6,7372,1228.7
2334,6,7380,1230.0
2335,5,7375,1475.0
2336,5,7339,1467.8
2337,5,7352,1470.4
2338,5,7364,1472.8
2339,5,7390,1478.0
2340,5,7399,1479.8
2341,5,7408,1481.6
2342,5,7426,1485.2
2343,5,7412,1482.4
2344,5,7400,1480.0
2345,5,7395,1479.0
2346,5,7370,1474.0
2347,5,7389,1477.8
2348,5,7392,1478.4
2349,5,7395,1479.0
2350,5,7388,1477.6
2351,5,7397,1479.4
2352,5,7394,1478.8
2353,5,7429,1485.8
2354,5,7424,1484.8
2355,5,7398,1479.6
2356,5,7399,1479.8
2357,5,7413,1482.6
2358,5,7418,1483.6
2359,5,7441,1488.2
2360,5,7455,1491.0
2361,5,7435,1487.0
2362,5,7445,1489.0
2363,5,7423,1484.6
2364,5,7437,1487.4
2365,5,7378,1475.6
2366,5,7372,1474.4
2367,5,7345,1469.0
2368,5,7343,1468.6
2369,5,7322,1464.4
2370,5,7310,1462.0
2371,6,7327,1221.2
2372,5,7274,1454.8
2373,6,7283,1213.8
2374,6,7329,1221.5
2375,6,7315,1219.2
2376,6,7311,1218.5
2377,6,7291,1215.2
2378,6,7305,1217.5
2379,6,7329,1221.5
2380,6,7340,1223.3
2381,5,7317,1463.4
2382,7,7369,1052.7
2383,6,7323,1220.5
2384,6,7339,1223.2
2385,7,7371,1053.0
2386,6,7337,1222.8
2387,6,7346,1224.3
2388,6,7319,1219.8
2389,6,7337,1222.8
2390,6,7365,1227.5
2391,6,7357,1226.2
2392,6,7379,1229.8
2393,5,7325,1465.0
2394,5,7340,1468.0
2395,5,7336,1467.2
2396,5,7329,1465.8
2397,6,7343,1223.8
2398,5,7321,1464.2
2399,6,7384,1230.7
2400,6,7380,1230.0
2401,6,7401,1233.5
2402,6,7369,1228.2
2403,6,7354,1225.7
2404,6,7344,1224.0
2405,6,7347,1224.5
2406,6,7304,1217.3
2407,6,7366,1227.7
2408,6,7354,1225.7
2409,6,7364,1227.3
2410,6,7325,1220.8
2411,6,7356,1226.0
2412,6,7407,1234.5
2413,6,7367,1227.8
2414,6,7371,1228.5
2415,6,7364,1227.3
2416,6,7392,1232.0
2417,6,7406,1234.3
2418,5,7349,1469.8
2419,5,7341,1468.2
2420,6,7384,1230.7
2421,6,7352,1225.3
2422,7,7408,1058.3
2423,6,7381,1230.2
2424,6,7348,1224.7
2425,5,7323,1464.6
2426,5,7352,1470.4
2427,5,7368,1473.6
2428,5,7374,1474.8
2429,5,7343,1468.6
2430,6,7405,1234.2
2431,6,7414,1235.7
2432,6,7418,1236.3
2433,6,7441,1240.2
2434,6,7431,1238.5
2435,6,7425,1237.5
2436,6,7437,1239.5
2437,6,7459,1243.2
2438,6,7456,1242.7
2439,6,7391,1231.8
2440,6,7418,1236.3
2441,6,7396,1232.7
2442,6,7419,1236.5
2443,6,7365,1227.5
2444,7,7467,1066.7
2445,6,7398,1233.0
2446,6,7391,1231.8
2447,6,7407,1234.5
2448,6,7442,1240.3
2449,6,7398,1233.0
2450,6,7435,1239.2
2451,7,7455,1065.0
2452,7,7445,1063.6
2453,7,7454,1064.9
2454,7,7464,1066.3
2455,7,7445,1063.6
2456,7,7427,1061.0
2457,7,7457,1065.3
2458,7,7422,1060.3
2459,7,7455,1065.0
2460,7,7444,1063.4
2461,7,7447,1063.9
2462,7,7445,1063.6
2463,6,7421,1236.8
2464,7,7446,1063.7
2465,7,7460,1065.7
2466,7,7456,1065.1
2467,7,7464,1066.3
2468,6,7417,1236.2
2469,7,7432,1061.7
2470,7,7457,1065.3
2471,7,7480,1068.6
2472,7,7473,1067.6
2473,7,7437,1062.4
2474,7,7472,1067.4
2475,7,7464,1066.3
2476,7,7470,1067.1
2477,7,7472,1067.4
2478,7,7477,1068.1
2479,7,7465,1066.4
2480,7,7453,1064.7
2481,7,7474,1067.7
2482,7,7465,1066.4
2483,7,7464,1066.3
2484,7,7481,1068.7
2485,7,7454,1064.9
2486,7,7450,1064.3
2487,6,7411,1235.2
2488,6,7445,1240.8
2489,6,7435,1239.2
2490,6,7473,1245.5
2491,5,7382,1476.4
2492,5,7337,1467.4
2493,6,7370,1228.3
2494,6,7443,1240.5
2495,7,7418,1059.7
2496,7,7392,1056.0
2497,7,7407,1058.1
2498,7,7408,1058.3
2499,7,7442,1063.1
2500,7,7436,1062.3
2501,7,7428,1061.1
2502,7,7471,1067.3
2503,6,7452,1242.0
2504,6,7428,1238.0
2505,6,7418,1236.3
2506,6,7423,1237.2
2507,6,7402,1233.7
2508,6,7409,1234.8
2509,6,7418,1236.3
2510,6,7422,1237.0
2511,5,7359,1471.8
2512,5,7374,1474.8
2513,5,7391,1478.2
2514,5,7365,1473.0
2515,5,7385,1477.0
2516,5,7395,1479.0
2517,5,7373,1474.6
2518,5,7411,1482.2
2519,5,7392,1478.4
2520,5,7411,1482.2
2521,5,7430,1486.0
2522,5,7442,1488.4
2523,5,7448,1489.6
2524,5,7463,1492.6
2525,5,7423,1484.6
2526,6,7450,1241.7
2527,6,7434,1239.0
2528,6,7442,1240.3
2529,5,7434,1486.8
2530,5,7414,1482.8
2531,7,7471,1067.3
2532,6,7442,1240.3
2533,6,7416,1236.0
2534,5,7343,1468.6
2535,6,7398,1233.0
2536,7,7422,1060.3
2537,7,7390,1055.7
2538,7,7433,1061.9
2539,7,7403,1057.6
2540,7,7450,1064.3
2541,7,7430,1061.4
2542,7,7426,1060.9
2543,7,7414,1059.1
2544,7,7409,1058.4
2545,7,7411,1058.7
2546,7,7425,1060.7
2547,7,7418,1059.7
2548,6,7348,1224.7
2549,5,7339,1467.8
2550,5,7371,1474.2
2551,5,7370,1474.0
2552,5,7354,1470.8
2553,5,7307,1461.4
2554,6,7393,1232.2
2555,5,7366,1473.2
2556,6,7419,1236.5
2557,6,7412,1235.3
2558,5,7391,1478.2
2559,5,7423,1484.6
2560,5,7416,1483.2
2561,5,7400,1480.0
2562,5,7394,1478.8
2563,5,7404,1480.8
2564,5,7393,1478.6
2565,5,7381,1476.2
2566,5,7372,1474.4
2567,5,7418,1483.6
2568,5,7460,1492.0
2569,5,7450,1490.0
2570,5,7448,1489.6
2571,5,7423,1484.6
2572,5,7404,1480.8
2573,5,7426,1485.2
2574,5,7384,1476.8
2575,5,7380,1476.0
2576,5,7425,1485.0
2577,5,7429,1485.8
2578,5,7440,1488.0
2579,5,7441,1488.2
2580,5,7448,1489.6
2581,5,7418,1483.6
2582,5,7412,1482.4
2583,5,7416,1483.2
2584,5,7426,1485.2
2585,5,7405,1481.0
2586,5,7420,1484.0
2587,5,7418,1483.6
2588,5,7445,1489.0
2589,5,7433,1486.6
2590,5,7406,1481.2
2591,5,7413,1482.6
2592,5,7406,1481.2
2593,5,7391,1478.2
2594,5,7390,1478.0
2595,5,7424,1484.8
2596,5,7413,1482.6
2597,5,7419,1483.8
2598,5,7409,1481.8
2599,5,7398,1479.6
2600,5,7405,1481.0
2601,5,7397,1479.4
2602,5,7377,1475.4
2603,5,7397,1479.4
2604,5,7377,1475.4
2605,5,7406,1481.2
2606,5,7399,1479.8
2607,5,7364,1472.8
2608,5,7368,1473.6
2609,5,7367,1473.4
2610,5,7396,1479.2
2611,5,7355,1471.0
2612,5,7377,1475.4
2613,5,7383,1476.6
2614,5,7404,1480.8
2615,5,7361,1472.2
2616,5,7357,1471.4
2617,5,7359,1471.8
2618,5,7369,1473.8
2619,5,7374,1474.8
2620,5,7327,1465.4
2621,5,7335,1467.0
2622,5,7324,1464.8
2623,5,7289,1457.8
2624,5,7305,1461.0
2625,5,7320,1464.0
2626,5,7352,1470.4
2627,5,7302,1460.4
2628,5,7322,1464.4
2629,5,7302,1460.4
2630,5,7327,1465.4
2631,5,7303,1460.6
2632,5,7363,1472.6
2633,5,7336,1467.2
2634,5,7348,1469.6
2635,5,7350,1470.0
2636,5,7349,1469.8
2637,5,7326,1465.2
2638,5,7359,1471.8
2639,5,7307,1461.4
2640,5,7339,1467.8
2641,5,7305,1461.0
2642,5,7317,1463.4
2643,5,7316,1463.2
2644,5,7333,1466.6
2645,5,7288,1457.6
2646,5,7284,1456.8
2647,5,7319,1463.8
2648,5,7333,1466.6
2649,5,7301,1460.2
2650,5,7274,1454.8
2651,5,7275,1455.0
2652,5,7282,1456.4
2653,5,7293,1458.6
2654,5,7311,1462.2
2655,5,7316,1463.2
2656,5,7319,1463.8
2657,5,7334,1466.8
2658,5,7338,1467.6
2659,5,7324,1464.8
2660,5,7308,1461.6
2661,5,7332,1466.4
2662,5,7342,1468.4
2663,5,7348,1469.6
2664,5,7370,1474.0
2665,5,7345,1469.0
2666,5,7289,1457.8
2667,5,7307,1461.4
2668,5,7314,1462.8
2669,5,7276,1455.2
2670,5,7269,1453.8
2671,5,7290,1458.0
2672,5,7301,1460.2
2673,5,7297,1459.4
2674,5,7290,1458.0
2675,5,7247,1449.4
2676,5,7275,1455.0
2677,5,7261,1452.2
2678,5,7279,1455.8
2679,5,7270,1454.0
2680,5,7258,1451.6
2681,5,7273,1454.6
2682,5,7294,1458.8
2683,5,7312,1462.4
2684,5,7292,1458.4
2685,5,7294,1458.8
2686,5,7263,1452.6
2687,5,7246,1449.2
2688,6,7282,1213.7
2689,6,7283,1213.8
2690,6,7307,1217.8
2691,6,7314,1219.0
2692,6,7296,1216.0
2693,6,7277,1212.8
2694,6,7316,1219.3
2695,6,7307,1217.8
2696,6,7289,1214.8
2697,6,7308,1218.0
2698,6,7290,1215.0
2699,6,7300,1216.7
2700,6,7323,1220.5
2701,6,7331,1221.8
2702,6,7298,1216.3
2703,6,7268,1211.3
2704,5,7264,1452.8
2705,6,7320,1220.0
2706,6,7312,1218.7
2707,6,7269,1211.5
2708,6,7280,1213.3
2709,6,7261,1210.2
2710,5,7233,1446.6
2711,5,7258,1451.6
2712,5,7270,1454.0
2713,5,7272,1454.4
2714,5,7288,1457.6
2715,5,7266,1453.2
2716,5,7259,1451.8
2717,5,7286,1457.2
2718,5,7272,1454.4
2719,5,7285,1457.0
2720,5,7282,1456.4
2721,5,7269,1453.8
2722,5,7276,1455.2
2723,5,7285,1457.0
2724,5,7282,1456.4
2725,5,7273,1454.6
2726,5,7288,1457.6
2727,5,7282,1456.4
2728,5,7260,1452.0
2729,5,7228,1445.6
2730,6,7314,1219.0
2731,6,7323,1220.5
2732,6,7335,1222.5
2733,6,7300,1216.7
2734,6,7282,1213.7
2735,6,7279,1213.2
2736,6,7280,1213.3
2737,6,7259,1209.8
2738,6,7337,1222.8
2739,6,7327,1221.2
2740,6,7345,1224.2
2741,6,7307,1217.8
2742,6,7313,1218.8
2743,6,7331,1221.8
2744,6,7340,1223.3
2745,6,7326,1221.0
2746,6,7330,1221.7
2747,6,7311,1218.5
2748,6,7296,1216.0
2749,6,7337,1222.8
2750,6,7325,1220.8
2751,6,7345,1224.2
2752,6,7320,1220.0
2753,6,7329,1221.5
2754,6,7313,1218.8
2755,6,7317,1219.5
2756,6,7299,1216.5
2757,6,7302,1217.0
2758,6,7249,1208.2
2759,6,7287,1214.5
2760,6,7294,1215.7
2761,6,7288,1214.7
2762,6,7318,1219.7
2763,6,7309,1218.2
2764,6,7258,1209.7
2765,6,7234,1205.7
2766,7,7317,1045.3
2767,6,7276,1212.7
2768,6,7251,1208.5
2769,7,7303,1043.3
2770,7,7336,1048.0
2771,7,7379,1054.1
2772,7,7344,1049.1
2773,7,7345,1049.3
2774,7,7347,1049.6
2775,7,7308,1044.0
2776,6,7292,1215.3
2777,6,7283,1213.8
2778,7,7277,1039.6
2779,7,7311,1044.4
2780,6,7248,1208.0
2781,7,7311,1044.4
2782,7,7308,1044.0
2783,7,7309,1044.1
2784,7,7323,1046.1
2785,7,7307,1043.9
2786,8,7372,921.5
2787,7,7362,1051.7
2788,7,7369,1052.7
2789,7,7349,1049.9
2790,7,7377,1053.9
2791,6,7309,1218.2
2792,7,7358,1051.1
2793,7,7349,1049.9
2794,7,7277,1039.6
2795,7,7336,1048.0
2796,7,7358,1051.1
2797,8,7348,918.5
2798,7,7343,1049.0
2799,8,7369,921.1
2800,7,7329,1047.0
2801,7,7337,1048.1
2802,7,7332,1047.4
2803,8,7351,918.9
2804,8,7372,921.5
2805,8,7372,921.5
2806,8,7372,921.5
2807,7,7357,1051.0
2808,7,7350,1050.0
2809,6,7312,1218.7
2810,7,7377,1053.9
2811,6,7325,1220.8
2812,6,7304,1217.3
2813,7,7353,1050.4
2814,7,7359,1051.3
2815,7,7366,1052.3
2816,6,7323,1220.5
2817,7,7358,1051.1
2818,6,7282,1213.7
2819,6,7351,1225.2
2820,6,7304,1217.3
2821,6,7357,1226.2
2822,6,7387,1231.2
2823,6,7351,1225.2
2824,6,7340,1223.3
2825,6,7298,1216.3
2826,7,7368,1052.6
2827,6,7372,1228.7
2828,6,7352,1225.3
2829,5,7299,1459.8
2830,5,7305,1461.0
2831,5,7303,1460.6
2832,5,7331,1466.2
2833,5,7309,1461.8
2834,5,7337,1467.4
2835,5,7350,1470.0
2836,5,7309,1461.8
2837,5,7315,1463.0
2838,5,7359,1471.8
2839,5,7343,1468.6
2840,6,7378,1229.7
2841,6,7393,1232.2
2842,6,7370,1228.3
2843,6,7376,1229.3
2844,6,7363,1227.2
2845,6,7421,1236.8
2846,6,7388,1231.3
2847,6,7375,1229.2
2848,6,7384,1230.7
2849,6,7367,1227.8
2850,6,7370,1228.3
2851,6,7366,1227.7
2852,6,7390,1231.7
2853,6,7402,1233.7
2854,6,7393,1232.2
2855,6,7395,1232.5
2856,6,7416,1236.0
2857,5,7355,1471.0
2858,5,7355,1471.0
2859,6,7392,1232.0
2860,6,7372,1228.7
2861,6,7399,1233.2
2862,6,7402,1233.7
2863,6,7379,1229.8
2864,6,7394,1232.3
2865,6,7404,1234.0
2866,6,7429,1238.2
2867,6,7405,1234.2
2868,6,7380,1230.0
2869,6,7364,1227.3
2870,6,7400,1233.3
2871,6,7418,1236.3
2872,6,7407,1234.5
2873,6,7406,1234.3
2874,6,7384,1230.7
2875,6,7410,1235.0
2876,6,7434,1239.0
2877,6,7438,1239.7
2878,6,7426,1237.7
2879,6,7409,1234.8
2880,5,7387,1477.4
2881,5,7360,1472.0
2882,6,7403,1233.8
2883,6,7387,1231.2
2884,6,7409,1234.8
2885,6,7365,1227.5
2886,6,7372,1228.7
2887,6,7365,1227.5
2888,6,7399,1233.2
2889,6,7358,1226.3
2890,6,7417,1236.2
2891,6,7444,1240.7
2892,6,7429,1238.2
2893,6,7436,1239.3
2894,6,7436,1239.3
2895,6,7461,1243.5
2896,6,7450,1241.7
2897,6,7419,1236.5
2898,6,7453,1242.2
2899,6,7408,1234.7
2900,6,7465,1244.2
2901,6,7453,1242.2
2902,6,7448,1241.3
2903,6,7441,1240.2
2904,6,7440,1240.0
2905,6,7452,1242.0
2906,6,7441,1240.2
2907,6,7429,1238.2
2908,6,7426,1237.7
2909,6,7428,1238.0
2910,6,7430,1238.3
2911,6,7412,1235.3
2912,6,7420,1236.7
2913,6,7447,1241.2
2914,6,7426,1237.7
2915,7,7425,1060.7
2916,7,7418,1059.7
2917,7,7413,1059.0
2918,6,7364,1227.3
2919,7,7418,1059.7
2920,7,7457,1065.3
2921,7,7426,1060.9
2922,6,7357,1226.2
2923,5,7367,1473.4
2924,5,7341,1468.2
2925,6,7393,1232.2
2926,5,7358,1471.6
2927,5,7361,1472.2
2928,5,7408,1481.6
2929,6,7431,1238.5
2930,6,7404,1234.0
2931,6,7436,1239.3
2932,6,7398,1233.0
2933,5,7348,1469.6
2934,6,7418,1236.3
2935,6,7416,1236.0
2936,6,7426,1237.7
2937,6,7411,1235.2
2938,6,7436,1239.3
2939,6,7415,1235.8
2940,6,7380,1230.0
2941,6,7393,1232.2
2942,6,7382,1230.3
2943,6,7386,1231.0
2944,6,7350,1225.0
2945,6,7380,1230.0
2946,6,7405,1234.2
2947,6,7337,1222.8
2948,6,7376,1229.3
2949,6,7353,1225.5
2950,5,7330,1466.0
2951,5,7357,1471.4
2952,5,7355,1471.0
2953,5,7354,1470.8
2954,5,7318,1463.6
2955,5,7301,1460.2
2956,5,7282,1456.4
2957,6,7326,1221.0
2958,5,7282,1456.4
2959,5,7304,1460.8
2960,6,7306,1217.7
2961,7,7356,1050.9
2962,7,7373,1053.3
2963,6,7304,1217.3
2964,5,7290,1458.0
2965,5,7307,1461.4
2966,5,7327,1465.4
2967,5,7292,1458.4
2968,5,7321,1464.2
2969,5,7325,1465.0
2970,5,7335,1467.0
2971,5,7335,1467.0
2972,5,7351,1470.2
2973,5,7333,1466.6
2974,5,7305,1461.0
2975,5,7297,1459.4
2976,5,7346,1469.2
2977,5,7332,1466.4
2978,5,7323,1464.6
2979,5,7324,1464.8
2980,5,7275,1455.0
2981,5,7306,1461.2
2982,5,7315,1463.0
2983,5,7344,1468.8
2984,5,7272,1454.4
2985,5,7244,1448.8
2986,5,7302,1460.4
2987,5,7310,1462.0
2988,5,7264,1452.8
2989,5,7281,1456.2
2990,5,7263,1452.6
2991,5,7249,1449.8
2992,5,7222,1444.4
2993,6,7269,1211.5
2994,6,7285,1214.2
2995,6,7314,1219.0
2996,6,7301,1216.8
2997,6,7323,1220.5
2998,7,7383,1054.7
2999,7,7364,1052.0
3000,6,7325,1220.8
3001,6,7291,1215.2
3002,6,7299,1216.5
3003,6,7300,1216.7
3004,6,7294,1215.7
3005,6,7309,1218.2
3006,6,7295,1215.8
3007,6,7303,1217.2
3008,6,7302,1217.0
3009,6,7243,1207.2
3010,6,7253,1208.8
3011,6,7293,1215.5
3012,6,7289,1214.8
3013,5,7276,1455.2
3014,5,7248,1449.6
3015,5,7243,1448.6
3016,6,7313,1218.8
3017,6,7327,1221.2
3018,6,7304,1217.3
3019,6,7325,1220.8
3020,6,7305,1217.5
3021,6,7292,1215.3
3022,6,7295,1215.8
3023,6,7310,1218.3
3024,6,7284,1214.0
3025,7,7320,1045.7
3026,7,7344,1049.1
3027,7,7334,1047.7
3028,7,7368,1052.6
3029,7,7326,1046.6
3030,7,7343,1049.0
3031,7,7338,1048.3
3032,7,7346,1049.4
3033,6,7304,1217.3
3034,6,7323,1220.5
3035,6,7293,1215.5
3036,7,7331,1047.3
3037,7,7332,1047.4
3038,6,7300,1216.7
3039,6,7279,1213.2
3040,6,7246,1207.7
3041,6,7260,1210.0
3042,5,7289,1457.8
3043,5,7325,1465.0
3044,5,7320,1464.0
3045,5,7322,1464.4
3046,6,7338,1223.0
3047,6,7355,1225.8
3048,5,7287,1457.4
3049,6,7312,1218.7
3050,6,7361,1226.8
3051,6,7300,1216.7
3052,6,7309,1218.2
3053,6,7320,1220.0
3054,6,7316,1219.3
3055,6,7299,1216.5
3056,7,7325,1046.4
3057,7,7334,1047.7
3058,7,7334,1047.7
3059,7,7356,1050.9
3060,7,7348,1049.7
3061,7,7347,1049.6
3062,7,7353,1050.4
3063,7,7338,1048.3
3064,7,7356,1050.9
3065,7,7343,1049.0
3066,7,7363,1051.9
3067,6,7332,1222.0
3068,7,7386,1055.1
3069,7,7389,1055.6
3070,7,7367,1052.4
3071,7,7365,1052.1
3072,7,7366,1052.3
3073,7,7359,1051.3
3074,6,7333,1222.2
3075,7,7368,1052.6
3076,7,7363,1051.9
3077,7,7370,1052.9
3078,7,7349,1049.9
3079,7,7367,1052.4
3080,6,7256,1209.3
3081,6,7274,1212.3
3082,6,7257,1209.5
3083,7,7309,1044.1
3084,7,7337,1048.1
3085,7,7329,1047.0
3086,7,7295,1042.1
3087,7,7311,1044.4
3088,7,7284,1040.6
3089,7,7306,1043.7
3090,7,7327,1046.7
3091,7,7332,1047.4
3092,7,7354,1050.6
3093,7,7328,1046.9
3094,7,7329,1047.0
3095,7,7309,1044.1
3096,7,7327,1046.7
3097,7,7335,1047.9
3098,7,7326,1046.6
3099,6,7318,1219.7
3100,6,7310,1218.3
3101,6,7302,1217.0
3102,6,7312,1218.7
3103,7,7368,1052.6
3104,7,7376,1053.7
3105,7,7375,1053.6
3106,7,7381,1054.4
3107,6,7327,1221.2
3108,7,7381,1054.4
3109,7,7392,1056.0
3110,7,7391,1055.9
3111,7,7410,1058.6
3112,7,7410,1058.6
3113,7,7392,1056.0
3114,7,7375,1053.6
3115,7,7387,1055.3
3116,7,7400,1057.1
3117,7,7383,1054.7
3118,7,7357,1051.0
3119,7,7359,1051.3
3120,7,7360,1051.4
3121,7,7373,1053.3
3122,7,7372,1053.1
3123,7,7376,1053.7
3124,7,7388,1055.4
3125,7,7398,1056.9
3126,7,7396,1056.6
3127,7,7388,1055.4
3128,6,7349,1224.8
3129,6,7346,1224.3
3130,5,7321,1464.2
3131,5,7337,1467.4
3132,5,7347,1469.4
3133,5,7350,1470.0
3134,5,7370,1474.0
3135,5,7395,1479.0
3136,5,7343,1468.6
3137,5,7367,1473.4
3138,5,7380,1476.0
3139,5,7405,1481.0
3140,5,7403,1480.6
3141,5,7415,1483.0
3142,5,7425,1485.0
3143,5,7398,1479.6
3144,5,7367,1473.4
3145,5,7348,1469.6
3146,5,7365,1473.0
3147,6,7357,1226.2
3148,6,7364,1227.3
3149,5,7323,1464.6
3150,6,7328,1221.3
3151,6,7355,1225.8
3152,7,7378,1054.0
3153,6,7367,1227.8
3154,6,7377,1229.5
3155,6,7371,1228.5
3156,7,7428,1061.1
3157,6,7372,1228.7
3158,7,7435,1062.1
3159,6,7417,1236.2
3160,6,7395,1232.5
3161,6,7364,1227.3
3162,7,7388,1055.4
3163,6,7348,1224.7
3164,6,7355,1225.8
3165,7,7413,1059.0
3166,7,7430,1061.4
3167,7,7402,1057.4
3168,7,7365,1052.1
3169,7,7349,1049.9
3170,7,7368,1052.6
3171,7,7376,1053.7
3172,7,7341,1048.7
3173,7,7341,1048.7
3174,7,7328,1046.9
3175,7,7360,1051.4
3176,7,7360,1051.4
3177,7,7355,1050.7
3178,7,7382,1054.6
3179,7,7349,1049.9
3180,7,7332,1047.4
3181,7,7321,1045.9
3182,7,7321,1045.9
3183,7,7318,1045.4
3184,8,7351,918.9
3185,7,7325,1046.4
3186,8,7348,918.5
3187,8,7348,918.5
3188,8,7360,920.0
3189,7,7315,1045.0
3190,8,7340,917.5
3191,8,7379,922.4
3192,8,7329,916.1
3193,8,7330,916.2
3194,8,7333,916.6
3195,8,7350,918.8
3196,8,7323,915.4
3197,8,7325,915.6
3198,9,7354,817.1
3199,9,7376,819.6
3200,9,7386,820.7
3201,9,7372,819.1
3202,9,7385,820.6
3203,9,7407,823.0
3204,9,7398,822.0
3205,9,7403,822.6
3206,9,7414,823.8
3207,9,7410,823.3
3208,9,7419,824.3
3209,9,7407,823.0
3210,8,7336,917.0
3211,9,7413,823.7
3212,9,7396,821.8
3213,9,7386,820.7
3214,9,7428,825.3
3215,9,7402,822.4
3216,9,7424,824.9
3217,9,7421,824.6
3218,9,7430,825.6
3219,9,7427,825.2
3220,9,7399,822.1
3221,8,7361,920.1
3222,8,7366,920.8
3223,8,7415,926.9
3224,8,7398,924.8
3225,8,7390,923.8
3226,8,7359,919.9
3227,8,7335,916.9
3228,8,7359,919.9
3229,8,7375,921.9
3230,8,7374,921.8
3231,7,7355,1050.7
3232,8,7384,923.0
3233,8,7382,922.8
3234,8,7367,920.9
3235,9,7415,823.9
3236,9,7412,823.6
3237,9,7435,826.1
3238,9,7400,822.2
3239,9,7409,823.2
3240,9,7434,826.0
3241,9,7439,826.6
3242,9,7424,824.9
3243,9,7414,823.8
3244,8,7364,920.5
3245,7,7314,1044.9
3246,6,7311,1218.5
3247,6,7282,1213.7
3248,6,7308,1218.0
3249,7,7387,1055.3
3250,7,7344,1049.1
3251,7,7354,1050.6
3252,8,7416,927.0
3253,7,7371,1053.0
3254,7,7358,1051.1
3255,6,7283,1213.8
3256,6,7362,1227.0
3257,6,7357,1226.2
3258,7,7360,1051.4
3259,7,7384,1054.9
3260,7,7399,1057.0
3261,7,7412,1058.9
3262,7,7377,1053.9
3263,7,7359,1051.3
3264,7,7377,1053.9
3265,7,7396,1056.6
3266,7,7391,1055.9
3267,7,7380,1054.3
3268,8,7419,927.4
3269,8,7404,925.5
3270,8,7428,928.5
3271,8,7440,930.0
3272,8,7444,930.5
3273,8,7436,929.5
3274,8,7436,929.5
3275,8,7417,927.1
3276,8,7423,927.9
3277,8,7425,928.1
3278,8,7411,926.4
3279,8,7418,927.2
3280,8,7422,927.8
3281,8,7395,924.4
3282,8,7431,928.9
3283,8,7417,927.1
3284,8,7405,925.6
3285,8,7417,927.1
3286,8,7417,927.1
3287,8,7408,926.0
3288,8,7405,925.6
3289,8,7418,927.2
3290,8,7432,929.0
3291,8,7408,926.0
3292,8,7376,922.0
3293,8,7381,922.6
3294,8,7365,920.6
3295,8,7380,922.5
3296,8,7398,924.8
3297,8,7388,923.5
3298,8,7390,923.8
3299,8,7399,924.9
3300,8,7410,926.2
3301,8,7438,929.8
3302,8,7432,929.0
3303,8,7412,926.5
3304,8,7450,931.2
3305,8,7434,929.2
3306,8,7415,926.9
3307,8,7400,925.0
3308,8,7356,919.5
3309,8,7375,921.9
3310,8,7384,923.0
3311,8,7370,921.2
3312,8,7391,923.9
3313,8,7427,928.4
3314,8,7427,928.4
3315,8,7428,928.5
3316,8,7440,930.0
3317,8,7420,927.5
3318,8,7411,926.4
3319,8,7463,932.9
3320,8,7418,927.2
3321,7,7418,1059.7
3322,8,7414,926.8
3323,7,7389,1055.6
3324,7,7435,1062.1
3325,7,7371,1053.0
3326,7,7387,1055.3
3327,7,7383,1054.7
3328,7,7304,1043.4
3329,7,7367,1052.4
3330,7,7374,1053.4
3331,7,7341,1048.7
3332,7,7356,1050.9
3333,7,7405,1057.9
3334,7,7351,1050.1
3335,7,7379,1054.1
3336,7,7379,1054.1
3337,7,7359,1051.3
3338,6,7317,1219.5
3339,6,7331,1221.8
3340,7,7378,1054.0
3341,6,7342,1223.7
3342,7,7335,1047.9
3343,6,7324,1220.7
3344,6,7385,1230.8
3345,6,7322,1220.3
3346,6,7356,1226.0
3347,6,7326,1221.0
3348,6,7370,1228.3
3349,6,7390,1231.7
3350,6,7377,1229.5
3351,6,7370,1228.3
3352,6,7384,1230.7
3353,6,7387,1231.2
3354,6,7406,1234.3
3355,6,7390,1231.7
3356,6,7399,1233.2
3357,6,7403,1233.8
3358,6,7377,1229.5
3359,5,7358,1471.6
3360,5,7370,1474.0
3361,6,7377,1229.5
3362,6,7389,1231.5
3363,5,7336,1467.2
3364,7,7421,1060.1
3365,6,7379,1229.8
3366,6,7417,1236.2
3367,6,7416,1236.0
3368,6,7427,1237.8
3369,6,7444,1240.7
3370,6,7431,1238.5
3371,6,7440,1240.0
3372,6,7423,1237.2
3373,6,7451,1241.8
3374,6,7454,1242.3
3375,5,7413,1482.6
3376,6,7451,1241.8
3377,6,7441,1240.2
3378,6,7404,1234.0
3379,6,7420,1236.7
3380,6,7419,1236.5
3381,6,7425,1237.5
3382,6,7442,1240.3
3383,6,7410,1235.0
3384,6,7435,1239.2
3385,6,7443,1240.5
3386,6,7435,1239.2
3387,6,7412,1235.3
3388,7,7426,1060.9
3389,6,7390,1231.7
3390,6,7416,1236.0
3391,6,7418,1236.3
3392,6,7419,1236.5
3393,6,7387,1231.2
3394,6,7389,1231.5
3395,7,7434,1062.0
3396,7,7457,1065.3
3397,7,7479,1068.4
3398,7,7433,1061.9
3399,6,7412,1235.3
3400,6,7437,1239.5
3401,6,7440,1240.0
3402,6,7444,1240.7
3403,6,7465,1244.2
3404,6,7461,1243.5
3405,6,7460,1243.3
3406,6,7473,1245.5
3407,6,7437,1239.5
3408,6,7449,1241.5
3409,6,7446,1241.0
3410,6,7423,1237.2
3411,6,7423,1237.2
3412,6,7435,1239.2
3413,6,7442,1240.3
3414,6,7435,1239.2
3415,7,7481,1068.7
3416,6,7430,1238.3
3417,7,7467,1066.7
3418,7,7492,1070.3
3419,6,7409,1234.8
3420,7,7488,1069.7
3421,7,7480,1068.6
3422,7,7495,1070.7
3423,7,7468,1066.9
3424,7,7450,1064.3
3425,7,7418,1059.7
3426,7,7425,1060.7
3427,7,7440,1062.9
3428,7,7481,1068.7
3429,7,7482,1068.9
3430,7,7488,1069.7
3431,7,7473,1067.6
3432,7,7450,1064.3
3433,7,7474,1067.7
3434,8,7533,941.6
3435,7,7502,1071.7
3436,8,7500,937.5
3437,7,7486,1069.4
3438,7,7493,1070.4
3439,7,7499,1071.3
3440,7,7487,1069.6
3441,7,7455,1065.0
3442,7,7481,1068.7
3443,6,7422,1237.0
3444,7,7500,1071.4
3445,5,7444,1488.8
3446,6,7481,1246.8
3447,5,7432,1486.4
3448,6,7443,1240.5
3449,5,7416,1483.2
3450,5,7460,1492.0
3451,5,7438,1487.6
3452,5,7430,1486.0
3453,5,7427,1485.4
3454,5,7410,1482.0
3455,6,7480,1246.7
3456,6,7466,1244.3
3457,6,7477,1246.2
3458,6,7454,1242.3
3459,6,7419,1236.5
3460,6,7455,1242.5
3461,6,7466,1244.3
3462,6,7459,1243.2
3463,6,7488,1248.0
3464,6,7501,1250.2
3465,6,7480,1246.7
3466,6,7489,1248.2
3467,6,7468,1244.7
3468,6,7491,1248.5
3469,6,7474,1245.7
3470,7,7539,1077.0
3471,6,7497,1249.5
3472,6,7497,1249.5
3473,6,7455,1242.5
3474,6,7426,1237.7
3475,6,7454,1242.3
3476,6,7459,1243.2
3477,6,7461,1243.5
3478,6,7432,1238.7
3479,6,7421,1236.8
3480,6,7453,1242.2
3481,6,7459,1243.2
3482,6,7459,1243.2
3483,6,7456,1242.7
3484,6,7478,1246.3
3485,6,7493,1248.8
3486,6,7458,1243.0
3487,6,7450,1241.7
3488,6,7459,1243.2
3489,6,7447,1241.2
3490,6,7461,1243.5
3491,6,7469,1244.8
3492,6,7426,1237.7
3493,6,7433,1238.8
3494,6,7424,1237.3
3495,6,7416,1236.0
3496,5,7383,1476.6
3497,5,7422,1484.4
3498,5,7443,1488.6
3499,5,7389,1477.8
3500,5,7400,1480.0
3501,6,7443,1240.5
3502,6,7388,1231.3
3503,6,7404,1234.0
3504,6,7443,1240.5
3505,6,7449,1241.5
3506,5,7438,1487.6
3507,5,7409,1481.8
3508,5,7371,1474.2
3509,7,7433,1061.9
3510,7,7435,1062.1
3511,6,7399,1233.2
3512,6,7401,1233.5
3513,6,7434,1239.0
3514,6,7449,1241.5
3515,6,7441,1240.2
3516,7,7487,1069.6
3517,7,7501,1071.6
3518,7,7496,1070.9
3519,7,7490,1070.0
3520,7,7507,1072.4
3521,7,7501,1071.6
3522,7,7519,1074.1
3523,7,7485,1069.3
3524,7,7491,1070.1
3525,7,7500,1071.4
3526,7,7536,1076.6
3527,7,7538,1076.9
3528,7,7525,1075.0
3529,7,7520,1074.3
3530,7,7518,1074.0
3531,7,7486,1069.4
3532,7,7526,1075.1
3533,7,7514,1073.4
3534,7,7515,1073.6
3535,7,7502,1071.7
3536,7,7502,1071.7
3537,7,7516,1073.7
3538,7,7535,1076.4
3539,7,7513,1073.3
3540,7,7497,1071.0
3541,7,7504,1072.0
3542,7,7491,1070.1
3543,7,7501,1071.6
3544,7,7475,1067.9
3545,7,7492,1070.3
3546,7,7497,1071.0
3547,7,7467,1066.7
3548,7,7468,1066.9
3549,7,7445,1063.6
3550,7,7434,1062.0
3551,7,7443,1063.3
3552,7,7430,1061.4
3553,7,7424,1060.6
3554,7,7417,1059.6
3555,7,7450,1064.3
3556,7,7451,1064.4
3557,7,7450,1064.3
3558,7,7451,1064.4
3559,7,7448,1064.0
3560,7,7438,1062.6
3561,7,7448,1064.0
3562,7,7458,1065.4
3563,7,7438,1062.6
3564,7,7472,1067.4
3565,7,7461,1065.9
3566,7,7460,1065.7
3567,7,7461,1065.9
3568,7,7433,1061.9
3569,7,7437,1062.4
3570,7,7462,1066.0
3571,7,7443,1063.3
3572,7,7444,1063.4
3573,7,7442,1063.1
3574,7,7435,1062.1
3575,7,7408,1058.3
3576,7,7441,1063.0
3577,7,7428,1061.1
3578,7,7427,1061.0
3579,7,7408,1058.3
3580,7,7386,1055.1
3581,7,7389,1055.6
3582,7,7374,1053.4
3583,7,7395,1056.4
3584,7,7401,1057.3
3585,7,7429,1061.3
3586,7,7427,1061.0
3587,7,7398,1056.9
3588,7,7402,1057.4
3589,7,7410,1058.6
3590,7,7410,1058.6
3591,7,7406,1058.0
3592,7,7410,1058.6
3593,7,7328,1046.9
3594,7,7383,1054.7
3595,7,7416,1059.4
3596,7,7394,1056.3
3597,7,7405,1057.9
3598,7,7411,1058.7
3599,7,7382,1054.6
3600,7,7368,1052.6
3601,7,7353,1050.4
3602,7,7386,1055.1
3603,7,7375,1053.6
3604,7,7366,1052.3
3605,7,7376,1053.7
3606,7,7405,1057.9
3607,7,7397,1056.7
3608,7,7327,1046.7
3609,7,7356,1050.9
3610,7,7393,1056.1
3611,7,7431,1061.6
3612,7,7401,1057.3
3613,7,7436,1062.3
3614,7,7438,1062.6
3615,7,7430,1061.4
3616,7,7413,1059.0
3617,7,7452,1064.6
3618,7,7451,1064.4
3619,7,7394,1056.3
3620,7,7446,1063.7
3621,7,7407,1058.1
3622,7,7385,1055.0
3623,7,7406,1058.0
3624,7,7409,1058.4
3625,7,7420,1060.0
3626,7,7435,1062.1
3627,7,7433,1061.9
3628,7,7425,1060.7
3629,7,7423,1060.4
3630,6,7408,1234.7
3631,7,7475,1067.9
3632,7,7448,1064.0
3633,7,7450,1064.3
3634,6,7399,1233.2
3635,6,7429,1238.2
3636,6,7408,1234.7
3637,6,7426,1237.7
3638,6,7422,1237.0
3639,6,7422,1237.0
3640,6,7406,1234.3
3641,7,7482,1068.9
3642,6,7414,1235.7
3643,7,7463,1066.1
3644,7,7468,1066.9
3645,7,7455,1065.0
3646,6,7432,1238.7
3647,6,7414,1235.7
3648,6,7411,1235.2
3649,7,7443,1063.3
3650,6,7402,1233.7
3651,7,7446,1063.7
3652,7,7434,1062.0
3653,6,7391,1231.8
3654,5,7333,1466.6
3655,6,7392,1232.0
3656,5,7340,1468.0
3657,5,7347,1469.4
3658,5,7371,1474.2
3659,5,7373,1474.6
3660,5,7371,1474.2
3661,6,7447,1241.2
3662,5,7419,1483.8
3663,5,7404,1480.8
3664,5,7425,1485.0
3665,6,7475,1245.8
3666,6,7428,1238.0
3667,6,7436,1239.3
3668,6,7459,1243.2
3669,6,7463,1243.8
3670,6,7442,1240.3
3671,5,7378,1475.6
3672,5,7363,1472.6
3673,6,7411,1235.2
3674,5,7399,1479.8
3675,6,7423,1237.2
3676,6,7372,1228.7
3677,6,7411,1235.2
3678,6,7404,1234.0
3679,6,7398,1233.0
3680,6,7375,1229.2
3681,6,7377,1229.5
3682,6,7390,1231.7
3683,6,7393,1232.2
3684,6,7372,1228.7
3685,7,7415,1059.3
3686,6,7366,1227.7
3687,6,7384,1230.7
3688,6,7368,1228.0
3689,6,7366,1227.7
3690,5,7320,1464.0
3691,5,7361,1472.2
3692,5,7314,1462.8
3693,5,7285,1457.0
3694,6,7363,1227.2
3695,6,7372,1228.7
3696,5,7319,1463.8
3697,5,7304,1460.8
3698,5,7282,1456.4
3699,5,7314,1462.8
3700,5,7298,1459.6
3701,5,7297,1459.4
3702,5,7330,1466.0
3703,5,7321,1464.2
3704,5,7294,1458.8
3705,5,7315,1463.0
3706,5,7312,1462.4
3707,5,7322,1464.4
3708,5,7294,1458.8
3709,5,7318,1463.6
3710,5,7328,1465.6
3711,5,7319,1463.8
3712,5,7312,1462.4
3713,5,7315,1463.0
3714,5,7324,1464.8
3715,5,7343,1468.6
3716,5,7315,1463.0
3717,5,7351,1470.2
3718,5,7348,1469.6
3719,5,7311,1462.2
3720,5,7296,1459.2
3721,5,7319,1463.8
3722,5,7339,1467.8
3723,5,7315,1463.0
3724,5,7319,1463.8
3725,5,7320,1464.0
3726,5,7309,1461.8
3727,5,7280,1456.0
3728,6,7288,1214.7
3729,6,7261,1210.2
3730,5,7233,1446.6
3731,7,7376,1053.7
3732,6,7303,1217.2
3733,5,7255,1451.0
3734,5,7278,1455.6
3735,5,7273,1454.6
3736,5,7251,1450.2
3737,5,7194,1438.8
3738,5,7212,1442.4
3739,7,7295,1042.1
3740,7,7273,1039.0
3741,7,7278,1039.7
3742,7,7288,1041.1
3743,8,7311,913.9
3744,8,7316,914.5
3745,7,7285,1040.7
3746,7,7259,1037.0
3747,8,7325,915.6
3748,7,7314,1044.9
3749,7,7352,1050.3
3750,8,7373,921.6
3751,8,7372,921.5
3752,7,7332,1047.4
3753,7,7310,1044.3
3754,7,7324,1046.3
3755,8,7379,922.4
3756,7,7322,1046.0
3757,7,7320,1045.7
3758,7,7327,1046.7
3759,7,7345,1049.3
3760,6,7311,1218.5
3761,6,7333,1222.2
3762,6,7356,1226.0
3763,6,7375,1229.2
3764,6,7357,1226.2
3765,6,7351,1225.2
3766,6,7352,1225.3
3767,7,7479,1068.4
3768,7,7467,1066.7
3769,7,7409,1058.4
3770,6,7341,1223.5
3771,6,7346,1224.3
3772,6,7360,1226.7
3773,7,7427,1061.0
3774,6,7394,1232.3
3775,6,7403,1233.8
3776,5,7388,1477.6
3777,5,7395,1479.0
3778,5,7383,1476.6
3779,5,7391,1478.2
3780,5,7399,1479.8
3781,5,7388,1477.6
3782,5,7395,1479.0
3783,5,7414,1482.8
3784,5,7408,1481.6
3785,5,7400,1480.0
3786,5,7422,1484.4
3787,5,7408,1481.6
3788,5,7432,1486.4
3789,5,7410,1482.0
3790,5,7431,1486.2
3791,5,7434,1486.8
3792,5,7407,1481.4
3793,5,7417,1483.4
3794,5,7417,1483.4
3795,5,7440,1488.0
3796,5,7443,1488.6
3797,5,7432,1486.4
3798,5,7438,1487.6
3799,5,7439,1487.8
3800,5,7439,1487.8
3801,5,7415,1483.0
3802,5,7432,1486.4
3803,5,7432,1486.4
3804,5,7457,1491.4
3805,5,7468,1493.6
3806,5,7452,1490.4
3807,5,7443,1488.6
3808,5,7452,1490.4
3809,5,7418,1483.6
3810,5,7446,1489.2
3811,5,7444,1488.8
3812,5,7424,1484.8
3813,5,7433,1486.6
3814,5,7406,1481.2
3815,5,7430,1486.0
3816,5,7416,1483.2
3817,5,7429,1485.8
3818,5,7443,1488.6
3819,5,7426,1485.2
3820,5,7446,1489.2
3821,5,7461,1492.2
3822,5,7427,1485.4
3823,5,7441,1488.2
3824,5,7445,1489.0
3825,5,7470,1494.0
3826,5,7453,1490.6
3827,5,7453,1490.6
3828,5,7465,1493.0
3829,5,7423,1484.6
3830,5,7387,1477.4
3831,5,7378,1475.6
3832,5,7376,1475.2
3833,5,7353,1470.6
3834,5,7397,1479.4
3835,5,7320,1464.0
3836,6,7383,1230.5
3837,6,7420,1236.7
3838,6,7360,1226.7
3839,6,7414,1235.7
3840,5,7401,1480.2
3841,6,7467,1244.5
3842,6,7444,1240.7
3843,6,7466,1244.3
3844,5,7415,1483.0
3845,5,7434,1486.8
3846,5,7423,1484.6
3847,6,7452,1242.0
3848,5,7382,1476.4
3849,6,7448,1241.3
3850,6,7462,1243.7
3851,6,7423,1237.2
3852,6,7465,1244.2
3853,6,7455,1242.5
3854,6,7469,1244.8
3855,5,7396,1479.2
3856,4,7374,1843.5
3857,5,7398,1479.6
3858,4,7364,1841.0
3859,5,7425,1485.0
3860,5,7440,1488.0
3861,4,7401,1850.2
3862,4,7357,1839.2
3863,5,7411,1482.2
3864,5,7412,1482.4
3865,5,7407,1481.4
3866,5,7435,1487.0
3867,4,7417,1854.2
3868,4,7401,1850.2
3869,4,7437,1859.2
3870,4,7462,1865.5
3871,4,7447,1861.8
3872,4,7482,1870.5
3873,4,7434,1858.5
3874,4,7439,1859.8
3875,4,7436,1859.0
3876,5,7482,1496.4
3877,5,7496,1499.2
3878,5,7502,1500.4
3879,5,7528,1505.6
3880,4,7480,1870.0
3881,4,7484,1871.0
3882,4,7490,1872.5
3883,5,7492,1498.4
3884,4,7432,1858.0
3885,4,7453,1863.2
3886,4,7462,1865.5
3887,5,7492,1498.4
3888,5,7482,1496.4
3889,5,7466,1493.2
3890,5,7480,1496.0
3891,4,7425,1856.2
3892,4,7432,1858.0
3893,4,7421,1855.2
3894,4,7445,1861.2
3895,3,7447,2482.3
3896,4,7393,1848.2
3897,4,7463,1865.8
3898,4,7447,1861.8
3899,4,7430,1857.5
3900,4,7428,1857.0
3901,4,7427,1856.8
3902,4,7437,1859.2
3903,4,7436,1859.0
3904,4,7477,1869.2
3905,4,7482,1870.5
3906,4,7493,1873.2
3907,4,7465,1866.2
3908,4,7452,1863.0
3909,4,7441,1860.2
3910,4,7437,1859.2
3911,4,7414,1853.5
3912,4,7402,1850.5
3913,4,7428,1857.0
3914,4,7430,1857.5
3915,4,7444,1861.0
3916,4,7432,1858.0
3917,4,7462,1865.5
3918,4,7434,1858.5
3919,4,7454,1863.5
3920,4,7463,1865.8
3921,4,7423,1855.8
3922,4,7417,1854.2
3923,4,7386,1846.5
3924,4,7414,1853.5
3925,4,7416,1854.0
3926,4,7421,1855.2
3927,4,7403,1850.8
3928,4,7403,1850.8
3929,4,7422,1855.5
3930,5,7451,1490.2
3931,5,7477,1495.4
3932,5,7490,1498.0
3933,6,7514,1252.3
3934,6,7499,1249.8
3935,4,7420,1855.0
3936,6,7481,1246.8
3937,6,7495,1249.2
3938,6,7471,1245.2
3939,6,7469,1244.8
3940,6,7506,1251.0
3941,5,7441,1488.2
3942,5,7449,1489.8
3943,5,7464,1492.8
3944,5,7473,1494.6
3945,5,7425,1485.0
3946,5,7451,1490.2
3947,6,7497,1249.5
3948,6,7504,1250.7
3949,6,7526,1254.3
3950,7,7520,1074.3
3951,6,7464,1244.0
3952,6,7483,1247.2
3953,6,7442,1240.3
3954,5,7370,1474.0
3955,6,7504,1250.7
3956,6,7503,1250.5
3957,6,7509,1251.5
3958,4,7414,1853.5
3959,4,7435,1858.8
3960,4,7422,1855.5
3961,4,7427,1856.8
3962,4,7437,1859.2
3963,4,7419,1854.8
3964,4,7394,1848.5
3965,4,7397,1849.2
3966,5,7433,1486.6
3967,5,7464,1492.8
3968,5,7454,1490.8
3969,6,7470,1245.0
3970,5,7439,1487.8
3971,5,7435,1487.0
3972,5,7436,1487.2
3973,5,7437,1487.4
3974,5,7448,1489.6
3975,5,7444,1488.8
3976,5,7429,1485.8
3977,6,7456,1242.7
3978,6,7457,1242.8
3979,6,7451,1241.8
3980,5,7432,1486.4
3981,5,7447,1489.4
3982,5,7461,1492.2
3983,5,7465,1493.0
3984,5,7439,1487.8
3985,6,7503,1250.5
3986,6,7478,1246.3
3987,6,7487,1247.8
3988,6,7467,1244.5
3989,6,7463,1243.8
3990,6,7483,1247.2
3991,6,7474,1245.7
3992,6,7493,1248.8
3993,6,7482,1247.0
3994,6,7472,1245.3
3995,6,7476,1246.0
3996,7,7486,1069.4
3997,6,7436,1239.3
3998,7,7485,1069.3
3999,7,7497,1071.0
4000,7,7518,1074.0
4001,7,7517,1073.9
4002,7,7469,1067.0
4003,7,7500,1071.4
4004,7,7476,1068.0
4005,7,7479,1068.4
4006,7,7514,1073.4
4007,7,7497,1071.0
4008,7,7479,1068.4
4009,7,7515,1073.6
4010,7,7494,1070.6
4011,7,7508,1072.6
4012,7,7503,1071.9
4013,7,7516,1073.7
4014,7,7543,1077.6
4015,7,7534,1076.3
4016,7,7509,1072.7
4017,7,7510,1072.9
4018,7,7509,1072.7
4019,7,7500,1071.4
4020,6,7446,1241.0
4021,7,7492,1070.3
4022,7,7498,1071.1
4023,7,7475,1067.9
4024,7,7476,1068.0
4025,7,7475,1067.9
4026,7,7479,1068.4
4027,7,7513,1073.3
4028,7,7507,1072.4
4029,7,7511,1073.0
4030,7,7525,1075.0
4031,7,7521,1074.4
4032,7,7547,1078.1
4033,7,7532,1076.0
4034,7,7541,1077.3
4035,7,7509,1072.7
4036,7,7513,1073.3
4037,7,7515,1073.6
4038,7,7518,1074.0
4039,7,7512,1073.1
4040,7,7524,1074.9
4041,7,7525,1075.0
4042,7,7533,1076.1
4043,7,7521,1074.4
4044,7,7546,1078.0
4045,7,7564,1080.6
4046,7,7546,1078.0
4047,7,7563,1080.4
4048,7,7542,1077.4
4049,7,7548,1078.3
4050,7,7534,1076.3
4051,7,7539,1077.0
4052,7,7544,1077.7
4053,7,7542,1077.4
4054,7,7561,1080.1
4055,7,7574,1082.0
4056,7,7553,1079.0
4057,7,7545,1077.9
4058,7,7542,1077.4
4059,7,7542,1077.4
4060,7,7541,1077.3
4061,7,7545,1077.9
4062,7,7526,1075.1
4063,7,7500,1071.4
4064,7,7553,1079.0
4065,7,7581,1083.0
4066,7,7552,1078.9
4067,7,7550,1078.6
4068,7,7518,1074.0
4069,7,7536,1076.6
4070,7,7518,1074.0
4071,7,7515,1073.6
4072,7,7518,1074.0
4073,7,7515,1073.6
4074,7,7512,1073.1
4075,7,7532,1076.0
4076,7,7494,1070.6
4077,7,7516,1073.7
4078,7,7513,1073.3
4079,7,7492,1070.3
4080,7,7511,1073.0
4081,7,7495,1070.7
4082,7,7496,1070.9
4083,7,7461,1065.9
4084,7,7492,1070.3
4085,7,7444,1063.4
4086,7,7458,1065.4
4087,7,7467,1066.7
4088,7,7458,1065.4
4089,7,7469,1067.0
4090,7,7476,1068.0
4091,7,7472,1067.4
4092,7,7474,1067.7
4093,7,7465,1066.4
4094,7,7468,1066.9
4095,7,7449,1064.1
4096,7,7444,1063.4
4097,7,7443,1063.3
4098,7,7433,1061.9
4099,7,7446,1063.7
4100,7,7450,1064.3
4101,6,7393,1232.2
4102,7,7460,1065.7
4103,7,7483,1069.0
4104,7,7463,1066.1
4105,7,7488,1069.7
4106,7,7485,1069.3
4107,6,7465,1244.2
4108,6,7504,1250.7
4109,7,7480,1068.6
4110,7,7449,1064.1
4111,6,7414,1235.7
4112,7,7493,1070.4
4113,6,7455,1242.5
4114,6,7455,1242.5
4115,6,7419,1236.5
4116,6,7424,1237.3
4117,6,7498,1249.7
4118,6,7459,1243.2
4119,6,7448,1241.3
4120,6,7470,1245.0
4121,6,7465,1244.2
4122,5,7480,1496.0
4123,6,7472,1245.3
4124,6,7452,1242.0
4125,6,7491,1248.5
4126,6,7428,1238.0
4127,6,7433,1238.8
4128,6,7407,1234.5
4129,7,7449,1064.1
4130,7,7509,1072.7
4131,7,7499,1071.3
4132,7,7485,1069.3
4133,6,7472,1245.3
4134,6,7470,1245.0
4135,6,7467,1244.5
4136,6,7486,1247.7
4137,6,7531,1255.2
4138,6,7528,1254.7
4139,6,7504,1250.7
4140,6,7526,1254.3
4141,6,7546,1257.7
4142,6,7516,1252.7
4143,6,7549,1258.2
4144,6,7538,1256.3
4145,6,7525,1254.2
4146,6,7546,1257.7
4147,6,7551,1258.5
4148,6,7528,1254.7
4149,6,7525,1254.2
4150,6,7544,1257.3
4151,5,7503,1500.6
4152,5,7531,1506.2
4153,5,7525,1505.0
4154,5,7523,1504.6
4155,5,7500,1500.0
4156,6,7503,1250.5
4157,6,7512,1252.0
4158,5,7537,1507.4
4159,5,7555,1511.0
4160,6,7555,1259.2
4161,6,7549,1258.2
4162,6,7563,1260.5
4163,6,7560,1260.0
4164,5,7570,1514.0
4165,6,7555,1259.2
4166,6,7509,1251.5
4167,6,7538,1256.3
4168,5,7530,1506.0
4169,5,7523,1504.6
4170,5,7529,1505.8
4171,5,7521,1504.2
4172,4,7473,1868.2
4173,5,7516,1503.2
4174,5,7527,1505.4
4175,5,7555,1511.0
4176,5,7567,1513.4
4177,5,7595,1519.0
4178,5,7578,1515.6
4179,5,7580,1516.0
4180,5,7576,1515.2
4181,5,7605,1521.0
4182,5,7591,1518.2
4183,5,7592,1518.4
4184,5,7609,1521.8
4185,5,7588,1517.6
4186,5,7591,1518.2
4187,5,7577,1515.4
4188,5,7555,1511.0
4189,4,7494,1873.5
4190,4,7519,1879.8
4191,4,7526,1881.5
4192,5,7558,1511.6
4193,4,7524,1881.0
4194,4,7515,1878.8
4195,5,7551,1510.2
4196,5,7531,1506.2
4197,5,7547,1509.4
4198,5,7509,1501.8
4199,5,7495,1499.0
4200,5,7530,1506.0
4201,5,7519,1503.8
4202,5,7516,1503.2
4203,5,7526,1505.2
4204,5,7515,1503.0
4205,5,7512,1502.4
4206,5,7476,1495.2
4207,5,7469,1493.8
4208,6,7491,1248.5
4209,5,7449,1489.8
4210,5,7443,1488.6
4211,5,7445,1489.0
4212,5,7434,1486.8
4213,5,7448,1489.6
4214,5,7467,1493.4
4215,5,7491,1498.2
4216,5,7452,1490.4
4217,5,7469,1493.8
4218,5,7510,1502.0
4219,5,7474,1494.8
4220,5,7464,1492.8
4221,5,7487,1497.4
4222,5,7480,1496.0
4223,5,7479,1495.8
4224,5,7487,1497.4
4225,5,7485,1497.0
4226,5,7423,1484.6
4227,5,7424,1484.8
4228,5,7427,1485.4
4229,5,7437,1487.4
4230,5,7395,1479.0
4231,5,7372,1474.4
4232,5,7392,1478.4
4233,7,7426,1060.9
4234,6,7392,1232.0
4235,7,7403,1057.6
4236,8,7464,933.0
4237,9,7488,832.0
4238,8,7438,929.8
4239,8,7461,932.6
4240,8,7452,931.5
4241,8,7503,937.9
4242,8,7523,940.4
4243,7,7443,1063.3
4244,7,7508,1072.6
4245,6,7462,1243.7
4246,7,7516,1073.7
4247,6,7493,1248.8
4248,7,7516,1073.7
4249,6,7456,1242.7
4250,6,7416,1236.0
4251,6,7422,1237.0
4252,6,7482,1247.0
4253,6,7435,1239.2
4254,6,7411,1235.2
4255,6,7413,1235.5
4256,6,7408,1234.7
4257,6,7420,1236.7
4258,6,7456,1242.7
4259,6,7471,1245.2
4260,7,7445,1063.6
4261,7,7426,1060.9
4262,6,7451,1241.8
4263,5,7410,1482.0
4264,5,7385,1477.0
4265,5,7419,1483.8
4266,5,7382,1476.4
4267,5,7374,1474.8
4268,5,7400,1480.0
4269,5,7397,1479.4
4270,5,7423,1484.6
4271,5,7435,1487.0
4272,5,7451,1490.2
4273,5,7414,1482.8
4274,5,7434,1486.8
4275,5,7443,1488.6
4276,5,7457,1491.4
4277,5,7427,1485.4
4278,5,7433,1486.6
4279,5,7393,1478.6
4280,5,7378,1475.6
4281,5,7394,1478.8
4282,6,7429,1238.2
4283,5,7392,1478.4
4284,6,7398,1233.0
4285,7,7404,1057.7
4286,6,7380,1230.0
4287,5,7323,1464.6
4288,5,7321,1464.2
4289,5,7329,1465.8
4290,5,7314,1462.8
4291,5,7341,1468.2
4292,7,7397,1056.7
4293,5,7314,1462.8
4294,6,7361,1226.8
4295,6,7372,1228.7
4296,6,7371,1228.5
4297,6,7382,1230.3
4298,6,7395,1232.5
4299,6,7406,1234.3
4300,6,7386,1231.0
4301,6,7411,1235.2
4302,4,7318,1829.5
4303,5,7349,1469.8
4304,6,7415,1235.8
4305,6,7413,1235.5
4306,6,7396,1232.7
4307,5,7370,1474.0
4308,6,7440,1240.0
4309,4,7315,1828.8
4310,5,7380,1476.0
4311,5,7379,1475.8
4312,4,7309,1827.2
4313,5,7378,1475.6
4314,4,7362,1840.5
4315,5,7357,1471.4
4316,4,7342,1835.5
4317,5,7376,1475.2
4318,5,7381,1476.2
4319,5,7368,1473.6
4320,5,7372,1474.4
4321,5,7363,1472.6
4322,4,7342,1835.5
4323,4,7342,1835.5
4324,5,7387,1477.4
4325,6,7439,1239.8
4326,5,7392,1478.4
4327,5,7401,1480.2
4328,5,7420,1484.0
4329,5,7426,1485.2
4330,5,7430,1486.0
4331,5,7416,1483.2
4332,5,7372,1474.4
4333,4,7351,1837.8
4334,4,7349,1837.2
4335,4,7383,1845.8
4336,4,7413,1853.2
4337,4,7398,1849.5
4338,4,7367,1841.8
4339,4,7353,1838.2
4340,5,7441,1488.2
4341,5,7382,1476.4
4342,5,7422,1484.4
4343,5,7408,1481.6
4344,5,7435,1487.0
4345,5,7436,1487.2
4346,5,7432,1486.4
4347,6,7482,1247.0
4348,5,7428,1485.6
4349,5,7469,1493.8
4350,5,7461,1492.2
4351,5,7458,1491.6
4352,5,7470,1494.0
4353,5,7460,1492.0
4354,5,7480,1496.0
4355,5,7481,1496.2
4356,5,7475,1495.0
4357,5,7483,1496.6
4358,5,7457,1491.4
4359,5,7446,1489.2
4360,5,7457,1491.4
4361,5,7452,1490.4
4362,5,7453,1490.6
4363,5,7451,1490.2
4364,5,7432,1486.4
4365,5,7429,1485.8
4366,5,7423,1484.6
4367,5,7470,1494.0
4368,5,7459,1491.8
4369,5,7465,1493.0
4370,5,7470,1494.0
4371,5,7474,1494.8
4372,5,7466,1493.2
4373,5,7432,1486.4
4374,5,7422,1484.4
4375,5,7420,1484.0
4376,5,7406,1481.2
4377,5,7411,1482.2
4378,5,7436,1487.2
4379,5,7454,1490.8
4380,5,7446,1489.2
4381,5,7455,1491.0
4382,5,7406,1481.2
4383,6,7417,1236.2
4384,6,7419,1236.5
4385,6,7428,1238.0
4386,6,7427,1237.8
4387,6,7436,1239.3
4388,5,7412,1482.4
4389,6,7463,1243.8
4390,5,7405,1481.0
4391,5,7439,1487.8
4392,5,7480,1496.0
4393,5,7455,1491.0
4394,5,7423,1484.6
4395,5,7472,1494.4
4396,4,7414,1853.5
4397,4,7415,1853.8
4398,4,7417,1854.2
4399,4,7426,1856.5
4400,4,7403,1850.8
4401,4,7400,1850.0
4402,5,7447,1489.4
4403,5,7472,1494.4
4404,5,7447,1489.4
4405,5,7411,1482.2
4406,5,7452,1490.4
4407,5,7437,1487.4
4408,5,7421,1484.2
4409,4,7468,1867.0
4410,5,7484,1496.8
4411,5,7503,1500.6
4412,5,7514,1502.8
4413,5,7516,1503.2
4414,5,7517,1503.4
4415,5,7507,1501.4
4416,5,7487,1497.4
4417,5,7484,1496.8
4418,5,7504,1500.8
4419,5,7428,1485.6
4420,6,7487,1247.8
4421,6,7453,1242.2
4422,5,7446,1489.2
4423,5,7394,1478.8
4424,6,7468,1244.7
4425,7,7530,1075.7
4426,7,7500,1071.4
4427,6,7463,1243.8
4428,6,7476,1246.0
4429,6,7485,1247.5
4430,5,7459,1491.8
4431,5,7446,1489.2
4432,5,7439,1487.8
4433,5,7446,1489.2
4434,5,7439,1487.8
4435,5,7422,1484.4
4436,6,7467,1244.5
4437,7,7497,1071.0
4438,7,7510,1072.9
4439,6,7484,1247.3
4440,5,7433,1486.6
4441,5,7457,1491.4
4442,5,7476,1495.2
4443,5,7474,1494.8
4444,5,7485,1497.0
4445,5,7461,1492.2
4446,5,7433,1486.6
4447,5,7426,1485.2
4448,6,7478,1246.3
4449,6,7466,1244.3
4450,6,7464,1244.0
4451,6,7462,1243.7
4452,6,7457,1242.8
4453,6,7440,1240.0
4454,6,7440,1240.0
4455,5,7427,1485.4
4456,6,7412,1235.3
4457,5,7382,1476.4
4458,5,7387,1477.4
4459,6,7411,1235.2
4460,6,7408,1234.7
4461,5,7382,1476.4
4462,5,7369,1473.8
4463,5,7399,1479.8
4464,5,7417,1483.4
4465,5,7432,1486.4
4466,5,7396,1479.2
4467,5,7432,1486.4
4468,5,7426,1485.2
4469,5,7408,1481.6
4470,5,7435,1487.0
4471,5,7430,1486.0
4472,5,7440,1488.0
4473,5,7428,1485.6
4474,5,7425,1485.0
4475,5,7441,1488.2
4476,4,7370,1842.5
4477,5,7439,1487.8
4478,5,7418,1483.6
4479,6,7464,1244.0
4480,6,7474,1245.7
4481,5,7414,1482.8
4482,5,7416,1483.2
4483,6,7446,1241.0
4484,5,7419,1483.8
4485,5,7420,1484.0
4486,5,7422,1484.4
4487,5,7397,1479.4
4488,5,7382,1476.4
4489,6,7449,1241.5
4490,6,7452,1242.0
4491,5,7426,1485.2
4492,5,7395,1479.0
4493,5,7398,1479.6
4494,5,7412,1482.4
4495,4,7382,1845.5
4496,4,7353,1838.2
4497,4,7362,1840.5
4498,4,7372,1843.0
4499,5,7404,1480.8
4500,5,7391,1478.2
4501,5,7419,1483.8
4502,5,7397,1479.4
4503,4,7394,1848.5
4504,4,7338,1834.5
4505,4,7340,1835.0
4506,4,7299,1824.8
4507,5,7410,1482.0
4508,5,7387,1477.4
4509,5,7442,1488.4
4510,5,7430,1486.0
4511,5,7410,1482.0
4512,5,7430,1486.0
4513,5,7386,1477.2
4514,5,7431,1486.2
4515,5,7382,1476.4
4516,5,7392,1478.4
4517,5,7405,1481.0
4518,5,7399,1479.8
4519,5,7382,1476.4
4520,5,7412,1482.4
4521,5,7381,1476.2
4522,5,7386,1477.2
4523,4,7322,1830.5
4524,5,7386,1477.2
4525,4,7362,1840.5
4526,5,7396,1479.2
4527,4,7359,1839.8
4528,5,7400,1480.0
4529,5,7397,1479.4
4530,5,7414,1482.8
4531,5,7430,1486.0
4532,5,7444,1488.8
4533,5,7432,1486.4
4534,5,7416,1483.2
4535,4,7378,1844.5
4536,4,7371,1842.8
4537,4,7378,1844.5
4538,4,7339,1834.8
4539,4,7393,1848.2
4540,4,7368,1842.0
4541,4,7373,1843.2
4542,4,7337,1834.2
4543,4,7361,1840.2
4544,4,7363,1840.8
4545,4,7361,1840.2
4546,4,7339,1834.8
4547,4,7372,1843.0
4548,4,7401,1850.2
4549,4,7385,1846.2
4550,4,7361,1840.2
4551,4,7361,1840.2
4552,4,7373,1843.2
4553,4,7371,1842.8
4554,3,7283,2427.7
4555,4,7355,1838.8
4556,4,7379,1844.8
4557,4,7366,1841.5
4558,3,7285,2428.3
4559,4,7383,1845.8
4560,3,7306,2435.3
4561,3,7291,2430.3
4562,3,7320,2440.0
4563,4,7341,1835.2
4564,4,7380,1845.0
4565,4,7383,1845.8
4566,4,7403,1850.8
4567,3,7370,2456.7
4568,4,7423,1855.8
4569,4,7422,1855.5
4570,5,7419,1483.8
4571,4,7363,1840.8
4572,4,7360,1840.0
4573,3,7311,2437.0
4574,4,7399,1849.8
4575,3,7329,2443.0
4576,3,7392,2464.0
4577,3,7414,2471.3
4578,3,7394,2464.7
4579,3,7397,2465.7
4580,3,7405,2468.3
4581,3,7405,2468.3
4582,3,7381,2460.3
4583,3,7367,2455.7
4584,3,7370,2456.7
4585,3,7323,2441.0
4586,2,7282,3641.0
4587,4,7405,1851.2
4588,3,7355,2451.7
4589,4,7406,1851.5
4590,4,7386,1846.5
4591,4,7414,1853.5
4592,4,7409,1852.2
4593,4,7406,1851.5
4594,3,7387,2462.3
4595,3,7401,2467.0
4596,3,7385,2461.7
4597,3,7372,2457.3
4598,3,7373,2457.7
4599,3,7405,2468.3
4600,3,7406,2468.7
4601,3,7411,2470.3
4602,3,7406,2468.7
4603,3,7404,2468.0
4604,3,7420,2473.3
4605,3,7395,2465.0
4606,3,7420,2473.3
4607,3,7425,2475.0
4608,3,7414,2471.3
4609,3,7420,2473.3
4610,3,7416,2472.0
4611,2,7376,3688.0
4612,3,7396,2465.3
4613,2,7352,3676.0
4614,2,7382,3691.0
4615,3,7384,2461.3
4616,2,7358,3679.0
4617,2,7343,3671.5
4618,2,7396,3698.0
4619,2,7395,3697.5
4620,2,7374,3687.0
4621,2,7382,3691.0
4622,2,7391,3695.5
4623,2,7413,3706.5
4624,2,7405,3702.5
4625,2,7407,3703.5
4626,2,7391,3695.5
4627,2,7398,3699.0
4628,3,7441,2480.3
4629,3,7424,2474.7
4630,2,7364,3682.0
4631,2,7366,3683.0
4632,2,7370,3685.0
4633,2,7351,3675.5
4634,2,7394,3697.0
4635,2,7424,3712.0
4636,2,7395,3697.5
4637,2,7411,3705.5
4638,2,7411,3705.5
4639,2,7418,3709.0
4640,2,7429,3714.5
4641,2,7401,3700.5
4642,2,7413,3706.5
4643,2,7437,3718.5
4644,2,7398,3699.0
4645,2,7397,3698.5
4646,2,7397,3698.5
4647,2,7406,3703.0
4648,2,7414,3707.0
4649,2,7410,3705.0
4650,2,7415,3707.5
4651,2,7401,3700.5
4652,2,7383,3691.5
4653,2,7383,3691.5
4654,2,7379,3689.5
4655,2,7396,3698.0
4656,2,7409,3704.5
4657,2,7393,3696.5
4658,2,7398,3699.0
4659,2,7372,3686.0
4660,2,7390,3695.0
4661,2,7389,3694.5
4662,2,7413,3706.5
4663,2,7400,3700.0
4664,2,7379,3689.5
4665,2,7381,3690.5
4666,2,7387,3693.5
4667,2,7396,3698.0
4668,2,7378,3689.0
4669,2,7372,3686.0
4670,2,7386,3693.0
4671,2,7369,3684.5
4672,2,7384,3692.0
4673,2,7378,3689.0
4674,2,7384,3692.0
4675,2,7364,3682.0
4676,2,7369,3684.5
4677,2,7409,3704.5
4678,2,7368,3684.0
4679,2,7380,3690.0
4680,2,7365,3682.5
4681,2,7394,3697.0
4682,2,7427,3713.5
4683,2,7388,3694.0
4684,2,7356,3678.0
4685,2,7366,3683.0
4686,2,7393,3696.5
4687,2,7372,3686.0
4688,2,7374,3687.0
4689,2,7359,3679.5
4690,2,7360,3680.0
4691,2,7370,3685.0
4692,2,7354,3677.0
4693,2,7358,3679.0
4694,2,7362,3681.0
4695,2,7373,3686.5
4696,2,7362,3681.0
4697,2,7320,3660.0
4698,2,7301,3650.5
4699,2,7306,3653.0
4700,2,7343,3671.5
4701,2,7327,3663.5
4702,2,7312,3656.0
4703,2,7323,3661.5
4704,2,7328,3664.0
4705,2,7346,3673.0
4706,2,7350,3675.0
4707,2,7343,3671.5
4708,2,7364,3682.0
4709,2,7375,3687.5
4710,2,7342,3671.0
4711,2,7347,3673.5
4712,2,7336,3668.0
4713,2,7327,3663.5
4714,2,7352,3676.0
4715,2,7338,3669.0
4716,2,7358,3679.0
4717,2,7362,3681.0
4718,2,7327,3663.5
4719,2,7332,3666.0
4720,2,7360,3680.0
4721,2,7345,3672.5
4722,3,7379,2459.7
4723,3,7399,2466.3
4724,3,7399,2466.3
4725,3,7393,2464.3
4726,3,7420,2473.3
4727,2,7379,3689.5
4728,2,7356,3678.0
4729,2,7351,3675.5
4730,2,7340,3670.0
4731,3,7392,2464.0
4732,3,7394,2464.7
4733,3,7404,2468.0
4734,3,7382,2460.7
4735,3,7375,2458.3
4736,3,7385,2461.7
4737,3,7379,2459.7
4738,3,7377,2459.0
4739,3,7377,2459.0
4740,3,7366,2455.3
4741,3,7396,2465.3
4742,3,7402,2467.3
4743,3,7398,2466.0
4744,3,7381,2460.3
4745,3,7383,2461.0
4746,3,7392,2464.0
4747,3,7390,2463.3
4748,3,7392,2464.0
4749,3,7370,2456.7
4750,3,7399,2466.3
4751,3,7413,2471.0
4752,3,7413,2471.0
4753,3,7427,2475.7
4754,3,7420,2473.3
4755,3,7425,2475.0
4756,3,7441,2480.3
4757,3,7413,2471.0
4758,3,7406,2468.7
4759,3,7396,2465.3
4760,3,7384,2461.3
4761,3,7381,2460.3
4762,3,7379,2459.7
4763,3,7364,2454.7
4764,3,7387,2462.3
4765,3,7396,2465.3
4766,3,7399,2466.3
4767,3,7398,2466.0
4768,3,7410,2470.0
4769,3,7389,2463.0
4770,3,7392,2464.0
4771,3,7391,2463.7
4772,3,7389,2463.0
4773,3,7413,2471.0
4774,3,7387,2462.3
4775,3,7387,2462.3
4776,3,7392,2464.0
4777,3,7417,2472.3
4778,3,7398,2466.0
4779,3,7404,2468.0
4780,3,7405,2468.3
4781,3,7406,2468.7
4782,3,7395,2465.0
4783,3,7419,2473.0
4784,3,7432,2477.3
4785,3,7420,2473.3
4786,3,7399,2466.3
4787,3,7399,2466.3
4788,3,7405,2468.3
4789,3,7399,2466.3
4790,3,7399,2466.3
4791,3,7412,2470.7
4792,3,7427,2475.7
4793,3,7427,2475.7
4794,3,7420,2473.3
4795,3,7399,2466.3
4796,3,7390,2463.3
4797,3,7412,2470.7
4798,3,7420,2473.3
4799,3,7369,2456.3
4800,3,7392,2464.0
4801,3,7420,2473.3
4802,3,7387,2462.3
4803,2,7338,3669.0
4804,2,7334,3667.0
4805,3,7413,2471.0
4806,2,7354,3677.0
4807,2,7376,3688.0
4808,2,7365,3682.5
4809,2,7377,3688.5
4810,2,7372,3686.0
4811,2,7373,3686.5
4812,2,7389,3694.5
4813,2,7392,3696.0
4814,2,7384,3692.0
4815,2,7382,3691.0
4816,2,7365,3682.5
4817,2,7375,3687.5
4818,2,7359,3679.5
4819,2,7331,3665.5
4820,2,7324,3662.0
4821,3,7371,2457.0
4822,3,7370,2456.7
4823,3,7397,2465.7
4824,3,7387,2462.3
4825,3,7368,2456.0
4826,3,7362,2454.0
4827,3,7378,2459.3
4828,3,7371,2457.0
4829,3,7389,2463.0
4830,3,7405,2468.3
4831,3,7405,2468.3
4832,3,7422,2474.0
4833,3,7386,2462.0
4834,3,7418,2472.7
4835,2,7370,3685.0
4836,2,7343,3671.5
4837,2,7359,3679.5
4838,2,7377,3688.5
4839,2,7374,3687.0
4840,2,7419,3709.5
4841,2,7375,3687.5
4842,2,7385,3692.5
4843,2,7403,3701.5
4844,2,7397,3698.5
4845,2,7378,3689.0
4846,2,7399,3699.5
4847,2,7378,3689.0
4848,2,7385,3692.5
4849,2,7377,3688.5
4850,2,7383,3691.5
4851,2,7434,3717.0
4852,2,7403,3701.5
4853,2,7406,3703.0
4854,2,7385,3692.5
4855,2,7385,3692.5
4856,2,7355,3677.5
4857,2,7371,3685.5
4858,2,7345,3672.5
4859,2,7330,3665.0
4860,3,7364,2454.7
4861,3,7354,2451.3
4862,2,7326,3663.0
4863,2,7371,3685.5
4864,2,7375,3687.5
4865,2,7372,3686.0
4866,2,7364,3682.0
4867,2,7352,3676.0
4868,2,7357,3678.5
4869,2,7364,3682.0
4870,2,7366,3683.0
4871,2,7395,3697.5
4872,2,7354,3677.0
4873,2,7334,3667.0
4874,2,7319,3659.5
4875,2,7342,3671.0
4876,2,7323,3661.5
4877,2,7322,3661.0
4878,2,7346,3673.0
4879,2,7330,3665.0
4880,2,7365,3682.5
4881,2,7349,3674.5
4882,2,7353,3676.5
4883,2,7357,3678.5
4884,2,7361,3680.5
4885,2,7360,3680.0
4886,2,7338,3669.0
4887,2,7363,3681.5
4888,2,7349,3674.5
4889,2,7371,3685.5
4890,2,7372,3686.0
4891,2,7363,3681.5
4892,2,7340,3670.0
4893,2,7338,3669.0
4894,2,7355,3677.5
4895,2,7406,3703.0
4896,2,7373,3686.5
4897,2,7376,3688.0
4898,2,7357,3678.5
4899,2,7368,3684.0
4900,2,7409,3704.5
4901,2,7400,3700.0
4902,2,7399,3699.5
4903,2,7389,3694.5
4904,2,7419,3709.5
4905,2,7409,3704.5
4906,2,7419,3709.5
4907,2,7402,3701.0
4908,2,7398,3699.0
4909,2,7414,3707.0
4910,2,7412,3706.0
4911,2,7397,3698.5
4912,2,7398,3699.0
4913,2,7399,3699.5
4914,2,7388,3694.0
4915,2,7406,3703.0
4916,2,7406,3703.0
4917,2,7392,3696.0
4918,2,7375,3687.5
4919,2,7390,3695.0
4920,2,7377,3688.5
4921,2,7383,3691.5
4922,2,7385,3692.5
4923,2,7371,3685.5
4924,2,7367,3683.5
4925,2,7358,3679.0
4926,2,7359,3679.5
4927,2,7341,3670.5
4928,2,7344,3672.0
4929,2,7342,3671.0
4930,2,7350,3675.0
4931,2,7354,3677.0
4932,2,7323,3661.5
4933,2,7346,3673.0
4934,2,7361,3680.5
4935,2,7321,3660.5
4936,2,7308,3654.0
4937,1,7301,7301.0
4938,2,7343,3671.5
4939,1,7369,7369.0
4940,2,7336,3668.0
4941,2,7346,3673.0
4942,2,7359,3679.5
4943,2,7324,3662.0
4944,2,7321,3660.5
4945,2,7374,3687.0
4946,2,7354,3677.0
4947,2,7366,3683.0
4948,2,7367,3683.5
4949,2,7356,3678.0
4950,2,7375,3687.5
4951,2,7376,3688.0
4952,2,7376,3688.0
4953,2,7371,3685.5
4954,2,7349,3674.5
4955,2,7389,3694.5
4956,2,7349,3674.5
4957,2,7373,3686.5
4958,2,7372,3686.0
4959,2,7382,3691.0
4960,2,7353,3676.5
4961,3,7392,2464.0
4962,3,7413,2471.0
4963,2,7418,3709.0
4964,2,7427,3713.5
4965,3,7433,2477.7
4966,3,7442,2480.7
4967,3,7421,2473.7
4968,3,7438,2479.3
4969,3,7406,2468.7
4970,3,7416,2472.0
4971,3,7403,2467.7
4972,3,7399,2466.3
4973,3,7406,2468.7
4974,3,7406,2468.7
4975,3,7413,2471.0
4976,3,7426,2475.3
4977,3,7426,2475.3
4978,3,7434,2478.0
4979,3,7406,2468.7
4980,3,7410,2470.0
4981,3,7418,2472.7
4982,3,7420,2473.3
4983,3,7412,2470.7
4984,3,7413,2471.0
4985,3,7413,2471.0
4986,3,7414,2471.3
4987,2,7392,3696.0
4988,2,7392,3696.0
4989,3,7399,2466.3
4990,3,7399,2466.3
4991,3,7398,2466.0
4992,2,7396,3698.0
4993,2,7413,3706.5
4994,3,7413,2471.0
4995,3,7393,2464.3
4996,3,7413,2471.0
4997,3,7397,2465.7
4998,3,7403,2467.7
4999,2,7339,3669.5
5000,1,7344,7344.0
5001,3,7382,2460.7
5002,1,7278,7278.0
5003,2,7283,3641.5
5004,2,7287,3643.5
5005,4,7392,1848.0
5006,3,7385,2461.7
5007,3,7392,2464.0
5008,3,7350,2450.0
5009,2,7295,3647.5
5010,3,7350,2450.0
5011,3,7343,2447.7
5012,3,7369,2456.3
5013,3,7364,2454.7
5014,3,7336,2445.3
5015,3,7330,2443.3
5016,3,7335,2445.0
5017,3,7357,2452.3
5018,3,7376,2458.7
5019,2,7316,3658.0
5020,3,7387,2462.3
5021,3,7350,2450.0
5022,3,7350,2450.0
5023,3,7378,2459.3
5024,3,7343,2447.7
5025,3,7350,2450.0
5026,3,7335,2445.0
5027,3,7356,2452.0
5028,2,7297,3648.5
5029,3,7350,2450.0
5030,3,7357,2452.3
5031,2,7271,3635.5
5032,2,7283,3641.5
5033,3,7345,2448.3
5034,3,7378,2459.3
5035,2,7318,3659.0
5036,2,7328,3664.0
5037,3,7403,2467.7
5038,3,7392,2464.0
5039,3,7378,2459.3
5040,3,7385,2461.7
5041,3,7391,2463.7
5042,3,7390,2463.3
5043,3,7361,2453.7
5044,3,7341,2447.0
5045,3,7343,2447.7
5046,3,7340,2446.7
5047,3,7348,2449.3
5048,3,7335,2445.0
5049,3,7341,2447.0
5050,3,7319,2439.7
5051,3,7315,2438.3
5052,3,7364,2454.7
5053,3,7371,2457.0
5054,3,7370,2456.7
5055,3,7362,2454.0
5056,3,7299,2433.0
5057,3,7310,2436.7
5058,3,7346,2448.7
5059,3,7402,2467.3
5060,3,7423,2474.3
5061,3,7413,2471.0
5062,3,7368,2456.0
5063,3,7357,2452.3
5064,3,7356,2452.0
5065,3,7378,2459.3
5066,3,7364,2454.7
5067,3,7349,2449.7
5068,3,7386,2462.0
5069,3,7383,2461.0
5070,3,7365,2455.0
5071,3,7385,2461.7
5072,3,7384,2461.3
5073,3,7384,2461.3
5074,3,7381,2460.3
5075,3,7385,2461.7
5076,3,7385,2461.7
5077,3,7434,2478.0
5078,3,7405,2468.3
5079,3,7386,2462.0
5080,3,7390,2463.3
5081,3,7376,2458.7
5082,3,7407,2469.0
5083,3,7410,2470.0
5084,3,7407,2469.0
5085,1,7395,7395.0
5086,2,7407,3703.5
5087,2,7407,3703.5
5088,2,7412,3706.0
5089,2,7401,3700.5
5090,2,7395,3697.5
5091,2,7401,3700.5
5092,2,7383,3691.5
5093,2,7349,3674.5
5094,2,7324,3662.0
5095,2,7354,3677.0
5096,2,7339,3669.5
5097,2,7361,3680.5
5098,2,7347,3673.5
5099,2,7372,3686.0
5100,2,7354,3677.0
5101,2,7363,3681.5
5102,2,7347,3673.5
5103,2,7341,3670.5
5104,2,7355,3677.5
5105,2,7354,3677.0
5106,2,7352,3676.0
5107,2,7357,3678.5
5108,2,7380,3690.0
5109,2,7362,3681.0
5110,2,7371,3685.5
5111,2,7380,3690.0
5112,2,7368,3684.0
5113,2,7364,3682.0
5114,2,7340,3670.0
5115,2,7380,3690.0
5116,2,7365,3682.5
5117,2,7368,3684.0
5118,2,7375,3687.5
5119,2,7359,3679.5
5120,2,7342,3671.0
5121,1,7342,7342.0
5122,2,7319,3659.5
5123,2,7320,3660.0
5124,2,7295,3647.5
5125,2,7299,3649.5
5126,2,7318,3659.0
5127,2,7301,3650.5
5128,2,7318,3659.0
5129,2,7296,3648.0
5130,2,7275,3637.5
5131,2,7273,3636.5
5132,3,7317,2439.0
5133,3,7293,2431.0
5134,3,7322,2440.7
5135,3,7315,2438.3
5136,3,7327,2442.3
5137,3,7318,2439.3
5138,3,7314,2438.0
5139,3,7315,2438.3
5140,3,7312,2437.3
5141,3,7318,2439.3
5142,3,7335,2445.0
5143,3,7343,2447.7
5144,3,7294,2431.3
5145,3,7303,2434.3
5146,3,7322,2440.7
5147,3,7297,2432.3
5148,3,7306,2435.3
5149,3,7287,2429.0
5150,3,7284,2428.0
5151,3,7283,2427.7
5152,3,7287,2429.0
5153,3,7341,2447.0
5154,3,7348,2449.3
5155,3,7322,2440.7
5156,3,7288,2429.3
5157,3,7317,2439.0
5158,3,7315,2438.3
5159,2,7294,3647.0
5160,3,7287,2429.0
5161,3,7271,2423.7
5162,3,7301,2433.7
5163,3,7280,2426.7
5164,3,7277,2425.7
5165,3,7280,2426.7
5166,3,7281,2427.0
5167,3,7314,2438.0
5168,3,7280,2426.7
5169,3,7280,2426.7
5170,3,7294,2431.3
5171,3,7324,2441.3
5172,3,7324,2441.3
5173,3,7323,2441.0
5174,3,7320,2440.0
5175,3,7320,2440.0
5176,3,7322,2440.7
5177,3,7326,2442.0
5178,3,7310,2436.7
5179,3,7329,2443.0
5180,3,7287,2429.0
5181,3,7294,2431.3
5182,3,7258,2419.3
5183,3,7266,2422.0
5184,3,7294,2431.3
5185,3,7308,2436.0
5186,3,7280,2426.7
5187,3,7328,2442.7
5188,3,7312,2437.3
5189,3,7309,2436.3
5190,3,7308,2436.0
5191,3,7300,2433.3
5192,3,7328,2442.7
5193,3,7294,2431.3
5194,3,7335,2445.0
5195,3,7308,2436.0
5196,3,7315,2438.3
5197,2,7328,3664.0
5198,3,7343,2447.7
5199,3,7337,2445.7
5200,3,7306,2435.3
5201,3,7325,2441.7
5202,3,7318,2439.3
5203,3,7330,2443.3
5204,3,7349,2449.7
5205,3,7343,2447.7
5206,2,7327,3663.5
5207,2,7342,3671.0
5208,2,7347,3673.5
5209,2,7313,3656.5
5210,2,7313,3656.5
5211,2,7329,3664.5
5212,2,7308,3654.0
5213,2,7294,3647.0
5214,3,7308,2436.0
5215,2,7273,3636.5
5216,2,7294,3647.0
5217,2,7300,3650.0
5218,2,7321,3660.5
5219,2,7322,3661.0
5220,2,7322,3661.0
5221,2,7329,3664.5
5222,2,7322,3661.0
5223,2,7336,3668.0
5224,2,7325,3662.5
5225,2,7329,3664.5
5226,2,7321,3660.5
5227,2,7336,3668.0
5228,2,7320,3660.0
5229,2,7322,3661.0
5230,2,7320,3660.0
5231,2,7321,3660.5
5232,2,7326,3663.0
5233,2,7322,3661.0
5234,2,7297,3648.5
5235,2,7363,3681.5
5236,2,7307,3653.5
5237,2,7323,3661.5
5238,2,7335,3667.5
5239,2,7322,3661.0
5240,2,7335,3667.5
5241,1,7273,7273.0
5242,2,7308,3654.0
5243,2,7336,3668.0
5244,2,7307,3653.5
5245,2,7290,3645.0
5246,2,7343,3671.5
5247,2,7304,3652.0
5248,2,7327,3663.5
5249,1,7278,7278.0
5250,2,7320,3660.0
5251,2,7353,3676.5
5252,2,7354,3677.0
5253,2,7362,3681.0
5254,1,7331,7331.0
5255,2,7350,3675.0
5256,1,7319,7319.0
5257,1,7315,7315.0
5258,1,7299,7299.0
5259,2,7349,3674.5
5260,2,7350,3675.0
5261,2,7354,3677.0
5262,2,7361,3680.5
5263,2,7364,3682.0
5264,2,7348,3674.0
5265,2,7357,3678.5
5266,2,7329,3664.5
5267,1,7294,7294.0
5268,2,7347,3673.5
5269,2,7331,3665.5
5270,2,7343,3671.5
5271,2,7331,3665.5
5272,2,7324,3662.0
5273,2,7329,3664.5
5274,2,7345,3672.5
5275,2,7346,3673.0
5276,2,7341,3670.5
5277,2,7357,3678.5
5278,2,7362,3681.0
5279,2,7377,3688.5
5280,2,7377,3688.5
5281,2,7289,3644.5
5282,2,7355,3677.5
5283,1,7294,7294.0
5284,1,7304,7304.0
5285,1,7370,7370.0
5286,1,7355,7355.0
5287,1,7415,7415.0
5288,1,7422,7422.0
5289,1,7392,7392.0
5290,1,7413,7413.0
5291,1,7354,7354.0
5292,1,7378,7378.0
5293,1,7455,7455.0
5294,1,7412,7412.0
5295,1,7397,7397.0
5296,1,7415,7415.0
5297,1,7381,7381.0
5298,1,7376,7376.0
5299,1,7409,7409.0
5300,1,7419,7419.0
5301,1,7413,7413.0
5302,2,7443,3721.5
5303,2,7435,3717.5
5304,2,7437,3718.5
5305,2,7431,3715.5
5306,2,7425,3712.5
5307,1,7434,7434.0
5308,2,7453,3726.5
5309,1,7441,7441.0
5310,2,7427,3713.5
5311,2,7434,3717.0
5312,2,7412,3706.0
5313,2,7434,3717.0
5314,2,7431,3715.5
5315,2,7426,3713.0
5316,2,7434,3717.0
5317,2,7434,3717.0
5318,2,7411,3705.5
5319,2,7434,3717.0
5320,2,7455,3727.5
5321,2,7453,3726.5
5322,2,7453,3726.5
5323,2,7466,3733.0
5324,2,7468,3734.0
5325,2,7469,3734.5
5326,2,7459,3729.5
5327,2,7475,3737.5
5328,2,7469,3734.5
5329,2,7476,3738.0
5330,2,7437,3718.5
5331,2,7469,3734.5
5332,2,7462,3731.0
5333,2,7462,3731.0
5334,2,7428,3714.0
5335,2,7447,3723.5
5336,2,7429,3714.5
5337,2,7433,3716.5
5338,2,7446,3723.0
5339,2,7433,3716.5
5340,2,7426,3713.0
5341,2,7439,3719.5
5342,2,7406,3703.0
5343,2,7421,3710.5
5344,2,7431,3715.5
5345,2,7443,3721.5
5346,2,7411,3705.5
5347,2,7401,3700.5
5348,2,7418,3709.0
5349,2,7432,3716.0
5350,2,7418,3709.0
5351,2,7438,3719.0
5352,2,7460,3730.0
5353,2,7446,3723.0
5354,2,7454,3727.0
5355,2,7427,3713.5
5356,2,7433,3716.5
5357,2,7426,3713.0
5358,2,7423,3711.5
5359,1,7441,7441.0
5360,1,7434,7434.0
5361,1,7434,7434.0
5362,1,7420,7420.0
5363,1,7425,7425.0
5364,1,7419,7419.0
5365,1,7425,7425.0
5366,1,7434,7434.0
5367,1,7427,7427.0
5368,1,7438,7438.0
5369,1,7412,7412.0
5370,1,7427,7427.0
5371,1,7440,7440.0
5372,1,7441,7441.0
5373,1,7441,7441.0
5374,1,7441,7441.0
5375,1,7434,7434.0
5376,1,7413,7413.0
5377,1,7427,7427.0
5378,1,7427,7427.0
5379,1,7427,7427.0
5380,1,7413,7413.0
5381,1,7434,7434.0
5382,1,7441,7441.0
5383,1,7441,7441.0
5384,1,7469,7469.0
5385,1,7462,7462.0
5386,1,7434,7434.0
5387,1,7455,7455.0
5388,1,7455,7455.0
5389,1,7455,7455.0
5390,1,7455,7455.0
5391,1,7455,7455.0
5392,1,7455,7455.0
5393,1,7455,7455.0
5394,1,7455,7455.0
5395,1,7448,7448.0
5396,1,7420,7420.0
5397,1,7420,7420.0
5398,1,7399,7399.0
5399,1,7406,7406.0
5400,1,7406,7406.0
5401,1,7420,7420.0
5402,1,7427,7427.0
5403,1,7420,7420.0
5404,1,7426,7426.0
5405,1,7420,7420.0
5406,1,7406,7406.0
5407,1,7413,7413.0
5408,1,7434,7434.0
5409,1,7434,7434.0
5410,1,7427,7427.0
5411,1,7427,7427.0
5412,1,7420,7420.0
5413,1,7434,7434.0
5414,1,7406,7406.0
5415,1,7427,7427.0
5416,1,7420,7420.0
5417,1,7406,7406.0
5418,1,7406,7406.0
5419,1,7413,7413.0
5420,1,7420,7420.0
5421,1,7420,7420.0
5422,1,7413,7413.0
5423,1,7413,7413.0
5424,1,7406,7406.0
5425,1,7399,7399.0
5426,1,7406,7406.0
5427,1,7399,7399.0
5428,1,7427,7427.0
5429,1,7406,7406.0
5430,1,7434,7434.0
5431,1,7434,7434.0
5432,1,7434,7434.0
5433,1,7434,7434.0
5434,1,7448,7448.0
5435,1,7448,7448.0
5436,1,7441,7441.0
5437,1,7441,7441.0
5438,1,7434,7434.0
5439,1,7413,7413.0
5440,1,7427,7427.0
5441,1,7420,7420.0
5442,1,7427,7427.0
5443,1,7441,7441.0
5444,1,7434,7434.0
5445,1,7441,7441.0
5446,1,7455,7455.0
5447,1,7441,7441.0
5448,1,7455,7455.0
5449,1,7441,7441.0
5450,1,7427,7427.0
5451,1,7413,7413.0
5452,1,7427,7427.0
5453,1,7420,7420.0
5454,1,7448,7448.0
5455,1,7462,7462.0
5456,1,7469,7469.0
5457,1,7462,7462.0
5458,1,7469,7469.0
5459,1,7469,7469.0
5460,1,7441,7441.0
5461,1,7427,7427.0
5462,1,7420,7420.0
5463,1,7427,7427.0
5464,1,7427,7427.0
5465,1,7462,7462.0
5466,1,7441,7441.0
5467,1,7462,7462.0
5468,1,7462,7462.0
5469,1,7462,7462.0
5470,1,7448,7448.0
5471,1,7455,7455.0
5472,1,7455,7455.0
5473,1,7455,7455.0
5474,1,7448,7448.0
5475,1,7441,7441.0
5476,1,7455,7455.0
5477,1,7441,7441.0
5478,1,7455,7455.0
5479,1,7441,7441.0
5480,1,7448,7448.0
5481,1,7427,7427.0
5482,1,7434,7434.0
5483,1,7406,7406.0
5484,1,7413,7413.0
5485,1,7413,7413.0
5486,1,7413,7413.0
5487,1,7413,7413.0
5488,1,7413,7413.0
5489,1,7434,7434.0
5490,1,7427,7427.0
5491,1,7448,7448.0
5492,1,7413,7413.0
5493,1,7399,7399.0
5494,1,7399,7399.0
5495,1,7406,7406.0
5496,1,7385,7385.0
5497,1,7399,7399.0
5498,1,7399,7399.0
5499,1,7420,7420.0
5500,1,7420,7420.0
5501,1,7420,7420.0
5502,1,7420,7420.0
5503,1,7427,7427.0
5504,1,7441,7441.0
5505,1,7455,7455.0
5506,1,7462,7462.0
5507,1,7441,7441.0
5508,1,7462,7462.0
5509,1,7448,7448.0
5510,1,7462,7462.0
5511,1,7455,7455.0
5512,1,7455,7455.0
5513,1,7462,7462.0
5514,1,7462,7462.0
5515,1,7476,7476.0
5516,1,7469,7469.0
5517,1,7483,7483.0
5518,1,7497,7497.0
5519,1,7497,7497.0
5520,1,7476,7476.0
5521,1,7483,7483.0
5522,1,7483,7483.0
5523,1,7476,7476.0
5524,1,7476,7476.0
5525,1,7483,7483.0
5526,1,7476,7476.0
5527,1,7483,7483.0
5528,1,7490,7490.0
5529,1,7476,7476.0
5530,1,7504,7504.0
5531,1,7497,7497.0
5532,1,7511,7511.0
5533,1,7511,7511.0
5534,1,7497,7497.0
5535,1,7511,7511.0
5536,1,7497,7497.0
5537,1,7497,7497.0
5538,1,7483,7483.0
5539,1,7483,7483.0
5540,1,7469,7469.0
5541,1,7462,7462.0
5542,1,7469,7469.0
5543,1,7455,7455.0
5544,1,7462,7462.0
5545,1,7469,7469.0
5546,1,7462,7462.0
5547,1,7462,7462.0
5548,1,7483,7483.0
5549,1,7483,7483.0
5550,1,7476,7476.0
5551,1,7490,7490.0
5552,1,7476,7476.0
5553,1,7455,7455.0
5554,1,7462,7462.0
5555,1,7462,7462.0
5556,1,7483,7483.0
5557,1,7469,7469.0
5558,1,7469,7469.0
5559,1,7476,7476.0
5560,1,7476,7476.0
5561,1,7483,7483.0
5562,1,7490,7490.0
5563,1,7490,7490.0
5564,1,7476,7476.0
5565,1,7483,7483.0
5566,1,7483,7483.0
5567,1,7490,7490.0
5568,1,7483,7483.0
5569,1,7490,7490.0
5570,1,7497,7497.0
5571,1,7504,7504.0
5572,1,7504,7504.0
5573,1,7483,7483.0
5574,1,7483,7483.0
5575,1,7497,7497.0
5576,1,7483,7483.0
5577,1,7504,7504.0
5578,1,7483,7483.0
5579,1,7490,7490.0
5580,1,7497,7497.0
5581,1,7511,7511.0
5582,1,7511,7511.0
5583,1,7511,7511.0
5584,1,7518,7518.0
5585,1,7525,7525.0
5586,1,7511,7511.0
5587,1,7511,7511.0
5588,1,7504,7504.0
5589,1,7504,7504.0
5590,1,7525,7525.0
5591,1,7504,7504.0
5592,1,7511,7511.0
5593,1,7504,7504.0
5594,1,7518,7518.0
5595,1,7511,7511.0
5596,1,7490,7490.0
5597,1,7483,7483.0
5598,1,7497,7497.0
5599,1,7511,7511.0
5600,1,7518,7518.0
5601,1,7525,7525.0
5602,1,7504,7504.0
5603,1,7518,7518.0
5604,1,7539,7539.0
5605,1,7539,7539.0
5606,1,7553,7553.0
5607,1,7560,7560.0
5608,1,7546,7546.0
5609,1,7532,7532.0
5610,1,7539,7539.0
5611,1,7539,7539.0
5612,1,7553,7553.0
5613,1,7525,7525.0
5614,1,7532,7532.0
5615,1,7539,7539.0
5616,1,7532,7532.0
5617,1,7539,7539.0
5618,1,7539,7539.0
5619,1,7532,7532.0
5620,1,7532,7532.0
5621,1,7532,7532.0
5622,1,7532,7532.0
5623,1,7546,7546.0
5624,1,7539,7539.0
5625,1,7539,7539.0
5626,1,7532,7532.0
5627,1,7532,7532.0
5628,1,7532,7532.0
5629,1,7539,7539.0
5630,1,7518,7518.0
5631,1,7525,7525.0
5632,1,7525,7525.0
5633,1,7532,7532.0
5634,1,7532,7532.0
5635,1,7525,7525.0
5636,1,7504,7504.0
5637,1,7511,7511.0
5638,1,7511,7511.0
5639,1,7476,7476.0
5640,1,7504,7504.0
5641,1,7497,7497.0
5642,1,7511,7511.0
5643,1,7539,7539.0
5644,1,7539,7539.0
5645,1,7532,7532.0
5646,1,7525,7525.0
5647,1,7525,7525.0
5648,1,7525,7525.0
5649,1,7525,7525.0
5650,1,7539,7539.0
5651,1,7525,7525.0
5652,1,7546,7546.0
5653,1,7532,7532.0
5654,1,7511,7511.0
5655,1,7511,7511.0
5656,1,7518,7518.0
5657,1,7546,7546.0
5658,1,7532,7532.0
5659,1,7546,7546.0
5660,1,7553,7553.0
5661,1,7546,7546.0
5662,1,7539,7539.0
5663,1,7546,7546.0
5664,1,7539,7539.0
5665,1,7567,7567.0
5666,1,7553,7553.0
5667,1,7553,7553.0
5668,1,7553,7553.0
5669,1,7553,7553.0
5670,1,7553,7553.0
5671,1,7546,7546.0
5672,1,7539,7539.0
5673,1,7532,7532.0
5674,1,7532,7532.0
5675,1,7518,7518.0
5676,1,7511,7511.0
5677,1,7518,7518.0
5678,1,7525,7525.0
5679,1,7525,7525.0
5680,1,7532,7532.0
5681,1,7539,7539.0
5682,1,7518,7518.0
5683,1,7525,7525.0
5684,1,7518,7518.0
5685,1,7511,7511.0
5686,1,7518,7518.0
5687,1,7525,7525.0
5688,1,7518,7518.0
5689,1,7511,7511.0
5690,1,7518,7518.0
5691,1,7539,7539.0
5692,1,7525,7525.0
5693,1,7525,7525.0
5694,1,7553,7553.0
5695,1,7532,7532.0
5696,1,7539,7539.0
5697,1,7560,7560.0
5698,1,7553,7553.0
5699,1,7539,7539.0
5700,1,7532,7532.0
5701,1,7532,7532.0
5702,1,7511,7511.0
5703,1,7504,7504.0
5704,1,7497,7497.0
5705,1,7511,7511.0
5706,1,7539,7539.0
5707,1,7539,7539.0
5708,1,7518,7518.0
5709,1,7546,7546.0
5710,1,7518,7518.0
5711,1,7504,7504.0
5712,1,7483,7483.0
5713,1,7504,7504.0
5714,1,7504,7504.0
5715,1,7511,7511.0
5716,1,7504,7504.0
5717,1,7525,7525.0
5718,1,7532,7532.0
5719,1,7511,7511.0
5720,1,7525,7525.0
5721,1,7518,7518.0
5722,1,7504,7504.0
5723,1,7504,7504.0
5724,1,7504,7504.0
5725,1,7518,7518.0
5726,1,7532,7532.0
5727,1,7525,7525.0
5728,1,7525,7525.0
5729,1,7511,7511.0
5730,1,7511,7511.0
5731,1,7525,7525.0
5732,1,7511,7511.0
5733,1,7539,7539.0
5734,1,7532,7532.0
5735,1,7525,7525.0
5736,1,7518,7518.0
5737,1,7518,7518.0
5738,1,7539,7539.0
5739,1,7525,7525.0
5740,1,7525,7525.0
5741,1,7546,7546.0
5742,1,7525,7525.0
5743,1,7532,7532.0
5744,1,7539,7539.0
5745,1,7525,7525.0
5746,1,7518,7518.0
5747,1,7525,7525.0
5748,1,7525,7525.0
5749,1,7525,7525.0
5750,1,7546,7546.0
5751,1,7539,7539.0
5752,1,7518,7518.0
5753,1,7525,7525.0
5754,1,7511,7511.0
5755,1,7525,7525.0
5756,1,7518,7518.0
5757,1,7497,7497.0
5758,1,7511,7511.0
5759,1,7511,7511.0
5760,1,7518,7518.0
5761,1,7497,7497.0
5762,1,7518,7518.0
5763,1,7532,7532.0
5764,1,7525,7525.0
5765,1,7518,7518.0
5766,1,7518,7518.0
5767,1,7511,7511.0
5768,1,7511,7511.0
5769,1,7504,7504.0
5770,1,7511,7511.0
5771,1,7511,7511.0
5772,1,7490,7490.0
5773,1,7490,7490.0
5774,1,7497,7497.0
5775,1,7511,7511.0
5776,1,7525,7525.0
5777,1,7525,7525.0
5778,1,7532,7532.0
5779,1,7525,7525.0
5780,1,7532,7532.0
5781,1,7532,7532.0
5782,1,7539,7539.0
5783,1,7546,7546.0
5784,1,7560,7560.0
5785,1,7546,7546.0
5786,1,7532,7532.0
5787,1,7539,7539.0
5788,1,7553,7553.0
5789,1,7553,7553.0
5790,1,7539,7539.0
5791,1,7560,7560.0
5792,1,7581,7581.0
5793,1,7574,7574.0
5794,1,7567,7567.0
5795,1,7574,7574.0
5796,1,7567,7567.0
5797,1,7581,7581.0
5798,1,7602,7602.0
5799,1,7595,7595.0
5800,1,7595,7595.0
5801,1,7574,7574.0
5802,1,7567,7567.0
5803,1,7574,7574.0
5804,1,7574,7574.0
5805,1,7581,7581.0
5806,1,7588,7588.0
5807,1,7567,7567.0
5808,1,7560,7560.0
5809,1,7553,7553.0
5810,1,7567,7567.0
5811,1,7581,7581.0
5812,1,7581,7581.0
5813,1,7581,7581.0
5814,1,7574,7574.0
5815,1,7567,7567.0
5816,1,7581,7581.0
5817,1,7574,7574.0
5818,1,7567,7567.0
5819,1,7581,7581.0
5820,1,7602,7602.0
5821,1,7595,7595.0
5822,1,7602,7602.0
5823,1,7595,7595.0
5824,1,7581,7581.0
5825,1,7588,7588.0
5826,1,7595,7595.0
5827,1,7588,7588.0
5828,1,7588,7588.0
5829,1,7581,7581.0
5830,1,7581,7581.0
5831,1,7581,7581.0
5832,1,7581,7581.0
5833,1,7574,7574.0
5834,1,7574,7574.0
5835,1,7581,7581.0
5836,1,7581,7581.0
5837,1,7574,7574.0
5838,1,7588,7588.0
5839,1,7560,7560.0
5840,1,7581,7581.0
5841,1,7574,7574.0
5842,1,7595,7595.0
5843,1,7595,7595.0
5844,1,7581,7581.0
5845,1,7574,7574.0
5846,1,7560,7560.0
5847,1,7567,7567.0
5848,1,7581,7581.0
5849,1,7560,7560.0
5850,1,7574,7574.0
5851,1,7560,7560.0
5852,1,7567,7567.0
5853,1,7553,7553.0
5854,1,7574,7574.0
5855,1,7574,7574.0
5856,1,7588,7588.0
5857,1,7567,7567.0
5858,1,7532,7532.0
5859,1,7539,7539.0
5860,1,7539,7539.0
5861,1,7525,7525.0
5862,1,7539,7539.0
5863,1,7546,7546.0
5864,1,7553,7553.0
5865,1,7560,7560.0
5866,1,7581,7581.0
5867,1,7567,7567.0
5868,1,7574,7574.0
5869,1,7560,7560.0
5870,1,7574,7574.0
5871,1,7581,7581.0
5872,1,7567,7567.0
5873,1,7567,7567.0
5874,1,7574,7574.0
5875,1,7574,7574.0
5876,1,7574,7574.0
5877,1,7567,7567.0
5878,1,7574,7574.0
5879,1,7560,7560.0
5880,1,7588,7588.0
5881,1,7588,7588.0
5882,1,7595,7595.0
5883,1,7609,7609.0
5884,1,7602,7602.0
5885,1,7616,7616.0
5886,1,7602,7602.0
5887,1,7602,7602.0
5888,1,7616,7616.0
5889,1,7616,7616.0
5890,1,7616,7616.0
5891,1,7623,7623.0
5892,1,7616,7616.0
5893,1,7581,7581.0
5894,1,7574,7574.0
5895,1,7567,7567.0
5896,1,7595,7595.0
5897,1,7609,7609.0
5898,1,7630,7630.0
5899,1,7595,7595.0
5900,1,7609,7609.0
5901,1,7602,7602.0
5902,1,7616,7616.0
5903,1,7588,7588.0
5904,1,7609,7609.0
5905,1,7609,7609.0
5906,1,7616,7616.0
5907,1,7616,7616.0
5908,1,7602,7602.0
5909,1,7581,7581.0
5910,1,7574,7574.0
5911,1,7553,7553.0
5912,1,7567,7567.0
5913,1,7574,7574.0
5914,1,7560,7560.0
5915,1,7581,7581.0
5916,1,7539,7539.0
5917,1,7581,7581.0
5918,1,7581,7581.0
5919,1,7602,7602.0
5920,1,7609,7609.0
5921,1,7602,7602.0
5922,1,7602,7602.0
5923,1,7595,7595.0
5924,1,7616,7616.0
5925,1,7623,7623.0
5926,1,7637,7637.0
5927,1,7637,7637.0
5928,1,7623,7623.0
5929,1,7644,7644.0
5930,1,7616,7616.0
5931,1,7602,7602.0
5932,1,7602,7602.0
5933,1,7602,7602.0
5934,1,7616,7616.0
5935,1,7630,7630.0
5936,1,7630,7630.0
5937,1,7630,7630.0
5938,1,7630,7630.0
5939,1,7637,7637.0
5940,1,7651,7651.0
5941,1,7644,7644.0
5942,1,7658,7658.0
5943,1,7651,7651.0
5944,1,7623,7623.0
5945,1,7637,7637.0
5946,1,7630,7630.0
5947,1,7644,7644.0
5948,1,7630,7630.0
5949,1,7630,7630.0
5950,1,7623,7623.0
5951,1,7609,7609.0
5952,1,7651,7651.0
5953,1,7644,7644.0
5954,1,7651,7651.0
5955,1,7658,7658.0
5956,1,7637,7637.0
5957,1,7658,7658.0
5958,1,7630,7630.0
5959,1,7630,7630.0
5960,1,7630,7630.0
5961,1,7637,7637.0
5962,1,7637,7637.0
5963,1,7637,7637.0
5964,1,7630,7630.0
5965,1,7651,7651.0
5966,1,7658,7658.0
5967,1,7637,7637.0
5968,1,7637,7637.0
5969,1,7637,7637.0
5970,1,7644,7644.0
5971,1,7644,7644.0
5972,1,7637,7637.0
5973,1,7637,7637.0
5974,1,7644,7644.0
5975,1,7616,7616.0
5976,1,7658,7658.0
5977,1,7651,7651.0
5978,1,7651,7651.0
5979,1,7665,7665.0
5980,1,7651,7651.0
5981,1,7658,7658.0
5982,1,7665,7665.0
5983,1,7665,7665.0
5984,1,7658,7658.0
5985,1,7658,7658.0
5986,1,7658,7658.0
5987,1,7658,7658.0
5988,1,7679,7679.0
5989,1,7651,7651.0
5990,1,7658,7658.0
5991,1,7658,7658.0
5992,1,7651,7651.0
5993,1,7644,7644.0
5994,1,7665,7665.0
5995,1,7665,7665.0
5996,1,7644,7644.0
5997,1,7658,7658.0
5998,1,7651,7651.0
5999,1,7651,7651.0
6000,1,7658,7658.0
6001,1,7672,7672.0
6002,1,7665,7665.0
6003,1,7665,7665.0
6004,1,7665,7665.0
6005,1,7665,7665.0
6006,1,7679,7679.0
6007,1,7679,7679.0
6008,1,7679,7679.0
6009,1,7672,7672.0
6010,1,7672,7672.0
6011,1,7665,7665.0
6012,1,7672,7672.0
6013,1,7658,7658.0
6014,1,7658,7658.0
6015,1,7665,7665.0
6016,1,7630,7630.0
6017,1,7644,7644.0
6018,1,7658,7658.0
6019,1,7658,7658.0
6020,1,7651,7651.0
6021,1,7658,7658.0
6022,1,7658,7658.0
6023,1,7658,7658.0
6024,1,7665,7665.0
6025,1,7665,7665.0
6026,1,7672,7672.0
6027,1,7672,7672.0
6028,1,7679,7679.0
6029,1,7672,7672.0
6030,1,7665,7665.0
6031,1,7672,7672.0
6032,1,7658,7658.0
6033,1,7686,7686.0
6034,1,7686,7686.0
6035,1,7672,7672.0
6036,1,7679,7679.0
6037,1,7679,7679.0
6038,1,7672,7672.0
6039,1,7658,7658.0
6040,1,7658,7658.0
6041,1,7658,7658.0
6042,1,7651,7651.0
6043,1,7658,7658.0
6044,1,7658,7658.0
6045,1,7644,7644.0
6046,1,7658,7658.0
6047,1,7672,7672.0
6048,1,7665,7665.0
6049,1,7658,7658.0
6050,1,7658,7658.0
6051,1,7672,7672.0
6052,1,7658,7658.0
6053,1,7665,7665.0
6054,1,7658,7658.0
6055,1,7679,7679.0
6056,1,7665,7665.0
6057,1,7658,7658.0
6058,1,7679,7679.0
6059,1,7679,7679.0
6060,1,7693,7693.0
6061,1,7679,7679.0
6062,1,7658,7658.0
6063,1,7679,7679.0
6064,1,7693,7693.0
6065,1,7679,7679.0
6066,1,7686,7686.0
6067,1,7686,7686.0
6068,1,7679,7679.0
6069,1,7686,7686.0
6070,1,7679,7679.0
6071,1,7672,7672.0
6072,1,7665,7665.0
6073,1,7679,7679.0
6074,1,7672,7672.0
6075,1,7665,7665.0
6076,1,7658,7658.0
6077,1,7672,7672.0
6078,1,7679,7679.0
6079,1,7672,7672.0
6080,1,7665,7665.0
6081,1,7679,7679.0
6082,1,7686,7686.0
6083,1,7679,7679.0
6084,1,7672,7672.0
6085,1,7665,7665.0
6086,1,7665,7665.0
6087,1,7672,7672.0
6088,1,7658,7658.0
6089,1,7665,7665.0
6090,1,7679,7679.0
6091,1,7672,7672.0
6092,1,7686,7686.0
6093,1,7665,7665.0
6094,1,7665,7665.0
6095,1,7644,7644.0
6096,1,7672,7672.0
6097,1,7672,7672.0
6098,1,7658,7658.0
6099,1,7658,7658.0
6100,1,7665,7665.0
6101,1,7672,7672.0
6102,1,7665,7665.0
6103,1,7679,7679.0
6104,1,7658,7658.0
6105,1,7679,7679.0
6106,1,7679,7679.0
6107,1,7686,7686.0
6108,1,7658,7658.0
6109,1,7672,7672.0
6110,1,7651,7651.0
6111,1,7651,7651.0
6112,1,7644,7644.0
6113,1,7665,7665.0
6114,1,7651,7651.0
6115,1,7651,7651.0
6116,1,7644,7644.0
6117,1,7658,7658.0
6118,1,7672,7672.0
6119,1,7644,7644.0
6120,2,7665,3832.5
6121,2,7658,3829.0
6122,1,7651,7651.0
6123,1,7679,7679.0
6124,1,7679,7679.0
6125,1,7693,7693.0
6126,2,7672,3836.0
6127,1,7686,7686.0
6128,1,7672,7672.0
6129,1,7658,7658.0
6130,1,7651,7651.0
6131,1,7665,7665.0
6132,1,7651,7651.0
6133,1,7665,7665.0
6134,1,7672,7672.0
6135,1,7672,7672.0
6136,1,7679,7679.0
6137,1,7679,7679.0
6138,1,7679,7679.0
6139,1,7672,7672.0
6140,1,7672,7672.0
6141,1,7665,7665.0
6142,1,7672,7672.0
6143,1,7672,7672.0
6144,1,7679,7679.0
6145,1,7658,7658.0
6146,1,7665,7665.0
6147,1,7665,7665.0
6148,1,7665,7665.0
6149,1,7658,7658.0
6150,1,7679,7679.0
6151,1,7672,7672.0
6152,1,7679,7679.0
6153,1,7644,7644.0
6154,1,7651,7651.0
6155,1,7651,7651.0
6156,1,7686,7686.0
6157,1,7672,7672.0
6158,1,7665,7665.0
6159,1,7679,7679.0
6160,1,7679,7679.0
6161,1,7672,7672.0
6162,1,7679,7679.0
6163,1,7693,7693.0
6164,1,7700,7700.0
6165,1,7693,7693.0
6166,1,7693,7693.0
6167,1,7686,7686.0
6168,1,7665,7665.0
6169,1,7665,7665.0
6170,1,7672,7672.0
6171,1,7672,7672.0
6172,1,7672,7672.0
6173,1,7679,7679.0
6174,1,7665,7665.0
6175,1,7679,7679.0
6176,1,7686,7686.0
6177,1,7686,7686.0
6178,1,7651,7651.0
6179,1,7637,7637.0
6180,1,7651,7651.0
6181,1,7637,7637.0
6182,1,7623,7623.0
6183,1,7672,7672.0
6184,1,7637,7637.0
6185,1,7644,7644.0
6186,1,7616,7616.0
6187,1,7623,7623.0
6188,1,7623,7623.0
6189,1,7616,7616.0
6190,1,7630,7630.0
6191,1,7644,7644.0
6192,1,7651,7651.0
6193,1,7616,7616.0
6194,1,7616,7616.0
6195,1,7616,7616.0
6196,1,7623,7623.0
6197,1,7616,7616.0
6198,1,7602,7602.0
6199,1,7637,7637.0
6200,1,7616,7616.0
6201,1,7609,7609.0
6202,1,7637,7637.0
6203,1,7651,7651.0
6204,1,7665,7665.0
6205,1,7658,7658.0
6206,1,7658,7658.0
6207,1,7651,7651.0
6208,1,7644,7644.0
6209,1,7644,7644.0
6210,1,7644,7644.0
6211,1,7644,7644.0
6212,1,7651,7651.0
6213,1,7665,7665.0
6214,1,7651,7651.0
6215,1,7665,7665.0
6216,1,7679,7679.0
6217,1,7672,7672.0
6218,1,7644,7644.0
6219,1,7637,7637.0
6220,1,7644,7644.0
6221,1,7637,7637.0
6222,1,7651,7651.0
6223,1,7637,7637.0
6224,1,7637,7637.0
6225,1,7651,7651.0
6226,1,7630,7630.0
6227,1,7637,7637.0
6228,1,7616,7616.0
6229,1,7658,7658.0
6230,1,7651,7651.0
6231,1,7644,7644.0
6232,1,7651,7651.0
6233,1,7651,7651.0
6234,1,7665,7665.0
6235,1,7644,7644.0
6236,1,7665,7665.0
6237,1,7679,7679.0
6238,1,7686,7686.0
6239,1,7693,7693.0
6240,1,7672,7672.0
6241,1,7665,7665.0
6242,1,7665,7665.0
6243,1,7679,7679.0
6244,1,7679,7679.0
6245,1,7686,7686.0
6246,1,7693,7693.0
6247,1,7707,7707.0
6248,1,7672,7672.0
6249,1,7679,7679.0
6250,1,7679,7679.0
6251,1,7686,7686.0
6252,1,7665,7665.0
6253,1,7679,7679.0
6254,1,7665,7665.0
6255,1,7658,7658.0
6256,1,7665,7665.0
6257,1,7679,7679.0
6258,1,7665,7665.0
6259,1,7644,7644.0
6260,1,7665,7665.0
6261,1,7672,7672.0
6262,1,7665,7665.0
6263,1,7665,7665.0
6264,1,7665,7665.0
6265,1,7651,7651.0
6266,1,7637,7637.0
6267,1,7672,7672.0
6268,1,7644,7644.0
6269,1,7658,7658.0
6270,1,7665,7665.0
6271,1,7665,7665.0
6272,1,7637,7637.0
6273,1,7623,7623.0
6274,1,7581,7581.0
6275,1,7609,7609.0
6276,1,7602,7602.0
6277,1,7609,7609.0
6278,1,7623,7623.0
6279,1,7616,7616.0
6280,1,7616,7616.0
6281,1,7616,7616.0
6282,1,7623,7623.0
6283,1,7623,7623.0
6284,1,7616,7616.0
6285,1,7595,7595.0
6286,1,7595,7595.0
6287,1,7595,7595.0
6288,1,7602,7602.0
6289,1,7595,7595.0
6290,1,7588,7588.0
6291,1,7595,7595.0
6292,1,7616,7616.0
6293,1,7616,7616.0
6294,1,7616,7616.0
6295,1,7609,7609.0
6296,1,7588,7588.0
6297,1,7609,7609.0
6298,1,7602,7602.0
6299,1,7623,7623.0
6300,1,7616,7616.0
6301,1,7616,7616.0
6302,1,7609,7609.0
6303,1,7616,7616.0
6304,1,7616,7616.0
6305,1,7623,7623.0
6306,1,7602,7602.0
6307,1,7602,7602.0
6308,1,7609,7609.0
6309,1,7623,7623.0
6310,1,7609,7609.0
6311,1,7616,7616.0
6312,1,7609,7609.0
6313,1,7609,7609.0
6314,1,7616,7616.0
6315,1,7609,7609.0
6316,1,7609,7609.0
6317,1,7609,7609.0
6318,1,7595,7595.0
6319,1,7588,7588.0
6320,1,7602,7602.0
6321,1,7595,7595.0
6322,1,7602,7602.0
6323,1,7595,7595.0
6324,1,7595,7595.0
6325,1,7602,7602.0
6326,1,7581,7581.0
6327,1,7581,7581.0
6328,1,7595,7595.0
6329,1,7595,7595.0
6330,1,7588,7588.0
6331,1,7588,7588.0
6332,1,7581,7581.0
6333,1,7567,7567.0
6334,1,7588,7588.0
6335,1,7588,7588.0
6336,1,7581,7581.0
6337,1,7588,7588.0
6338,1,7588,7588.0
6339,1,7581,7581.0
6340,1,7588,7588.0
6341,1,7581,7581.0
6342,1,7588,7588.0
6343,1,7574,7574.0
6344,1,7574,7574.0
6345,1,7574,7574.0
6346,1,7567,7567.0
6347,1,7553,7553.0
6348,1,7553,7553.0
6349,1,7553,7553.0
6350,1,7574,7574.0
6351,1,7581,7581.0
6352,1,7588,7588.0
6353,1,7581,7581.0
6354,1,7588,7588.0
6355,1,7567,7567.0
6356,1,7574,7574.0
6357,1,7560,7560.0
6358,1,7581,7581.0
6359,1,7567,7567.0
6360,1,7567,7567.0
6361,1,7553,7553.0
6362,1,7581,7581.0
6363,1,7574,7574.0
6364,1,7567,7567.0
6365,1,7574,7574.0
6366,1,7574,7574.0
6367,1,7574,7574.0
6368,1,7567,7567.0
6369,1,7553,7553.0
6370,1,7539,7539.0
6371,1,7553,7553.0
6372,1,7546,7546.0
6373,1,7546,7546.0
6374,1,7546,7546.0
6375,1,7532,7532.0
6376,1,7553,7553.0
6377,1,7539,7539.0
6378,1,7504,7504.0
6379,1,7553,7553.0
6380,1,7539,7539.0
6381,1,7560,7560.0
6382,1,7560,7560.0
6383,1,7567,7567.0
6384,1,7581,7581.0
6385,1,7574,7574.0
6386,1,7574,7574.0
6387,1,7574,7574.0
6388,1,7567,7567.0
6389,1,7581,7581.0
6390,1,7553,7553.0
6391,1,7560,7560.0
6392,1,7581,7581.0
6393,1,7588,7588.0
6394,1,7567,7567.0
6395,1,7588,7588.0
6396,1,7588,7588.0
6397,1,7581,7581.0
6398,1,7574,7574.0
6399,1,7588,7588.0
6400,1,7574,7574.0
6401,1,7574,7574.0
6402,1,7581,7581.0
6403,1,7581,7581.0
6404,1,7602,7602.0
6405,1,7609,7609.0
6406,1,7637,7637.0
6407,1,7630,7630.0
6408,1,7630,7630.0
6409,1,7651,7651.0
6410,1,7630,7630.0
6411,1,7644,7644.0
6412,1,7644,7644.0
6413,1,7630,7630.0
6414,1,7630,7630.0
6415,1,7609,7609.0
6416,1,7602,7602.0
6417,1,7588,7588.0
6418,1,7595,7595.0
6419,1,7602,7602.0
6420,1,7581,7581.0
6421,1,7588,7588.0
6422,1,7602,7602.0
6423,1,7602,7602.0
6424,1,7595,7595.0
6425,1,7581,7581.0
6426,1,7588,7588.0
6427,1,7574,7574.0
6428,1,7595,7595.0
6429,1,7560,7560.0
6430,1,7567,7567.0
6431,1,7595,7595.0
6432,1,7574,7574.0
6433,1,7560,7560.0
6434,1,7567,7567.0
6435,1,7567,7567.0
6436,1,7588,7588.0
6437,1,7595,7595.0
6438,1,7574,7574.0
6439,1,7567,7567.0
6440,1,7581,7581.0
6441,1,7581,7581.0
6442,1,7602,7602.0
6443,1,7595,7595.0
6444,1,7602,7602.0
6445,1,7602,7602.0
6446,1,7602,7602.0
6447,1,7616,7616.0
6448,1,7602,7602.0
6449,1,7602,7602.0
6450,1,7609,7609.0
6451,1,7602,7602.0
6452,1,7609,7609.0
6453,1,7567,7567.0
6454,1,7567,7567.0
6455,1,7560,7560.0
6456,1,7581,7581.0
6457,1,7553,7553.0
6458,1,7553,7553.0
6459,1,7553,7553.0
6460,1,7602,7602.0
6461,1,7567,7567.0
6462,1,7560,7560.0
6463,1,7567,7567.0
6464,1,7609,7609.0
6465,1,7595,7595.0
6466,1,7623,7623.0
6467,1,7595,7595.0
6468,1,7595,7595.0
6469,1,7616,7616.0
6470,1,7602,7602.0
6471,1,7602,7602.0
6472,1,7595,7595.0
6473,1,7609,7609.0
6474,1,7595,7595.0
6475,1,7602,7602.0
6476,1,7602,7602.0
6477,1,7581,7581.0
6478,1,7581,7581.0
6479,1,7595,7595.0
6480,1,7595,7595.0
6481,1,7581,7581.0
6482,1,7595,7595.0
6483,1,7595,7595.0
6484,1,7588,7588.0
6485,1,7616,7616.0
6486,1,7609,7609.0
6487,1,7609,7609.0
6488,1,7609,7609.0
6489,1,7595,7595.0
6490,1,7630,7630.0
6491,1,7609,7609.0
6492,1,7616,7616.0
6493,1,7602,7602.0
6494,1,7595,7595.0
6495,1,7588,7588.0
6496,1,7602,7602.0
6497,1,7602,7602.0
6498,1,7602,7602.0
6499,1,7602,7602.0
6500,1,7581,7581.0
6501,1,7602,7602.0
6502,1,7602,7602.0
6503,1,7595,7595.0
6504,1,7595,7595.0
6505,1,7602,7602.0
6506,1,7616,7616.0
6507,1,7609,7609.0
6508,1,7609,7609.0
6509,1,7630,7630.0
6510,1,7602,7602.0
6511,1,7595,7595.0
6512,1,7588,7588.0
6513,1,7595,7595.0
6514,1,7588,7588.0
6515,1,7588,7588.0
6516,1,7588,7588.0
6517,1,7602,7602.0
6518,1,7595,7595.0
6519,1,7595,7595.0
6520,1,7602,7602.0
6521,1,7602,7602.0
6522,1,7609,7609.0
6523,1,7595,7595.0
6524,1,7595,7595.0
6525,1,7560,7560.0
6526,1,7595,7595.0
6527,1,7602,7602.0
6528,1,7574,7574.0
6529,1,7546,7546.0
6530,1,7560,7560.0
6531,1,7588,7588.0
6532,1,7616,7616.0
6533,1,7609,7609.0
6534,1,7588,7588.0
6535,1,7616,7616.0
6536,1,7609,7609.0
6537,1,7623,7623.0
6538,1,7602,7602.0
6539,1,7623,7623.0
6540,1,7630,7630.0
6541,1,7616,7616.0
6542,1,7616,7616.0
6543,1,7637,7637.0
6544,1,7644,7644.0
6545,1,7588,7588.0
6546,2,7707,3853.5
6547,1,7623,7623.0
6548,1,7602,7602.0
6549,1,7630,7630.0
6550,1,7623,7623.0
6551,1,7616,7616.0
6552,1,7630,7630.0
6553,1,7616,7616.0
6554,2,7686,3843.0
6555,2,7679,3839.5
6556,1,7616,7616.0
6557,1,7616,7616.0
6558,1,7630,7630.0
6559,1,7609,7609.0
6560,1,7609,7609.0
6561,1,7602,7602.0
6562,1,7609,7609.0
6563,1,7623,7623.0
6564,1,7609,7609.0
6565,1,7623,7623.0
6566,1,7637,7637.0
6567,1,7637,7637.0
6568,1,7630,7630.0
6569,1,7616,7616.0
6570,1,7602,7602.0
6571,1,7609,7609.0
6572,1,7609,7609.0
6573,1,7602,7602.0
6574,1,7581,7581.0
6575,1,7595,7595.0
6576,1,7609,7609.0
6577,1,7602,7602.0
6578,1,7609,7609.0
6579,1,7595,7595.0
6580,1,7616,7616.0
6581,1,7630,7630.0
6582,1,7616,7616.0
6583,1,7609,7609.0
6584,1,7623,7623.0
6585,1,7602,7602.0
6586,1,7581,7581.0
6587,1,7588,7588.0
6588,1,7588,7588.0
6589,1,7574,7574.0
6590,1,7609,7609.0
6591,1,7602,7602.0
6592,1,7574,7574.0
6593,1,7581,7581.0
6594,1,7567,7567.0
6595,1,7581,7581.0
6596,1,7574,7574.0
6597,1,7574,7574.0
6598,1,7581,7581.0
6599,1,7588,7588.0
6600,1,7574,7574.0
6601,1,7588,7588.0
6602,1,7574,7574.0
6603,1,7574,7574.0
6604,1,7574,7574.0
6605,1,7581,7581.0
6606,1,7574,7574.0
6607,1,7588,7588.0
6608,1,7588,7588.0
6609,1,7595,7595.0
6610,1,7581,7581.0
6611,1,7595,7595.0
6612,1,7595,7595.0
6613,1,7595,7595.0
6614,1,7602,7602.0
6615,1,7588,7588.0
6616,1,7574,7574.0
6617,1,7560,7560.0
6618,1,7567,7567.0
6619,1,7567,7567.0
6620,1,7567,7567.0
6621,1,7567,7567.0
6622,1,7560,7560.0
6623,1,7560,7560.0
6624,1,7553,7553.0
6625,1,7595,7595.0
6626,1,7602,7602.0
6627,1,7574,7574.0
6628,1,7567,7567.0
6629,1,7581,7581.0
6630,1,7567,7567.0
6631,1,7553,7553.0
6632,1,7553,7553.0
6633,1,7553,7553.0
6634,1,7567,7567.0
6635,1,7567,7567.0
6636,1,7574,7574.0
6637,1,7574,7574.0
6638,1,7574,7574.0
6639,1,7581,7581.0
6640,1,7581,7581.0
6641,1,7574,7574.0
6642,1,7581,7581.0
6643,1,7581,7581.0
6644,1,7574,7574.0
6645,1,7560,7560.0
6646,1,7546,7546.0
6647,1,7567,7567.0
6648,1,7560,7560.0
6649,1,7567,7567.0
6650,1,7567,7567.0
6651,1,7574,7574.0
6652,1,7560,7560.0
6653,1,7574,7574.0
6654,1,7595,7595.0
6655,1,7567,7567.0
6656,1,7553,7553.0
6657,1,7560,7560.0
6658,1,7567,7567.0
6659,1,7553,7553.0
6660,1,7560,7560.0
6661,1,7574,7574.0
6662,1,7553,7553.0
6663,1,7560,7560.0
6664,1,7574,7574.0
6665,1,7553,7553.0
6666,1,7560,7560.0
6667,1,7553,7553.0
6668,1,7553,7553.0
6669,1,7574,7574.0
6670,1,7574,7574.0
6671,1,7567,7567.0
6672,1,7574,7574.0
6673,1,7574,7574.0
6674,1,7567,7567.0
6675,1,7567,7567.0
6676,1,7567,7567.0
6677,1,7567,7567.0
6678,1,7574,7574.0
6679,1,7574,7574.0
6680,1,7553,7553.0
6681,1,7567,7567.0
6682,1,7567,7567.0
6683,1,7574,7574.0
6684,1,7574,7574.0
6685,1,7581,7581.0
6686,1,7581,7581.0
6687,1,7574,7574.0
6688,1,7560,7560.0
6689,1,7567,7567.0
6690,1,7560,7560.0
6691,1,7560,7560.0
6692,1,7546,7546.0
6693,1,7560,7560.0
6694,1,7560,7560.0
6695,1,7553,7553.0
6696,1,7553,7553.0
6697,1,7553,7553.0
6698,1,7539,7539.0
6699,1,7539,7539.0
6700,1,7546,7546.0
6701,1,7553,7553.0
6702,1,7560,7560.0
6703,1,7546,7546.0
6704,1,7574,7574.0
6705,1,7567,7567.0
6706,1,7567,7567.0
6707,1,7581,7581.0
6708,1,7567,7567.0
6709,1,7560,7560.0
6710,1,7546,7546.0
6711,1,7560,7560.0
6712,1,7532,7532.0
6713,1,7546,7546.0
6714,1,7553,7553.0
6715,1,7567,7567.0
6716,1,7560,7560.0
6717,1,7553,7553.0
6718,1,7560,7560.0
6719,1,7560,7560.0
6720,1,7546,7546.0
6721,1,7553,7553.0
6722,1,7546,7546.0
6723,1,7546,7546.0
6724,1,7560,7560.0
6725,1,7560,7560.0
6726,1,7553,7553.0
6727,1,7574,7574.0
6728,1,7546,7546.0
6729,1,7567,7567.0
6730,1,7588,7588.0
6731,1,7595,7595.0
6732,1,7609,7609.0
6733,1,7581,7581.0
6734,1,7595,7595.0
6735,1,7595,7595.0
6736,1,7567,7567.0
6737,1,7581,7581.0
6738,1,7567,7567.0
6739,1,7581,7581.0
6740,1,7595,7595.0
6741,1,7588,7588.0
6742,1,7602,7602.0
6743,1,7602,7602.0
6744,1,7609,7609.0
6745,1,7581,7581.0
6746,1,7602,7602.0
6747,1,7602,7602.0
6748,1,7581,7581.0
6749,1,7595,7595.0
6750,1,7602,7602.0
6751,1,7623,7623.0
6752,1,7630,7630.0
6753,1,7630,7630.0
6754,1,7595,7595.0
6755,1,7553,7553.0
6756,1,7588,7588.0
6757,1,7588,7588.0
6758,1,7588,7588.0
6759,1,7609,7609.0
6760,1,7588,7588.0
6761,1,7581,7581.0
6762,1,7567,7567.0
6763,1,7574,7574.0
6764,1,7588,7588.0
6765,1,7595,7595.0
6766,1,7602,7602.0
6767,1,7588,7588.0
6768,1,7581,7581.0
6769,1,7609,7609.0
6770,1,7609,7609.0
6771,1,7616,7616.0
6772,1,7616,7616.0
6773,1,7616,7616.0
6774,1,7609,7609.0
6775,1,7609,7609.0
6776,1,7609,7609.0
6777,1,7588,7588.0
6778,1,7588,7588.0
6779,1,7616,7616.0
6780,1,7609,7609.0
6781,1,7609,7609.0
6782,1,7623,7623.0
6783,1,7595,7595.0
6784,1,7609,7609.0
6785,1,7602,7602.0
6786,1,7595,7595.0
6787,1,7602,7602.0
6788,1,7609,7609.0
6789,1,7602,7602.0
6790,1,7616,7616.0
6791,1,7609,7609.0
6792,1,7588,7588.0
6793,1,7574,7574.0
6794,1,7581,7581.0
6795,1,7574,7574.0
6796,1,7567,7567.0
6797,1,7567,7567.0
6798,1,7574,7574.0
6799,1,7567,7567.0
6800,1,7574,7574.0
6801,1,7567,7567.0
6802,1,7560,7560.0
6803,1,7581,7581.0
6804,1,7567,7567.0
6805,1,7553,7553.0
6806,1,7567,7567.0
6807,1,7588,7588.0
6808,1,7574,7574.0
6809,1,7560,7560.0
6810,1,7546,7546.0
6811,1,7532,7532.0
6812,1,7567,7567.0
6813,1,7567,7567.0
6814,1,7581,7581.0
6815,1,7581,7581.0
6816,1,7567,7567.0
6817,1,7609,7609.0
6818,1,7602,7602.0
6819,1,7567,7567.0
6820,1,7609,7609.0
6821,1,7595,7595.0
6822,1,7574,7574.0
6823,1,7588,7588.0
6824,1,7546,7546.0
6825,1,7609,7609.0
6826,1,7609,7609.0
6827,1,7588,7588.0
6828,1,7623,7623.0
6829,1,7637,7637.0
6830,1,7637,7637.0
6831,1,7623,7623.0
6832,1,7630,7630.0
6833,1,7637,7637.0
6834,1,7644,7644.0
6835,1,7658,7658.0
6836,1,7630,7630.0
6837,1,7602,7602.0
6838,1,7623,7623.0
6839,1,7623,7623.0
6840,1,7644,7644.0
6841,1,7623,7623.0
6842,1,7630,7630.0
6843,1,7630,7630.0
6844,1,7616,7616.0
6845,1,7651,7651.0
6846,1,7637,7637.0
6847,1,7637,7637.0
6848,1,7637,7637.0
6849,1,7623,7623.0
6850,1,7623,7623.0
6851,1,7623,7623.0
6852,1,7637,7637.0
6853,1,7630,7630.0
6854,1,7644,7644.0
6855,1,7623,7623.0
6856,1,7609,7609.0
6857,1,7609,7609.0
6858,1,7595,7595.0
6859,1,7602,7602.0
6860,1,7609,7609.0
6861,1,7595,7595.0
6862,1,7609,7609.0
6863,1,7609,7609.0
6864,1,7602,7602.0
6865,1,7609,7609.0
6866,1,7602,7602.0
6867,1,7602,7602.0
6868,1,7581,7581.0
6869,1,7574,7574.0
6870,1,7581,7581.0
6871,1,7574,7574.0
6872,1,7581,7581.0
6873,1,7588,7588.0
6874,1,7581,7581.0
6875,1,7588,7588.0
6876,1,7588,7588.0
6877,1,7602,7602.0
6878,1,7595,7595.0
6879,1,7588,7588.0
6880,1,7567,7567.0
6881,1,7581,7581.0
6882,1,7581,7581.0
6883,1,7588,7588.0
6884,1,7581,7581.0
6885,1,7581,7581.0
6886,1,7588,7588.0
6887,1,7581,7581.0
6888,1,7588,7588.0
6889,1,7602,7602.0
6890,1,7588,7588.0
6891,1,7588,7588.0
6892,1,7595,7595.0
6893,1,7588,7588.0
6894,1,7588,7588.0
6895,1,7588,7588.0
6896,1,7595,7595.0
6897,1,7595,7595.0
6898,1,7602,7602.0
6899,1,7581,7581.0
6900,1,7581,7581.0
6901,1,7574,7574.0
6902,1,7588,7588.0
6903,1,7574,7574.0
6904,1,7588,7588.0
6905,1,7602,7602.0
6906,1,7588,7588.0
6907,1,7588,7588.0
6908,1,7581,7581.0
6909,2,7637,3818.5
6910,2,7630,3815.0
6911,1,7588,7588.0
6912,1,7588,7588.0
6913,1,7581,7581.0
6914,1,7581,7581.0
6915,1,7588,7588.0
6916,1,7588,7588.0
6917,1,7581,7581.0
6918,1,7588,7588.0
6919,1,7602,7602.0
6920,1,7602,7602.0
6921,1,7595,7595.0
6922,1,7588,7588.0
6923,1,7581,7581.0
6924,1,7581,7581.0
6925,1,7581,7581.0
6926,1,7574,7574.0
6927,1,7588,7588.0
6928,1,7588,7588.0
6929,1,7581,7581.0
6930,1,7588,7588.0
6931,1,7581,7581.0
6932,1,7560,7560.0
6933,1,7567,7567.0
6934,1,7567,7567.0
6935,1,7567,7567.0
6936,1,7581,7581.0
6937,1,7574,7574.0
6938,1,7588,7588.0
6939,1,7588,7588.0
6940,1,7602,7602.0
6941,1,7609,7609.0
6942,1,7595,7595.0
6943,1,7588,7588.0
6944,1,7595,7595.0
6945,1,7602,7602.0
6946,1,7595,7595.0
6947,1,7602,7602.0
6948,1,7602,7602.0
6949,1,7588,7588.0
6950,1,7588,7588.0
6951,1,7595,7595.0
6952,1,7602,7602.0
6953,1,7602,7602.0
6954,1,7602,7602.0
6955,1,7602,7602.0
6956,1,7595,7595.0
6957,1,7602,7602.0
6958,1,7609,7609.0
6959,1,7609,7609.0
6960,1,7588,7588.0
6961,1,7588,7588.0
6962,1,7581,7581.0
6963,1,7609,7609.0
6964,1,7609,7609.0
6965,1,7602,7602.0
6966,1,7595,7595.0
6967,1,7588,7588.0
6968,1,7595,7595.0
6969,1,7574,7574.0
6970,1,7581,7581.0
6971,1,7602,7602.0
6972,1,7609,7609.0
6973,1,7623,7623.0
6974,1,7616,7616.0
6975,1,7630,7630.0
6976,1,7567,7567.0
6977,1,7581,7581.0
6978,1,7588,7588.0
6979,1,7588,7588.0
6980,1,7588,7588.0
6981,1,7560,7560.0
6982,1,7574,7574.0
6983,1,7560,7560.0
6984,1,7553,7553.0
6985,1,7567,7567.0
6986,1,7553,7553.0
6987,1,7546,7546.0
6988,1,7574,7574.0
6989,1,7574,7574.0
6990,1,7553,7553.0
6991,1,7567,7567.0
6992,1,7574,7574.0
6993,1,7588,7588.0
6994,1,7574,7574.0
6995,1,7567,7567.0
6996,1,7609,7609.0
6997,1,7574,7574.0
6998,1,7581,7581.0
6999,1,7560,7560.0
7000,1,7581,7581.0
7001,1,7595,7595.0
7002,1,7602,7602.0
7003,1,7616,7616.0
7004,1,7574,7574.0
7005,1,7595,7595.0
7006,1,7595,7595.0
7007,1,7595,7595.0
7008,1,7588,7588.0
7009,1,7616,7616.0
7010,1,7609,7609.0
7011,1,7602,7602.0
7012,1,7588,7588.0
7013,1,7595,7595.0
7014,1,7595,7595.0
7015,1,7595,7595.0
7016,1,7581,7581.0
7017,1,7581,7581.0
7018,1,7567,7567.0
7019,1,7553,7553.0
7020,1,7595,7595.0
7021,1,7588,7588.0
7022,1,7602,7602.0
7023,1,7560,7560.0
7024,1,7567,7567.0
7025,1,7581,7581.0
7026,1,7581,7581.0
7027,1,7574,7574.0
7028,1,7574,7574.0
7029,1,7567,7567.0
7030,1,7602,7602.0
7031,1,7581,7581.0
7032,1,7595,7595.0
7033,1,7595,7595.0
7034,1,7616,7616.0
7035,1,7616,7616.0
7036,1,7616,7616.0
7037,1,7616,7616.0
7038,1,7616,7616.0
7039,1,7609,7609.0
7040,1,7595,7595.0
7041,1,7595,7595.0
7042,1,7595,7595.0
7043,1,7595,7595.0
7044,1,7595,7595.0
7045,1,7595,7595.0
7046,1,7595,7595.0
7047,1,7623,7623.0
7048,1,7616,7616.0
7049,1,7616,7616.0
7050,1,7574,7574.0
7051,1,7595,7595.0
7052,1,7595,7595.0
7053,1,7567,7567.0
7054,1,7581,7581.0
7055,1,7553,7553.0
7056,1,7567,7567.0
7057,1,7581,7581.0
7058,1,7581,7581.0
7059,1,7609,7609.0
7060,1,7609,7609.0
7061,1,7581,7581.0
7062,1,7602,7602.0
7063,1,7602,7602.0
7064,1,7588,7588.0
7065,1,7574,7574.0
7066,1,7567,7567.0
7067,1,7567,7567.0
7068,1,7588,7588.0
7069,1,7595,7595.0
7070,1,7581,7581.0
7071,1,7616,7616.0
7072,1,7595,7595.0
7073,1,7581,7581.0
7074,1,7581,7581.0
7075,1,7567,7567.0
7076,1,7574,7574.0
7077,1,7567,7567.0
7078,1,7553,7553.0
7079,1,7553,7553.0
7080,1,7581,7581.0
7081,1,7546,7546.0
7082,1,7553,7553.0
7083,1,7553,7553.0
7084,1,7553,7553.0
7085,1,7525,7525.0
7086,1,7539,7539.0
7087,1,7525,7525.0
7088,1,7525,7525.0
7089,1,7511,7511.0
7090,1,7511,7511.0
7091,1,7504,7504.0
7092,1,7497,7497.0
7093,1,7511,7511.0
7094,1,7490,7490.0
7095,1,7504,7504.0
7096,1,7497,7497.0
7097,1,7511,7511.0
7098,1,7504,7504.0
7099,1,7497,7497.0
7100,1,7511,7511.0
7101,1,7532,7532.0
7102,1,7518,7518.0
7103,1,7511,7511.0
7104,1,7532,7532.0
7105,1,7525,7525.0
7106,1,7525,7525.0
7107,1,7511,7511.0
7108,1,7504,7504.0
7109,1,7511,7511.0
7110,1,7525,7525.0
7111,1,7518,7518.0
7112,1,7546,7546.0
7113,1,7497,7497.0
7114,1,7511,7511.0
7115,1,7525,7525.0
7116,1,7525,7525.0
7117,1,7518,7518.0
7118,1,7553,7553.0
7119,1,7532,7532.0
7120,1,7539,7539.0
7121,1,7567,7567.0
7122,1,7560,7560.0
7123,1,7567,7567.0
7124,1,7567,7567.0
7125,1,7574,7574.0
7126,1,7574,7574.0
7127,1,7581,7581.0
7128,1,7574,7574.0
7129,1,7567,7567.0
7130,1,7602,7602.0
7131,1,7581,7581.0
7132,1,7588,7588.0
7133,1,7560,7560.0
7134,1,7560,7560.0
7135,1,7574,7574.0
7136,1,7553,7553.0
7137,1,7609,7609.0
7138,1,7532,7532.0
7139,1,7560,7560.0
7140,1,7539,7539.0
7141,1,7574,7574.0
7142,1,7567,7567.0
7143,1,7567,7567.0
7144,1,7560,7560.0
7145,1,7567,7567.0
7146,1,7553,7553.0
7147,1,7567,7567.0
7148,1,7560,7560.0
7149,1,7532,7532.0
7150,1,7539,7539.0
7151,1,7553,7553.0
7152,1,7546,7546.0
7153,1,7532,7532.0
7154,1,7546,7546.0
7155,1,7539,7539.0
7156,1,7539,7539.0
7157,1,7539,7539.0
7158,1,7539,7539.0
7159,1,7546,7546.0
7160,1,7546,7546.0
7161,1,7553,7553.0
7162,1,7560,7560.0
7163,1,7539,7539.0
7164,1,7532,7532.0
7165,1,7546,7546.0
7166,1,7553,7553.0
7167,1,7539,7539.0
7168,1,7539,7539.0
7169,1,7553,7553.0
7170,1,7539,7539.0
7171,1,7539,7539.0
7172,1,7532,7532.0
7173,1,7511,7511.0
7174,1,7525,7525.0
7175,1,7532,7532.0
7176,1,7525,7525.0
7177,1,7553,7553.0
7178,1,7546,7546.0
7179,1,7553,7553.0
7180,1,7546,7546.0
7181,1,7546,7546.0
7182,1,7567,7567.0
7183,1,7574,7574.0
7184,1,7539,7539.0
7185,1,7567,7567.0
7186,1,7546,7546.0
7187,1,7567,7567.0
7188,1,7539,7539.0
7189,1,7574,7574.0
7190,1,7574,7574.0
7191,1,7560,7560.0
7192,1,7588,7588.0
7193,1,7574,7574.0
7194,1,7546,7546.0
7195,1,7553,7553.0
7196,1,7567,7567.0
7197,1,7581,7581.0
7198,1,7581,7581.0
7199,1,7553,7553.0
7200,1,7567,7567.0
7201,1,7588,7588.0
7202,1,7602,7602.0
7203,1,7567,7567.0
7204,1,7581,7581.0
7205,1,7574,7574.0
7206,1,7581,7581.0
7207,1,7581,7581.0
7208,1,7574,7574.0
7209,1,7581,7581.0
7210,1,7574,7574.0
7211,1,7581,7581.0
7212,1,7595,7595.0
7213,1,7602,7602.0
7214,1,7595,7595.0
7215,1,7588,7588.0
7216,1,7602,7602.0
7217,1,7623,7623.0
7218,1,7644,7644.0
7219,1,7644,7644.0
7220,1,7609,7609.0
7221,1,7623,7623.0
7222,1,7609,7609.0
7223,1,7602,7602.0
7224,1,7595,7595.0
7225,1,7588,7588.0
7226,1,7637,7637.0
7227,1,7595,7595.0
7228,1,7588,7588.0
7229,1,7602,7602.0
7230,1,7595,7595.0
7231,1,7602,7602.0
7232,1,7637,7637.0
7233,1,7637,7637.0
7234,1,7637,7637.0
7235,1,7630,7630.0
7236,1,7630,7630.0
7237,1,7623,7623.0
7238,1,7630,7630.0
7239,1,7623,7623.0
7240,1,7630,7630.0
7241,1,7595,7595.0
7242,1,7595,7595.0
7243,1,7602,7602.0
7244,1,7609,7609.0
7245,1,7602,7602.0
7246,1,7595,7595.0
7247,1,7616,7616.0
7248,1,7651,7651.0
7249,1,7630,7630.0
7250,1,7595,7595.0
7251,1,7595,7595.0
7252,1,7602,7602.0
7253,1,7581,7581.0
7254,1,7567,7567.0
7255,1,7581,7581.0
7256,1,7588,7588.0
7257,1,7602,7602.0
7258,1,7595,7595.0
7259,1,7595,7595.0
7260,1,7609,7609.0
7261,1,7595,7595.0
7262,1,7602,7602.0
7263,1,7588,7588.0
7264,1,7602,7602.0
7265,1,7609,7609.0
7266,1,7602,7602.0
7267,1,7595,7595.0
7268,1,7623,7623.0
7269,1,7602,7602.0
7270,1,7609,7609.0
7271,1,7602,7602.0
7272,1,7581,7581.0
7273,1,7581,7581.0
7274,1,7567,7567.0
7275,1,7588,7588.0
7276,1,7595,7595.0
7277,1,7588,7588.0
7278,1,7595,7595.0
7279,1,7595,7595.0
7280,1,7588,7588.0
7281,1,7588,7588.0
7282,1,7588,7588.0
7283,1,7602,7602.0
7284,1,7616,7616.0
7285,1,7623,7623.0
7286,1,7595,7595.0
7287,1,7595,7595.0
7288,1,7588,7588.0
7289,1,7588,7588.0
7290,1,7609,7609.0
7291,1,7651,7651.0
7292,1,7623,7623.0
7293,1,7602,7602.0
7294,1,7595,7595.0
7295,1,7602,7602.0
7296,1,7623,7623.0
7297,1,7616,7616.0
7298,1,7609,7609.0
7299,1,7602,7602.0
7300,1,7581,7581.0
7301,1,7581,7581.0
7302,1,7602,7602.0
7303,1,7602,7602.0
7304,1,7609,7609.0
7305,1,7623,7623.0
7306,1,7616,7616.0
7307,1,7616,7616.0
7308,1,7609,7609.0
7309,1,7623,7623.0
7310,1,7616,7616.0
7311,1,7616,7616.0
7312,1,7609,7609.0
7313,1,7616,7616.0
7314,1,7609,7609.0
7315,1,7616,7616.0
7316,1,7616,7616.0
7317,1,7616,7616.0
7318,1,7623,7623.0
7319,1,7616,7616.0
7320,1,7602,7602.0
7321,1,7602,7602.0
7322,1,7602,7602.0
7323,1,7609,7609.0
7324,1,7609,7609.0
7325,1,7616,7616.0
7326,1,7609,7609.0
7327,1,7609,7609.0
7328,1,7616,7616.0
7329,1,7616,7616.0
7330,1,7630,7630.0
7331,1,7623,7623.0
7332,1,7616,7616.0
7333,1,7595,7595.0
7334,1,7595,7595.0
7335,1,7616,7616.0
7336,1,7581,7581.0
7337,1,7602,7602.0
7338,1,7616,7616.0
7339,1,7602,7602.0
7340,1,7595,7595.0
7341,1,7602,7602.0
7342,1,7602,7602.0
7343,1,7602,7602.0
7344,1,7595,7595.0
7345,1,7588,7588.0
7346,1,7581,7581.0
7347,1,7588,7588.0
7348,1,7602,7602.0
7349,1,7588,7588.0
7350,1,7602,7602.0
7351,1,7595,7595.0
7352,1,7595,7595.0
7353,1,7602,7602.0
7354,1,7616,7616.0
7355,1,7602,7602.0
7356,1,7616,7616.0
7357,1,7609,7609.0
7358,1,7623,7623.0
7359,1,7630,7630.0
7360,1,7623,7623.0
7361,1,7630,7630.0
7362,1,7637,7637.0
7363,1,7623,7623.0
7364,1,7602,7602.0
7365,1,7616,7616.0
7366,1,7644,7644.0
7367,1,7637,7637.0
7368,1,7637,7637.0
7369,1,7651,7651.0
7370,1,7665,7665.0
7371,1,7679,7679.0
7372,1,7679,7679.0
7373,1,7672,7672.0
7374,1,7672,7672.0
7375,1,7672,7672.0
7376,1,7672,7672.0
7377,1,7672,7672.0
7378,1,7679,7679.0
7379,1,7665,7665.0
7380,1,7686,7686.0
7381,1,7686,7686.0
7382,1,7686,7686.0
7383,1,7686,7686.0
7384,1,7672,7672.0
7385,1,7672,7672.0
7386,1,7658,7658.0
7387,1,7672,7672.0
7388,1,7686,7686.0
7389,1,7686,7686.0
7390,1,7672,7672.0
7391,1,7672,7672.0
7392,1,7672,7672.0
7393,1,7679,7679.0
7394,1,7665,7665.0
7395,1,7658,7658.0
7396,1,7658,7658.0
7397,1,7651,7651.0
7398,1,7658,7658.0
7399,1,7651,7651.0
7400,1,7672,7672.0
7401,1,7672,7672.0
7402,1,7686,7686.0
7403,1,7686,7686.0
7404,1,7686,7686.0
7405,1,7672,7672.0
7406,1,7679,7679.0
7407,1,7693,7693.0
7408,1,7707,7707.0
7409,1,7693,7693.0
7410,1,7686,7686.0
7411,1,7700,7700.0
7412,1,7707,7707.0
7413,1,7714,7714.0
7414,1,7728,7728.0
7415,1,7721,7721.0
7416,1,7700,7700.0
7417,1,7707,7707.0
7418,1,7693,7693.0
7419,1,7693,7693.0
7420,1,7693,7693.0
7421,1,7700,7700.0
7422,1,7714,7714.0
7423,1,7714,7714.0
7424,1,7735,7735.0
7425,1,7700,7700.0
7426,1,7714,7714.0
7427,1,7728,7728.0
7428,1,7714,7714.0
7429,1,7735,7735.0
7430,1,7756,7756.0
7431,1,7756,7756.0
7432,1,7742,7742.0
7433,1,7763,7763.0
7434,1,7756,7756.0
7435,1,7749,7749.0
7436,1,7756,7756.0
7437,1,7742,7742.0
7438,1,7756,7756.0
7439,1,7756,7756.0
7440,1,7749,7749.0
7441,1,7735,7735.0
7442,1,7756,7756.0
7443,1,7763,7763.0
7444,1,7749,7749.0
7445,1,7749,7749.0
7446,1,7763,7763.0
7447,1,7749,7749.0
7448,1,7756,7756.0
7449,1,7770,7770.0
7450,1,7777,7777.0
7451,1,7784,7784.0
7452,1,7784,7784.0
7453,1,7749,7749.0
7454,1,7742,7742.0
7455,1,7749,7749.0
7456,1,7742,7742.0
7457,1,7735,7735.0
7458,1,7742,7742.0
7459,1,7735,7735.0
7460,1,7742,7742.0
7461,1,7756,7756.0
7462,1,7756,7756.0
7463,1,7777,7777.0
7464,1,7784,7784.0
7465,1,7770,7770.0
7466,1,7784,7784.0
7467,1,7784,7784.0
7468,1,7770,7770.0
7469,1,7749,7749.0
7470,1,7770,7770.0
7471,1,7756,7756.0
7472,1,7763,7763.0
7473,1,7756,7756.0
7474,1,7756,7756.0
7475,1,7749,7749.0
7476,1,7749,7749.0
7477,1,7742,7742.0
7478,1,7756,7756.0
7479,1,7763,7763.0
7480,1,7756,7756.0
7481,1,7763,7763.0
7482,1,7770,7770.0
7483,1,7756,7756.0
7484,1,7763,7763.0
7485,1,7742,7742.0
7486,1,7763,7763.0
7487,1,7742,7742.0
7488,1,7742,7742.0
7489,1,7742,7742.0
7490,1,7742,7742.0
7491,1,7749,7749.0
7492,1,7742,7742.0
7493,1,7742,7742.0
7494,1,7728,7728.0
7495,1,7721,7721.0
7496,1,7714,7714.0
7497,1,7714,7714.0
7498,1,7728,7728.0
7499,1,7714,7714.0
7500,1,7714,7714.0
7501,1,7728,7728.0
7502,1,7728,7728.0
7503,1,7721,7721.0
7504,1,7735,7735.0
7505,1,7742,7742.0
7506,1,7735,7735.0
7507,1,7742,7742.0
7508,1,7714,7714.0
7509,1,7714,7714.0
7510,1,7742,7742.0
7511,1,7714,7714.0
7512,1,7700,7700.0
7513,1,7707,7707.0
7514,1,7700,7700.0
7515,1,7693,7693.0
7516,1,7707,7707.0
7517,1,7714,7714.0
7518,1,7707,7707.0
7519,1,7707,7707.0
7520,1,7707,7707.0
7521,1,7714,7714.0
7522,1,7721,7721.0
7523,1,7728,7728.0
7524,1,7728,7728.0
7525,1,7735,7735.0
7526,1,7728,7728.0
7527,1,7728,7728.0
7528,1,7721,7721.0
7529,1,7714,7714.0
7530,1,7728,7728.0
7531,1,7728,7728.0
7532,1,7742,7742.0
7533,1,7728,7728.0
7534,1,7742,7742.0
7535,1,7756,7756.0
7536,1,7749,7749.0
7537,1,7749,7749.0
7538,1,7763,7763.0
7539,1,7728,7728.0
7540,1,7735,7735.0
7541,1,7756,7756.0
7542,1,7756,7756.0
7543,1,7749,7749.0
7544,1,7763,7763.0
7545,1,7742,7742.0
7546,1,7742,7742.0
7547,1,7742,7742.0
7548,1,7721,7721.0
7549,1,7728,7728.0
7550,1,7714,7714.0
7551,1,7714,7714.0
7552,1,7700,7700.0
7553,1,7714,7714.0
7554,1,7714,7714.0
7555,1,7735,7735.0
7556,1,7728,7728.0
7557,1,7721,7721.0
7558,1,7721,7721.0
7559,1,7728,7728.0
7560,1,7707,7707.0
7561,1,7693,7693.0
7562,1,7728,7728.0
7563,1,7721,7721.0
7564,1,7721,7721.0
7565,1,7742,7742.0
7566,1,7735,7735.0
7567,1,7728,7728.0
7568,1,7714,7714.0
7569,1,7714,7714.0
7570,1,7714,7714.0
7571,1,7728,7728.0
7572,1,7714,7714.0
7573,1,7728,7728.0
7574,1,7742,7742.0
7575,1,7721,7721.0
7576,1,7735,7735.0
7577,1,7707,7707.0
7578,1,7735,7735.0
7579,1,7714,7714.0
7580,1,7707,7707.0
7581,1,7707,7707.0
7582,1,7714,7714.0
7583,1,7700,7700.0
7584,1,7707,7707.0
7585,1,7728,7728.0
7586,1,7707,7707.0
7587,1,7700,7700.0
7588,1,7700,7700.0
7589,1,7707,7707.0
7590,1,7714,7714.0
7591,1,7700,7700.0
7592,1,7721,7721.0
7593,1,7700,7700.0
7594,1,7735,7735.0
7595,1,7707,7707.0
7596,1,7735,7735.0
7597,1,7714,7714.0
7598,1,7686,7686.0
7599,1,7707,7707.0
7600,1,7693,7693.0
7601,1,7700,7700.0
7602,1,7686,7686.0
7603,1,7700,7700.0
7604,1,7714,7714.0
7605,1,7693,7693.0
7606,1,7679,7679.0
7607,1,7686,7686.0
7608,1,7679,7679.0
7609,1,7679,7679.0
7610,1,7672,7672.0
7611,1,7672,7672.0
7612,1,7672,7672.0
7613,1,7672,7672.0
7614,1,7672,7672.0
7615,1,7665,7665.0
7616,1,7665,7665.0
7617,1,7686,7686.0
7618,1,7665,7665.0
7619,1,7672,7672.0
7620,1,7672,7672.0
7621,1,7665,7665.0
7622,1,7693,7693.0
7623,1,7700,7700.0
7624,1,7693,7693.0
7625,1,7707,7707.0
7626,1,7686,7686.0
7627,1,7714,7714.0
7628,1,7714,7714.0
7629,1,7707,7707.0
7630,1,7693,7693.0
7631,1,7672,7672.0
7632,1,7693,7693.0
7633,1,7693,7693.0
7634,1,7693,7693.0
7635,1,7693,7693.0
7636,1,7693,7693.0
7637,1,7686,7686.0
7638,1,7707,7707.0
7639,1,7700,7700.0
7640,1,7644,7644.0
7641,1,7686,7686.0
7642,1,7693,7693.0
7643,1,7679,7679.0
7644,1,7679,7679.0
7645,1,7686,7686.0
7646,1,7658,7658.0
7647,1,7637,7637.0
7648,1,7623,7623.0
7649,1,7637,7637.0
7650,1,7651,7651.0
7651,1,7651,7651.0
7652,1,7644,7644.0
7653,1,7658,7658.0
7654,1,7630,7630.0
7655,1,7623,7623.0
7656,1,7630,7630.0
7657,1,7630,7630.0
7658,1,7630,7630.0
7659,1,7623,7623.0
7660,1,7609,7609.0
7661,1,7630,7630.0
7662,1,7623,7623.0
7663,1,7637,7637.0
7664,1,7637,7637.0
7665,1,7644,7644.0
7666,1,7637,7637.0
7667,1,7637,7637.0
7668,1,7637,7637.0
7669,1,7637,7637.0
7670,1,7637,7637.0
7671,1,7644,7644.0
7672,1,7644,7644.0
7673,1,7630,7630.0
7674,1,7623,7623.0
7675,1,7630,7630.0
7676,1,7616,7616.0
7677,1,7616,7616.0
7678,1,7609,7609.0
7679,1,7616,7616.0
7680,1,7616,7616.0
7681,1,7616,7616.0
7682,1,7630,7630.0
7683,1,7644,7644.0
7684,1,7644,7644.0
7685,1,7644,7644.0
7686,1,7644,7644.0
7687,1,7651,7651.0
7688,1,7644,7644.0
7689,1,7637,7637.0
7690,1,7637,7637.0
7691,1,7644,7644.0
7692,1,7637,7637.0
7693,1,7630,7630.0
7694,1,7630,7630.0
7695,1,7616,7616.0
7696,1,7637,7637.0
7697,1,7630,7630.0
7698,1,7623,7623.0
7699,1,7623,7623.0
7700,1,7616,7616.0
7701,1,7630,7630.0
7702,1,7630,7630.0
7703,1,7616,7616.0
7704,1,7616,7616.0
7705,1,7602,7602.0
7706,1,7588,7588.0
7707,1,7602,7602.0
7708,1,7602,7602.0
7709,1,7623,7623.0
7710,1,7644,7644.0
7711,1,7644,7644.0
7712,1,7630,7630.0
7713,1,7637,7637.0
7714,1,7637,7637.0
7715,1,7630,7630.0
7716,1,7623,7623.0
7717,1,7637,7637.0
7718,1,7637,7637.0
7719,1,7623,7623.0
7720,1,7623,7623.0
7721,1,7637,7637.0
7722,1,7630,7630.0
7723,1,7623,7623.0
7724,1,7623,7623.0
7725,1,7616,7616.0
7726,1,7616,7616.0
7727,1,7630,7630.0
7728,1,7630,7630.0
7729,1,7630,7630.0
7730,1,7637,7637.0
7731,1,7644,7644.0
7732,1,7609,7609.0
7733,1,7623,7623.0
7734,1,7623,7623.0
7735,1,7630,7630.0
7736,1,7637,7637.0
7737,1,7623,7623.0
7738,1,7623,7623.0
7739,1,7623,7623.0
7740,1,7609,7609.0
7741,1,7637,7637.0
7742,1,7644,7644.0
7743,1,7637,7637.0
7744,1,7623,7623.0
7745,1,7609,7609.0
7746,1,7609,7609.0
7747,1,7609,7609.0
7748,1,7623,7623.0
7749,1,7616,7616.0
7750,1,7602,7602.0
7751,1,7609,7609.0
7752,1,7623,7623.0
7753,1,7616,7616.0
7754,1,7616,7616.0
7755,1,7616,7616.0
7756,1,7616,7616.0
7757,1,7623,7623.0
7758,1,7623,7623.0
7759,1,7616,7616.0
7760,1,7609,7609.0
7761,1,7616,7616.0
7762,1,7616,7616.0
7763,1,7616,7616.0
7764,1,7616,7616.0
7765,1,7602,7602.0
7766,1,7602,7602.0
7767,1,7609,7609.0
7768,1,7602,7602.0
7769,1,7609,7609.0
7770,1,7609,7609.0
7771,1,7609,7609.0
7772,1,7595,7595.0
7773,1,7588,7588.0
7774,1,7595,7595.0
7775,1,7581,7581.0
7776,1,7588,7588.0
7777,1,7595,7595.0
7778,1,7595,7595.0
7779,1,7581,7581.0
7780,1,7588,7588.0
7781,1,7602,7602.0
7782,1,7616,7616.0
7783,1,7623,7623.0
7784,1,7616,7616.0
7785,1,7588,7588.0
7786,1,7602,7602.0
7787,1,7609,7609.0
7788,1,7595,7595.0
7789,1,7595,7595.0
7790,1,7581,7581.0
7791,1,7581,7581.0
7792,1,7581,7581.0
7793,1,7581,7581.0
7794,1,7581,7581.0
7795,1,7588,7588.0
7796,1,7581,7581.0
7797,1,7588,7588.0
7798,1,7595,7595.0
7799,1,7581,7581.0
7800,1,7581,7581.0
7801,1,7574,7574.0
7802,1,7567,7567.0
7803,1,7574,7574.0
7804,1,7581,7581.0
7805,1,7581,7581.0
7806,1,7574,7574.0
7807,1,7588,7588.0
7808,1,7595,7595.0
7809,1,7588,7588.0
7810,1,7602,7602.0
7811,1,7595,7595.0
7812,1,7602,7602.0
7813,1,7602,7602.0
7814,1,7595,7595.0
7815,1,7595,7595.0
7816,1,7588,7588.0
7817,1,7616,7616.0
7818,1,7637,7637.0
7819,1,7616,7616.0
7820,1,7595,7595.0
7821,1,7623,7623.0
7822,1,7623,7623.0
7823,1,7616,7616.0
7824,1,7616,7616.0
7825,1,7609,7609.0
7826,1,7595,7595.0
7827,1,7588,7588.0
7828,1,7588,7588.0
7829,1,7595,7595.0
7830,1,7616,7616.0
7831,1,7588,7588.0
7832,1,7609,7609.0
7833,1,7574,7574.0
7834,1,7581,7581.0
7835,1,7588,7588.0
7836,1,7588,7588.0
7837,1,7616,7616.0
7838,1,7623,7623.0
7839,1,7602,7602.0
7840,1,7616,7616.0
7841,1,7637,7637.0
7842,1,7595,7595.0
7843,1,7602,7602.0
7844,1,7581,7581.0
7845,1,7588,7588.0
7846,1,7609,7609.0
7847,1,7609,7609.0
7848,1,7609,7609.0
7849,1,7609,7609.0
7850,1,7602,7602.0
7851,1,7588,7588.0
7852,1,7609,7609.0
7853,1,7623,7623.0
7854,1,7616,7616.0
7855,1,7595,7595.0
7856,1,7595,7595.0
7857,1,7595,7595.0
7858,1,7602,7602.0
7859,1,7602,7602.0
7860,1,7623,7623.0
7861,1,7616,7616.0
7862,1,7616,7616.0
7863,1,7616,7616.0
7864,1,7609,7609.0
7865,1,7609,7609.0
7866,1,7602,7602.0
7867,1,7616,7616.0
7868,1,7616,7616.0
7869,1,7616,7616.0
7870,1,7595,7595.0
7871,1,7609,7609.0
7872,1,7581,7581.0
7873,1,7595,7595.0
7874,1,7595,7595.0
7875,1,7602,7602.0
7876,1,7609,7609.0
7877,1,7616,7616.0
7878,1,7616,7616.0
7879,1,7616,7616.0
7880,1,7623,7623.0
7881,1,7623,7623.0
7882,1,7623,7623.0
7883,1,7609,7609.0
7884,1,7602,7602.0
7885,1,7588,7588.0
7886,1,7595,7595.0
7887,1,7595,7595.0
7888,1,7595,7595.0
7889,1,7595,7595.0
7890,1,7595,7595.0
7891,1,7574,7574.0
7892,1,7588,7588.0
7893,1,7567,7567.0
7894,1,7574,7574.0
7895,1,7567,7567.0
7896,1,7560,7560.0
7897,1,7574,7574.0
7898,1,7581,7581.0
7899,1,7581,7581.0
7900,1,7574,7574.0
7901,1,7588,7588.0
7902,1,7588,7588.0
7903,1,7588,7588.0
7904,1,7581,7581.0
7905,1,7581,7581.0
7906,1,7560,7560.0
7907,1,7567,7567.0
7908,1,7567,7567.0
7909,1,7595,7595.0
7910,1,7560,7560.0
7911,1,7574,7574.0
7912,1,7588,7588.0
7913,1,7567,7567.0
7914,1,7602,7602.0
7915,1,7616,7616.0
7916,1,7616,7616.0
7917,1,7588,7588.0
7918,1,7595,7595.0
7919,1,7574,7574.0
7920,1,7609,7609.0
7921,1,7616,7616.0
7922,1,7602,7602.0
7923,1,7588,7588.0
7924,1,7602,7602.0
7925,1,7616,7616.0
7926,1,7616,7616.0
7927,1,7630,7630.0
7928,1,7616,7616.0
7929,1,7630,7630.0
7930,1,7588,7588.0
7931,1,7588,7588.0
7932,1,7602,7602.0
7933,1,7595,7595.0
7934,1,7588,7588.0
7935,1,7609,7609.0
7936,1,7595,7595.0
7937,1,7602,7602.0
7938,1,7609,7609.0
7939,1,7602,7602.0
7940,1,7588,7588.0
7941,1,7567,7567.0
7942,1,7602,7602.0
7943,1,7616,7616.0
7944,1,7602,7602.0
7945,1,7616,7616.0
7946,1,7602,7602.0
7947,1,7616,7616.0
7948,1,7609,7609.0
7949,1,7609,7609.0
7950,1,7609,7609.0
7951,1,7602,7602.0
7952,1,7602,7602.0
7953,1,7595,7595.0
7954,1,7623,7623.0
7955,1,7616,7616.0
7956,1,7616,7616.0
7957,1,7616,7616.0
7958,1,7609,7609.0
7959,1,7623,7623.0
7960,1,7616,7616.0
7961,1,7637,7637.0
7962,1,7637,7637.0
7963,1,7630,7630.0
7964,1,7637,7637.0
7965,1,7651,7651.0
7966,1,7637,7637.0
7967,1,7637,7637.0
7968,1,7637,7637.0
7969,1,7644,7644.0
7970,1,7658,7658.0
7971,1,7644,7644.0
7972,1,7637,7637.0
7973,1,7623,7623.0
7974,1,7644,7644.0
7975,1,7623,7623.0
7976,1,7630,7630.0
7977,1,7651,7651.0
7978,1,7623,7623.0
7979,1,7623,7623.0
7980,1,7609,7609.0
7981,1,7623,7623.0
7982,1,7623,7623.0
7983,1,7602,7602.0
7984,1,7623,7623.0
7985,1,7644,7644.0
7986,1,7637,7637.0
7987,1,7637,7637.0
7988,1,7630,7630.0
7989,1,7637,7637.0
7990,1,7630,7630.0
7991,1,7637,7637.0
7992,1,7644,7644.0
7993,1,7623,7623.0
7994,1,7651,7651.0
7995,1,7651,7651.0
7996,1,7644,7644.0
7997,1,7651,7651.0
7998,1,7651,7651.0
7999,1,7651,7651.0
8000,1,7651,7651.0
8001,1,7644,7644.0
8002,1,7637,7637.0
8003,1,7616,7616.0
8004,1,7630,7630.0
8005,1,7644,7644.0
8006,1,7623,7623.0
8007,1,7623,7623.0
8008,1,7637,7637.0
8009,1,7644,7644.0
8010,1,7623,7623.0
8011,1,7623,7623.0
8012,1,7630,7630.0
8013,1,7623,7623.0
8014,1,7623,7623.0
8015,1,7630,7630.0
8016,1,7616,7616.0
8017,1,7623,7623.0
8018,1,7658,7658.0
8019,1,7651,7651.0
8020,1,7630,7630.0
8021,1,7623,7623.0
8022,1,7602,7602.0
8023,1,7630,7630.0
8024,1,7651,7651.0
8025,1,7630,7630.0
8026,1,7658,7658.0
8027,1,7658,7658.0
8028,1,7651,7651.0
8029,1,7637,7637.0
8030,1,7637,7637.0
8031,1,7630,7630.0
8032,1,7651,7651.0
8033,1,7665,7665.0
8034,1,7665,7665.0
8035,1,7665,7665.0
8036,1,7658,7658.0
8037,1,7665,7665.0
8038,1,7665,7665.0
8039,1,7658,7658.0
8040,1,7672,7672.0
8041,1,7693,7693.0
8042,1,7679,7679.0
8043,1,7686,7686.0
8044,1,7658,7658.0
8045,1,7679,7679.0
8046,1,7672,7672.0
8047,1,7672,7672.0
8048,1,7658,7658.0
8049,1,7658,7658.0
8050,1,7665,7665.0
8051,1,7658,7658.0
8052,1,7693,7693.0
8053,1,7672,7672.0
8054,1,7693,7693.0
8055,1,7686,7686.0
8056,1,7700,7700.0
8057,1,7686,7686.0
8058,1,7714,7714.0
8059,1,7686,7686.0
8060,1,7665,7665.0
8061,1,7665,7665.0
8062,1,7637,7637.0
8063,1,7665,7665.0
8064,1,7658,7658.0
8065,1,7665,7665.0
8066,1,7665,7665.0
8067,1,7665,7665.0
8068,1,7658,7658.0
8069,1,7665,7665.0
8070,1,7644,7644.0
8071,1,7665,7665.0
8072,1,7665,7665.0
8073,1,7672,7672.0
8074,1,7679,7679.0
8075,1,7679,7679.0
8076,1,7637,7637.0
8077,1,7637,7637.0
8078,1,7651,7651.0
8079,1,7651,7651.0
8080,1,7658,7658.0
8081,1,7637,7637.0
8082,1,7658,7658.0
8083,1,7637,7637.0
8084,1,7644,7644.0
8085,1,7637,7637.0
8086,1,7651,7651.0
8087,1,7651,7651.0
8088,1,7630,7630.0
8089,1,7644,7644.0
8090,1,7644,7644.0
8091,1,7623,7623.0
8092,1,7637,7637.0
8093,1,7630,7630.0
8094,1,7644,7644.0
8095,1,7644,7644.0
8096,1,7644,7644.0
8097,1,7644,7644.0
8098,1,7658,7658.0
8099,1,7651,7651.0
8100,1,7651,7651.0
8101,1,7637,7637.0
8102,1,7637,7637.0
8103,1,7644,7644.0
8104,1,7609,7609.0
8105,1,7623,7623.0
8106,1,7630,7630.0
8107,1,7637,7637.0
8108,1,7644,7644.0
8109,1,7637,7637.0
8110,1,7595,7595.0
8111,1,7630,7630.0
8112,1,7644,7644.0
8113,1,7637,7637.0
8114,1,7658,7658.0
8115,1,7651,7651.0
8116,1,7637,7637.0
8117,1,7630,7630.0
8118,1,7644,7644.0
8119,1,7658,7658.0
8120,1,7665,7665.0
8121,1,7672,7672.0
8122,1,7679,7679.0
8123,1,7679,7679.0
8124,1,7679,7679.0
8125,1,7679,7679.0
8126,1,7665,7665.0
8127,1,7658,7658.0
8128,1,7658,7658.0
8129,1,7658,7658.0
8130,1,7658,7658.0
8131,1,7679,7679.0
8132,1,7665,7665.0
8133,1,7665,7665.0
8134,1,7658,7658.0
8135,1,7658,7658.0
8136,1,7665,7665.0
8137,1,7658,7658.0
8138,1,7665,7665.0
8139,1,7644,7644.0
8140,1,7651,7651.0
8141,1,7658,7658.0
8142,1,7644,7644.0
8143,1,7644,7644.0
8144,1,7658,7658.0
8145,1,7658,7658.0
8146,1,7658,7658.0
8147,1,7651,7651.0
8148,1,7658,7658.0
8149,1,7658,7658.0
8150,1,7644,7644.0
8151,1,7644,7644.0
8152,1,7637,7637.0
8153,1,7651,7651.0
8154,1,7672,7672.0
8155,1,7679,7679.0
8156,1,7665,7665.0
8157,1,7665,7665.0
8158,1,7665,7665.0
8159,1,7672,7672.0
8160,1,7665,7665.0
8161,1,7658,7658.0
8162,1,7665,7665.0
8163,1,7658,7658.0
8164,1,7658,7658.0
8165,1,7651,7651.0
8166,1,7651,7651.0
8167,1,7658,7658.0
8168,1,7658,7658.0
8169,1,7651,7651.0
8170,1,7658,7658.0
8171,1,7665,7665.0
8172,1,7658,7658.0
8173,1,7651,7651.0
8174,1,7658,7658.0
8175,1,7651,7651.0
8176,1,7651,7651.0
8177,1,7644,7644.0
8178,1,7644,7644.0
8179,1,7637,7637.0
8180,1,7644,7644.0
8181,1,7658,7658.0
8182,1,7658,7658.0
8183,1,7658,7658.0
8184,1,7665,7665.0
8185,1,7651,7651.0
8186,1,7658,7658.0
8187,1,7644,7644.0
8188,1,7658,7658.0
8189,1,7658,7658.0
8190,1,7644,7644.0
8191,1,7644,7644.0
8192,1,7665,7665.0
8193,1,7658,7658.0
8194,1,7644,7644.0
8195,1,7644,7644.0
8196,1,7644,7644.0
8197,1,7658,7658.0
8198,1,7658,7658.0
8199,1,7651,7651.0
8200,1,7644,7644.0
8201,1,7665,7665.0
8202,1,7679,7679.0
8203,1,7665,7665.0
8204,1,7630,7630.0
8205,1,7616,7616.0
8206,1,7637,7637.0
8207,1,7623,7623.0
8208,1,7630,7630.0
8209,1,7623,7623.0
8210,1,7630,7630.0
8211,1,7623,7623.0
8212,1,7623,7623.0
8213,1,7644,7644.0
8214,1,7616,7616.0
8215,1,7630,7630.0
8216,1,7644,7644.0
8217,1,7644,7644.0
8218,1,7644,7644.0
8219,1,7637,7637.0
8220,1,7630,7630.0
8221,1,7630,7630.0
8222,1,7609,7609.0
8223,1,7616,7616.0
8224,1,7609,7609.0
8225,1,7630,7630.0
8226,1,7630,7630.0
8227,1,7623,7623.0
8228,1,7588,7588.0
8229,1,7581,7581.0
8230,1,7581,7581.0
8231,1,7616,7616.0
8232,1,7623,7623.0
8233,1,7630,7630.0
8234,1,7609,7609.0
8235,1,7658,7658.0
8236,1,7623,7623.0
8237,1,7630,7630.0
8238,1,7602,7602.0
8239,1,7623,7623.0
8240,1,7609,7609.0
8241,1,7609,7609.0
8242,1,7602,7602.0
8243,1,7602,7602.0
8244,1,7602,7602.0
8245,1,7595,7595.0
8246,1,7588,7588.0
8247,1,7581,7581.0
8248,1,7581,7581.0
8249,1,7581,7581.0
8250,1,7595,7595.0
8251,1,7588,7588.0
8252,1,7595,7595.0
8253,1,7616,7616.0
8254,1,7602,7602.0
8255,1,7595,7595.0
8256,1,7588,7588.0
8257,1,7588,7588.0
8258,1,7602,7602.0
8259,1,7609,7609.0
8260,1,7588,7588.0
8261,1,7595,7595.0
8262,1,7581,7581.0
8263,1,7595,7595.0
8264,1,7595,7595.0
8265,1,7602,7602.0
8266,1,7602,7602.0
8267,1,7602,7602.0
8268,1,7616,7616.0
8269,1,7616,7616.0
8270,1,7616,7616.0
8271,1,7616,7616.0
8272,1,7623,7623.0
8273,1,7616,7616.0
8274,1,7595,7595.0
8275,1,7602,7602.0
8276,1,7602,7602.0
8277,1,7602,7602.0
8278,1,7588,7588.0
8279,1,7567,7567.0
8280,1,7574,7574.0
8281,1,7574,7574.0
8282,1,7595,7595.0
8283,1,7595,7595.0
8284,1,7595,7595.0
8285,1,7595,7595.0
8286,1,7588,7588.0
8287,1,7595,7595.0
8288,1,7609,7609.0
8289,1,7602,7602.0
8290,1,7595,7595.0
8291,1,7602,7602.0
8292,1,7609,7609.0
8293,1,7602,7602.0
8294,1,7602,7602.0
8295,1,7609,7609.0
8296,1,7588,7588.0
8297,1,7581,7581.0
8298,1,7581,7581.0
8299,1,7567,7567.0
8300,1,7574,7574.0
8301,1,7574,7574.0
8302,1,7574,7574.0
8303,1,7595,7595.0
8304,1,7588,7588.0
8305,1,7588,7588.0
8306,1,7588,7588.0
8307,1,7581,7581.0
8308,1,7595,7595.0
8309,1,7595,7595.0
8310,1,7602,7602.0
8311,1,7581,7581.0
8312,1,7595,7595.0
8313,1,7581,7581.0
8314,1,7574,7574.0
8315,1,7560,7560.0
8316,1,7574,7574.0
8317,1,7567,7567.0
8318,1,7560,7560.0
8319,1,7560,7560.0
8320,1,7560,7560.0
8321,1,7560,7560.0
8322,1,7560,7560.0
8323,1,7574,7574.0
8324,1,7574,7574.0
8325,1,7574,7574.0
8326,1,7567,7567.0
8327,1,7574,7574.0
8328,1,7574,7574.0
8329,1,7588,7588.0
8330,1,7560,7560.0
8331,1,7560,7560.0
8332,1,7560,7560.0
8333,1,7539,7539.0
8334,1,7532,7532.0
8335,1,7553,7553.0
8336,1,7553,7553.0
8337,1,7574,7574.0
8338,1,7553,7553.0
8339,1,7574,7574.0
8340,1,7560,7560.0
8341,1,7574,7574.0
8342,1,7560,7560.0
8343,1,7567,7567.0
8344,1,7567,7567.0
8345,1,7574,7574.0
8346,1,7588,7588.0
8347,1,7567,7567.0
8348,1,7588,7588.0
8349,1,7595,7595.0
8350,1,7602,7602.0
8351,1,7588,7588.0
8352,1,7581,7581.0
8353,1,7588,7588.0
8354,1,7588,7588.0
8355,1,7560,7560.0
8356,1,7574,7574.0
8357,1,7581,7581.0
8358,1,7588,7588.0
8359,1,7588,7588.0
8360,1,7595,7595.0
8361,1,7588,7588.0
8362,1,7574,7574.0
8363,1,7567,7567.0
8364,1,7574,7574.0
8365,1,7560,7560.0
8366,1,7574,7574.0
8367,1,7574,7574.0
8368,1,7574,7574.0
8369,1,7574,7574.0
8370,1,7574,7574.0
8371,1,7588,7588.0
8372,1,7574,7574.0
8373,1,7581,7581.0
8374,1,7574,7574.0
8375,1,7588,7588.0
8376,1,7595,7595.0
8377,1,7588,7588.0
8378,1,7588,7588.0
8379,1,7595,7595.0
8380,1,7595,7595.0
8381,1,7609,7609.0
8382,1,7616,7616.0
8383,1,7623,7623.0
8384,1,7609,7609.0
8385,1,7623,7623.0
8386,1,7609,7609.0
8387,1,7616,7616.0
8388,1,7595,7595.0
8389,1,7609,7609.0
8390,1,7609,7609.0
8391,1,7595,7595.0
8392,1,7588,7588.0
8393,1,7567,7567.0
8394,1,7546,7546.0
8395,1,7553,7553.0
8396,1,7574,7574.0
8397,1,7581,7581.0
8398,1,7574,7574.0
8399,1,7602,7602.0
8400,1,7602,7602.0
8401,1,7595,7595.0
8402,1,7581,7581.0
8403,1,7588,7588.0
8404,1,7567,7567.0
8405,1,7567,7567.0
8406,1,7581,7581.0
8407,1,7574,7574.0
8408,1,7581,7581.0
8409,1,7574,7574.0
8410,1,7581,7581.0
8411,1,7595,7595.0
8412,1,7602,7602.0
8413,1,7574,7574.0
8414,1,7581,7581.0
8415,1,7581,7581.0
8416,1,7602,7602.0
8417,1,7602,7602.0
8418,1,7560,7560.0
8419,1,7567,7567.0
8420,1,7567,7567.0
8421,1,7574,7574.0
8422,1,7567,7567.0
8423,1,7595,7595.0
8424,1,7602,7602.0
8425,1,7616,7616.0
8426,1,7602,7602.0
8427,1,7609,7609.0
8428,1,7609,7609.0
8429,1,7595,7595.0
8430,1,7609,7609.0
8431,1,7602,7602.0
8432,1,7602,7602.0
8433,1,7602,7602.0
8434,1,7602,7602.0
8435,1,7588,7588.0
8436,1,7595,7595.0
8437,1,7602,7602.0
8438,1,7595,7595.0
8439,1,7595,7595.0
8440,1,7595,7595.0
8441,1,7595,7595.0
8442,1,7595,7595.0
8443,1,7588,7588.0
8444,1,7595,7595.0
8445,1,7588,7588.0
8446,1,7588,7588.0
8447,1,7602,7602.0
8448,1,7595,7595.0
8449,1,7588,7588.0
8450,1,7588,7588.0
8451,1,7581,7581.0
8452,1,7581,7581.0
8453,1,7581,7581.0
8454,1,7567,7567.0
8455,1,7581,7581.0
8456,1,7567,7567.0
8457,1,7581,7581.0
8458,1,7560,7560.0
8459,1,7553,7553.0
8460,1,7553,7553.0
8461,1,7567,7567.0
8462,1,7567,7567.0
8463,1,7588,7588.0
8464,1,7567,7567.0
8465,1,7567,7567.0
8466,1,7595,7595.0
8467,1,7595,7595.0
8468,1,7602,7602.0
8469,1,7574,7574.0
8470,1,7574,7574.0
8471,1,7595,7595.0
8472,1,7581,7581.0
8473,1,7581,7581.0
8474,1,7595,7595.0
8475,1,7602,7602.0
8476,1,7581,7581.0
8477,1,7602,7602.0
8478,1,7602,7602.0
8479,1,7595,7595.0
8480,1,7602,7602.0
8481,1,7630,7630.0
8482,1,7637,7637.0
8483,1,7651,7651.0
8484,1,7658,7658.0
8485,1,7623,7623.0
8486,1,7637,7637.0
8487,1,7623,7623.0
8488,1,7637,7637.0
8489,1,7637,7637.0
8490,1,7644,7644.0
8491,1,7623,7623.0
8492,1,7637,7637.0
8493,1,7630,7630.0
8494,1,7644,7644.0
8495,1,7644,7644.0
8496,1,7644,7644.0
8497,1,7637,7637.0
8498,1,7623,7623.0
8499,1,7637,7637.0
8500,1,7651,7651.0
8501,1,7644,7644.0
8502,1,7637,7637.0
8503,1,7665,7665.0
8504,1,7651,7651.0
8505,1,7644,7644.0
8506,1,7651,7651.0
8507,1,7630,7630.0
8508,1,7637,7637.0
8509,1,7630,7630.0
8510,1,7644,7644.0
8511,1,7623,7623.0
8512,1,7644,7644.0
8513,1,7630,7630.0
8514,1,7637,7637.0
8515,1,7609,7609.0
8516,1,7623,7623.0
8517,1,7623,7623.0
8518,1,7602,7602.0
8519,1,7616,7616.0
8520,1,7602,7602.0
8521,1,7602,7602.0
8522,1,7623,7623.0
8523,1,7644,7644.0
8524,1,7637,7637.0
8525,1,7630,7630.0
8526,1,7630,7630.0
8527,1,7637,7637.0
8528,1,7630,7630.0
8529,1,7637,7637.0
8530,1,7637,7637.0
8531,1,7630,7630.0
8532,1,7630,7630.0
8533,1,7630,7630.0
8534,1,7602,7602.0
8535,1,7616,7616.0
8536,1,7637,7637.0
8537,1,7630,7630.0
8538,1,7609,7609.0
8539,1,7609,7609.0
8540,1,7623,7623.0
8541,1,7623,7623.0
8542,1,7609,7609.0
8543,1,7609,7609.0
8544,1,7609,7609.0
8545,1,7595,7595.0
8546,1,7609,7609.0
8547,1,7595,7595.0
8548,1,7602,7602.0
8549,1,7616,7616.0
8550,1,7616,7616.0
8551,1,7623,7623.0
8552,1,7623,7623.0
8553,1,7623,7623.0
8554,1,7616,7616.0
8555,1,7616,7616.0
8556,1,7595,7595.0
8557,1,7602,7602.0
8558,1,7602,7602.0
8559,1,7609,7609.0
8560,1,7588,7588.0
8561,1,7595,7595.0
8562,1,7630,7630.0
8563,1,7609,7609.0
8564,1,7630,7630.0
8565,1,7616,7616.0
8566,1,7609,7609.0
8567,1,7616,7616.0
8568,1,7616,7616.0
8569,1,7602,7602.0
8570,1,7630,7630.0
8571,1,7637,7637.0
8572,1,7623,7623.0
8573,1,7651,7651.0
8574,1,7651,7651.0
8575,1,7630,7630.0
8576,1,7637,7637.0
8577,1,7623,7623.0
8578,1,7616,7616.0
8579,1,7602,7602.0
8580,1,7588,7588.0
8581,1,7581,7581.0
8582,1,7602,7602.0
8583,1,7588,7588.0
8584,1,7567,7567.0
8585,1,7588,7588.0
8586,1,7602,7602.0
8587,1,7602,7602.0
8588,1,7588,7588.0
8589,1,7588,7588.0
8590,1,7588,7588.0
8591,1,7595,7595.0
8592,1,7602,7602.0
8593,1,7595,7595.0
8594,1,7588,7588.0
8595,1,7602,7602.0
8596,1,7595,7595.0
8597,1,7609,7609.0
8598,1,7637,7637.0
8599,1,7595,7595.0
8600,1,7588,7588.0
8601,1,7616,7616.0
8602,1,7567,7567.0
8603,1,7567,7567.0
8604,1,7574,7574.0
8605,1,7567,7567.0
8606,1,7581,7581.0
8607,1,7567,7567.0
8608,1,7581,7581.0
8609,1,7595,7595.0
8610,1,7595,7595.0
8611,1,7588,7588.0
8612,1,7567,7567.0
8613,1,7581,7581.0
8614,1,7588,7588.0
8615,1,7588,7588.0
8616,1,7581,7581.0
8617,1,7581,7581.0
8618,1,7602,7602.0
8619,1,7588,7588.0
8620,1,7574,7574.0
8621,1,7588,7588.0
8622,1,7588,7588.0
8623,1,7588,7588.0
8624,1,7595,7595.0
8625,1,7581,7581.0
8626,1,7595,7595.0
8627,1,7602,7602.0
8628,1,7602,7602.0
8629,1,7588,7588.0
8630,1,7602,7602.0
8631,1,7609,7609.0
8632,1,7602,7602.0
8633,1,7609,7609.0
8634,1,7567,7567.0
8635,1,7567,7567.0
8636,1,7560,7560.0
8637,1,7567,7567.0
8638,1,7581,7581.0
8639,1,7581,7581.0
8640,1,7567,7567.0
8641,1,7574,7574.0
8642,1,7574,7574.0
8643,1,7595,7595.0
8644,1,7609,7609.0
8645,1,7595,7595.0
8646,1,7602,7602.0
8647,1,7595,7595.0
8648,1,7616,7616.0
8649,1,7623,7623.0
8650,1,7637,7637.0
8651,1,7630,7630.0
8652,1,7637,7637.0
8653,1,7623,7623.0
8654,1,7637,7637.0
8655,1,7637,7637.0
8656,1,7623,7623.0
8657,1,7616,7616.0
8658,1,7616,7616.0
8659,1,7623,7623.0
8660,1,7630,7630.0
8661,1,7630,7630.0
8662,1,7623,7623.0
8663,1,7630,7630.0
8664,1,7623,7623.0
8665,1,7616,7616.0
8666,1,7637,7637.0
8667,1,7644,7644.0
8668,1,7630,7630.0
8669,1,7616,7616.0
8670,1,7623,7623.0
8671,1,7616,7616.0
8672,1,7595,7595.0
8673,1,7588,7588.0
8674,1,7588,7588.0
8675,1,7609,7609.0
8676,1,7581,7581.0
8677,1,7574,7574.0
8678,1,7560,7560.0
8679,1,7560,7560.0
8680,1,7532,7532.0
8681,1,7560,7560.0
8682,1,7553,7553.0
8683,1,7574,7574.0
8684,1,7581,7581.0
8685,1,7623,7623.0
8686,1,7623,7623.0
8687,1,7602,7602.0
8688,1,7581,7581.0
8689,1,7602,7602.0
8690,1,7609,7609.0
8691,1,7623,7623.0
8692,1,7623,7623.0
8693,1,7630,7630.0
8694,1,7609,7609.0
8695,1,7623,7623.0
8696,1,7637,7637.0
8697,1,7609,7609.0
8698,1,7616,7616.0
8699,1,7644,7644.0
8700,1,7602,7602.0
8701,1,7616,7616.0
8702,1,7602,7602.0
8703,1,7595,7595.0
8704,1,7602,7602.0
8705,1,7602,7602.0
8706,1,7588,7588.0
8707,1,7609,7609.0
8708,1,7574,7574.0
8709,1,7609,7609.0
8710,1,7602,7602.0
8711,1,7588,7588.0
8712,1,7602,7602.0
8713,1,7602,7602.0
8714,1,7581,7581.0
8715,1,7588,7588.0
8716,1,7581,7581.0
8717,1,7588,7588.0
8718,1,7609,7609.0
8719,1,7581,7581.0
8720,1,7609,7609.0
8721,1,7609,7609.0
8722,1,7623,7623.0
8723,1,7609,7609.0
8724,1,7609,7609.0
8725,1,7609,7609.0
8726,1,7623,7623.0
8727,1,7623,7623.0
8728,1,7616,7616.0
8729,1,7602,7602.0
8730,1,7616,7616.0
8731,1,7616,7616.0
8732,1,7602,7602.0
8733,1,7609,7609.0
8734,1,7609,7609.0
8735,1,7609,7609.0
8736,1,7616,7616.0
8737,1,7616,7616.0
8738,1,7609,7609.0
8739,1,7609,7609.0
8740,1,7595,7595.0
8741,1,7567,7567.0
8742,1,7567,7567.0
8743,1,7595,7595.0
8744,1,7574,7574.0
8745,1,7574,7574.0
8746,1,7588,7588.0
8747,1,7560,7560.0
8748,1,7574,7574.0
8749,1,7595,7595.0
8750,1,7581,7581.0
8751,1,7588,7588.0
8752,1,7588,7588.0
8753,1,7595,7595.0
8754,1,7581,7581.0
8755,1,7574,7574.0
8756,1,7560,7560.0
8757,1,7574,7574.0
8758,1,7567,7567.0
8759,1,7567,7567.0
8760,1,7581,7581.0
8761,1,7581,7581.0
8762,1,7574,7574.0
8763,1,7567,7567.0
8764,1,7595,7595.0
8765,1,7609,7609.0
8766,1,7595,7595.0
8767,1,7588,7588.0
8768,1,7595,7595.0
8769,1,7588,7588.0
8770,1,7588,7588.0
8771,1,7588,7588.0
8772,1,7581,7581.0
8773,1,7602,7602.0
8774,1,7602,7602.0
8775,1,7602,7602.0
8776,1,7602,7602.0
8777,1,7602,7602.0
8778,1,7595,7595.0
8779,1,7602,7602.0
8780,1,7602,7602.0
8781,1,7588,7588.0
8782,1,7602,7602.0
8783,1,7609,7609.0
8784,1,7602,7602.0
8785,1,7602,7602.0
8786,1,7602,7602.0
8787,1,7581,7581.0
8788,1,7616,7616.0
8789,1,7609,7609.0
8790,1,7602,7602.0
8791,1,7581,7581.0
8792,1,7595,7595.0
8793,1,7595,7595.0
8794,1,7595,7595.0
8795,1,7602,7602.0
8796,1,7588,7588.0
8797,1,7595,7595.0
8798,1,7588,7588.0
8799,1,7595,7595.0
8800,1,7595,7595.0
8801,1,7581,7581.0
8802,1,7581,7581.0
8803,1,7595,7595.0
8804,1,7602,7602.0
8805,1,7609,7609.0
8806,1,7588,7588.0
8807,1,7581,7581.0
8808,1,7595,7595.0
8809,1,7609,7609.0
8810,1,7623,7623.0
8811,1,7609,7609.0
8812,1,7595,7595.0
8813,1,7581,7581.0
8814,1,7602,7602.0
8815,1,7588,7588.0
8816,1,7595,7595.0
8817,1,7616,7616.0
8818,1,7595,7595.0
8819,1,7588,7588.0
8820,1,7581,7581.0
8821,1,7560,7560.0
8822,1,7560,7560.0
8823,1,7602,7602.0
8824,1,7567,7567.0
8825,1,7567,7567.0
8826,1,7567,7567.0
8827,1,7574,7574.0
8828,1,7553,7553.0
8829,1,7588,7588.0
8830,1,7581,7581.0
8831,1,7581,7581.0
8832,1,7588,7588.0
8833,1,7581,7581.0
8834,1,7574,7574.0
8835,1,7581,7581.0
8836,1,7581,7581.0
8837,1,7574,7574.0
8838,1,7581,7581.0
8839,1,7574,7574.0
8840,1,7581,7581.0
8841,1,7574,7574.0
8842,1,7560,7560.0
8843,1,7581,7581.0
8844,1,7588,7588.0
8845,1,7560,7560.0
8846,1,7609,7609.0
8847,1,7574,7574.0
8848,1,7567,7567.0
8849,1,7588,7588.0
8850,1,7588,7588.0
8851,1,7588,7588.0
8852,1,7567,7567.0
8853,1,7595,7595.0
8854,1,7574,7574.0
8855,1,7581,7581.0
8856,1,7588,7588.0
8857,1,7595,7595.0
8858,1,7602,7602.0
8859,1,7602,7602.0
8860,1,7602,7602.0
8861,1,7602,7602.0
8862,1,7602,7602.0
8863,1,7609,7609.0
8864,1,7595,7595.0
8865,1,7595,7595.0
8866,1,7602,7602.0
8867,1,7609,7609.0
8868,1,7602,7602.0
8869,1,7602,7602.0
8870,1,7595,7595.0
8871,1,7602,7602.0
8872,1,7616,7616.0
8873,1,7623,7623.0
8874,1,7623,7623.0
8875,1,7623,7623.0
8876,1,7623,7623.0
8877,1,7609,7609.0
8878,1,7616,7616.0
8879,1,7602,7602.0
8880,1,7602,7602.0
8881,1,7595,7595.0
8882,1,7602,7602.0
8883,1,7602,7602.0
8884,1,7609,7609.0
8885,1,7616,7616.0
8886,1,7616,7616.0
8887,1,7616,7616.0
8888,1,7588,7588.0
8889,1,7602,7602.0
8890,1,7595,7595.0
8891,1,7602,7602.0
8892,1,7602,7602.0
8893,1,7595,7595.0
8894,1,7602,7602.0
8895,1,7616,7616.0
8896,1,7595,7595.0
8897,1,7623,7623.0
8898,1,7630,7630.0
8899,1,7616,7616.0
8900,1,7574,7574.0
8901,1,7595,7595.0
8902,1,7609,7609.0
8903,1,7602,7602.0
8904,1,7609,7609.0
8905,1,7609,7609.0
8906,1,7588,7588.0
8907,1,7609,7609.0
8908,1,7595,7595.0
8909,1,7581,7581.0
8910,1,7581,7581.0
8911,1,7595,7595.0
8912,1,7602,7602.0
8913,1,7588,7588.0
8914,1,7581,7581.0
8915,1,7595,7595.0
8916,1,7581,7581.0
8917,1,7602,7602.0
8918,1,7602,7602.0
8919,1,7588,7588.0
8920,1,7602,7602.0
8921,1,7588,7588.0
8922,1,7581,7581.0
8923,1,7581,7581.0
8924,1,7588,7588.0
8925,1,7588,7588.0
8926,1,7588,7588.0
8927,1,7581,7581.0
8928,1,7581,7581.0
8929,1,7581,7581.0
8930,1,7567,7567.0
8931,1,7574,7574.0
8932,1,7539,7539.0
8933,1,7581,7581.0
8934,1,7560,7560.0
8935,1,7588,7588.0
8936,1,7588,7588.0
8937,1,7567,7567.0
8938,1,7588,7588.0
8939,1,7581,7581.0
8940,1,7595,7595.0
8941,1,7581,7581.0
8942,1,7532,7532.0
8943,1,7546,7546.0
8944,1,7525,7525.0
8945,1,7525,7525.0
8946,1,7539,7539.0
8947,1,7504,7504.0
8948,1,7504,7504.0
8949,1,7497,7497.0
8950,1,7483,7483.0
8951,1,7476,7476.0
8952,1,7490,7490.0
8953,1,7511,7511.0
8954,1,7525,7525.0
8955,1,7518,7518.0
8956,1,7497,7497.0
8957,1,7518,7518.0
8958,1,7504,7504.0
8959,1,7483,7483.0
8960,1,7469,7469.0
8961,1,7462,7462.0
8962,1,7476,7476.0
8963,1,7497,7497.0
8964,1,7476,7476.0
8965,1,7497,7497.0
8966,1,7504,7504.0
8967,1,7511,7511.0
8968,1,7518,7518.0
8969,1,7525,7525.0
8970,1,7511,7511.0
8971,1,7525,7525.0
8972,1,7490,7490.0
8973,1,7490,7490.0
8974,1,7490,7490.0
8975,1,7483,7483.0
8976,1,7490,7490.0
8977,1,7497,7497.0
8978,1,7504,7504.0
8979,1,7490,7490.0
8980,1,7497,7497.0
8981,1,7497,7497.0
8982,1,7511,7511.0
8983,1,7511,7511.0
8984,1,7511,7511.0
8985,1,7518,7518.0
8986,1,7518,7518.0
8987,1,7504,7504.0
8988,1,7511,7511.0
8989,1,7518,7518.0
8990,1,7525,7525.0
8991,1,7525,7525.0
8992,1,7518,7518.0
8993,1,7497,7497.0
8994,1,7490,7490.0
8995,1,7490,7490.0
8996,1,7511,7511.0
8997,1,7525,7525.0
8998,1,7525,7525.0
8999,1,7525,7525.0
9000,1,7532,7532.0
9001,1,7546,7546.0
9002,1,7546,7546.0
9003,1,7539,7539.0
9004,1,7553,7553.0
9005,1,7532,7532.0
9006,1,7539,7539.0
9007,1,7525,7525.0
9008,1,7518,7518.0
9009,1,7525,7525.0
9010,1,7532,7532.0
9011,1,7539,7539.0
9012,1,7546,7546.0
9013,1,7525,7525.0
9014,1,7539,7539.0
9015,1,7504,7504.0
9016,1,7518,7518.0
9017,1,7518,7518.0
9018,1,7525,7525.0
9019,1,7518,7518.0
9020,1,7525,7525.0
9021,1,7532,7532.0
9022,1,7532,7532.0
9023,1,7525,7525.0
9024,1,7525,7525.0
9025,1,7539,7539.0
9026,1,7532,7532.0
9027,1,7525,7525.0
9028,1,7532,7532.0
9029,1,7546,7546.0
9030,1,7525,7525.0
9031,1,7546,7546.0
9032,1,7546,7546.0
9033,1,7532,7532.0
9034,1,7532,7532.0
9035,1,7539,7539.0
9036,1,7539,7539.0
9037,1,7532,7532.0
9038,1,7532,7532.0
9039,1,7532,7532.0
9040,1,7539,7539.0
9041,1,7539,7539.0
9042,1,7546,7546.0
9043,1,7567,7567.0
9044,1,7560,7560.0
9045,1,7553,7553.0
9046,1,7553,7553.0
9047,1,7567,7567.0
9048,1,7581,7581.0
9049,1,7574,7574.0
9050,1,7581,7581.0
9051,1,7546,7546.0
9052,1,7532,7532.0
9053,1,7532,7532.0
9054,1,7532,7532.0
9055,1,7532,7532.0
9056,1,7539,7539.0
9057,1,7532,7532.0
9058,1,7532,7532.0
9059,1,7539,7539.0
9060,1,7532,7532.0
9061,1,7539,7539.0
9062,1,7546,7546.0
9063,1,7539,7539.0
9064,1,7539,7539.0
9065,1,7546,7546.0
9066,1,7539,7539.0
9067,1,7525,7525.0
9068,1,7525,7525.0
9069,1,7525,7525.0
9070,1,7532,7532.0
9071,1,7532,7532.0
9072,1,7511,7511.0
9073,1,7518,7518.0
9074,1,7511,7511.0
9075,1,7525,7525.0
9076,1,7539,7539.0
9077,1,7539,7539.0
9078,1,7532,7532.0
9079,1,7525,7525.0
9080,1,7532,7532.0
9081,1,7525,7525.0
9082,1,7539,7539.0
9083,1,7539,7539.0
9084,1,7560,7560.0
9085,1,7560,7560.0
9086,1,7539,7539.0
9087,1,7532,7532.0
9088,1,7511,7511.0
9089,1,7518,7518.0
9090,1,7532,7532.0
9091,1,7546,7546.0
9092,1,7532,7532.0
9093,1,7525,7525.0
9094,1,7532,7532.0
9095,1,7532,7532.0
9096,1,7546,7546.0
9097,1,7532,7532.0
9098,1,7532,7532.0
9099,1,7525,7525.0
9100,1,7539,7539.0
9101,1,7532,7532.0
9102,1,7553,7553.0
9103,1,7553,7553.0
9104,1,7588,7588.0
9105,1,7581,7581.0
9106,1,7567,7567.0
9107,1,7560,7560.0
9108,1,7553,7553.0
9109,1,7553,7553.0
9110,1,7539,7539.0
9111,1,7518,7518.0
9112,1,7546,7546.0
9113,1,7560,7560.0
9114,1,7539,7539.0
9115,1,7532,7532.0
9116,1,7539,7539.0
9117,1,7560,7560.0
9118,1,7560,7560.0
9119,1,7588,7588.0
9120,1,7574,7574.0
9121,1,7567,7567.0
9122,1,7581,7581.0
9123,1,7567,7567.0
9124,1,7581,7581.0
9125,1,7595,7595.0
9126,1,7588,7588.0
9127,1,7595,7595.0
9128,1,7602,7602.0
9129,1,7609,7609.0
9130,1,7609,7609.0
9131,1,7623,7623.0
9132,1,7616,7616.0
9133,1,7616,7616.0
9134,1,7616,7616.0
9135,1,7623,7623.0
9136,1,7609,7609.0
9137,1,7602,7602.0
9138,1,7609,7609.0
9139,1,7609,7609.0
9140,1,7616,7616.0
9141,1,7616,7616.0
9142,1,7602,7602.0
9143,1,7609,7609.0
9144,1,7609,7609.0
9145,1,7609,7609.0
9146,1,7609,7609.0
9147,1,7602,7602.0
9148,1,7595,7595.0
9149,1,7602,7602.0
9150,1,7588,7588.0
9151,1,7602,7602.0
9152,1,7609,7609.0
9153,1,7609,7609.0
9154,1,7588,7588.0
9155,1,7602,7602.0
9156,1,7609,7609.0
9157,1,7609,7609.0
9158,1,7595,7595.0
9159,1,7602,7602.0
9160,1,7595,7595.0
9161,1,7588,7588.0
9162,1,7588,7588.0
9163,1,7588,7588.0
9164,1,7588,7588.0
9165,1,7588,7588.0
9166,1,7602,7602.0
9167,1,7595,7595.0
9168,1,7595,7595.0
9169,1,7588,7588.0
9170,1,7595,7595.0
9171,1,7602,7602.0
9172,1,7595,7595.0
9173,1,7609,7609.0
9174,1,7609,7609.0
9175,1,7588,7588.0
9176,1,7595,7595.0
9177,1,7588,7588.0
9178,1,7588,7588.0
9179,1,7574,7574.0
9180,1,7595,7595.0
9181,1,7602,7602.0
9182,1,7588,7588.0
9183,1,7588,7588.0
9184,1,7602,7602.0
9185,1,7595,7595.0
9186,1,7595,7595.0
9187,1,7609,7609.0
9188,1,7609,7609.0
9189,1,7609,7609.0
9190,1,7609,7609.0
9191,1,7609,7609.0
9192,1,7581,7581.0
9193,1,7567,7567.0
9194,1,7567,7567.0
9195,1,7574,7574.0
9196,1,7574,7574.0
9197,1,7581,7581.0
9198,1,7574,7574.0
9199,1,7581,7581.0
9200,1,7574,7574.0
9201,1,7581,7581.0
9202,1,7581,7581.0
9203,1,7588,7588.0
9204,1,7595,7595.0
9205,1,7602,7602.0
9206,1,7588,7588.0
9207,1,7595,7595.0
9208,1,7602,7602.0
9209,1,7588,7588.0
9210,1,7581,7581.0
9211,1,7581,7581.0
9212,1,7602,7602.0
9213,1,7595,7595.0
9214,1,7602,7602.0
9215,1,7581,7581.0
9216,1,7588,7588.0
9217,1,7595,7595.0
9218,1,7588,7588.0
9219,1,7595,7595.0
9220,1,7595,7595.0
9221,1,7595,7595.0
9222,1,7602,7602.0
9223,1,7602,7602.0
9224,1,7602,7602.0
9225,1,7602,7602.0
9226,1,7595,7595.0
9227,1,7595,7595.0
9228,1,7609,7609.0
9229,1,7602,7602.0
9230,1,7588,7588.0
9231,1,7602,7602.0
9232,1,7595,7595.0
9233,1,7574,7574.0
9234,1,7574,7574.0
9235,1,7609,7609.0
9236,1,7623,7623.0
9237,1,7630,7630.0
9238,1,7609,7609.0
9239,1,7602,7602.0
9240,1,7616,7616.0
9241,1,7616,7616.0
9242,1,7630,7630.0
9243,1,7602,7602.0
9244,1,7602,7602.0
9245,1,7609,7609.0
9246,1,7616,7616.0
9247,1,7630,7630.0
9248,1,7623,7623.0
9249,1,7637,7637.0
9250,1,7630,7630.0
9251,1,7623,7623.0
9252,1,7630,7630.0
9253,1,7623,7623.0
9254,1,7609,7609.0
9255,1,7637,7637.0
9256,1,7637,7637.0
9257,1,7616,7616.0
9258,1,7616,7616.0
9259,1,7595,7595.0
9260,1,7609,7609.0
9261,1,7609,7609.0
9262,1,7602,7602.0
9263,1,7609,7609.0
9264,1,7588,7588.0
9265,1,7581,7581.0
9266,1,7588,7588.0
9267,1,7602,7602.0
9268,1,7595,7595.0
9269,1,7595,7595.0
9270,1,7588,7588.0
9271,1,7588,7588.0
9272,1,7602,7602.0
9273,1,7602,7602.0
9274,1,7602,7602.0
9275,1,7616,7616.0
9276,1,7595,7595.0
9277,1,7602,7602.0
9278,1,7602,7602.0
9279,1,7609,7609.0
9280,1,7609,7609.0
9281,1,7616,7616.0
9282,1,7616,7616.0
9283,1,7616,7616.0
9284,1,7609,7609.0
9285,1,7616,7616.0
9286,1,7595,7595.0
9287,1,7609,7609.0
9288,1,7595,7595.0
9289,1,7595,7595.0
9290,1,7595,7595.0
9291,1,7588,7588.0
9292,1,7595,7595.0
9293,1,7595,7595.0
9294,1,7588,7588.0
9295,1,7595,7595.0
9296,1,7602,7602.0
9297,1,7609,7609.0
9298,1,7609,7609.0
9299,1,7602,7602.0
9300,1,7602,7602.0
9301,1,7609,7609.0
9302,1,7602,7602.0
9303,1,7588,7588.0
9304,1,7595,7595.0
9305,1,7588,7588.0
9306,1,7588,7588.0
9307,1,7602,7602.0
9308,1,7595,7595.0
9309,1,7595,7595.0
9310,1,7588,7588.0
9311,1,7581,7581.0
9312,1,7581,7581.0
9313,1,7588,7588.0
9314,1,7595,7595.0
9315,1,7588,7588.0
9316,1,7581,7581.0
9317,1,7581,7581.0
9318,1,7581,7581.0
9319,1,7588,7588.0
9320,1,7595,7595.0
9321,1,7595,7595.0
9322,1,7602,7602.0
9323,1,7602,7602.0
9324,1,7602,7602.0
9325,1,7574,7574.0
9326,1,7574,7574.0
9327,1,7553,7553.0
9328,1,7560,7560.0
9329,1,7567,7567.0
9330,1,7567,7567.0
9331,1,7567,7567.0
9332,1,7567,7567.0
9333,1,7567,7567.0
9334,1,7574,7574.0
9335,1,7560,7560.0
9336,1,7553,7553.0
9337,1,7567,7567.0
9338,1,7560,7560.0
9339,1,7567,7567.0
9340,1,7567,7567.0
9341,1,7560,7560.0
9342,1,7560,7560.0
9343,1,7588,7588.0
9344,1,7588,7588.0
9345,1,7588,7588.0
9346,1,7581,7581.0
9347,1,7595,7595.0
9348,1,7588,7588.0
9349,1,7560,7560.0
9350,1,7581,7581.0
9351,1,7574,7574.0
9352,1,7595,7595.0
9353,1,7588,7588.0
9354,1,7581,7581.0
9355,1,7567,7567.0
9356,1,7581,7581.0
9357,1,7588,7588.0
9358,1,7574,7574.0
9359,1,7581,7581.0
9360,1,7581,7581.0
9361,1,7567,7567.0
9362,1,7581,7581.0
9363,1,7574,7574.0
9364,1,7574,7574.0
9365,1,7574,7574.0
9366,1,7567,7567.0
9367,1,7567,7567.0
9368,1,7567,7567.0
9369,1,7581,7581.0
9370,1,7567,7567.0
9371,1,7574,7574.0
9372,1,7574,7574.0
9373,1,7574,7574.0
9374,1,7574,7574.0
9375,1,7588,7588.0
9376,1,7574,7574.0
9377,1,7581,7581.0
9378,1,7581,7581.0
9379,1,7574,7574.0
9380,1,7581,7581.0
9381,1,7588,7588.0
9382,1,7567,7567.0
9383,1,7588,7588.0
9384,1,7602,7602.0
9385,1,7602,7602.0
9386,1,7595,7595.0
9387,1,7588,7588.0
9388,1,7581,7581.0
9389,1,7588,7588.0
9390,1,7588,7588.0
9391,1,7588,7588.0
9392,1,7602,7602.0
9393,1,7595,7595.0
9394,1,7609,7609.0
9395,1,7609,7609.0
9396,1,7616,7616.0
9397,1,7616,7616.0
9398,1,7588,7588.0
9399,1,7588,7588.0
9400,1,7609,7609.0
9401,1,7623,7623.0
9402,1,7602,7602.0
9403,1,7609,7609.0
9404,1,7637,7637.0
9405,1,7602,7602.0
9406,1,7637,7637.0
9407,1,7616,7616.0
9408,1,7581,7581.0
9409,1,7602,7602.0
9410,1,7616,7616.0
9411,1,7609,7609.0
9412,1,7609,7609.0
9413,1,7602,7602.0
9414,1,7588,7588.0
9415,1,7581,7581.0
9416,1,7581,7581.0
9417,1,7574,7574.0
9418,1,7581,7581.0
9419,1,7581,7581.0
9420,1,7581,7581.0
9421,1,7574,7574.0
9422,1,7616,7616.0
9423,1,7588,7588.0
9424,1,7588,7588.0
9425,1,7602,7602.0
9426,1,7616,7616.0
9427,1,7616,7616.0
9428,1,7644,7644.0
9429,1,7616,7616.0
9430,1,7616,7616.0
9431,1,7595,7595.0
9432,1,7609,7609.0
9433,1,7616,7616.0
9434,1,7602,7602.0
9435,1,7623,7623.0
9436,1,7616,7616.0
9437,1,7595,7595.0
9438,1,7616,7616.0
9439,1,7602,7602.0
9440,1,7609,7609.0
9441,1,7602,7602.0
9442,1,7595,7595.0
9443,1,7574,7574.0
9444,1,7581,7581.0
9445,1,7560,7560.0
9446,1,7560,7560.0
9447,1,7574,7574.0
9448,1,7567,7567.0
9449,1,7560,7560.0
9450,1,7567,7567.0
9451,1,7567,7567.0
9452,1,7567,7567.0
9453,1,7553,7553.0
9454,1,7567,7567.0
9455,1,7574,7574.0
9456,1,7567,7567.0
9457,1,7560,7560.0
9458,1,7567,7567.0
9459,1,7574,7574.0
9460,1,7546,7546.0
9461,1,7560,7560.0
9462,1,7546,7546.0
9463,1,7553,7553.0
9464,1,7532,7532.0
9465,1,7539,7539.0
9466,1,7532,7532.0
9467,1,7546,7546.0
9468,1,7553,7553.0
9469,1,7532,7532.0
9470,1,7539,7539.0
9471,1,7539,7539.0
9472,1,7539,7539.0
9473,1,7539,7539.0
9474,1,7560,7560.0
9475,1,7560,7560.0
9476,1,7588,7588.0
9477,1,7581,7581.0
9478,1,7567,7567.0
9479,1,7560,7560.0
9480,1,7553,7553.0
9481,1,7560,7560.0
9482,1,7560,7560.0
9483,1,7553,7553.0
9484,1,7539,7539.0
9485,1,7546,7546.0
9486,1,7553,7553.0
9487,1,7567,7567.0
9488,1,7588,7588.0
9489,1,7546,7546.0
9490,1,7553,7553.0
9491,1,7560,7560.0
9492,1,7560,7560.0
9493,1,7553,7553.0
9494,1,7581,7581.0
9495,1,7602,7602.0
9496,1,7602,7602.0
9497,1,7602,7602.0
9498,1,7609,7609.0
9499,1,7581,7581.0
9500,1,7574,7574.0
9501,1,7560,7560.0
9502,1,7553,7553.0
9503,1,7546,7546.0
9504,1,7539,7539.0
9505,1,7553,7553.0
9506,1,7546,7546.0
9507,1,7553,7553.0
9508,1,7560,7560.0
9509,1,7560,7560.0
9510,1,7567,7567.0
9511,1,7546,7546.0
9512,1,7553,7553.0
9513,1,7532,7532.0
9514,1,7532,7532.0
9515,1,7532,7532.0
9516,1,7532,7532.0
9517,1,7546,7546.0
9518,1,7539,7539.0
9519,1,7518,7518.0
9520,1,7511,7511.0
9521,1,7511,7511.0
9522,1,7525,7525.0
9523,1,7511,7511.0
9524,1,7511,7511.0
9525,1,7518,7518.0
9526,1,7511,7511.0
9527,1,7525,7525.0
9528,1,7518,7518.0
9529,1,7539,7539.0
9530,1,7525,7525.0
9531,1,7525,7525.0
9532,1,7532,7532.0
9533,1,7532,7532.0
9534,1,7546,7546.0
9535,1,7525,7525.0
9536,1,7511,7511.0
9537,1,7525,7525.0
9538,1,7511,7511.0
9539,1,7511,7511.0
9540,1,7497,7497.0
9541,1,7532,7532.0
9542,1,7518,7518.0
9543,1,7525,7525.0
9544,1,7546,7546.0
9545,1,7532,7532.0
9546,1,7539,7539.0
9547,1,7539,7539.0
9548,1,7539,7539.0
9549,1,7539,7539.0
9550,1,7525,7525.0
9551,1,7497,7497.0
9552,1,7546,7546.0
9553,1,7553,7553.0
9554,1,7532,7532.0
9555,1,7539,7539.0
9556,1,7553,7553.0
9557,1,7553,7553.0
9558,1,7574,7574.0
9559,1,7553,7553.0
9560,1,7546,7546.0
9561,1,7546,7546.0
9562,1,7525,7525.0
9563,1,7518,7518.0
9564,1,7525,7525.0
9565,1,7532,7532.0
9566,1,7539,7539.0
9567,1,7525,7525.0
9568,1,7539,7539.0
9569,1,7525,7525.0
9570,1,7532,7532.0
9571,1,7539,7539.0
9572,1,7539,7539.0
9573,1,7539,7539.0
9574,1,7518,7518.0
9575,1,7546,7546.0
9576,1,7553,7553.0
9577,1,7546,7546.0
9578,1,7539,7539.0
9579,1,7539,7539.0
9580,1,7546,7546.0
9581,1,7553,7553.0
9582,1,7539,7539.0
9583,1,7532,7532.0
9584,1,7525,7525.0
9585,1,7525,7525.0
9586,1,7532,7532.0
9587,1,7525,7525.0
9588,1,7525,7525.0
9589,1,7539,7539.0
9590,1,7532,7532.0
9591,1,7553,7553.0
9592,1,7560,7560.0
9593,1,7560,7560.0
9594,1,7532,7532.0
9595,1,7525,7525.0
9596,1,7539,7539.0
9597,1,7546,7546.0
9598,1,7539,7539.0
9599,1,7539,7539.0
9600,1,7539,7539.0
9601,1,7560,7560.0
9602,1,7553,7553.0
9603,1,7553,7553.0
9604,1,7560,7560.0
9605,1,7532,7532.0
9606,1,7546,7546.0
9607,1,7532,7532.0
9608,1,7532,7532.0
9609,1,7525,7525.0
9610,1,7532,7532.0
9611,1,7539,7539.0
9612,1,7546,7546.0
9613,1,7567,7567.0
9614,1,7567,7567.0
9615,1,7546,7546.0
9616,1,7567,7567.0
9617,1,7546,7546.0
9618,1,7539,7539.0
9619,1,7532,7532.0
9620,1,7546,7546.0
9621,1,7546,7546.0
9622,1,7539,7539.0
9623,1,7532,7532.0
9624,1,7546,7546.0
9625,1,7553,7553.0
9626,1,7560,7560.0
9627,1,7539,7539.0
9628,1,7574,7574.0
9629,1,7546,7546.0
9630,1,7532,7532.0
9631,1,7532,7532.0
9632,1,7525,7525.0
9633,1,7539,7539.0
9634,1,7567,7567.0
9635,1,7546,7546.0
9636,1,7546,7546.0
9637,1,7574,7574.0
9638,1,7567,7567.0
9639,1,7567,7567.0
9640,1,7560,7560.0
9641,1,7567,7567.0
9642,1,7574,7574.0
9643,1,7595,7595.0
9644,1,7616,7616.0
9645,1,7616,7616.0
9646,1,7602,7602.0
9647,1,7609,7609.0
9648,1,7602,7602.0
9649,1,7609,7609.0
9650,1,7602,7602.0
9651,1,7588,7588.0
9652,1,7588,7588.0
9653,1,7595,7595.0
9654,1,7588,7588.0
9655,1,7609,7609.0
9656,1,7595,7595.0
9657,1,7581,7581.0
9658,1,7595,7595.0
9659,1,7602,7602.0
9660,1,7595,7595.0
9661,1,7581,7581.0
9662,1,7588,7588.0
9663,1,7595,7595.0
9664,1,7588,7588.0
9665,1,7588,7588.0
9666,1,7595,7595.0
9667,1,7588,7588.0
9668,1,7581,7581.0
9669,1,7581,7581.0
9670,1,7574,7574.0
9671,1,7560,7560.0
9672,1,7581,7581.0
9673,1,7567,7567.0
9674,1,7560,7560.0
9675,1,7567,7567.0
9676,1,7574,7574.0
9677,1,7581,7581.0
9678,1,7560,7560.0
9679,1,7588,7588.0
9680,1,7567,7567.0
9681,1,7581,7581.0
9682,1,7567,7567.0
9683,1,7553,7553.0
9684,1,7567,7567.0
9685,1,7567,7567.0
9686,1,7567,7567.0
9687,1,7560,7560.0
9688,1,7574,7574.0
9689,1,7560,7560.0
9690,1,7560,7560.0
9691,1,7532,7532.0
9692,1,7546,7546.0
9693,1,7546,7546.0
9694,1,7560,7560.0
9695,1,7567,7567.0
9696,1,7560,7560.0
9697,1,7539,7539.0
9698,1,7539,7539.0
9699,1,7532,7532.0
9700,1,7525,7525.0
9701,1,7525,7525.0
9702,1,7525,7525.0
9703,1,7525,7525.0
9704,1,7525,7525.0
9705,1,7532,7532.0
9706,1,7532,7532.0
9707,1,7539,7539.0
9708,1,7532,7532.0
9709,1,7546,7546.0
9710,1,7539,7539.0
9711,1,7539,7539.0
9712,1,7539,7539.0
9713,1,7553,7553.0
9714,1,7539,7539.0
9715,1,7553,7553.0
9716,1,7574,7574.0
9717,1,7567,7567.0
9718,1,7532,7532.0
9719,1,7553,7553.0
9720,1,7553,7553.0
9721,1,7553,7553.0
9722,1,7546,7546.0
9723,1,7553,7553.0
9724,1,7539,7539.0
9725,1,7525,7525.0
9726,1,7546,7546.0
9727,1,7546,7546.0
9728,1,7546,7546.0
9729,1,7553,7553.0
9730,1,7553,7553.0
9731,1,7560,7560.0
9732,1,7560,7560.0
9733,1,7560,7560.0
9734,1,7574,7574.0
9735,1,7567,7567.0
9736,1,7567,7567.0
9737,1,7567,7567.0
9738,1,7567,7567.0
9739,1,7567,7567.0
9740,1,7567,7567.0
9741,1,7574,7574.0
9742,1,7567,7567.0
9743,1,7581,7581.0
9744,1,7581,7581.0
9745,1,7574,7574.0
9746,1,7581,7581.0
9747,1,7588,7588.0
9748,1,7602,7602.0
9749,1,7588,7588.0
9750,1,7595,7595.0
9751,1,7581,7581.0
9752,1,7595,7595.0
9753,1,7588,7588.0
9754,1,7595,7595.0
9755,1,7567,7567.0
9756,1,7574,7574.0
9757,1,7609,7609.0
9758,1,7574,7574.0
9759,1,7567,7567.0
9760,1,7574,7574.0
9761,1,7546,7546.0
9762,1,7546,7546.0
9763,1,7546,7546.0
9764,1,7539,7539.0
9765,1,7546,7546.0
9766,1,7539,7539.0
9767,1,7539,7539.0
9768,1,7539,7539.0
9769,1,7525,7525.0
9770,1,7525,7525.0
9771,1,7539,7539.0
9772,1,7539,7539.0
9773,1,7539,7539.0
9774,1,7539,7539.0
9775,1,7553,7553.0
9776,1,7546,7546.0
9777,1,7539,7539.0
9778,1,7546,7546.0
9779,1,7532,7532.0
9780,1,7511,7511.0
9781,1,7504,7504.0
9782,1,7511,7511.0
9783,1,7532,7532.0
9784,1,7539,7539.0
9785,1,7532,7532.0
9786,1,7504,7504.0
9787,1,7511,7511.0
9788,1,7532,7532.0
9789,1,7532,7532.0
9790,1,7532,7532.0
9791,1,7532,7532.0
9792,1,7532,7532.0
9793,1,7539,7539.0
9794,1,7539,7539.0
9795,1,7560,7560.0
9796,1,7539,7539.0
9797,1,7546,7546.0
9798,1,7553,7553.0
9799,1,7553,7553.0
9800,1,7553,7553.0
9801,1,7553,7553.0
9802,1,7546,7546.0
9803,1,7553,7553.0
9804,1,7553,7553.0
9805,1,7553,7553.0
9806,1,7546,7546.0
9807,1,7525,7525.0
9808,1,7546,7546.0
9809,1,7546,7546.0
9810,1,7532,7532.0
9811,1,7567,7567.0
9812,1,7539,7539.0
9813,1,7560,7560.0
9814,1,7553,7553.0
9815,1,7518,7518.0
9816,1,7539,7539.0
9817,1,7539,7539.0
9818,1,7546,7546.0
9819,1,7532,7532.0
9820,1,7539,7539.0
9821,1,7546,7546.0
9822,1,7532,7532.0
9823,1,7525,7525.0
9824,1,7539,7539.0
9825,1,7553,7553.0
9826,1,7546,7546.0
9827,1,7560,7560.0
9828,1,7574,7574.0
9829,1,7560,7560.0
9830,1,7532,7532.0
9831,1,7525,7525.0
9832,1,7539,7539.0
9833,1,7539,7539.0
9834,1,7525,7525.0
9835,1,7546,7546.0
9836,1,7532,7532.0
9837,1,7525,7525.0
9838,1,7525,7525.0
9839,1,7539,7539.0
9840,1,7532,7532.0
9841,1,7525,7525.0
9842,1,7532,7532.0
9843,1,7525,7525.0
9844,1,7553,7553.0
9845,1,7553,7553.0
9846,1,7539,7539.0
9847,1,7553,7553.0
9848,1,7546,7546.0
9849,1,7546,7546.0
9850,1,7553,7553.0
9851,1,7553,7553.0
9852,1,7539,7539.0
9853,1,7560,7560.0
9854,1,7567,7567.0
9855,1,7553,7553.0
9856,1,7553,7553.0
9857,1,7560,7560.0
9858,1,7560,7560.0
9859,1,7567,7567.0
9860,1,7560,7560.0
9861,1,7567,7567.0
9862,1,7567,7567.0
9863,1,7574,7574.0
9864,1,7574,7574.0
9865,1,7560,7560.0
9866,1,7560,7560.0
9867,1,7560,7560.0
9868,1,7567,7567.0
9869,1,7560,7560.0
9870,1,7525,7525.0
9871,1,7518,7518.0
9872,1,7504,7504.0
9873,1,7518,7518.0
9874,1,7504,7504.0
9875,1,7483,7483.0
9876,1,7497,7497.0
9877,1,7497,7497.0
9878,1,7469,7469.0
9879,1,7483,7483.0
9880,1,7490,7490.0
9881,1,7490,7490.0
9882,1,7497,7497.0
9883,1,7497,7497.0
9884,1,7483,7483.0
9885,1,7497,7497.0
9886,1,7490,7490.0
9887,1,7483,7483.0
9888,1,7490,7490.0
9889,1,7483,7483.0
9890,1,7483,7483.0
9891,1,7497,7497.0
9892,1,7518,7518.0
9893,1,7518,7518.0
9894,1,7511,7511.0
9895,1,7511,7511.0
9896,1,7511,7511.0
9897,1,7511,7511.0
9898,1,7511,7511.0
9899,1,7490,7490.0
9900,1,7504,7504.0
9901,1,7476,7476.0
9902,1,7476,7476.0
9903,1,7469,7469.0
9904,1,7476,7476.0
9905,1,7483,7483.0
9906,1,7483,7483.0
9907,1,7476,7476.0
9908,1,7483,7483.0
9909,1,7504,7504.0
9910,1,7497,7497.0
9911,1,7476,7476.0
9912,1,7504,7504.0
9913,1,7490,7490.0
9914,1,7483,7483.0
9915,1,7476,7476.0
9916,1,7490,7490.0
9917,1,7483,7483.0
9918,1,7490,7490.0
9919,1,7504,7504.0
9920,1,7469,7469.0
9921,1,7497,7497.0
9922,1,7490,7490.0
9923,1,7511,7511.0
9924,1,7525,7525.0
9925,1,7532,7532.0
9926,1,7511,7511.0
9927,1,7518,7518.0
9928,1,7497,7497.0
9929,1,7518,7518.0
9930,1,7518,7518.0
9931,1,7525,7525.0
9932,1,7532,7532.0
9933,1,7532,7532.0
9934,1,7532,7532.0
9935,1,7525,7525.0
9936,1,7539,7539.0
9937,1,7539,7539.0
9938,1,7518,7518.0
9939,1,7525,7525.0
9940,1,7525,7525.0
9941,1,7532,7532.0
9942,1,7532,7532.0
9943,1,7539,7539.0
9944,1,7532,7532.0
9945,1,7525,7525.0
9946,1,7518,7518.0
9947,1,7504,7504.0
9948,1,7504,7504.0
9949,1,7504,7504.0
9950,1,7511,7511.0
9951,1,7511,7511.0
9952,1,7504,7504.0
9953,1,7511,7511.0
9954,1,7511,7511.0
9955,1,7511,7511.0
9956,1,7518,7518.0
9957,1,7511,7511.0
9958,1,7518,7518.0
9959,1,7511,7511.0
9960,1,7518,7518.0
9961,1,7518,7518.0
9962,1,7525,7525.0
9963,1,7518,7518.0
9964,1,7525,7525.0
9965,1,7553,7553.0
9966,1,7532,7532.0
9967,1,7518,7518.0
9968,1,7518,7518.0
9969,1,7532,7532.0
9970,1,7532,7532.0
9971,1,7518,7518.0
9972,1,7525,7525.0
9973,1,7525,7525.0
9974,1,7532,7532.0
9975,1,7525,7525.0
9976,1,7532,7532.0
9977,1,7546,7546.0
9978,1,7560,7560.0
9979,1,7560,7560.0
9980,1,7553,7553.0
9981,1,7511,7511.0
9982,1,7518,7518.0
9983,1,7525,7525.0
9984,1,7518,7518.0
9985,1,7511,7511.0
9986,1,7525,7525.0
9987,1,7532,7532.0
9988,1,7518,7518.0
9989,1,7511,7511.0
9990,1,7504,7504.0
9991,1,7497,7497.0
9992,1,7497,7497.0
9993,1,7511,7511.0
9994,1,7525,7525.0
9995,1,7525,7525.0
9996,1,7532,7532.0
9997,1,7532,7532.0
9998,1,7532,7532.0
9999,1,7539,7539.0
10000,1,7539,7539.0
10001,1,7539,7539.0
10002,1,7539,7539.0
10003,1,7518,7518.0
10004,1,7525,7525.0
10005,1,7511,7511.0
10006,1,7497,7497.0
10007,1,7497,7497.0
10008,1,7497,7497.0
10009,1,7490,7490.0
10010,1,7490,7490.0
10011,1,7490,7490.0
10012,1,7490,7490.0
10013,1,7490,7490.0
10014,1,7490,7490.0
10015,1,7483,7483.0
10016,1,7483,7483.0
10017,1,7504,7504.0
10018,1,7476,7476.0
10019,1,7490,7490.0
10020,1,7497,7497.0
10021,1,7483,7483.0
10022,1,7476,7476.0
10023,1,7476,7476.0
10024,1,7476,7476.0
10025,1,7525,7525.0
10026,1,7497,7497.0
10027,1,7490,7490.0
10028,1,7497,7497.0
10029,1,7504,7504.0
10030,1,7511,7511.0
10031,1,7518,7518.0
10032,1,7518,7518.0
10033,1,7504,7504.0
10034,1,7497,7497.0
10035,1,7497,7497.0
10036,1,7497,7497.0
10037,1,7462,7462.0
10038,1,7462,7462.0
10039,1,7469,7469.0
10040,1,7476,7476.0
10041,1,7469,7469.0
10042,1,7455,7455.0
10043,1,7462,7462.0
10044,1,7476,7476.0
10045,1,7483,7483.0
10046,1,7497,7497.0
10047,1,7483,7483.0
10048,1,7497,7497.0
10049,1,7504,7504.0
10050,1,7497,7497.0
10051,1,7476,7476.0
10052,1,7483,7483.0
10053,1,7476,7476.0
10054,1,7483,7483.0
10055,1,7483,7483.0
10056,1,7490,7490.0
10057,1,7497,7497.0
10058,1,7504,7504.0
10059,1,7490,7490.0
10060,1,7476,7476.0
10061,1,7483,7483.0
10062,1,7469,7469.0
10063,1,7483,7483.0
10064,1,7476,7476.0
10065,1,7469,7469.0
10066,1,7476,7476.0
10067,1,7483,7483.0
10068,1,7469,7469.0
10069,1,7469,7469.0
10070,1,7462,7462.0
10071,1,7469,7469.0
10072,1,7469,7469.0
10073,1,7455,7455.0
10074,1,7469,7469.0
10075,1,7490,7490.0
10076,1,7476,7476.0
10077,1,7462,7462.0
10078,1,7462,7462.0
10079,1,7483,7483.0
10080,1,7469,7469.0
10081,1,7469,7469.0
10082,1,7490,7490.0
10083,1,7469,7469.0
10084,1,7483,7483.0
10085,1,7483,7483.0
10086,1,7469,7469.0
10087,1,7476,7476.0
10088,1,7455,7455.0
10089,1,7441,7441.0
10090,1,7455,7455.0
10091,1,7462,7462.0
10092,1,7469,7469.0
10093,1,7462,7462.0
10094,1,7462,7462.0
10095,1,7469,7469.0
10096,1,7448,7448.0
10097,1,7455,7455.0
10098,1,7448,7448.0
10099,1,7448,7448.0
10100,1,7441,7441.0
10101,1,7448,7448.0
10102,1,7448,7448.0
10103,1,7441,7441.0
10104,1,7441,7441.0
10105,1,7441,7441.0
10106,1,7448,7448.0
10107,1,7469,7469.0
10108,1,7448,7448.0
10109,1,7448,7448.0
10110,1,7441,7441.0
10111,1,7455,7455.0
10112,1,7434,7434.0
10113,1,7462,7462.0
10114,1,7455,7455.0
10115,1,7476,7476.0
10116,1,7462,7462.0
10117,1,7455,7455.0
10118,1,7462,7462.0
10119,1,7469,7469.0
10120,1,7490,7490.0
10121,1,7462,7462.0
10122,1,7483,7483.0
10123,1,7476,7476.0
10124,1,7455,7455.0
10125,1,7455,7455.0
10126,1,7441,7441.0
10127,1,7476,7476.0
10128,1,7455,7455.0
10129,1,7441,7441.0
10130,1,7455,7455.0
10131,1,7448,7448.0
10132,1,7455,7455.0
10133,1,7469,7469.0
10134,1,7455,7455.0
10135,1,7448,7448.0
10136,1,7469,7469.0
10137,1,7455,7455.0
10138,1,7455,7455.0
10139,1,7448,7448.0
10140,1,7476,7476.0
10141,1,7483,7483.0
10142,1,7469,7469.0
10143,1,7448,7448.0
10144,1,7462,7462.0
10145,1,7455,7455.0
10146,1,7455,7455.0
10147,1,7490,7490.0
10148,1,7476,7476.0
10149,1,7483,7483.0
10150,1,7469,7469.0
10151,1,7476,7476.0
10152,1,7469,7469.0
10153,1,7483,7483.0
10154,1,7476,7476.0
10155,1,7490,7490.0
10156,1,7483,7483.0
10157,1,7497,7497.0
10158,1,7469,7469.0
10159,1,7504,7504.0
10160,1,7497,7497.0
10161,1,7497,7497.0
10162,1,7497,7497.0
10163,1,7504,7504.0
10164,1,7511,7511.0
10165,1,7511,7511.0
10166,1,7511,7511.0
10167,1,7518,7518.0
10168,1,7525,7525.0
10169,1,7518,7518.0
10170,1,7525,7525.0
10171,1,7518,7518.0
10172,1,7518,7518.0
10173,1,7518,7518.0
10174,1,7525,7525.0
10175,1,7539,7539.0
10176,1,7518,7518.0
10177,1,7539,7539.0
10178,1,7525,7525.0
10179,1,7525,7525.0
10180,1,7504,7504.0
10181,1,7504,7504.0
10182,1,7518,7518.0
10183,1,7511,7511.0
10184,1,7504,7504.0
10185,1,7497,7497.0
10186,1,7504,7504.0
10187,1,7504,7504.0
10188,1,7504,7504.0
10189,1,7518,7518.0
10190,1,7511,7511.0
10191,1,7504,7504.0
10192,1,7483,7483.0
10193,1,7490,7490.0
10194,1,7483,7483.0
10195,1,7490,7490.0
10196,1,7497,7497.0
10197,1,7497,7497.0
10198,1,7497,7497.0
10199,1,7483,7483.0
10200,1,7490,7490.0
10201,1,7483,7483.0
10202,1,7462,7462.0
10203,1,7469,7469.0
10204,1,7476,7476.0
10205,1,7448,7448.0
10206,1,7483,7483.0
10207,1,7483,7483.0
10208,1,7497,7497.0
10209,1,7497,7497.0
10210,1,7490,7490.0
10211,1,7490,7490.0
10212,1,7490,7490.0
10213,1,7483,7483.0
10214,1,7490,7490.0
10215,1,7518,7518.0
10216,1,7504,7504.0
10217,1,7504,7504.0
10218,1,7525,7525.0
10219,1,7511,7511.0
10220,1,7504,7504.0
10221,1,7504,7504.0
10222,1,7511,7511.0
10223,1,7504,7504.0
10224,1,7504,7504.0
10225,1,7511,7511.0
10226,1,7511,7511.0
10227,1,7504,7504.0
10228,1,7511,7511.0
10229,1,7525,7525.0
10230,1,7518,7518.0
10231,1,7504,7504.0
10232,1,7518,7518.0
10233,1,7532,7532.0
10234,1,7539,7539.0
10235,1,7553,7553.0
10236,1,7546,7546.0
10237,1,7546,7546.0
10238,1,7525,7525.0
10239,1,7518,7518.0
10240,1,7518,7518.0
10241,1,7539,7539.0
10242,1,7553,7553.0
10243,1,7560,7560.0
10244,1,7581,7581.0
10245,1,7560,7560.0
10246,1,7560,7560.0
10247,1,7567,7567.0
10248,1,7532,7532.0
10249,1,7553,7553.0
10250,1,7546,7546.0
10251,1,7518,7518.0
10252,1,7532,7532.0
10253,1,7525,7525.0
10254,1,7525,7525.0
10255,1,7525,7525.0
10256,1,7532,7532.0
10257,1,7553,7553.0
10258,1,7504,7504.0
10259,1,7567,7567.0
10260,1,7511,7511.0
10261,1,7539,7539.0
10262,1,7532,7532.0
10263,1,7490,7490.0
10264,1,7504,7504.0
10265,1,7511,7511.0
10266,1,7497,7497.0
10267,1,7504,7504.0
10268,1,7511,7511.0
10269,1,7518,7518.0
10270,1,7511,7511.0
10271,1,7504,7504.0
10272,1,7490,7490.0
10273,1,7504,7504.0
10274,1,7525,7525.0
10275,1,7504,7504.0
10276,1,7483,7483.0
10277,1,7490,7490.0
10278,1,7476,7476.0
10279,1,7497,7497.0
10280,1,7518,7518.0
10281,1,7497,7497.0
10282,1,7504,7504.0
10283,1,7497,7497.0
10284,1,7518,7518.0
10285,1,7497,7497.0
10286,1,7497,7497.0
10287,1,7490,7490.0
10288,1,7483,7483.0
10289,1,7490,7490.0
10290,1,7483,7483.0
10291,1,7483,7483.0
10292,1,7469,7469.0
10293,1,7462,7462.0
10294,1,7469,7469.0
10295,1,7469,7469.0
10296,1,7462,7462.0
10297,1,7462,7462.0
10298,1,7462,7462.0
10299,1,7462,7462.0
10300,1,7483,7483.0
10301,1,7497,7497.0
10302,1,7497,7497.0
10303,1,7483,7483.0
10304,1,7490,7490.0
10305,1,7497,7497.0
10306,1,7504,7504.0
10307,1,7497,7497.0
10308,1,7476,7476.0
10309,1,7483,7483.0
10310,1,7483,7483.0
10311,1,7490,7490.0
10312,1,7539,7539.0
10313,1,7532,7532.0
10314,1,7511,7511.0
10315,1,7518,7518.0
10316,1,7504,7504.0
10317,1,7504,7504.0
10318,1,7553,7553.0
10319,1,7567,7567.0
10320,1,7553,7553.0
10321,1,7539,7539.0
10322,1,7560,7560.0
10323,1,7553,7553.0
10324,1,7546,7546.0
10325,1,7546,7546.0
10326,1,7539,7539.0
10327,1,7532,7532.0
10328,1,7546,7546.0
10329,1,7546,7546.0
10330,1,7546,7546.0
10331,1,7546,7546.0
10332,1,7539,7539.0
10333,1,7539,7539.0
10334,1,7532,7532.0
10335,1,7532,7532.0
10336,1,7539,7539.0
10337,1,7532,7532.0
10338,1,7546,7546.0
10339,1,7525,7525.0
10340,1,7539,7539.0
10341,1,7518,7518.0
10342,1,7553,7553.0
10343,1,7546,7546.0
10344,1,7546,7546.0
10345,1,7567,7567.0
10346,1,7567,7567.0
10347,1,7560,7560.0
10348,1,7560,7560.0
10349,1,7553,7553.0
10350,1,7539,7539.0
10351,1,7567,7567.0
10352,1,7560,7560.0
10353,1,7553,7553.0
10354,1,7553,7553.0
10355,1,7581,7581.0
10356,1,7574,7574.0
10357,1,7567,7567.0
10358,1,7574,7574.0
10359,1,7553,7553.0
10360,1,7546,7546.0
10361,1,7546,7546.0
10362,1,7546,7546.0
10363,1,7567,7567.0
10364,1,7539,7539.0
10365,1,7525,7525.0
10366,1,7525,7525.0
10367,1,7518,7518.0
10368,1,7532,7532.0
10369,1,7546,7546.0
10370,1,7539,7539.0
10371,1,7532,7532.0
10372,1,7525,7525.0
10373,1,7518,7518.0
10374,1,7546,7546.0
10375,1,7546,7546.0
10376,1,7553,7553.0
10377,1,7546,7546.0
10378,1,7574,7574.0
10379,1,7567,7567.0
10380,1,7560,7560.0
10381,1,7595,7595.0
10382,1,7581,7581.0
10383,1,7574,7574.0
10384,1,7574,7574.0
10385,1,7581,7581.0
10386,1,7574,7574.0
10387,1,7574,7574.0
10388,1,7581,7581.0
10389,1,7581,7581.0
10390,1,7588,7588.0
10391,1,7588,7588.0
10392,1,7602,7602.0
10393,1,7595,7595.0
10394,1,7588,7588.0
10395,1,7581,7581.0
10396,1,7595,7595.0
10397,1,7595,7595.0
10398,1,7581,7581.0
10399,1,7595,7595.0
10400,1,7588,7588.0
10401,1,7602,7602.0
10402,1,7588,7588.0
10403,1,7595,7595.0
10404,1,7581,7581.0
10405,1,7581,7581.0
10406,1,7602,7602.0
10407,1,7595,7595.0
10408,1,7609,7609.0
10409,1,7609,7609.0
10410,1,7602,7602.0
10411,1,7602,7602.0
10412,1,7609,7609.0
10413,1,7602,7602.0
10414,1,7588,7588.0
10415,1,7588,7588.0
10416,1,7595,7595.0
10417,1,7595,7595.0
10418,1,7588,7588.0
10419,1,7595,7595.0
10420,1,7616,7616.0
10421,1,7609,7609.0
10422,1,7609,7609.0
10423,1,7609,7609.0
10424,1,7595,7595.0
10425,1,7602,7602.0
10426,1,7609,7609.0
10427,1,7602,7602.0
10428,1,7602,7602.0
10429,1,7588,7588.0
10430,1,7595,7595.0
10431,1,7588,7588.0
10432,1,7609,7609.0
10433,1,7602,7602.0
10434,1,7609,7609.0
10435,1,7616,7616.0
10436,1,7616,7616.0
10437,1,7609,7609.0
10438,1,7609,7609.0
10439,1,7595,7595.0
10440,1,7623,7623.0
10441,1,7609,7609.0
10442,1,7616,7616.0
10443,1,7616,7616.0
10444,1,7609,7609.0
10445,1,7609,7609.0
10446,1,7595,7595.0
10447,1,7602,7602.0
10448,1,7581,7581.0
10449,1,7588,7588.0
10450,1,7581,7581.0
10451,1,7595,7595.0
10452,1,7588,7588.0
10453,1,7574,7574.0
10454,1,7574,7574.0
10455,1,7560,7560.0
10456,1,7553,7553.0
10457,1,7546,7546.0
10458,1,7553,7553.0
10459,1,7546,7546.0
10460,1,7546,7546.0
10461,1,7567,7567.0
10462,1,7567,7567.0
10463,1,7560,7560.0
10464,1,7581,7581.0
10465,1,7553,7553.0
10466,1,7567,7567.0
10467,1,7560,7560.0
10468,1,7567,7567.0
10469,1,7560,7560.0
10470,1,7546,7546.0
10471,1,7553,7553.0
10472,1,7560,7560.0
10473,1,7553,7553.0
10474,1,7532,7532.0
10475,1,7546,7546.0
10476,1,7546,7546.0
10477,1,7546,7546.0
10478,1,7539,7539.0
10479,1,7560,7560.0
10480,1,7574,7574.0
10481,1,7567,7567.0
10482,1,7574,7574.0
10483,1,7560,7560.0
10484,1,7553,7553.0
10485,1,7560,7560.0
10486,1,7546,7546.0
10487,1,7546,7546.0
10488,1,7553,7553.0
10489,1,7546,7546.0
10490,1,7532,7532.0
10491,1,7553,7553.0
10492,1,7560,7560.0
10493,1,7518,7518.0
10494,1,7532,7532.0
10495,1,7532,7532.0
10496,1,7532,7532.0
10497,1,7511,7511.0
10498,1,7504,7504.0
10499,1,7504,7504.0
10500,1,7504,7504.0
10501,1,7490,7490.0
10502,1,7490,7490.0
10503,1,7497,7497.0
10504,1,7504,7504.0
10505,1,7511,7511.0
10506,1,7518,7518.0
10507,1,7483,7483.0
10508,1,7504,7504.0
10509,1,7511,7511.0
10510,1,7504,7504.0
10511,1,7539,7539.0
10512,1,7525,7525.0
10513,1,7539,7539.0
10514,1,7553,7553.0
10515,1,7525,7525.0
10516,1,7553,7553.0
10517,1,7539,7539.0
10518,1,7532,7532.0
10519,1,7532,7532.0
10520,1,7532,7532.0
10521,1,7525,7525.0
10522,1,7518,7518.0
10523,1,7553,7553.0
10524,1,7546,7546.0
10525,1,7539,7539.0
10526,1,7546,7546.0
10527,1,7546,7546.0
10528,1,7539,7539.0
10529,1,7560,7560.0
10530,1,7546,7546.0
10531,1,7567,7567.0
10532,1,7553,7553.0
10533,1,7560,7560.0
10534,1,7567,7567.0
10535,1,7553,7553.0
10536,1,7553,7553.0
10537,1,7546,7546.0
10538,1,7546,7546.0
10539,1,7539,7539.0
10540,1,7525,7525.0
10541,1,7560,7560.0
10542,1,7553,7553.0
10543,1,7546,7546.0
10544,1,7532,7532.0
10545,1,7553,7553.0
10546,1,7532,7532.0
10547,1,7532,7532.0
10548,1,7532,7532.0
10549,1,7525,7525.0
10550,1,7518,7518.0
10551,1,7511,7511.0
10552,1,7525,7525.0
10553,1,7525,7525.0
10554,1,7539,7539.0
10555,1,7546,7546.0
10556,1,7546,7546.0
10557,1,7546,7546.0
10558,1,7539,7539.0
10559,1,7553,7553.0
10560,1,7532,7532.0
10561,1,7546,7546.0
10562,1,7525,7525.0
10563,1,7553,7553.0
10564,1,7553,7553.0
10565,1,7546,7546.0
10566,1,7546,7546.0
10567,1,7511,7511.0
10568,1,7518,7518.0
10569,1,7518,7518.0
10570,1,7532,7532.0
10571,1,7511,7511.0
10572,1,7518,7518.0
10573,1,7518,7518.0
10574,1,7525,7525.0
10575,1,7539,7539.0
10576,1,7553,7553.0
10577,1,7546,7546.0
10578,1,7560,7560.0
10579,1,7525,7525.0
10580,1,7539,7539.0
10581,1,7553,7553.0
10582,1,7560,7560.0
10583,1,7553,7553.0
10584,1,7546,7546.0
10585,1,7546,7546.0
10586,1,7560,7560.0
10587,1,7574,7574.0
10588,1,7567,7567.0
10589,1,7553,7553.0
10590,1,7539,7539.0
10591,1,7553,7553.0
10592,1,7546,7546.0
10593,1,7546,7546.0
10594,1,7546,7546.0
10595,1,7539,7539.0
10596,1,7539,7539.0
10597,1,7539,7539.0
10598,1,7532,7532.0
10599,1,7525,7525.0
10600,1,7532,7532.0
10601,1,7525,7525.0
10602,1,7497,7497.0
10603,1,7525,7525.0
10604,1,7483,7483.0
10605,1,7497,7497.0
10606,1,7504,7504.0
10607,1,7511,7511.0
10608,1,7511,7511.0
10609,1,7518,7518.0
10610,1,7511,7511.0
10611,1,7518,7518.0
10612,1,7518,7518.0
10613,1,7511,7511.0
10614,1,7518,7518.0
10615,1,7518,7518.0
10616,1,7511,7511.0
10617,1,7511,7511.0
10618,1,7511,7511.0
10619,1,7518,7518.0
10620,1,7511,7511.0
10621,1,7490,7490.0
10622,1,7497,7497.0
10623,1,7497,7497.0
10624,1,7504,7504.0
10625,1,7497,7497.0
10626,1,7490,7490.0
10627,1,7497,7497.0
10628,1,7511,7511.0
10629,1,7497,7497.0
10630,1,7504,7504.0
10631,1,7504,7504.0
10632,1,7504,7504.0
10633,1,7504,7504.0
10634,1,7504,7504.0
10635,1,7518,7518.0
10636,1,7525,7525.0
10637,1,7504,7504.0
10638,1,7518,7518.0
10639,1,7504,7504.0
10640,1,7511,7511.0
10641,1,7504,7504.0
10642,1,7497,7497.0
10643,1,7497,7497.0
10644,1,7476,7476.0
10645,1,7490,7490.0
10646,1,7504,7504.0
10647,1,7504,7504.0
10648,1,7483,7483.0
10649,1,7497,7497.0
10650,1,7490,7490.0
10651,1,7497,7497.0
10652,1,7511,7511.0
10653,1,7497,7497.0
10654,1,7504,7504.0
10655,1,7511,7511.0
10656,1,7532,7532.0
10657,1,7532,7532.0
10658,1,7525,7525.0
10659,1,7525,7525.0
10660,1,7532,7532.0
10661,1,7525,7525.0
10662,1,7525,7525.0
10663,1,7539,7539.0
10664,1,7546,7546.0
10665,1,7539,7539.0
10666,1,7539,7539.0
10667,1,7532,7532.0
10668,1,7532,7532.0
10669,1,7539,7539.0
10670,1,7532,7532.0
10671,1,7525,7525.0
10672,1,7518,7518.0
10673,1,7518,7518.0
10674,1,7539,7539.0
10675,1,7546,7546.0
10676,1,7553,7553.0
10677,1,7546,7546.0
10678,1,7546,7546.0
10679,1,7539,7539.0
10680,1,7546,7546.0
10681,1,7525,7525.0
10682,1,7504,7504.0
10683,1,7504,7504.0
10684,1,7490,7490.0
10685,1,7525,7525.0
10686,1,7532,7532.0
10687,1,7518,7518.0
10688,1,7518,7518.0
10689,1,7497,7497.0
10690,1,7469,7469.0
10691,1,7511,7511.0
10692,1,7518,7518.0
10693,1,7490,7490.0
10694,1,7490,7490.0
10695,1,7518,7518.0
10696,1,7497,7497.0
10697,1,7490,7490.0
10698,1,7497,7497.0
10699,1,7518,7518.0
10700,1,7504,7504.0
10701,1,7504,7504.0
10702,1,7504,7504.0
10703,1,7525,7525.0
10704,1,7518,7518.0
10705,1,7504,7504.0
10706,1,7518,7518.0
10707,1,7525,7525.0
10708,1,7525,7525.0
10709,1,7539,7539.0
10710,1,7539,7539.0
10711,1,7539,7539.0
10712,1,7518,7518.0
10713,1,7504,7504.0
10714,1,7511,7511.0
10715,1,7518,7518.0
10716,1,7532,7532.0
10717,1,7518,7518.0
10718,1,7525,7525.0
10719,1,7525,7525.0
10720,1,7511,7511.0
10721,1,7518,7518.0
10722,1,7504,7504.0
10723,1,7525,7525.0
10724,1,7525,7525.0
10725,1,7546,7546.0
10726,1,7518,7518.0
10727,1,7504,7504.0
10728,1,7518,7518.0
10729,1,7504,7504.0
10730,1,7504,7504.0
10731,1,7490,7490.0
10732,1,7525,7525.0
10733,1,7525,7525.0
10734,1,7490,7490.0
10735,1,7511,7511.0
10736,1,7518,7518.0
10737,1,7504,7504.0
10738,1,7497,7497.0
10739,1,7511,7511.0
10740,1,7518,7518.0
10741,1,7511,7511.0
10742,1,7525,7525.0
10743,1,7511,7511.0
10744,1,7518,7518.0
10745,1,7511,7511.0
10746,1,7518,7518.0
10747,1,7525,7525.0
10748,1,7525,7525.0
10749,1,7518,7518.0
10750,1,7539,7539.0
10751,1,7539,7539.0
10752,1,7539,7539.0
10753,1,7539,7539.0
10754,1,7539,7539.0
10755,1,7539,7539.0
10756,1,7553,7553.0
10757,1,7532,7532.0
10758,1,7546,7546.0
10759,1,7539,7539.0
10760,1,7532,7532.0
10761,1,7511,7511.0
10762,1,7539,7539.0
10763,1,7532,7532.0
10764,1,7532,7532.0
10765,1,7546,7546.0
10766,1,7532,7532.0
10767,1,7546,7546.0
10768,1,7546,7546.0
10769,1,7553,7553.0
10770,1,7567,7567.0
10771,1,7567,7567.0
10772,1,7539,7539.0
10773,1,7539,7539.0
10774,1,7539,7539.0
10775,1,7532,7532.0
10776,1,7518,7518.0
10777,1,7525,7525.0
10778,1,7539,7539.0
10779,1,7567,7567.0
10780,1,7567,7567.0
10781,1,7560,7560.0
10782,1,7546,7546.0
10783,1,7546,7546.0
10784,1,7539,7539.0
10785,1,7546,7546.0
10786,1,7553,7553.0
10787,1,7539,7539.0
10788,1,7518,7518.0
10789,1,7511,7511.0
10790,1,7504,7504.0
10791,1,7511,7511.0
10792,1,7518,7518.0
10793,1,7518,7518.0
10794,1,7518,7518.0
10795,1,7532,7532.0
10796,1,7518,7518.0
10797,1,7511,7511.0
10798,1,7518,7518.0
10799,1,7504,7504.0
10800,1,7497,7497.0
10801,1,7476,7476.0
10802,1,7476,7476.0
10803,1,7511,7511.0
10804,1,7497,7497.0
10805,1,7504,7504.0
10806,1,7490,7490.0
10807,1,7504,7504.0
10808,1,7490,7490.0
10809,1,7483,7483.0
10810,1,7476,7476.0
10811,1,7483,7483.0
10812,1,7483,7483.0
10813,1,7476,7476.0
10814,1,7476,7476.0
10815,1,7469,7469.0
10816,1,7483,7483.0
10817,1,7476,7476.0
10818,1,7462,7462.0
10819,1,7469,7469.0
10820,1,7469,7469.0
10821,1,7483,7483.0
10822,1,7490,7490.0
10823,1,7483,7483.0
10824,1,7490,7490.0
10825,1,7511,7511.0
10826,1,7490,7490.0
10827,1,7518,7518.0
10828,1,7532,7532.0
10829,1,7497,7497.0
10830,1,7511,7511.0
10831,1,7511,7511.0
10832,1,7539,7539.0
10833,1,7525,7525.0
10834,1,7525,7525.0
10835,1,7518,7518.0
10836,1,7511,7511.0
10837,1,7504,7504.0
10838,1,7511,7511.0
10839,1,7525,7525.0
10840,1,7532,7532.0
10841,1,7532,7532.0
10842,1,7518,7518.0
10843,1,7532,7532.0
10844,1,7532,7532.0
10845,1,7539,7539.0
10846,1,7553,7553.0
10847,1,7553,7553.0
10848,1,7560,7560.0
10849,1,7567,7567.0
10850,1,7546,7546.0
10851,1,7546,7546.0
10852,1,7567,7567.0
10853,1,7560,7560.0
10854,1,7546,7546.0
10855,1,7553,7553.0
10856,1,7553,7553.0
10857,1,7560,7560.0
10858,2,7615,3807.5
10859,2,7630,3815.0
10860,1,7567,7567.0
10861,1,7567,7567.0
10862,1,7574,7574.0
10863,1,7560,7560.0
10864,1,7546,7546.0
10865,1,7546,7546.0
10866,1,7539,7539.0
10867,1,7539,7539.0
10868,1,7532,7532.0
10869,1,7539,7539.0
10870,1,7553,7553.0
10871,1,7532,7532.0
10872,1,7525,7525.0
10873,1,7525,7525.0
10874,1,7525,7525.0
10875,1,7518,7518.0
10876,1,7539,7539.0
10877,1,7553,7553.0
10878,1,7532,7532.0
10879,1,7546,7546.0
10880,1,7525,7525.0
10881,1,7525,7525.0
10882,1,7539,7539.0
10883,1,7546,7546.0
10884,1,7553,7553.0
10885,1,7546,7546.0
10886,1,7546,7546.0
10887,1,7546,7546.0
10888,1,7581,7581.0
10889,1,7574,7574.0
10890,1,7581,7581.0
10891,1,7574,7574.0
10892,1,7567,7567.0
10893,1,7574,7574.0
10894,1,7560,7560.0
10895,1,7567,7567.0
10896,1,7567,7567.0
10897,1,7567,7567.0
10898,1,7574,7574.0
10899,1,7581,7581.0
10900,1,7581,7581.0
10901,1,7553,7553.0
10902,1,7567,7567.0
10903,1,7567,7567.0
10904,1,7546,7546.0
10905,1,7546,7546.0
10906,1,7532,7532.0
10907,1,7497,7497.0
10908,1,7518,7518.0
10909,1,7546,7546.0
10910,1,7553,7553.0
10911,1,7525,7525.0
10912,1,7511,7511.0
10913,1,7511,7511.0
10914,1,7511,7511.0
10915,1,7532,7532.0
10916,1,7525,7525.0
10917,1,7518,7518.0
10918,1,7567,7567.0
10919,1,7560,7560.0
10920,1,7553,7553.0
10921,1,7539,7539.0
10922,1,7525,7525.0
10923,1,7539,7539.0
10924,1,7553,7553.0
10925,1,7504,7504.0
10926,1,7539,7539.0
10927,1,7504,7504.0
10928,1,7511,7511.0
10929,1,7518,7518.0
10930,1,7518,7518.0
10931,1,7532,7532.0
10932,1,7518,7518.0
10933,1,7525,7525.0
10934,1,7532,7532.0
10935,1,7511,7511.0
10936,1,7511,7511.0
10937,1,7525,7525.0
10938,1,7518,7518.0
10939,1,7518,7518.0
10940,1,7518,7518.0
10941,1,7511,7511.0
10942,1,7525,7525.0
10943,1,7525,7525.0
10944,1,7525,7525.0
10945,1,7525,7525.0
10946,1,7525,7525.0
10947,1,7525,7525.0
10948,1,7539,7539.0
10949,1,7546,7546.0
10950,1,7539,7539.0
10951,1,7525,7525.0
10952,1,7532,7532.0
10953,1,7553,7553.0
10954,1,7539,7539.0
10955,1,7560,7560.0
10956,1,7553,7553.0
10957,1,7539,7539.0
10958,1,7546,7546.0
10959,1,7539,7539.0
10960,1,7504,7504.0
10961,1,7539,7539.0
10962,1,7518,7518.0
10963,1,7539,7539.0
10964,1,7532,7532.0
10965,1,7539,7539.0
10966,1,7567,7567.0
10967,1,7553,7553.0
10968,1,7546,7546.0
10969,1,7532,7532.0
10970,1,7567,7567.0
10971,1,7581,7581.0
10972,1,7553,7553.0
10973,1,7567,7567.0
10974,1,7567,7567.0
10975,1,7553,7553.0
10976,1,7560,7560.0
10977,1,7553,7553.0
10978,1,7553,7553.0
10979,1,7567,7567.0
10980,1,7567,7567.0
10981,1,7567,7567.0
10982,1,7560,7560.0
10983,1,7574,7574.0
10984,1,7553,7553.0
10985,1,7560,7560.0
10986,1,7581,7581.0
10987,1,7581,7581.0
10988,1,7574,7574.0
10989,1,7574,7574.0
10990,1,7581,7581.0
10991,1,7588,7588.0
10992,1,7602,7602.0
10993,1,7616,7616.0
10994,1,7609,7609.0
10995,1,7595,7595.0
10996,1,7588,7588.0
10997,1,7595,7595.0
10998,1,7581,7581.0
10999,1,7581,7581.0
11000,1,7588,7588.0
11001,1,7567,7567.0
11002,1,7567,7567.0
11003,1,7574,7574.0
11004,1,7560,7560.0
11005,1,7574,7574.0
11006,1,7539,7539.0
11007,1,7560,7560.0
11008,1,7567,7567.0
11009,1,7567,7567.0
11010,1,7553,7553.0
11011,1,7581,7581.0
11012,1,7595,7595.0
11013,1,7581,7581.0
11014,1,7581,7581.0
11015,1,7581,7581.0
11016,1,7588,7588.0
11017,1,7574,7574.0
11018,1,7581,7581.0
11019,1,7581,7581.0
11020,1,7588,7588.0
11021,1,7595,7595.0
11022,1,7567,7567.0
11023,1,7581,7581.0
11024,1,7581,7581.0
11025,1,7588,7588.0
11026,1,7588,7588.0
11027,1,7581,7581.0
11028,1,7581,7581.0
11029,1,7560,7560.0
11030,1,7560,7560.0
11031,1,7553,7553.0
11032,1,7567,7567.0
11033,1,7588,7588.0
11034,1,7581,7581.0
11035,1,7588,7588.0
11036,1,7567,7567.0
11037,1,7560,7560.0
11038,1,7525,7525.0
11039,1,7574,7574.0
11040,1,7574,7574.0
11041,1,7567,7567.0
11042,1,7567,7567.0
11043,1,7539,7539.0
11044,1,7546,7546.0
11045,1,7546,7546.0
11046,1,7546,7546.0
11047,1,7546,7546.0
11048,1,7567,7567.0
11049,1,7560,7560.0
11050,1,7553,7553.0
11051,1,7553,7553.0
11052,1,7553,7553.0
11053,1,7539,7539.0
11054,1,7546,7546.0
11055,1,7560,7560.0
11056,1,7560,7560.0
11057,1,7553,7553.0
11058,1,7553,7553.0
11059,1,7553,7553.0
11060,1,7560,7560.0
11061,1,7574,7574.0
11062,1,7574,7574.0
11063,1,7560,7560.0
11064,1,7539,7539.0
11065,1,7539,7539.0
11066,1,7560,7560.0
11067,1,7553,7553.0
11068,1,7532,7532.0
11069,1,7560,7560.0
11070,1,7539,7539.0
11071,1,7539,7539.0
11072,1,7553,7553.0
11073,1,7546,7546.0
11074,1,7553,7553.0
11075,1,7560,7560.0
11076,1,7581,7581.0
11077,1,7553,7553.0
11078,1,7560,7560.0
11079,1,7595,7595.0
11080,1,7588,7588.0
11081,1,7574,7574.0
11082,1,7602,7602.0
11083,1,7567,7567.0
11084,1,7581,7581.0
11085,1,7539,7539.0
11086,1,7546,7546.0
11087,1,7553,7553.0
11088,1,7539,7539.0
11089,1,7532,7532.0
11090,1,7553,7553.0
11091,1,7560,7560.0
11092,1,7539,7539.0
11093,1,7539,7539.0
11094,1,7539,7539.0
11095,1,7553,7553.0
11096,1,7560,7560.0
11097,1,7532,7532.0
11098,1,7546,7546.0
11099,1,7532,7532.0
11100,1,7546,7546.0
11101,1,7553,7553.0
11102,1,7532,7532.0
11103,1,7532,7532.0
11104,1,7525,7525.0
11105,1,7525,7525.0
11106,1,7532,7532.0
11107,1,7532,7532.0
11108,1,7511,7511.0
11109,1,7511,7511.0
11110,1,7511,7511.0
11111,1,7504,7504.0
11112,1,7490,7490.0
11113,1,7497,7497.0
11114,1,7504,7504.0
11115,1,7504,7504.0
11116,1,7497,7497.0
11117,1,7504,7504.0
11118,1,7504,7504.0
11119,1,7511,7511.0
11120,1,7532,7532.0
11121,1,7518,7518.0
11122,1,7518,7518.0
11123,1,7525,7525.0
11124,1,7511,7511.0
11125,1,7511,7511.0
11126,1,7532,7532.0
11127,1,7511,7511.0
11128,1,7504,7504.0
11129,1,7518,7518.0
11130,1,7518,7518.0
11131,1,7511,7511.0
11132,1,7504,7504.0
11133,1,7504,7504.0
11134,1,7504,7504.0
11135,1,7504,7504.0
11136,1,7511,7511.0
11137,1,7511,7511.0
11138,1,7532,7532.0
11139,1,7539,7539.0
11140,1,7546,7546.0
11141,1,7539,7539.0
11142,1,7525,7525.0
11143,1,7518,7518.0
11144,1,7525,7525.0
11145,1,7525,7525.0
11146,1,7525,7525.0
11147,1,7518,7518.0
11148,1,7518,7518.0
11149,1,7525,7525.0
11150,1,7525,7525.0
11151,1,7532,7532.0
11152,1,7518,7518.0
11153,1,7518,7518.0
11154,1,7497,7497.0
11155,1,7504,7504.0
11156,1,7504,7504.0
11157,1,7504,7504.0
11158,1,7511,7511.0
11159,1,7525,7525.0
11160,1,7525,7525.0
11161,1,7511,7511.0
11162,1,7525,7525.0
11163,1,7525,7525.0
11164,1,7497,7497.0
11165,1,7511,7511.0
11166,1,7504,7504.0
11167,1,7518,7518.0
11168,1,7525,7525.0
11169,1,7525,7525.0
11170,1,7525,7525.0
11171,1,7546,7546.0
11172,1,7539,7539.0
11173,1,7532,7532.0
11174,1,7532,7532.0
11175,1,7518,7518.0
11176,1,7518,7518.0
11177,1,7518,7518.0
11178,1,7532,7532.0
11179,1,7525,7525.0
11180,1,7518,7518.0
11181,1,7518,7518.0
11182,1,7525,7525.0
11183,1,7511,7511.0
11184,1,7532,7532.0
11185,1,7532,7532.0
11186,1,7539,7539.0
11187,1,7525,7525.0
11188,1,7525,7525.0
11189,1,7504,7504.0
11190,1,7497,7497.0
11191,1,7525,7525.0
11192,1,7532,7532.0
11193,1,7539,7539.0
11194,1,7532,7532.0
11195,1,7490,7490.0
11196,1,7490,7490.0
11197,1,7511,7511.0
11198,1,7511,7511.0
11199,1,7511,7511.0
11200,1,7518,7518.0
11201,1,7504,7504.0
11202,1,7497,7497.0
11203,1,7504,7504.0
11204,1,7518,7518.0
11205,1,7511,7511.0
11206,1,7532,7532.0
11207,1,7546,7546.0
11208,1,7525,7525.0
11209,1,7511,7511.0
11210,1,7518,7518.0
11211,1,7490,7490.0
11212,1,7511,7511.0
11213,1,7511,7511.0
11214,1,7504,7504.0
11215,1,7504,7504.0
11216,1,7532,7532.0
11217,1,7525,7525.0
11218,1,7518,7518.0
11219,1,7511,7511.0
11220,1,7497,7497.0
11221,1,7497,7497.0
11222,1,7490,7490.0
11223,1,7504,7504.0
11224,1,7490,7490.0
11225,1,7490,7490.0
11226,1,7469,7469.0
11227,1,7462,7462.0
11228,1,7476,7476.0
11229,1,7483,7483.0
11230,1,7476,7476.0
11231,1,7469,7469.0
11232,1,7469,7469.0
11233,1,7469,7469.0
11234,1,7469,7469.0
11235,1,7525,7525.0
11236,1,7525,7525.0
11237,1,7511,7511.0
11238,1,7490,7490.0
11239,1,7476,7476.0
11240,1,7511,7511.0
11241,1,7504,7504.0
11242,1,7518,7518.0
11243,1,7476,7476.0
11244,1,7504,7504.0
11245,1,7504,7504.0
11246,1,7511,7511.0
11247,1,7504,7504.0
11248,1,7511,7511.0
11249,1,7504,7504.0
11250,1,7504,7504.0
11251,1,7504,7504.0
11252,1,7511,7511.0
11253,1,7504,7504.0
11254,1,7497,7497.0
11255,1,7511,7511.0
11256,1,7497,7497.0
11257,1,7504,7504.0
11258,1,7497,7497.0
11259,1,7490,7490.0
11260,1,7490,7490.0
11261,1,7483,7483.0
11262,1,7469,7469.0
11263,1,7497,7497.0
11264,1,7490,7490.0
11265,1,7490,7490.0
11266,1,7469,7469.0
11267,1,7469,7469.0
11268,1,7469,7469.0
11269,1,7476,7476.0
11270,1,7476,7476.0
11271,1,7490,7490.0
11272,1,7455,7455.0
11273,1,7483,7483.0
11274,1,7469,7469.0
11275,1,7469,7469.0
11276,1,7483,7483.0
11277,1,7483,7483.0
11278,1,7476,7476.0
11279,1,7483,7483.0
11280,1,7483,7483.0
11281,1,7476,7476.0
11282,1,7483,7483.0
11283,1,7462,7462.0
11284,1,7483,7483.0
11285,1,7448,7448.0
11286,1,7469,7469.0
11287,1,7469,7469.0
11288,1,7469,7469.0
11289,1,7476,7476.0
11290,1,7483,7483.0
11291,1,7476,7476.0
11292,1,7469,7469.0
11293,1,7469,7469.0
11294,1,7469,7469.0
11295,1,7476,7476.0
11296,1,7483,7483.0
11297,1,7476,7476.0
11298,1,7455,7455.0
11299,1,7448,7448.0
11300,1,7455,7455.0
11301,1,7455,7455.0
11302,1,7462,7462.0
11303,1,7469,7469.0
11304,1,7462,7462.0
11305,1,7462,7462.0
11306,1,7455,7455.0
11307,1,7469,7469.0
11308,1,7469,7469.0
11309,1,7455,7455.0
11310,1,7469,7469.0
11311,1,7469,7469.0
11312,1,7469,7469.0
11313,1,7476,7476.0
11314,1,7469,7469.0
11315,1,7476,7476.0
11316,1,7462,7462.0
11317,1,7469,7469.0
11318,1,7469,7469.0
11319,1,7476,7476.0
11320,1,7476,7476.0
11321,1,7483,7483.0
11322,1,7483,7483.0
11323,1,7483,7483.0
11324,1,7483,7483.0
11325,1,7448,7448.0
11326,1,7441,7441.0
11327,1,7441,7441.0
11328,1,7476,7476.0
11329,1,7476,7476.0
11330,1,7483,7483.0
11331,1,7483,7483.0
11332,1,7476,7476.0
11333,1,7483,7483.0
11334,1,7483,7483.0
11335,1,7469,7469.0
11336,1,7476,7476.0
11337,1,7483,7483.0
11338,1,7490,7490.0
11339,1,7490,7490.0
11340,1,7462,7462.0
11341,1,7476,7476.0
11342,1,7476,7476.0
11343,1,7483,7483.0
11344,1,7497,7497.0
11345,1,7476,7476.0
11346,1,7490,7490.0
11347,1,7462,7462.0
11348,1,7483,7483.0
11349,1,7490,7490.0
11350,1,7483,7483.0
11351,1,7497,7497.0
11352,1,7490,7490.0
11353,1,7497,7497.0
11354,1,7497,7497.0
11355,1,7497,7497.0
11356,1,7511,7511.0
11357,1,7504,7504.0
11358,1,7490,7490.0
11359,1,7490,7490.0
11360,1,7483,7483.0
11361,1,7497,7497.0
11362,1,7490,7490.0
11363,1,7483,7483.0
11364,1,7490,7490.0
11365,1,7476,7476.0
11366,1,7497,7497.0
11367,1,7476,7476.0
11368,1,7469,7469.0
11369,1,7476,7476.0
11370,1,7476,7476.0
11371,1,7469,7469.0
11372,1,7476,7476.0
11373,1,7476,7476.0
11374,1,7476,7476.0
11375,1,7476,7476.0
11376,1,7469,7469.0
11377,1,7490,7490.0
11378,1,7469,7469.0
11379,1,7476,7476.0
11380,1,7462,7462.0
11381,1,7469,7469.0
11382,1,7469,7469.0
11383,1,7469,7469.0
11384,1,7469,7469.0
11385,1,7483,7483.0
11386,1,7476,7476.0
11387,1,7476,7476.0
11388,1,7476,7476.0
11389,1,7462,7462.0
11390,1,7483,7483.0
11391,1,7483,7483.0
11392,1,7469,7469.0
11393,1,7455,7455.0
11394,1,7448,7448.0
11395,1,7448,7448.0
11396,1,7434,7434.0
11397,1,7455,7455.0
11398,1,7434,7434.0
11399,1,7448,7448.0
11400,1,7434,7434.0
11401,1,7448,7448.0
11402,1,7434,7434.0
11403,1,7434,7434.0
11404,1,7448,7448.0
11405,1,7469,7469.0
11406,1,7434,7434.0
11407,1,7434,7434.0
11408,1,7441,7441.0
11409,1,7448,7448.0
11410,1,7441,7441.0
11411,1,7455,7455.0
11412,1,7441,7441.0
11413,1,7413,7413.0
11414,1,7448,7448.0
11415,1,7427,7427.0
11416,1,7441,7441.0
11417,1,7434,7434.0
11418,1,7434,7434.0
11419,1,7427,7427.0
11420,1,7427,7427.0
11421,1,7420,7420.0
11422,1,7420,7420.0
11423,1,7427,7427.0
11424,1,7420,7420.0
11425,1,7434,7434.0
11426,1,7413,7413.0
11427,1,7434,7434.0
11428,1,7434,7434.0
11429,1,7434,7434.0
11430,1,7427,7427.0
11431,1,7434,7434.0
11432,1,7413,7413.0
11433,1,7413,7413.0
11434,1,7413,7413.0
11435,1,7413,7413.0
11436,1,7441,7441.0
11437,1,7441,7441.0
11438,1,7427,7427.0
11439,1,7434,7434.0
11440,1,7441,7441.0
11441,1,7434,7434.0
11442,1,7413,7413.0
11443,1,7413,7413.0
11444,1,7420,7420.0
11445,1,7413,7413.0
11446,1,7420,7420.0
11447,1,7420,7420.0
11448,1,7413,7413.0
11449,1,7413,7413.0
11450,1,7420,7420.0
11451,1,7441,7441.0
11452,1,7420,7420.0
11453,1,7441,7441.0
11454,1,7434,7434.0
11455,1,7420,7420.0
11456,1,7420,7420.0
11457,1,7441,7441.0
11458,1,7462,7462.0
11459,1,7448,7448.0
11460,1,7434,7434.0
11461,1,7462,7462.0
11462,1,7441,7441.0
11463,1,7448,7448.0
11464,1,7441,7441.0
11465,1,7455,7455.0
11466,1,7462,7462.0
11467,1,7462,7462.0
11468,1,7448,7448.0
11469,1,7441,7441.0
11470,1,7427,7427.0
11471,1,7441,7441.0
11472,1,7455,7455.0
11473,1,7427,7427.0
11474,1,7406,7406.0
11475,1,7448,7448.0
11476,1,7406,7406.0
11477,1,7399,7399.0
11478,1,7406,7406.0
11479,1,7385,7385.0
11480,1,7434,7434.0
11481,1,7399,7399.0
11482,1,7420,7420.0
11483,1,7441,7441.0
11484,1,7427,7427.0
11485,1,7413,7413.0
11486,1,7413,7413.0
11487,1,7427,7427.0
11488,1,7392,7392.0
11489,1,7413,7413.0
11490,1,7420,7420.0
11491,1,7427,7427.0
11492,1,7413,7413.0
11493,1,7406,7406.0
11494,1,7399,7399.0
11495,1,7371,7371.0
11496,1,7378,7378.0
11497,1,7378,7378.0
11498,1,7371,7371.0
11499,1,7392,7392.0
11500,1,7392,7392.0
11501,1,7385,7385.0
11502,1,7371,7371.0
11503,1,7406,7406.0
11504,1,7392,7392.0
11505,1,7406,7406.0
11506,1,7406,7406.0
11507,1,7420,7420.0
11508,1,7420,7420.0
11509,1,7420,7420.0
11510,1,7413,7413.0
11511,1,7406,7406.0
11512,1,7385,7385.0
11513,1,7392,7392.0
11514,1,7378,7378.0
11515,1,7399,7399.0
11516,1,7399,7399.0
11517,1,7413,7413.0
11518,1,7413,7413.0
11519,1,7392,7392.0
11520,1,7399,7399.0
11521,1,7413,7413.0
11522,1,7406,7406.0
11523,1,7406,7406.0
11524,1,7413,7413.0
11525,1,7427,7427.0
11526,1,7420,7420.0
11527,1,7420,7420.0
11528,1,7420,7420.0
11529,1,7413,7413.0
11530,1,7406,7406.0
11531,1,7434,7434.0
11532,1,7427,7427.0
11533,1,7455,7455.0
11534,1,7448,7448.0
11535,1,7413,7413.0
11536,1,7427,7427.0
11537,1,7413,7413.0
11538,1,7413,7413.0
11539,1,7448,7448.0
11540,1,7462,7462.0
11541,1,7462,7462.0
11542,1,7448,7448.0
11543,1,7434,7434.0
11544,1,7427,7427.0
11545,1,7455,7455.0
11546,1,7441,7441.0
11547,1,7483,7483.0
11548,1,7469,7469.0
11549,1,7490,7490.0
11550,1,7476,7476.0
11551,1,7462,7462.0
11552,1,7476,7476.0
11553,1,7483,7483.0
11554,1,7448,7448.0
11555,1,7448,7448.0
11556,1,7434,7434.0
11557,1,7441,7441.0
11558,1,7441,7441.0
11559,1,7434,7434.0
11560,1,7448,7448.0
11561,1,7441,7441.0
11562,1,7448,7448.0
11563,1,7441,7441.0
11564,1,7448,7448.0
11565,1,7441,7441.0
11566,1,7462,7462.0
11567,1,7455,7455.0
11568,1,7441,7441.0
11569,1,7434,7434.0
11570,1,7441,7441.0
11571,1,7441,7441.0
11572,1,7441,7441.0
11573,1,7448,7448.0
11574,1,7448,7448.0
11575,1,7455,7455.0
11576,1,7448,7448.0
11577,1,7448,7448.0
11578,1,7469,7469.0
11579,1,7469,7469.0
11580,2,7532,3766.0
11581,1,7476,7476.0
11582,1,7469,7469.0
11583,1,7462,7462.0
11584,1,7490,7490.0
11585,1,7476,7476.0
11586,1,7462,7462.0
11587,1,7483,7483.0
11588,1,7497,7497.0
11589,1,7490,7490.0
11590,1,7504,7504.0
11591,1,7483,7483.0
11592,1,7490,7490.0
11593,1,7483,7483.0
11594,1,7504,7504.0
11595,1,7532,7532.0
11596,1,7469,7469.0
11597,1,7476,7476.0
11598,1,7504,7504.0
11599,1,7462,7462.0
11600,1,7469,7469.0
11601,1,7490,7490.0
11602,1,7490,7490.0
11603,1,7483,7483.0
11604,1,7490,7490.0
11605,1,7490,7490.0
11606,1,7469,7469.0
11607,1,7490,7490.0
11608,1,7462,7462.0
11609,1,7497,7497.0
11610,1,7476,7476.0
11611,1,7504,7504.0
11612,1,7490,7490.0
11613,1,7490,7490.0
11614,1,7483,7483.0
11615,1,7490,7490.0
11616,1,7497,7497.0
11617,1,7497,7497.0
11618,1,7504,7504.0
11619,1,7483,7483.0
11620,1,7483,7483.0
11621,1,7490,7490.0
11622,1,7497,7497.0
11623,1,7476,7476.0
11624,1,7518,7518.0
11625,1,7511,7511.0
11626,1,7539,7539.0
11627,1,7497,7497.0
11628,1,7511,7511.0
11629,1,7497,7497.0
11630,1,7511,7511.0
11631,1,7497,7497.0
11632,1,7504,7504.0
11633,1,7511,7511.0
11634,1,7490,7490.0
11635,1,7497,7497.0
11636,1,7490,7490.0
11637,1,7511,7511.0
11638,1,7518,7518.0
11639,1,7518,7518.0
11640,1,7518,7518.0
11641,1,7518,7518.0
11642,1,7511,7511.0
11643,1,7504,7504.0
11644,1,7511,7511.0
11645,1,7511,7511.0
11646,1,7490,7490.0
11647,1,7490,7490.0
11648,1,7483,7483.0
11649,1,7511,7511.0
11650,1,7504,7504.0
11651,1,7504,7504.0
11652,1,7497,7497.0
11653,1,7483,7483.0
11654,1,7497,7497.0
11655,1,7497,7497.0
11656,1,7490,7490.0
11657,1,7490,7490.0
11658,1,7483,7483.0
11659,1,7504,7504.0
11660,1,7511,7511.0
11661,1,7518,7518.0
11662,1,7532,7532.0
11663,1,7539,7539.0
11664,1,7518,7518.0
11665,1,7518,7518.0
11666,1,7518,7518.0
11667,1,7518,7518.0
11668,1,7511,7511.0
11669,1,7532,7532.0
11670,1,7532,7532.0
11671,1,7525,7525.0
11672,1,7525,7525.0
11673,1,7497,7497.0
11674,1,7511,7511.0
11675,1,7518,7518.0
11676,1,7525,7525.0
11677,1,7525,7525.0
11678,1,7525,7525.0
11679,1,7525,7525.0
11680,1,7518,7518.0
11681,1,7511,7511.0
11682,1,7497,7497.0
11683,1,7497,7497.0
11684,1,7504,7504.0
11685,1,7490,7490.0
11686,1,7511,7511.0
11687,1,7511,7511.0
11688,1,7497,7497.0
11689,1,7511,7511.0
11690,1,7546,7546.0
11691,1,7532,7532.0
11692,1,7532,7532.0
11693,1,7539,7539.0
11694,1,7546,7546.0
11695,1,7518,7518.0
11696,1,7553,7553.0
11697,1,7553,7553.0
11698,1,7546,7546.0
11699,1,7546,7546.0
11700,1,7553,7553.0
11701,1,7553,7553.0
11702,1,7539,7539.0
11703,1,7546,7546.0
11704,1,7567,7567.0
11705,1,7567,7567.0
11706,1,7581,7581.0
11707,1,7560,7560.0
11708,1,7546,7546.0
11709,1,7546,7546.0
11710,1,7560,7560.0
11711,1,7560,7560.0
11712,1,7574,7574.0
11713,1,7567,7567.0
11714,1,7574,7574.0
11715,1,7588,7588.0
11716,1,7588,7588.0
11717,1,7595,7595.0
11718,1,7581,7581.0
11719,1,7581,7581.0
11720,1,7588,7588.0
11721,1,7588,7588.0
11722,1,7602,7602.0
11723,1,7616,7616.0
11724,1,7595,7595.0
11725,1,7602,7602.0
11726,1,7581,7581.0
11727,1,7609,7609.0
11728,1,7609,7609.0
11729,1,7595,7595.0
11730,1,7630,7630.0
11731,1,7616,7616.0
11732,1,7630,7630.0
11733,1,7630,7630.0
11734,1,7623,7623.0
11735,1,7616,7616.0
11736,1,7574,7574.0
11737,1,7574,7574.0
11738,1,7588,7588.0
11739,1,7602,7602.0
11740,1,7595,7595.0
11741,1,7602,7602.0
11742,1,7595,7595.0
11743,1,7588,7588.0
11744,1,7588,7588.0
11745,1,7588,7588.0
11746,1,7574,7574.0
11747,1,7588,7588.0
11748,1,7560,7560.0
11749,1,7567,7567.0
11750,1,7567,7567.0
11751,1,7581,7581.0
11752,1,7588,7588.0
11753,1,7553,7553.0
11754,1,7553,7553.0
11755,1,7553,7553.0
11756,1,7574,7574.0
11757,1,7574,7574.0
11758,1,7581,7581.0
11759,1,7588,7588.0
11760,1,7560,7560.0
11761,1,7525,7525.0
11762,1,7511,7511.0
11763,1,7511,7511.0
11764,1,7511,7511.0
11765,1,7511,7511.0
11766,1,7525,7525.0
11767,1,7532,7532.0
11768,1,7539,7539.0
11769,1,7525,7525.0
11770,1,7553,7553.0
11771,1,7532,7532.0
11772,1,7539,7539.0
11773,1,7539,7539.0
11774,1,7539,7539.0
11775,1,7532,7532.0
11776,1,7532,7532.0
11777,1,7525,7525.0
11778,1,7539,7539.0
11779,1,7539,7539.0
11780,1,7553,7553.0
11781,1,7539,7539.0
11782,1,7539,7539.0
11783,1,7525,7525.0
11784,1,7532,7532.0
11785,1,7532,7532.0
11786,1,7511,7511.0
11787,1,7539,7539.0
11788,1,7532,7532.0
11789,1,7539,7539.0
11790,1,7539,7539.0
11791,1,7525,7525.0
11792,1,7518,7518.0
11793,1,7518,7518.0
11794,1,7518,7518.0
11795,1,7546,7546.0
11796,1,7560,7560.0
11797,1,7546,7546.0
11798,1,7553,7553.0
11799,1,7567,7567.0
11800,1,7553,7553.0
11801,1,7546,7546.0
11802,1,7553,7553.0
11803,1,7539,7539.0
11804,1,7560,7560.0
11805,1,7567,7567.0
11806,1,7560,7560.0
11807,1,7567,7567.0
11808,1,7560,7560.0
11809,1,7567,7567.0
11810,1,7567,7567.0
11811,1,7560,7560.0
11812,1,7560,7560.0
11813,1,7567,7567.0
11814,1,7560,7560.0
11815,1,7567,7567.0
11816,1,7588,7588.0
11817,1,7588,7588.0
11818,1,7581,7581.0
11819,1,7609,7609.0
11820,1,7616,7616.0
11821,1,7595,7595.0
11822,1,7588,7588.0
11823,1,7595,7595.0
11824,1,7616,7616.0
11825,1,7616,7616.0
11826,1,7602,7602.0
11827,1,7602,7602.0
11828,1,7588,7588.0
11829,1,7595,7595.0
11830,1,7602,7602.0
11831,1,7602,7602.0
11832,1,7581,7581.0
11833,1,7581,7581.0
11834,1,7588,7588.0
11835,1,7595,7595.0
11836,1,7602,7602.0
11837,1,7574,7574.0
11838,1,7581,7581.0
11839,1,7574,7574.0
11840,1,7574,7574.0
11841,1,7553,7553.0
11842,1,7532,7532.0
11843,1,7560,7560.0
11844,1,7567,7567.0
11845,1,7567,7567.0
11846,1,7553,7553.0
11847,1,7546,7546.0
11848,1,7546,7546.0
11849,1,7567,7567.0
11850,1,7546,7546.0
11851,1,7539,7539.0
11852,1,7553,7553.0
11853,1,7546,7546.0
11854,1,7546,7546.0
11855,1,7553,7553.0
11856,1,7567,7567.0
11857,1,7546,7546.0
11858,1,7560,7560.0
11859,1,7567,7567.0
11860,1,7546,7546.0
11861,1,7532,7532.0
11862,1,7539,7539.0
11863,1,7539,7539.0
11864,1,7518,7518.0
11865,1,7504,7504.0
11866,1,7518,7518.0
11867,1,7518,7518.0
11868,1,7532,7532.0
11869,1,7525,7525.0
11870,1,7518,7518.0
11871,1,7539,7539.0
11872,1,7525,7525.0
11873,1,7539,7539.0
11874,1,7546,7546.0
11875,1,7532,7532.0
11876,1,7525,7525.0
11877,1,7539,7539.0
11878,1,7539,7539.0
11879,1,7546,7546.0
11880,1,7532,7532.0
11881,1,7518,7518.0
11882,1,7525,7525.0
11883,1,7539,7539.0
11884,1,7525,7525.0
11885,1,7504,7504.0
11886,1,7511,7511.0
11887,1,7525,7525.0
11888,1,7525,7525.0
11889,1,7525,7525.0
11890,1,7525,7525.0
11891,1,7525,7525.0
11892,1,7518,7518.0
11893,1,7518,7518.0
11894,1,7532,7532.0
11895,1,7518,7518.0
11896,1,7504,7504.0
11897,1,7518,7518.0
11898,1,7525,7525.0
11899,1,7525,7525.0
11900,1,7518,7518.0
11901,1,7539,7539.0
11902,1,7539,7539.0
11903,1,7511,7511.0
11904,1,7497,7497.0
11905,1,7518,7518.0
11906,1,7525,7525.0
11907,1,7518,7518.0
11908,1,7525,7525.0
11909,1,7539,7539.0
11910,1,7532,7532.0
11911,1,7518,7518.0
11912,1,7518,7518.0
11913,1,7518,7518.0
11914,1,7518,7518.0
11915,1,7511,7511.0
11916,1,7504,7504.0
11917,1,7497,7497.0
11918,1,7511,7511.0
11919,1,7518,7518.0
11920,1,7525,7525.0
11921,1,7553,7553.0
11922,1,7518,7518.0
11923,1,7504,7504.0
11924,1,7483,7483.0
11925,1,7497,7497.0
11926,1,7546,7546.0
11927,1,7532,7532.0
11928,1,7511,7511.0
11929,1,7518,7518.0
11930,1,7525,7525.0
11931,1,7511,7511.0
11932,1,7525,7525.0
11933,1,7525,7525.0
11934,1,7532,7532.0
11935,1,7532,7532.0
11936,1,7525,7525.0
11937,1,7532,7532.0
11938,1,7518,7518.0
11939,1,7511,7511.0
11940,1,7511,7511.0
11941,1,7497,7497.0
11942,1,7504,7504.0
11943,1,7518,7518.0
11944,1,7504,7504.0
11945,1,7511,7511.0
11946,1,7532,7532.0
11947,1,7525,7525.0
11948,1,7539,7539.0
11949,1,7546,7546.0
11950,1,7539,7539.0
11951,1,7546,7546.0
11952,1,7553,7553.0
11953,1,7553,7553.0
11954,1,7553,7553.0
11955,1,7553,7553.0
11956,1,7546,7546.0
11957,1,7546,7546.0
11958,1,7567,7567.0
11959,1,7574,7574.0
11960,1,7574,7574.0
11961,1,7574,7574.0
11962,1,7560,7560.0
11963,1,7560,7560.0
11964,1,7560,7560.0
11965,1,7581,7581.0
11966,1,7581,7581.0
11967,1,7588,7588.0
11968,1,7581,7581.0
11969,1,7588,7588.0
11970,1,7588,7588.0
11971,1,7595,7595.0
11972,1,7588,7588.0
11973,1,7567,7567.0
11974,1,7567,7567.0
11975,1,7567,7567.0
11976,1,7560,7560.0
11977,1,7553,7553.0
11978,1,7553,7553.0
11979,1,7567,7567.0
11980,1,7560,7560.0
11981,1,7553,7553.0
11982,1,7532,7532.0
11983,1,7525,7525.0
11984,1,7546,7546.0
11985,1,7532,7532.0
11986,1,7553,7553.0
11987,1,7546,7546.0
11988,1,7539,7539.0
11989,1,7539,7539.0
11990,1,7539,7539.0
11991,1,7539,7539.0
11992,1,7560,7560.0
11993,1,7567,7567.0
11994,1,7581,7581.0
11995,1,7574,7574.0
11996,1,7567,7567.0
11997,1,7560,7560.0
11998,1,7567,7567.0
11999,1,7574,7574.0
12000,1,7567,7567.0
