Frame,sheet_count,total_peptides_in_sheets,avg_sheet_size
0,22,172,7.8
1,18,139,7.7
2,17,119,7.0
3,25,194,7.8
4,14,99,7.1
5,14,131,9.4
6,19,148,7.8
7,22,154,7.0
8,20,148,7.4
9,17,139,8.2
10,17,127,7.5
11,19,140,7.4
12,10,80,8.0
13,18,124,6.9
14,21,139,6.6
15,19,149,7.8
16,27,169,6.3
17,31,238,7.7
18,26,164,6.3
19,20,134,6.7
20,23,160,7.0
21,18,143,7.9
22,18,137,7.6
23,20,145,7.2
24,21,147,7.0
25,23,178,7.7
26,22,170,7.7
27,19,161,8.5
28,19,124,6.5
29,24,196,8.2
30,16,129,8.1
31,18,149,8.3
32,22,163,7.4
33,25,182,7.3
34,23,192,8.3
35,20,152,7.6
36,29,202,7.0
37,19,167,8.8
38,22,154,7.0
39,17,124,7.3
40,29,196,6.8
41,25,194,7.8
42,25,171,6.8
43,20,145,7.2
44,24,172,7.2
45,28,214,7.6
46,24,201,8.4
47,23,187,8.1
48,24,183,7.6
49,21,170,8.1
50,24,191,8.0
51,20,170,8.5
52,20,198,9.9
53,23,165,7.2
54,22,181,8.2
55,26,188,7.2
56,19,158,8.3
57,18,170,9.4
58,22,176,8.0
59,24,206,8.6
60,26,218,8.4
61,21,179,8.5
62,26,193,7.4
63,21,177,8.4
64,17,163,9.6
65,27,200,7.4
66,23,190,8.3
67,24,191,8.0
68,24,192,8.0
69,25,222,8.9
70,24,211,8.8
71,26,188,7.2
72,23,196,8.5
73,25,189,7.6
74,25,205,8.2
75,18,151,8.4
76,20,167,8.4
77,28,261,9.3
78,26,206,7.9
79,27,209,7.7
80,28,216,7.7
81,24,213,8.9
82,25,214,8.6
83,32,259,8.1
84,31,264,8.5
85,27,218,8.1
86,28,239,8.5
87,31,248,8.0
88,23,189,8.2
89,21,187,8.9
90,30,234,7.8
91,25,206,8.2
92,25,208,8.3
93,26,220,8.5
94,26,199,7.7
95,25,207,8.3
96,27,214,7.9
97,33,242,7.3
98,27,221,8.2
99,34,272,8.0
100,29,225,7.8
101,32,243,7.6
102,27,227,8.4
103,26,208,8.0
104,30,219,7.3
105,29,244,8.4
106,22,215,9.8
107,24,198,8.2
108,30,228,7.6
109,28,216,7.7
110,30,237,7.9
111,25,206,8.2
112,27,188,7.0
113,27,214,7.9
114,28,214,7.6
115,28,227,8.1
116,27,259,9.6
117,25,258,10.3
118,22,221,10.0
119,30,237,7.9
120,29,237,8.2
121,32,278,8.7
122,31,245,7.9
123,34,272,8.0
124,31,256,8.3
125,26,246,9.5
126,31,322,10.4
127,20,176,8.8
128,25,252,10.1
129,28,249,8.9
130,23,239,10.4
131,24,235,9.8
132,18,183,10.2
133,25,245,9.8
134,27,256,9.5
135,27,237,8.8
136,31,305,9.8
137,31,278,9.0
138,28,231,8.2
139,23,199,8.7
140,32,267,8.3
141,29,256,8.8
142,30,223,7.4
143,32,259,8.1
144,25,197,7.9
145,30,239,8.0
146,20,201,10.0
147,28,231,8.2
148,30,234,7.8
149,31,250,8.1
150,26,223,8.6
151,26,240,9.2
152,32,293,9.2
153,29,267,9.2
154,31,288,9.3
155,34,289,8.5
156,30,255,8.5
157,24,221,9.2
158,26,223,8.6
159,31,257,8.3
160,36,268,7.4
161,30,236,7.9
162,30,234,7.8
163,32,267,8.3
164,32,261,8.2
165,23,223,9.7
166,26,241,9.3
167,25,244,9.8
168,28,281,10.0
169,26,258,9.9
170,23,253,11.0
171,22,271,12.3
172,26,302,11.6
173,32,288,9.0
174,25,277,11.1
175,30,330,11.0
176,26,281,10.8
177,23,285,12.4
178,29,322,11.1
179,20,252,12.6
180,23,254,11.0
181,15,244,16.3
182,26,294,11.3
183,29,298,10.3
184,34,326,9.6
185,37,334,9.0
186,29,310,10.7
187,26,246,9.5
188,31,287,9.3
189,25,233,9.3
190,26,279,10.7
191,19,201,10.6
192,33,289,8.8
193,23,267,11.6
194,26,280,10.8
195,19,200,10.5
196,24,231,9.6
197,22,201,9.1
198,21,197,9.4
199,26,227,8.7
200,21,220,10.5
201,30,291,9.7
202,28,275,9.8
203,29,240,8.3
204,23,265,11.5
205,22,250,11.4
206,16,215,13.4
207,15,220,14.7
208,26,251,9.7
209,26,261,10.0
210,24,282,11.8
211,30,292,9.7
212,24,287,12.0
213,29,313,10.8
214,33,322,9.8
215,28,321,11.5
216,24,274,11.4
217,22,254,11.5
218,22,294,13.4
219,24,258,10.8
220,21,239,11.4
221,23,231,10.0
222,28,260,9.3
223,31,241,7.8
224,29,273,9.4
225,26,302,11.6
226,28,296,10.6
227,27,285,10.6
228,24,320,13.3
229,28,302,10.8
230,26,312,12.0
231,30,309,10.3
232,24,304,12.7
233,20,260,13.0
234,27,258,9.6
235,22,271,12.3
236,31,291,9.4
237,29,297,10.2
238,28,279,10.0
239,25,331,13.2
240,36,307,8.5
241,28,280,10.0
242,27,283,10.5
243,28,355,12.7
244,26,299,11.5
245,19,245,12.9
246,32,294,9.2
247,20,254,12.7
248,29,310,10.7
249,22,238,10.8
250,24,266,11.1
251,31,328,10.6
252,29,317,10.9
253,27,314,11.6
254,26,273,10.5
255,23,265,11.5
256,27,278,10.3
257,31,291,9.4
258,31,279,9.0
259,20,239,12.0
260,30,344,11.5
261,32,386,12.1
262,33,401,12.2
263,24,260,10.8
264,32,304,9.5
265,29,300,10.3
266,36,381,10.6
267,26,263,10.1
268,23,258,11.2
269,26,304,11.7
270,28,282,10.1
271,24,278,11.6
272,29,298,10.3
273,29,287,9.9
274,24,269,11.2
275,27,283,10.5
276,26,277,10.7
277,29,291,10.0
278,24,258,10.8
279,27,268,9.9
280,22,276,12.5
281,26,316,12.2
282,28,324,11.6
283,26,335,12.9
284,25,278,11.1
285,26,303,11.7
286,34,336,9.9
287,27,357,13.2
288,27,351,13.0
289,23,349,15.2
290,27,350,13.0
291,33,335,10.2
292,32,329,10.3
293,31,335,10.8
294,32,376,11.8
295,28,323,11.5
296,37,358,9.7
297,28,315,11.2
298,33,334,10.1
299,32,342,10.7
300,32,335,10.5
301,29,362,12.5
302,34,378,11.1
303,28,366,13.1
304,28,347,12.4
305,30,328,10.9
306,34,348,10.2
307,32,338,10.6
308,29,299,10.3
309,28,284,10.1
310,29,336,11.6
311,36,412,11.4
312,29,305,10.5
313,29,341,11.8
314,35,338,9.7
315,32,343,10.7
316,27,302,11.2
317,36,325,9.0
318,33,400,12.1
319,28,352,12.6
320,30,363,12.1
321,31,379,12.2
322,27,349,12.9
323,32,360,11.2
324,27,350,13.0
325,33,490,14.8
326,32,365,11.4
327,29,371,12.8
328,35,354,10.1
329,33,339,10.3
330,29,356,12.3
331,24,322,13.4
332,39,374,9.6
333,31,352,11.4
334,29,331,11.4
335,31,356,11.5
336,30,357,11.9
337,31,378,12.2
338,29,350,12.1
339,40,391,9.8
340,32,358,11.2
341,26,351,13.5
342,20,331,16.6
343,26,384,14.8
344,30,361,12.0
345,33,364,11.0
346,33,343,10.4
347,27,360,13.3
348,29,390,13.4
349,31,375,12.1
350,28,338,12.1
351,28,325,11.6
352,27,378,14.0
353,27,364,13.5
354,23,378,16.4
355,24,374,15.6
356,26,364,14.0
357,24,370,15.4
358,26,374,14.4
359,26,363,14.0
360,24,389,16.2
361,24,354,14.8
362,26,365,14.0
363,30,379,12.6
364,29,395,13.6
365,30,369,12.3
366,25,344,13.8
367,25,384,15.4
368,28,388,13.9
369,29,359,12.4
370,35,506,14.5
371,26,503,19.3
372,31,429,13.8
373,28,398,14.2
374,31,395,12.7
375,36,434,12.1
376,34,432,12.7
377,33,424,12.8
378,43,450,10.5
379,32,413,12.9
380,27,401,14.9
381,30,386,12.9
382,24,354,14.8
383,26,396,15.2
384,34,421,12.4
385,22,369,16.8
386,26,519,20.0
387,29,409,14.1
388,32,424,13.2
389,36,400,11.1
390,39,426,10.9
391,31,407,13.1
392,30,371,12.4
393,35,450,12.9
394,26,421,16.2
395,27,430,15.9
396,30,414,13.8
397,25,355,14.2
398,34,462,13.6
399,27,388,14.4
400,27,478,17.7
401,38,491,12.9
402,30,489,16.3
403,26,452,17.4
404,27,440,16.3
405,24,490,20.4
406,28,457,16.3
407,25,420,16.8
408,30,474,15.8
409,35,350,10.0
410,36,391,10.9
411,25,414,16.6
412,27,415,15.4
413,26,371,14.3
414,30,378,12.6
415,30,428,14.3
416,38,433,11.4
417,26,437,16.8
418,28,423,15.1
419,27,413,15.3
420,26,406,15.6
421,25,454,18.2
422,22,443,20.1
423,27,446,16.5
424,28,442,15.8
425,24,478,19.9
426,27,457,16.9
427,26,442,17.0
428,29,444,15.3
429,28,430,15.4
430,28,433,15.5
431,26,441,17.0
432,25,419,16.8
433,27,469,17.4
434,30,467,15.6
435,26,442,17.0
436,26,421,16.2
437,30,404,13.5
438,25,397,15.9
439,28,405,14.5
440,22,392,17.8
441,26,421,16.2
442,31,432,13.9
443,33,445,13.5
444,29,407,14.0
445,23,406,17.7
446,24,394,16.4
447,25,458,18.3
448,24,471,19.6
449,25,406,16.2
450,25,396,15.8
451,27,475,17.6
452,27,429,15.9
453,24,404,16.8
454,21,395,18.8
455,28,395,14.1
456,18,378,21.0
457,20,393,19.6
458,19,399,21.0
459,33,438,13.3
460,27,395,14.6
461,22,411,18.7
462,27,425,15.7
463,27,396,14.7
464,27,420,15.6
465,34,443,13.0
466,31,458,14.8
467,32,455,14.2
468,31,450,14.5
469,30,433,14.4
470,23,411,17.9
471,27,468,17.3
472,33,474,14.4
473,29,433,14.9
474,29,474,16.3
475,35,477,13.6
476,26,474,18.2
477,29,479,16.5
478,32,480,15.0
479,31,452,14.6
480,31,450,14.5
481,30,456,15.2
482,31,442,14.3
483,30,445,14.8
484,34,476,14.0
485,31,418,13.5
486,38,440,11.6
487,30,380,12.7
488,34,434,12.8
489,28,433,15.5
490,27,427,15.8
491,27,444,16.4
492,24,470,19.6
493,34,447,13.1
494,35,462,13.2
495,35,477,13.6
496,26,436,16.8
497,30,445,14.8
498,29,473,16.3
499,25,468,18.7
500,25,488,19.5
501,22,466,21.2
502,27,478,17.7
503,24,434,18.1
504,27,448,16.6
505,27,436,16.1
506,31,487,15.7
507,30,453,15.1
508,27,403,14.9
509,37,435,11.8
510,28,451,16.1
511,30,494,16.5
512,26,428,16.5
513,24,454,18.9
514,33,457,13.8
515,28,409,14.6
516,31,444,14.3
517,23,508,22.1
518,29,471,16.2
519,29,444,15.3
520,30,444,14.8
521,25,411,16.4
522,27,435,16.1
523,23,405,17.6
524,23,414,18.0
525,23,422,18.3
526,21,526,25.0
527,22,527,24.0
528,23,530,23.0
529,22,495,22.5
530,23,473,20.6
531,36,453,12.6
532,27,424,15.7
533,26,421,16.2
534,31,460,14.8
535,33,471,14.3
536,29,444,15.3
537,30,447,14.9
538,36,466,12.9
539,23,482,21.0
540,31,451,14.5
541,31,481,15.5
542,22,432,19.6
543,23,459,20.0
544,29,489,16.9
545,22,519,23.6
546,27,485,18.0
547,18,476,26.4
548,20,493,24.6
549,23,449,19.5
550,23,454,19.7
551,26,479,18.4
552,19,486,25.6
553,24,485,20.2
554,18,466,25.9
555,21,506,24.1
556,23,502,21.8
557,27,485,18.0
558,21,465,22.1
559,31,486,15.7
560,33,495,15.0
561,23,436,19.0
562,25,438,17.5
563,25,424,17.0
564,22,464,21.1
565,22,432,19.6
566,28,463,16.5
567,20,446,22.3
568,20,459,23.0
569,25,466,18.6
570,30,458,15.3
571,28,482,17.2
572,31,477,15.4
573,32,465,14.5
574,24,469,19.5
575,23,522,22.7
576,21,524,25.0
577,29,526,18.1
578,21,529,25.2
579,19,523,27.5
580,26,568,21.8
581,23,576,25.0
582,27,560,20.7
583,29,549,18.9
584,21,560,26.7
585,20,574,28.7
586,23,564,24.5
587,24,595,24.8
588,26,562,21.6
589,22,541,24.6
590,24,530,22.1
591,19,550,28.9
592,24,561,23.4
593,25,550,22.0
594,18,543,30.2
595,23,559,24.3
596,24,555,23.1
597,18,550,30.6
598,24,528,22.0
599,30,543,18.1
600,28,551,19.7
601,24,543,22.6
602,18,540,30.0
603,22,530,24.1
604,23,560,24.3
605,23,527,22.9
606,16,555,34.7
607,18,550,30.6
608,17,555,32.6
609,20,570,28.5
610,20,522,26.1
611,18,544,30.2
612,22,516,23.5
613,19,535,28.2
614,23,564,24.5
615,25,558,22.3
616,25,557,22.3
617,24,531,22.1
618,19,505,26.6
619,16,512,32.0
620,16,537,33.6
621,18,515,28.6
622,18,558,31.0
623,20,594,29.7
624,23,564,24.5
625,20,574,28.7
626,14,563,40.2
627,21,571,27.2
628,25,575,23.0
629,22,560,25.5
630,17,577,33.9
631,14,527,37.6
632,19,525,27.6
633,12,522,43.5
634,16,542,33.9
635,17,572,33.6
636,13,529,40.7
637,19,566,29.8
638,15,571,38.1
639,20,558,27.9
640,14,559,39.9
641,20,584,29.2
642,18,612,34.0
643,13,589,45.3
644,17,571,33.6
645,17,554,32.6
646,15,568,37.9
647,17,537,31.6
648,17,576,33.9
649,15,578,38.5
650,19,571,30.1
651,21,570,27.1
652,18,561,31.2
653,16,546,34.1
654,24,575,24.0
655,26,601,23.1
656,23,591,25.7
657,21,572,27.2
658,17,598,35.2
659,16,577,36.1
660,16,553,34.6
661,19,589,31.0
662,16,578,36.1
663,16,606,37.9
664,17,576,33.9
665,23,568,24.7
666,18,567,31.5
667,21,593,28.2
668,14,562,40.1
669,14,599,42.8
670,17,606,35.6
671,13,584,44.9
672,19,579,30.5
673,16,577,36.1
674,18,558,31.0
675,20,593,29.6
676,16,588,36.8
677,14,545,38.9
678,17,595,35.0
679,20,596,29.8
680,14,549,39.2
681,17,595,35.0
682,20,579,29.0
683,18,587,32.6
684,16,571,35.7
685,21,598,28.5
686,23,560,24.3
687,18,565,31.4
688,23,569,24.7
689,17,574,33.8
690,22,563,25.6
691,19,565,29.7
692,19,587,30.9
693,22,590,26.8
694,18,556,30.9
695,23,546,23.7
696,20,565,28.2
697,22,591,26.9
698,28,589,21.0
699,23,583,25.3
700,19,585,30.8
701,19,591,31.1
702,19,589,31.0
703,20,627,31.4
704,11,604,54.9
705,16,584,36.5
706,17,601,35.4
707,15,598,39.9
708,20,618,30.9
709,19,588,30.9
710,19,613,32.3
711,25,586,23.4
712,18,645,35.8
713,16,606,37.9
714,18,594,33.0
715,22,588,26.7
716,30,571,19.0
717,23,552,24.0
718,22,590,26.8
719,20,572,28.6
720,17,588,34.6
721,20,561,28.0
722,20,571,28.6
723,20,608,30.4
724,14,559,39.9
725,17,562,33.1
726,21,537,25.6
727,20,581,29.0
728,17,543,31.9
729,17,549,32.3
730,15,551,36.7
731,16,528,33.0
732,20,542,27.1
733,18,525,29.2
734,20,542,27.1
735,21,561,26.7
736,18,589,32.7
737,18,596,33.1
738,20,583,29.2
739,18,579,32.2
740,21,581,27.7
741,17,565,33.2
742,15,597,39.8
743,20,594,29.7
744,18,563,31.3
745,23,621,27.0
746,20,543,27.2
747,24,567,23.6
748,19,517,27.2
749,16,531,33.2
750,18,530,29.4
751,20,552,27.6
752,16,533,33.3
753,21,549,26.1
754,20,530,26.5
755,21,538,25.6
756,20,555,27.8
757,21,567,27.0
758,22,548,24.9
759,14,545,38.9
760,18,563,31.3
761,15,544,36.3
762,16,536,33.5
763,16,553,34.6
764,12,542,45.2
765,14,544,38.9
766,14,536,38.3
767,18,521,28.9
768,17,543,31.9
769,14,528,37.7
770,23,551,24.0
771,20,530,26.5
772,21,545,26.0
773,14,516,36.9
774,15,569,37.9
775,22,575,26.1
776,13,576,44.3
777,14,560,40.0
778,13,542,41.7
779,15,558,37.2
780,13,568,43.7
781,15,576,38.4
782,10,550,55.0
783,10,578,57.8
784,7,547,78.1
785,14,531,37.9
786,14,548,39.1
787,16,564,35.2
788,12,558,46.5
789,14,544,38.9
790,14,556,39.7
791,16,550,34.4
792,16,518,32.4
793,15,549,36.6
794,16,540,33.8
795,11,549,49.9
796,16,557,34.8
797,13,533,41.0
798,14,540,38.6
799,16,504,31.5
800,12,513,42.8
801,14,532,38.0
802,12,532,44.3
803,20,551,27.6
804,21,532,25.3
805,13,499,38.4
806,16,514,32.1
807,14,550,39.3
808,22,538,24.5
809,13,511,39.3
810,20,532,26.6
811,16,494,30.9
812,16,521,32.6
813,12,543,45.2
814,14,557,39.8
815,12,520,43.3
816,13,535,41.2
817,12,553,46.1
818,12,534,44.5
819,11,558,50.7
820,16,543,33.9
821,16,549,34.3
822,18,591,32.8
823,13,540,41.5
824,14,556,39.7
825,17,537,31.6
826,20,569,28.4
827,19,557,29.3
828,14,527,37.6
829,15,529,35.3
830,13,513,39.5
831,16,525,32.8
832,14,536,38.3
833,14,559,39.9
834,16,537,33.6
835,14,578,41.3
836,20,574,28.7
837,14,558,39.9
838,15,557,37.1
839,13,559,43.0
840,14,552,39.4
841,18,580,32.2
842,16,572,35.8
843,12,558,46.5
844,17,563,33.1
845,18,571,31.7
846,12,560,46.7
847,20,554,27.7
848,12,555,46.2
849,17,561,33.0
850,15,540,36.0
851,14,520,37.1
852,15,537,35.8
853,11,532,48.4
854,9,533,59.2
855,11,546,49.6
856,14,535,38.2
857,14,536,38.3
858,18,532,29.6
859,20,500,25.0
860,26,552,21.2
861,20,540,27.0
862,19,528,27.8
863,22,522,23.7
864,21,544,25.9
865,14,573,40.9
866,20,543,27.2
867,17,524,30.8
868,21,527,25.1
869,18,539,29.9
870,22,566,25.7
871,19,553,29.1
872,21,559,26.6
873,19,578,30.4
874,20,556,27.8
875,19,551,29.0
876,23,572,24.9
877,21,550,26.2
878,26,575,22.1
879,20,551,27.6
880,19,537,28.3
881,21,594,28.3
882,18,543,30.2
883,18,547,30.4
884,18,541,30.1
885,16,574,35.9
886,23,558,24.3
887,20,562,28.1
888,20,557,27.8
889,18,569,31.6
890,18,575,31.9
891,25,619,24.8
892,15,586,39.1
893,17,618,36.4
894,18,570,31.7
895,15,571,38.1
896,11,624,56.7
897,13,643,49.5
898,9,624,69.3
899,15,618,41.2
900,14,640,45.7
901,19,644,33.9
902,15,579,38.6
903,19,633,33.3
904,18,653,36.3
905,15,636,42.4
906,19,625,32.9
907,17,564,33.2
908,14,577,41.2
909,18,588,32.7
910,17,617,36.3
911,17,622,36.6
912,18,593,32.9
913,14,545,38.9
914,16,571,35.7
915,15,608,40.5
916,20,610,30.5
917,21,621,29.6
918,22,610,27.7
919,18,629,34.9
920,16,590,36.9
921,17,603,35.5
922,16,608,38.0
923,15,606,40.4
924,14,605,43.2
925,12,590,49.2
926,10,600,60.0
927,13,618,47.5
928,15,615,41.0
929,14,617,44.1
930,13,606,46.6
931,16,602,37.6
932,11,582,52.9
933,14,624,44.6
934,17,627,36.9
935,14,641,45.8
936,19,655,34.5
937,11,618,56.2
938,15,624,41.6
939,13,614,47.2
940,18,625,34.7
941,15,609,40.6
942,17,611,35.9
943,16,574,35.9
944,13,591,45.5
945,18,603,33.5
946,19,612,32.2
947,19,643,33.8
948,14,630,45.0
949,14,644,46.0
950,14,660,47.1
951,13,670,51.5
952,14,653,46.6
953,17,688,40.5
954,14,659,47.1
955,13,693,53.3
956,18,685,38.1
957,26,673,25.9
958,20,682,34.1
959,19,692,36.4
960,18,685,38.1
961,17,701,41.2
962,19,695,36.6
963,13,701,53.9
964,13,701,53.9
965,13,692,53.2
966,15,682,45.5
967,16,690,43.1
968,15,662,44.1
969,19,669,35.2
970,13,680,52.3
971,15,664,44.3
972,14,689,49.2
973,13,714,54.9
974,11,688,62.5
975,11,695,63.2
976,14,693,49.5
977,10,683,68.3
978,14,702,50.1
979,9,704,78.2
980,15,680,45.3
981,9,659,73.2
982,11,680,61.8
983,11,666,60.5
984,11,681,61.9
985,13,664,51.1
986,18,684,38.0
987,11,658,59.8
988,9,702,78.0
989,9,664,73.8
990,8,691,86.4
991,12,695,57.9
992,12,675,56.2
993,8,699,87.4
994,7,686,98.0
995,10,678,67.8
996,16,719,44.9
997,14,710,50.7
998,14,717,51.2
999,15,731,48.7
1000,9,694,77.1
1001,13,729,56.1
1002,7,726,103.7
1003,9,766,85.1
1004,8,715,89.4
1005,8,733,91.6
1006,6,718,119.7
1007,8,732,91.5
1008,6,699,116.5
1009,18,711,39.5
1010,9,682,75.8
1011,15,733,48.9
1012,11,708,64.4
1013,12,700,58.3
1014,12,706,58.8
1015,13,700,53.8
1016,11,698,63.5
1017,14,718,51.3
1018,15,716,47.7
1019,12,700,58.3
1020,12,696,58.0
1021,14,670,47.9
1022,11,661,60.1
1023,15,667,44.5
1024,13,657,50.5
1025,10,663,66.3
1026,15,684,45.6
1027,13,678,52.2
1028,14,685,48.9
1029,12,666,55.5
1030,11,700,63.6
1031,10,675,67.5
1032,15,659,43.9
1033,14,655,46.8
1034,13,672,51.7
1035,11,670,60.9
1036,15,665,44.3
1037,14,681,48.6
1038,20,702,35.1
1039,19,685,36.1
1040,14,683,48.8
1041,11,666,60.5
1042,13,692,53.2
1043,17,684,40.2
1044,17,693,40.8
1045,16,655,40.9
1046,16,666,41.6
1047,15,678,45.2
1048,12,669,55.8
1049,19,743,39.1
1050,15,722,48.1
1051,16,702,43.9
1052,12,719,59.9
1053,13,727,55.9
1054,13,720,55.4
1055,14,721,51.5
1056,11,718,65.3
1057,16,732,45.8
1058,12,676,56.3
1059,13,676,52.0
1060,14,673,48.1
1061,14,659,47.1
1062,14,663,47.4
1063,9,684,76.0
1064,12,681,56.8
1065,5,686,137.2
1066,11,689,62.6
1067,14,708,50.6
1068,11,691,62.8
1069,9,680,75.6
1070,11,675,61.4
1071,15,684,45.6
1072,11,702,63.8
1073,12,720,60.0
1074,17,690,40.6
1075,15,687,45.8
1076,11,701,63.7
1077,8,673,84.1
1078,11,687,62.5
1079,10,652,65.2
1080,8,640,80.0
1081,11,650,59.1
1082,15,659,43.9
1083,15,656,43.7
1084,14,668,47.7
1085,11,667,60.6
1086,13,652,50.2
1087,15,651,43.4
1088,18,662,36.8
1089,15,663,44.2
1090,13,601,46.2
1091,10,622,62.2
1092,11,621,56.5
1093,12,615,51.2
1094,9,637,70.8
1095,9,632,70.2
1096,12,624,52.0
1097,14,663,47.4
1098,10,643,64.3
1099,9,634,70.4
1100,13,658,50.6
1101,9,633,70.3
1102,10,668,66.8
1103,11,640,58.2
1104,12,645,53.8
1105,10,633,63.3
1106,10,656,65.6
1107,9,653,72.6
1108,12,668,55.7
1109,11,665,60.5
1110,12,674,56.2
1111,14,666,47.6
1112,14,690,49.3
1113,13,677,52.1
1114,10,660,66.0
1115,12,666,55.5
1116,15,670,44.7
1117,9,643,71.4
1118,11,674,61.3
1119,10,656,65.6
1120,12,671,55.9
1121,12,673,56.1
1122,12,651,54.2
1123,12,671,55.9
1124,12,669,55.8
1125,12,659,54.9
1126,9,661,73.4
1127,9,663,73.7
1128,13,658,50.6
1129,10,645,64.5
1130,14,629,44.9
1131,11,617,56.1
1132,12,643,53.6
1133,9,639,71.0
1134,12,675,56.2
1135,14,655,46.8
1136,11,621,56.5
1137,9,651,72.3
1138,10,642,64.2
1139,17,635,37.4
1140,9,616,68.4
1141,14,656,46.9
1142,13,658,50.6
1143,12,632,52.7
1144,10,626,62.6
1145,12,663,55.2
1146,12,646,53.8
1147,14,645,46.1
1148,18,646,35.9
1149,16,637,39.8
1150,18,648,36.0
1151,14,632,45.1
1152,16,667,41.7
1153,8,655,81.9
1154,16,639,39.9
1155,14,655,46.8
1156,18,624,34.7
1157,16,621,38.8
1158,20,616,30.8
1159,16,638,39.9
1160,17,643,37.8
1161,9,615,68.3
1162,13,648,49.8
1163,15,680,45.3
1164,11,669,60.8
1165,12,650,54.2
1166,10,670,67.0
1167,13,656,50.5
1168,14,659,47.1
1169,8,639,79.9
1170,13,675,51.9
1171,12,651,54.2
1172,18,648,36.0
1173,12,623,51.9
1174,13,647,49.8
1175,16,658,41.1
1176,15,647,43.1
1177,20,637,31.8
1178,16,611,38.2
1179,19,648,34.1
1180,12,642,53.5
1181,16,619,38.7
1182,17,602,35.4
1183,20,624,31.2
1184,14,614,43.9
1185,19,639,33.6
1186,16,616,38.5
1187,14,619,44.2
1188,15,619,41.3
1189,14,632,45.1
1190,18,647,35.9
1191,13,640,49.2
1192,14,657,46.9
1193,16,649,40.6
1194,21,681,32.4
1195,24,654,27.2
1196,22,676,30.7
1197,19,661,34.8
1198,13,608,46.8
1199,13,623,47.9
1200,12,624,52.0
1201,17,609,35.8
1202,19,633,33.3
1203,14,627,44.8
1204,13,640,49.2
1205,15,669,44.6
1206,13,651,50.1
1207,19,678,35.7
1208,17,672,39.5
1209,16,673,42.1
1210,15,666,44.4
1211,12,637,53.1
1212,16,670,41.9
1213,13,631,48.5
1214,15,626,41.7
1215,16,655,40.9
1216,14,648,46.3
1217,13,627,48.2
1218,11,643,58.5
1219,14,633,45.2
1220,14,649,46.4
1221,13,639,49.2
1222,13,652,50.2
1223,11,640,58.2
1224,15,665,44.3
1225,18,656,36.4
1226,16,667,41.7
1227,9,633,70.3
1228,15,646,43.1
1229,18,670,37.2
1230,13,663,51.0
1231,10,660,66.0
1232,18,645,35.8
1233,18,656,36.4
1234,17,680,40.0
1235,15,630,42.0
1236,16,687,42.9
1237,13,657,50.5
1238,17,673,39.6
1239,15,656,43.7
1240,13,659,50.7
1241,13,648,49.8
1242,10,676,67.6
1243,15,644,42.9
1244,14,678,48.4
1245,14,660,47.1
1246,15,654,43.6
1247,18,677,37.6
1248,17,634,37.3
1249,20,662,33.1
1250,14,656,46.9
1251,20,629,31.4
1252,20,632,31.6
1253,14,616,44.0
1254,17,640,37.6
1255,11,628,57.1
1256,19,631,33.2
1257,14,622,44.4
1258,17,639,37.6
1259,13,617,47.5
1260,21,662,31.5
1261,19,644,33.9
1262,16,614,38.4
1263,19,632,33.3
1264,16,631,39.4
1265,15,638,42.5
1266,20,643,32.2
1267,21,640,30.5
1268,14,626,44.7
1269,18,612,34.0
1270,12,609,50.8
1271,18,634,35.2
1272,13,580,44.6
1273,15,611,40.7
1274,16,593,37.1
1275,23,602,26.2
1276,15,574,38.3
1277,14,570,40.7
1278,17,603,35.5
1279,17,581,34.2
1280,19,613,32.3
1281,14,622,44.4
1282,20,606,30.3
1283,16,599,37.4
1284,16,583,36.4
1285,17,577,33.9
1286,15,575,38.3
1287,19,562,29.6
1288,19,607,31.9
1289,14,599,42.8
1290,14,611,43.6
1291,10,619,61.9
1292,9,606,67.3
1293,13,623,47.9
1294,11,635,57.7
1295,11,634,57.6
1296,11,625,56.8
1297,13,612,47.1
1298,16,624,39.0
1299,12,591,49.2
1300,12,609,50.8
1301,11,582,52.9
1302,12,613,51.1
1303,17,610,35.9
1304,15,614,40.9
1305,18,638,35.4
1306,17,609,35.8
1307,13,603,46.4
1308,14,601,42.9
1309,14,640,45.7
1310,14,637,45.5
1311,14,622,44.4
1312,13,635,48.8
1313,12,625,52.1
1314,12,624,52.0
1315,13,633,48.7
1316,15,636,42.4
1317,13,640,49.2
1318,11,646,58.7
1319,11,630,57.3
1320,13,651,50.1
1321,15,626,41.7
1322,19,661,34.8
1323,10,630,63.0
1324,12,634,52.8
1325,11,651,59.2
1326,9,633,70.3
1327,9,672,74.7
1328,13,657,50.5
1329,10,655,65.5
1330,13,666,51.2
1331,10,695,69.5
1332,12,653,54.4
1333,11,676,61.5
1334,14,708,50.6
1335,10,706,70.6
1336,9,693,77.0
1337,8,697,87.1
1338,9,711,79.0
1339,6,664,110.7
1340,6,648,108.0
1341,8,666,83.2
1342,12,675,56.2
1343,13,667,51.3
1344,14,675,48.2
1345,11,649,59.0
1346,16,652,40.8
1347,14,647,46.2
1348,15,714,47.6
1349,8,674,84.2
1350,14,678,48.4
1351,8,647,80.9
1352,10,660,66.0
1353,15,679,45.3
1354,14,670,47.9
1355,8,684,85.5
1356,14,675,48.2
1357,15,690,46.0
1358,10,678,67.8
1359,11,642,58.4
1360,13,646,49.7
1361,13,647,49.8
1362,12,639,53.2
1363,18,671,37.3
1364,7,639,91.3
1365,14,658,47.0
1366,17,655,38.5
1367,18,674,37.4
1368,18,664,36.9
1369,11,648,58.9
1370,12,652,54.3
1371,16,674,42.1
1372,14,667,47.6
1373,11,679,61.7
1374,11,671,61.0
1375,14,677,48.4
1376,8,631,78.9
1377,11,650,59.1
1378,16,649,40.6
1379,8,635,79.4
1380,12,636,53.0
1381,10,627,62.7
1382,6,621,103.5
1383,10,631,63.1
1384,11,647,58.8
1385,12,643,53.6
1386,12,683,56.9
1387,7,659,94.1
1388,15,667,44.5
1389,10,656,65.6
1390,11,659,59.9
1391,17,644,37.9
1392,12,655,54.6
1393,13,668,51.4
1394,12,732,61.0
1395,12,683,56.9
1396,10,685,68.5
1397,13,678,52.2
1398,15,710,47.3
1399,13,690,53.1
1400,13,701,53.9
1401,12,675,56.2
1402,13,704,54.2
1403,10,687,68.7
1404,14,675,48.2
1405,10,700,70.0
1406,8,688,86.0
1407,11,696,63.3
1408,14,697,49.8
1409,11,669,60.8
1410,12,673,56.1
1411,14,690,49.3
1412,9,703,78.1
1413,11,676,61.5
1414,13,705,54.2
1415,12,656,54.7
1416,13,665,51.2
1417,14,642,45.9
1418,14,671,47.9
1419,15,664,44.3
1420,18,697,38.7
1421,15,695,46.3
1422,12,695,57.9
1423,12,675,56.2
1424,16,694,43.4
1425,15,705,47.0
1426,15,693,46.2
1427,12,717,59.8
1428,13,682,52.5
1429,12,703,58.6
1430,19,673,35.4
1431,14,706,50.4
1432,11,677,61.5
1433,13,678,52.2
1434,18,677,37.6
1435,11,674,61.3
1436,15,706,47.1
1437,11,676,61.5
1438,11,721,65.5
1439,12,689,57.4
1440,12,698,58.2
1441,11,706,64.2
1442,13,705,54.2
1443,19,699,36.8
1444,8,657,82.1
1445,15,694,46.3
1446,12,699,58.2
1447,10,687,68.7
1448,12,719,59.9
1449,14,688,49.1
1450,14,715,51.1
1451,11,707,64.3
1452,13,702,54.0
1453,16,699,43.7
1454,15,708,47.2
1455,11,699,63.5
1456,9,699,77.7
1457,9,693,77.0
1458,6,695,115.8
1459,5,707,141.4
1460,7,688,98.3
1461,10,688,68.8
1462,8,689,86.1
1463,9,688,76.4
1464,8,702,87.8
1465,10,698,69.8
1466,11,715,65.0
1467,7,682,97.4
1468,7,694,99.1
1469,6,693,115.5
1470,7,682,97.4
1471,8,696,87.0
1472,14,700,50.0
1473,7,714,102.0
1474,4,720,180.0
1475,8,709,88.6
1476,6,690,115.0
1477,7,708,101.1
1478,7,713,101.9
1479,8,709,88.6
1480,10,722,72.2
1481,10,728,72.8
1482,6,698,116.3
1483,9,705,78.3
1484,7,707,101.0
1485,13,724,55.7
1486,11,680,61.8
1487,7,685,97.9
1488,11,716,65.1
1489,10,721,72.1
1490,7,734,104.9
1491,9,724,80.4
1492,8,719,89.9
1493,9,722,80.2
1494,9,735,81.7
1495,9,714,79.3
1496,10,719,71.9
1497,5,693,138.6
1498,4,713,178.2
1499,11,693,63.0
1500,8,711,88.9
1501,10,705,70.5
1502,9,707,78.6
1503,11,721,65.5
1504,8,725,90.6
1505,7,712,101.7
1506,9,714,79.3
1507,11,736,66.9
1508,8,742,92.8
1509,11,715,65.0
1510,10,722,72.2
1511,7,728,104.0
1512,9,742,82.4
1513,12,716,59.7
1514,9,731,81.2
1515,10,731,73.1
1516,10,727,72.7
1517,10,700,70.0
1518,13,713,54.8
1519,9,680,75.6
1520,8,706,88.2
1521,10,708,70.8
1522,12,709,59.1
1523,4,707,176.8
1524,6,683,113.8
1525,8,707,88.4
1526,3,704,234.7
1527,8,718,89.8
1528,6,718,119.7
1529,8,726,90.8
1530,8,710,88.8
1531,9,710,78.9
1532,6,723,120.5
1533,9,703,78.1
1534,7,708,101.1
1535,6,699,116.5
1536,7,725,103.6
1537,8,703,87.9
1538,6,690,115.0
1539,9,712,79.1
1540,8,710,88.8
1541,9,711,79.0
1542,8,719,89.9
1543,8,717,89.6
1544,7,725,103.6
1545,8,714,89.2
1546,6,722,120.3
1547,9,698,77.6
1548,6,699,116.5
1549,10,704,70.4
1550,9,699,77.7
1551,9,715,79.4
1552,10,731,73.1
1553,9,713,79.2
1554,7,737,105.3
1555,6,738,123.0
1556,8,728,91.0
1557,9,735,81.7
1558,5,714,142.8
1559,8,746,93.2
1560,7,754,107.7
1561,9,753,83.7
1562,7,761,108.7
1563,6,749,124.8
1564,9,758,84.2
1565,4,752,188.0
1566,8,746,93.2
1567,6,752,125.3
1568,4,742,185.5
1569,5,748,149.6
1570,9,762,84.7
1571,6,776,129.3
1572,7,752,107.4
1573,9,784,87.1
1574,6,783,130.5
1575,7,774,110.6
1576,6,760,126.7
1577,8,761,95.1
1578,12,776,64.7
1579,6,794,132.3
1580,5,778,155.6
1581,4,760,190.0
1582,6,781,130.2
1583,7,765,109.3
1584,8,742,92.8
1585,9,758,84.2
1586,6,753,125.5
1587,7,733,104.7
1588,8,759,94.9
1589,9,755,83.9
1590,7,759,108.4
1591,7,762,108.9
1592,6,756,126.0
1593,6,757,126.2
1594,8,752,94.0
1595,9,757,84.1
1596,6,749,124.8
1597,6,750,125.0
1598,10,761,76.1
1599,8,763,95.4
1600,8,768,96.0
1601,9,750,83.3
1602,9,763,84.8
1603,8,731,91.4
1604,5,758,151.6
1605,8,761,95.1
1606,6,742,123.7
1607,7,748,106.9
1608,7,745,106.4
1609,6,733,122.2
1610,6,745,124.2
1611,7,736,105.1
1612,6,750,125.0
1613,8,754,94.2
1614,5,755,151.0
1615,5,740,148.0
1616,7,769,109.9
1617,6,746,124.3
1618,9,742,82.4
1619,10,732,73.2
1620,8,730,91.2
1621,10,768,76.8
1622,13,758,58.3
1623,12,758,63.2
1624,15,739,49.3
1625,10,763,76.3
1626,9,752,83.6
1627,7,744,106.3
1628,8,746,93.2
1629,6,737,122.8
1630,7,753,107.6
1631,4,743,185.8
1632,6,743,123.8
1633,6,739,123.2
1634,6,723,120.5
1635,6,729,121.5
1636,10,730,73.0
1637,10,735,73.5
1638,9,697,77.4
1639,9,732,81.3
1640,8,725,90.6
1641,6,713,118.8
1642,11,733,66.6
1643,8,730,91.2
1644,8,745,93.1
1645,6,709,118.2
1646,13,743,57.2
1647,7,751,107.3
1648,10,738,73.8
1649,9,742,82.4
1650,8,746,93.2
1651,9,732,81.3
1652,10,740,74.0
1653,12,736,61.3
1654,12,752,62.7
1655,13,749,57.6
1656,12,745,62.1
1657,13,739,56.8
1658,9,706,78.4
1659,9,703,78.1
1660,10,699,69.9
1661,10,700,70.0
1662,11,709,64.5
1663,12,714,59.5
1664,6,696,116.0
1665,6,700,116.7
1666,12,699,58.2
1667,12,715,59.6
1668,9,724,80.4
1669,12,728,60.7
1670,10,709,70.9
1671,7,712,101.7
1672,4,701,175.2
1673,11,732,66.5
1674,12,735,61.2
1675,8,735,91.9
1676,12,755,62.9
1677,12,735,61.2
1678,16,724,45.2
1679,13,708,54.5
1680,14,715,51.1
1681,11,701,63.7
1682,13,681,52.4
1683,14,706,50.4
1684,11,665,60.5
1685,11,699,63.5
1686,10,691,69.1
1687,13,696,53.5
1688,11,685,62.3
1689,15,701,46.7
1690,12,683,56.9
1691,11,698,63.5
1692,16,707,44.2
1693,11,679,61.7
1694,12,675,56.2
1695,11,700,63.6
1696,15,719,47.9
1697,11,709,64.5
1698,15,710,47.3
1699,11,717,65.2
1700,17,713,41.9
1701,20,721,36.0
1702,15,700,46.7
1703,15,715,47.7
1704,13,711,54.7
1705,15,715,47.7
1706,12,701,58.4
1707,13,702,54.0
1708,12,682,56.8
1709,9,732,81.3
1710,6,729,121.5
1711,7,652,93.1
1712,10,703,70.3
1713,11,693,63.0
1714,15,708,47.2
1715,12,698,58.2
1716,8,730,91.2
1717,9,725,80.6
1718,9,681,75.7
1719,8,712,89.0
1720,11,695,63.2
1721,9,719,79.9
1722,10,714,71.4
1723,11,689,62.6
1724,11,713,64.8
1725,11,698,63.5
1726,13,705,54.2
1727,12,706,58.8
1728,9,702,78.0
1729,10,721,72.1
1730,10,700,70.0
1731,12,723,60.2
1732,12,695,57.9
1733,8,698,87.2
1734,12,702,58.5
1735,11,716,65.1
1736,8,700,87.5
1737,10,726,72.6
1738,8,678,84.8
1739,8,692,86.5
1740,9,671,74.6
1741,4,751,187.8
1742,7,661,94.4
1743,8,666,83.2
1744,7,646,92.3
1745,6,663,110.5
1746,10,639,63.9
1747,9,642,71.3
1748,8,646,80.8
1749,10,665,66.5
1750,5,662,132.4
1751,8,653,81.6
1752,11,698,63.5
1753,12,694,57.8
1754,12,672,56.0
1755,13,681,52.4
1756,12,670,55.8
1757,11,639,58.1
1758,13,661,50.8
1759,9,659,73.2
1760,11,652,59.3
1761,8,738,92.2
1762,8,646,80.8
1763,7,647,92.4
1764,7,662,94.6
1765,8,722,90.2
1766,11,736,66.9
1767,9,728,80.9
1768,9,641,71.2
1769,10,676,67.6
1770,6,659,109.8
1771,6,659,109.8
1772,11,664,60.4
1773,10,750,75.0
1774,15,687,45.8
1775,13,729,56.1
1776,11,683,62.1
1777,6,651,108.5
1778,9,743,82.6
1779,11,706,64.2
1780,14,750,53.6
1781,10,747,74.7
1782,9,727,80.8
1783,12,682,56.8
1784,12,664,55.3
1785,10,665,66.5
1786,10,676,67.6
1787,11,684,62.2
1788,8,744,93.0
1789,11,642,58.4
1790,9,673,74.8
1791,9,679,75.4
1792,10,705,70.5
1793,6,726,121.0
1794,5,710,142.0
1795,11,711,64.6
1796,8,708,88.5
1797,10,729,72.9
1798,6,725,120.8
1799,7,705,100.7
1800,6,698,116.3
1801,7,762,108.9
1802,9,712,79.1
1803,6,719,119.8
1804,16,732,45.8
1805,9,696,77.3
1806,6,697,116.2
1807,8,724,90.5
1808,10,729,72.9
1809,8,730,91.2
1810,8,724,90.5
1811,7,709,101.3
1812,7,701,100.1
1813,9,713,79.2
1814,10,751,75.1
1815,8,735,91.9
1816,8,750,93.8
1817,8,759,94.9
1818,11,745,67.7
1819,8,715,89.4
1820,4,710,177.5
1821,8,739,92.4
1822,5,725,145.0
1823,8,726,90.8
1824,13,737,56.7
1825,7,688,98.3
1826,10,711,71.1
1827,7,707,101.0
1828,7,730,104.3
1829,7,719,102.7
1830,4,683,170.8
1831,5,695,139.0
1832,8,696,87.0
1833,12,703,58.6
1834,10,706,70.6
1835,6,730,121.7
1836,5,696,139.2
1837,8,689,86.1
1838,7,693,99.0
1839,6,697,116.2
1840,9,699,77.7
1841,8,696,87.0
1842,11,732,66.5
1843,8,709,88.6
1844,9,700,77.8
1845,8,716,89.5
1846,8,725,90.6
1847,8,714,89.2
1848,6,719,119.8
1849,5,738,147.6
1850,7,753,107.6
1851,7,748,106.9
1852,5,740,148.0
1853,6,743,123.8
1854,5,735,147.0
1855,4,762,190.5
1856,3,742,247.3
1857,3,716,238.7
1858,5,754,150.8
1859,6,753,125.5
1860,7,742,106.0
1861,9,757,84.1
1862,6,768,128.0
1863,8,749,93.6
1864,8,747,93.4
1865,10,719,71.9
1866,8,726,90.8
1867,8,713,89.1
1868,7,712,101.7
1869,9,708,78.7
1870,10,700,70.0
1871,9,741,82.3
1872,10,722,72.2
1873,8,703,87.9
1874,9,716,79.6
1875,8,714,89.2
1876,9,739,82.1
1877,4,710,177.5
1878,7,719,102.7
1879,7,700,100.0
1880,7,700,100.0
1881,8,709,88.6
1882,11,732,66.5
1883,7,730,104.3
1884,9,720,80.0
1885,5,721,144.2
1886,7,704,100.6
1887,7,727,103.9
1888,4,726,181.5
1889,9,743,82.6
1890,3,721,240.3
1891,3,732,244.0
1892,5,725,145.0
1893,5,721,144.2
1894,6,708,118.0
1895,6,730,121.7
1896,7,736,105.1
1897,3,733,244.3
1898,5,735,147.0
1899,5,731,146.2
1900,4,719,179.8
1901,4,722,180.5
1902,2,727,363.5
1903,4,736,184.0
1904,5,743,148.6
1905,5,734,146.8
1906,7,713,101.9
1907,9,737,81.9
1908,7,738,105.4
1909,6,728,121.3
1910,7,727,103.9
1911,3,699,233.0
1912,3,718,239.3
1913,6,733,122.2
1914,4,744,186.0
1915,7,749,107.0
1916,5,742,148.4
1917,5,737,147.4
1918,7,729,104.1
1919,3,718,239.3
1920,4,716,179.0
1921,4,723,180.8
1922,7,750,107.1
1923,5,761,152.2
1924,6,750,125.0
1925,4,743,185.8
1926,3,749,249.7
1927,5,766,153.2
1928,5,756,151.2
1929,3,756,252.0
1930,5,770,154.0
1931,8,781,97.6
1932,5,766,153.2
1933,3,766,255.3
1934,6,758,126.3
1935,5,758,151.6
1936,6,774,129.0
1937,6,751,125.2
1938,5,756,151.2
1939,4,768,192.0
1940,7,776,110.9
1941,6,784,130.7
1942,3,773,257.7
1943,5,761,152.2
1944,4,769,192.2
1945,4,787,196.8
1946,8,781,97.6
1947,5,791,158.2
1948,7,781,111.6
1949,7,799,114.1
1950,8,788,98.5
1951,7,792,113.1
1952,5,785,157.0
1953,5,787,157.4
1954,5,774,154.8
1955,7,774,110.6
1956,8,769,96.1
1957,8,747,93.4
1958,6,770,128.3
1959,3,793,264.3
1960,4,793,198.2
1961,5,790,158.0
1962,5,764,152.8
1963,6,778,129.7
1964,5,779,155.8
1965,6,741,123.5
1966,5,767,153.4
1967,7,746,106.6
1968,8,753,94.1
1969,5,747,149.4
1970,10,765,76.5
1971,6,747,124.5
1972,4,761,190.2
1973,5,765,153.0
1974,4,763,190.8
1975,4,773,193.2
1976,6,750,125.0
1977,9,784,87.1
1978,7,746,106.6
1979,6,782,130.3
1980,5,757,151.4
1981,7,744,106.3
1982,5,753,150.6
1983,5,764,152.8
1984,6,752,125.3
1985,6,753,125.5
1986,3,736,245.3
1987,3,745,248.3
1988,4,766,191.5
1989,9,775,86.1
1990,7,768,109.7
1991,6,752,125.3
1992,7,755,107.9
1993,6,768,128.0
1994,9,775,86.1
1995,6,750,125.0
1996,7,790,112.9
1997,6,756,126.0
1998,8,766,95.8
1999,7,763,109.0
2000,8,773,96.6
2001,10,774,77.4
2002,7,787,112.4
2003,8,767,95.9
2004,6,769,128.2
2005,9,756,84.0
2006,11,777,70.6
2007,5,774,154.8
2008,5,765,153.0
2009,7,755,107.9
2010,4,776,194.0
2011,7,776,110.9
2012,5,743,148.6
2013,7,763,109.0
2014,6,754,125.7
2015,5,779,155.8
2016,5,769,153.8
2017,3,764,254.7
2018,6,773,128.8
2019,9,779,86.6
2020,5,753,150.6
2021,4,778,194.5
2022,6,781,130.2
2023,8,789,98.6
2024,9,780,86.7
2025,5,784,156.8
2026,7,764,109.1
2027,4,768,192.0
2028,2,751,375.5
2029,3,763,254.3
2030,4,776,194.0
2031,5,807,161.4
2032,3,792,264.0
2033,5,808,161.6
2034,6,795,132.5
2035,3,789,263.0
2036,1,784,784.0
2037,2,771,385.5
2038,2,777,388.5
2039,1,788,788.0
2040,1,792,792.0
2041,1,821,821.0
2042,1,812,812.0
2043,2,818,409.0
2044,6,818,136.3
2045,2,807,403.5
2046,4,815,203.8
2047,4,812,203.0
2048,3,803,267.7
2049,3,811,270.3
2050,3,824,274.7
2051,3,813,271.0
2052,2,805,402.5
2053,2,820,410.0
2054,1,817,817.0
2055,3,801,267.0
2056,2,795,397.5
2057,1,812,812.0
2058,2,816,408.0
2059,4,809,202.2
2060,2,805,402.5
2061,4,814,203.5
2062,2,785,392.5
2063,1,802,802.0
2064,2,806,403.0
2065,2,789,394.5
2066,6,775,129.2
2067,4,760,190.0
2068,6,772,128.7
2069,5,786,157.2
2070,3,767,255.7
2071,5,766,153.2
2072,3,782,260.7
2073,3,795,265.0
2074,2,777,388.5
2075,2,801,400.5
2076,2,799,399.5
2077,3,777,259.0
2078,2,801,400.5
2079,4,798,199.5
2080,3,790,263.3
2081,3,795,265.0
2082,2,789,394.5
2083,2,797,398.5
2084,3,795,265.0
2085,1,797,797.0
2086,3,792,264.0
2087,1,784,784.0
2088,4,785,196.2
2089,3,782,260.7
2090,2,794,397.0
2091,2,801,400.5
2092,2,790,395.0
2093,3,786,262.0
2094,2,773,386.5
2095,2,783,391.5
2096,2,792,396.0
2097,3,775,258.3
2098,2,762,381.0
2099,2,762,381.0
2100,2,755,377.5
2101,3,748,249.3
2102,4,763,190.8
2103,5,771,154.2
2104,5,764,152.8
2105,4,786,196.5
2106,2,784,392.0
2107,2,779,389.5
2108,4,799,199.8
2109,4,792,198.0
2110,4,803,200.8
2111,4,784,196.0
2112,6,801,133.5
2113,5,765,153.0
2114,3,799,266.3
2115,4,799,199.8
2116,4,768,192.0
2117,5,787,157.4
2118,5,762,152.4
2119,3,782,260.7
2120,4,773,193.2
2121,3,789,263.0
2122,1,787,787.0
2123,2,799,399.5
2124,4,820,205.0
2125,2,794,397.0
2126,2,797,398.5
2127,3,812,270.7
2128,4,818,204.5
2129,2,819,409.5
2130,2,835,417.5
2131,1,808,808.0
2132,2,807,403.5
2133,1,807,807.0
2134,2,804,402.0
2135,1,815,815.0
2136,1,798,798.0
2137,2,802,401.0
2138,2,803,401.5
2139,2,820,410.0
2140,2,810,405.0
2141,6,826,137.7
2142,3,801,267.0
2143,2,797,398.5
2144,3,808,269.3
2145,3,811,270.3
2146,2,819,409.5
2147,3,812,270.7
2148,3,833,277.7
2149,1,811,811.0
2150,1,809,809.0
2151,2,803,401.5
2152,7,811,115.9
2153,4,811,202.8
2154,2,805,402.5
2155,1,814,814.0
2156,3,811,270.3
2157,3,828,276.0
2158,2,812,406.0
2159,3,804,268.0
2160,1,812,812.0
2161,3,824,274.7
2162,3,805,268.3
2163,3,809,269.7
2164,2,801,400.5
2165,2,813,406.5
2166,2,811,405.5
2167,1,820,820.0
2168,2,818,409.0
2169,2,810,405.0
2170,1,809,809.0
2171,1,813,813.0
2172,2,818,409.0
2173,3,791,263.7
2174,3,802,267.3
2175,5,807,161.4
2176,3,812,270.7
2177,2,803,401.5
2178,4,825,206.2
2179,1,798,798.0
2180,6,819,136.5
2181,5,809,161.8
2182,3,776,258.7
2183,7,792,113.1
2184,7,792,113.1
2185,4,761,190.2
2186,10,801,80.1
2187,7,787,112.4
2188,12,791,65.9
2189,9,795,88.3
2190,7,775,110.7
2191,4,780,195.0
2192,5,789,157.8
2193,5,789,157.8
2194,7,775,110.7
2195,4,767,191.8
2196,6,789,131.5
2197,5,790,158.0
2198,3,787,262.3
2199,8,770,96.2
2200,5,766,153.2
2201,6,786,131.0
2202,3,769,256.3
2203,7,762,108.9
2204,3,781,260.3
2205,8,775,96.9
2206,9,802,89.1
2207,4,787,196.8
2208,6,802,133.7
2209,5,791,158.2
2210,3,768,256.0
2211,9,799,88.8
2212,12,780,65.0
2213,9,785,87.2
2214,8,769,96.1
2215,8,776,97.0
2216,10,758,75.8
2217,8,746,93.2
2218,10,751,75.1
2219,9,737,81.9
2220,7,747,106.7
2221,7,752,107.4
2222,9,768,85.3
2223,7,745,106.4
2224,9,746,82.9
2225,11,755,68.6
2226,9,726,80.7
2227,6,715,119.2
2228,7,732,104.6
2229,6,730,121.7
2230,5,717,143.4
2231,7,741,105.9
2232,7,729,104.1
2233,8,728,91.0
2234,7,751,107.3
2235,5,738,147.6
2236,6,742,123.7
2237,8,768,96.0
2238,7,750,107.1
2239,6,739,123.2
2240,6,755,125.8
2241,6,760,126.7
2242,5,719,143.8
2243,10,745,74.5
2244,10,741,74.1
2245,8,737,92.1
2246,9,733,81.4
2247,7,731,104.4
2248,7,734,104.9
2249,10,731,73.1
2250,6,722,120.3
2251,8,731,91.4
2252,8,743,92.9
2253,9,730,81.1
2254,12,740,61.7
2255,8,732,91.5
2256,10,762,76.2
2257,9,758,84.2
2258,9,746,82.9
2259,9,773,85.9
2260,7,752,107.4
2261,12,756,63.0
2262,8,751,93.9
2263,5,762,152.4
2264,6,752,125.3
2265,7,751,107.3
2266,7,752,107.4
2267,7,775,110.7
2268,7,774,110.6
2269,6,788,131.3
2270,5,788,157.6
2271,5,778,155.6
2272,9,761,84.6
2273,4,762,190.5
2274,3,754,251.3
2275,5,766,153.2
2276,5,775,155.0
2277,5,767,153.4
2278,4,771,192.8
2279,2,776,388.0
2280,6,774,129.0
2281,4,786,196.5
2282,4,770,192.5
2283,2,776,388.0
2284,3,790,263.3
2285,6,793,132.2
2286,5,763,152.6
2287,6,772,128.7
2288,5,804,160.8
2289,4,777,194.2
2290,5,775,155.0
2291,6,764,127.3
2292,6,755,125.8
2293,7,756,108.0
2294,3,757,252.3
2295,7,761,108.7
2296,7,751,107.3
2297,7,755,107.9
2298,5,732,146.4
2299,8,764,95.5
2300,2,740,370.0
2301,3,741,247.0
2302,5,754,150.8
2303,5,742,148.4
2304,5,749,149.8
2305,4,758,189.5
2306,7,757,108.1
2307,6,756,126.0
2308,6,747,124.5
2309,8,757,94.6
2310,8,747,93.4
2311,10,758,75.8
2312,10,755,75.5
2313,9,734,81.6
2314,9,735,81.7
2315,5,719,143.8
2316,6,732,122.0
2317,11,731,66.5
2318,9,744,82.7
2319,8,722,90.2
2320,13,737,56.7
2321,8,738,92.2
2322,10,753,75.3
2323,11,728,66.2
2324,9,716,79.6
2325,11,707,64.3
2326,8,742,92.8
2327,7,721,103.0
2328,12,708,59.0
2329,11,730,66.4
2330,11,718,65.3
2331,8,737,92.1
2332,9,731,81.2
2333,8,729,91.1
2334,9,726,80.7
2335,7,725,103.6
2336,5,712,142.4
2337,5,743,148.6
2338,8,734,91.8
2339,9,757,84.1
2340,12,757,63.1
2341,11,758,68.9
2342,7,738,105.4
2343,10,747,74.7
2344,9,732,81.3
2345,10,750,75.0
2346,12,760,63.3
2347,10,748,74.8
2348,4,746,186.5
2349,8,740,92.5
2350,6,731,121.8
2351,10,736,73.6
2352,8,756,94.5
2353,9,755,83.9
2354,8,749,93.6
2355,9,782,86.9
2356,9,759,84.3
2357,7,766,109.4
2358,7,765,109.3
2359,8,768,96.0
2360,10,770,77.0
2361,6,771,128.5
2362,6,763,127.2
2363,9,763,84.8
2364,7,788,112.6
2365,6,779,129.8
2366,8,739,92.4
2367,9,778,86.4
2368,9,771,85.7
2369,8,784,98.0
2370,9,780,86.7
2371,8,764,95.5
2372,9,769,85.4
2373,6,733,122.2
2374,7,769,109.9
2375,6,746,124.3
2376,6,738,123.0
2377,10,730,73.0
2378,8,753,94.1
2379,7,739,105.6
2380,9,748,83.1
2381,6,738,123.0
2382,6,747,124.5
2383,7,754,107.7
2384,11,754,68.5
2385,7,732,104.6
2386,8,717,89.6
2387,11,745,67.7
2388,9,714,79.3
2389,11,730,66.4
2390,6,722,120.3
2391,4,732,183.0
2392,8,729,91.1
2393,8,762,95.2
2394,7,753,107.6
2395,8,713,89.1
2396,12,740,61.7
2397,10,730,73.0
2398,7,738,105.4
2399,6,741,123.5
2400,7,745,106.4
2401,7,740,105.7
2402,10,742,74.2
2403,10,735,73.5
2404,8,745,93.1
2405,7,739,105.6
2406,8,735,91.9
2407,8,724,90.5
2408,6,729,121.5
2409,6,740,123.3
2410,5,737,147.4
2411,6,720,120.0
2412,5,740,148.0
2413,8,745,93.1
2414,5,721,144.2
2415,11,763,69.4
2416,7,742,106.0
2417,9,770,85.6
2418,8,749,93.6
2419,4,750,187.5
2420,5,733,146.6
2421,7,728,104.0
2422,6,756,126.0
2423,7,767,109.6
2424,10,765,76.5
2425,4,758,189.5
2426,8,765,95.6
2427,12,776,64.7
2428,7,730,104.3
2429,8,742,92.8
2430,6,749,124.8
2431,12,740,61.7
2432,8,744,93.0
2433,8,740,92.5
2434,12,763,63.6
2435,13,746,57.4
2436,10,751,75.1
2437,10,751,75.1
2438,13,761,58.5
2439,7,748,106.9
2440,10,726,72.6
2441,8,712,89.0
2442,13,747,57.5
2443,6,770,128.3
2444,4,746,186.5
2445,4,741,185.2
2446,7,734,104.9
2447,10,745,74.5
2448,5,739,147.8
2449,6,719,119.8
2450,7,758,108.3
2451,7,729,104.1
2452,15,751,50.1
2453,14,768,54.9
2454,14,742,53.0
2455,11,755,68.6
2456,10,753,75.3
2457,13,746,57.4
2458,16,749,46.8
2459,13,721,55.5
2460,9,723,80.3
2461,8,726,90.8
2462,11,727,66.1
2463,8,718,89.8
2464,9,756,84.0
2465,14,757,54.1
2466,11,728,66.2
2467,7,740,105.7
2468,6,731,121.8
2469,9,749,83.2
2470,13,762,58.6
2471,9,755,83.9
2472,7,735,105.0
2473,7,779,111.3
2474,7,750,107.1
2475,7,738,105.4
2476,12,753,62.8
2477,9,765,85.0
2478,7,745,106.4
2479,9,757,84.1
2480,9,741,82.3
2481,7,723,103.3
2482,7,735,105.0
2483,6,728,121.3
2484,7,732,104.6
2485,7,741,105.9
2486,11,746,67.8
2487,6,752,125.3
2488,6,770,128.3
2489,6,729,121.5
2490,9,781,86.8
2491,7,775,110.7
2492,2,747,373.5
2493,7,765,109.3
2494,6,757,126.2
2495,6,733,122.2
2496,6,723,120.5
2497,5,733,146.6
2498,6,728,121.3
2499,4,745,186.2
2500,8,736,92.0
2501,7,721,103.0
2502,5,732,146.4
2503,7,736,105.1
2504,5,736,147.2
2505,7,729,104.1
2506,8,707,88.4
2507,8,712,89.0
2508,6,701,116.8
2509,6,720,120.0
2510,6,732,122.0
2511,10,738,73.8
2512,7,735,105.0
2513,8,721,90.1
2514,9,739,82.1
2515,7,724,103.4
2516,9,727,80.8
2517,9,739,82.1
2518,13,743,57.2
2519,11,756,68.7
2520,15,751,50.1
2521,8,730,91.2
2522,9,725,80.6
2523,6,736,122.7
2524,7,738,105.4
2525,8,728,91.0
2526,11,745,67.7
2527,9,753,83.7
2528,6,739,123.2
2529,12,765,63.8
2530,9,728,80.9
2531,8,721,90.1
2532,7,766,109.4
2533,11,741,67.4
2534,10,736,73.6
2535,11,733,66.6
2536,6,706,117.7
2537,5,725,145.0
2538,9,728,80.9
2539,7,692,98.9
2540,4,711,177.8
2541,4,708,177.0
2542,7,725,103.6
2543,7,724,103.4
2544,10,760,76.0
2545,4,714,178.5
2546,6,717,119.5
2547,4,704,176.0
2548,6,714,119.0
2549,8,731,91.4
2550,8,742,92.8
2551,5,719,143.8
2552,11,739,67.2
2553,9,721,80.1
2554,11,747,67.9
2555,7,747,106.7
2556,7,761,108.7
2557,7,759,108.4
2558,7,766,109.4
2559,8,786,98.2
2560,9,758,84.2
2561,8,763,95.4
2562,10,786,78.6
2563,9,780,86.7
2564,6,767,127.8
2565,5,765,153.0
2566,6,755,125.8
2567,6,748,124.7
2568,6,744,124.0
2569,8,753,94.1
2570,6,754,125.7
2571,8,766,95.8
2572,6,775,129.2
2573,6,760,126.7
2574,9,776,86.2
2575,8,768,96.0
2576,8,779,97.4
2577,8,773,96.6
2578,7,763,109.0
2579,7,762,108.9
2580,5,750,150.0
2581,11,778,70.7
2582,9,765,85.0
2583,8,763,95.4
2584,10,763,76.3
2585,12,781,65.1
2586,8,769,96.1
2587,6,757,126.2
2588,8,757,94.6
2589,11,740,67.3
2590,10,735,73.5
2591,9,765,85.0
2592,11,756,68.7
2593,9,772,85.8
2594,10,768,76.8
2595,9,758,84.2
2596,5,790,158.0
2597,14,784,56.0
2598,7,778,111.1
2599,11,759,69.0
2600,8,795,99.4
2601,13,784,60.3
2602,6,745,124.2
2603,10,780,78.0
2604,10,759,75.9
2605,9,774,86.0
2606,7,762,108.9
2607,8,775,96.9
2608,11,758,68.9
2609,5,761,152.2
2610,8,779,97.4
2611,6,745,124.2
2612,12,765,63.8
2613,8,748,93.5
2614,7,760,108.6
2615,9,757,84.1
2616,9,769,85.4
2617,10,773,77.3
2618,10,761,76.1
2619,9,782,86.9
2620,6,770,128.3
2621,6,772,128.7
2622,6,758,126.3
2623,7,757,108.1
2624,6,784,130.7
2625,5,764,152.8
2626,5,771,154.2
2627,7,778,111.1
2628,4,776,194.0
2629,4,778,194.5
2630,5,774,154.8
2631,5,777,155.4
2632,7,785,112.1
2633,5,763,152.6
2634,3,749,249.7
2635,10,766,76.6
2636,7,751,107.3
2637,12,770,64.2
2638,6,736,122.7
2639,6,766,127.7
2640,6,747,124.5
2641,5,762,152.4
2642,7,755,107.9
2643,11,778,70.7
2644,5,775,155.0
2645,5,740,148.0
2646,7,759,108.4
2647,6,740,123.3
2648,9,712,79.1
2649,6,734,122.3
2650,5,747,149.4
2651,8,752,94.0
2652,7,765,109.3
2653,11,761,69.2
2654,9,735,81.7
2655,7,752,107.4
2656,9,751,83.4
2657,12,740,61.7
2658,10,742,74.2
2659,11,742,67.5
2660,11,742,67.5
2661,8,715,89.4
2662,11,731,66.5
2663,12,727,60.6
2664,10,730,73.0
2665,8,736,92.0
2666,10,728,72.8
2667,5,711,142.2
2668,10,710,71.0
2669,7,721,103.0
2670,8,704,88.0
2671,7,725,103.6
2672,13,738,56.8
2673,9,731,81.2
2674,11,736,66.9
2675,9,704,78.2
2676,7,713,101.9
2677,9,716,79.6
2678,10,721,72.1
2679,6,699,116.5
2680,8,723,90.4
2681,11,752,68.4
2682,7,720,102.9
2683,5,724,144.8
2684,7,701,100.1
2685,7,700,100.0
2686,13,700,53.8
2687,8,697,87.1
2688,9,719,79.9
2689,13,734,56.5
2690,10,720,72.0
2691,10,733,73.3
2692,10,722,72.2
2693,10,696,69.6
2694,10,697,69.7
2695,10,703,70.3
2696,7,714,102.0
2697,7,728,104.0
2698,9,712,79.1
2699,12,727,60.6
2700,10,735,73.5
2701,10,743,74.3
2702,10,751,75.1
2703,9,742,82.4
2704,6,739,123.2
2705,9,752,83.6
2706,5,720,144.0
2707,9,725,80.6
2708,11,735,66.8
2709,15,712,47.5
2710,16,710,44.4
2711,10,697,69.7
2712,12,728,60.7
2713,9,711,79.0
2714,10,726,72.6
2715,11,712,64.7
2716,15,711,47.4
2717,11,729,66.3
2718,8,723,90.4
2719,15,731,48.7
2720,10,737,73.7
2721,11,730,66.4
2722,13,718,55.2
2723,10,731,73.1
2724,8,710,88.8
2725,14,743,53.1
2726,12,739,61.6
2727,15,717,47.8
2728,11,718,65.3
2729,13,738,56.8
2730,14,725,51.8
2731,13,723,55.6
2732,10,705,70.5
2733,8,723,90.4
2734,8,724,90.5
2735,7,703,100.4
2736,10,740,74.0
2737,11,749,68.1
2738,13,721,55.5
2739,11,726,66.0
2740,12,701,58.4
2741,14,705,50.4
2742,16,718,44.9
2743,12,717,59.8
2744,12,733,61.1
2745,10,722,72.2
2746,9,711,79.0
2747,7,721,103.0
2748,11,743,67.5
2749,8,726,90.8
2750,7,755,107.9
2751,7,722,103.1
2752,4,713,178.2
2753,7,706,100.9
2754,9,734,81.6
2755,5,740,148.0
2756,5,724,144.8
2757,8,718,89.8
2758,7,729,104.1
2759,9,714,79.3
2760,9,727,80.8
2761,12,730,60.8
2762,8,686,85.8
2763,9,707,78.6
2764,8,713,89.1
2765,10,730,73.0
2766,9,717,79.7
2767,8,712,89.0
2768,10,725,72.5
2769,7,705,100.7
2770,13,731,56.2
2771,12,721,60.1
2772,8,715,89.4
2773,15,714,47.6
2774,10,730,73.0
2775,16,698,43.6
2776,17,704,41.4
2777,22,724,32.9
2778,13,694,53.4
2779,16,703,43.9
2780,10,673,67.3
2781,8,664,83.0
2782,8,684,85.5
2783,5,684,136.8
2784,10,688,68.8
2785,8,690,86.2
2786,9,713,79.2
2787,10,717,71.7
2788,10,742,74.2
2789,9,721,80.1
2790,8,717,89.6
2791,7,708,101.1
2792,8,715,89.4
2793,11,708,64.4
2794,7,685,97.9
2795,12,740,61.7
2796,9,705,78.3
2797,5,666,133.2
2798,8,706,88.2
2799,11,672,61.1
2800,13,693,53.3
2801,13,711,54.7
2802,6,688,114.7
2803,12,701,58.4
2804,9,695,77.2
2805,11,679,61.7
2806,10,675,67.5
2807,8,693,86.6
2808,8,683,85.4
2809,12,712,59.3
2810,9,694,77.1
2811,7,683,97.6
2812,9,690,76.7
2813,11,694,63.1
2814,12,684,57.0
2815,13,685,52.7
2816,11,736,66.9
2817,12,736,61.3
2818,10,722,72.2
2819,12,739,61.6
2820,10,721,72.1
2821,10,759,75.9
2822,7,744,106.3
2823,7,733,104.7
2824,10,744,74.4
2825,8,739,92.4
2826,12,725,60.4
2827,9,733,81.4
2828,10,692,69.2
2829,8,686,85.8
2830,9,692,76.9
2831,8,704,88.0
2832,11,722,65.6
2833,8,725,90.6
2834,8,725,90.6
2835,7,755,107.9
2836,12,779,64.9
2837,8,729,91.1
2838,10,746,74.6
2839,10,756,75.6
2840,13,792,60.9
2841,12,783,65.2
2842,8,756,94.5
2843,11,749,68.1
2844,4,741,185.2
2845,8,744,93.0
2846,10,752,75.2
2847,7,758,108.3
2848,6,714,119.0
2849,10,733,73.3
2850,10,765,76.5
2851,10,771,77.1
2852,11,775,70.5
2853,7,781,111.6
2854,5,768,153.6
2855,6,735,122.5
2856,7,761,108.7
2857,6,753,125.5
2858,9,788,87.6
2859,8,771,96.4
2860,6,761,126.8
2861,9,779,86.6
2862,13,793,61.0
2863,8,772,96.5
2864,9,779,86.6
2865,11,765,69.5
2866,12,754,62.8
2867,12,746,62.2
2868,8,742,92.8
2869,11,732,66.5
2870,5,743,148.6
2871,5,744,148.8
2872,9,769,85.4
2873,6,753,125.5
2874,6,744,124.0
2875,8,741,92.6
2876,8,760,95.0
2877,7,774,110.6
2878,7,757,108.1
2879,6,772,128.7
2880,6,788,131.3
2881,8,792,99.0
2882,6,785,130.8
2883,8,758,94.8
2884,4,765,191.2
2885,6,752,125.3
2886,9,762,84.7
2887,14,753,53.8
2888,10,736,73.6
2889,12,737,61.4
2890,13,746,57.4
2891,10,729,72.9
2892,12,728,60.7
2893,7,699,99.9
2894,7,716,102.3
2895,10,741,74.1
2896,7,733,104.7
2897,14,730,52.1
2898,11,744,67.6
2899,12,736,61.3
2900,11,728,66.2
2901,8,736,92.0
2902,9,741,82.3
2903,8,731,91.4
2904,5,763,152.6
2905,8,765,95.6
2906,7,749,107.0
2907,7,764,109.1
2908,7,761,108.7
2909,10,746,74.6
2910,7,746,106.6
2911,6,718,119.7
2912,7,724,103.4
2913,8,736,92.0
2914,5,729,145.8
2915,10,741,74.1
2916,8,719,89.9
2917,12,727,60.6
2918,7,701,100.1
2919,11,704,64.0
2920,9,715,79.4
2921,10,728,72.8
2922,8,734,91.8
2923,7,748,106.9
2924,12,760,63.3
2925,14,764,54.6
2926,8,745,93.1
2927,12,742,61.8
2928,7,780,111.4
2929,8,767,95.9
2930,11,771,70.1
2931,8,746,93.2
2932,10,769,76.9
2933,9,767,85.2
2934,9,751,83.4
2935,5,759,151.8
2936,8,779,97.4
2937,11,757,68.8
2938,9,758,84.2
2939,9,726,80.7
2940,11,734,66.7
2941,13,737,56.7
2942,11,745,67.7
2943,10,743,74.3
2944,5,766,153.2
2945,6,737,122.8
2946,9,759,84.3
2947,5,753,150.6
2948,9,760,84.4
2949,6,754,125.7
2950,5,732,146.4
2951,8,765,95.6
2952,8,776,97.0
2953,6,773,128.8
2954,6,772,128.7
2955,5,755,151.0
2956,9,729,81.0
2957,6,741,123.5
2958,8,742,92.8
2959,9,749,83.2
2960,8,735,91.9
2961,9,725,80.6
2962,11,755,68.6
2963,8,716,89.5
2964,5,744,148.8
2965,6,750,125.0
2966,8,760,95.0
2967,6,784,130.7
2968,11,767,69.7
2969,11,769,69.9
2970,9,749,83.2
2971,4,748,187.0
2972,8,740,92.5
2973,7,758,108.3
2974,7,753,107.6
2975,8,753,94.1
2976,5,768,153.6
2977,9,754,83.8
2978,10,757,75.7
2979,8,744,93.0
2980,10,761,76.1
2981,9,752,83.6
2982,11,744,67.6
2983,6,766,127.7
2984,11,753,68.5
2985,11,741,67.4
2986,7,736,105.1
2987,10,740,74.0
2988,11,733,66.6
2989,9,743,82.6
2990,10,748,74.8
2991,12,745,62.1
2992,10,732,73.2
2993,12,717,59.8
2994,8,692,86.5
2995,9,706,78.4
2996,11,736,66.9
2997,8,711,88.9
2998,10,724,72.4
2999,13,722,55.5
3000,13,715,55.0
3001,10,711,71.1
3002,9,719,79.9
3003,12,726,60.5
3004,8,724,90.5
3005,12,749,62.4
3006,10,693,69.3
3007,11,744,67.6
3008,8,766,95.8
3009,8,736,92.0
3010,9,728,80.9
3011,7,732,104.6
3012,10,735,73.5
3013,7,747,106.7
3014,11,763,69.4
3015,6,720,120.0
3016,9,741,82.3
3017,7,758,108.3
3018,8,733,91.6
3019,9,711,79.0
3020,9,733,81.4
3021,9,724,80.4
3022,6,715,119.2
3023,9,691,76.8
3024,6,661,110.2
3025,8,694,86.8
3026,5,675,135.0
3027,9,706,78.4
3028,8,720,90.0
3029,10,688,68.8
3030,14,702,50.1
3031,10,699,69.9
3032,9,699,77.7
3033,11,723,65.7
3034,8,699,87.4
3035,10,694,69.4
3036,13,733,56.4
3037,10,717,71.7
3038,8,689,86.1
3039,8,690,86.2
3040,13,709,54.5
3041,10,721,72.1
3042,8,751,93.9
3043,9,733,81.4
3044,6,722,120.3
3045,8,743,92.9
3046,10,730,73.0
3047,15,764,50.9
3048,9,747,83.0
3049,9,737,81.9
3050,8,746,93.2
3051,7,729,104.1
3052,7,731,104.4
3053,7,734,104.9
3054,7,729,104.1
3055,7,727,103.9
3056,6,711,118.5
3057,4,707,176.8
3058,5,720,144.0
3059,8,706,88.2
3060,6,701,116.8
3061,14,729,52.1
3062,7,713,101.9
3063,11,743,67.5
3064,8,727,90.9
3065,7,734,104.9
3066,10,706,70.6
3067,10,727,72.7
3068,9,726,80.7
3069,7,733,104.7
3070,4,733,183.2
3071,7,726,103.7
3072,7,753,107.6
3073,8,747,93.4
3074,10,759,75.9
3075,9,750,83.3
3076,9,737,81.9
3077,6,750,125.0
3078,10,760,76.0
3079,9,770,85.6
3080,12,715,59.6
3081,11,745,67.7
3082,8,744,93.0
3083,11,741,67.4
3084,10,741,74.1
3085,9,729,81.0
3086,11,696,63.3
3087,10,725,72.5
3088,11,730,66.4
3089,8,705,88.1
3090,11,722,65.6
3091,10,728,72.8
3092,10,720,72.0
3093,7,728,104.0
3094,12,748,62.3
3095,9,746,82.9
3096,10,742,74.2
3097,8,726,90.8
3098,9,707,78.6
3099,12,749,62.4
3100,9,741,82.3
3101,6,697,116.2
3102,9,710,78.9
3103,13,727,55.9
3104,15,728,48.5
3105,14,729,52.1
3106,9,708,78.7
3107,10,732,73.2
3108,11,732,66.5
3109,9,700,77.8
3110,12,716,59.7
3111,9,711,79.0
3112,9,735,81.7
3113,8,720,90.0
3114,5,688,137.6
3115,6,742,123.7
3116,5,703,140.6
3117,8,715,89.4
3118,8,723,90.4
3119,9,735,81.7
3120,9,730,81.1
3121,10,725,72.5
3122,7,727,103.9
3123,6,708,118.0
3124,10,716,71.6
3125,15,754,50.3
3126,7,727,103.9
3127,8,741,92.6
3128,9,730,81.1
3129,9,764,84.9
3130,14,770,55.0
3131,11,708,64.4
3132,8,760,95.0
3133,10,736,73.6
3134,9,716,79.6
3135,12,748,62.3
3136,11,719,65.4
3137,9,754,83.8
3138,14,751,53.6
3139,11,739,67.2
3140,11,770,70.0
3141,12,759,63.2
3142,9,752,83.6
3143,17,760,44.7
3144,13,732,56.3
3145,13,729,56.1
3146,14,727,51.9
3147,11,730,66.4
3148,16,741,46.3
3149,13,739,56.8
3150,16,743,46.4
3151,13,733,56.4
3152,16,742,46.4
3153,16,741,46.3
3154,13,750,57.7
3155,8,740,92.5
3156,9,737,81.9
3157,12,758,63.2
3158,10,754,75.4
3159,10,736,73.6
3160,9,737,81.9
3161,9,769,85.4
3162,9,748,83.1
3163,12,738,61.5
3164,12,718,59.8
3165,9,726,80.7
3166,8,710,88.8
3167,10,732,73.2
3168,9,723,80.3
3169,7,731,104.4
3170,14,749,53.5
3171,8,732,91.5
3172,11,718,65.3
3173,10,730,73.0
3174,7,724,103.4
3175,7,715,102.1
3176,11,724,65.8
3177,9,728,80.9
3178,9,712,79.1
3179,8,748,93.5
3180,8,724,90.5
3181,10,757,75.7
3182,10,738,73.8
3183,10,740,74.0
3184,10,723,72.3
3185,10,727,72.7
3186,11,734,66.7
3187,14,726,51.9
3188,18,724,40.2
3189,14,719,51.4
3190,9,705,78.3
3191,11,700,63.6
3192,9,734,81.6
3193,6,699,116.5
3194,10,703,70.3
3195,11,695,63.2
3196,14,675,48.2
3197,17,698,41.1
3198,10,686,68.6
3199,11,706,64.2
3200,11,680,61.8
3201,15,660,44.0
3202,17,675,39.7
3203,19,672,35.4
3204,12,688,57.3
3205,10,680,68.0
3206,14,693,49.5
3207,12,689,57.4
3208,8,688,86.0
3209,12,694,57.8
3210,11,688,62.5
3211,10,672,67.2
3212,13,685,52.7
3213,14,695,49.6
3214,16,685,42.8
3215,12,683,56.9
3216,8,700,87.5
3217,16,700,43.8
3218,10,696,69.6
3219,12,680,56.7
3220,13,687,52.8
3221,11,704,64.0
3222,11,690,62.7
3223,10,694,69.4
3224,11,714,64.9
3225,9,693,77.0
3226,13,691,53.2
3227,10,655,65.5
3228,9,647,71.9
3229,9,686,76.2
3230,10,664,66.4
3231,13,666,51.2
3232,7,667,95.3
3233,8,686,85.8
3234,9,699,77.7
3235,13,681,52.4
3236,9,669,74.3
3237,13,670,51.5
3238,14,660,47.1
3239,11,669,60.8
3240,7,659,94.1
3241,10,646,64.6
3242,8,677,84.6
3243,6,673,112.2
3244,7,705,100.7
3245,7,680,97.1
3246,11,713,64.8
3247,12,705,58.8
3248,7,691,98.7
3249,12,710,59.2
3250,11,697,63.4
3251,8,711,88.9
3252,10,705,70.5
3253,12,751,62.6
3254,10,739,73.9
3255,8,737,92.1
3256,10,721,72.1
3257,9,713,79.2
3258,16,730,45.6
3259,7,683,97.6
3260,9,706,78.4
3261,16,719,44.9
3262,8,725,90.6
3263,8,730,91.2
3264,9,740,82.2
3265,11,753,68.5
3266,8,732,91.5
3267,9,739,82.1
3268,7,726,103.7
3269,6,704,117.3
3270,5,718,143.6
3271,7,699,99.9
3272,6,701,116.8
3273,8,721,90.1
3274,8,711,88.9
3275,7,706,100.9
3276,6,696,116.0
3277,7,697,99.6
3278,6,713,118.8
3279,6,722,120.3
3280,7,708,101.1
3281,8,732,91.5
3282,7,721,103.0
3283,9,732,81.3
3284,6,697,116.2
3285,5,697,139.4
3286,9,703,78.1
3287,5,690,138.0
3288,10,708,70.8
3289,10,693,69.3
3290,7,676,96.6
3291,8,681,85.1
3292,9,704,78.2
3293,9,704,78.2
3294,5,676,135.2
3295,8,717,89.6
3296,12,732,61.0
3297,12,712,59.3
3298,10,707,70.7
3299,14,724,51.7
3300,6,708,118.0
3301,7,716,102.3
3302,10,706,70.6
3303,13,707,54.4
3304,6,702,117.0
3305,11,722,65.6
3306,14,718,51.3
3307,8,677,84.6
3308,3,679,226.3
3309,6,682,113.7
3310,4,691,172.8
3311,7,686,98.0
3312,8,694,86.8
3313,7,696,99.4
3314,6,718,119.7
3315,7,721,103.0
3316,6,739,123.2
3317,11,734,66.7
3318,9,729,81.0
3319,8,727,90.9
3320,13,734,56.5
3321,12,722,60.2
3322,9,740,82.2
3323,11,751,68.3
3324,10,721,72.1
3325,13,723,55.6
3326,9,719,79.9
3327,8,708,88.5
3328,6,727,121.2
3329,8,735,91.9
3330,8,740,92.5
3331,6,703,117.2
3332,6,722,120.3
3333,5,694,138.8
3334,7,716,102.3
3335,6,717,119.5
3336,8,711,88.9
3337,8,710,88.8
3338,9,730,81.1
3339,10,723,72.3
3340,9,696,77.3
3341,8,736,92.0
3342,9,736,81.8
3343,10,722,72.2
3344,8,722,90.2
3345,10,716,71.6
3346,7,731,104.4
3347,11,733,66.6
3348,7,743,106.1
3349,9,770,85.6
3350,8,755,94.4
3351,6,744,124.0
3352,6,765,127.5
3353,8,774,96.8
3354,10,769,76.9
3355,6,753,125.5
3356,7,757,108.1
3357,6,750,125.0
3358,11,745,67.7
3359,9,737,81.9
3360,8,739,92.4
3361,5,739,147.8
3362,8,754,94.2
3363,6,768,128.0
3364,10,707,70.7
3365,12,739,61.6
3366,6,738,123.0
3367,15,752,50.1
3368,9,777,86.3
3369,10,750,75.0
3370,10,740,74.0
3371,10,730,73.0
3372,8,724,90.5
3373,12,760,63.3
3374,14,776,55.4
3375,11,778,70.7
3376,8,758,94.8
3377,9,738,82.0
3378,12,748,62.3
3379,9,756,84.0
3380,12,744,62.0
3381,5,744,148.8
3382,6,722,120.3
3383,4,748,187.0
3384,8,740,92.5
3385,7,745,106.4
3386,8,753,94.1
3387,7,751,107.3
3388,9,755,83.9
3389,10,725,72.5
3390,12,753,62.8
3391,9,762,84.7
3392,10,754,75.4
3393,7,729,104.1
3394,7,760,108.6
3395,6,736,122.7
3396,9,733,81.4
3397,6,717,119.5
3398,10,702,70.2
3399,10,712,71.2
3400,8,712,89.0
3401,9,720,80.0
3402,7,735,105.0
3403,9,763,84.8
3404,7,736,105.1
3405,10,735,73.5
3406,10,732,73.2
3407,6,726,121.0
3408,12,712,59.3
3409,9,692,76.9
3410,12,691,57.6
3411,11,718,65.3
3412,6,702,117.0
3413,9,698,77.6
3414,11,709,64.5
3415,10,684,68.4
3416,6,686,114.3
3417,7,722,103.1
3418,9,718,79.8
3419,7,725,103.6
3420,8,748,93.5
3421,9,741,82.3
3422,10,755,75.5
3423,8,731,91.4
3424,8,728,91.0
3425,12,716,59.7
3426,13,718,55.2
3427,10,715,71.5
3428,10,750,75.0
3429,11,741,67.4
3430,8,739,92.4
3431,9,712,79.1
3432,8,706,88.2
3433,7,679,97.0
3434,11,703,63.9
3435,6,722,120.3
3436,10,712,71.2
3437,14,745,53.2
3438,8,730,91.2
3439,9,711,79.0
3440,13,748,57.5
3441,11,736,66.9
3442,12,746,62.2
3443,10,767,76.7
3444,10,750,75.0
3445,11,737,67.0
3446,9,755,83.9
3447,10,750,75.0
3448,10,743,74.3
3449,13,749,57.6
3450,12,768,64.0
3451,9,742,82.4
3452,11,754,68.5
3453,13,754,58.0
3454,10,776,77.6
3455,11,768,69.8
3456,10,775,77.5
3457,12,770,64.2
3458,12,753,62.8
3459,16,781,48.8
3460,12,735,61.2
3461,14,759,54.2
3462,11,746,67.8
3463,10,770,77.0
3464,10,753,75.3
3465,8,779,97.4
3466,12,772,64.3
3467,8,763,95.4
3468,7,793,113.3
3469,9,782,86.9
3470,8,769,96.1
3471,11,779,70.8
3472,10,782,78.2
3473,8,766,95.8
3474,10,768,76.8
3475,11,752,68.4
3476,11,761,69.2
3477,10,756,75.6
3478,10,709,70.9
3479,7,700,100.0
3480,9,734,81.6
3481,10,751,75.1
3482,10,760,76.0
3483,14,765,54.6
3484,7,777,111.0
3485,12,770,64.2
3486,12,755,62.9
3487,7,750,107.1
3488,12,772,64.3
3489,6,764,127.3
3490,12,775,64.6
3491,8,767,95.9
3492,8,770,96.2
3493,8,779,97.4
3494,7,777,111.0
3495,7,753,107.6
3496,13,816,62.8
3497,8,801,100.1
3498,14,810,57.9
3499,14,808,57.7
3500,15,782,52.1
3501,10,775,77.5
3502,13,767,59.0
3503,10,752,75.2
3504,12,768,64.0
3505,14,799,57.1
3506,6,778,129.7
3507,8,792,99.0
3508,12,771,64.2
3509,5,757,151.4
3510,7,782,111.7
3511,8,767,95.9
3512,10,770,77.0
3513,8,776,97.0
3514,7,768,109.7
3515,5,740,148.0
3516,12,752,62.7
3517,9,768,85.3
3518,10,777,77.7
3519,7,775,110.7
3520,11,778,70.7
3521,8,751,93.9
3522,9,752,83.6
3523,9,729,81.0
3524,9,743,82.6
3525,11,740,67.3
3526,7,750,107.1
3527,6,737,122.8
3528,7,755,107.9
3529,8,740,92.5
3530,8,757,94.6
3531,10,738,73.8
3532,6,743,123.8
3533,8,750,93.8
3534,8,759,94.9
3535,13,766,58.9
3536,8,744,93.0
3537,6,752,125.3
3538,9,740,82.2
3539,15,762,50.8
3540,9,743,82.6
3541,8,724,90.5
3542,11,731,66.5
3543,11,718,65.3
3544,10,721,72.1
3545,11,727,66.1
3546,10,731,73.1
3547,11,704,64.0
3548,9,709,78.8
3549,12,731,60.9
3550,11,734,66.7
3551,13,717,55.2
3552,7,717,102.4
3553,13,720,55.4
3554,12,726,60.5
3555,8,739,92.4
3556,9,760,84.4
3557,9,740,82.2
3558,8,715,89.4
3559,8,744,93.0
3560,12,735,61.2
3561,11,741,67.4
3562,5,719,143.8
3563,7,734,104.9
3564,13,724,55.7
3565,11,750,68.2
3566,10,742,74.2
3567,7,725,103.6
3568,12,738,61.5
3569,11,722,65.6
3570,7,698,99.7
3571,11,702,63.8
3572,11,714,64.9
3573,10,708,70.8
3574,10,711,71.1
3575,10,706,70.6
3576,12,729,60.8
3577,13,686,52.8
3578,7,696,99.4
3579,11,705,64.1
3580,8,703,87.9
3581,10,731,73.1
3582,8,727,90.9
3583,10,727,72.7
3584,13,726,55.8
3585,12,696,58.0
3586,7,696,99.4
3587,10,695,69.5
3588,10,706,70.6
3589,11,731,66.5
3590,15,744,49.6
3591,18,740,41.1
3592,17,719,42.3
3593,9,713,79.2
3594,12,730,60.8
3595,12,708,59.0
3596,9,720,80.0
3597,18,727,40.4
3598,15,723,48.2
3599,14,729,52.1
3600,17,712,41.9
3601,13,738,56.8
3602,10,709,70.9
3603,15,730,48.7
3604,13,697,53.6
3605,19,731,38.5
3606,12,707,58.9
3607,9,677,75.2
3608,11,680,61.8
3609,9,681,75.7
3610,8,688,86.0
3611,9,718,79.8
3612,5,706,141.2
3613,8,703,87.9
3614,11,726,66.0
3615,15,739,49.3
3616,9,726,80.7
3617,10,742,74.2
3618,11,730,66.4
3619,11,722,65.6
3620,9,734,81.6
3621,12,744,62.0
3622,9,756,84.0
3623,13,761,58.5
3624,13,753,57.9
3625,10,749,74.9
3626,12,727,60.6
3627,10,747,74.7
3628,11,728,66.2
3629,11,765,69.5
3630,10,774,77.4
3631,12,758,63.2
3632,11,746,67.8
3633,14,754,53.9
3634,10,735,73.5
3635,12,725,60.4
3636,9,748,83.1
3637,13,748,57.5
3638,9,763,84.8
3639,12,762,63.5
3640,12,773,64.4
3641,12,751,62.6
3642,8,782,97.8
3643,7,755,107.9
3644,11,777,70.6
3645,9,756,84.0
3646,12,751,62.6
3647,11,746,67.8
3648,11,728,66.2
3649,8,716,89.5
3650,12,771,64.2
3651,12,746,62.2
3652,10,745,74.5
3653,6,753,125.5
3654,5,754,150.8
3655,5,763,152.6
3656,5,763,152.6
3657,4,776,194.0
3658,5,766,153.2
3659,6,783,130.5
3660,7,798,114.0
3661,8,790,98.8
3662,9,802,89.1
3663,6,790,131.7
3664,3,808,269.3
3665,4,779,194.8
3666,6,768,128.0
3667,7,753,107.6
3668,7,769,109.9
3669,8,787,98.4
3670,4,786,196.5
3671,9,785,87.2
3672,7,789,112.7
3673,7,779,111.3
3674,8,771,96.4
3675,5,775,155.0
3676,11,764,69.5
3677,7,760,108.6
3678,6,763,127.2
3679,7,765,109.3
3680,7,769,109.9
3681,7,745,106.4
3682,7,744,106.3
3683,5,724,144.8
3684,4,735,183.8
3685,7,715,102.1
3686,7,732,104.6
3687,3,737,245.7
3688,3,756,252.0
3689,4,751,187.8
3690,3,782,260.7
3691,6,782,130.3
3692,1,765,765.0
3693,4,794,198.5
3694,3,766,255.3
3695,6,784,130.7
3696,7,774,110.6
3697,2,757,378.5
3698,5,774,154.8
3699,3,781,260.3
3700,4,781,195.2
3701,3,796,265.3
3702,7,812,116.0
3703,4,790,197.5
3704,4,784,196.0
3705,2,779,389.5
3706,3,799,266.3
3707,3,809,269.7
3708,8,805,100.6
3709,3,798,266.0
3710,3,815,271.7
3711,2,814,407.0
3712,1,790,790.0
3713,4,781,195.2
3714,5,800,160.0
3715,4,815,203.8
3716,3,777,259.0
3717,1,808,808.0
3718,3,792,264.0
3719,4,796,199.0
3720,3,773,257.7
3721,7,771,110.1
3722,6,761,126.8
3723,11,781,71.0
3724,8,762,95.2
3725,9,762,84.7
3726,7,764,109.1
3727,7,763,109.0
3728,6,769,128.2
3729,5,752,150.4
3730,8,747,93.4
3731,7,738,105.4
3732,7,732,104.6
3733,10,750,75.0
3734,6,746,124.3
3735,12,760,63.3
3736,13,744,57.2
3737,5,740,148.0
3738,9,775,86.1
3739,7,734,104.9
3740,6,713,118.8
3741,7,724,103.4
3742,8,739,92.4
3743,6,745,124.2
3744,8,770,96.2
3745,9,739,82.1
3746,13,744,57.2
3747,7,719,102.7
3748,10,716,71.6
3749,10,743,74.3
3750,10,742,74.2
3751,8,738,92.2
3752,6,754,125.7
3753,8,741,92.6
3754,11,743,67.5
3755,10,736,73.6
3756,7,764,109.1
3757,8,750,93.8
3758,11,761,69.2
3759,9,740,82.2
3760,9,756,84.0
3761,13,782,60.2
3762,9,771,85.7
3763,10,746,74.6
3764,5,753,150.6
3765,3,759,253.0
3766,4,751,187.8
3767,6,751,125.2
3768,7,745,106.4
3769,6,742,123.7
3770,7,751,107.3
3771,5,765,153.0
3772,10,772,77.2
3773,11,771,70.1
3774,9,770,85.6
3775,5,752,150.4
3776,6,770,128.3
3777,6,782,130.3
3778,7,802,114.6
3779,6,777,129.5
3780,9,776,86.2
3781,9,778,86.4
3782,10,772,77.2
3783,9,771,85.7
3784,9,768,85.3
3785,6,793,132.2
3786,10,789,78.9
3787,7,780,111.4
3788,6,765,127.5
3789,7,795,113.6
3790,8,793,99.1
3791,6,785,130.8
3792,7,779,111.3
3793,5,789,157.8
3794,8,809,101.1
3795,5,804,160.8
3796,6,794,132.3
3797,7,815,116.4
3798,4,810,202.5
3799,5,825,165.0
3800,6,805,134.2
3801,9,795,88.3
3802,6,776,129.3
3803,11,777,70.6
3804,8,785,98.1
3805,9,795,88.3
3806,10,780,78.0
3807,15,793,52.9
3808,10,791,79.1
3809,6,788,131.3
3810,8,789,98.6
3811,13,803,61.8
3812,6,790,131.7
3813,10,799,79.9
3814,5,771,154.2
3815,7,782,111.7
3816,11,809,73.5
3817,7,788,112.6
3818,9,779,86.6
3819,10,787,78.7
3820,7,769,109.9
3821,8,780,97.5
3822,11,788,71.6
3823,9,798,88.7
3824,6,789,131.5
3825,7,799,114.1
3826,7,793,113.3
3827,7,796,113.7
3828,6,806,134.3
3829,9,773,85.9
3830,5,788,157.6
3831,5,780,156.0
3832,6,801,133.5
3833,5,779,155.8
3834,9,790,87.8
3835,4,760,190.0
3836,5,751,150.2
3837,4,740,185.0
3838,8,755,94.4
3839,9,753,83.7
3840,5,768,153.6
3841,7,767,109.6
3842,4,766,191.5
3843,7,786,112.3
3844,5,789,157.8
3845,6,784,130.7
3846,5,778,155.6
3847,8,768,96.0
3848,8,752,94.0
3849,6,759,126.5
3850,7,779,111.3
3851,8,758,94.8
3852,6,769,128.2
3853,5,765,153.0
3854,8,793,99.1
3855,7,800,114.3
3856,4,796,199.0
3857,4,789,197.2
3858,4,804,201.0
3859,3,789,263.0
3860,8,806,100.8
3861,5,824,164.8
3862,6,821,136.8
3863,4,794,198.5
3864,4,789,197.2
3865,4,780,195.0
3866,5,789,157.8
3867,6,801,133.5
3868,4,803,200.8
3869,6,798,133.0
3870,4,816,204.0
3871,5,804,160.8
3872,9,809,89.9
3873,11,808,73.5
3874,4,809,202.2
3875,6,785,130.8
3876,8,768,96.0
3877,7,771,110.1
3878,7,788,112.6
3879,11,796,72.4
3880,7,801,114.4
3881,7,814,116.3
3882,8,820,102.5
3883,6,807,134.5
3884,7,783,111.9
3885,4,795,198.8
3886,5,790,158.0
3887,6,792,132.0
3888,2,791,395.5
3889,5,791,158.2
3890,8,783,97.9
3891,8,804,100.5
3892,5,783,156.6
3893,5,797,159.4
3894,4,799,199.8
3895,5,787,157.4
3896,4,813,203.2
3897,6,787,131.2
3898,8,821,102.6
3899,7,800,114.3
3900,8,804,100.5
3901,6,814,135.7
3902,4,795,198.8
3903,8,804,100.5
3904,6,823,137.2
3905,8,828,103.5
3906,8,821,102.6
3907,8,809,101.1
3908,7,811,115.9
3909,10,823,82.3
3910,9,812,90.2
3911,9,802,89.1
3912,7,802,114.6
3913,4,811,202.8
3914,9,819,91.0
3915,5,817,163.4
3916,10,805,80.5
3917,9,820,91.1
3918,11,820,74.5
3919,8,817,102.1
3920,8,818,102.2
3921,6,806,134.3
3922,9,818,90.9
3923,7,795,113.6
3924,7,800,114.3
3925,8,812,101.5
3926,6,821,136.8
3927,9,814,90.4
3928,6,812,135.3
3929,4,829,207.2
3930,8,799,99.9
3931,5,822,164.4
3932,8,811,101.4
3933,8,799,99.9
3934,9,799,88.8
3935,7,795,113.6
3936,11,788,71.6
3937,7,773,110.4
3938,6,780,130.0
3939,8,798,99.8
3940,8,778,97.2
3941,9,794,88.2
3942,10,784,78.4
3943,9,795,88.3
3944,5,794,158.8
3945,14,807,57.6
3946,10,790,79.0
3947,6,784,130.7
3948,5,809,161.8
3949,8,779,97.4
3950,8,774,96.8
3951,7,768,109.7
3952,10,775,77.5
3953,7,780,111.4
3954,6,783,130.5
3955,5,799,159.8
3956,7,803,114.7
3957,6,795,132.5
3958,5,788,157.6
3959,6,802,133.7
3960,7,811,115.9
3961,7,793,113.3
3962,5,804,160.8
3963,8,814,101.8
3964,7,793,113.3
3965,8,786,98.2
3966,4,780,195.0
3967,6,803,133.8
3968,5,781,156.2
3969,4,744,186.0
3970,7,777,111.0
3971,8,787,98.4
3972,12,789,65.8
3973,11,807,73.4
3974,14,801,57.2
3975,9,786,87.3
3976,8,781,97.6
3977,6,768,128.0
3978,7,774,110.6
3979,9,801,89.0
3980,10,793,79.3
3981,8,818,102.2
3982,12,805,67.1
3983,7,800,114.3
3984,13,799,61.5
3985,7,799,114.1
3986,10,779,77.9
3987,9,774,86.0
3988,9,753,83.7
3989,8,773,96.6
3990,7,761,108.7
3991,10,765,76.5
3992,8,765,95.6
3993,12,767,63.9
3994,9,736,81.8
3995,7,761,108.7
3996,8,736,92.0
3997,13,731,56.2
3998,10,727,72.7
3999,10,713,71.3
4000,8,698,87.2
4001,10,711,71.1
4002,12,718,59.8
4003,12,725,60.4
4004,14,748,53.4
4005,11,716,65.1
4006,9,715,79.4
4007,7,719,102.7
4008,12,742,61.8
4009,8,707,88.4
4010,12,738,61.5
4011,15,755,50.3
4012,14,733,52.4
4013,12,721,60.1
4014,13,709,54.5
4015,13,733,56.4
4016,10,738,73.8
4017,12,744,62.0
4018,10,718,71.8
4019,13,725,55.8
4020,12,717,59.8
4021,15,727,48.5
4022,14,732,52.3
4023,12,708,59.0
4024,10,688,68.8
4025,13,724,55.7
4026,9,716,79.6
4027,12,753,62.8
4028,13,754,58.0
4029,10,731,73.1
4030,8,726,90.8
4031,10,717,71.7
4032,11,723,65.7
4033,11,732,66.5
4034,7,724,103.4
4035,10,750,75.0
4036,9,742,82.4
4037,8,727,90.9
4038,7,727,103.9
4039,10,735,73.5
4040,10,747,74.7
4041,10,751,75.1
4042,9,745,82.8
4043,9,751,83.4
4044,8,739,92.4
4045,10,706,70.6
4046,8,701,87.6
4047,6,709,118.2
4048,9,730,81.1
4049,8,750,93.8
4050,8,724,90.5
4051,12,725,60.4
4052,10,726,72.6
4053,7,736,105.1
4054,12,737,61.4
4055,8,725,90.6
4056,5,735,147.0
4057,11,742,67.5
4058,8,730,91.2
4059,4,707,176.8
4060,4,750,187.5
4061,7,734,104.9
4062,3,737,245.7
4063,4,705,176.2
4064,7,699,99.9
4065,7,724,103.4
4066,4,722,180.5
4067,8,711,88.9
4068,10,731,73.1
4069,18,740,41.1
4070,13,740,56.9
4071,12,730,60.8
4072,10,751,75.1
4073,11,724,65.8
4074,9,744,82.7
4075,9,735,81.7
4076,8,716,89.5
4077,9,723,80.3
4078,8,733,91.6
4079,9,727,80.8
4080,10,730,73.0
4081,11,733,66.6
4082,14,725,51.8
4083,17,725,42.6
4084,13,724,55.7
4085,10,746,74.6
4086,9,719,79.9
4087,8,710,88.8
4088,6,697,116.2
4089,5,716,143.2
4090,11,752,68.4
4091,7,707,101.0
4092,6,718,119.7
4093,12,770,64.2
4094,8,761,95.1
4095,8,749,93.6
4096,10,741,74.1
4097,5,737,147.4
4098,4,743,185.8
4099,7,767,109.6
4100,8,766,95.8
4101,9,769,85.4
4102,6,751,125.2
4103,7,752,107.4
4104,9,780,86.7
4105,8,727,90.9
4106,5,750,150.0
4107,5,796,159.2
4108,11,803,73.0
4109,7,755,107.9
4110,9,749,83.2
4111,6,766,127.7
4112,9,773,85.9
4113,8,762,95.2
4114,7,771,110.1
4115,7,746,106.6
4116,7,760,108.6
4117,7,758,108.3
4118,8,775,96.9
4119,8,776,97.0
4120,9,790,87.8
4121,7,794,113.4
4122,6,785,130.8
4123,5,784,156.8
4124,7,765,109.3
4125,3,766,255.3
4126,8,753,94.1
4127,6,736,122.7
4128,7,765,109.3
4129,10,777,77.7
4130,8,753,94.1
4131,8,746,93.2
4132,6,753,125.5
4133,6,773,128.8
4134,7,801,114.4
4135,7,771,110.1
4136,5,759,151.8
4137,8,782,97.8
4138,7,783,111.9
4139,9,767,85.2
4140,8,788,98.5
4141,9,761,84.6
4142,8,778,97.2
4143,8,772,96.5
4144,9,784,87.1
4145,6,749,124.8
4146,7,761,108.7
4147,11,794,72.2
4148,10,777,77.7
4149,12,803,66.9
4150,6,769,128.2
4151,8,786,98.2
4152,8,770,96.2
4153,8,768,96.0
4154,7,784,112.0
4155,5,770,154.0
4156,6,776,129.3
4157,5,782,156.4
4158,5,794,158.8
4159,6,785,130.8
4160,5,788,157.6
4161,4,787,196.8
4162,6,799,133.2
4163,8,798,99.8
4164,5,778,155.6
4165,6,792,132.0
4166,8,795,99.4
4167,8,811,101.4
4168,6,785,130.8
4169,6,791,131.8
4170,10,777,77.7
4171,5,770,154.0
4172,7,805,115.0
4173,6,796,132.7
4174,7,770,110.0
4175,9,781,86.8
4176,12,802,66.8
4177,8,785,98.1
4178,11,811,73.7
4179,9,809,89.9
4180,5,823,164.6
4181,6,825,137.5
4182,6,822,137.0
4183,7,792,113.1
4184,9,811,90.1
4185,7,797,113.9
4186,10,779,77.9
4187,8,787,98.4
4188,14,775,55.4
4189,12,779,64.9
4190,6,780,130.0
4191,6,792,132.0
4192,9,793,88.1
4193,8,790,98.8
4194,10,781,78.1
4195,9,787,87.4
4196,8,789,98.6
4197,8,783,97.9
4198,10,802,80.2
4199,12,792,66.0
4200,9,811,90.1
4201,12,773,64.4
4202,9,777,86.3
4203,11,787,71.5
4204,7,801,114.4
4205,11,788,71.6
4206,8,794,99.2
4207,7,792,113.1
4208,8,794,99.2
4209,9,738,82.0
4210,10,750,75.0
4211,6,743,123.8
4212,10,748,74.8
4213,11,735,66.8
4214,13,774,59.5
4215,10,777,77.7
4216,10,766,76.6
4217,8,734,91.8
4218,11,758,68.9
4219,11,759,69.0
4220,11,753,68.5
4221,12,759,63.2
4222,13,770,59.2
4223,8,773,96.6
4224,7,763,109.0
4225,10,770,77.0
4226,9,768,85.3
4227,10,773,77.3
4228,10,765,76.5
4229,9,767,85.2
4230,10,776,77.6
4231,10,756,75.6
4232,13,773,59.5
4233,7,749,107.0
4234,7,751,107.3
4235,7,757,108.1
4236,7,727,103.9
4237,9,746,82.9
4238,8,730,91.2
4239,10,718,71.8
4240,8,727,90.9
4241,9,722,80.2
4242,10,737,73.7
4243,7,737,105.3
4244,7,748,106.9
4245,7,745,106.4
4246,7,761,108.7
4247,6,753,125.5
4248,7,757,108.1
4249,5,749,149.8
4250,9,769,85.4
4251,7,767,109.6
4252,9,771,85.7
4253,7,761,108.7
4254,4,754,188.5
4255,7,749,107.0
4256,7,755,107.9
4257,6,747,124.5
4258,7,751,107.3
4259,9,757,84.1
4260,8,727,90.9
4261,8,732,91.5
4262,8,735,91.9
4263,7,730,104.3
4264,9,730,81.1
4265,8,755,94.4
4266,12,752,62.7
4267,9,740,82.2
4268,10,760,76.0
4269,13,777,59.8
4270,16,765,47.8
4271,8,764,95.5
4272,12,788,65.7
4273,11,760,69.1
4274,10,773,77.3
4275,11,761,69.2
4276,9,778,86.4
4277,9,772,85.8
4278,10,770,77.0
4279,11,801,72.8
4280,8,780,97.5
4281,9,778,86.4
4282,9,784,87.1
4283,10,777,77.7
4284,8,749,93.6
4285,8,775,96.9
4286,10,749,74.9
4287,11,768,69.8
4288,8,773,96.6
4289,5,768,153.6
4290,6,767,127.8
4291,10,765,76.5
4292,8,752,94.0
4293,8,774,96.8
4294,5,747,149.4
4295,8,746,93.2
4296,5,752,150.4
4297,6,751,125.2
4298,7,758,108.3
4299,7,781,111.6
4300,5,789,157.8
4301,6,811,135.2
4302,3,808,269.3
4303,5,788,157.6
4304,5,789,157.8
4305,4,782,195.5
4306,2,806,403.0
4307,2,795,397.5
4308,4,790,197.5
4309,3,803,267.7
4310,4,804,201.0
4311,4,819,204.8
4312,2,808,404.0
4313,2,810,405.0
4314,4,813,203.2
4315,2,798,399.0
4316,3,815,271.7
4317,6,801,133.5
4318,6,812,135.3
4319,3,817,272.3
4320,6,818,136.3
4321,5,799,159.8
4322,7,818,116.9
4323,7,814,116.3
4324,8,803,100.4
4325,5,794,158.8
4326,9,791,87.9
4327,5,798,159.6
4328,5,806,161.2
4329,6,816,136.0
4330,5,818,163.6
4331,6,796,132.7
4332,6,801,133.5
4333,8,839,104.9
4334,5,833,166.6
4335,4,820,205.0
4336,5,825,165.0
4337,5,828,165.6
4338,4,833,208.2
4339,4,811,202.8
4340,7,821,117.3
4341,6,802,133.7
4342,6,816,136.0
4343,8,802,100.2
4344,5,800,160.0
4345,8,808,101.0
4346,7,798,114.0
4347,4,798,199.5
4348,8,828,103.5
4349,9,821,91.2
4350,8,788,98.5
4351,9,803,89.2
4352,9,805,89.4
4353,8,801,100.1
4354,8,790,98.8
4355,5,800,160.0
4356,7,820,117.1
4357,8,804,100.5
4358,5,800,160.0
4359,7,788,112.6
4360,9,806,89.6
4361,11,803,73.0
4362,10,792,79.2
4363,10,779,77.9
4364,12,804,67.0
4365,7,782,111.7
4366,13,818,62.9
4367,9,773,85.9
4368,10,787,78.7
4369,6,794,132.3
4370,11,792,72.0
4371,9,788,87.6
4372,10,780,78.0
4373,10,775,77.5
4374,9,784,87.1
4375,9,780,86.7
4376,10,789,78.9
4377,9,776,86.2
4378,7,770,110.0
4379,9,798,88.7
4380,9,778,86.4
4381,10,807,80.7
4382,7,790,112.9
4383,9,784,87.1
4384,11,813,73.9
4385,9,821,91.2
4386,9,824,91.6
4387,8,797,99.6
4388,8,824,103.0
4389,4,797,199.2
4390,9,814,90.4
4391,13,825,63.5
4392,8,818,102.2
4393,7,801,114.4
4394,10,830,83.0
4395,8,829,103.6
4396,7,840,120.0
4397,4,833,208.2
4398,6,837,139.5
4399,4,821,205.2
4400,6,841,140.2
4401,3,826,275.3
4402,10,801,80.1
4403,3,797,265.7
4404,5,804,160.8
4405,3,799,266.3
4406,6,819,136.5
4407,6,803,133.8
4408,4,819,204.8
4409,5,815,163.0
4410,3,812,270.7
4411,6,839,139.8
4412,3,828,276.0
4413,5,823,164.6
4414,7,812,116.0
4415,3,810,270.0
4416,3,834,278.0
4417,5,818,163.6
4418,7,820,117.1
4419,7,781,111.6
4420,6,799,133.2
4421,6,760,126.7
4422,5,786,157.2
4423,4,801,200.2
4424,5,783,156.6
4425,5,794,158.8
4426,4,782,195.5
4427,5,810,162.0
4428,4,789,197.2
4429,6,813,135.5
4430,6,825,137.5
4431,5,815,163.0
4432,5,794,158.8
4433,7,820,117.1
4434,6,817,136.2
4435,4,812,203.0
4436,12,824,68.7
4437,6,807,134.5
4438,7,801,114.4
4439,7,811,115.9
4440,6,809,134.8
4441,6,816,136.0
4442,4,804,201.0
4443,5,808,161.6
4444,7,826,118.0
4445,6,800,133.3
4446,7,791,113.0
4447,8,813,101.6
4448,6,789,131.5
4449,3,789,263.0
4450,5,798,159.6
4451,6,790,131.7
4452,5,788,157.6
4453,7,793,113.3
4454,7,786,112.3
4455,5,807,161.4
4456,9,791,87.9
4457,9,786,87.3
4458,7,794,113.4
4459,10,800,80.0
4460,7,778,111.1
4461,8,786,98.2
4462,4,762,190.5
4463,5,757,151.4
4464,6,798,133.0
4465,5,766,153.2
4466,7,785,112.1
4467,6,794,132.3
4468,7,810,115.7
4469,6,806,134.3
4470,6,814,135.7
4471,5,814,162.8
4472,8,787,98.4
4473,5,767,153.4
4474,5,770,154.0
4475,5,784,156.8
4476,5,798,159.6
4477,7,799,114.1
4478,4,803,200.8
4479,7,795,113.6
4480,4,803,200.8
4481,5,790,158.0
4482,5,791,158.2
4483,4,810,202.5
4484,7,813,116.1
4485,6,805,134.2
4486,5,811,162.2
4487,7,809,115.6
4488,5,792,158.4
4489,6,807,134.5
4490,6,811,135.2
4491,6,806,134.3
4492,3,784,261.3
4493,5,791,158.2
4494,4,786,196.5
4495,4,806,201.5
4496,4,803,200.8
4497,5,801,160.2
4498,4,818,204.5
4499,5,811,162.2
4500,5,814,162.8
4501,4,812,203.0
4502,3,808,269.3
4503,6,808,134.7
4504,5,813,162.6
4505,6,813,135.5
4506,4,818,204.5
4507,6,819,136.5
4508,5,792,158.4
4509,5,809,161.8
4510,6,795,132.5
4511,7,801,114.4
4512,5,801,160.2
4513,6,787,131.2
4514,4,775,193.8
4515,3,801,267.0
4516,4,797,199.2
4517,7,785,112.1
4518,5,787,157.4
4519,4,786,196.5
4520,3,798,266.0
4521,4,798,199.5
4522,4,800,200.0
4523,6,824,137.3
4524,4,796,199.0
4525,3,808,269.3
4526,4,796,199.0
4527,5,823,164.6
4528,5,817,163.4
4529,4,816,204.0
4530,6,812,135.3
4531,6,809,134.8
4532,4,818,204.5
4533,1,803,803.0
4534,3,799,266.3
4535,4,825,206.2
4536,4,812,203.0
4537,6,826,137.7
4538,7,798,114.0
4539,3,785,261.7
4540,4,795,198.8
4541,6,794,132.3
4542,4,783,195.8
4543,8,826,103.2
4544,6,812,135.3
4545,5,792,158.4
4546,5,787,157.4
4547,3,804,268.0
4548,3,821,273.7
4549,4,825,206.2
4550,4,815,203.8
4551,7,820,117.1
4552,5,823,164.6
4553,5,825,165.0
4554,4,816,204.0
4555,6,817,136.2
4556,8,832,104.0
4557,8,816,102.0
4558,5,816,163.2
4559,5,814,162.8
4560,4,799,199.8
4561,4,820,205.0
4562,5,837,167.4
4563,2,818,409.0
4564,4,839,209.8
4565,3,845,281.7
4566,2,834,417.0
4567,3,845,281.7
4568,4,851,212.8
4569,2,831,415.5
4570,4,810,202.5
4571,3,849,283.0
4572,1,829,829.0
4573,2,829,414.5
4574,3,836,278.7
4575,1,819,819.0
4576,4,836,209.0
4577,4,831,207.8
4578,2,827,413.5
4579,3,842,280.7
4580,2,846,423.0
4581,2,845,422.5
4582,2,845,422.5
4583,3,849,283.0
4584,4,828,207.0
4585,2,833,416.5
4586,2,836,418.0
4587,2,806,403.0
4588,3,833,277.7
4589,2,817,408.5
4590,3,836,278.7
4591,3,837,279.0
4592,2,835,417.5
4593,2,833,416.5
4594,2,815,407.5
4595,2,838,419.0
4596,1,842,842.0
4597,4,840,210.0
4598,2,835,417.5
4599,4,845,211.2
4600,1,845,845.0
4601,2,858,429.0
4602,1,850,850.0
4603,1,859,859.0
4604,2,849,424.5
4605,4,866,216.5
4606,2,850,425.0
4607,2,853,426.5
4608,3,854,284.7
4609,2,864,432.0
4610,3,873,291.0
4611,4,861,215.2
4612,4,851,212.8
4613,3,847,282.3
4614,1,858,858.0
4615,2,839,419.5
4616,1,846,846.0
4617,4,859,214.8
4618,1,867,867.0
4619,1,868,868.0
4620,1,868,868.0
4621,2,871,435.5
4622,2,862,431.0
4623,2,873,436.5
4624,2,860,430.0
4625,3,863,287.7
4626,1,863,863.0
4627,2,883,441.5
4628,1,867,867.0
4629,1,868,868.0
4630,1,856,856.0
4631,1,861,861.0
4632,2,865,432.5
4633,2,872,436.0
4634,2,876,438.0
4635,3,892,297.3
4636,3,877,292.3
4637,2,866,433.0
4638,3,880,293.3
4639,2,880,440.0
4640,1,866,866.0
4641,2,878,439.0
4642,2,881,440.5
4643,1,866,866.0
4644,1,865,865.0
4645,2,871,435.5
4646,1,868,868.0
4647,1,862,862.0
4648,1,869,869.0
4649,2,871,435.5
4650,1,861,861.0
4651,2,877,438.5
4652,2,869,434.5
4653,1,859,859.0
4654,2,866,433.0
4655,1,867,867.0
4656,1,865,865.0
4657,2,853,426.5
4658,2,873,436.5
4659,1,860,860.0
4660,1,867,867.0
4661,1,854,854.0
4662,2,855,427.5
4663,3,870,290.0
4664,3,868,289.3
4665,2,853,426.5
4666,3,873,291.0
4667,3,856,285.3
4668,2,860,430.0
4669,3,870,290.0
4670,2,868,434.0
4671,2,861,430.5
4672,3,865,288.3
4673,3,869,289.7
4674,4,886,221.5
4675,3,877,292.3
4676,4,872,218.0
4677,2,862,431.0
4678,2,866,433.0
4679,2,873,436.5
4680,3,858,286.0
4681,2,864,432.0
4682,2,864,432.0
4683,1,865,865.0
4684,2,874,437.0
4685,2,867,433.5
4686,2,862,431.0
4687,2,875,437.5
4688,1,872,872.0
4689,2,864,432.0
4690,2,868,434.0
4691,2,863,431.5
4692,1,862,862.0
4693,2,875,437.5
4694,4,869,217.2
4695,2,865,432.5
4696,1,878,878.0
4697,2,869,434.5
4698,2,876,438.0
4699,1,871,871.0
4700,1,874,874.0
4701,3,871,290.3
4702,2,876,438.0
4703,2,861,430.5
4704,1,874,874.0
4705,1,867,867.0
4706,1,865,865.0
4707,1,857,857.0
4708,2,863,431.5
4709,2,866,433.0
4710,2,850,425.0
4711,3,870,290.0
4712,1,856,856.0
4713,3,869,289.7
4714,3,863,287.7
4715,3,864,288.0
4716,2,864,432.0
4717,1,857,857.0
4718,1,850,850.0
4719,3,848,282.7
4720,1,843,843.0
4721,1,853,853.0
4722,2,858,429.0
4723,6,865,144.2
4724,2,848,424.0
4725,2,847,423.5
4726,2,853,426.5
4727,2,864,432.0
4728,2,849,424.5
4729,4,858,214.5
4730,2,853,426.5
4731,2,863,431.5
4732,4,844,211.0
4733,3,859,286.3
4734,2,843,421.5
4735,1,839,839.0
4736,2,846,423.0
4737,2,817,408.5
4738,1,829,829.0
4739,3,832,277.3
4740,1,819,819.0
4741,4,840,210.0
4742,3,835,278.3
4743,4,845,211.2
4744,2,853,426.5
4745,2,857,428.5
4746,1,843,843.0
4747,1,848,848.0
4748,2,847,423.5
4749,2,857,428.5
4750,2,858,429.0
4751,2,831,415.5
4752,2,850,425.0
4753,4,861,215.2
4754,2,850,425.0
4755,1,845,845.0
4756,1,843,843.0
4757,1,830,830.0
4758,2,835,417.5
4759,3,846,282.0
4760,5,853,170.6
4761,4,848,212.0
4762,3,847,282.3
4763,2,836,418.0
4764,1,856,856.0
4765,1,841,841.0
4766,1,845,845.0
4767,1,843,843.0
4768,3,848,282.7
4769,2,856,428.0
4770,3,855,285.0
4771,6,863,143.8
4772,6,856,142.7
4773,3,847,282.3
4774,6,849,141.5
4775,3,856,285.3
4776,3,847,282.3
4777,2,851,425.5
4778,3,854,284.7
4779,3,849,283.0
4780,3,835,278.3
4781,4,846,211.5
4782,5,847,169.4
4783,4,841,210.2
4784,2,814,407.0
4785,4,819,204.8
4786,3,830,276.7
4787,6,844,140.7
4788,6,844,140.7
4789,4,829,207.2
4790,4,828,207.0
4791,2,833,416.5
4792,6,843,140.5
4793,4,831,207.8
4794,4,839,209.8
4795,4,835,208.8
4796,2,827,413.5
4797,3,848,282.7
4798,2,845,422.5
4799,2,841,420.5
4800,1,816,816.0
4801,1,810,810.0
4802,2,841,420.5
4803,1,831,831.0
4804,1,839,839.0
4805,1,837,837.0
4806,2,847,423.5
4807,3,851,283.7
4808,1,849,849.0
4809,1,864,864.0
4810,1,860,860.0
4811,1,849,849.0
4812,2,840,420.0
4813,1,861,861.0
4814,1,846,846.0
4815,2,851,425.5
4816,3,841,280.3
4817,3,852,284.0
4818,2,850,425.0
4819,1,849,849.0
4820,1,853,853.0
4821,2,852,426.0
4822,2,819,409.5
4823,2,844,422.0
4824,3,852,284.0
4825,1,857,857.0
4826,2,834,417.0
4827,2,839,419.5
4828,3,841,280.3
4829,5,852,170.4
4830,5,843,168.6
4831,2,849,424.5
4832,3,857,285.7
4833,1,843,843.0
4834,2,852,426.0
4835,2,858,429.0
4836,1,853,853.0
4837,2,869,434.5
4838,2,865,432.5
4839,1,870,870.0
4840,3,875,291.7
4841,2,874,437.0
4842,1,869,869.0
4843,1,858,858.0
4844,2,865,432.5
4845,2,872,436.0
4846,3,872,290.7
4847,2,860,430.0
4848,3,862,287.3
4849,1,869,869.0
4850,1,878,878.0
4851,1,881,881.0
4852,1,881,881.0
4853,1,874,874.0
4854,1,850,850.0
4855,1,879,879.0
4856,2,868,434.0
4857,1,854,854.0
4858,2,862,431.0
4859,4,871,217.8
4860,1,840,840.0
4861,1,848,848.0
4862,2,852,426.0
4863,3,855,285.0
4864,3,873,291.0
4865,1,852,852.0
4866,1,861,861.0
4867,3,876,292.0
4868,1,868,868.0
4869,1,859,859.0
4870,5,886,177.2
4871,3,879,293.0
4872,2,875,437.5
4873,3,872,290.7
4874,2,866,433.0
4875,2,875,437.5
4876,1,857,857.0
4877,3,855,285.0
4878,2,869,434.5
4879,2,879,439.5
4880,2,866,433.0
4881,3,886,295.3
4882,3,887,295.7
4883,4,871,217.8
4884,2,874,437.0
4885,1,865,865.0
4886,2,867,433.5
4887,1,875,875.0
4888,3,865,288.3
4889,2,881,440.5
4890,4,880,220.0
4891,1,872,872.0
4892,2,854,427.0
4893,2,847,423.5
4894,3,866,288.7
4895,1,865,865.0
4896,1,860,860.0
4897,1,861,861.0
4898,1,855,855.0
4899,1,868,868.0
4900,3,857,285.7
4901,1,868,868.0
4902,1,878,878.0
4903,2,870,435.0
4904,1,871,871.0
4905,1,885,885.0
4906,1,877,877.0
4907,4,878,219.5
4908,3,868,289.3
4909,2,889,444.5
4910,1,878,878.0
4911,2,882,441.0
4912,2,888,444.0
4913,1,887,887.0
4914,1,877,877.0
4915,1,872,872.0
4916,3,878,292.7
4917,3,884,294.7
4918,2,874,437.0
4919,3,869,289.7
4920,3,859,286.3
4921,3,872,290.7
4922,3,858,286.0
4923,4,886,221.5
4924,2,878,439.0
4925,1,883,883.0
4926,2,881,440.5
4927,2,880,440.0
4928,5,877,175.4
4929,4,888,222.0
4930,3,864,288.0
4931,2,871,435.5
4932,1,869,869.0
4933,1,870,870.0
4934,3,865,288.3
4935,2,857,428.5
4936,2,863,431.5
4937,4,866,216.5
4938,1,855,855.0
4939,3,856,285.3
4940,3,869,289.7
4941,6,886,147.7
4942,2,867,433.5
4943,2,875,437.5
4944,3,869,289.7
4945,2,866,433.0
4946,3,859,286.3
4947,3,867,289.0
4948,2,867,433.5
4949,3,878,292.7
4950,2,879,439.5
4951,4,881,220.2
4952,2,886,443.0
4953,2,880,440.0
4954,1,870,870.0
4955,1,873,873.0
4956,2,868,434.0
4957,2,875,437.5
4958,1,881,881.0
4959,1,880,880.0
4960,3,879,293.0
4961,2,875,437.5
4962,3,881,293.7
4963,2,880,440.0
4964,3,875,291.7
4965,2,862,431.0
4966,4,863,215.8
4967,4,880,220.0
4968,2,875,437.5
4969,4,850,212.5
4970,3,861,287.0
4971,2,867,433.5
4972,3,859,286.3
4973,2,846,423.0
4974,2,868,434.0
4975,3,852,284.0
4976,4,848,212.0
4977,5,874,174.8
4978,3,856,285.3
4979,6,848,141.3
4980,5,851,170.2
4981,5,872,174.4
4982,3,854,284.7
4983,4,843,210.8
4984,4,837,209.2
4985,4,859,214.8
4986,3,862,287.3
4987,4,856,214.0
4988,4,837,209.2
4989,4,846,211.5
4990,4,835,208.8
4991,4,827,206.8
4992,6,857,142.8
4993,4,861,215.2
4994,5,846,169.2
4995,5,845,169.0
4996,4,845,211.2
4997,4,849,212.2
4998,2,836,418.0
4999,2,843,421.5
5000,3,845,281.7
5001,4,861,215.2
5002,2,841,420.5
5003,3,855,285.0
5004,3,842,280.7
5005,2,848,424.0
5006,4,856,214.0
5007,4,841,210.2
5008,6,858,143.0
5009,4,836,209.0
5010,3,846,282.0
5011,3,849,283.0
5012,3,850,283.3
5013,3,822,274.0
5014,4,847,211.8
5015,3,828,276.0
5016,2,825,412.5
5017,2,827,413.5
5018,1,831,831.0
5019,2,854,427.0
5020,1,832,832.0
5021,1,825,825.0
5022,3,840,280.0
5023,2,845,422.5
5024,1,852,852.0
5025,1,833,833.0
5026,1,828,828.0
5027,3,842,280.7
5028,3,854,284.7
5029,4,858,214.5
5030,2,840,420.0
5031,1,862,862.0
5032,3,862,287.3
5033,4,846,211.5
5034,1,851,851.0
5035,2,850,425.0
5036,3,853,284.3
5037,2,852,426.0
5038,5,869,173.8
5039,3,860,286.7
5040,3,843,281.0
5041,3,834,278.0
5042,2,855,427.5
5043,2,865,432.5
5044,3,869,289.7
5045,5,868,173.6
5046,3,862,287.3
5047,4,855,213.8
5048,5,867,173.4
5049,2,845,422.5
5050,4,874,218.5
5051,4,852,213.0
5052,3,879,293.0
5053,3,859,286.3
5054,5,847,169.4
5055,6,851,141.8
5056,3,869,289.7
5057,3,854,284.7
5058,4,845,211.2
5059,4,860,215.0
5060,2,868,434.0
5061,3,866,288.7
5062,5,856,171.2
5063,6,874,145.7
5064,5,860,172.0
5065,4,851,212.8
5066,5,844,168.8
5067,3,862,287.3
5068,3,844,281.3
5069,4,860,215.0
5070,3,861,287.0
5071,5,860,172.0
5072,3,845,281.7
5073,6,865,144.2
5074,6,864,144.0
5075,7,863,123.3
5076,6,866,144.3
5077,3,845,281.7
5078,5,849,169.8
5079,6,861,143.5
5080,6,851,141.8
5081,3,840,280.0
5082,4,829,207.2
5083,2,837,418.5
5084,2,848,424.0
5085,3,855,285.0
5086,3,858,286.0
5087,4,860,215.0
5088,3,864,288.0
5089,3,855,285.0
5090,2,874,437.0
5091,2,864,432.0
5092,2,859,429.5
5093,2,852,426.0
5094,2,861,430.5
5095,2,851,425.5
5096,1,848,848.0
5097,1,868,868.0
5098,3,856,285.3
5099,4,862,215.5
5100,1,859,859.0
5101,1,872,872.0
5102,2,859,429.5
5103,2,868,434.0
5104,2,876,438.0
5105,2,866,433.0
5106,2,883,441.5
5107,1,865,865.0
5108,2,871,435.5
5109,3,863,287.7
5110,2,870,435.0
5111,1,858,858.0
5112,2,866,433.0
5113,4,877,219.2
5114,2,878,439.0
5115,2,884,442.0
5116,1,877,877.0
5117,2,893,446.5
5118,1,868,868.0
5119,2,879,439.5
5120,2,877,438.5
5121,1,873,873.0
5122,1,875,875.0
5123,2,874,437.0
5124,2,870,435.0
5125,2,872,436.0
5126,2,880,440.0
5127,1,859,859.0
5128,1,874,874.0
5129,1,862,862.0
5130,1,870,870.0
5131,2,867,433.5
5132,1,860,860.0
5133,1,863,863.0
5134,2,859,429.5
5135,3,870,290.0
5136,3,873,291.0
5137,3,874,291.3
5138,4,877,219.2
5139,2,854,427.0
5140,4,863,215.8
5141,1,848,848.0
5142,3,862,287.3
5143,2,860,430.0
5144,3,873,291.0
5145,4,866,216.5
5146,5,880,176.0
5147,4,875,218.8
5148,3,859,286.3
5149,1,875,875.0
5150,2,871,435.5
5151,2,861,430.5
5152,2,867,433.5
5153,1,865,865.0
5154,3,879,293.0
5155,2,878,439.0
5156,3,873,291.0
5157,4,865,216.2
5158,2,878,439.0
5159,2,877,438.5
5160,2,879,439.5
5161,1,870,870.0
5162,2,877,438.5
5163,2,885,442.5
5164,2,874,437.0
5165,2,878,439.0
5166,1,860,860.0
5167,2,869,434.5
5168,3,873,291.0
5169,5,861,172.2
5170,2,869,434.5
5171,4,873,218.2
5172,2,876,438.0
5173,2,860,430.0
5174,2,872,436.0
5175,2,858,429.0
5176,5,879,175.8
5177,3,876,292.0
5178,5,875,175.0
5179,3,875,291.7
5180,2,878,439.0
5181,2,866,433.0
5182,3,859,286.3
5183,2,867,433.5
5184,2,853,426.5
5185,4,868,217.0
5186,2,874,437.0
5187,2,878,439.0
5188,3,867,289.0
5189,2,858,429.0
5190,4,860,215.0
5191,4,864,216.0
5192,2,863,431.5
5193,2,856,428.0
5194,3,842,280.7
5195,3,862,287.3
5196,1,862,862.0
5197,2,863,431.5
5198,2,869,434.5
5199,2,873,436.5
5200,4,855,213.8
5201,4,866,216.5
5202,3,870,290.0
5203,3,860,286.7
5204,4,857,214.2
5205,3,844,281.3
5206,4,856,214.0
5207,5,863,172.6
5208,5,861,172.2
5209,3,862,287.3
5210,2,864,432.0
5211,3,849,283.0
5212,4,855,213.8
5213,3,852,284.0
5214,2,849,424.5
5215,2,856,428.0
5216,2,847,423.5
5217,2,856,428.0
5218,1,862,862.0
5219,2,862,431.0
5220,2,856,428.0
5221,2,859,429.5
5222,2,859,429.5
5223,3,845,281.7
5224,3,851,283.7
5225,2,843,421.5
5226,4,845,211.2
5227,3,834,278.0
5228,2,848,424.0
5229,3,867,289.0
5230,2,856,428.0
5231,2,869,434.5
5232,4,869,217.2
5233,1,856,856.0
5234,1,869,869.0
5235,2,868,434.0
5236,3,858,286.0
5237,2,866,433.0
5238,5,869,173.8
5239,1,865,865.0
5240,2,869,434.5
5241,2,858,429.0
5242,1,869,869.0
5243,3,867,289.0
5244,2,857,428.5
5245,3,852,284.0
5246,2,857,428.5
5247,3,842,280.7
5248,4,865,216.2
5249,3,859,286.3
5250,3,858,286.0
5251,2,874,437.0
5252,1,855,855.0
5253,2,864,432.0
5254,1,865,865.0
5255,1,853,853.0
5256,1,863,863.0
5257,1,860,860.0
5258,2,857,428.5
5259,2,854,427.0
5260,1,852,852.0
5261,2,860,430.0
5262,1,851,851.0
5263,4,868,217.0
5264,3,864,288.0
5265,1,854,854.0
5266,2,866,433.0
5267,2,871,435.5
5268,4,870,217.5
5269,2,873,436.5
5270,2,863,431.5
5271,3,852,284.0
5272,1,845,845.0
5273,4,867,216.8
5274,2,861,430.5
5275,2,854,427.0
5276,2,859,429.5
5277,3,875,291.7
5278,2,863,431.5
5279,1,864,864.0
5280,1,860,860.0
5281,2,861,430.5
5282,2,870,435.0
5283,1,878,878.0
5284,1,861,861.0
5285,2,863,431.5
5286,1,885,885.0
5287,1,858,858.0
5288,2,875,437.5
5289,2,869,434.5
5290,3,880,293.3
5291,1,879,879.0
5292,3,875,291.7
5293,3,887,295.7
5294,1,890,890.0
5295,2,880,440.0
5296,1,885,885.0
5297,1,880,880.0
5298,1,883,883.0
5299,1,897,897.0
5300,1,881,881.0
5301,1,887,887.0
5302,2,894,447.0
5303,1,885,885.0
5304,1,873,873.0
5305,2,886,443.0
5306,1,880,880.0
5307,2,886,443.0
5308,2,882,441.0
5309,2,881,440.5
5310,3,885,295.0
5311,2,881,440.5
5312,2,881,440.5
5313,2,884,442.0
5314,2,880,440.0
5315,1,875,875.0
5316,2,881,440.5
5317,2,884,442.0
5318,1,890,890.0
5319,2,873,436.5
5320,1,883,883.0
5321,2,883,441.5
5322,3,892,297.3
5323,1,881,881.0
5324,1,869,869.0
5325,2,878,439.0
5326,2,884,442.0
5327,2,880,440.0
5328,1,876,876.0
5329,1,863,863.0
5330,1,874,874.0
5331,1,875,875.0
5332,1,871,871.0
5333,1,868,868.0
5334,1,868,868.0
5335,2,876,438.0
5336,3,894,298.0
5337,1,877,877.0
5338,2,877,438.5
5339,1,877,877.0
5340,3,871,290.3
5341,2,881,440.5
5342,1,875,875.0
5343,1,878,878.0
5344,1,883,883.0
5345,1,884,884.0
5346,3,895,298.3
5347,3,878,292.7
5348,2,866,433.0
5349,1,871,871.0
5350,2,880,440.0
5351,2,876,438.0
5352,3,872,290.7
5353,2,876,438.0
5354,2,876,438.0
5355,2,878,439.0
5356,1,885,885.0
5357,4,875,218.8
5358,2,863,431.5
5359,3,888,296.0
5360,1,886,886.0
5361,2,875,437.5
5362,3,878,292.7
5363,3,897,299.0
5364,2,883,441.5
5365,1,879,879.0
5366,2,882,441.0
5367,1,882,882.0
5368,1,876,876.0
5369,1,876,876.0
5370,1,888,888.0
5371,2,886,443.0
5372,1,885,885.0
5373,1,884,884.0
5374,1,890,890.0
5375,1,882,882.0
5376,1,890,890.0
5377,1,889,889.0
5378,2,889,444.5
5379,1,888,888.0
5380,1,879,879.0
5381,2,896,448.0
5382,1,875,875.0
5383,2,898,449.0
5384,1,906,906.0
5385,1,892,892.0
5386,1,899,899.0
5387,1,905,905.0
5388,2,907,453.5
5389,1,885,885.0
5390,1,884,884.0
5391,1,882,882.0
5392,1,895,895.0
5393,1,887,887.0
5394,1,892,892.0
5395,1,872,872.0
5396,1,874,874.0
5397,1,872,872.0
5398,1,877,877.0
5399,1,878,878.0
5400,1,876,876.0
5401,1,885,885.0
5402,1,884,884.0
5403,1,883,883.0
5404,1,875,875.0
5405,1,867,867.0
5406,1,872,872.0
5407,1,878,878.0
5408,2,883,441.5
5409,2,875,437.5
5410,2,879,439.5
5411,1,871,871.0
5412,1,877,877.0
5413,1,878,878.0
5414,1,876,876.0
5415,1,872,872.0
5416,2,878,439.0
5417,1,876,876.0
5418,2,885,442.5
5419,1,884,884.0
5420,3,881,293.7
5421,3,880,293.3
5422,1,889,889.0
5423,2,867,433.5
5424,1,883,883.0
5425,1,870,870.0
5426,2,872,436.0
5427,1,874,874.0
5428,1,875,875.0
5429,1,876,876.0
5430,1,878,878.0
5431,1,879,879.0
5432,1,879,879.0
5433,1,877,877.0
5434,2,878,439.0
5435,1,866,866.0
5436,1,880,880.0
5437,3,876,292.0
5438,1,880,880.0
5439,1,880,880.0
5440,1,877,877.0
5441,1,896,896.0
5442,2,880,440.0
5443,2,874,437.0
5444,1,880,880.0
5445,1,874,874.0
5446,1,877,877.0
5447,1,875,875.0
5448,2,884,442.0
5449,1,882,882.0
5450,2,885,442.5
5451,1,871,871.0
5452,1,875,875.0
5453,1,883,883.0
5454,1,886,886.0
5455,3,887,295.7
5456,1,892,892.0
5457,1,883,883.0
5458,1,886,886.0
5459,1,885,885.0
5460,1,879,879.0
5461,2,889,444.5
5462,1,885,885.0
5463,2,881,440.5
5464,1,885,885.0
5465,2,886,443.0
5466,1,895,895.0
5467,1,886,886.0
5468,1,883,883.0
5469,1,892,892.0
5470,2,902,451.0
5471,2,895,447.5
5472,1,895,895.0
5473,1,897,897.0
5474,1,893,893.0
5475,1,888,888.0
5476,1,892,892.0
5477,1,885,885.0
5478,1,894,894.0
5479,1,902,902.0
5480,2,898,449.0
5481,1,891,891.0
5482,1,889,889.0
5483,2,888,444.0
5484,1,896,896.0
5485,1,895,895.0
5486,1,892,892.0
5487,1,896,896.0
5488,1,896,896.0
5489,2,900,450.0
5490,1,889,889.0
5491,1,891,891.0
5492,2,902,451.0
5493,1,903,903.0
5494,2,892,446.0
5495,1,900,900.0
5496,1,884,884.0
5497,1,900,900.0
5498,1,895,895.0
5499,1,900,900.0
5500,1,899,899.0
5501,1,902,902.0
5502,1,904,904.0
5503,1,907,907.0
5504,1,898,898.0
5505,1,903,903.0
5506,1,905,905.0
5507,1,907,907.0
5508,1,908,908.0
5509,1,898,898.0
5510,1,897,897.0
5511,1,899,899.0
5512,1,897,897.0
5513,1,894,894.0
5514,1,899,899.0
5515,1,885,885.0
5516,1,888,888.0
5517,1,890,890.0
5518,1,898,898.0
5519,1,887,887.0
5520,1,885,885.0
5521,1,903,903.0
5522,1,890,890.0
5523,1,897,897.0
5524,1,892,892.0
5525,2,888,444.0
5526,1,883,883.0
5527,1,892,892.0
5528,1,887,887.0
5529,2,885,442.5
5530,2,884,442.0
5531,3,905,301.7
5532,1,885,885.0
5533,2,899,449.5
5534,2,895,447.5
5535,2,907,453.5
5536,1,888,888.0
5537,2,897,448.5
5538,2,892,446.0
5539,1,887,887.0
5540,1,881,881.0
5541,2,890,445.0
5542,1,896,896.0
5543,1,889,889.0
5544,1,896,896.0
5545,1,893,893.0
5546,1,889,889.0
5547,2,888,444.0
5548,1,890,890.0
5549,1,891,891.0
5550,1,887,887.0
5551,1,891,891.0
5552,1,885,885.0
5553,1,904,904.0
5554,1,903,903.0
5555,1,888,888.0
5556,1,892,892.0
5557,1,883,883.0
5558,1,890,890.0
5559,1,902,902.0
5560,1,901,901.0
5561,1,900,900.0
5562,1,900,900.0
5563,1,902,902.0
5564,1,904,904.0
5565,1,895,895.0
5566,1,894,894.0
5567,1,896,896.0
5568,1,898,898.0
5569,1,897,897.0
5570,1,893,893.0
5571,1,886,886.0
5572,1,904,904.0
5573,1,889,889.0
5574,1,891,891.0
5575,1,899,899.0
5576,2,902,451.0
5577,1,899,899.0
5578,1,898,898.0
5579,1,902,902.0
5580,1,885,885.0
5581,1,893,893.0
5582,1,891,891.0
5583,1,891,891.0
5584,1,901,901.0
5585,1,892,892.0
5586,1,898,898.0
5587,1,905,905.0
5588,1,896,896.0
5589,1,898,898.0
5590,1,891,891.0
5591,1,899,899.0
5592,2,904,452.0
5593,1,906,906.0
5594,1,894,894.0
5595,1,916,916.0
5596,1,903,903.0
5597,1,907,907.0
5598,1,906,906.0
5599,1,908,908.0
5600,1,907,907.0
5601,2,901,450.5
5602,1,904,904.0
5603,1,901,901.0
5604,1,909,909.0
5605,1,899,899.0
5606,1,910,910.0
5607,1,916,916.0
5608,1,915,915.0
5609,1,916,916.0
5610,1,919,919.0
5611,2,914,457.0
5612,1,906,906.0
5613,1,910,910.0
5614,1,911,911.0
5615,1,906,906.0
5616,1,907,907.0
5617,1,905,905.0
5618,1,915,915.0
5619,2,922,461.0
5620,1,914,914.0
5621,1,922,922.0
5622,1,923,923.0
5623,1,908,908.0
5624,1,920,920.0
5625,1,915,915.0
5626,1,913,913.0
5627,1,912,912.0
5628,2,910,455.0
5629,2,914,457.0
5630,2,915,457.5
5631,2,910,455.0
5632,1,905,905.0
5633,1,904,904.0
5634,1,908,908.0
5635,1,909,909.0
5636,1,909,909.0
5637,1,917,917.0
5638,1,909,909.0
5639,1,902,902.0
5640,1,897,897.0
5641,1,886,886.0
5642,1,897,897.0
5643,1,884,884.0
5644,1,886,886.0
5645,1,891,891.0
5646,1,886,886.0
5647,1,892,892.0
5648,1,899,899.0
5649,1,900,900.0
5650,1,906,906.0
5651,1,909,909.0
5652,1,902,902.0
5653,1,894,894.0
5654,2,899,449.5
5655,1,892,892.0
5656,1,893,893.0
5657,1,903,903.0
5658,2,916,458.0
5659,1,904,904.0
5660,1,914,914.0
5661,1,896,896.0
5662,1,901,901.0
5663,1,897,897.0
5664,1,906,906.0
5665,1,907,907.0
5666,1,911,911.0
5667,1,912,912.0
5668,1,903,903.0
5669,1,907,907.0
5670,1,903,903.0
5671,1,910,910.0
5672,1,911,911.0
5673,1,915,915.0
5674,3,921,307.0
5675,1,910,910.0
5676,2,910,455.0
5677,1,910,910.0
5678,1,919,919.0
5679,2,916,458.0
5680,1,922,922.0
5681,1,916,916.0
5682,1,902,902.0
5683,1,914,914.0
5684,1,917,917.0
5685,2,924,462.0
5686,1,917,917.0
5687,1,911,911.0
5688,1,899,899.0
5689,1,907,907.0
5690,1,904,904.0
5691,1,909,909.0
5692,1,909,909.0
5693,1,908,908.0
5694,1,919,919.0
5695,1,911,911.0
5696,1,908,908.0
5697,1,917,917.0
5698,1,901,901.0
5699,1,904,904.0
5700,1,909,909.0
5701,1,911,911.0
5702,1,902,902.0
5703,1,913,913.0
5704,1,903,903.0
5705,1,912,912.0
5706,1,907,907.0
5707,1,896,896.0
5708,1,914,914.0
5709,1,914,914.0
5710,1,913,913.0
5711,1,916,916.0
5712,1,904,904.0
5713,1,917,917.0
5714,2,916,458.0
5715,2,915,457.5
5716,1,902,902.0
5717,2,914,457.0
5718,2,910,455.0
5719,1,918,918.0
5720,1,914,914.0
5721,1,915,915.0
5722,1,920,920.0
5723,1,915,915.0
5724,1,914,914.0
5725,1,919,919.0
5726,1,929,929.0
5727,1,930,930.0
5728,1,919,919.0
5729,2,925,462.5
5730,1,924,924.0
5731,1,915,915.0
5732,1,908,908.0
5733,1,918,918.0
5734,1,920,920.0
5735,1,927,927.0
5736,1,924,924.0
5737,1,908,908.0
5738,1,915,915.0
5739,1,925,925.0
5740,1,920,920.0
5741,1,924,924.0
5742,1,909,909.0
5743,2,924,462.0
5744,1,919,919.0
5745,1,913,913.0
5746,1,910,910.0
5747,1,903,903.0
5748,1,915,915.0
5749,1,912,912.0
5750,1,912,912.0
5751,1,923,923.0
5752,1,914,914.0
5753,1,915,915.0
5754,1,905,905.0
5755,1,918,918.0
5756,1,906,906.0
5757,2,918,459.0
5758,1,897,897.0
5759,1,910,910.0
5760,1,913,913.0
5761,1,906,906.0
5762,1,909,909.0
5763,1,907,907.0
5764,1,918,918.0
5765,1,922,922.0
5766,1,921,921.0
5767,1,925,925.0
5768,1,908,908.0
5769,1,917,917.0
5770,2,920,460.0
5771,1,909,909.0
5772,1,912,912.0
5773,1,913,913.0
5774,1,898,898.0
5775,1,915,915.0
5776,1,912,912.0
5777,1,912,912.0
5778,1,916,916.0
5779,1,910,910.0
5780,1,921,921.0
5781,2,920,460.0
5782,2,921,460.5
5783,1,904,904.0
5784,2,909,454.5
5785,2,912,456.0
5786,2,914,457.0
5787,1,918,918.0
5788,1,912,912.0
5789,2,912,456.0
5790,1,921,921.0
5791,1,914,914.0
5792,1,911,911.0
5793,2,913,456.5
5794,1,923,923.0
5795,1,920,920.0
5796,1,928,928.0
5797,1,925,925.0
5798,2,931,465.5
5799,2,920,460.0
5800,1,906,906.0
5801,1,909,909.0
5802,3,932,310.7
5803,2,923,461.5
5804,1,924,924.0
5805,1,924,924.0
5806,1,917,917.0
5807,1,923,923.0
5808,1,923,923.0
5809,1,927,927.0
5810,1,921,921.0
5811,1,917,917.0
5812,1,918,918.0
5813,1,919,919.0
5814,2,915,457.5
5815,1,902,902.0
5816,1,910,910.0
5817,1,923,923.0
5818,1,912,912.0
5819,1,914,914.0
5820,1,917,917.0
5821,1,930,930.0
5822,1,912,912.0
5823,1,911,911.0
5824,1,903,903.0
5825,1,910,910.0
5826,2,911,455.5
5827,2,911,455.5
5828,1,921,921.0
5829,1,920,920.0
5830,1,916,916.0
5831,2,927,463.5
5832,1,920,920.0
5833,1,919,919.0
5834,1,926,926.0
5835,1,924,924.0
5836,1,922,922.0
5837,1,922,922.0
5838,1,934,934.0
5839,1,930,930.0
5840,1,925,925.0
5841,1,924,924.0
5842,1,927,927.0
5843,1,932,932.0
5844,1,927,927.0
5845,1,937,937.0
5846,1,924,924.0
5847,1,931,931.0
5848,1,928,928.0
5849,1,926,926.0
5850,1,930,930.0
5851,1,930,930.0
5852,1,928,928.0
5853,2,922,461.0
5854,1,929,929.0
5855,1,931,931.0
5856,1,927,927.0
5857,1,936,936.0
5858,2,927,463.5
5859,1,923,923.0
5860,1,939,939.0
5861,1,927,927.0
5862,1,933,933.0
5863,1,938,938.0
5864,1,938,938.0
5865,1,935,935.0
5866,1,931,931.0
5867,1,912,912.0
5868,1,918,918.0
5869,1,927,927.0
5870,1,927,927.0
5871,2,933,466.5
5872,1,926,926.0
5873,1,931,931.0
5874,1,934,934.0
5875,2,926,463.0
5876,2,929,464.5
5877,1,922,922.0
5878,1,932,932.0
5879,1,931,931.0
5880,1,923,923.0
5881,1,939,939.0
5882,1,925,925.0
5883,1,929,929.0
5884,1,933,933.0
5885,1,935,935.0
5886,1,936,936.0
5887,1,933,933.0
5888,1,931,931.0
5889,1,922,922.0
5890,1,936,936.0
5891,1,916,916.0
5892,1,921,921.0
5893,1,920,920.0
5894,1,932,932.0
5895,1,926,926.0
5896,1,925,925.0
5897,1,926,926.0
5898,1,926,926.0
5899,1,928,928.0
5900,1,927,927.0
5901,1,921,921.0
5902,1,916,916.0
5903,1,922,922.0
5904,1,926,926.0
5905,1,937,937.0
5906,1,921,921.0
5907,1,941,941.0
5908,3,939,313.0
5909,1,926,926.0
5910,1,929,929.0
5911,2,919,459.5
5912,1,923,923.0
5913,1,925,925.0
5914,1,915,915.0
5915,1,925,925.0
5916,2,920,460.0
5917,2,919,459.5
5918,1,924,924.0
5919,1,903,903.0
5920,1,907,907.0
5921,1,916,916.0
5922,1,923,923.0
5923,1,926,926.0
5924,1,921,921.0
5925,1,929,929.0
5926,1,906,906.0
5927,1,921,921.0
5928,1,926,926.0
5929,1,915,915.0
5930,1,916,916.0
5931,1,918,918.0
5932,1,922,922.0
5933,1,914,914.0
5934,1,916,916.0
5935,1,926,926.0
5936,1,930,930.0
5937,1,926,926.0
5938,1,928,928.0
5939,1,923,923.0
5940,1,919,919.0
5941,1,926,926.0
5942,1,925,925.0
5943,1,923,923.0
5944,1,912,912.0
5945,2,922,461.0
5946,1,910,910.0
5947,1,923,923.0
5948,1,925,925.0
5949,1,925,925.0
5950,1,919,919.0
5951,2,925,462.5
5952,2,921,460.5
5953,1,926,926.0
5954,1,928,928.0
5955,2,935,467.5
5956,1,926,926.0
5957,1,929,929.0
5958,1,927,927.0
5959,1,920,920.0
5960,2,929,464.5
5961,1,919,919.0
5962,2,926,463.0
5963,1,931,931.0
5964,2,926,463.0
5965,1,912,912.0
5966,1,921,921.0
5967,1,918,918.0
5968,1,919,919.0
5969,1,916,916.0
5970,2,930,465.0
5971,2,919,459.5
5972,1,921,921.0
5973,1,925,925.0
5974,1,919,919.0
5975,1,914,914.0
5976,1,915,915.0
5977,1,921,921.0
5978,3,929,309.7
5979,1,921,921.0
5980,1,928,928.0
5981,2,926,463.0
5982,2,921,460.5
5983,1,918,918.0
5984,1,919,919.0
5985,1,901,901.0
5986,2,912,456.0
5987,2,922,461.0
5988,1,909,909.0
5989,2,914,457.0
5990,1,921,921.0
5991,1,904,904.0
5992,1,918,918.0
5993,1,908,908.0
5994,1,910,910.0
5995,2,914,457.0
5996,1,919,919.0
5997,1,915,915.0
5998,2,916,458.0
5999,1,917,917.0
6000,1,906,906.0
6001,1,906,906.0
6002,1,921,921.0
6003,1,915,915.0
6004,1,918,918.0
6005,2,927,463.5
6006,2,925,462.5
6007,2,918,459.0
6008,1,922,922.0
6009,2,924,462.0
6010,2,932,466.0
6011,2,935,467.5
6012,1,921,921.0
6013,1,927,927.0
6014,1,929,929.0
6015,1,923,923.0
6016,1,919,919.0
6017,1,930,930.0
6018,2,930,465.0
6019,1,924,924.0
6020,1,924,924.0
6021,1,925,925.0
6022,2,923,461.5
6023,1,932,932.0
6024,1,931,931.0
6025,2,935,467.5
6026,2,921,460.5
6027,2,930,465.0
6028,2,938,469.0
6029,2,936,468.0
6030,2,930,465.0
6031,1,926,926.0
6032,2,937,468.5
6033,2,934,467.0
6034,1,921,921.0
6035,1,914,914.0
6036,1,915,915.0
6037,2,932,466.0
6038,2,929,464.5
6039,2,934,467.0
6040,2,928,464.0
6041,2,920,460.0
6042,2,923,461.5
6043,1,926,926.0
6044,1,934,934.0
6045,2,931,465.5
6046,2,935,467.5
6047,2,939,469.5
6048,2,931,465.5
6049,2,925,462.5
6050,3,935,311.7
6051,2,928,464.0
6052,2,932,466.0
6053,3,941,313.7
6054,2,929,464.5
6055,3,930,310.0
6056,2,931,465.5
6057,2,925,462.5
6058,2,935,467.5
6059,2,930,465.0
6060,2,923,461.5
6061,2,934,467.0
6062,2,929,464.5
6063,2,931,465.5
6064,2,934,467.0
6065,1,930,930.0
6066,1,930,930.0
6067,1,932,932.0
6068,2,927,463.5
6069,2,929,464.5
6070,2,940,470.0
6071,2,930,465.0
6072,1,931,931.0
6073,1,933,933.0
6074,1,926,926.0
6075,1,935,935.0
6076,1,925,925.0
6077,2,931,465.5
6078,2,933,466.5
6079,1,920,920.0
6080,1,917,917.0
6081,1,926,926.0
6082,1,927,927.0
6083,1,922,922.0
6084,1,927,927.0
6085,2,931,465.5
6086,1,932,932.0
6087,1,929,929.0
6088,2,924,462.0
6089,1,925,925.0
6090,1,928,928.0
6091,1,924,924.0
6092,1,916,916.0
6093,1,924,924.0
6094,1,922,922.0
6095,3,917,305.7
6096,1,917,917.0
6097,1,909,909.0
6098,1,914,914.0
6099,1,911,911.0
6100,1,911,911.0
6101,1,908,908.0
6102,1,916,916.0
6103,1,908,908.0
6104,1,922,922.0
6105,1,923,923.0
6106,1,929,929.0
6107,1,934,934.0
6108,1,919,919.0
6109,1,930,930.0
6110,1,928,928.0
6111,2,936,468.0
6112,2,922,461.0
6113,1,922,922.0
6114,1,930,930.0
6115,1,931,931.0
6116,1,930,930.0
6117,1,932,932.0
6118,1,937,937.0
6119,1,929,929.0
6120,1,926,926.0
6121,1,927,927.0
6122,1,925,925.0
6123,1,936,936.0
6124,1,926,926.0
6125,1,919,919.0
6126,1,923,923.0
6127,2,933,466.5
6128,1,929,929.0
6129,1,942,942.0
6130,2,946,473.0
6131,1,943,943.0
6132,2,931,465.5
6133,2,928,464.0
6134,1,932,932.0
6135,2,938,469.0
6136,2,935,467.5
6137,1,922,922.0
6138,1,928,928.0
6139,3,928,309.3
6140,1,916,916.0
6141,1,926,926.0
6142,1,922,922.0
6143,2,923,461.5
6144,1,921,921.0
6145,2,930,465.0
6146,1,932,932.0
6147,1,914,914.0
6148,1,918,918.0
6149,1,930,930.0
6150,1,916,916.0
6151,1,921,921.0
6152,1,920,920.0
6153,1,920,920.0
6154,1,924,924.0
6155,1,916,916.0
6156,1,930,930.0
6157,1,931,931.0
6158,1,928,928.0
6159,1,924,924.0
6160,2,934,467.0
6161,3,937,312.3
6162,2,931,465.5
6163,1,928,928.0
6164,2,947,473.5
6165,1,948,948.0
6166,1,938,938.0
6167,2,930,465.0
6168,1,922,922.0
6169,1,928,928.0
6170,1,922,922.0
6171,1,925,925.0
6172,2,927,463.5
6173,2,931,465.5
6174,2,930,465.0
6175,2,925,462.5
6176,2,924,462.0
6177,2,924,462.0
6178,1,907,907.0
6179,1,924,924.0
6180,1,929,929.0
6181,2,913,456.5
6182,2,919,459.5
6183,3,924,308.0
6184,3,929,309.7
6185,1,912,912.0
6186,1,922,922.0
6187,3,927,309.0
6188,1,916,916.0
6189,2,924,462.0
6190,2,922,461.0
6191,1,911,911.0
6192,1,916,916.0
6193,2,920,460.0
6194,2,909,454.5
6195,1,900,900.0
6196,1,917,917.0
6197,1,907,907.0
6198,2,913,456.5
6199,2,905,452.5
6200,1,912,912.0
6201,1,908,908.0
6202,1,917,917.0
6203,1,916,916.0
6204,1,918,918.0
6205,1,916,916.0
6206,2,924,462.0
6207,2,926,463.0
6208,2,927,463.5
6209,1,916,916.0
6210,1,919,919.0
6211,1,925,925.0
6212,2,930,465.0
6213,1,922,922.0
6214,1,924,924.0
6215,1,926,926.0
6216,1,927,927.0
6217,1,926,926.0
6218,2,926,463.0
6219,1,930,930.0
6220,1,916,916.0
6221,2,926,463.0
6222,2,922,461.0
6223,2,916,458.0
6224,2,934,467.0
6225,1,913,913.0
6226,2,931,465.5
6227,2,939,469.5
6228,2,923,461.5
6229,3,916,305.3
6230,2,921,460.5
6231,3,924,308.0
6232,2,925,462.5
6233,1,924,924.0
6234,2,940,470.0
6235,3,933,311.0
6236,1,928,928.0
6237,2,935,467.5
6238,2,928,464.0
6239,1,929,929.0
6240,1,927,927.0
6241,1,928,928.0
6242,1,930,930.0
6243,1,913,913.0
6244,1,911,911.0
6245,1,913,913.0
6246,1,920,920.0
6247,1,917,917.0
6248,1,921,921.0
6249,1,916,916.0
6250,1,910,910.0
6251,1,914,914.0
6252,1,916,916.0
6253,1,911,911.0
6254,1,919,919.0
6255,2,933,466.5
6256,1,928,928.0
6257,1,927,927.0
6258,2,932,466.0
6259,1,917,917.0
6260,1,928,928.0
6261,1,931,931.0
6262,1,924,924.0
6263,1,922,922.0
6264,1,930,930.0
6265,1,922,922.0
6266,2,922,461.0
6267,1,918,918.0
6268,2,922,461.0
6269,2,918,459.0
6270,2,923,461.5
6271,1,919,919.0
6272,1,926,926.0
6273,1,925,925.0
6274,1,928,928.0
6275,1,923,923.0
6276,1,916,916.0
6277,1,919,919.0
6278,1,917,917.0
6279,1,921,921.0
6280,1,918,918.0
6281,1,916,916.0
6282,1,917,917.0
6283,2,925,462.5
6284,1,908,908.0
6285,1,912,912.0
6286,2,904,452.0
6287,2,912,456.0
6288,1,911,911.0
6289,2,909,454.5
6290,2,911,455.5
6291,2,912,456.0
6292,2,911,455.5
6293,1,913,913.0
6294,5,914,182.8
6295,3,922,307.3
6296,1,914,914.0
6297,1,904,904.0
6298,1,910,910.0
6299,1,917,917.0
6300,1,917,917.0
6301,1,904,904.0
6302,1,910,910.0
6303,1,904,904.0
6304,1,920,920.0
6305,1,912,912.0
6306,1,915,915.0
6307,2,911,455.5
6308,1,913,913.0
6309,2,921,460.5
6310,1,911,911.0
6311,1,908,908.0
6312,1,902,902.0
6313,2,910,455.0
6314,2,923,461.5
6315,1,925,925.0
6316,3,927,309.0
6317,2,918,459.0
6318,1,926,926.0
6319,1,911,911.0
6320,1,920,920.0
6321,1,920,920.0
6322,1,904,904.0
6323,1,919,919.0
6324,1,927,927.0
6325,1,916,916.0
6326,1,914,914.0
6327,1,923,923.0
6328,1,921,921.0
6329,1,916,916.0
6330,2,923,461.5
6331,2,922,461.0
6332,1,920,920.0
6333,1,925,925.0
6334,1,923,923.0
6335,2,931,465.5
6336,2,928,464.0
6337,2,913,456.5
6338,1,910,910.0
6339,1,920,920.0
6340,1,928,928.0
6341,1,920,920.0
6342,3,924,308.0
6343,2,923,461.5
6344,1,903,903.0
6345,1,905,905.0
6346,3,909,303.0
6347,1,912,912.0
6348,1,903,903.0
6349,1,906,906.0
6350,1,918,918.0
6351,1,911,911.0
6352,1,918,918.0
6353,1,912,912.0
6354,1,926,926.0
6355,2,919,459.5
6356,1,911,911.0
6357,1,920,920.0
6358,1,920,920.0
6359,1,915,915.0
6360,1,909,909.0
6361,3,921,307.0
6362,1,921,921.0
6363,1,919,919.0
6364,2,918,459.0
6365,2,921,460.5
6366,1,921,921.0
6367,2,914,457.0
6368,2,917,458.5
6369,3,907,302.3
6370,2,916,458.0
6371,2,912,456.0
6372,1,904,904.0
6373,1,897,897.0
6374,2,898,449.0
6375,2,895,447.5
6376,3,909,303.0
6377,3,908,302.7
6378,1,897,897.0
6379,1,911,911.0
6380,1,919,919.0
6381,1,904,904.0
6382,2,908,454.0
6383,2,909,454.5
6384,2,908,454.0
6385,1,910,910.0
6386,1,910,910.0
6387,1,905,905.0
6388,1,903,903.0
6389,1,899,899.0
6390,1,901,901.0
6391,1,912,912.0
6392,1,921,921.0
6393,2,916,458.0
6394,1,908,908.0
6395,2,914,457.0
6396,1,906,906.0
6397,1,909,909.0
6398,1,902,902.0
6399,1,916,916.0
6400,1,915,915.0
6401,1,910,910.0
6402,1,920,920.0
6403,1,910,910.0
6404,1,905,905.0
6405,1,916,916.0
6406,1,912,912.0
6407,2,919,459.5
6408,1,916,916.0
6409,1,924,924.0
6410,1,914,914.0
6411,1,913,913.0
6412,1,912,912.0
6413,3,911,303.7
6414,2,919,459.5
6415,1,916,916.0
6416,1,927,927.0
6417,1,913,913.0
6418,1,916,916.0
6419,1,922,922.0
6420,1,921,921.0
6421,1,918,918.0
6422,1,909,909.0
6423,1,911,911.0
6424,1,913,913.0
6425,1,919,919.0
6426,2,921,460.5
6427,1,923,923.0
6428,2,924,462.0
6429,1,926,926.0
6430,1,930,930.0
6431,2,917,458.5
6432,1,917,917.0
6433,1,913,913.0
6434,1,916,916.0
6435,2,911,455.5
6436,2,915,457.5
6437,2,918,459.0
6438,1,914,914.0
6439,1,918,918.0
6440,1,913,913.0
6441,1,923,923.0
6442,1,921,921.0
6443,1,914,914.0
6444,1,932,932.0
6445,1,927,927.0
6446,2,931,465.5
6447,1,915,915.0
6448,1,914,914.0
6449,1,916,916.0
6450,1,918,918.0
6451,3,929,309.7
6452,1,919,919.0
6453,1,909,909.0
6454,1,928,928.0
6455,2,937,468.5
6456,1,924,924.0
6457,1,916,916.0
6458,1,911,911.0
6459,1,904,904.0
6460,1,912,912.0
6461,1,926,926.0
6462,1,911,911.0
6463,1,919,919.0
6464,1,911,911.0
6465,1,908,908.0
6466,1,905,905.0
6467,1,910,910.0
6468,1,914,914.0
6469,1,924,924.0
6470,1,915,915.0
6471,2,922,461.0
6472,1,917,917.0
6473,1,915,915.0
6474,1,927,927.0
6475,1,921,921.0
6476,1,931,931.0
6477,1,919,919.0
6478,2,927,463.5
6479,1,915,915.0
6480,1,924,924.0
6481,1,915,915.0
6482,2,916,458.0
6483,3,919,306.3
6484,2,917,458.5
6485,3,916,305.3
6486,4,927,231.8
6487,1,914,914.0
6488,2,924,462.0
6489,2,929,464.5
6490,1,925,925.0
6491,2,921,460.5
6492,1,912,912.0
6493,3,921,307.0
6494,1,909,909.0
6495,1,920,920.0
6496,1,918,918.0
6497,2,914,457.0
6498,3,908,302.7
6499,2,924,462.0
6500,1,910,910.0
6501,1,922,922.0
6502,1,923,923.0
6503,1,938,938.0
6504,2,914,457.0
6505,1,919,919.0
6506,2,922,461.0
6507,1,925,925.0
6508,1,928,928.0
6509,1,931,931.0
6510,1,933,933.0
6511,2,934,467.0
6512,1,933,933.0
6513,2,926,463.0
6514,2,935,467.5
6515,1,924,924.0
6516,1,930,930.0
6517,2,933,466.5
6518,1,926,926.0
6519,3,938,312.7
6520,3,928,309.3
6521,3,919,306.3
6522,2,910,455.0
6523,1,917,917.0
6524,1,924,924.0
6525,2,934,467.0
6526,2,921,460.5
6527,1,919,919.0
6528,1,914,914.0
6529,2,931,465.5
6530,2,936,468.0
6531,2,928,464.0
6532,2,924,462.0
6533,1,925,925.0
6534,1,912,912.0
6535,1,916,916.0
6536,2,918,459.0
6537,1,920,920.0
6538,1,921,921.0
6539,1,917,917.0
6540,2,927,463.5
6541,1,924,924.0
6542,1,918,918.0
6543,1,918,918.0
6544,1,933,933.0
6545,1,922,922.0
6546,1,931,931.0
6547,1,935,935.0
6548,1,923,923.0
6549,2,925,462.5
6550,1,931,931.0
6551,2,933,466.5
6552,1,932,932.0
6553,1,925,925.0
6554,1,928,928.0
6555,2,918,459.0
6556,1,917,917.0
6557,1,923,923.0
6558,1,922,922.0
6559,1,929,929.0
6560,1,931,931.0
6561,2,934,467.0
6562,1,934,934.0
6563,1,926,926.0
6564,2,926,463.0
6565,1,925,925.0
6566,1,926,926.0
6567,1,923,923.0
6568,1,916,916.0
6569,1,912,912.0
6570,2,919,459.5
6571,1,923,923.0
6572,1,919,919.0
6573,1,914,914.0
6574,2,915,457.5
6575,1,909,909.0
6576,1,916,916.0
6577,1,911,911.0
6578,1,910,910.0
6579,2,917,458.5
6580,2,907,453.5
6581,1,917,917.0
6582,1,922,922.0
6583,1,922,922.0
6584,1,927,927.0
6585,1,921,921.0
6586,1,918,918.0
6587,1,921,921.0
6588,1,921,921.0
6589,1,917,917.0
6590,1,923,923.0
6591,1,923,923.0
6592,1,923,923.0
6593,2,925,462.5
6594,1,921,921.0
6595,1,922,922.0
6596,1,911,911.0
6597,1,925,925.0
6598,2,922,461.0
6599,1,915,915.0
6600,3,937,312.3
6601,1,932,932.0
6602,1,923,923.0
6603,1,914,914.0
6604,1,917,917.0
6605,1,911,911.0
6606,1,924,924.0
6607,1,923,923.0
6608,1,936,936.0
6609,1,935,935.0
6610,1,929,929.0
6611,2,930,465.0
6612,2,915,457.5
6613,1,928,928.0
6614,1,922,922.0
6615,1,918,918.0
6616,1,913,913.0
6617,1,918,918.0
6618,1,919,919.0
6619,1,915,915.0
6620,2,915,457.5
6621,2,914,457.0
6622,2,927,463.5
6623,2,917,458.5
6624,2,919,459.5
6625,2,916,458.0
6626,2,915,457.5
6627,1,910,910.0
6628,1,910,910.0
6629,2,913,456.5
6630,2,911,455.5
6631,1,919,919.0
6632,2,909,454.5
6633,3,920,306.7
6634,1,913,913.0
6635,2,917,458.5
6636,2,908,454.0
6637,2,918,459.0
6638,2,920,460.0
6639,1,906,906.0
6640,2,919,459.5
6641,1,918,918.0
6642,1,922,922.0
6643,1,922,922.0
6644,2,916,458.0
6645,2,922,461.0
6646,2,913,456.5
6647,2,921,460.5
6648,1,922,922.0
6649,1,925,925.0
6650,1,916,916.0
6651,1,916,916.0
6652,1,930,930.0
6653,1,927,927.0
6654,1,917,917.0
6655,1,906,906.0
6656,1,928,928.0
6657,1,911,911.0
6658,2,924,462.0
6659,2,934,467.0
6660,1,930,930.0
6661,1,926,926.0
6662,1,930,930.0
6663,1,932,932.0
6664,1,924,924.0
6665,1,924,924.0
6666,1,922,922.0
6667,1,921,921.0
6668,2,933,466.5
6669,2,933,466.5
6670,1,916,916.0
6671,1,914,914.0
6672,2,913,456.5
6673,1,926,926.0
6674,2,935,467.5
6675,1,910,910.0
6676,1,916,916.0
6677,3,933,311.0
6678,3,924,308.0
6679,2,926,463.0
6680,1,920,920.0
6681,1,938,938.0
6682,2,933,466.5
6683,1,937,937.0
6684,1,930,930.0
6685,2,941,470.5
6686,2,939,469.5
6687,1,931,931.0
6688,2,931,465.5
6689,1,918,918.0
6690,1,931,931.0
6691,2,915,457.5
6692,1,915,915.0
6693,1,906,906.0
6694,1,909,909.0
6695,2,902,451.0
6696,2,916,458.0
6697,1,919,919.0
6698,3,923,307.7
6699,2,914,457.0
6700,2,917,458.5
6701,3,929,309.7
6702,1,915,915.0
6703,2,914,457.0
6704,1,913,913.0
6705,2,927,463.5
6706,1,919,919.0
6707,1,919,919.0
6708,1,909,909.0
6709,2,907,453.5
6710,2,925,462.5
6711,1,926,926.0
6712,1,902,902.0
6713,2,907,453.5
6714,1,904,904.0
6715,1,902,902.0
6716,1,915,915.0
6717,1,916,916.0
6718,1,924,924.0
6719,1,918,918.0
6720,1,922,922.0
6721,1,931,931.0
6722,1,933,933.0
6723,1,924,924.0
6724,1,926,926.0
6725,1,934,934.0
6726,1,931,931.0
6727,1,930,930.0
6728,2,935,467.5
6729,1,928,928.0
6730,1,925,925.0
6731,1,910,910.0
6732,1,920,920.0
6733,1,925,925.0
6734,1,917,917.0
6735,1,922,922.0
6736,1,918,918.0
6737,1,918,918.0
6738,1,922,922.0
6739,1,927,927.0
6740,1,935,935.0
6741,1,932,932.0
6742,1,936,936.0
6743,1,922,922.0
6744,1,920,920.0
6745,2,921,460.5
6746,1,914,914.0
6747,1,925,925.0
6748,1,929,929.0
6749,1,922,922.0
6750,1,925,925.0
6751,1,915,915.0
6752,1,935,935.0
6753,1,933,933.0
6754,1,936,936.0
6755,1,928,928.0
6756,1,932,932.0
6757,1,933,933.0
6758,1,929,929.0
6759,1,925,925.0
6760,1,943,943.0
6761,1,939,939.0
6762,1,937,937.0
6763,1,926,926.0
6764,1,914,914.0
6765,1,919,919.0
6766,1,918,918.0
6767,1,914,914.0
6768,1,916,916.0
6769,1,919,919.0
6770,1,915,915.0
6771,1,910,910.0
6772,1,918,918.0
6773,1,919,919.0
6774,1,919,919.0
6775,1,932,932.0
6776,1,930,930.0
6777,1,934,934.0
6778,2,930,465.0
6779,1,924,924.0
6780,2,930,465.0
6781,1,921,921.0
6782,1,921,921.0
6783,1,927,927.0
6784,1,932,932.0
6785,2,936,468.0
6786,3,931,310.3
6787,1,935,935.0
6788,1,933,933.0
6789,1,927,927.0
6790,1,920,920.0
6791,1,923,923.0
6792,1,916,916.0
6793,1,916,916.0
6794,1,919,919.0
6795,2,912,456.0
6796,1,916,916.0
6797,1,919,919.0
6798,1,929,929.0
6799,2,934,467.0
6800,2,930,465.0
6801,1,928,928.0
6802,2,931,465.5
6803,1,926,926.0
6804,1,924,924.0
6805,1,922,922.0
6806,1,920,920.0
6807,1,916,916.0
6808,1,931,931.0
6809,1,920,920.0
6810,1,930,930.0
6811,1,930,930.0
6812,2,936,468.0
6813,2,940,470.0
6814,1,916,916.0
6815,1,926,926.0
6816,1,920,920.0
6817,3,928,309.3
6818,2,929,464.5
6819,2,931,465.5
6820,1,909,909.0
6821,3,922,307.3
6822,1,902,902.0
6823,1,907,907.0
6824,2,920,460.0
6825,1,905,905.0
6826,1,911,911.0
6827,1,909,909.0
6828,1,910,910.0
6829,1,914,914.0
6830,2,907,453.5
6831,1,908,908.0
6832,2,901,450.5
6833,1,913,913.0
6834,1,912,912.0
6835,4,928,232.0
6836,2,925,462.5
6837,2,917,458.5
6838,1,919,919.0
6839,1,917,917.0
6840,1,921,921.0
6841,1,920,920.0
6842,1,922,922.0
6843,1,915,915.0
6844,1,920,920.0
6845,1,920,920.0
6846,1,914,914.0
6847,1,914,914.0
6848,1,909,909.0
6849,1,909,909.0
6850,1,908,908.0
6851,1,916,916.0
6852,2,922,461.0
6853,2,909,454.5
6854,1,909,909.0
6855,1,915,915.0
6856,1,914,914.0
6857,1,907,907.0
6858,1,911,911.0
6859,1,908,908.0
6860,1,906,906.0
6861,1,900,900.0
6862,1,911,911.0
6863,1,908,908.0
6864,1,913,913.0
6865,1,918,918.0
6866,1,909,909.0
6867,1,922,922.0
6868,2,918,459.0
6869,1,924,924.0
6870,1,925,925.0
6871,1,927,927.0
6872,1,920,920.0
6873,2,917,458.5
6874,1,918,918.0
6875,1,916,916.0
6876,1,923,923.0
6877,1,922,922.0
6878,2,926,463.0
6879,1,926,926.0
6880,1,926,926.0
6881,1,921,921.0
6882,2,929,464.5
6883,2,921,460.5
6884,2,925,462.5
6885,2,917,458.5
6886,2,910,455.0
6887,2,928,464.0
6888,2,919,459.5
6889,2,936,468.0
6890,2,930,465.0
6891,1,941,941.0
6892,1,917,917.0
6893,1,919,919.0
6894,1,920,920.0
6895,1,927,927.0
6896,1,923,923.0
6897,1,919,919.0
6898,1,930,930.0
6899,1,931,931.0
6900,1,930,930.0
6901,1,915,915.0
6902,1,915,915.0
6903,1,917,917.0
6904,1,928,928.0
6905,1,931,931.0
6906,1,926,926.0
6907,1,927,927.0
6908,1,924,924.0
6909,1,924,924.0
6910,1,941,941.0
6911,1,923,923.0
6912,1,927,927.0
6913,1,919,919.0
6914,1,921,921.0
6915,1,917,917.0
6916,2,918,459.0
6917,1,926,926.0
6918,2,933,466.5
6919,2,927,463.5
6920,2,929,464.5
6921,2,919,459.5
6922,2,933,466.5
6923,2,918,459.0
6924,1,925,925.0
6925,2,940,470.0
6926,1,924,924.0
6927,2,920,460.0
6928,1,920,920.0
6929,1,912,912.0
6930,1,923,923.0
6931,1,908,908.0
6932,1,913,913.0
6933,2,920,460.0
6934,1,923,923.0
6935,1,921,921.0
6936,1,937,937.0
6937,1,923,923.0
6938,2,921,460.5
6939,1,926,926.0
6940,1,922,922.0
6941,1,922,922.0
6942,1,925,925.0
6943,1,924,924.0
6944,1,917,917.0
6945,1,930,930.0
6946,2,927,463.5
6947,1,918,918.0
6948,1,929,929.0
6949,1,924,924.0
6950,1,921,921.0
6951,2,922,461.0
6952,1,916,916.0
6953,1,916,916.0
6954,1,913,913.0
6955,1,910,910.0
6956,1,911,911.0
6957,1,911,911.0
6958,3,934,311.3
6959,1,920,920.0
6960,2,920,460.0
6961,2,918,459.0
6962,1,912,912.0
6963,2,913,456.5
6964,2,926,463.0
6965,2,922,461.0
6966,1,933,933.0
6967,2,927,463.5
6968,1,910,910.0
6969,1,918,918.0
6970,1,898,898.0
6971,1,920,920.0
6972,1,926,926.0
6973,1,921,921.0
6974,1,925,925.0
6975,1,912,912.0
6976,1,908,908.0
6977,1,907,907.0
6978,1,903,903.0
6979,1,906,906.0
6980,2,902,451.0
6981,1,897,897.0
6982,1,908,908.0
6983,2,921,460.5
6984,1,920,920.0
6985,2,915,457.5
6986,2,914,457.0
6987,2,927,463.5
6988,2,907,453.5
6989,1,903,903.0
6990,1,912,912.0
6991,1,910,910.0
6992,1,905,905.0
6993,2,918,459.0
6994,2,922,461.0
6995,2,933,466.5
6996,1,923,923.0
6997,1,920,920.0
6998,1,915,915.0
6999,1,912,912.0
7000,1,907,907.0
7001,1,911,911.0
7002,1,902,902.0
7003,1,912,912.0
7004,1,910,910.0
7005,1,902,902.0
7006,1,912,912.0
7007,1,908,908.0
7008,2,914,457.0
7009,1,924,924.0
7010,1,924,924.0
7011,2,926,463.0
7012,2,921,460.5
7013,1,922,922.0
7014,2,920,460.0
7015,2,928,464.0
7016,1,919,919.0
7017,1,924,924.0
7018,1,917,917.0
7019,1,924,924.0
7020,1,921,921.0
7021,1,913,913.0
7022,2,913,456.5
7023,2,919,459.5
7024,1,918,918.0
7025,1,913,913.0
7026,1,915,915.0
7027,1,918,918.0
7028,1,913,913.0
7029,1,931,931.0
7030,1,912,912.0
7031,1,918,918.0
7032,1,924,924.0
7033,1,925,925.0
7034,1,922,922.0
7035,1,909,909.0
7036,1,920,920.0
7037,1,922,922.0
7038,1,923,923.0
7039,1,916,916.0
7040,1,911,911.0
7041,1,920,920.0
7042,1,912,912.0
7043,1,916,916.0
7044,1,921,921.0
7045,1,913,913.0
7046,1,905,905.0
7047,1,915,915.0
7048,2,929,464.5
7049,1,916,916.0
7050,1,918,918.0
7051,1,920,920.0
7052,1,911,911.0
7053,1,918,918.0
7054,1,917,917.0
7055,1,912,912.0
7056,1,923,923.0
7057,1,909,909.0
7058,1,908,908.0
7059,1,903,903.0
7060,2,907,453.5
7061,1,916,916.0
7062,1,911,911.0
7063,1,915,915.0
7064,1,916,916.0
7065,1,908,908.0
7066,1,914,914.0
7067,1,909,909.0
7068,1,920,920.0
7069,1,904,904.0
7070,1,908,908.0
7071,1,914,914.0
7072,1,908,908.0
7073,1,905,905.0
7074,1,908,908.0
7075,1,916,916.0
7076,1,913,913.0
7077,2,920,460.0
7078,1,913,913.0
7079,1,909,909.0
7080,2,918,459.0
7081,2,913,456.5
7082,3,913,304.3
7083,2,912,456.0
7084,2,915,457.5
7085,2,914,457.0
7086,2,915,457.5
7087,2,909,454.5
7088,1,899,899.0
7089,3,907,302.3
7090,2,905,452.5
7091,1,906,906.0
7092,1,894,894.0
7093,1,919,919.0
7094,2,911,455.5
7095,3,922,307.3
7096,2,907,453.5
7097,2,910,455.0
7098,2,920,460.0
7099,2,929,464.5
7100,2,920,460.0
7101,1,911,911.0
7102,2,913,456.5
7103,3,920,306.7
7104,2,920,460.0
7105,2,916,458.0
7106,1,928,928.0
7107,1,911,911.0
7108,1,917,917.0
7109,1,922,922.0
7110,1,922,922.0
7111,1,914,914.0
7112,2,912,456.0
7113,2,908,454.0
7114,3,917,305.7
7115,1,907,907.0
7116,1,920,920.0
7117,2,928,464.0
7118,1,915,915.0
7119,1,924,924.0
7120,1,911,911.0
7121,4,919,229.8
7122,2,917,458.5
7123,2,917,458.5
7124,2,928,464.0
7125,2,922,461.0
7126,2,937,468.5
7127,2,924,462.0
7128,4,932,233.0
7129,2,924,462.0
7130,2,922,461.0
7131,2,921,460.5
7132,2,926,463.0
7133,1,926,926.0
7134,1,929,929.0
7135,1,908,908.0
7136,1,911,911.0
7137,2,921,460.5
7138,2,927,463.5
7139,1,921,921.0
7140,2,915,457.5
7141,1,915,915.0
7142,2,930,465.0
7143,3,932,310.7
7144,3,926,308.7
7145,2,926,463.0
7146,1,921,921.0
7147,2,923,461.5
7148,1,921,921.0
7149,2,918,459.0
7150,1,924,924.0
7151,1,923,923.0
7152,1,910,910.0
7153,1,916,916.0
7154,1,913,913.0
7155,1,924,924.0
7156,2,927,463.5
7157,1,930,930.0
7158,1,916,916.0
7159,1,913,913.0
7160,2,920,460.0
7161,2,917,458.5
7162,2,925,462.5
7163,2,921,460.5
7164,1,918,918.0
7165,1,924,924.0
7166,1,923,923.0
7167,1,907,907.0
7168,1,919,919.0
7169,1,920,920.0
7170,1,909,909.0
7171,1,918,918.0
7172,1,902,902.0
7173,1,906,906.0
7174,1,923,923.0
7175,1,921,921.0
7176,1,925,925.0
7177,1,921,921.0
7178,2,928,464.0
7179,1,925,925.0
7180,1,914,914.0
7181,2,921,460.5
7182,1,912,912.0
7183,1,919,919.0
7184,1,923,923.0
7185,1,929,929.0
7186,1,931,931.0
7187,2,930,465.0
7188,1,917,917.0
7189,1,934,934.0
7190,1,927,927.0
7191,1,922,922.0
7192,1,933,933.0
7193,1,921,921.0
7194,2,925,462.5
7195,2,931,465.5
7196,1,922,922.0
7197,2,924,462.0
7198,1,915,915.0
7199,1,914,914.0
7200,1,924,924.0
7201,2,925,462.5
7202,1,925,925.0
7203,1,923,923.0
7204,1,927,927.0
7205,1,922,922.0
7206,1,924,924.0
7207,1,922,922.0
7208,1,930,930.0
7209,1,924,924.0
7210,1,927,927.0
7211,1,920,920.0
7212,1,917,917.0
7213,1,918,918.0
7214,1,921,921.0
7215,1,922,922.0
7216,1,915,915.0
7217,1,923,923.0
7218,1,910,910.0
7219,1,916,916.0
7220,1,917,917.0
7221,1,926,926.0
7222,2,927,463.5
7223,1,928,928.0
7224,1,914,914.0
7225,2,926,463.0
7226,1,911,911.0
7227,1,916,916.0
7228,2,918,459.0
7229,1,919,919.0
7230,1,925,925.0
7231,1,926,926.0
7232,2,926,463.0
7233,2,924,462.0
7234,2,928,464.0
7235,1,920,920.0
7236,2,922,461.0
7237,1,931,931.0
7238,1,925,925.0
7239,1,924,924.0
7240,1,930,930.0
7241,1,929,929.0
7242,1,932,932.0
7243,1,932,932.0
7244,2,922,461.0
7245,1,925,925.0
7246,1,929,929.0
7247,1,912,912.0
7248,1,920,920.0
7249,1,924,924.0
7250,1,917,917.0
7251,1,921,921.0
7252,1,931,931.0
7253,1,919,919.0
7254,1,927,927.0
7255,1,926,926.0
7256,2,928,464.0
7257,2,926,463.0
7258,2,923,461.5
7259,1,923,923.0
7260,1,927,927.0
7261,1,915,915.0
7262,1,918,918.0
7263,1,915,915.0
7264,1,918,918.0
7265,1,918,918.0
7266,2,922,461.0
7267,2,920,460.0
7268,1,910,910.0
7269,1,902,902.0
7270,1,918,918.0
7271,1,922,922.0
7272,1,914,914.0
7273,1,912,912.0
7274,1,906,906.0
7275,1,908,908.0
7276,1,910,910.0
7277,1,902,902.0
7278,2,924,462.0
7279,2,923,461.5
7280,2,919,459.5
7281,1,913,913.0
7282,1,911,911.0
7283,1,907,907.0
7284,1,916,916.0
7285,1,917,917.0
7286,1,921,921.0
7287,1,929,929.0
7288,1,922,922.0
7289,1,921,921.0
7290,1,924,924.0
7291,1,933,933.0
7292,1,917,917.0
7293,1,929,929.0
7294,1,926,926.0
7295,1,937,937.0
7296,1,929,929.0
7297,1,928,928.0
7298,1,925,925.0
7299,1,922,922.0
7300,1,928,928.0
7301,1,926,926.0
7302,1,920,920.0
7303,1,918,918.0
7304,1,916,916.0
7305,1,917,917.0
7306,1,926,926.0
7307,1,918,918.0
7308,1,920,920.0
7309,1,911,911.0
7310,1,917,917.0
7311,1,914,914.0
7312,1,917,917.0
7313,1,913,913.0
7314,1,915,915.0
7315,1,916,916.0
7316,1,912,912.0
7317,1,921,921.0
7318,1,915,915.0
7319,2,926,463.0
7320,2,933,466.5
7321,2,930,465.0
7322,2,929,464.5
7323,1,921,921.0
7324,1,921,921.0
7325,1,919,919.0
7326,1,919,919.0
7327,1,926,926.0
7328,1,914,914.0
7329,1,926,926.0
7330,1,915,915.0
7331,1,922,922.0
7332,1,912,912.0
7333,1,918,918.0
7334,1,921,921.0
7335,2,916,458.0
7336,1,922,922.0
7337,2,923,461.5
7338,1,914,914.0
7339,1,906,906.0
7340,1,913,913.0
7341,1,919,919.0
7342,1,918,918.0
7343,1,919,919.0
7344,1,920,920.0
7345,1,919,919.0
7346,1,914,914.0
7347,1,924,924.0
7348,1,915,915.0
7349,2,913,456.5
7350,1,911,911.0
7351,1,918,918.0
7352,1,914,914.0
7353,1,916,916.0
7354,1,928,928.0
7355,2,928,464.0
7356,1,930,930.0
7357,1,923,923.0
7358,1,914,914.0
7359,1,917,917.0
7360,1,920,920.0
7361,1,927,927.0
7362,1,925,925.0
7363,1,921,921.0
7364,1,923,923.0
7365,1,915,915.0
7366,1,919,919.0
7367,1,929,929.0
7368,1,931,931.0
7369,1,931,931.0
7370,1,929,929.0
7371,1,933,933.0
7372,1,929,929.0
7373,1,926,926.0
7374,1,927,927.0
7375,1,932,932.0
7376,1,930,930.0
7377,1,938,938.0
7378,1,940,940.0
7379,1,940,940.0
7380,2,940,470.0
7381,1,934,934.0
7382,1,929,929.0
7383,1,936,936.0
7384,1,940,940.0
7385,1,936,936.0
7386,1,939,939.0
7387,1,932,932.0
7388,1,935,935.0
7389,1,944,944.0
7390,1,927,927.0
7391,2,948,474.0
7392,1,948,948.0
7393,1,952,952.0
7394,1,943,943.0
7395,1,949,949.0
7396,1,939,939.0
7397,1,943,943.0
7398,1,939,939.0
7399,1,940,940.0
7400,2,949,474.5
7401,1,942,942.0
7402,1,951,951.0
7403,1,941,941.0
7404,1,946,946.0
7405,1,954,954.0
7406,1,948,948.0
7407,1,956,956.0
7408,2,948,474.0
7409,2,940,470.0
7410,1,947,947.0
7411,1,949,949.0
7412,1,948,948.0
7413,1,945,945.0
7414,1,940,940.0
7415,1,945,945.0
7416,1,945,945.0
7417,1,951,951.0
7418,1,948,948.0
7419,1,943,943.0
7420,1,940,940.0
7421,1,948,948.0
7422,1,942,942.0
7423,1,939,939.0
7424,1,944,944.0
7425,1,940,940.0
7426,1,944,944.0
7427,1,943,943.0
7428,1,946,946.0
7429,1,951,951.0
7430,2,956,478.0
7431,1,940,940.0
7432,1,948,948.0
7433,1,949,949.0
7434,1,950,950.0
7435,1,952,952.0
7436,1,952,952.0
7437,1,958,958.0
7438,1,955,955.0
7439,1,950,950.0
7440,1,957,957.0
7441,1,956,956.0
7442,1,956,956.0
7443,1,953,953.0
7444,1,953,953.0
7445,1,951,951.0
7446,1,951,951.0
7447,1,954,954.0
7448,1,942,942.0
7449,1,947,947.0
7450,1,951,951.0
7451,1,952,952.0
7452,1,954,954.0
7453,1,946,946.0
7454,1,939,939.0
7455,2,945,472.5
7456,1,938,938.0
7457,1,949,949.0
7458,1,953,953.0
7459,1,948,948.0
7460,1,942,942.0
7461,1,934,934.0
7462,1,944,944.0
7463,2,937,468.5
7464,1,929,929.0
7465,1,943,943.0
7466,2,935,467.5
7467,1,935,935.0
7468,2,932,466.0
7469,1,936,936.0
7470,1,932,932.0
7471,1,938,938.0
7472,1,933,933.0
7473,1,934,934.0
7474,1,945,945.0
7475,1,943,943.0
7476,1,934,934.0
7477,1,935,935.0
7478,1,935,935.0
7479,1,937,937.0
7480,2,932,466.0
7481,1,934,934.0
7482,1,934,934.0
7483,1,931,931.0
7484,1,925,925.0
7485,1,941,941.0
7486,1,943,943.0
7487,1,934,934.0
7488,1,926,926.0
7489,1,927,927.0
7490,1,931,931.0
7491,1,929,929.0
7492,1,932,932.0
7493,1,928,928.0
7494,1,923,923.0
7495,1,945,945.0
7496,1,947,947.0
7497,1,936,936.0
7498,1,916,916.0
7499,1,929,929.0
7500,1,919,919.0
7501,1,923,923.0
7502,2,921,460.5
7503,2,912,456.0
7504,2,922,461.0
7505,1,914,914.0
7506,1,914,914.0
7507,1,919,919.0
7508,1,918,918.0
7509,1,930,930.0
7510,1,933,933.0
7511,1,928,928.0
7512,1,927,927.0
7513,2,924,462.0
7514,1,925,925.0
7515,1,927,927.0
7516,1,924,924.0
7517,1,922,922.0
7518,1,928,928.0
7519,1,929,929.0
7520,1,934,934.0
7521,1,926,926.0
7522,1,932,932.0
7523,1,923,923.0
7524,1,936,936.0
7525,2,928,464.0
7526,1,936,936.0
7527,1,926,926.0
7528,1,945,945.0
7529,1,933,933.0
7530,1,942,942.0
7531,3,944,314.7
7532,2,935,467.5
7533,1,940,940.0
7534,1,935,935.0
7535,2,952,476.0
7536,1,941,941.0
7537,1,946,946.0
7538,1,943,943.0
7539,1,947,947.0
7540,2,945,472.5
7541,1,944,944.0
7542,1,934,934.0
7543,2,941,470.5
7544,2,933,466.5
7545,1,930,930.0
7546,1,927,927.0
7547,1,934,934.0
7548,2,939,469.5
7549,1,935,935.0
7550,1,935,935.0
7551,1,935,935.0
7552,1,930,930.0
7553,1,928,928.0
7554,1,923,923.0
7555,1,934,934.0
7556,3,937,312.3
7557,1,936,936.0
7558,2,927,463.5
7559,1,934,934.0
7560,1,917,917.0
7561,1,916,916.0
7562,1,922,922.0
7563,1,918,918.0
7564,2,911,455.5
7565,1,916,916.0
7566,1,931,931.0
7567,1,930,930.0
7568,2,935,467.5
7569,1,933,933.0
7570,2,938,469.0
7571,1,931,931.0
7572,1,920,920.0
7573,1,925,925.0
7574,2,927,463.5
7575,1,928,928.0
7576,1,932,932.0
7577,2,937,468.5
7578,2,938,469.0
7579,4,938,234.5
7580,1,926,926.0
7581,2,927,463.5
7582,2,940,470.0
7583,2,933,466.5
7584,3,941,313.7
7585,2,931,465.5
7586,1,916,916.0
7587,1,932,932.0
7588,2,934,467.0
7589,1,932,932.0
7590,1,931,931.0
7591,2,936,468.0
7592,2,936,468.0
7593,2,940,470.0
7594,2,936,468.0
7595,2,944,472.0
7596,2,941,470.5
7597,1,938,938.0
7598,2,932,466.0
7599,1,921,921.0
7600,1,929,929.0
7601,1,931,931.0
7602,1,925,925.0
7603,1,925,925.0
7604,1,928,928.0
7605,1,932,932.0
7606,1,930,930.0
7607,1,934,934.0
7608,1,938,938.0
7609,2,932,466.0
7610,1,938,938.0
7611,2,929,464.5
7612,2,928,464.0
7613,2,929,464.5
7614,1,931,931.0
7615,1,937,937.0
7616,1,927,927.0
7617,1,925,925.0
7618,2,928,464.0
7619,1,920,920.0
7620,1,925,925.0
7621,1,932,932.0
7622,1,931,931.0
7623,2,931,465.5
7624,1,925,925.0
7625,1,929,929.0
7626,1,926,926.0
7627,1,924,924.0
7628,1,926,926.0
7629,2,922,461.0
7630,2,933,466.5
7631,1,932,932.0
7632,2,926,463.0
7633,1,923,923.0
7634,1,930,930.0
7635,1,916,916.0
7636,2,920,460.0
7637,1,934,934.0
7638,1,932,932.0
7639,1,935,935.0
7640,1,924,924.0
7641,2,928,464.0
7642,1,926,926.0
7643,1,917,917.0
7644,1,916,916.0
7645,1,912,912.0
7646,1,913,913.0
7647,2,919,459.5
7648,2,924,462.0
7649,1,924,924.0
7650,1,919,919.0
7651,1,931,931.0
7652,1,930,930.0
7653,1,927,927.0
7654,1,917,917.0
7655,1,927,927.0
7656,1,920,920.0
7657,1,913,913.0
7658,2,927,463.5
7659,1,921,921.0
7660,1,931,931.0
7661,1,918,918.0
7662,1,924,924.0
7663,2,935,467.5
7664,1,942,942.0
7665,1,937,937.0
7666,1,913,913.0
7667,1,928,928.0
7668,2,923,461.5
7669,1,925,925.0
7670,1,929,929.0
7671,1,931,931.0
7672,1,926,926.0
7673,1,928,928.0
7674,1,925,925.0
7675,1,926,926.0
7676,2,932,466.0
7677,1,919,919.0
7678,2,932,466.0
7679,1,923,923.0
7680,1,919,919.0
7681,1,920,920.0
7682,1,918,918.0
7683,1,923,923.0
7684,1,911,911.0
7685,1,919,919.0
7686,1,900,900.0
7687,1,919,919.0
7688,1,929,929.0
7689,1,918,918.0
7690,1,929,929.0
7691,1,926,926.0
7692,1,926,926.0
7693,1,929,929.0
7694,1,924,924.0
7695,1,929,929.0
7696,1,919,919.0
7697,1,918,918.0
7698,1,922,922.0
7699,1,913,913.0
7700,1,929,929.0
7701,1,922,922.0
7702,2,931,465.5
7703,1,926,926.0
7704,1,930,930.0
7705,1,922,922.0
7706,1,914,914.0
7707,2,917,458.5
7708,1,921,921.0
7709,1,912,912.0
7710,1,917,917.0
7711,2,916,458.0
7712,1,916,916.0
7713,1,922,922.0
7714,1,920,920.0
7715,1,920,920.0
7716,1,914,914.0
7717,3,927,309.0
7718,1,920,920.0
7719,1,918,918.0
7720,1,912,912.0
7721,1,904,904.0
7722,1,922,922.0
7723,1,924,924.0
7724,1,924,924.0
7725,1,927,927.0
7726,1,915,915.0
7727,1,924,924.0
7728,2,929,464.5
7729,2,934,467.0
7730,2,928,464.0
7731,2,928,464.0
7732,2,919,459.5
7733,1,920,920.0
7734,2,934,467.0
7735,2,924,462.0
7736,2,923,461.5
7737,1,915,915.0
7738,2,918,459.0
7739,2,918,459.0
7740,1,914,914.0
7741,1,915,915.0
7742,1,921,921.0
7743,1,918,918.0
7744,1,917,917.0
7745,1,909,909.0
7746,1,918,918.0
7747,1,916,916.0
7748,1,919,919.0
7749,1,920,920.0
7750,1,925,925.0
7751,1,933,933.0
7752,2,927,463.5
7753,1,919,919.0
7754,1,919,919.0
7755,1,917,917.0
7756,1,915,915.0
7757,1,931,931.0
7758,1,916,916.0
7759,1,921,921.0
7760,1,917,917.0
7761,1,923,923.0
7762,1,922,922.0
7763,1,928,928.0
7764,1,927,927.0
7765,1,913,913.0
7766,1,917,917.0
7767,2,922,461.0
7768,1,921,921.0
7769,1,918,918.0
7770,1,909,909.0
7771,1,935,935.0
7772,1,920,920.0
7773,1,918,918.0
7774,1,908,908.0
7775,2,918,459.0
7776,1,913,913.0
7777,2,908,454.0
7778,1,914,914.0
7779,1,919,919.0
7780,1,916,916.0
7781,1,901,901.0
7782,1,927,927.0
7783,1,915,915.0
7784,1,907,907.0
7785,1,899,899.0
7786,1,909,909.0
7787,2,917,458.5
7788,1,916,916.0
7789,1,907,907.0
7790,1,908,908.0
7791,1,915,915.0
7792,2,912,456.0
7793,1,915,915.0
7794,2,905,452.5
7795,1,907,907.0
7796,1,916,916.0
7797,1,909,909.0
7798,1,918,918.0
7799,2,922,461.0
7800,1,916,916.0
7801,1,919,919.0
7802,1,929,929.0
7803,2,919,459.5
7804,1,927,927.0
7805,1,910,910.0
7806,1,910,910.0
7807,1,915,915.0
7808,1,924,924.0
7809,1,933,933.0
7810,1,925,925.0
7811,1,933,933.0
7812,1,910,910.0
7813,1,917,917.0
7814,1,919,919.0
7815,1,931,931.0
7816,1,934,934.0
7817,1,927,927.0
7818,1,933,933.0
7819,1,926,926.0
7820,1,933,933.0
7821,1,929,929.0
7822,1,934,934.0
7823,1,929,929.0
7824,1,932,932.0
7825,1,931,931.0
7826,1,923,923.0
7827,1,929,929.0
7828,1,920,920.0
7829,2,929,464.5
7830,1,917,917.0
7831,1,930,930.0
7832,1,923,923.0
7833,1,915,915.0
7834,1,923,923.0
7835,1,931,931.0
7836,1,923,923.0
7837,1,926,926.0
7838,1,925,925.0
7839,1,926,926.0
7840,1,921,921.0
7841,1,926,926.0
7842,1,908,908.0
7843,1,920,920.0
7844,1,924,924.0
7845,1,928,928.0
7846,1,922,922.0
7847,1,914,914.0
7848,1,913,913.0
7849,1,920,920.0
7850,1,925,925.0
7851,1,928,928.0
7852,2,929,464.5
7853,1,917,917.0
7854,1,917,917.0
7855,1,929,929.0
7856,1,921,921.0
7857,1,912,912.0
7858,1,926,926.0
7859,1,925,925.0
7860,1,917,917.0
7861,1,922,922.0
7862,1,922,922.0
7863,1,925,925.0
7864,1,921,921.0
7865,1,921,921.0
7866,1,930,930.0
7867,1,916,916.0
7868,1,917,917.0
7869,1,914,914.0
7870,1,923,923.0
7871,1,925,925.0
7872,1,929,929.0
7873,1,920,920.0
7874,2,933,466.5
7875,1,926,926.0
7876,2,930,465.0
7877,1,934,934.0
7878,1,928,928.0
7879,1,925,925.0
7880,1,921,921.0
7881,1,918,918.0
7882,3,929,309.7
7883,1,915,915.0
7884,1,924,924.0
7885,3,921,307.0
7886,1,921,921.0
7887,1,908,908.0
7888,1,910,910.0
7889,2,931,465.5
7890,2,924,462.0
7891,1,921,921.0
7892,1,928,928.0
7893,1,927,927.0
7894,1,915,915.0
7895,2,920,460.0
7896,2,929,464.5
7897,1,924,924.0
7898,1,921,921.0
7899,1,923,923.0
7900,1,920,920.0
7901,1,925,925.0
7902,1,928,928.0
7903,1,926,926.0
7904,1,924,924.0
7905,1,929,929.0
7906,1,932,932.0
7907,1,933,933.0
7908,1,922,922.0
7909,1,925,925.0
7910,1,930,930.0
7911,1,924,924.0
7912,1,925,925.0
7913,1,926,926.0
7914,1,924,924.0
7915,1,929,929.0
7916,1,917,917.0
7917,1,927,927.0
7918,1,918,918.0
7919,1,930,930.0
7920,1,914,914.0
7921,1,926,926.0
7922,1,927,927.0
7923,1,917,917.0
7924,1,927,927.0
7925,1,943,943.0
7926,1,928,928.0
7927,1,925,925.0
7928,1,938,938.0
7929,1,925,925.0
7930,1,940,940.0
7931,1,933,933.0
7932,1,932,932.0
7933,1,926,926.0
7934,1,929,929.0
7935,1,930,930.0
7936,1,928,928.0
7937,1,915,915.0
7938,1,923,923.0
7939,1,926,926.0
7940,1,928,928.0
7941,1,923,923.0
7942,1,929,929.0
7943,1,930,930.0
7944,1,931,931.0
7945,2,936,468.0
7946,1,924,924.0
7947,1,932,932.0
7948,1,935,935.0
7949,1,934,934.0
7950,1,927,927.0
7951,1,927,927.0
7952,1,931,931.0
7953,1,925,925.0
7954,2,928,464.0
7955,1,929,929.0
7956,1,930,930.0
7957,1,934,934.0
7958,1,915,915.0
7959,1,918,918.0
7960,1,921,921.0
7961,1,921,921.0
7962,1,924,924.0
7963,1,924,924.0
7964,1,925,925.0
7965,1,936,936.0
7966,1,930,930.0
7967,1,933,933.0
7968,1,930,930.0
7969,1,932,932.0
7970,1,927,927.0
7971,1,929,929.0
7972,1,934,934.0
7973,1,932,932.0
7974,1,931,931.0
7975,1,941,941.0
7976,1,935,935.0
7977,1,932,932.0
7978,1,926,926.0
7979,1,932,932.0
7980,1,924,924.0
7981,1,927,927.0
7982,1,924,924.0
7983,1,913,913.0
7984,1,920,920.0
7985,2,929,464.5
7986,2,931,465.5
7987,1,927,927.0
7988,1,910,910.0
7989,2,918,459.0
7990,1,917,917.0
7991,1,914,914.0
7992,2,924,462.0
7993,2,921,460.5
7994,1,919,919.0
7995,1,929,929.0
7996,2,916,458.0
7997,2,929,464.5
7998,2,931,465.5
7999,1,934,934.0
8000,1,934,934.0
8001,1,933,933.0
8002,1,926,926.0
8003,1,925,925.0
8004,1,935,935.0
8005,1,932,932.0
8006,1,927,927.0
8007,1,933,933.0
8008,1,919,919.0
8009,1,928,928.0
8010,1,914,914.0
8011,2,919,459.5
8012,2,923,461.5
8013,2,925,462.5
8014,2,918,459.0
8015,2,932,466.0
8016,2,924,462.0
8017,1,915,915.0
8018,2,925,462.5
8019,1,922,922.0
8020,2,924,462.0
8021,2,917,458.5
8022,2,912,456.0
8023,2,924,462.0
8024,2,918,459.0
8025,1,928,928.0
8026,2,921,460.5
8027,1,923,923.0
8028,1,932,932.0
8029,1,927,927.0
8030,1,937,937.0
8031,1,924,924.0
8032,1,931,931.0
8033,2,937,468.5
8034,1,926,926.0
8035,1,927,927.0
8036,1,926,926.0
8037,1,930,930.0
8038,1,917,917.0
8039,1,929,929.0
8040,1,926,926.0
8041,1,920,920.0
8042,1,921,921.0
8043,2,925,462.5
8044,1,914,914.0
8045,1,909,909.0
8046,1,924,924.0
8047,1,921,921.0
8048,1,925,925.0
8049,1,927,927.0
8050,1,925,925.0
8051,1,913,913.0
8052,1,931,931.0
8053,1,923,923.0
8054,1,926,926.0
8055,1,936,936.0
8056,1,931,931.0
8057,1,934,934.0
8058,1,926,926.0
8059,1,920,920.0
8060,1,923,923.0
8061,1,927,927.0
8062,1,923,923.0
8063,1,923,923.0
8064,1,921,921.0
8065,1,926,926.0
8066,1,925,925.0
8067,1,929,929.0
8068,1,926,926.0
8069,1,920,920.0
8070,1,926,926.0
8071,1,925,925.0
8072,1,931,931.0
8073,1,927,927.0
8074,1,929,929.0
8075,1,932,932.0
8076,1,926,926.0
8077,1,933,933.0
8078,1,931,931.0
8079,1,923,923.0
8080,1,935,935.0
8081,1,933,933.0
8082,1,924,924.0
8083,1,922,922.0
8084,1,937,937.0
8085,1,933,933.0
8086,1,940,940.0
8087,1,938,938.0
8088,1,942,942.0
8089,1,939,939.0
8090,1,949,949.0
8091,1,934,934.0
8092,1,944,944.0
8093,1,933,933.0
8094,1,936,936.0
8095,1,933,933.0
8096,1,933,933.0
8097,1,935,935.0
8098,1,926,926.0
8099,1,931,931.0
8100,1,925,925.0
8101,1,921,921.0
8102,1,924,924.0
8103,1,926,926.0
8104,1,940,940.0
8105,2,940,470.0
8106,1,942,942.0
8107,1,932,932.0
8108,1,929,929.0
8109,1,933,933.0
8110,1,933,933.0
8111,1,935,935.0
8112,1,931,931.0
8113,1,933,933.0
8114,1,937,937.0
8115,1,921,921.0
8116,1,938,938.0
8117,1,941,941.0
8118,1,936,936.0
8119,1,933,933.0
8120,1,938,938.0
8121,1,940,940.0
8122,1,930,930.0
8123,1,925,925.0
8124,1,927,927.0
8125,2,928,464.0
8126,1,926,926.0
8127,2,938,469.0
8128,1,924,924.0
8129,1,934,934.0
8130,2,933,466.5
8131,1,917,917.0
8132,1,934,934.0
8133,1,922,922.0
8134,1,925,925.0
8135,1,926,926.0
8136,1,925,925.0
8137,1,919,919.0
8138,1,917,917.0
8139,1,922,922.0
8140,1,934,934.0
8141,2,927,463.5
8142,1,920,920.0
8143,1,926,926.0
8144,1,917,917.0
8145,1,926,926.0
8146,2,926,463.0
8147,3,937,312.3
8148,1,929,929.0
8149,1,929,929.0
8150,1,934,934.0
8151,2,934,467.0
8152,2,928,464.0
8153,1,919,919.0
8154,1,939,939.0
8155,1,943,943.0
8156,1,927,927.0
8157,1,924,924.0
8158,1,925,925.0
8159,1,931,931.0
8160,2,944,472.0
8161,1,925,925.0
8162,1,932,932.0
8163,1,926,926.0
8164,1,921,921.0
8165,1,924,924.0
8166,1,928,928.0
8167,1,931,931.0
8168,1,923,923.0
8169,1,925,925.0
8170,1,924,924.0
8171,1,918,918.0
8172,1,924,924.0
8173,1,921,921.0
8174,1,918,918.0
8175,1,918,918.0
8176,2,917,458.5
8177,1,913,913.0
8178,1,913,913.0
8179,1,928,928.0
8180,1,924,924.0
8181,1,928,928.0
8182,1,934,934.0
8183,1,941,941.0
8184,1,931,931.0
8185,1,948,948.0
8186,1,948,948.0
8187,1,938,938.0
8188,1,939,939.0
8189,1,944,944.0
8190,1,937,937.0
8191,1,932,932.0
8192,2,947,473.5
8193,1,937,937.0
8194,1,940,940.0
8195,1,937,937.0
8196,1,937,937.0
8197,1,944,944.0
8198,1,936,936.0
8199,1,934,934.0
8200,1,930,930.0
8201,2,938,469.0
8202,1,927,927.0
8203,2,928,464.0
8204,2,924,462.0
8205,1,918,918.0
8206,1,923,923.0
8207,1,925,925.0
8208,1,931,931.0
8209,2,933,466.5
8210,1,927,927.0
8211,1,933,933.0
8212,2,934,467.0
8213,1,938,938.0
8214,1,930,930.0
8215,2,933,466.5
8216,1,931,931.0
8217,1,932,932.0
8218,1,929,929.0
8219,1,929,929.0
8220,1,932,932.0
8221,1,933,933.0
8222,1,916,916.0
8223,1,923,923.0
8224,1,925,925.0
8225,1,921,921.0
8226,2,928,464.0
8227,1,936,936.0
8228,1,929,929.0
8229,1,935,935.0
8230,1,922,922.0
8231,1,930,930.0
8232,1,923,923.0
8233,1,931,931.0
8234,1,934,934.0
8235,1,926,926.0
8236,1,926,926.0
8237,1,937,937.0
8238,1,927,927.0
8239,1,919,919.0
8240,1,929,929.0
8241,1,920,920.0
8242,1,927,927.0
8243,1,921,921.0
8244,1,919,919.0
8245,1,920,920.0
8246,1,918,918.0
8247,1,928,928.0
8248,1,924,924.0
8249,1,926,926.0
8250,2,928,464.0
8251,2,926,463.0
8252,3,925,308.3
8253,1,923,923.0
8254,1,926,926.0
8255,1,939,939.0
8256,1,930,930.0
8257,1,931,931.0
8258,1,929,929.0
8259,1,935,935.0
8260,1,935,935.0
8261,1,926,926.0
8262,1,930,930.0
8263,1,932,932.0
8264,1,926,926.0
8265,1,933,933.0
8266,1,926,926.0
8267,1,926,926.0
8268,1,923,923.0
8269,1,934,934.0
8270,1,927,927.0
8271,1,926,926.0
8272,1,925,925.0
8273,1,926,926.0
8274,1,925,925.0
8275,1,929,929.0
8276,2,934,467.0
8277,1,929,929.0
8278,1,939,939.0
8279,1,930,930.0
8280,2,944,472.0
8281,1,932,932.0
8282,1,925,925.0
8283,1,922,922.0
8284,1,929,929.0
8285,1,924,924.0
8286,1,914,914.0
8287,2,934,467.0
8288,1,925,925.0
8289,1,925,925.0
8290,1,921,921.0
8291,1,925,925.0
8292,1,920,920.0
8293,1,922,922.0
8294,1,923,923.0
8295,1,927,927.0
8296,1,929,929.0
8297,1,930,930.0
8298,1,919,919.0
8299,1,921,921.0
8300,1,932,932.0
8301,1,922,922.0
8302,1,926,926.0
8303,1,922,922.0
8304,1,932,932.0
8305,1,933,933.0
8306,1,935,935.0
8307,1,928,928.0
8308,1,930,930.0
8309,1,933,933.0
8310,1,924,924.0
8311,1,923,923.0
8312,1,928,928.0
8313,1,928,928.0
8314,1,920,920.0
8315,1,917,917.0
8316,1,923,923.0
8317,1,932,932.0
8318,1,927,927.0
8319,1,924,924.0
8320,1,925,925.0
8321,1,922,922.0
8322,1,924,924.0
8323,1,929,929.0
8324,1,918,918.0
8325,1,919,919.0
8326,1,924,924.0
8327,1,923,923.0
8328,1,921,921.0
8329,1,918,918.0
8330,1,929,929.0
8331,1,924,924.0
8332,1,916,916.0
8333,1,922,922.0
8334,1,926,926.0
8335,1,932,932.0
8336,1,925,925.0
8337,1,930,930.0
8338,1,921,921.0
8339,1,914,914.0
8340,1,910,910.0
8341,1,913,913.0
8342,1,918,918.0
8343,1,919,919.0
8344,1,923,923.0
8345,1,925,925.0
8346,1,916,916.0
8347,1,927,927.0
8348,1,930,930.0
8349,1,926,926.0
8350,1,928,928.0
8351,1,930,930.0
8352,1,929,929.0
8353,2,930,465.0
8354,1,936,936.0
8355,1,928,928.0
8356,1,929,929.0
8357,1,933,933.0
8358,1,926,926.0
8359,1,923,923.0
8360,1,924,924.0
8361,1,922,922.0
8362,1,915,915.0
8363,1,926,926.0
8364,1,927,927.0
8365,1,931,931.0
8366,2,929,464.5
8367,1,923,923.0
8368,1,928,928.0
8369,1,926,926.0
8370,1,920,920.0
8371,2,925,462.5
8372,2,918,459.0
8373,2,922,461.0
8374,1,920,920.0
8375,1,924,924.0
8376,1,918,918.0
8377,1,910,910.0
8378,1,916,916.0
8379,1,922,922.0
8380,2,924,462.0
8381,1,924,924.0
8382,1,921,921.0
8383,1,913,913.0
8384,1,911,911.0
8385,2,927,463.5
8386,1,920,920.0
8387,1,918,918.0
8388,1,912,912.0
8389,2,914,457.0
8390,1,917,917.0
8391,1,921,921.0
8392,1,922,922.0
8393,1,917,917.0
8394,1,920,920.0
8395,2,922,461.0
8396,1,914,914.0
8397,1,921,921.0
8398,1,917,917.0
8399,2,926,463.0
8400,3,933,311.0
8401,2,929,464.5
8402,1,922,922.0
8403,1,911,911.0
8404,1,906,906.0
8405,1,925,925.0
8406,2,915,457.5
8407,1,904,904.0
8408,2,905,452.5
8409,1,906,906.0
8410,2,910,455.0
8411,1,903,903.0
8412,2,907,453.5
8413,1,904,904.0
8414,3,918,306.0
8415,2,922,461.0
8416,1,922,922.0
8417,2,931,465.5
8418,1,913,913.0
8419,2,920,460.0
8420,1,911,911.0
8421,1,904,904.0
8422,1,920,920.0
8423,2,927,463.5
8424,1,921,921.0
8425,1,916,916.0
8426,1,903,903.0
8427,1,906,906.0
8428,1,918,918.0
8429,1,914,914.0
8430,2,911,455.5
8431,2,920,460.0
8432,1,911,911.0
8433,2,916,458.0
8434,1,919,919.0
8435,2,917,458.5
8436,1,918,918.0
8437,2,920,460.0
8438,2,917,458.5
8439,2,916,458.0
8440,2,912,456.0
8441,1,917,917.0
8442,3,925,308.3
8443,2,924,462.0
8444,2,918,459.0
8445,2,920,460.0
8446,2,913,456.5
8447,1,921,921.0
8448,1,913,913.0
8449,1,905,905.0
8450,1,920,920.0
8451,2,922,461.0
8452,1,920,920.0
8453,1,924,924.0
8454,1,911,911.0
8455,1,915,915.0
8456,1,912,912.0
8457,1,926,926.0
8458,1,918,918.0
8459,1,908,908.0
8460,1,914,914.0
8461,1,915,915.0
8462,1,913,913.0
8463,1,917,917.0
8464,1,924,924.0
8465,1,915,915.0
8466,1,926,926.0
8467,1,917,917.0
8468,1,935,935.0
8469,1,927,927.0
8470,1,932,932.0
8471,1,917,917.0
8472,1,911,911.0
8473,1,925,925.0
8474,1,908,908.0
8475,1,907,907.0
8476,2,904,452.0
8477,1,907,907.0
8478,1,907,907.0
8479,1,909,909.0
8480,1,920,920.0
8481,1,910,910.0
8482,2,922,461.0
8483,1,916,916.0
8484,1,922,922.0
8485,1,919,919.0
8486,1,916,916.0
8487,2,919,459.5
8488,1,918,918.0
8489,2,915,457.5
8490,1,921,921.0
8491,1,913,913.0
8492,1,913,913.0
8493,1,917,917.0
8494,1,907,907.0
8495,1,921,921.0
8496,2,911,455.5
8497,1,909,909.0
8498,1,910,910.0
8499,1,915,915.0
8500,1,918,918.0
8501,1,911,911.0
8502,1,919,919.0
8503,1,914,914.0
8504,1,912,912.0
8505,1,908,908.0
8506,1,919,919.0
8507,1,915,915.0
8508,1,915,915.0
8509,1,908,908.0
8510,1,912,912.0
8511,1,907,907.0
8512,1,915,915.0
8513,1,925,925.0
8514,1,917,917.0
8515,1,920,920.0
8516,1,918,918.0
8517,2,926,463.0
8518,1,920,920.0
8519,1,919,919.0
8520,1,913,913.0
8521,2,927,463.5
8522,1,935,935.0
8523,1,939,939.0
8524,1,933,933.0
8525,1,928,928.0
8526,1,933,933.0
8527,2,945,472.5
8528,1,934,934.0
8529,1,919,919.0
8530,2,925,462.5
8531,1,923,923.0
8532,1,916,916.0
8533,1,916,916.0
8534,2,918,459.0
8535,1,906,906.0
8536,2,924,462.0
8537,2,929,464.5
8538,2,926,463.0
8539,1,926,926.0
8540,1,916,916.0
8541,1,922,922.0
8542,1,921,921.0
8543,1,907,907.0
8544,1,920,920.0
8545,1,915,915.0
8546,1,915,915.0
8547,2,923,461.5
8548,2,924,462.0
8549,1,917,917.0
8550,3,924,308.0
8551,1,920,920.0
8552,1,927,927.0
8553,2,925,462.5
8554,1,928,928.0
8555,1,923,923.0
8556,1,932,932.0
8557,1,920,920.0
8558,1,939,939.0
8559,2,937,468.5
8560,2,936,468.0
8561,2,942,471.0
8562,1,921,921.0
8563,1,933,933.0
8564,1,927,927.0
8565,1,925,925.0
8566,2,926,463.0
8567,1,921,921.0
8568,1,936,936.0
8569,1,931,931.0
8570,1,935,935.0
8571,1,935,935.0
8572,1,935,935.0
8573,1,923,923.0
8574,1,918,918.0
8575,1,928,928.0
8576,1,923,923.0
8577,1,911,911.0
8578,1,922,922.0
8579,1,928,928.0
8580,1,919,919.0
8581,1,918,918.0
8582,1,918,918.0
8583,2,922,461.0
8584,2,925,462.5
8585,2,907,453.5
8586,2,914,457.0
8587,2,921,460.5
8588,1,911,911.0
8589,1,916,916.0
8590,1,908,908.0
8591,1,913,913.0
8592,1,910,910.0
8593,2,916,458.0
8594,2,923,461.5
8595,1,918,918.0
8596,2,931,465.5
8597,2,921,460.5
8598,3,924,308.0
8599,2,928,464.0
8600,2,927,463.5
8601,2,916,458.0
8602,2,920,460.0
8603,2,937,468.5
8604,2,934,467.0
8605,2,932,466.0
8606,1,922,922.0
8607,1,914,914.0
8608,1,924,924.0
8609,1,903,903.0
8610,1,921,921.0
8611,2,913,456.5
8612,1,906,906.0
8613,1,918,918.0
8614,1,922,922.0
8615,1,927,927.0
8616,1,931,931.0
8617,2,935,467.5
8618,1,919,919.0
8619,1,934,934.0
8620,1,924,924.0
8621,1,922,922.0
8622,1,919,919.0
8623,1,924,924.0
8624,1,920,920.0
8625,1,915,915.0
8626,2,914,457.0
8627,1,919,919.0
8628,1,923,923.0
8629,1,928,928.0
8630,1,922,922.0
8631,1,926,926.0
8632,1,922,922.0
8633,1,929,929.0
8634,1,925,925.0
8635,1,928,928.0
8636,1,921,921.0
8637,1,929,929.0
8638,2,925,462.5
8639,1,921,921.0
8640,1,929,929.0
8641,1,920,920.0
8642,1,932,932.0
8643,1,929,929.0
8644,2,929,464.5
8645,1,934,934.0
8646,1,933,933.0
8647,1,934,934.0
8648,1,937,937.0
8649,1,933,933.0
8650,1,939,939.0
8651,3,938,312.7
8652,1,931,931.0
8653,1,936,936.0
8654,1,933,933.0
8655,1,931,931.0
8656,1,937,937.0
8657,1,930,930.0
8658,1,941,941.0
8659,1,933,933.0
8660,1,932,932.0
8661,2,932,466.0
8662,1,916,916.0
8663,1,922,922.0
8664,1,929,929.0
8665,1,928,928.0
8666,1,931,931.0
8667,1,929,929.0
8668,2,933,466.5
8669,1,931,931.0
8670,3,941,313.7
8671,2,930,465.0
8672,1,947,947.0
8673,2,940,470.0
8674,1,928,928.0
8675,2,938,469.0
8676,2,933,466.5
8677,2,930,465.0
8678,2,932,466.0
8679,1,926,926.0
8680,1,926,926.0
8681,1,925,925.0
8682,1,923,923.0
8683,1,933,933.0
8684,1,923,923.0
8685,1,929,929.0
8686,1,931,931.0
8687,1,932,932.0
8688,1,922,922.0
8689,1,939,939.0
8690,1,933,933.0
8691,1,931,931.0
8692,1,932,932.0
8693,1,930,930.0
8694,1,935,935.0
8695,1,931,931.0
8696,1,934,934.0
8697,1,932,932.0
8698,1,934,934.0
8699,1,929,929.0
8700,1,925,925.0
8701,1,922,922.0
8702,1,928,928.0
8703,1,922,922.0
8704,1,923,923.0
8705,1,924,924.0
8706,2,924,462.0
8707,1,928,928.0
8708,1,924,924.0
8709,1,928,928.0
8710,1,929,929.0
8711,1,921,921.0
8712,1,922,922.0
8713,1,930,930.0
8714,1,931,931.0
8715,1,938,938.0
8716,1,933,933.0
8717,1,937,937.0
8718,1,938,938.0
8719,1,928,928.0
8720,1,932,932.0
8721,1,935,935.0
8722,1,938,938.0
8723,1,932,932.0
8724,1,929,929.0
8725,1,928,928.0
8726,1,932,932.0
8727,1,944,944.0
8728,2,926,463.0
8729,1,930,930.0
8730,1,926,926.0
8731,1,930,930.0
8732,1,933,933.0
8733,1,923,923.0
8734,1,930,930.0
8735,1,925,925.0
8736,2,936,468.0
8737,1,928,928.0
8738,1,933,933.0
8739,1,930,930.0
8740,1,914,914.0
8741,1,929,929.0
8742,1,935,935.0
8743,1,921,921.0
8744,1,933,933.0
8745,1,929,929.0
8746,1,935,935.0
8747,1,933,933.0
8748,1,924,924.0
8749,1,934,934.0
8750,1,932,932.0
8751,1,924,924.0
8752,1,930,930.0
8753,1,931,931.0
8754,1,937,937.0
8755,1,933,933.0
8756,1,928,928.0
8757,1,925,925.0
8758,1,918,918.0
8759,2,924,462.0
8760,1,924,924.0
8761,1,936,936.0
8762,1,937,937.0
8763,1,928,928.0
8764,1,936,936.0
8765,1,937,937.0
8766,1,948,948.0
8767,1,937,937.0
8768,1,937,937.0
8769,1,941,941.0
8770,1,942,942.0
8771,1,944,944.0
8772,1,940,940.0
8773,1,927,927.0
8774,1,938,938.0
8775,1,946,946.0
8776,1,944,944.0
8777,1,944,944.0
8778,1,945,945.0
8779,1,936,936.0
8780,1,936,936.0
8781,1,942,942.0
8782,1,934,934.0
8783,1,936,936.0
8784,1,926,926.0
8785,1,930,930.0
8786,1,932,932.0
8787,1,929,929.0
8788,1,928,928.0
8789,1,935,935.0
8790,1,928,928.0
8791,1,925,925.0
8792,1,930,930.0
8793,1,932,932.0
8794,1,931,931.0
8795,1,933,933.0
8796,1,942,942.0
8797,1,933,933.0
8798,1,933,933.0
8799,1,942,942.0
8800,1,940,940.0
8801,1,933,933.0
8802,1,932,932.0
8803,1,937,937.0
8804,1,926,926.0
8805,1,929,929.0
8806,1,925,925.0
8807,1,933,933.0
8808,1,936,936.0
8809,1,938,938.0
8810,1,937,937.0
8811,1,935,935.0
8812,1,934,934.0
8813,1,927,927.0
8814,1,931,931.0
8815,1,932,932.0
8816,1,925,925.0
8817,1,931,931.0
8818,1,923,923.0
8819,1,927,927.0
8820,2,916,458.0
8821,1,924,924.0
8822,1,929,929.0
8823,1,930,930.0
8824,1,929,929.0
8825,1,924,924.0
8826,1,923,923.0
8827,1,929,929.0
8828,1,924,924.0
8829,1,928,928.0
8830,1,927,927.0
8831,1,914,914.0
8832,1,919,919.0
8833,1,923,923.0
8834,1,915,915.0
8835,1,922,922.0
8836,1,919,919.0
8837,1,914,914.0
8838,1,919,919.0
8839,1,925,925.0
8840,1,922,922.0
8841,1,920,920.0
8842,1,923,923.0
8843,1,911,911.0
8844,2,923,461.5
8845,1,916,916.0
8846,1,924,924.0
8847,1,913,913.0
8848,1,919,919.0
8849,2,922,461.0
8850,2,922,461.0
8851,1,916,916.0
8852,1,916,916.0
8853,2,924,462.0
8854,1,914,914.0
8855,1,901,901.0
8856,2,908,454.0
8857,1,905,905.0
8858,1,907,907.0
8859,2,919,459.5
8860,1,923,923.0
8861,2,915,457.5
8862,1,912,912.0
8863,2,920,460.0
8864,1,914,914.0
8865,2,922,461.0
8866,2,928,464.0
8867,1,922,922.0
8868,2,930,465.0
8869,2,924,462.0
8870,2,928,464.0
8871,1,926,926.0
8872,1,918,918.0
8873,1,921,921.0
8874,1,924,924.0
8875,1,916,916.0
8876,1,927,927.0
8877,1,932,932.0
8878,1,922,922.0
8879,1,910,910.0
8880,1,921,921.0
8881,1,919,919.0
8882,1,925,925.0
8883,1,927,927.0
8884,2,919,459.5
8885,2,927,463.5
8886,1,926,926.0
8887,1,930,930.0
8888,1,916,916.0
8889,1,915,915.0
8890,1,921,921.0
8891,1,933,933.0
8892,1,927,927.0
8893,1,918,918.0
8894,1,924,924.0
8895,1,929,929.0
8896,1,910,910.0
8897,2,928,464.0
8898,1,927,927.0
8899,1,922,922.0
8900,1,923,923.0
8901,2,932,466.0
8902,1,934,934.0
8903,1,922,922.0
8904,1,922,922.0
8905,1,918,918.0
8906,1,912,912.0
8907,1,931,931.0
8908,2,918,459.0
8909,2,930,465.0
8910,1,922,922.0
8911,2,929,464.5
8912,1,919,919.0
8913,2,924,462.0
8914,1,934,934.0
8915,1,924,924.0
8916,1,921,921.0
8917,1,923,923.0
8918,1,923,923.0
8919,1,920,920.0
8920,1,919,919.0
8921,1,905,905.0
8922,1,918,918.0
8923,1,908,908.0
8924,1,924,924.0
8925,1,912,912.0
8926,2,925,462.5
8927,1,917,917.0
8928,2,921,460.5
8929,1,908,908.0
8930,1,920,920.0
8931,2,928,464.0
8932,2,927,463.5
8933,1,918,918.0
8934,1,925,925.0
8935,1,914,914.0
8936,1,914,914.0
8937,2,917,458.5
8938,2,921,460.5
8939,2,916,458.0
8940,2,921,460.5
8941,2,921,460.5
8942,2,924,462.0
8943,2,923,461.5
8944,2,922,461.0
8945,2,925,462.5
8946,1,917,917.0
8947,2,922,461.0
8948,1,915,915.0
8949,1,914,914.0
8950,1,917,917.0
8951,1,900,900.0
8952,1,913,913.0
8953,1,913,913.0
8954,1,915,915.0
8955,1,919,919.0
8956,1,913,913.0
8957,1,918,918.0
8958,1,913,913.0
8959,1,914,914.0
8960,1,915,915.0
8961,1,915,915.0
8962,1,924,924.0
8963,1,922,922.0
8964,1,920,920.0
8965,2,924,462.0
8966,2,926,463.0
8967,1,925,925.0
8968,2,930,465.0
8969,1,917,917.0
8970,1,912,912.0
8971,1,912,912.0
8972,1,915,915.0
8973,1,914,914.0
8974,1,923,923.0
8975,1,904,904.0
8976,1,913,913.0
8977,2,910,455.0
8978,2,914,457.0
8979,1,906,906.0
8980,1,905,905.0
8981,1,904,904.0
8982,1,901,901.0
8983,1,908,908.0
8984,1,903,903.0
8985,1,921,921.0
8986,1,919,919.0
8987,1,924,924.0
8988,1,922,922.0
8989,1,920,920.0
8990,2,919,459.5
8991,1,912,912.0
8992,1,904,904.0
8993,1,904,904.0
8994,1,920,920.0
8995,1,909,909.0
8996,1,909,909.0
8997,1,910,910.0
8998,2,919,459.5
8999,1,913,913.0
9000,1,914,914.0
9001,1,909,909.0
9002,2,918,459.0
9003,1,918,918.0
9004,2,912,456.0
9005,1,915,915.0
9006,1,918,918.0
9007,1,923,923.0
9008,1,914,914.0
9009,1,930,930.0
9010,1,916,916.0
9011,1,921,921.0
9012,1,925,925.0
9013,2,929,464.5
9014,2,919,459.5
9015,1,916,916.0
9016,1,916,916.0
9017,1,924,924.0
9018,1,910,910.0
9019,1,912,912.0
9020,1,910,910.0
9021,1,917,917.0
9022,1,911,911.0
9023,1,916,916.0
9024,1,922,922.0
9025,1,915,915.0
9026,1,920,920.0
9027,1,909,909.0
9028,1,921,921.0
9029,1,914,914.0
9030,2,922,461.0
9031,1,913,913.0
9032,2,918,459.0
9033,2,914,457.0
9034,1,907,907.0
9035,2,926,463.0
9036,1,914,914.0
9037,1,913,913.0
9038,1,915,915.0
9039,1,916,916.0
9040,1,909,909.0
9041,1,918,918.0
9042,1,918,918.0
9043,1,910,910.0
9044,1,913,913.0
9045,1,919,919.0
9046,1,922,922.0
9047,1,929,929.0
9048,1,922,922.0
9049,1,918,918.0
9050,1,915,915.0
9051,1,923,923.0
9052,1,917,917.0
9053,1,930,930.0
9054,1,930,930.0
9055,1,930,930.0
9056,1,930,930.0
9057,1,927,927.0
9058,1,925,925.0
9059,1,926,926.0
9060,1,927,927.0
9061,1,934,934.0
9062,1,923,923.0
9063,1,929,929.0
9064,1,929,929.0
9065,1,926,926.0
9066,1,924,924.0
9067,1,926,926.0
9068,1,916,916.0
9069,1,925,925.0
9070,1,911,911.0
9071,1,922,922.0
9072,1,916,916.0
9073,1,922,922.0
9074,1,924,924.0
9075,1,914,914.0
9076,1,912,912.0
9077,1,920,920.0
9078,2,923,461.5
9079,1,922,922.0
9080,1,928,928.0
9081,1,927,927.0
9082,1,923,923.0
9083,1,925,925.0
9084,1,918,918.0
9085,1,913,913.0
9086,1,909,909.0
9087,1,927,927.0
9088,1,919,919.0
9089,2,921,460.5
9090,1,923,923.0
9091,1,908,908.0
9092,1,922,922.0
9093,1,921,921.0
9094,1,925,925.0
9095,1,915,915.0
9096,1,916,916.0
9097,1,910,910.0
9098,1,917,917.0
9099,1,918,918.0
9100,2,916,458.0
9101,1,914,914.0
9102,1,919,919.0
9103,1,918,918.0
9104,1,927,927.0
9105,1,919,919.0
9106,1,919,919.0
9107,1,927,927.0
9108,1,924,924.0
9109,1,914,914.0
9110,1,913,913.0
9111,1,909,909.0
9112,1,912,912.0
9113,2,909,454.5
9114,1,913,913.0
9115,1,916,916.0
9116,1,922,922.0
9117,1,922,922.0
9118,1,920,920.0
9119,1,924,924.0
9120,1,924,924.0
9121,1,920,920.0
9122,1,921,921.0
9123,1,916,916.0
9124,1,913,913.0
9125,1,911,911.0
9126,1,912,912.0
9127,1,913,913.0
9128,1,922,922.0
9129,1,918,918.0
9130,1,918,918.0
9131,1,911,911.0
9132,1,910,910.0
9133,1,913,913.0
9134,1,917,917.0
9135,1,915,915.0
9136,1,912,912.0
9137,1,924,924.0
9138,2,913,456.5
9139,1,915,915.0
9140,1,918,918.0
9141,2,915,457.5
9142,1,929,929.0
9143,1,914,914.0
9144,1,926,926.0
9145,1,917,917.0
9146,1,905,905.0
9147,1,921,921.0
9148,1,911,911.0
9149,1,912,912.0
9150,1,916,916.0
9151,1,917,917.0
9152,1,915,915.0
9153,1,918,918.0
9154,2,923,461.5
9155,1,914,914.0
9156,1,910,910.0
9157,2,909,454.5
9158,2,905,452.5
9159,1,899,899.0
9160,1,912,912.0
9161,1,903,903.0
9162,1,910,910.0
9163,1,899,899.0
9164,1,919,919.0
9165,1,915,915.0
9166,1,916,916.0
9167,1,920,920.0
9168,1,911,911.0
9169,1,909,909.0
9170,1,911,911.0
9171,1,914,914.0
9172,1,920,920.0
9173,1,911,911.0
9174,1,916,916.0
9175,1,914,914.0
9176,1,904,904.0
9177,1,911,911.0
9178,1,908,908.0
9179,1,907,907.0
9180,1,909,909.0
9181,1,920,920.0
9182,1,910,910.0
9183,1,917,917.0
9184,1,907,907.0
9185,1,913,913.0
9186,1,913,913.0
9187,1,923,923.0
9188,1,914,914.0
9189,1,902,902.0
9190,1,912,912.0
9191,1,920,920.0
9192,1,918,918.0
9193,1,915,915.0
9194,1,923,923.0
9195,1,909,909.0
9196,1,901,901.0
9197,1,913,913.0
9198,1,911,911.0
9199,1,905,905.0
9200,1,914,914.0
9201,1,908,908.0
9202,1,915,915.0
9203,1,922,922.0
9204,1,918,918.0
9205,1,912,912.0
9206,2,914,457.0
9207,1,919,919.0
9208,1,924,924.0
9209,1,924,924.0
9210,1,923,923.0
9211,1,912,912.0
9212,2,910,455.0
9213,1,923,923.0
9214,2,920,460.0
9215,2,918,459.0
9216,2,918,459.0
9217,2,923,461.5
9218,1,912,912.0
9219,1,909,909.0
9220,1,917,917.0
9221,1,920,920.0
9222,1,909,909.0
9223,1,913,913.0
9224,1,903,903.0
9225,1,915,915.0
9226,1,909,909.0
9227,1,914,914.0
9228,1,912,912.0
9229,1,909,909.0
9230,1,912,912.0
9231,1,916,916.0
9232,1,925,925.0
9233,1,905,905.0
9234,1,918,918.0
9235,1,912,912.0
9236,1,924,924.0
9237,1,920,920.0
9238,1,921,921.0
9239,1,905,905.0
9240,1,907,907.0
9241,1,914,914.0
9242,1,919,919.0
9243,1,919,919.0
9244,1,915,915.0
9245,1,911,911.0
9246,1,923,923.0
9247,1,911,911.0
9248,1,905,905.0
9249,1,927,927.0
9250,1,911,911.0
9251,1,921,921.0
9252,1,916,916.0
9253,3,919,306.3
9254,1,910,910.0
9255,1,894,894.0
9256,2,905,452.5
9257,1,908,908.0
9258,1,917,917.0
9259,1,913,913.0
9260,1,919,919.0
9261,1,908,908.0
9262,1,919,919.0
9263,1,922,922.0
9264,1,916,916.0
9265,1,920,920.0
9266,1,923,923.0
9267,1,936,936.0
9268,1,933,933.0
9269,1,926,926.0
9270,1,923,923.0
9271,1,923,923.0
9272,1,925,925.0
9273,1,926,926.0
9274,1,922,922.0
9275,1,931,931.0
9276,1,925,925.0
9277,1,924,924.0
9278,1,923,923.0
9279,1,919,919.0
9280,1,913,913.0
9281,1,914,914.0
9282,1,927,927.0
9283,1,923,923.0
9284,1,918,918.0
9285,1,918,918.0
9286,1,915,915.0
9287,1,916,916.0
9288,1,904,904.0
9289,1,909,909.0
9290,1,922,922.0
9291,1,926,926.0
9292,1,927,927.0
9293,2,931,465.5
9294,1,916,916.0
9295,1,925,925.0
9296,1,923,923.0
9297,1,921,921.0
9298,1,929,929.0
9299,1,929,929.0
9300,1,919,919.0
9301,1,924,924.0
9302,1,921,921.0
9303,1,913,913.0
9304,1,922,922.0
9305,1,913,913.0
9306,1,922,922.0
9307,1,925,925.0
9308,1,918,918.0
9309,1,915,915.0
9310,2,927,463.5
9311,1,916,916.0
9312,1,928,928.0
9313,1,919,919.0
9314,1,922,922.0
9315,1,916,916.0
9316,1,908,908.0
9317,1,916,916.0
9318,1,915,915.0
9319,1,919,919.0
9320,1,922,922.0
9321,2,915,457.5
9322,1,920,920.0
9323,1,915,915.0
9324,1,908,908.0
9325,1,904,904.0
9326,1,909,909.0
9327,1,910,910.0
9328,1,916,916.0
9329,1,909,909.0
9330,1,912,912.0
9331,1,915,915.0
9332,1,915,915.0
9333,1,913,913.0
9334,1,913,913.0
9335,1,909,909.0
9336,1,905,905.0
9337,1,918,918.0
9338,1,914,914.0
9339,2,910,455.0
9340,1,914,914.0
9341,2,923,461.5
9342,1,922,922.0
9343,1,919,919.0
9344,1,918,918.0
9345,2,920,460.0
9346,1,913,913.0
9347,2,915,457.5
9348,2,922,461.0
9349,1,913,913.0
9350,1,906,906.0
9351,1,915,915.0
9352,1,914,914.0
9353,1,917,917.0
9354,1,913,913.0
9355,1,911,911.0
9356,1,918,918.0
9357,1,925,925.0
9358,2,931,465.5
9359,1,921,921.0
9360,2,926,463.0
9361,1,929,929.0
9362,2,921,460.5
9363,3,921,307.0
9364,1,912,912.0
9365,1,913,913.0
9366,2,914,457.0
9367,2,915,457.5
9368,1,915,915.0
9369,2,914,457.0
9370,1,925,925.0
9371,2,920,460.0
9372,1,926,926.0
9373,1,920,920.0
9374,1,918,918.0
9375,1,918,918.0
9376,1,916,916.0
9377,1,925,925.0
9378,1,919,919.0
9379,1,938,938.0
9380,2,930,465.0
9381,1,920,920.0
9382,1,927,927.0
9383,1,923,923.0
9384,1,921,921.0
9385,2,922,461.0
9386,1,911,911.0
9387,2,916,458.0
9388,2,921,460.5
9389,1,924,924.0
9390,1,924,924.0
9391,1,926,926.0
9392,1,921,921.0
9393,1,918,918.0
9394,1,913,913.0
9395,1,929,929.0
9396,2,922,461.0
9397,2,923,461.5
9398,2,919,459.5
9399,2,918,459.0
9400,2,915,457.5
9401,1,916,916.0
9402,1,918,918.0
9403,3,926,308.7
9404,4,930,232.5
9405,1,917,917.0
9406,1,920,920.0
9407,2,919,459.5
9408,2,904,452.0
9409,2,921,460.5
9410,1,921,921.0
9411,2,923,461.5
9412,1,915,915.0
9413,1,919,919.0
9414,2,919,459.5
9415,1,916,916.0
9416,1,921,921.0
9417,2,915,457.5
9418,1,921,921.0
9419,2,915,457.5
9420,1,909,909.0
9421,2,922,461.0
9422,1,919,919.0
9423,1,913,913.0
9424,1,915,915.0
9425,2,924,462.0
9426,2,919,459.5
9427,1,917,917.0
9428,1,918,918.0
9429,1,914,914.0
9430,1,926,926.0
9431,2,936,468.0
9432,3,936,312.0
9433,1,926,926.0
9434,3,925,308.3
9435,2,928,464.0
9436,2,923,461.5
9437,1,923,923.0
9438,1,923,923.0
9439,1,916,916.0
9440,1,913,913.0
9441,2,924,462.0
9442,1,923,923.0
9443,1,925,925.0
9444,1,915,915.0
9445,1,913,913.0
9446,2,925,462.5
9447,2,914,457.0
9448,3,912,304.0
9449,1,926,926.0
9450,2,917,458.5
9451,2,918,459.0
9452,2,913,456.5
9453,1,908,908.0
9454,2,912,456.0
9455,1,897,897.0
9456,1,919,919.0
9457,1,903,903.0
9458,2,920,460.0
9459,2,911,455.5
9460,3,917,305.7
9461,2,924,462.0
9462,2,921,460.5
9463,3,920,306.7
9464,1,918,918.0
9465,2,915,457.5
9466,2,915,457.5
9467,3,914,304.7
9468,2,919,459.5
9469,2,916,458.0
9470,1,920,920.0
9471,2,923,461.5
9472,2,928,464.0
9473,2,916,458.0
9474,2,921,460.5
9475,3,932,310.7
9476,2,920,460.0
9477,2,920,460.0
9478,1,911,911.0
9479,1,902,902.0
9480,3,921,307.0
9481,1,916,916.0
9482,2,918,459.0
9483,2,922,461.0
9484,1,913,913.0
9485,2,922,461.0
9486,1,911,911.0
9487,1,922,922.0
9488,1,916,916.0
9489,1,901,901.0
9490,1,927,927.0
9491,1,913,913.0
9492,1,919,919.0
9493,2,930,465.0
9494,1,917,917.0
9495,2,922,461.0
9496,1,906,906.0
9497,1,926,926.0
9498,1,924,924.0
9499,2,934,467.0
9500,2,925,462.5
9501,1,936,936.0
9502,2,924,462.0
9503,2,913,456.5
9504,1,926,926.0
9505,2,925,462.5
9506,2,935,467.5
9507,2,928,464.0
9508,2,913,456.5
9509,1,910,910.0
9510,2,916,458.0
9511,2,923,461.5
9512,2,918,459.0
9513,2,925,462.5
9514,2,925,462.5
9515,1,914,914.0
9516,2,917,458.5
9517,1,923,923.0
9518,1,931,931.0
9519,1,932,932.0
9520,1,931,931.0
9521,2,934,467.0
9522,2,922,461.0
9523,2,933,466.5
9524,1,921,921.0
9525,1,925,925.0
9526,1,922,922.0
9527,1,920,920.0
9528,1,912,912.0
9529,1,917,917.0
9530,1,922,922.0
9531,1,924,924.0
9532,1,925,925.0
9533,1,915,915.0
9534,1,929,929.0
9535,1,919,919.0
9536,1,908,908.0
9537,1,920,920.0
9538,1,913,913.0
9539,1,912,912.0
9540,1,916,916.0
9541,1,910,910.0
9542,1,908,908.0
9543,1,919,919.0
9544,2,913,456.5
9545,1,921,921.0
9546,1,917,917.0
9547,2,919,459.5
9548,2,912,456.0
9549,1,924,924.0
9550,2,920,460.0
9551,1,916,916.0
9552,1,903,903.0
9553,2,920,460.0
9554,2,929,464.5
9555,2,915,457.5
9556,1,909,909.0
9557,2,916,458.0
9558,1,911,911.0
9559,2,922,461.0
9560,1,918,918.0
9561,1,925,925.0
9562,1,926,926.0
9563,1,922,922.0
9564,1,925,925.0
9565,1,918,918.0
9566,2,919,459.5
9567,1,913,913.0
9568,2,924,462.0
9569,3,930,310.0
9570,3,925,308.3
9571,2,910,455.0
9572,1,917,917.0
9573,1,922,922.0
9574,1,921,921.0
9575,1,926,926.0
9576,1,917,917.0
9577,1,919,919.0
9578,1,917,917.0
9579,1,919,919.0
9580,1,924,924.0
9581,1,919,919.0
9582,1,919,919.0
9583,1,925,925.0
9584,1,922,922.0
9585,1,916,916.0
9586,1,925,925.0
9587,1,919,919.0
9588,1,913,913.0
9589,1,912,912.0
9590,1,922,922.0
9591,1,918,918.0
9592,1,925,925.0
9593,1,918,918.0
9594,2,922,461.0
9595,1,913,913.0
9596,1,922,922.0
9597,1,918,918.0
9598,1,920,920.0
9599,1,928,928.0
9600,1,924,924.0
9601,2,932,466.0
9602,1,929,929.0
9603,1,932,932.0
9604,1,922,922.0
9605,1,921,921.0
9606,1,924,924.0
9607,1,932,932.0
9608,1,933,933.0
9609,1,925,925.0
9610,1,927,927.0
9611,2,930,465.0
9612,1,927,927.0
9613,1,917,917.0
9614,1,922,922.0
9615,1,926,926.0
9616,1,913,913.0
9617,1,925,925.0
9618,2,926,463.0
9619,1,926,926.0
9620,1,936,936.0
9621,1,928,928.0
9622,1,928,928.0
9623,1,935,935.0
9624,1,938,938.0
9625,1,939,939.0
9626,1,926,926.0
9627,1,928,928.0
9628,1,932,932.0
9629,1,921,921.0
9630,1,919,919.0
9631,1,904,904.0
9632,2,922,461.0
9633,2,936,468.0
9634,2,912,456.0
9635,1,918,918.0
9636,1,916,916.0
9637,1,920,920.0
9638,1,925,925.0
9639,1,926,926.0
9640,1,933,933.0
9641,1,931,931.0
9642,2,927,463.5
9643,1,931,931.0
9644,1,923,923.0
9645,2,922,461.0
9646,1,930,930.0
9647,1,924,924.0
9648,1,938,938.0
9649,2,940,470.0
9650,1,939,939.0
9651,2,928,464.0
9652,1,925,925.0
9653,1,927,927.0
9654,1,918,918.0
9655,1,919,919.0
9656,1,927,927.0
9657,1,921,921.0
9658,1,924,924.0
9659,1,930,930.0
9660,1,923,923.0
9661,1,926,926.0
9662,1,928,928.0
9663,1,929,929.0
9664,1,931,931.0
9665,1,925,925.0
9666,1,924,924.0
9667,1,921,921.0
9668,1,931,931.0
9669,1,926,926.0
9670,2,933,466.5
9671,1,926,926.0
9672,1,930,930.0
9673,1,923,923.0
9674,1,920,920.0
9675,1,926,926.0
9676,1,906,906.0
9677,1,907,907.0
9678,1,914,914.0
9679,2,924,462.0
9680,1,932,932.0
9681,1,928,928.0
9682,1,923,923.0
9683,1,931,931.0
9684,1,921,921.0
9685,3,931,310.3
9686,1,925,925.0
9687,1,924,924.0
9688,1,915,915.0
9689,1,928,928.0
9690,1,921,921.0
9691,1,915,915.0
9692,1,916,916.0
9693,1,920,920.0
9694,1,918,918.0
9695,1,921,921.0
9696,1,914,914.0
9697,1,920,920.0
9698,1,923,923.0
9699,1,921,921.0
9700,1,916,916.0
9701,1,906,906.0
9702,1,911,911.0
9703,1,917,917.0
9704,1,920,920.0
9705,1,916,916.0
9706,1,917,917.0
9707,1,919,919.0
9708,1,911,911.0
9709,1,905,905.0
9710,1,916,916.0
9711,1,916,916.0
9712,1,913,913.0
9713,1,923,923.0
9714,2,926,463.0
9715,1,912,912.0
9716,1,905,905.0
9717,2,912,456.0
9718,1,912,912.0
9719,1,903,903.0
9720,1,905,905.0
9721,1,913,913.0
9722,1,909,909.0
9723,1,913,913.0
9724,2,922,461.0
9725,1,917,917.0
9726,1,910,910.0
9727,1,916,916.0
9728,1,909,909.0
9729,1,917,917.0
9730,1,915,915.0
9731,1,908,908.0
9732,1,911,911.0
9733,1,905,905.0
9734,1,919,919.0
9735,1,915,915.0
9736,1,915,915.0
9737,1,927,927.0
9738,1,925,925.0
9739,1,921,921.0
9740,1,928,928.0
9741,1,923,923.0
9742,1,929,929.0
9743,1,931,931.0
9744,1,933,933.0
9745,1,926,926.0
9746,1,927,927.0
9747,2,937,468.5
9748,2,938,469.0
9749,1,945,945.0
9750,1,931,931.0
9751,1,925,925.0
9752,1,932,932.0
9753,1,925,925.0
9754,1,930,930.0
9755,1,921,921.0
9756,1,923,923.0
9757,1,926,926.0
9758,1,924,924.0
9759,1,908,908.0
9760,2,927,463.5
9761,2,925,462.5
9762,2,929,464.5
9763,2,910,455.0
9764,1,924,924.0
9765,1,918,918.0
9766,1,915,915.0
9767,1,916,916.0
9768,1,919,919.0
9769,1,929,929.0
9770,1,926,926.0
9771,2,918,459.0
9772,2,921,460.5
9773,1,918,918.0
9774,2,922,461.0
9775,1,922,922.0
9776,1,924,924.0
9777,1,919,919.0
9778,2,921,460.5
9779,1,913,913.0
9780,2,915,457.5
9781,1,911,911.0
9782,1,914,914.0
9783,2,913,456.5
9784,1,909,909.0
9785,1,915,915.0
9786,1,909,909.0
9787,2,912,456.0
9788,1,914,914.0
9789,1,905,905.0
9790,1,909,909.0
9791,1,916,916.0
9792,1,917,917.0
9793,1,921,921.0
9794,1,914,914.0
9795,1,911,911.0
9796,1,911,911.0
9797,1,911,911.0
9798,1,921,921.0
9799,1,916,916.0
9800,1,914,914.0
9801,1,912,912.0
9802,2,922,461.0
9803,1,919,919.0
9804,2,918,459.0
9805,1,914,914.0
9806,1,928,928.0
9807,1,915,915.0
9808,1,905,905.0
9809,1,912,912.0
9810,1,914,914.0
9811,2,912,456.0
9812,1,904,904.0
9813,1,910,910.0
9814,1,912,912.0
9815,1,913,913.0
9816,1,917,917.0
9817,1,913,913.0
9818,1,908,908.0
9819,1,911,911.0
9820,1,900,900.0
9821,1,908,908.0
9822,1,898,898.0
9823,1,904,904.0
9824,1,915,915.0
9825,1,915,915.0
9826,1,905,905.0
9827,1,913,913.0
9828,1,908,908.0
9829,1,916,916.0
9830,1,919,919.0
9831,1,911,911.0
9832,2,910,455.0
9833,1,908,908.0
9834,2,921,460.5
9835,1,911,911.0
9836,2,918,459.0
9837,1,917,917.0
9838,1,908,908.0
9839,1,920,920.0
9840,1,914,914.0
9841,1,911,911.0
9842,1,915,915.0
9843,1,916,916.0
9844,2,921,460.5
9845,1,928,928.0
9846,1,917,917.0
9847,2,919,459.5
9848,1,914,914.0
9849,1,912,912.0
9850,2,916,458.0
9851,1,913,913.0
9852,1,924,924.0
9853,2,908,454.0
9854,1,917,917.0
9855,1,908,908.0
9856,2,919,459.5
9857,1,913,913.0
9858,2,919,459.5
9859,1,925,925.0
9860,1,907,907.0
9861,1,909,909.0
9862,1,922,922.0
9863,1,919,919.0
9864,1,918,918.0
9865,1,926,926.0
9866,1,921,921.0
9867,1,922,922.0
9868,1,915,915.0
9869,1,918,918.0
9870,1,913,913.0
9871,2,923,461.5
9872,1,920,920.0
9873,2,922,461.0
9874,2,924,462.0
9875,1,910,910.0
9876,1,920,920.0
9877,1,920,920.0
9878,1,930,930.0
9879,1,930,930.0
9880,2,915,457.5
9881,1,913,913.0
9882,1,916,916.0
9883,1,915,915.0
9884,1,916,916.0
9885,1,916,916.0
9886,2,923,461.5
9887,2,919,459.5
9888,1,922,922.0
9889,1,909,909.0
9890,2,917,458.5
9891,2,917,458.5
9892,1,911,911.0
9893,1,916,916.0
9894,2,909,454.5
9895,1,916,916.0
9896,2,921,460.5
9897,1,913,913.0
9898,1,917,917.0
9899,1,900,900.0
9900,1,911,911.0
9901,1,910,910.0
9902,2,911,455.5
9903,1,907,907.0
9904,1,911,911.0
9905,1,910,910.0
9906,2,906,453.0
9907,1,917,917.0
9908,1,902,902.0
9909,1,909,909.0
9910,1,904,904.0
9911,1,907,907.0
9912,1,913,913.0
9913,1,905,905.0
9914,1,906,906.0
9915,1,915,915.0
9916,1,922,922.0
9917,1,925,925.0
9918,1,918,918.0
9919,1,912,912.0
9920,1,907,907.0
9921,1,918,918.0
9922,1,925,925.0
9923,1,924,924.0
9924,1,920,920.0
9925,1,915,915.0
9926,1,922,922.0
9927,1,920,920.0
9928,1,919,919.0
9929,1,919,919.0
9930,1,916,916.0
9931,1,919,919.0
9932,1,922,922.0
9933,1,919,919.0
9934,1,915,915.0
9935,1,926,926.0
9936,1,927,927.0
9937,1,915,915.0
9938,1,924,924.0
9939,2,929,464.5
9940,2,923,461.5
9941,1,914,914.0
9942,2,926,463.0
9943,1,916,916.0
9944,2,921,460.5
9945,1,922,922.0
9946,1,932,932.0
9947,1,922,922.0
9948,1,924,924.0
9949,1,920,920.0
9950,1,921,921.0
9951,1,922,922.0
9952,1,922,922.0
9953,1,923,923.0
9954,1,929,929.0
9955,1,920,920.0
9956,1,926,926.0
9957,1,922,922.0
9958,1,921,921.0
9959,1,922,922.0
9960,1,928,928.0
9961,2,920,460.0
9962,1,917,917.0
9963,1,915,915.0
9964,1,908,908.0
9965,1,905,905.0
9966,1,910,910.0
9967,1,922,922.0
9968,1,915,915.0
9969,1,909,909.0
9970,2,917,458.5
9971,2,915,457.5
9972,1,908,908.0
9973,1,901,901.0
9974,2,920,460.0
9975,1,916,916.0
9976,1,918,918.0
9977,1,920,920.0
9978,1,913,913.0
9979,1,909,909.0
9980,1,916,916.0
9981,1,905,905.0
9982,1,900,900.0
9983,1,901,901.0
9984,1,903,903.0
9985,1,908,908.0
9986,1,909,909.0
9987,1,915,915.0
9988,1,915,915.0
9989,1,915,915.0
9990,1,921,921.0
9991,2,923,461.5
9992,1,916,916.0
9993,1,908,908.0
9994,1,926,926.0
9995,1,907,907.0
9996,1,918,918.0
9997,1,905,905.0
9998,1,916,916.0
9999,1,918,918.0
10000,1,913,913.0
10001,1,924,924.0
10002,1,916,916.0
10003,1,914,914.0
10004,1,916,916.0
10005,1,908,908.0
10006,1,912,912.0
10007,1,918,918.0
10008,1,913,913.0
10009,3,930,310.0
10010,2,917,458.5
10011,2,919,459.5
10012,1,910,910.0
10013,1,914,914.0
10014,1,918,918.0
10015,1,915,915.0
10016,1,907,907.0
10017,2,902,451.0
10018,1,913,913.0
10019,1,902,902.0
10020,1,904,904.0
10021,1,908,908.0
10022,1,914,914.0
10023,1,908,908.0
10024,1,924,924.0
10025,2,920,460.0
10026,1,919,919.0
10027,2,926,463.0
10028,1,925,925.0
10029,1,919,919.0
10030,1,917,917.0
10031,1,920,920.0
10032,2,914,457.0
10033,1,924,924.0
10034,3,921,307.0
10035,3,928,309.3
10036,1,915,915.0
10037,1,905,905.0
10038,1,903,903.0
10039,1,911,911.0
10040,1,911,911.0
10041,1,909,909.0
10042,2,903,451.5
10043,2,908,454.0
10044,2,918,459.0
10045,2,920,460.0
10046,3,917,305.7
10047,2,918,459.0
10048,2,915,457.5
10049,2,921,460.5
10050,3,919,306.3
10051,2,917,458.5
10052,2,927,463.5
10053,2,920,460.0
10054,2,908,454.0
10055,2,918,459.0
10056,2,924,462.0
10057,1,917,917.0
10058,1,921,921.0
10059,1,903,903.0
10060,2,918,459.0
10061,1,909,909.0
10062,1,915,915.0
10063,1,907,907.0
10064,1,913,913.0
10065,1,916,916.0
10066,1,907,907.0
10067,3,904,301.3
10068,1,910,910.0
10069,1,912,912.0
10070,2,907,453.5
10071,1,902,902.0
10072,2,911,455.5
10073,1,915,915.0
10074,1,906,906.0
10075,1,898,898.0
10076,1,905,905.0
10077,1,898,898.0
10078,1,896,896.0
10079,1,907,907.0
10080,2,919,459.5
10081,1,911,911.0
10082,1,912,912.0
10083,1,910,910.0
10084,1,918,918.0
10085,1,913,913.0
10086,1,913,913.0
10087,1,909,909.0
10088,1,912,912.0
10089,2,923,461.5
10090,1,914,914.0
10091,1,906,906.0
10092,1,897,897.0
10093,1,902,902.0
10094,1,903,903.0
10095,2,897,448.5
10096,1,904,904.0
10097,1,887,887.0
10098,2,889,444.5
10099,2,896,448.0
10100,2,904,452.0
10101,1,896,896.0
10102,2,903,451.5
10103,2,921,460.5
10104,1,901,901.0
10105,1,906,906.0
10106,1,911,911.0
10107,1,918,918.0
10108,1,918,918.0
10109,1,909,909.0
10110,1,896,896.0
10111,1,910,910.0
10112,1,906,906.0
10113,1,900,900.0
10114,4,914,228.5
10115,1,916,916.0
10116,1,906,906.0
10117,1,910,910.0
10118,1,902,902.0
10119,2,909,454.5
10120,1,904,904.0
10121,1,894,894.0
10122,1,905,905.0
10123,1,898,898.0
10124,2,914,457.0
10125,1,916,916.0
10126,2,906,453.0
10127,1,912,912.0
10128,1,912,912.0
10129,1,914,914.0
10130,2,920,460.0
10131,1,922,922.0
10132,2,914,457.0
10133,2,917,458.5
10134,2,914,457.0
10135,1,908,908.0
10136,1,906,906.0
10137,1,899,899.0
10138,1,909,909.0
10139,1,908,908.0
10140,1,906,906.0
10141,1,909,909.0
10142,1,914,914.0
10143,1,903,903.0
10144,1,912,912.0
10145,1,902,902.0
10146,1,909,909.0
10147,1,905,905.0
10148,2,905,452.5
10149,1,909,909.0
10150,1,918,918.0
10151,1,913,913.0
10152,1,911,911.0
10153,1,899,899.0
10154,1,904,904.0
10155,1,902,902.0
10156,1,898,898.0
10157,1,900,900.0
10158,1,901,901.0
10159,2,909,454.5
10160,1,905,905.0
10161,1,896,896.0
10162,1,906,906.0
10163,1,913,913.0
10164,1,903,903.0
10165,1,906,906.0
10166,2,912,456.0
10167,2,911,455.5
10168,2,911,455.5
10169,1,913,913.0
10170,1,917,917.0
10171,2,912,456.0
10172,1,919,919.0
10173,1,908,908.0
10174,1,903,903.0
10175,1,912,912.0
10176,1,908,908.0
10177,1,899,899.0
10178,1,908,908.0
10179,1,905,905.0
10180,2,909,454.5
10181,3,910,303.3
10182,2,901,450.5
10183,2,910,455.0
10184,3,899,299.7
10185,2,911,455.5
10186,2,914,457.0
10187,1,913,913.0
10188,1,902,902.0
10189,1,910,910.0
10190,1,905,905.0
10191,1,903,903.0
10192,1,909,909.0
10193,1,911,911.0
10194,2,908,454.0
10195,2,919,459.5
10196,1,902,902.0
10197,1,895,895.0
10198,1,907,907.0
10199,2,919,459.5
10200,2,913,456.5
10201,1,915,915.0
10202,1,905,905.0
10203,1,907,907.0
10204,1,905,905.0
10205,1,897,897.0
10206,2,908,454.0
10207,1,919,919.0
10208,1,910,910.0
10209,2,902,451.0
10210,1,905,905.0
10211,1,913,913.0
10212,1,906,906.0
10213,1,907,907.0
10214,1,922,922.0
10215,3,910,303.3
10216,1,920,920.0
10217,2,914,457.0
10218,2,919,459.5
10219,1,908,908.0
10220,2,907,453.5
10221,1,918,918.0
10222,1,916,916.0
10223,1,913,913.0
10224,1,916,916.0
10225,1,906,906.0
10226,3,917,305.7
10227,2,915,457.5
10228,1,915,915.0
10229,2,918,459.0
10230,2,905,452.5
10231,2,918,459.0
10232,1,910,910.0
10233,1,926,926.0
10234,1,915,915.0
10235,1,920,920.0
10236,1,908,908.0
10237,1,919,919.0
10238,1,913,913.0
10239,1,921,921.0
10240,1,915,915.0
10241,1,924,924.0
10242,1,923,923.0
10243,1,928,928.0
10244,1,918,918.0
10245,1,919,919.0
10246,1,909,909.0
10247,2,928,464.0
10248,1,931,931.0
10249,2,922,461.0
10250,1,916,916.0
10251,1,924,924.0
10252,1,912,912.0
10253,1,919,919.0
10254,1,923,923.0
10255,1,923,923.0
10256,1,916,916.0
10257,1,917,917.0
10258,1,915,915.0
10259,1,931,931.0
10260,2,931,465.5
10261,2,924,462.0
10262,1,919,919.0
10263,1,905,905.0
10264,1,903,903.0
10265,1,911,911.0
10266,1,905,905.0
10267,1,909,909.0
10268,2,912,456.0
10269,1,905,905.0
10270,2,905,452.5
10271,1,900,900.0
10272,1,903,903.0
10273,2,915,457.5
10274,3,918,306.0
10275,1,903,903.0
10276,1,915,915.0
10277,1,915,915.0
10278,2,909,454.5
10279,1,916,916.0
10280,1,912,912.0
10281,2,909,454.5
10282,1,910,910.0
10283,2,914,457.0
10284,1,905,905.0
10285,1,915,915.0
10286,2,910,455.0
10287,1,899,899.0
10288,2,908,454.0
10289,1,909,909.0
10290,1,908,908.0
10291,1,919,919.0
10292,2,917,458.5
10293,1,909,909.0
10294,1,917,917.0
10295,1,913,913.0
10296,1,918,918.0
10297,1,912,912.0
10298,1,913,913.0
10299,1,911,911.0
10300,1,909,909.0
10301,1,916,916.0
10302,1,922,922.0
10303,1,917,917.0
10304,1,917,917.0
10305,1,919,919.0
10306,1,915,915.0
10307,1,916,916.0
10308,1,921,921.0
10309,1,918,918.0
10310,1,910,910.0
10311,2,930,465.0
10312,1,919,919.0
10313,1,922,922.0
10314,1,921,921.0
10315,1,906,906.0
10316,1,913,913.0
10317,1,920,920.0
10318,1,927,927.0
10319,1,917,917.0
10320,1,914,914.0
10321,2,917,458.5
10322,2,921,460.5
10323,2,915,457.5
10324,1,903,903.0
10325,1,919,919.0
10326,1,918,918.0
10327,1,904,904.0
10328,2,911,455.5
10329,1,907,907.0
10330,1,908,908.0
10331,1,915,915.0
10332,1,915,915.0
10333,1,914,914.0
10334,1,914,914.0
10335,1,912,912.0
10336,1,915,915.0
10337,1,911,911.0
10338,1,910,910.0
10339,1,912,912.0
10340,1,917,917.0
10341,1,916,916.0
10342,1,917,917.0
10343,1,907,907.0
10344,1,909,909.0
10345,1,915,915.0
10346,1,914,914.0
10347,1,917,917.0
10348,1,915,915.0
10349,4,929,232.2
10350,2,923,461.5
10351,2,916,458.0
10352,2,913,456.5
10353,1,910,910.0
10354,2,919,459.5
10355,2,913,456.5
10356,1,912,912.0
10357,1,900,900.0
10358,1,905,905.0
10359,1,898,898.0
10360,1,908,908.0
10361,1,913,913.0
10362,1,905,905.0
10363,2,906,453.0
10364,1,912,912.0
10365,1,912,912.0
10366,2,920,460.0
10367,1,904,904.0
10368,1,918,918.0
10369,1,917,917.0
10370,2,914,457.0
10371,2,913,456.5
10372,2,907,453.5
10373,1,892,892.0
10374,1,900,900.0
10375,1,907,907.0
10376,1,898,898.0
10377,1,910,910.0
10378,2,905,452.5
10379,1,910,910.0
10380,1,915,915.0
10381,1,907,907.0
10382,1,915,915.0
10383,1,919,919.0
10384,1,923,923.0
10385,1,920,920.0
10386,1,926,926.0
10387,1,931,931.0
10388,1,933,933.0
10389,1,940,940.0
10390,1,929,929.0
10391,1,928,928.0
10392,1,923,923.0
10393,1,925,925.0
10394,1,915,915.0
10395,1,918,918.0
10396,1,918,918.0
10397,1,909,909.0
10398,1,921,921.0
10399,1,920,920.0
10400,1,915,915.0
10401,1,908,908.0
10402,1,916,916.0
10403,1,925,925.0
10404,1,912,912.0
10405,1,921,921.0
10406,2,922,461.0
10407,1,920,920.0
10408,2,937,468.5
10409,1,917,917.0
10410,2,921,460.5
10411,1,919,919.0
10412,1,921,921.0
10413,2,924,462.0
10414,2,915,457.5
10415,2,924,462.0
10416,2,922,461.0
10417,1,918,918.0
10418,1,917,917.0
10419,1,922,922.0
10420,1,924,924.0
10421,1,914,914.0
10422,1,917,917.0
10423,1,925,925.0
10424,1,921,921.0
10425,1,910,910.0
10426,1,919,919.0
10427,1,922,922.0
10428,1,923,923.0
10429,2,926,463.0
10430,1,921,921.0
10431,1,921,921.0
10432,2,930,465.0
10433,1,932,932.0
10434,1,922,922.0
10435,1,923,923.0
10436,2,924,462.0
10437,3,931,310.3
10438,1,919,919.0
10439,2,933,466.5
10440,1,926,926.0
10441,1,940,940.0
10442,2,933,466.5
10443,2,938,469.0
10444,3,932,310.7
10445,1,924,924.0
10446,2,938,469.0
10447,1,935,935.0
10448,2,931,465.5
10449,1,933,933.0
10450,2,927,463.5
10451,1,923,923.0
10452,1,935,935.0
10453,2,916,458.0
10454,2,918,459.0
10455,1,919,919.0
10456,1,926,926.0
10457,2,917,458.5
10458,1,928,928.0
10459,1,918,918.0
10460,2,921,460.5
10461,2,918,459.0
10462,2,922,461.0
10463,1,920,920.0
10464,1,917,917.0
10465,1,918,918.0
10466,2,910,455.0
10467,1,917,917.0
10468,1,910,910.0
10469,1,916,916.0
10470,1,923,923.0
10471,1,913,913.0
10472,1,920,920.0
10473,1,921,921.0
10474,1,925,925.0
10475,1,928,928.0
10476,2,934,467.0
10477,1,928,928.0
10478,1,929,929.0
10479,1,924,924.0
10480,1,922,922.0
10481,1,918,918.0
10482,1,920,920.0
10483,1,910,910.0
10484,1,904,904.0
10485,1,924,924.0
10486,2,920,460.0
10487,1,923,923.0
10488,1,920,920.0
10489,1,916,916.0
10490,1,920,920.0
10491,1,922,922.0
10492,2,922,461.0
10493,1,927,927.0
10494,1,911,911.0
10495,1,919,919.0
10496,1,924,924.0
10497,2,928,464.0
10498,1,919,919.0
10499,1,927,927.0
10500,2,927,463.5
10501,2,922,461.0
10502,2,925,462.5
10503,1,923,923.0
10504,1,917,917.0
10505,1,914,914.0
10506,1,915,915.0
10507,2,918,459.0
10508,1,923,923.0
10509,1,918,918.0
10510,2,918,459.0
10511,1,911,911.0
10512,1,912,912.0
10513,1,913,913.0
10514,1,924,924.0
10515,1,915,915.0
10516,2,918,459.0
10517,1,923,923.0
10518,1,921,921.0
10519,2,926,463.0
10520,1,916,916.0
10521,1,925,925.0
10522,1,912,912.0
10523,1,928,928.0
10524,2,932,466.0
10525,1,919,919.0
10526,2,917,458.5
10527,3,913,304.3
10528,1,915,915.0
10529,1,913,913.0
10530,2,926,463.0
10531,1,923,923.0
10532,1,911,911.0
10533,1,923,923.0
10534,1,920,920.0
10535,2,922,461.0
10536,2,922,461.0
10537,3,920,306.7
10538,2,911,455.5
10539,2,911,455.5
10540,1,906,906.0
10541,2,912,456.0
10542,1,915,915.0
10543,1,906,906.0
10544,1,913,913.0
10545,1,910,910.0
10546,1,916,916.0
10547,1,913,913.0
10548,2,907,453.5
10549,1,923,923.0
10550,1,900,900.0
10551,1,910,910.0
10552,1,915,915.0
10553,1,904,904.0
10554,1,908,908.0
10555,2,908,454.0
10556,1,913,913.0
10557,2,902,451.0
10558,3,913,304.3
10559,1,914,914.0
10560,1,901,901.0
10561,1,905,905.0
10562,1,905,905.0
10563,1,910,910.0
10564,2,918,459.0
10565,2,913,456.5
10566,2,913,456.5
10567,1,907,907.0
10568,1,907,907.0
10569,2,920,460.0
10570,1,912,912.0
10571,1,911,911.0
10572,1,909,909.0
10573,1,910,910.0
10574,1,904,904.0
10575,1,918,918.0
10576,1,912,912.0
10577,1,916,916.0
10578,1,917,917.0
10579,1,912,912.0
10580,1,928,928.0
10581,1,928,928.0
10582,1,926,926.0
10583,1,913,913.0
10584,1,911,911.0
10585,1,917,917.0
10586,1,908,908.0
10587,1,919,919.0
10588,1,913,913.0
10589,1,914,914.0
10590,1,923,923.0
10591,1,919,919.0
10592,1,913,913.0
10593,1,922,922.0
10594,1,926,926.0
10595,1,920,920.0
10596,1,910,910.0
10597,1,917,917.0
10598,1,916,916.0
10599,1,929,929.0
10600,2,930,465.0
10601,2,923,461.5
10602,1,918,918.0
10603,1,913,913.0
10604,1,915,915.0
10605,1,905,905.0
10606,1,899,899.0
10607,1,912,912.0
10608,1,902,902.0
10609,2,902,451.0
10610,1,909,909.0
10611,1,907,907.0
10612,1,922,922.0
10613,1,913,913.0
10614,1,918,918.0
10615,1,915,915.0
10616,1,914,914.0
10617,3,922,307.3
10618,1,913,913.0
10619,2,908,454.0
10620,1,918,918.0
10621,2,894,447.0
10622,1,913,913.0
10623,1,907,907.0
10624,1,916,916.0
10625,2,912,456.0
10626,1,928,928.0
10627,2,917,458.5
10628,1,915,915.0
10629,1,922,922.0
10630,1,911,911.0
10631,1,919,919.0
10632,1,905,905.0
10633,1,909,909.0
10634,2,916,458.0
10635,1,909,909.0
10636,1,912,912.0
10637,1,908,908.0
10638,1,913,913.0
10639,1,907,907.0
10640,1,910,910.0
10641,1,909,909.0
10642,1,905,905.0
10643,1,910,910.0
10644,1,910,910.0
10645,1,910,910.0
10646,1,908,908.0
10647,1,909,909.0
10648,1,906,906.0
10649,1,909,909.0
10650,1,906,906.0
10651,1,915,915.0
10652,1,920,920.0
10653,1,917,917.0
10654,1,921,921.0
10655,1,918,918.0
10656,1,910,910.0
10657,1,919,919.0
10658,1,918,918.0
10659,1,918,918.0
10660,1,917,917.0
10661,1,918,918.0
10662,1,913,913.0
10663,1,908,908.0
10664,1,921,921.0
10665,1,928,928.0
10666,1,918,918.0
10667,1,919,919.0
10668,1,922,922.0
10669,2,925,462.5
10670,2,928,464.0
10671,2,928,464.0
10672,1,913,913.0
10673,1,913,913.0
10674,1,911,911.0
10675,1,905,905.0
10676,1,901,901.0
10677,1,906,906.0
10678,1,923,923.0
10679,1,910,910.0
10680,1,911,911.0
10681,1,914,914.0
10682,2,920,460.0
10683,2,925,462.5
10684,1,923,923.0
10685,1,915,915.0
10686,1,907,907.0
10687,1,924,924.0
10688,1,912,912.0
10689,1,899,899.0
10690,1,915,915.0
10691,1,920,920.0
10692,2,917,458.5
10693,2,904,452.0
10694,1,901,901.0
10695,1,906,906.0
10696,2,901,450.5
10697,1,889,889.0
10698,1,897,897.0
10699,1,906,906.0
10700,2,911,455.5
10701,2,918,459.0
10702,1,909,909.0
10703,1,909,909.0
10704,2,918,459.0
10705,1,917,917.0
10706,2,905,452.5
10707,1,918,918.0
10708,1,920,920.0
10709,1,908,908.0
10710,1,922,922.0
10711,2,929,464.5
10712,2,915,457.5
10713,1,917,917.0
10714,1,921,921.0
10715,1,919,919.0
10716,1,914,914.0
10717,2,908,454.0
10718,1,922,922.0
10719,1,918,918.0
10720,1,914,914.0
10721,2,906,453.0
10722,1,919,919.0
10723,1,910,910.0
10724,1,912,912.0
10725,1,895,895.0
10726,1,902,902.0
10727,1,903,903.0
10728,1,910,910.0
10729,1,913,913.0
10730,1,911,911.0
10731,1,895,895.0
10732,1,906,906.0
10733,1,907,907.0
10734,1,904,904.0
10735,1,911,911.0
10736,1,915,915.0
10737,1,912,912.0
10738,1,905,905.0
10739,2,920,460.0
10740,2,922,461.0
10741,2,917,458.5
10742,1,914,914.0
10743,1,918,918.0
10744,1,909,909.0
10745,1,901,901.0
10746,1,913,913.0
10747,1,909,909.0
10748,1,906,906.0
10749,1,904,904.0
10750,1,904,904.0
10751,2,919,459.5
10752,2,907,453.5
10753,2,912,456.0
10754,2,907,453.5
10755,1,925,925.0
10756,1,906,906.0
10757,1,915,915.0
10758,1,926,926.0
10759,1,918,918.0
10760,1,914,914.0
10761,1,920,920.0
10762,2,922,461.0
10763,1,920,920.0
10764,1,917,917.0
10765,1,909,909.0
10766,1,905,905.0
10767,2,908,454.0
10768,1,909,909.0
10769,1,907,907.0
10770,1,910,910.0
10771,1,916,916.0
10772,1,921,921.0
10773,2,909,454.5
10774,2,919,459.5
10775,2,908,454.0
10776,2,920,460.0
10777,2,922,461.0
10778,2,921,460.5
10779,3,920,306.7
10780,2,920,460.0
10781,2,924,462.0
10782,3,929,309.7
10783,2,924,462.0
10784,1,913,913.0
10785,2,907,453.5
10786,2,913,456.5
10787,2,917,458.5
10788,2,920,460.0
10789,2,905,452.5
10790,2,903,451.5
10791,1,897,897.0
10792,1,911,911.0
10793,1,904,904.0
10794,1,900,900.0
10795,1,894,894.0
10796,1,892,892.0
10797,1,895,895.0
10798,1,899,899.0
10799,2,905,452.5
10800,2,914,457.0
10801,1,913,913.0
10802,1,915,915.0
10803,1,903,903.0
10804,1,902,902.0
10805,2,907,453.5
10806,2,915,457.5
10807,3,910,303.3
10808,1,909,909.0
10809,1,905,905.0
10810,2,909,454.5
10811,1,906,906.0
10812,1,906,906.0
10813,2,915,457.5
10814,1,906,906.0
10815,1,898,898.0
10816,1,900,900.0
10817,2,922,461.0
10818,1,913,913.0
10819,1,917,917.0
10820,3,933,311.0
10821,1,914,914.0
10822,1,906,906.0
10823,1,908,908.0
10824,1,904,904.0
10825,1,916,916.0
10826,1,922,922.0
10827,1,912,912.0
10828,1,917,917.0
10829,2,919,459.5
10830,1,915,915.0
10831,1,917,917.0
10832,2,912,456.0
10833,1,926,926.0
10834,2,908,454.0
10835,1,907,907.0
10836,1,909,909.0
10837,1,916,916.0
10838,1,910,910.0
10839,1,900,900.0
10840,1,923,923.0
10841,1,919,919.0
10842,2,919,459.5
10843,2,927,463.5
10844,1,920,920.0
10845,1,925,925.0
10846,3,935,311.7
10847,2,922,461.0
10848,3,926,308.7
10849,2,929,464.5
10850,2,919,459.5
10851,2,929,464.5
10852,2,931,465.5
10853,2,921,460.5
10854,2,925,462.5
10855,2,933,466.5
10856,3,933,311.0
10857,2,929,464.5
10858,3,938,312.7
10859,3,944,314.7
10860,4,938,234.5
10861,3,924,308.0
10862,1,914,914.0
10863,2,917,458.5
10864,1,913,913.0
10865,2,914,457.0
10866,1,913,913.0
10867,1,910,910.0
10868,2,921,460.5
10869,1,917,917.0
10870,1,926,926.0
10871,1,919,919.0
10872,1,926,926.0
10873,1,924,924.0
10874,1,923,923.0
10875,1,925,925.0
10876,1,917,917.0
10877,1,921,921.0
10878,2,922,461.0
10879,1,916,916.0
10880,1,917,917.0
10881,1,920,920.0
10882,1,919,919.0
10883,1,919,919.0
10884,1,916,916.0
10885,1,929,929.0
10886,1,923,923.0
10887,1,929,929.0
10888,1,912,912.0
10889,1,921,921.0
10890,2,925,462.5
10891,1,931,931.0
10892,1,924,924.0
10893,1,923,923.0
10894,1,928,928.0
10895,1,926,926.0
10896,2,927,463.5
10897,2,927,463.5
10898,2,935,467.5
10899,2,936,468.0
10900,1,926,926.0
10901,1,925,925.0
10902,2,933,466.5
10903,2,924,462.0
10904,2,918,459.0
10905,1,921,921.0
10906,2,927,463.5
10907,2,914,457.0
10908,1,923,923.0
10909,1,913,913.0
10910,1,921,921.0
10911,1,909,909.0
10912,1,927,927.0
10913,2,926,463.0
10914,2,920,460.0
10915,1,921,921.0
10916,1,922,922.0
10917,1,919,919.0
10918,1,914,914.0
10919,1,916,916.0
10920,1,920,920.0
10921,1,930,930.0
10922,1,921,921.0
10923,1,926,926.0
10924,2,935,467.5
10925,1,919,919.0
10926,1,920,920.0
10927,1,919,919.0
10928,1,917,917.0
10929,1,923,923.0
10930,1,913,913.0
10931,1,914,914.0
10932,1,916,916.0
10933,1,911,911.0
10934,1,910,910.0
10935,2,911,455.5
10936,2,917,458.5
10937,1,917,917.0
10938,1,908,908.0
10939,2,907,453.5
10940,1,919,919.0
10941,1,923,923.0
10942,1,914,914.0
10943,2,919,459.5
10944,1,918,918.0
10945,1,916,916.0
10946,1,924,924.0
10947,1,913,913.0
10948,1,923,923.0
10949,1,912,912.0
10950,1,925,925.0
10951,1,919,919.0
10952,1,923,923.0
10953,1,928,928.0
10954,1,916,916.0
10955,2,914,457.0
10956,1,920,920.0
10957,1,925,925.0
10958,1,915,915.0
10959,1,919,919.0
10960,1,917,917.0
10961,1,911,911.0
10962,1,912,912.0
10963,2,927,463.5
10964,1,916,916.0
10965,1,925,925.0
10966,1,920,920.0
10967,1,915,915.0
10968,1,929,929.0
10969,1,921,921.0
10970,1,935,935.0
10971,1,915,915.0
10972,1,916,916.0
10973,1,922,922.0
10974,1,912,912.0
10975,1,920,920.0
10976,1,923,923.0
10977,1,912,912.0
10978,1,915,915.0
10979,1,922,922.0
10980,1,921,921.0
10981,1,912,912.0
10982,1,919,919.0
10983,1,915,915.0
10984,1,922,922.0
10985,1,921,921.0
10986,1,911,911.0
10987,1,918,918.0
10988,1,920,920.0
10989,1,913,913.0
10990,1,913,913.0
10991,1,913,913.0
10992,1,912,912.0
10993,2,915,457.5
10994,1,909,909.0
10995,1,909,909.0
10996,1,912,912.0
10997,1,912,912.0
10998,1,917,917.0
10999,1,919,919.0
11000,1,922,922.0
11001,1,915,915.0
11002,1,920,920.0
11003,1,921,921.0
11004,1,917,917.0
11005,1,914,914.0
11006,1,912,912.0
11007,1,910,910.0
11008,1,922,922.0
11009,1,919,919.0
11010,1,924,924.0
11011,1,917,917.0
11012,1,907,907.0
11013,1,904,904.0
11014,1,920,920.0
11015,1,912,912.0
11016,1,918,918.0
11017,2,927,463.5
11018,2,921,460.5
11019,1,926,926.0
11020,2,933,466.5
11021,1,922,922.0
11022,1,916,916.0
11023,1,927,927.0
11024,1,927,927.0
11025,1,917,917.0
11026,1,921,921.0
11027,2,922,461.0
11028,2,918,459.0
11029,2,927,463.5
11030,1,916,916.0
11031,2,911,455.5
11032,1,914,914.0
11033,1,908,908.0
11034,1,913,913.0
11035,1,903,903.0
11036,1,911,911.0
11037,3,898,299.3
11038,1,906,906.0
11039,1,907,907.0
11040,1,904,904.0
11041,1,902,902.0
11042,1,905,905.0
11043,1,912,912.0
11044,1,902,902.0
11045,1,911,911.0
11046,1,915,915.0
11047,1,920,920.0
11048,1,918,918.0
11049,1,921,921.0
11050,2,923,461.5
11051,1,908,908.0
11052,1,910,910.0
11053,1,910,910.0
11054,1,915,915.0
11055,1,911,911.0
11056,1,905,905.0
11057,1,904,904.0
11058,1,904,904.0
11059,1,903,903.0
11060,1,894,894.0
11061,1,908,908.0
11062,1,908,908.0
11063,1,911,911.0
11064,1,910,910.0
11065,1,904,904.0
11066,1,909,909.0
11067,1,909,909.0
11068,1,913,913.0
11069,1,904,904.0
11070,1,907,907.0
11071,1,896,896.0
11072,1,894,894.0
11073,1,906,906.0
11074,1,913,913.0
11075,1,901,901.0
11076,1,899,899.0
11077,1,900,900.0
11078,1,909,909.0
11079,1,905,905.0
11080,1,907,907.0
11081,1,912,912.0
11082,1,908,908.0
11083,1,897,897.0
11084,1,906,906.0
11085,1,903,903.0
11086,1,902,902.0
11087,1,910,910.0
11088,1,901,901.0
11089,1,901,901.0
11090,1,906,906.0
11091,2,907,453.5
11092,1,904,904.0
11093,2,904,452.0
11094,1,901,901.0
11095,1,900,900.0
11096,1,905,905.0
11097,1,905,905.0
11098,1,894,894.0
11099,1,914,914.0
11100,1,906,906.0
11101,1,901,901.0
11102,2,917,458.5
11103,2,923,461.5
11104,1,906,906.0
11105,1,914,914.0
11106,1,908,908.0
11107,1,925,925.0
11108,2,912,456.0
11109,1,913,913.0
11110,1,921,921.0
11111,1,914,914.0
11112,1,916,916.0
11113,1,919,919.0
11114,1,914,914.0
11115,1,904,904.0
11116,1,906,906.0
11117,1,918,918.0
11118,1,908,908.0
11119,1,905,905.0
11120,1,901,901.0
11121,1,923,923.0
11122,1,911,911.0
11123,1,909,909.0
11124,1,900,900.0
11125,1,913,913.0
11126,1,914,914.0
11127,1,906,906.0
11128,1,902,902.0
11129,1,905,905.0
11130,1,910,910.0
11131,1,909,909.0
11132,1,916,916.0
11133,1,915,915.0
11134,1,914,914.0
11135,1,906,906.0
11136,1,909,909.0
11137,1,915,915.0
11138,1,913,913.0
11139,1,912,912.0
11140,1,913,913.0
11141,1,914,914.0
11142,2,913,456.5
11143,2,915,457.5
11144,1,917,917.0
11145,2,919,459.5
11146,2,915,457.5
11147,1,901,901.0
11148,2,916,458.0
11149,1,916,916.0
11150,1,913,913.0
11151,1,922,922.0
11152,1,918,918.0
11153,1,919,919.0
11154,1,910,910.0
11155,1,911,911.0
11156,1,914,914.0
11157,1,901,901.0
11158,1,903,903.0
11159,1,908,908.0
11160,1,902,902.0
11161,1,901,901.0
11162,1,911,911.0
11163,1,917,917.0
11164,1,918,918.0
11165,1,898,898.0
11166,1,912,912.0
11167,1,911,911.0
11168,2,921,460.5
11169,1,908,908.0
11170,1,919,919.0
11171,1,913,913.0
11172,1,911,911.0
11173,1,930,930.0
11174,1,907,907.0
11175,1,931,931.0
11176,1,915,915.0
11177,2,920,460.0
11178,1,923,923.0
11179,1,906,906.0
11180,1,903,903.0
11181,1,903,903.0
11182,1,908,908.0
11183,1,915,915.0
11184,1,922,922.0
11185,1,906,906.0
11186,2,918,459.0
11187,2,922,461.0
11188,1,909,909.0
11189,3,916,305.3
11190,2,923,461.5
11191,1,906,906.0
11192,1,911,911.0
11193,1,916,916.0
11194,2,924,462.0
11195,1,922,922.0
11196,1,927,927.0
11197,1,920,920.0
11198,1,914,914.0
11199,1,935,935.0
11200,1,925,925.0
11201,1,919,919.0
11202,1,920,920.0
11203,1,925,925.0
11204,1,928,928.0
11205,1,918,918.0
11206,1,914,914.0
11207,1,915,915.0
11208,1,922,922.0
11209,1,921,921.0
11210,1,925,925.0
11211,1,916,916.0
11212,1,920,920.0
11213,2,907,453.5
11214,3,915,305.0
11215,2,914,457.0
11216,2,916,458.0
11217,2,915,457.5
11218,1,911,911.0
11219,1,916,916.0
11220,1,921,921.0
11221,2,915,457.5
11222,2,902,451.0
11223,1,909,909.0
11224,1,911,911.0
11225,1,920,920.0
11226,1,910,910.0
11227,1,907,907.0
11228,1,904,904.0
11229,1,900,900.0
11230,1,893,893.0
11231,1,905,905.0
11232,1,893,893.0
11233,1,899,899.0
11234,2,888,444.0
11235,2,915,457.5
11236,1,906,906.0
11237,1,909,909.0
11238,1,908,908.0
11239,1,910,910.0
11240,1,901,901.0
11241,1,907,907.0
11242,1,912,912.0
11243,1,902,902.0
11244,1,909,909.0
11245,1,914,914.0
11246,1,905,905.0
11247,1,913,913.0
11248,1,907,907.0
11249,1,904,904.0
11250,1,909,909.0
11251,1,907,907.0
11252,1,903,903.0
11253,1,902,902.0
11254,2,909,454.5
11255,2,913,456.5
11256,1,898,898.0
11257,2,914,457.0
11258,1,899,899.0
11259,1,902,902.0
11260,1,914,914.0
11261,2,913,456.5
11262,1,914,914.0
11263,1,901,901.0
11264,1,898,898.0
11265,2,903,451.5
11266,2,905,452.5
11267,1,908,908.0
11268,1,904,904.0
11269,2,910,455.0
11270,1,913,913.0
11271,1,913,913.0
11272,1,892,892.0
11273,1,906,906.0
11274,1,910,910.0
11275,2,916,458.0
11276,1,904,904.0
11277,1,904,904.0
11278,1,904,904.0
11279,1,903,903.0
11280,1,917,917.0
11281,1,911,911.0
11282,2,915,457.5
11283,2,922,461.0
11284,1,916,916.0
11285,2,921,460.5
11286,2,922,461.0
11287,2,921,460.5
11288,3,916,305.3
11289,2,909,454.5
11290,1,903,903.0
11291,1,909,909.0
11292,1,902,902.0
11293,1,915,915.0
11294,1,907,907.0
11295,1,915,915.0
11296,1,909,909.0
11297,1,903,903.0
11298,1,901,901.0
11299,2,908,454.0
11300,2,912,456.0
11301,2,912,456.0
11302,1,914,914.0
11303,1,907,907.0
11304,1,907,907.0
11305,1,915,915.0
11306,1,907,907.0
11307,1,909,909.0
11308,2,914,457.0
11309,1,918,918.0
11310,1,910,910.0
11311,2,904,452.0
11312,2,902,451.0
11313,1,903,903.0
11314,1,899,899.0
11315,2,911,455.5
11316,1,896,896.0
11317,3,900,300.0
11318,1,892,892.0
11319,1,892,892.0
11320,1,896,896.0
11321,3,916,305.3
11322,2,917,458.5
11323,1,914,914.0
11324,1,905,905.0
11325,2,913,456.5
11326,2,912,456.0
11327,1,901,901.0
11328,1,902,902.0
11329,1,907,907.0
11330,1,905,905.0
11331,1,913,913.0
11332,1,907,907.0
11333,2,909,454.5
11334,1,910,910.0
11335,1,917,917.0
11336,1,911,911.0
11337,1,907,907.0
11338,3,912,304.0
11339,4,921,230.2
11340,1,906,906.0
11341,1,914,914.0
11342,2,917,458.5
11343,2,905,452.5
11344,1,909,909.0
11345,1,910,910.0
11346,1,897,897.0
11347,1,907,907.0
11348,1,916,916.0
11349,1,918,918.0
11350,1,915,915.0
11351,1,910,910.0
11352,1,901,901.0
11353,1,897,897.0
11354,1,907,907.0
11355,2,908,454.0
11356,1,909,909.0
11357,1,897,897.0
11358,1,896,896.0
11359,1,905,905.0
11360,1,897,897.0
11361,2,903,451.5
11362,1,911,911.0
11363,2,906,453.0
11364,1,901,901.0
11365,2,912,456.0
11366,1,900,900.0
11367,4,917,229.2
11368,1,894,894.0
11369,1,899,899.0
11370,1,909,909.0
11371,1,900,900.0
11372,1,905,905.0
11373,1,913,913.0
11374,1,904,904.0
11375,1,908,908.0
11376,1,909,909.0
11377,1,903,903.0
11378,1,907,907.0
11379,1,912,912.0
11380,1,899,899.0
11381,1,894,894.0
11382,1,894,894.0
11383,1,907,907.0
11384,1,902,902.0
11385,1,905,905.0
11386,1,906,906.0
11387,1,901,901.0
11388,1,897,897.0
11389,1,890,890.0
11390,2,896,448.0
11391,1,899,899.0
11392,2,899,449.5
11393,2,907,453.5
11394,2,897,448.5
11395,2,896,448.0
11396,3,896,298.7
11397,1,892,892.0
11398,1,883,883.0
11399,1,877,877.0
11400,1,893,893.0
11401,1,892,892.0
11402,1,894,894.0
11403,1,894,894.0
11404,1,891,891.0
11405,1,903,903.0
11406,1,902,902.0
11407,1,898,898.0
11408,1,907,907.0
11409,1,903,903.0
11410,1,911,911.0
11411,1,901,901.0
11412,1,909,909.0
11413,1,902,902.0
11414,1,907,907.0
11415,1,907,907.0
11416,1,901,901.0
11417,1,903,903.0
11418,1,901,901.0
11419,1,896,896.0
11420,2,913,456.5
11421,1,897,897.0
11422,1,913,913.0
11423,1,909,909.0
11424,1,911,911.0
11425,1,902,902.0
11426,1,909,909.0
11427,1,903,903.0
11428,1,903,903.0
11429,1,913,913.0
11430,1,909,909.0
11431,1,911,911.0
11432,1,903,903.0
11433,1,899,899.0
11434,1,898,898.0
11435,1,897,897.0
11436,1,897,897.0
11437,2,908,454.0
11438,2,905,452.5
11439,1,909,909.0
11440,1,905,905.0
11441,1,904,904.0
11442,1,902,902.0
11443,1,908,908.0
11444,1,911,911.0
11445,2,906,453.0
11446,2,913,456.5
11447,1,903,903.0
11448,3,906,302.0
11449,2,897,448.5
11450,1,899,899.0
11451,1,889,889.0
11452,2,897,448.5
11453,2,890,445.0
11454,1,900,900.0
11455,2,899,449.5
11456,1,890,890.0
11457,1,903,903.0
11458,1,887,887.0
11459,1,894,894.0
11460,1,895,895.0
11461,1,891,891.0
11462,1,893,893.0
11463,1,895,895.0
11464,1,897,897.0
11465,1,893,893.0
11466,1,892,892.0
11467,1,895,895.0
11468,1,895,895.0
11469,1,897,897.0
11470,1,896,896.0
11471,1,901,901.0
11472,1,902,902.0
11473,1,913,913.0
11474,1,901,901.0
11475,3,907,302.3
11476,2,899,449.5
11477,2,900,450.0
11478,1,905,905.0
11479,1,912,912.0
11480,2,923,461.5
11481,1,902,902.0
11482,1,914,914.0
11483,1,908,908.0
11484,1,911,911.0
11485,2,914,457.0
11486,2,905,452.5
11487,2,909,454.5
11488,2,907,453.5
11489,1,913,913.0
11490,2,907,453.5
11491,2,898,449.0
11492,1,889,889.0
11493,1,901,901.0
11494,1,893,893.0
11495,1,889,889.0
11496,1,904,904.0
11497,1,900,900.0
11498,1,899,899.0
11499,1,900,900.0
11500,1,901,901.0
11501,1,903,903.0
11502,1,900,900.0
11503,1,894,894.0
11504,1,904,904.0
11505,1,891,891.0
11506,1,900,900.0
11507,2,898,449.0
11508,2,899,449.5
11509,1,893,893.0
11510,1,904,904.0
11511,1,910,910.0
11512,1,898,898.0
11513,1,896,896.0
11514,1,901,901.0
11515,2,906,453.0
11516,1,903,903.0
11517,1,896,896.0
11518,1,893,893.0
11519,1,893,893.0
11520,1,903,903.0
11521,1,900,900.0
11522,1,894,894.0
11523,1,897,897.0
11524,1,901,901.0
11525,2,904,452.0
11526,1,898,898.0
11527,1,902,902.0
11528,1,896,896.0
11529,1,903,903.0
11530,1,901,901.0
11531,1,901,901.0
11532,1,904,904.0
11533,2,903,451.5
11534,2,902,451.0
11535,1,894,894.0
11536,1,898,898.0
11537,1,905,905.0
11538,1,902,902.0
11539,1,904,904.0
11540,1,900,900.0
11541,1,904,904.0
11542,1,894,894.0
11543,1,897,897.0
11544,2,899,449.5
11545,1,900,900.0
11546,1,897,897.0
11547,2,897,448.5
11548,2,907,453.5
11549,2,910,455.0
11550,1,892,892.0
11551,1,897,897.0
11552,1,892,892.0
11553,1,896,896.0
11554,1,905,905.0
11555,1,903,903.0
11556,1,897,897.0
11557,1,899,899.0
11558,1,903,903.0
11559,1,901,901.0
11560,1,901,901.0
11561,1,900,900.0
11562,1,891,891.0
11563,1,904,904.0
11564,1,891,891.0
11565,1,902,902.0
11566,1,885,885.0
11567,1,892,892.0
11568,2,895,447.5
11569,1,889,889.0
11570,1,888,888.0
11571,1,878,878.0
11572,1,902,902.0
11573,1,901,901.0
11574,1,892,892.0
11575,1,892,892.0
11576,1,904,904.0
11577,1,899,899.0
11578,1,893,893.0
11579,1,906,906.0
11580,1,904,904.0
11581,1,908,908.0
11582,1,903,903.0
11583,1,901,901.0
11584,2,914,457.0
11585,2,909,454.5
11586,1,914,914.0
11587,2,908,454.0
11588,2,905,452.5
11589,2,909,454.5
11590,1,919,919.0
11591,2,913,456.5
11592,2,910,455.0
11593,1,905,905.0
11594,1,912,912.0
11595,1,910,910.0
11596,1,910,910.0
11597,1,910,910.0
11598,1,914,914.0
11599,1,911,911.0
11600,1,920,920.0
11601,2,922,461.0
11602,2,911,455.5
11603,1,917,917.0
11604,1,920,920.0
11605,1,911,911.0
11606,1,909,909.0
11607,1,903,903.0
11608,1,915,915.0
11609,1,916,916.0
11610,1,906,906.0
11611,1,922,922.0
11612,2,919,459.5
11613,1,919,919.0
11614,1,918,918.0
11615,1,924,924.0
11616,2,909,454.5
11617,1,915,915.0
11618,2,910,455.0
11619,1,914,914.0
11620,1,908,908.0
11621,2,903,451.5
11622,1,912,912.0
11623,1,911,911.0
11624,1,916,916.0
11625,1,913,913.0
11626,1,917,917.0
11627,1,908,908.0
11628,2,921,460.5
11629,2,927,463.5
11630,2,905,452.5
11631,2,911,455.5
11632,2,918,459.0
11633,2,906,453.0
11634,4,916,229.0
11635,3,917,305.7
11636,2,902,451.0
11637,3,921,307.0
11638,2,916,458.0
11639,2,904,452.0
11640,1,894,894.0
11641,1,911,911.0
11642,1,903,903.0
11643,1,899,899.0
11644,1,897,897.0
11645,1,903,903.0
11646,1,905,905.0
11647,1,899,899.0
11648,2,902,451.0
11649,1,902,902.0
11650,1,913,913.0
11651,1,912,912.0
11652,1,905,905.0
11653,2,918,459.0
11654,1,912,912.0
11655,2,908,454.0
11656,1,912,912.0
11657,2,909,454.5
11658,1,916,916.0
11659,2,905,452.5
11660,1,904,904.0
11661,1,901,901.0
11662,1,904,904.0
11663,1,895,895.0
11664,1,902,902.0
11665,1,906,906.0
11666,2,901,450.5
11667,1,880,880.0
11668,2,911,455.5
11669,1,916,916.0
11670,1,894,894.0
11671,3,904,301.3
11672,3,917,305.7
11673,1,902,902.0
11674,1,906,906.0
11675,1,908,908.0
11676,2,908,454.0
11677,2,900,450.0
11678,2,896,448.0
11679,1,896,896.0
11680,2,902,451.0
11681,1,891,891.0
11682,2,894,447.0
11683,2,907,453.5
11684,2,903,451.5
11685,1,906,906.0
11686,1,894,894.0
11687,2,908,454.0
11688,3,916,305.3
11689,1,916,916.0
11690,1,907,907.0
11691,1,917,917.0
11692,1,904,904.0
11693,1,895,895.0
11694,1,911,911.0
11695,1,913,913.0
11696,2,905,452.5
11697,3,911,303.7
11698,1,908,908.0
11699,1,910,910.0
11700,1,907,907.0
11701,2,910,455.0
11702,1,892,892.0
11703,1,895,895.0
11704,2,915,457.5
11705,1,890,890.0
11706,1,897,897.0
11707,1,895,895.0
11708,1,906,906.0
11709,1,900,900.0
11710,1,913,913.0
11711,1,906,906.0
11712,1,904,904.0
11713,1,908,908.0
11714,1,920,920.0
11715,2,919,459.5
11716,2,920,460.0
11717,1,914,914.0
11718,1,919,919.0
11719,2,912,456.0
11720,1,918,918.0
11721,2,921,460.5
11722,1,916,916.0
11723,1,915,915.0
11724,2,924,462.0
11725,2,920,460.0
11726,1,921,921.0
11727,1,921,921.0
11728,1,922,922.0
11729,1,919,919.0
11730,2,916,458.0
11731,2,924,462.0
11732,2,922,461.0
11733,2,933,466.5
11734,2,937,468.5
11735,4,929,232.2
11736,2,924,462.0
11737,2,932,466.0
11738,1,933,933.0
11739,1,916,916.0
11740,2,929,464.5
11741,1,923,923.0
11742,2,923,461.5
11743,1,934,934.0
11744,1,921,921.0
11745,1,909,909.0
11746,1,909,909.0
11747,1,901,901.0
11748,1,910,910.0
11749,2,920,460.0
11750,1,916,916.0
11751,1,911,911.0
11752,2,922,461.0
11753,1,918,918.0
11754,1,917,917.0
11755,1,907,907.0
11756,2,930,465.0
11757,1,923,923.0
11758,1,905,905.0
11759,2,905,452.5
11760,1,896,896.0
11761,3,915,305.0
11762,2,909,454.5
11763,3,905,301.7
11764,2,905,452.5
11765,1,906,906.0
11766,1,907,907.0
11767,1,908,908.0
11768,1,911,911.0
11769,1,901,901.0
11770,2,909,454.5
11771,1,903,903.0
11772,1,915,915.0
11773,1,908,908.0
11774,1,912,912.0
11775,1,893,893.0
11776,1,893,893.0
11777,1,902,902.0
11778,1,905,905.0
11779,2,911,455.5
11780,2,905,452.5
11781,1,916,916.0
11782,1,917,917.0
11783,1,912,912.0
11784,1,914,914.0
11785,1,899,899.0
11786,2,914,457.0
11787,3,912,304.0
11788,1,912,912.0
11789,1,908,908.0
11790,1,904,904.0
11791,1,911,911.0
11792,2,910,455.0
11793,2,914,457.0
11794,1,910,910.0
11795,1,915,915.0
11796,1,914,914.0
11797,1,914,914.0
11798,1,913,913.0
11799,1,903,903.0
11800,2,910,455.0
11801,1,901,901.0
11802,2,912,456.0
11803,1,904,904.0
11804,1,899,899.0
11805,2,905,452.5
11806,2,915,457.5
11807,2,900,450.0
11808,1,889,889.0
11809,1,884,884.0
11810,1,902,902.0
11811,2,888,444.0
11812,1,895,895.0
11813,1,899,899.0
11814,1,900,900.0
11815,1,906,906.0
11816,2,905,452.5
11817,1,902,902.0
11818,1,893,893.0
11819,1,898,898.0
11820,1,891,891.0
11821,1,891,891.0
11822,2,904,452.0
11823,2,902,451.0
11824,2,910,455.0
11825,2,911,455.5
11826,2,902,451.0
11827,2,911,455.5
11828,2,906,453.0
11829,1,907,907.0
11830,1,902,902.0
11831,2,907,453.5
11832,1,906,906.0
11833,2,908,454.0
11834,2,900,450.0
11835,1,912,912.0
11836,1,902,902.0
11837,1,903,903.0
11838,2,905,452.5
11839,1,893,893.0
11840,1,901,901.0
11841,1,914,914.0
11842,2,911,455.5
11843,1,901,901.0
11844,1,891,891.0
11845,1,897,897.0
11846,1,897,897.0
11847,2,898,449.0
11848,2,913,456.5
11849,1,914,914.0
11850,2,899,449.5
11851,1,889,889.0
11852,1,902,902.0
11853,1,894,894.0
11854,1,911,911.0
11855,1,908,908.0
11856,1,919,919.0
11857,1,916,916.0
11858,1,911,911.0
11859,1,914,914.0
11860,1,921,921.0
11861,1,913,913.0
11862,2,911,455.5
11863,1,897,897.0
11864,1,899,899.0
11865,1,899,899.0
11866,1,902,902.0
11867,1,911,911.0
11868,1,910,910.0
11869,1,914,914.0
11870,2,920,460.0
11871,1,905,905.0
11872,1,902,902.0
11873,1,894,894.0
11874,1,899,899.0
11875,1,909,909.0
11876,1,907,907.0
11877,1,901,901.0
11878,1,898,898.0
11879,2,909,454.5
11880,1,904,904.0
11881,2,919,459.5
11882,1,912,912.0
11883,3,918,306.0
11884,2,917,458.5
11885,1,912,912.0
11886,2,921,460.5
11887,2,915,457.5
11888,1,917,917.0
11889,2,922,461.0
11890,1,915,915.0
11891,1,907,907.0
11892,1,910,910.0
11893,1,912,912.0
11894,1,909,909.0
11895,1,902,902.0
11896,1,909,909.0
11897,1,916,916.0
11898,1,916,916.0
11899,1,911,911.0
11900,1,909,909.0
11901,1,908,908.0
11902,1,916,916.0
11903,2,903,451.5
11904,1,903,903.0
11905,1,912,912.0
11906,1,916,916.0
11907,1,912,912.0
11908,1,906,906.0
11909,1,899,899.0
11910,1,901,901.0
11911,1,898,898.0
11912,1,907,907.0
11913,1,904,904.0
11914,2,906,453.0
11915,1,913,913.0
11916,2,918,459.0
11917,1,917,917.0
11918,1,901,901.0
11919,1,904,904.0
11920,1,885,885.0
11921,1,900,900.0
11922,1,895,895.0
11923,1,893,893.0
11924,2,905,452.5
11925,1,902,902.0
11926,1,899,899.0
11927,1,900,900.0
11928,2,910,455.0
11929,1,906,906.0
11930,1,907,907.0
11931,1,913,913.0
11932,1,906,906.0
11933,3,908,302.7
11934,2,905,452.5
11935,2,923,461.5
11936,2,909,454.5
11937,1,920,920.0
11938,1,911,911.0
11939,2,908,454.0
11940,2,925,462.5
11941,2,910,455.0
11942,1,903,903.0
11943,2,901,450.5
11944,3,913,304.3
11945,2,912,456.0
11946,1,915,915.0
11947,1,910,910.0
11948,2,909,454.5
11949,1,914,914.0
11950,1,924,924.0
11951,1,915,915.0
11952,1,919,919.0
11953,1,916,916.0
11954,1,913,913.0
11955,1,919,919.0
11956,1,910,910.0
11957,1,908,908.0
11958,1,914,914.0
11959,2,924,462.0
11960,1,915,915.0
11961,1,917,917.0
11962,1,918,918.0
11963,1,910,910.0
11964,1,913,913.0
11965,1,920,920.0
11966,2,920,460.0
11967,1,917,917.0
11968,1,924,924.0
11969,1,912,912.0
11970,1,917,917.0
11971,1,922,922.0
11972,1,908,908.0
11973,1,917,917.0
11974,1,911,911.0
11975,1,910,910.0
11976,2,907,453.5
11977,1,910,910.0
11978,3,898,299.3
11979,1,905,905.0
11980,1,902,902.0
11981,1,896,896.0
11982,1,895,895.0
11983,1,890,890.0
11984,1,907,907.0
11985,1,903,903.0
11986,1,902,902.0
11987,1,898,898.0
11988,2,915,457.5
11989,1,910,910.0
11990,1,909,909.0
11991,2,908,454.0
11992,2,919,459.5
11993,1,915,915.0
11994,1,912,912.0
11995,1,910,910.0
11996,1,909,909.0
11997,1,906,906.0
11998,1,914,914.0
11999,2,911,455.5
12000,1,916,916.0
