Frame,vesicle_count,total_peptides_in_vesicles,avg_vesicle_size
0,39,2113,54.2
1,45,2347,52.2
2,35,1825,52.1
3,35,1892,54.1
4,44,2505,56.9
5,36,2018,56.1
6,37,2183,59.0
7,42,2479,59.0
8,46,2865,62.3
9,43,2630,61.2
10,43,2749,63.9
11,39,2490,63.8
12,40,2411,60.3
13,35,2187,62.5
14,40,2733,68.3
15,51,3109,61.0
16,47,2884,61.4
17,43,2687,62.5
18,51,3087,60.5
19,46,2964,64.4
20,41,2491,60.8
21,49,3185,65.0
22,45,2611,58.0
23,43,3037,70.6
24,50,3429,68.6
25,41,3114,76.0
26,49,3601,73.5
27,44,3234,73.5
28,42,2844,67.7
29,47,3030,64.5
30,45,3058,68.0
31,38,3031,79.8
32,41,2932,71.5
33,41,2940,71.7
34,44,3260,74.1
35,43,3401,79.1
36,36,2829,78.6
37,40,3190,79.8
38,38,3127,82.3
39,50,3795,75.9
40,34,2615,76.9
41,33,2677,81.1
42,37,2860,77.3
43,43,3494,81.3
44,40,3645,91.1
45,44,3678,83.6
46,41,3632,88.6
47,39,3445,88.3
48,40,3409,85.2
49,41,3746,91.4
50,41,3493,85.2
51,37,3724,100.6
52,39,3540,90.8
53,34,3444,101.3
54,40,3740,93.5
55,41,3858,94.1
56,34,3425,100.7
57,40,3968,99.2
58,37,3293,89.0
59,33,3648,110.5
60,43,3977,92.5
61,40,3733,93.3
62,34,3461,101.8
63,49,4373,89.2
64,39,3947,101.2
65,42,4212,100.3
66,33,3333,101.0
67,37,3385,91.5
68,40,3959,99.0
69,38,3863,101.7
70,36,3803,105.6
71,44,4282,97.3
72,37,3597,97.2
73,44,4073,92.6
74,40,3993,99.8
75,38,3814,100.4
76,43,4208,97.9
77,35,3812,108.9
78,40,4418,110.4
79,41,4150,101.2
80,39,4452,114.2
81,39,3992,102.4
82,39,4291,110.0
83,37,4049,109.4
84,34,3582,105.4
85,34,3678,108.2
86,32,3564,111.4
87,36,4155,115.4
88,35,4086,116.7
89,41,4325,105.5
90,35,4036,115.3
91,35,4071,116.3
92,33,3712,112.5
93,37,4159,112.4
94,35,4296,122.7
95,35,4635,132.4
96,35,4229,120.8
97,32,4009,125.3
98,34,3738,109.9
99,27,3217,119.1
100,28,3239,115.7
101,29,3160,109.0
102,32,3589,112.2
103,32,3504,109.5
104,33,3690,111.8
105,31,3505,113.1
106,35,4570,130.6
107,38,4393,115.6
108,33,4581,138.8
109,32,4367,136.5
110,31,3839,123.8
111,32,4271,133.5
112,32,4062,126.9
113,36,4606,127.9
114,35,4789,136.8
115,34,4575,134.6
116,30,4009,133.6
117,33,4554,138.0
118,33,4520,137.0
119,33,4774,144.7
120,31,4264,137.5
121,30,4109,137.0
122,37,5277,142.6
123,35,4999,142.8
124,37,5168,139.7
125,37,5144,139.0
126,34,4852,142.7
127,37,4814,130.1
128,33,4599,139.4
129,38,5209,137.1
130,37,5275,142.6
131,44,5254,119.4
132,41,4678,114.1
133,41,5232,127.6
134,35,4814,137.5
135,31,4321,139.4
136,30,3897,129.9
137,34,5165,151.9
138,29,4482,154.6
139,36,4553,126.5
140,35,5173,147.8
141,31,4534,146.3
142,29,4355,150.2
143,32,4545,142.0
144,34,4890,143.8
145,31,4597,148.3
146,31,4593,148.2
147,30,5075,169.2
148,34,5597,164.6
149,32,4415,138.0
150,32,5285,165.2
151,32,5229,163.4
152,34,5101,150.0
153,28,4343,155.1
154,31,4747,153.1
155,34,5041,148.3
156,33,4550,137.9
157,35,5470,156.3
158,33,5081,154.0
159,30,4920,164.0
160,27,4418,163.6
161,34,4772,140.4
162,30,4949,165.0
163,28,4293,153.3
164,25,3732,149.3
165,28,4137,147.8
166,25,4096,163.8
167,24,3679,153.3
168,30,4143,138.1
169,24,3577,149.0
170,26,3765,144.8
171,27,4034,149.4
172,26,3875,149.0
173,23,3313,144.0
174,27,3948,146.2
175,31,4362,140.7
176,33,4512,136.7
177,29,4552,157.0
178,30,4967,165.6
179,27,4361,161.5
180,29,4614,159.1
181,30,4847,161.6
182,28,4067,145.2
183,28,4066,145.2
184,27,3905,144.6
185,30,4709,157.0
186,30,4597,153.2
187,30,5079,169.3
188,30,4169,139.0
189,28,4067,145.2
190,30,4384,146.1
191,38,5318,139.9
192,29,4286,147.8
193,31,4638,149.6
194,28,4484,160.1
195,28,3615,129.1
196,31,4878,157.4
197,30,4654,155.1
198,35,4761,136.0
199,33,4487,136.0
200,29,4175,144.0
201,28,3969,141.8
202,25,3480,139.2
203,30,4210,140.3
204,27,3780,140.0
205,27,3808,141.0
206,26,3776,145.2
207,30,4070,135.7
208,25,3415,136.6
209,25,4624,185.0
210,19,3346,176.1
211,23,4423,192.3
212,20,3306,165.3
213,28,4566,163.1
214,27,3844,142.4
215,25,3295,131.8
216,31,5058,163.2
217,25,4268,170.7
218,23,3968,172.5
219,23,3797,165.1
220,33,4876,147.8
221,28,5239,187.1
222,28,4851,173.2
223,29,4551,156.9
224,26,4364,167.8
225,28,5032,179.7
226,25,4733,189.3
227,26,4921,189.3
228,20,4310,215.5
229,22,4332,196.9
230,21,4968,236.6
231,28,5345,190.9
232,27,5549,205.5
233,24,4227,176.1
234,27,4271,158.2
235,25,4497,179.9
236,22,5189,235.9
237,24,3853,160.5
238,26,4875,187.5
239,27,5481,203.0
240,21,5164,245.9
241,21,4170,198.6
242,26,5273,202.8
243,20,5233,261.6
244,27,5331,197.4
245,24,5009,208.7
246,25,4900,196.0
247,21,4323,205.9
248,21,4380,208.6
249,24,4635,193.1
250,26,4325,166.3
251,23,4986,216.8
252,20,4347,217.4
253,26,5296,203.7
254,22,4056,184.4
255,21,4012,191.0
256,25,4336,173.4
257,27,5644,209.0
258,26,5580,214.6
259,25,5237,209.5
260,23,5356,232.9
261,26,5424,208.6
262,25,5935,237.4
263,26,5407,208.0
264,26,5633,216.7
265,19,4290,225.8
266,22,4091,186.0
267,25,5506,220.2
268,25,5606,224.2
269,20,5408,270.4
270,19,4392,231.2
271,26,5461,210.0
272,27,5383,199.4
273,24,4124,171.8
274,25,5220,208.8
275,21,4210,200.5
276,22,4242,192.8
277,20,4228,211.4
278,20,4295,214.8
279,23,5052,219.7
280,21,4863,231.6
281,21,4887,232.7
282,26,5588,214.9
283,20,4117,205.8
284,20,3572,178.6
285,23,5419,235.6
286,27,6251,231.5
287,27,6044,223.9
288,22,5650,256.8
289,24,5523,230.1
290,24,6006,250.2
291,24,6048,252.0
292,24,6024,251.0
293,21,5685,270.7
294,21,6102,290.6
295,20,5300,265.0
296,21,5614,267.3
297,24,5448,227.0
298,24,5817,242.4
299,21,5710,271.9
300,23,5726,249.0
301,23,5929,257.8
302,21,5747,273.7
303,17,4380,257.6
304,21,5240,249.5
305,18,4451,247.3
306,19,5046,265.6
307,21,5299,252.3
308,20,5246,262.3
309,20,4643,232.2
310,21,4912,233.9
311,15,4267,284.5
312,18,4585,254.7
313,18,4693,260.7
314,25,5624,225.0
315,19,5030,264.7
316,23,5539,240.8
317,19,5167,271.9
318,20,6122,306.1
319,19,5040,265.3
320,19,4995,262.9
321,19,4536,238.7
322,21,4878,232.3
323,19,4835,254.5
324,21,5602,266.8
325,18,5744,319.1
326,20,5310,265.5
327,21,5060,241.0
328,18,4571,253.9
329,17,4368,256.9
330,18,4481,248.9
331,15,3749,249.9
332,17,4340,255.3
333,17,4170,245.3
334,18,4671,259.5
335,19,5550,292.1
336,19,6288,330.9
337,18,4805,266.9
338,17,5204,306.1
339,19,5526,290.8
340,16,4444,277.8
341,18,5656,314.2
342,19,4706,247.7
343,21,5305,252.6
344,18,6045,335.8
345,22,6620,300.9
346,21,6456,307.4
347,17,6282,369.5
348,21,6439,306.6
349,20,5153,257.6
350,21,5439,259.0
351,19,5340,281.1
352,20,5390,269.5
353,22,6427,292.1
354,24,6651,277.1
355,21,6500,309.5
356,22,6736,306.2
357,23,6763,294.0
358,21,6711,319.6
359,22,6205,282.0
360,22,5741,261.0
361,24,6894,287.2
362,23,6731,292.7
363,23,6775,294.6
364,22,6167,280.3
365,22,6261,284.6
366,22,6785,308.4
367,21,6165,293.6
368,22,6736,306.2
369,24,6853,285.5
370,21,6954,331.1
371,19,6487,341.4
372,22,6586,299.4
373,22,6701,304.6
374,20,6444,322.2
375,24,6931,288.8
376,21,6790,323.3
377,19,5939,312.6
378,20,5928,296.4
379,19,5718,300.9
380,20,6398,319.9
381,19,5438,286.2
382,17,5397,317.5
383,21,5490,261.4
384,21,5938,282.8
385,21,6607,314.6
386,17,5235,307.9
387,19,6515,342.9
388,17,6276,369.2
389,19,6571,345.8
390,20,6704,335.2
391,21,6954,331.1
392,20,6870,343.5
393,19,6603,347.5
394,21,6901,328.6
395,19,6785,357.1
396,20,5118,255.9
397,20,4920,246.0
398,20,6577,328.8
399,21,5074,241.6
400,19,6635,349.2
401,21,6759,321.9
402,18,5976,332.0
403,17,6517,383.4
404,18,4864,270.2
405,20,6765,338.2
406,19,4959,261.0
407,20,5944,297.2
408,20,5143,257.2
409,21,5770,274.8
410,21,4536,216.0
411,20,5178,258.9
412,22,5280,240.0
413,23,4551,197.9
414,23,5988,260.3
415,17,6481,381.2
416,17,6596,388.0
417,18,6813,378.5
418,19,6777,356.7
419,18,6626,368.1
420,16,6554,409.6
421,20,6861,343.0
422,18,5045,280.3
423,17,6509,382.9
424,15,6393,426.2
425,14,5982,427.3
426,15,6094,406.3
427,18,6539,363.3
428,18,6665,370.3
429,20,6823,341.2
430,20,6836,341.8
431,19,6483,341.2
432,21,6997,333.2
433,19,6849,360.5
434,20,6799,340.0
435,19,6900,363.2
436,20,6828,341.4
437,15,4198,279.9
438,18,4327,240.4
439,15,4164,277.6
440,18,5580,310.0
441,17,5362,315.4
442,16,5282,330.1
443,15,5151,343.4
444,12,3598,299.8
445,16,6185,386.6
446,13,4897,376.7
447,17,6039,355.2
448,14,6010,429.3
449,16,5432,339.5
450,15,5076,338.4
451,19,6743,354.9
452,16,4530,283.1
453,18,5914,328.6
454,18,4509,250.5
455,20,6749,337.4
456,20,6760,338.0
457,16,5209,325.6
458,17,5366,315.6
459,15,6124,408.3
460,18,5309,294.9
461,18,5557,308.7
462,18,6486,360.3
463,19,6905,363.4
464,18,6447,358.2
465,17,6330,372.4
466,19,6452,339.6
467,17,6505,382.6
468,15,6351,423.4
469,15,6406,427.1
470,13,5675,436.5
471,14,5945,424.6
472,16,6203,387.7
473,16,6190,386.9
474,15,6082,405.5
475,16,6304,394.0
476,16,6087,380.4
477,14,6163,440.2
478,15,6099,406.6
479,16,5978,373.6
480,16,6042,377.6
481,16,5520,345.0
482,14,5559,397.1
483,16,5685,355.3
484,14,5572,398.0
485,13,5545,426.5
486,14,5560,397.1
487,15,5965,397.7
488,17,6101,358.9
489,16,6251,390.7
490,15,5820,388.0
491,13,5447,419.0
492,14,5667,404.8
493,17,5868,345.2
494,17,6008,353.4
495,17,6040,355.3
496,16,5912,369.5
497,14,5852,418.0
498,13,5679,436.8
499,15,6225,415.0
500,13,5703,438.7
501,16,5962,372.6
502,13,5665,435.8
503,15,5742,382.8
504,16,5862,366.4
505,15,5867,391.1
506,15,5717,381.1
507,21,6337,301.8
508,16,4735,295.9
509,18,6093,338.5
510,15,5946,396.4
511,15,6066,404.4
512,15,4460,297.3
513,15,4567,304.5
514,18,4746,263.7
515,19,5070,266.8
516,18,5447,302.6
517,15,5872,391.5
518,15,4636,309.1
519,17,5500,323.5
520,14,4814,343.9
521,14,4786,341.9
522,16,4873,304.6
523,15,4916,327.7
524,15,5009,333.9
525,16,5549,346.8
526,15,6085,405.7
527,15,6027,401.8
528,15,5960,397.3
529,14,5861,418.6
530,13,5580,429.2
531,15,4667,311.1
532,17,5531,325.4
533,17,5436,319.8
534,17,4919,289.4
535,16,4772,298.2
536,16,5070,316.9
537,14,4862,347.3
538,15,4793,319.5
539,17,6302,370.7
540,16,5084,317.8
541,18,6433,357.4
542,19,6592,346.9
543,18,6498,361.0
544,18,6618,367.7
545,16,6382,398.9
546,16,6560,410.0
547,15,6086,405.7
548,16,6117,382.3
549,18,6356,353.1
550,16,5874,367.1
551,15,5649,376.6
552,15,5811,387.4
553,13,5679,436.8
554,14,5806,414.7
555,16,5804,362.8
556,16,5784,361.5
557,13,5542,426.3
558,13,5218,401.4
559,10,4521,452.1
560,13,5259,404.5
561,14,5300,378.6
562,14,5357,382.6
563,15,5346,356.4
564,15,5512,367.5
565,14,5242,374.4
566,16,5552,347.0
567,15,5335,355.7
568,19,5862,308.5
569,17,5752,338.4
570,16,5390,336.9
571,16,5427,339.2
572,18,6362,353.4
573,15,4071,271.4
574,15,6250,416.7
575,17,6653,391.4
576,15,6586,439.1
577,17,6228,366.4
578,13,4094,314.9
579,13,4156,319.7
580,13,4163,320.2
581,12,4237,353.1
582,12,4222,351.8
583,13,4257,327.5
584,15,4458,297.2
585,14,4276,305.4
586,15,4360,290.7
587,12,4276,356.3
588,13,4269,328.4
589,10,4078,407.8
590,12,4186,348.8
591,12,4148,345.7
592,11,4008,364.4
593,13,4557,350.5
594,12,4013,334.4
595,13,4514,347.2
596,15,4680,312.0
597,13,4489,345.3
598,13,4526,348.2
599,16,4621,288.8
600,16,4647,290.4
601,14,4631,330.8
602,14,4589,327.8
603,13,4555,350.4
604,13,4549,349.9
605,15,4649,309.9
606,12,4570,380.8
607,11,4291,390.1
608,12,4477,373.1
609,13,4535,348.8
610,17,5089,299.4
611,11,4250,386.4
612,13,4525,348.1
613,14,4664,333.1
614,11,4049,368.1
615,13,4521,347.8
616,12,4506,375.5
617,14,4513,322.4
618,12,4472,372.7
619,11,4508,409.8
620,11,4480,407.3
621,14,4709,336.4
622,12,4499,374.9
623,10,4188,418.8
624,11,4199,381.7
625,10,4184,418.4
626,11,4193,381.2
627,10,4186,418.6
628,10,4382,438.2
629,10,4410,441.0
630,11,4408,400.7
631,11,4315,392.3
632,12,4493,374.4
633,13,4506,346.6
634,11,4426,402.4
635,12,4489,374.1
636,10,4136,413.6
637,12,4390,365.8
638,10,4164,416.4
639,11,4312,392.0
640,13,4392,337.8
641,14,5177,369.8
642,13,5068,389.8
643,13,5049,388.4
644,11,4895,445.0
645,12,5020,418.3
646,11,4819,438.1
647,11,4808,437.1
648,10,4746,474.6
649,10,4600,460.0
650,9,4619,513.2
651,10,4595,459.5
652,9,4016,446.2
653,8,3881,485.1
654,10,4017,401.7
655,9,3957,439.7
656,9,3923,435.9
657,9,3916,435.1
658,9,3905,433.9
659,10,5899,589.9
660,9,5855,650.6
661,10,5968,596.8
662,10,5951,595.1
663,9,5926,658.4
664,10,6321,632.1
665,10,6341,634.1
666,10,6412,641.2
667,10,6421,642.1
668,10,6220,622.0
669,9,5976,664.0
670,9,6006,667.3
671,10,6428,642.8
672,9,6038,670.9
673,9,5990,665.6
674,11,6450,586.4
675,12,6214,517.8
676,10,3784,378.4
677,12,4373,364.4
678,12,3276,273.0
679,14,6215,443.9
680,11,6590,599.1
681,15,6249,416.6
682,11,6440,585.5
683,16,7120,445.0
684,12,6511,542.6
685,11,5990,544.5
686,12,6633,552.8
687,11,6033,548.5
688,9,5888,654.2
689,11,6641,603.7
690,11,6601,600.1
691,10,6002,600.2
692,11,6519,592.6
693,12,6520,543.3
694,12,6513,542.8
695,11,6496,590.5
696,10,5941,594.1
697,11,5977,543.4
698,10,5969,596.9
699,11,6033,548.5
700,10,6012,601.2
701,9,5991,665.7
702,11,6089,553.5
703,12,6029,502.4
704,11,5953,541.2
705,13,6094,468.8
706,13,5976,459.7
707,14,6003,428.8
708,12,5925,493.8
709,13,5993,461.0
710,16,6958,434.9
711,12,5810,484.2
712,11,3719,338.1
713,12,6074,506.2
714,11,6001,545.5
715,11,6039,549.0
716,12,6051,504.2
717,11,6014,546.7
718,11,5929,539.0
719,11,6035,548.6
720,10,5989,598.9
721,10,5985,598.5
722,12,6129,510.8
723,11,6741,612.8
724,9,6638,737.6
725,11,6753,613.9
726,10,6550,655.0
727,12,6731,560.9
728,11,6633,603.0
729,11,6563,596.6
730,12,6781,565.1
731,12,6754,562.8
732,11,6727,611.5
733,11,6566,596.9
734,11,6620,601.8
735,11,6791,617.4
736,11,6870,624.5
737,12,6988,582.3
738,11,6909,628.1
739,12,6956,579.7
740,10,6922,692.2
741,9,6963,773.7
742,10,6987,698.7
743,10,7009,700.9
744,9,6961,773.4
745,8,6782,847.8
746,8,6636,829.5
747,9,6570,730.0
748,11,6893,626.6
749,10,6575,657.5
750,11,6835,621.4
751,12,6964,580.3
752,12,6740,561.7
753,11,6619,601.7
754,12,6811,567.6
755,12,6629,552.4
756,13,6774,521.1
757,13,6571,505.5
758,14,6723,480.2
759,12,6716,559.7
760,13,6258,481.4
761,12,6443,536.9
762,11,6526,593.3
763,12,6115,509.6
764,11,6146,558.7
765,10,6229,622.9
766,11,6279,570.8
767,11,6300,572.7
768,10,6472,647.2
769,9,5751,639.0
770,11,6280,570.9
771,9,6074,674.9
772,8,3827,478.4
773,9,6056,672.9
774,12,6452,537.7
775,13,6820,524.6
776,12,6731,560.9
777,12,6759,563.2
778,12,6755,562.9
779,12,6770,564.2
780,11,6741,612.8
781,11,5937,539.7
782,13,6435,495.0
783,10,6933,693.3
784,14,7128,509.1
785,10,6875,687.5
786,12,7065,588.8
787,13,7196,553.5
788,14,7240,517.1
789,12,6424,535.3
790,12,6420,535.0
791,13,7185,552.7
792,10,5920,592.0
793,15,7295,486.3
794,14,7164,511.7
795,15,7133,475.5
796,12,7047,587.2
797,13,7076,544.3
798,13,7018,539.8
799,13,6926,532.8
800,14,7211,515.1
801,14,7182,513.0
802,13,7037,541.3
803,12,6716,559.7
804,13,6952,534.8
805,12,6778,564.8
806,12,6758,563.2
807,13,6662,512.5
808,13,6427,494.4
809,11,6085,553.2
810,11,6150,559.1
811,10,6087,608.7
812,11,6087,553.4
813,11,6209,564.5
814,11,6134,557.6
815,12,6286,523.8
816,13,6411,493.2
817,11,6142,558.4
818,10,5988,598.8
819,13,6301,484.7
820,12,6034,502.8
821,13,6116,470.5
822,14,6275,448.2
823,13,6232,479.4
824,13,6257,481.3
825,13,6364,489.5
826,11,5977,543.4
827,11,5867,533.4
828,11,5801,527.4
829,10,5556,555.6
830,11,5935,539.5
831,11,6310,573.6
832,14,6774,483.9
833,11,6380,580.0
834,10,6384,638.4
835,9,5839,648.8
836,10,6902,690.2
837,10,6941,694.1
838,10,6834,683.4
839,10,6700,670.0
840,12,6936,578.0
841,11,6760,614.5
842,10,6809,680.9
843,10,6666,666.6
844,11,6570,597.3
845,8,5583,697.9
846,11,6862,623.8
847,11,6667,606.1
848,12,6996,583.0
849,11,6977,634.3
850,11,6986,635.1
851,10,6456,645.6
852,9,5966,662.9
853,10,6437,643.7
854,10,6444,644.4
855,11,6851,622.8
856,13,6904,531.1
857,12,6677,556.4
858,9,5907,656.3
859,10,6005,600.5
860,11,6301,572.8
861,10,6072,607.2
862,9,6005,667.2
863,9,5729,636.6
864,10,6007,600.7
865,10,6296,629.6
866,10,5872,587.2
867,9,5811,645.7
868,11,6556,596.0
869,11,6365,578.6
870,11,6426,584.2
871,10,5867,586.7
872,12,6834,569.5
873,11,6736,612.4
874,11,6659,605.4
875,11,6740,612.7
876,12,6510,542.5
877,13,6890,530.0
878,11,6733,612.1
879,9,6350,705.6
880,6,2788,464.7
881,11,5897,536.1
882,10,5762,576.2
883,10,5610,561.0
884,10,5642,564.2
885,8,5562,695.2
886,9,5494,610.4
887,10,5511,551.1
888,9,5366,596.2
889,10,5673,567.3
890,10,5635,563.5
891,10,5587,558.7
892,8,5357,669.6
893,9,5410,601.1
894,8,5422,677.8
895,12,6093,507.8
896,10,5534,553.4
897,8,5287,660.9
898,9,5472,608.0
899,8,5339,667.4
900,10,5711,571.1
901,8,5246,655.8
902,11,5517,501.5
903,9,5495,610.6
904,9,5435,603.9
905,9,5422,602.4
906,7,5186,740.9
907,6,5280,880.0
908,6,5373,895.5
909,6,5476,912.7
910,7,5459,779.9
911,7,5449,778.4
912,7,5431,775.9
913,7,5491,784.4
914,6,5519,919.8
915,7,5537,791.0
916,7,5501,785.9
917,6,5522,920.3
918,6,5462,910.3
919,6,5505,917.5
920,8,5606,700.8
921,6,5463,910.5
922,6,5437,906.2
923,6,5451,908.5
924,6,5466,911.0
925,7,5505,786.4
926,6,5509,918.2
927,6,5499,916.5
928,6,5494,915.7
929,7,5534,790.6
930,6,5479,913.2
931,6,5481,913.5
932,5,5509,1101.8
933,6,5517,919.5
934,6,5503,917.2
935,6,5499,916.5
936,6,5494,915.7
937,6,5491,915.2
938,6,5503,917.2
939,5,5254,1050.8
940,5,5414,1082.8
941,5,5441,1088.2
942,6,5437,906.2
943,5,5407,1081.4
944,7,5626,803.7
945,6,5534,922.3
946,6,5472,912.0
947,6,5493,915.5
948,5,5420,1084.0
949,6,5430,905.0
950,5,5416,1083.2
951,6,5465,910.8
952,7,5543,791.9
953,9,5614,623.8
954,8,5562,695.2
955,8,6560,820.0
956,8,6507,813.4
957,7,5497,785.3
958,8,6586,823.2
959,8,5604,700.5
960,9,6675,741.7
961,7,6497,928.1
962,8,6503,812.9
963,5,5463,1092.6
964,8,6660,832.5
965,7,5529,789.9
966,8,6521,815.1
967,7,6430,918.6
968,5,6210,1242.0
969,6,6332,1055.3
970,6,6165,1027.5
971,7,6509,929.9
972,6,6447,1074.5
973,6,6468,1078.0
974,7,6638,948.3
975,5,6483,1296.6
976,5,6462,1292.4
977,5,6469,1293.8
978,7,6788,969.7
979,7,6785,969.3
980,6,6610,1101.7
981,7,6802,971.7
982,7,6738,962.6
983,6,6660,1110.0
984,6,6512,1085.3
985,7,6687,955.3
986,7,6705,957.9
987,7,6712,958.9
988,7,6668,952.6
989,7,6684,954.9
990,7,6662,951.7
991,5,6423,1284.6
992,5,6499,1299.8
993,5,6561,1312.2
994,6,6770,1128.3
995,7,6777,968.1
996,8,6785,848.1
997,6,6603,1100.5
998,7,6732,961.7
999,6,6665,1110.8
1000,7,6816,973.7
1001,6,6713,1118.8
1002,7,7315,1045.0
1003,6,6750,1125.0
1004,6,6781,1130.2
1005,7,6953,993.3
1006,6,6914,1152.3
1007,7,6835,976.4
1008,6,6664,1110.7
1009,7,7221,1031.6
1010,8,7276,909.5
1011,7,7256,1036.6
1012,6,7167,1194.5
1013,6,7143,1190.5
1014,7,7251,1035.9
1015,7,7203,1029.0
1016,7,7197,1028.1
1017,7,7217,1031.0
1018,8,7238,904.8
1019,7,7170,1024.3
1020,7,7170,1024.3
1021,8,7183,897.9
1022,8,7216,902.0
1023,9,7297,810.8
1024,8,7122,890.2
1025,6,7144,1190.7
1026,7,7152,1021.7
1027,8,7201,900.1
1028,9,7369,818.8
1029,8,7360,920.0
1030,7,7270,1038.6
1031,7,7301,1043.0
1032,9,7365,818.3
1033,8,7291,911.4
1034,8,7274,909.2
1035,8,7222,902.8
1036,7,7222,1031.7
1037,8,7303,912.9
1038,8,7261,907.6
1039,9,7357,817.4
1040,8,7205,900.6
1041,8,7315,914.4
1042,8,7275,909.4
1043,9,7317,813.0
1044,9,7318,813.1
1045,8,7276,909.5
1046,9,7306,811.8
1047,7,7191,1027.3
1048,7,7191,1027.3
1049,8,7258,907.2
1050,9,7319,813.2
1051,7,7184,1026.3
1052,7,7244,1034.9
1053,7,7232,1033.1
1054,8,7310,913.8
1055,8,7299,912.4
1056,8,7318,914.8
1057,9,7332,814.7
1058,6,7115,1185.8
1059,6,7102,1183.7
1060,8,7308,913.5
1061,7,7164,1023.4
1062,7,7186,1026.6
1063,7,7219,1031.3
1064,7,7184,1026.3
1065,7,7145,1020.7
1066,9,7269,807.7
1067,8,7271,908.9
1068,9,7328,814.2
1069,7,7204,1029.1
1070,7,7220,1031.4
1071,7,7234,1033.4
1072,6,7112,1185.3
1073,8,7287,910.9
1074,8,7296,912.0
1075,7,7128,1018.3
1076,7,7143,1020.4
1077,7,7168,1024.0
1078,8,7309,913.6
1079,9,7314,812.7
1080,7,7161,1023.0
1081,8,7129,891.1
1082,7,7050,1007.1
1083,8,7066,883.2
1084,7,7072,1010.3
1085,7,7028,1004.0
1086,8,7086,885.8
1087,7,6937,991.0
1088,8,7068,883.5
1089,8,7106,888.2
1090,8,7021,877.6
1091,8,6996,874.5
1092,8,6951,868.9
1093,8,6949,868.6
1094,8,6952,869.0
1095,7,6724,960.6
1096,7,6794,970.6
1097,8,7182,897.8
1098,7,6831,975.9
1099,8,6915,864.4
1100,8,6911,863.9
1101,9,7277,808.6
1102,9,7261,806.8
1103,8,7198,899.8
1104,8,7189,898.6
1105,8,7194,899.2
1106,9,7291,810.1
1107,8,7138,892.2
1108,9,7273,808.1
1109,9,7338,815.3
1110,10,7347,734.7
1111,10,7339,733.9
1112,9,7312,812.4
1113,9,7295,810.6
1114,9,7337,815.2
1115,8,7194,899.2
1116,9,7249,805.4
1117,8,7225,903.1
1118,9,7241,804.6
1119,10,7291,729.1
1120,10,7262,726.2
1121,10,7237,723.7
1122,11,7263,660.3
1123,11,7270,660.9
1124,10,7228,722.8
1125,10,7252,725.2
1126,9,7154,794.9
1127,10,7260,726.0
1128,9,7171,796.8
1129,11,7271,661.0
1130,9,7113,790.3
1131,10,7182,718.2
1132,9,7144,793.8
1133,9,7155,795.0
1134,8,6757,844.6
1135,9,7174,797.1
1136,9,7133,792.6
1137,8,7084,885.5
1138,9,7176,797.3
1139,9,7110,790.0
1140,9,7130,792.2
1141,8,7085,885.6
1142,10,7239,723.9
1143,9,7098,788.7
1144,11,7316,665.1
1145,8,7020,877.5
1146,9,7084,787.1
1147,8,6878,859.8
1148,7,6815,973.6
1149,8,6868,858.5
1150,8,6878,859.8
1151,8,7049,881.1
1152,8,7072,884.0
1153,8,7098,887.2
1154,7,6847,978.1
1155,8,6946,868.2
1156,8,7046,880.8
1157,10,7265,726.5
1158,11,7302,663.8
1159,9,7042,782.4
1160,10,7148,714.8
1161,10,7211,721.1
1162,8,7118,889.8
1163,8,7127,890.9
1164,8,7084,885.5
1165,8,7058,882.2
1166,9,7150,794.4
1167,9,7121,791.2
1168,8,6939,867.4
1169,9,7180,797.8
1170,9,7176,797.3
1171,8,7164,895.5
1172,8,7156,894.5
1173,8,7108,888.5
1174,8,7151,893.9
1175,8,7201,900.1
1176,7,6735,962.1
1177,9,7185,798.3
1178,8,7197,899.6
1179,9,7226,802.9
1180,8,7182,897.8
1181,9,7208,800.9
1182,8,7215,901.9
1183,8,7184,898.0
1184,9,7232,803.6
1185,10,7270,727.0
1186,8,7158,894.8
1187,9,7275,808.3
1188,9,7292,810.2
1189,9,7271,807.9
1190,9,7221,802.3
1191,9,7263,807.0
1192,8,7177,897.1
1193,8,6757,844.6
1194,8,6798,849.8
1195,9,7194,799.3
1196,9,7203,800.3
1197,9,7162,795.8
1198,8,7075,884.4
1199,11,7196,654.2
1200,9,7212,801.3
1201,9,7039,782.1
1202,9,7081,786.8
1203,10,7220,722.0
1204,11,7187,653.4
1205,10,7203,720.3
1206,9,7072,785.8
1207,11,7226,656.9
1208,10,7252,725.2
1209,11,7264,660.4
1210,11,7242,658.4
1211,11,7249,659.0
1212,11,7162,651.1
1213,10,7085,708.5
1214,11,7136,648.7
1215,11,7152,650.2
1216,11,7213,655.7
1217,11,7224,656.7
1218,12,7218,601.5
1219,12,7233,602.8
1220,11,7017,637.9
1221,10,7071,707.1
1222,12,7177,598.1
1223,12,7307,608.9
1224,12,7289,607.4
1225,11,7237,657.9
1226,11,7242,658.4
1227,11,7231,657.4
1228,11,7305,664.1
1229,9,7157,795.2
1230,10,7234,723.4
1231,10,7208,720.8
1232,8,7108,888.5
1233,9,7156,795.1
1234,8,7163,895.4
1235,8,7081,885.1
1236,8,7125,890.6
1237,8,7059,882.4
1238,9,7134,792.7
1239,9,7201,800.1
1240,9,7197,799.7
1241,9,7204,800.4
1242,8,7082,885.2
1243,10,7289,728.9
1244,8,7174,896.8
1245,9,7290,810.0
1246,9,7285,809.4
1247,9,7302,811.3
1248,9,7260,806.7
1249,9,7331,814.6
1250,9,7305,811.7
1251,9,7303,811.4
1252,8,7141,892.6
1253,10,7341,734.1
1254,9,7172,796.9
1255,9,7242,804.7
1256,9,7179,797.7
1257,8,6639,829.9
1258,8,6714,839.2
1259,9,7202,800.2
1260,9,7215,801.7
1261,8,6844,855.5
1262,9,6961,773.4
1263,8,6875,859.4
1264,9,6895,766.1
1265,8,6820,852.5
1266,7,6675,953.6
1267,8,6795,849.4
1268,8,6861,857.6
1269,7,6644,949.1
1270,7,6703,957.6
1271,7,6660,951.4
1272,7,6633,947.6
1273,7,6536,933.7
1274,8,6512,814.0
1275,7,6540,934.3
1276,9,6571,730.1
1277,9,6758,750.9
1278,9,6839,759.9
1279,8,6758,844.8
1280,8,6562,820.2
1281,9,6564,729.3
1282,9,6849,761.0
1283,9,6901,766.8
1284,7,6384,912.0
1285,9,6776,752.9
1286,8,6702,837.8
1287,8,6751,843.9
1288,10,6941,694.1
1289,10,7287,728.7
1290,8,6901,862.6
1291,10,7085,708.5
1292,8,6954,869.2
1293,7,6787,969.6
1294,8,6990,873.8
1295,9,7083,787.0
1296,8,7055,881.9
1297,7,6897,985.3
1298,9,7253,805.9
1299,8,7153,894.1
1300,10,7337,733.7
1301,9,7260,806.7
1302,10,7321,732.1
1303,10,7346,734.6
1304,9,7381,820.1
1305,9,7297,810.8
1306,9,7234,803.8
1307,9,7227,803.0
1308,10,7301,730.1
1309,10,7329,732.9
1310,10,7296,729.6
1311,9,7261,806.8
1312,8,7182,897.8
1313,9,7269,807.7
1314,11,7337,667.0
1315,10,7336,733.6
1316,10,7326,732.6
1317,9,7197,799.7
1318,10,7357,735.7
1319,9,7358,817.6
1320,9,7357,817.4
1321,9,7204,800.4
1322,9,7297,810.8
1323,8,7234,904.2
1324,8,7231,903.9
1325,9,7288,809.8
1326,10,7356,735.6
1327,9,7264,807.1
1328,8,7234,904.2
1329,8,7245,905.6
1330,8,7268,908.5
1331,8,7273,909.1
1332,8,7221,902.6
1333,7,6953,993.3
1334,8,7063,882.9
1335,6,6826,1137.7
1336,7,7004,1000.6
1337,6,6798,1133.0
1338,6,6842,1140.3
1339,6,6772,1128.7
1340,7,6911,987.3
1341,8,7038,879.8
1342,8,6974,871.8
1343,8,6978,872.2
1344,8,6957,869.6
1345,9,6945,771.7
1346,10,7243,724.3
1347,9,7178,797.6
1348,7,6834,976.3
1349,7,6877,982.4
1350,8,7193,899.1
1351,8,7223,902.9
1352,7,6870,981.4
1353,7,6843,977.6
1354,6,6687,1114.5
1355,6,6744,1124.0
1356,7,7117,1016.7
1357,6,6787,1131.2
1358,7,6823,974.7
1359,7,6613,944.7
1360,8,6481,810.1
1361,7,7032,1004.6
1362,7,6828,975.4
1363,8,7145,893.1
1364,8,7124,890.5
1365,7,7126,1018.0
1366,7,7031,1004.4
1367,9,7231,803.4
1368,9,7268,807.6
1369,7,7020,1002.9
1370,8,7007,875.9
1371,8,7054,881.8
1372,7,7026,1003.7
1373,7,6935,990.7
1374,7,6897,985.3
1375,6,6842,1140.3
1376,8,6910,863.8
1377,8,7068,883.5
1378,8,7030,878.8
1379,8,7011,876.4
1380,8,6983,872.9
1381,9,7059,784.3
1382,8,6991,873.9
1383,9,7054,783.8
1384,8,7068,883.5
1385,8,6777,847.1
1386,9,7195,799.4
1387,8,7103,887.9
1388,8,7082,885.2
1389,8,7086,885.8
1390,8,7106,888.2
1391,8,7100,887.5
1392,8,7102,887.8
1393,7,7061,1008.7
1394,7,7139,1019.9
1395,8,7195,899.4
1396,7,7121,1017.3
1397,8,7121,890.1
1398,7,7104,1014.9
1399,6,7026,1171.0
1400,6,7037,1172.8
1401,7,7138,1019.7
1402,6,7085,1180.8
1403,7,7178,1025.4
1404,6,7033,1172.2
1405,7,7111,1015.9
1406,7,7180,1025.7
1407,6,7123,1187.2
1408,6,7094,1182.3
1409,6,7080,1180.0
1410,6,7075,1179.2
1411,6,7078,1179.7
1412,6,7129,1188.2
1413,6,7065,1177.5
1414,6,7100,1183.3
1415,7,7342,1048.9
1416,7,7298,1042.6
1417,7,7273,1039.0
1418,6,6987,1164.5
1419,6,6962,1160.3
1420,6,6914,1152.3
1421,6,6949,1158.2
1422,8,7346,918.2
1423,8,7331,916.4
1424,8,7342,917.8
1425,6,6929,1154.8
1426,7,7289,1041.3
1427,6,6878,1146.3
1428,6,6828,1138.0
1429,7,6871,981.6
1430,8,7300,912.5
1431,8,7306,913.2
1432,8,7301,912.6
1433,7,7282,1040.3
1434,7,7256,1036.6
1435,8,7308,913.5
1436,8,7284,910.5
1437,7,7243,1034.7
1438,8,7265,908.1
1439,7,6651,950.1
1440,8,6646,830.8
1441,8,6640,830.0
1442,9,7304,811.6
1443,9,7262,806.9
1444,9,7258,806.4
1445,8,7271,908.9
1446,8,7275,909.4
1447,8,7297,912.1
1448,7,7279,1039.9
1449,7,7310,1044.3
1450,7,7309,1044.1
1451,8,7300,912.5
1452,7,7292,1041.7
1453,7,7295,1042.1
1454,7,7258,1036.9
1455,7,7279,1039.9
1456,6,6767,1127.8
1457,6,6832,1138.7
1458,8,7267,908.4
1459,6,6878,1146.3
1460,6,6909,1151.5
1461,6,6818,1136.3
1462,6,6900,1150.0
1463,6,6873,1145.5
1464,6,6900,1150.0
1465,6,6922,1153.7
1466,7,7240,1034.3
1467,7,7256,1036.6
1468,7,7254,1036.3
1469,6,6865,1144.2
1470,7,7287,1041.0
1471,7,7326,1046.6
1472,6,6915,1152.5
1473,6,6876,1146.0
1474,6,6933,1155.5
1475,7,7312,1044.6
1476,6,6845,1140.8
1477,6,6849,1141.5
1478,8,7334,916.8
1479,8,7355,919.4
1480,8,7322,915.2
1481,7,7334,1047.7
1482,9,7374,819.3
1483,7,7305,1043.6
1484,7,7275,1039.3
1485,7,7263,1037.6
1486,7,7268,1038.3
1487,7,7274,1039.1
1488,6,6818,1136.3
1489,8,7261,907.6
1490,8,7248,906.0
1491,8,7251,906.4
1492,5,6320,1264.0
1493,6,6809,1134.8
1494,6,6836,1139.3
1495,7,7247,1035.3
1496,6,6785,1130.8
1497,6,6794,1132.3
1498,7,7212,1030.3
1499,8,7238,904.8
1500,8,7222,902.8
1501,8,7237,904.6
1502,8,7219,902.4
1503,8,7228,903.5
1504,8,7229,903.6
1505,7,6666,952.3
1506,7,6728,961.1
1507,7,6706,958.0
1508,7,6733,961.9
1509,8,7224,903.0
1510,7,6884,983.4
1511,7,6857,979.6
1512,7,6881,983.0
1513,6,6863,1143.8
1514,6,6864,1144.0
1515,6,6595,1099.2
1516,7,7209,1029.9
1517,9,7267,807.4
1518,9,7267,807.4
1519,10,7302,730.2
1520,9,7316,812.9
1521,8,7282,910.2
1522,9,7362,818.0
1523,7,7306,1043.7
1524,8,7314,914.2
1525,8,7346,918.2
1526,8,7357,919.6
1527,9,7373,819.2
1528,9,7298,810.9
1529,8,6752,844.0
1530,11,7420,674.5
1531,9,6777,753.0
1532,9,6805,756.1
1533,7,6838,976.9
1534,7,6876,982.3
1535,7,6870,981.4
1536,7,6878,982.6
1537,9,7379,819.9
1538,8,6921,865.1
1539,9,7382,820.2
1540,9,7386,820.7
1541,9,7411,823.4
1542,9,7427,825.2
1543,8,7364,920.5
1544,7,7340,1048.6
1545,7,7306,1043.7
1546,9,7352,816.9
1547,8,7313,914.1
1548,8,7323,915.4
1549,8,7255,906.9
1550,7,7213,1030.4
1551,7,7207,1029.6
1552,8,7257,907.1
1553,8,7245,905.6
1554,8,7253,906.6
1555,8,7277,909.6
1556,7,7244,1034.9
1557,8,7300,912.5
1558,8,7310,913.8
1559,8,7216,902.0
1560,8,7231,903.9
1561,7,7178,1025.4
1562,7,7202,1028.9
1563,8,7221,902.6
1564,7,7173,1024.7
1565,8,7242,905.2
1566,8,7256,907.0
1567,7,7219,1031.3
1568,8,7262,907.8
1569,9,7322,813.6
1570,7,7230,1032.9
1571,7,7245,1035.0
1572,8,7225,903.1
1573,7,7139,1019.9
1574,8,7266,908.2
1575,7,7237,1033.9
1576,7,7169,1024.1
1577,7,7169,1024.1
1578,7,7164,1023.4
1579,7,7225,1032.1
1580,7,7175,1025.0
1581,8,7212,901.5
1582,8,7228,903.5
1583,8,7232,904.0
1584,5,4995,999.0
1585,6,5027,837.8
1586,8,7226,903.2
1587,7,6533,933.3
1588,7,6609,944.1
1589,8,7260,907.5
1590,6,6499,1083.2
1591,6,7223,1203.8
1592,8,7270,908.8
1593,7,7183,1026.1
1594,7,7157,1022.4
1595,7,7172,1024.6
1596,8,7196,899.5
1597,7,7195,1027.9
1598,7,7171,1024.4
1599,7,7177,1025.3
1600,7,7113,1016.1
1601,7,7113,1016.1
1602,7,7094,1013.4
1603,7,7155,1022.1
1604,7,7139,1019.9
1605,7,7153,1021.9
1606,7,7122,1017.4
1607,7,7122,1017.4
1608,7,7061,1008.7
1609,7,7034,1004.9
1610,6,7063,1177.2
1611,6,7063,1177.2
1612,7,7083,1011.9
1613,8,7133,891.6
1614,7,7132,1018.9
1615,8,7185,898.1
1616,8,7188,898.5
1617,7,7075,1010.7
1618,6,7035,1172.5
1619,7,7105,1015.0
1620,7,7115,1016.4
1621,8,7126,890.8
1622,8,7178,897.2
1623,6,5653,942.2
1624,8,7172,896.5
1625,8,7147,893.4
1626,9,7150,794.4
1627,9,7179,797.7
1628,8,7138,892.2
1629,8,7132,891.5
1630,8,7144,893.0
1631,7,7135,1019.3
1632,7,7137,1019.6
1633,6,7012,1168.7
1634,8,7069,883.6
1635,6,7026,1171.0
1636,7,7048,1006.9
1637,7,7112,1016.0
1638,7,7027,1003.9
1639,9,7112,790.2
1640,8,7139,892.4
1641,8,7125,890.6
1642,7,7054,1007.7
1643,7,7087,1012.4
1644,6,6971,1161.8
1645,6,6967,1161.2
1646,7,6991,998.7
1647,6,6977,1162.8
1648,6,6978,1163.0
1649,7,7017,1002.4
1650,7,7033,1004.7
1651,7,7027,1003.9
1652,6,6990,1165.0
1653,6,6935,1155.8
1654,7,6996,999.4
1655,7,7036,1005.1
1656,6,6925,1154.2
1657,6,6953,1158.8
1658,6,6953,1158.8
1659,6,6914,1152.3
1660,6,6920,1153.3
1661,6,6953,1158.8
1662,6,6918,1153.0
1663,6,6930,1155.0
1664,6,6927,1154.5
1665,6,6902,1150.3
1666,6,6882,1147.0
1667,6,6855,1142.5
1668,6,6796,1132.7
1669,6,6727,1121.2
1670,6,6665,1110.8
1671,6,6648,1108.0
1672,6,6689,1114.8
1673,7,7128,1018.3
1674,7,7164,1023.4
1675,6,6713,1118.8
1676,7,7134,1019.1
1677,7,7102,1014.6
1678,8,7160,895.0
1679,7,6736,962.3
1680,6,6715,1119.2
1681,6,6720,1120.0
1682,7,6793,970.4
1683,8,7134,891.8
1684,7,7167,1023.9
1685,8,7198,899.8
1686,8,7181,897.6
1687,8,7170,896.2
1688,8,7170,896.2
1689,7,7102,1014.6
1690,8,7172,896.5
1691,8,7224,903.0
1692,8,7207,900.9
1693,8,7206,900.8
1694,8,7180,897.5
1695,8,7185,898.1
1696,7,7158,1022.6
1697,7,7179,1025.6
1698,6,6805,1134.2
1699,7,7197,1028.1
1700,7,6821,974.4
1701,6,6753,1125.5
1702,9,7193,799.2
1703,8,7078,884.8
1704,9,7166,796.2
1705,8,6872,859.0
1706,8,6892,861.5
1707,8,6896,862.0
1708,8,6918,864.8
1709,8,7197,899.6
1710,7,7189,1027.0
1711,7,6752,964.6
1712,8,6840,855.0
1713,8,6852,856.5
1714,8,6782,847.8
1715,8,6832,854.0
1716,7,7145,1020.7
1717,7,7120,1017.1
1718,8,6897,862.1
1719,7,6922,988.9
1720,7,6908,986.9
1721,7,6901,985.9
1722,7,6924,989.1
1723,7,6866,980.9
1724,7,6912,987.4
1725,8,6907,863.4
1726,7,6884,983.4
1727,8,6900,862.5
1728,8,6863,857.9
1729,7,6864,980.6
1730,7,6789,969.9
1731,7,6822,974.6
1732,8,6871,858.9
1733,6,6831,1138.5
1734,6,6829,1138.2
1735,6,6823,1137.2
1736,6,6865,1144.2
1737,8,6932,866.5
1738,8,6905,863.1
1739,9,6863,762.6
1740,7,5660,808.6
1741,5,5547,1109.4
1742,6,5647,941.2
1743,9,6761,751.2
1744,10,6763,676.3
1745,9,6695,743.9
1746,10,6723,672.3
1747,10,7158,715.8
1748,10,7189,718.9
1749,8,6669,833.6
1750,8,6688,836.0
1751,8,6668,833.5
1752,9,6744,749.3
1753,8,6604,825.5
1754,8,6531,816.4
1755,7,6535,933.6
1756,8,6157,769.6
1757,10,6705,670.5
1758,9,6140,682.2
1759,10,6485,648.5
1760,8,6514,814.2
1761,6,6777,1129.5
1762,8,6569,821.1
1763,7,6522,931.7
1764,8,6583,822.9
1765,7,7118,1016.9
1766,6,7076,1179.3
1767,6,7087,1181.2
1768,7,6612,944.6
1769,8,6700,837.5
1770,8,6758,844.8
1771,7,6744,963.4
1772,8,6775,846.9
1773,6,7110,1185.0
1774,7,6844,977.7
1775,6,7138,1189.7
1776,6,6778,1129.7
1777,7,6798,971.1
1778,4,3296,824.0
1779,6,7167,1194.5
1780,6,7136,1189.3
1781,6,7125,1187.5
1782,6,7178,1196.3
1783,8,6977,872.1
1784,8,6903,862.9
1785,8,6981,872.6
1786,7,6833,976.1
1787,7,6898,985.4
1788,7,7149,1021.3
1789,8,7019,877.4
1790,8,7010,876.2
1791,8,7022,877.8
1792,8,6831,853.9
1793,5,5467,1093.4
1794,6,5766,961.0
1795,6,5771,961.8
1796,8,7084,885.5
1797,8,7112,889.0
1798,7,7115,1016.4
1799,6,6919,1153.2
1800,7,7106,1015.1
1801,8,7134,891.8
1802,7,6947,992.4
1803,8,7097,887.1
1804,8,7128,891.0
1805,6,5621,936.8
1806,6,5671,945.2
1807,5,5476,1095.2
1808,6,5518,919.7
1809,4,5343,1335.8
1810,7,7055,1007.9
1811,7,7080,1011.4
1812,6,5529,921.5
1813,5,5504,1100.8
1814,6,7036,1172.7
1815,7,7081,1011.6
1816,4,5450,1362.5
1817,4,5398,1349.5
1818,6,5439,906.5
1819,6,5545,924.2
1820,6,5551,925.2
1821,5,5522,1104.4
1822,6,5571,928.5
1823,6,5605,934.2
1824,5,5487,1097.4
1825,6,5563,927.2
1826,7,5595,799.3
1827,6,5580,930.0
1828,5,5514,1102.8
1829,7,7073,1010.4
1830,8,7058,882.2
1831,7,5656,808.0
1832,8,6999,874.9
1833,7,6946,992.3
1834,4,5399,1349.8
1835,4,5395,1348.8
1836,5,5454,1090.8
1837,4,5403,1350.8
1838,4,5397,1349.2
1839,5,5483,1096.6
1840,5,5473,1094.6
1841,6,5506,917.7
1842,4,5410,1352.5
1843,4,5406,1351.5
1844,5,5245,1049.0
1845,6,5286,881.0
1846,5,5205,1041.0
1847,6,6738,1123.0
1848,6,5483,913.8
1849,5,5229,1045.8
1850,5,5458,1091.6
1851,4,5441,1360.2
1852,7,7159,1022.7
1853,6,5512,918.7
1854,4,1668,417.0
1855,3,1625,541.7
1856,3,3093,1031.0
1857,5,6901,1380.2
1858,2,1358,679.0
1859,2,1371,685.5
1860,3,1362,454.0
1861,5,5396,1079.2
1862,4,5110,1277.5
1863,6,5466,911.0
1864,4,1617,404.2
1865,5,5404,1080.8
1866,6,5465,910.8
1867,4,1600,400.0
1868,4,1598,399.5
1869,3,1550,516.7
1870,4,1592,398.0
1871,4,1607,401.8
1872,4,1626,406.5
1873,3,1552,517.3
1874,5,1642,328.4
1875,3,1537,512.3
1876,3,1546,515.3
1877,3,1526,508.7
1878,4,1568,392.0
1879,5,1639,327.8
1880,4,1287,321.8
1881,5,1629,325.8
1882,5,1635,327.0
1883,5,1635,327.0
1884,5,1630,326.0
1885,4,1431,357.8
1886,4,1366,341.5
1887,3,1349,449.7
1888,3,1318,439.3
1889,3,1315,438.3
1890,2,1170,585.0
1891,3,1325,441.7
1892,2,1306,653.0
1893,2,1263,631.5
1894,2,1238,619.0
1895,1,1172,1172.0
1896,1,1157,1157.0
1897,2,1346,673.0
1898,1,1285,1285.0
1899,1,1273,1273.0
1900,1,1291,1291.0
1901,1,1294,1294.0
1902,1,1295,1295.0
1903,1,1236,1236.0
1904,2,1268,634.0
1905,1,1262,1262.0
1906,2,1275,637.5
1907,2,1232,616.0
1908,3,2883,961.0
1909,2,1250,625.0
1910,3,3146,1048.7
1911,2,1339,669.5
1912,2,1365,682.5
1913,1,1246,1246.0
1914,2,1323,661.5
1915,2,1327,663.5
1916,3,1406,468.7
1917,4,1601,400.2
1918,6,3266,544.3
1919,5,3036,607.2
1920,3,1402,467.3
1921,5,3121,624.2
1922,3,1484,494.7
1923,3,1511,503.7
1924,4,1557,389.2
1925,3,1542,514.0
1926,4,1665,416.2
1927,3,1548,516.0
1928,4,1658,414.5
1929,3,1533,511.0
1930,4,1672,418.0
1931,4,1672,418.0
1932,4,1673,418.2
1933,3,1626,542.0
1934,4,1664,416.0
1935,3,1585,528.3
1936,2,1551,775.5
1937,3,1574,524.7
1938,3,1576,525.3
1939,3,1598,532.7
1940,2,1554,777.0
1941,2,1566,783.0
1942,3,1602,534.0
1943,3,1600,533.3
1944,2,1548,774.0
1945,2,1578,789.0
1946,3,1601,533.7
1947,2,1603,801.5
1948,2,1563,781.5
1949,2,1543,771.5
1950,2,1568,784.0
1951,2,1583,791.5
1952,3,1594,531.3
1953,3,1594,531.3
1954,3,1624,541.3
1955,1,1520,1520.0
1956,2,1562,781.0
1957,2,1592,796.0
1958,3,1615,538.3
1959,3,1613,537.7
1960,4,1651,412.8
1961,2,1547,773.5
1962,4,1656,414.0
1963,4,1662,415.5
1964,3,1634,544.7
1965,2,1525,762.5
1966,3,1628,542.7
1967,3,1622,540.7
1968,3,1603,534.3
1969,3,1601,533.7
1970,2,1604,802.0
1971,3,1628,542.7
1972,3,1645,548.3
1973,2,1616,808.0
1974,3,1627,542.3
1975,5,5545,1109.0
1976,4,1676,419.0
1977,3,5515,1838.3
1978,2,1619,809.5
1979,3,5481,1827.0
1980,4,5511,1377.8
1981,3,5414,1804.7
1982,3,1605,535.0
1983,3,1627,542.3
1984,3,1627,542.3
1985,3,1613,537.7
1986,2,1381,690.5
1987,4,5496,1374.0
1988,4,5475,1368.8
1989,3,5214,1738.0
1990,2,5245,2622.5
1991,2,5210,2605.0
1992,2,5172,2586.0
1993,3,5427,1809.0
1994,3,5443,1814.3
1995,3,5449,1816.3
1996,4,5469,1367.2
1997,4,5516,1379.0
1998,3,5477,1825.7
1999,2,5126,2563.0
2000,3,5488,1829.3
2001,3,5493,1831.0
2002,3,5479,1826.3
2003,5,5526,1105.2
2004,3,5455,1818.3
2005,3,5485,1828.3
2006,3,5495,1831.7
2007,4,7073,1768.2
2008,4,7095,1773.8
2009,5,7165,1433.0
2010,4,7103,1775.8
2011,5,5600,1120.0
2012,5,5551,1110.2
2013,4,5511,1377.8
2014,6,7129,1188.2
2015,3,5457,1819.0
2016,4,7014,1753.5
2017,3,3170,1056.7
2018,5,7144,1428.8
2019,4,3219,804.8
2020,4,7139,1784.8
2021,3,5546,1848.7
2022,4,5588,1397.0
2023,4,7155,1788.8
2024,4,7168,1792.0
2025,5,7174,1434.8
2026,5,7206,1441.2
2027,5,7173,1434.6
2028,4,7151,1787.8
2029,4,7177,1794.2
2030,5,7235,1447.0
2031,4,7177,1794.2
2032,4,7181,1795.2
2033,4,7207,1801.8
2034,4,7207,1801.8
2035,5,7269,1453.8
2036,4,7094,1773.5
2037,5,7254,1450.8
2038,4,7080,1770.0
2039,4,7081,1770.2
2040,5,7259,1451.8
2041,5,7234,1446.8
2042,5,7250,1450.0
2043,4,7235,1808.8
2044,4,7233,1808.2
2045,3,7152,2384.0
2046,5,7261,1452.2
2047,4,7218,1804.5
2048,4,7214,1803.5
2049,5,7261,1452.2
2050,3,7158,2386.0
2051,3,7136,2378.7
2052,3,7131,2377.0
2053,4,7222,1805.5
2054,4,7206,1801.5
2055,3,7107,2369.0
2056,3,7120,2373.3
2057,3,7132,2377.3
2058,3,7155,2385.0
2059,4,7194,1798.5
2060,3,7110,2370.0
2061,5,7259,1451.8
2062,5,7252,1450.4
2063,3,7104,2368.0
2064,3,7119,2373.0
2065,4,7189,1797.2
2066,3,7008,2336.0
2067,4,6989,1747.2
2068,3,6967,2322.3
2069,4,7027,1756.8
2070,4,7031,1757.8
2071,4,6967,1741.8
2072,3,6983,2327.7
2073,4,7078,1769.5
2074,4,7047,1761.8
2075,3,7044,2348.0
2076,3,7067,2355.7
2077,3,7050,2350.0
2078,3,7035,2345.0
2079,3,7056,2352.0
2080,3,7063,2354.3
2081,5,7145,1429.0
2082,4,7094,1773.5
2083,4,7184,1796.0
2084,4,7134,1783.5
2085,5,7183,1436.6
2086,5,7205,1441.0
2087,7,7271,1038.7
2088,7,7229,1032.7
2089,8,7375,921.9
2090,7,7193,1027.6
2091,6,7140,1190.0
2092,6,7284,1214.0
2093,7,7340,1048.6
2094,7,7303,1043.3
2095,6,7255,1209.2
2096,5,7134,1426.8
2097,6,7265,1210.8
2098,5,7233,1446.6
2099,6,7308,1218.0
2100,6,7306,1217.7
2101,7,7347,1049.6
2102,6,7286,1214.3
2103,6,7305,1217.5
2104,6,7348,1224.7
2105,6,7377,1229.5
2106,5,7340,1468.0
2107,5,7357,1471.4
2108,6,7400,1233.3
2109,6,7351,1225.2
2110,6,7352,1225.3
2111,6,7334,1222.3
2112,4,7049,1762.2
2113,4,7003,1750.8
2114,5,7320,1464.0
2115,5,7287,1457.4
2116,5,7281,1456.2
2117,6,7303,1217.2
2118,4,7248,1812.0
2119,4,7220,1805.0
2120,4,7236,1809.0
2121,4,7226,1806.5
2122,4,7260,1815.0
2123,3,6998,2332.7
2124,5,7228,1445.6
2125,3,7077,2359.0
2126,4,7074,1768.5
2127,3,7090,2363.3
2128,3,7095,2365.0
2129,4,7182,1795.5
2130,3,7092,2364.0
2131,4,7074,1768.5
2132,4,7005,1751.2
2133,4,7028,1757.0
2134,4,7068,1767.0
2135,3,6994,2331.3
2136,3,6946,2315.3
2137,4,6937,1734.2
2138,4,7033,1758.2
2139,4,7066,1766.5
2140,4,6988,1747.0
2141,4,7044,1761.0
2142,3,6953,2317.7
2143,5,7053,1410.6
2144,5,7042,1408.4
2145,5,7070,1414.0
2146,5,7136,1427.2
2147,4,7143,1785.8
2148,6,7262,1210.3
2149,4,7160,1790.0
2150,5,7169,1433.8
2151,4,7109,1777.2
2152,5,7119,1423.8
2153,5,7211,1442.2
2154,6,7223,1203.8
2155,5,7239,1447.8
2156,4,7219,1804.8
2157,4,7200,1800.0
2158,5,7235,1447.0
2159,5,7231,1446.2
2160,5,7218,1443.6
2161,4,7142,1785.5
2162,5,7220,1444.0
2163,4,7146,1786.5
2164,5,7125,1425.0
2165,4,7209,1802.2
2166,3,7060,2353.3
2167,4,7067,1766.8
2168,6,7229,1204.8
2169,5,7147,1429.4
2170,6,7230,1205.0
2171,5,7182,1436.4
2172,6,7239,1206.5
2173,4,7094,1773.5
2174,4,7103,1775.8
2175,4,7079,1769.8
2176,4,7077,1769.2
2177,3,6973,2324.3
2178,3,7002,2334.0
2179,3,6992,2330.7
2180,3,6952,2317.3
2181,5,7010,1402.0
2182,4,6863,1715.8
2183,4,6870,1717.5
2184,5,6836,1367.2
2185,4,6696,1674.0
2186,5,6761,1352.2
2187,5,6733,1346.6
2188,4,6689,1672.2
2189,3,6651,2217.0
2190,6,7270,1211.7
2191,4,6613,1653.2
2192,6,7274,1212.3
2193,4,6634,1658.5
2194,5,6739,1347.8
2195,6,6738,1123.0
2196,5,6697,1339.4
2197,5,6766,1353.2
2198,6,6761,1126.8
2199,6,6758,1126.3
2200,5,6813,1362.6
2201,4,6671,1667.8
2202,5,6706,1341.2
2203,5,6713,1342.6
2204,5,6740,1348.0
2205,5,7273,1454.6
2206,4,7223,1805.8
2207,5,7289,1457.8
2208,4,7263,1815.8
2209,4,7238,1809.5
2210,4,7217,1804.2
2211,5,7286,1457.2
2212,5,7305,1461.0
2213,5,7225,1445.0
2214,5,7246,1449.2
2215,5,7215,1443.0
2216,4,7084,1771.0
2217,5,7109,1421.8
2218,6,7188,1198.0
2219,5,6514,1302.8
2220,4,6548,1637.0
2221,6,7102,1183.7
2222,5,6635,1327.0
2223,4,6623,1655.8
2224,5,7102,1420.4
2225,4,6625,1656.2
2226,5,6647,1329.4
2227,5,6746,1349.2
2228,6,6784,1130.7
2229,6,6748,1124.7
2230,6,6699,1116.5
2231,5,6656,1331.2
2232,6,6675,1112.5
2233,4,6459,1614.8
2234,3,6511,2170.3
2235,5,6623,1324.6
2236,5,6777,1355.4
2237,5,6695,1339.0
2238,6,6774,1129.0
2239,3,6462,2154.0
2240,5,6599,1319.8
2241,6,6807,1134.5
2242,5,6854,1370.8
2243,6,6847,1141.2
2244,5,6827,1365.4
2245,5,6791,1358.2
2246,5,6760,1352.0
2247,5,7008,1401.6
2248,6,7327,1221.2
2249,5,7136,1427.2
2250,5,7101,1420.2
2251,6,7251,1208.5
2252,5,6720,1344.0
2253,6,7259,1209.8
2254,5,6744,1348.8
2255,4,6773,1693.2
2256,4,6746,1686.5
2257,4,6753,1688.2
2258,4,6763,1690.8
2259,4,6739,1684.8
2260,4,6630,1657.5
2261,4,6685,1671.2
2262,4,6689,1672.2
2263,4,6672,1668.0
2264,4,6715,1678.8
2265,4,6803,1700.8
2266,4,6829,1707.2
2267,4,6818,1704.5
2268,4,6852,1713.0
2269,4,6897,1724.2
2270,4,6994,1748.5
2271,4,7065,1766.2
2272,5,7084,1416.8
2273,4,7047,1761.8
2274,5,7103,1420.6
2275,4,7045,1761.2
2276,4,6954,1738.5
2277,4,6941,1735.2
2278,4,6989,1747.2
2279,4,7101,1775.2
2280,4,7015,1753.8
2281,4,7049,1762.2
2282,4,7104,1776.0
2283,4,7131,1782.8
2284,4,7182,1795.5
2285,5,7281,1456.2
2286,4,7147,1786.8
2287,5,7248,1449.6
2288,5,7259,1451.8
2289,4,7087,1771.8
2290,5,7144,1428.8
2291,6,7283,1213.8
2292,6,7155,1192.5
2293,6,7138,1189.7
2294,5,7131,1426.2
2295,5,7069,1413.8
2296,5,7115,1423.0
2297,5,7138,1427.6
2298,5,7178,1435.6
2299,5,7174,1434.8
2300,5,7131,1426.2
2301,5,7096,1419.2
2302,5,7141,1428.2
2303,4,7008,1752.0
2304,5,7139,1427.8
2305,6,7213,1202.2
2306,6,7250,1208.3
2307,7,7304,1043.4
2308,5,7165,1433.0
2309,5,7126,1425.2
2310,6,7278,1213.0
2311,6,7140,1190.0
2312,7,7314,1044.9
2313,4,6753,1688.2
2314,5,7177,1435.4
2315,4,6792,1698.0
2316,4,6779,1694.8
2317,4,6832,1708.0
2318,5,7151,1430.2
2319,5,7100,1420.0
2320,5,7138,1427.6
2321,5,7215,1443.0
2322,5,7210,1442.0
2323,6,7261,1210.2
2324,5,7183,1436.6
2325,5,7193,1438.6
2326,5,7265,1453.0
2327,5,7258,1451.6
2328,4,6209,1552.2
2329,4,6226,1556.5
2330,4,6282,1570.5
2331,4,6284,1571.0
2332,4,6322,1580.5
2333,4,6345,1586.2
2334,5,6413,1282.6
2335,4,6440,1610.0
2336,4,6401,1600.2
2337,4,6436,1609.0
2338,4,6435,1608.8
2339,6,7425,1237.5
2340,4,6306,1576.5
2341,4,6308,1577.0
2342,4,6354,1588.5
2343,5,7412,1482.4
2344,5,7400,1480.0
2345,5,7395,1479.0
2346,5,7370,1474.0
2347,5,7389,1477.8
2348,5,7378,1475.6
2349,5,7395,1479.0
2350,5,7388,1477.6
2351,5,7397,1479.4
2352,6,7425,1237.5
2353,5,7427,1485.4
2354,5,7422,1484.4
2355,5,7398,1479.6
2356,5,7399,1479.8
2357,5,7413,1482.6
2358,5,7418,1483.6
2359,5,7441,1488.2
2360,5,7440,1488.0
2361,5,7429,1485.8
2362,5,7445,1489.0
2363,5,7423,1484.6
2364,4,7134,1783.5
2365,5,7378,1475.6
2366,4,6993,1748.2
2367,5,7345,1469.0
2368,5,7342,1468.4
2369,5,7316,1463.2
2370,5,7310,1462.0
2371,6,7324,1220.7
2372,5,7273,1454.6
2373,5,7041,1408.2
2374,4,7046,1761.5
2375,5,7075,1415.0
2376,4,6926,1731.5
2377,5,6974,1394.8
2378,5,6962,1392.4
2379,6,7329,1221.5
2380,5,7283,1456.6
2381,5,7317,1463.4
2382,5,7127,1425.4
2383,5,6964,1392.8
2384,6,6958,1159.7
2385,5,6644,1328.8
2386,6,6836,1139.3
2387,4,6420,1605.0
2388,3,6234,2078.0
2389,4,6409,1602.2
2390,5,6891,1378.2
2391,5,6875,1375.0
2392,6,7372,1228.7
2393,7,7414,1059.1
2394,6,7361,1226.8
2395,5,7330,1466.0
2396,4,6902,1725.5
2397,5,6889,1377.8
2398,5,7321,1464.2
2399,5,7321,1464.2
2400,5,7308,1461.6
2401,5,7331,1466.2
2402,5,7291,1458.2
2403,5,7273,1454.6
2404,5,7251,1450.2
2405,6,7347,1224.5
2406,7,7347,1049.6
2407,6,7366,1227.7
2408,6,7313,1218.8
2409,6,7364,1227.3
2410,6,7255,1209.2
2411,6,7290,1215.0
2412,5,7317,1463.4
2413,7,7402,1057.4
2414,5,7308,1461.6
2415,6,7344,1224.0
2416,6,7392,1232.0
2417,5,6566,1313.2
2418,5,7349,1469.8
2419,5,7341,1468.2
2420,6,7345,1224.2
2421,6,7342,1223.7
2422,6,7333,1222.2
2423,6,6595,1099.2
2424,5,6468,1293.6
2425,5,7323,1464.6
2426,5,7352,1470.4
2427,6,7408,1234.7
2428,6,7406,1234.3
2429,5,7343,1468.6
2430,5,7354,1470.8
2431,5,7343,1468.6
2432,4,6413,1603.2
2433,4,6440,1610.0
2434,5,6569,1313.8
2435,4,6421,1605.2
2436,4,6453,1613.2
2437,4,6546,1636.5
2438,4,6578,1644.5
2439,6,7391,1231.8
2440,5,6628,1325.6
2441,6,7396,1232.7
2442,5,6607,1321.4
2443,6,6672,1112.0
2444,6,6646,1107.7
2445,5,6662,1332.4
2446,5,6700,1340.0
2447,6,6778,1129.7
2448,6,7410,1235.0
2449,7,7428,1061.1
2450,6,6622,1103.7
2451,6,7402,1233.7
2452,6,7369,1228.2
2453,6,7379,1229.8
2454,5,6956,1391.2
2455,6,7329,1221.5
2456,5,7276,1455.2
2457,6,7319,1219.8
2458,7,7422,1060.3
2459,5,7278,1455.6
2460,7,7444,1063.4
2461,6,7337,1222.8
2462,7,7329,1047.0
2463,7,7456,1065.1
2464,6,7125,1187.5
2465,7,7213,1030.4
2466,5,6897,1379.4
2467,5,6921,1384.2
2468,5,7135,1427.0
2469,6,7176,1196.0
2470,5,6892,1378.4
2471,6,7127,1187.8
2472,6,7222,1203.7
2473,6,7113,1185.5
2474,5,6914,1382.8
2475,7,7293,1041.9
2476,7,7316,1045.1
2477,6,6985,1164.2
2478,5,6878,1375.6
2479,6,7174,1195.7
2480,5,6848,1369.6
2481,5,6912,1382.4
2482,4,6529,1632.2
2483,5,6927,1385.4
2484,6,7238,1206.3
2485,5,7177,1435.4
2486,5,7142,1428.4
2487,4,7095,1773.8
2488,5,7175,1435.0
2489,5,7166,1433.2
2490,4,7186,1796.5
2491,4,7216,1804.0
2492,6,7374,1229.0
2493,6,7345,1224.2
2494,7,7462,1066.0
2495,7,7416,1059.4
2496,7,7392,1056.0
2497,7,7407,1058.1
2498,6,7331,1221.8
2499,6,7363,1227.2
2500,7,7385,1055.0
2501,7,7427,1061.0
2502,6,7408,1234.7
2503,5,7291,1458.2
2504,5,7296,1459.2
2505,5,7310,1462.0
2506,6,7423,1237.2
2507,6,7402,1233.7
2508,6,7409,1234.8
2509,6,7418,1236.3
2510,7,7461,1065.9
2511,5,7359,1471.8
2512,5,7374,1474.8
2513,5,7384,1476.8
2514,5,7365,1473.0
2515,4,6834,1708.5
2516,5,7395,1479.0
2517,5,7373,1474.6
2518,5,7410,1482.0
2519,6,7400,1233.3
2520,5,7409,1481.8
2521,5,7430,1486.0
2522,5,7442,1488.4
2523,5,7448,1489.6
2524,5,7463,1492.6
2525,5,7421,1484.2
2526,4,6941,1735.2
2527,4,6981,1745.2
2528,4,6931,1732.8
2529,4,6894,1723.5
2530,4,6900,1725.0
2531,4,6902,1725.5
2532,4,6932,1733.0
2533,5,6947,1389.4
2534,6,6969,1161.5
2535,6,7398,1233.0
2536,6,7370,1228.3
2537,4,6431,1607.8
2538,7,7015,1002.1
2539,6,6921,1153.5
2540,6,6914,1152.3
2541,6,6878,1146.3
2542,6,6956,1159.3
2543,5,6873,1374.6
2544,4,6558,1639.5
2545,3,6498,2166.0
2546,4,6575,1643.8
2547,3,6464,2154.7
2548,5,6858,1371.6
2549,5,6885,1377.0
2550,3,6450,2150.0
2551,4,6866,1716.5
2552,3,6489,2163.0
2553,4,6544,1636.0
2554,3,6489,2163.0
2555,5,6995,1399.0
2556,4,7000,1750.0
2557,4,7031,1757.8
2558,5,7078,1415.6
2559,4,7122,1780.5
2560,4,7069,1767.2
2561,4,7148,1787.0
2562,4,7187,1796.8
2563,4,7166,1791.5
2564,4,7120,1780.0
2565,4,7183,1795.8
2566,4,7123,1780.8
2567,4,7157,1789.2
2568,4,7158,1789.5
2569,3,6667,2222.3
2570,3,6663,2221.0
2571,4,7054,1763.5
2572,3,6782,2260.7
2573,4,6999,1749.8
2574,5,7013,1402.6
2575,4,6987,1746.8
2576,4,6945,1736.2
2577,4,6912,1728.0
2578,4,6972,1743.0
2579,4,6969,1742.2
2580,4,6876,1719.0
2581,4,6866,1716.5
2582,4,6933,1733.2
2583,4,6918,1729.5
2584,4,6860,1715.0
2585,4,6821,1705.2
2586,4,6929,1732.2
2587,4,6899,1724.8
2588,4,6901,1725.2
2589,4,6816,1704.0
2590,4,6750,1687.5
2591,4,6861,1715.2
2592,4,6852,1713.0
2593,4,6870,1717.5
2594,4,6789,1697.2
2595,4,6881,1720.2
2596,4,6851,1712.8
2597,4,6827,1706.8
2598,4,6825,1706.2
2599,4,6754,1688.5
2600,4,6807,1701.8
2601,4,6678,1669.5
2602,4,6648,1662.0
2603,4,6573,1643.2
2604,4,6624,1656.0
2605,4,6698,1674.5
2606,4,6771,1692.8
2607,4,6749,1687.2
2608,4,6714,1678.5
2609,4,6741,1685.2
2610,4,6806,1701.5
2611,4,6749,1687.2
2612,4,6816,1704.0
2613,4,6790,1697.5
2614,4,6905,1726.2
2615,4,6861,1715.2
2616,4,6862,1715.5
2617,4,6846,1711.5
2618,4,6791,1697.8
2619,4,6940,1735.0
2620,5,7318,1463.6
2621,5,7334,1466.8
2622,5,7324,1464.8
2623,4,6975,1743.8
2624,3,6647,2215.7
2625,5,7094,1418.8
2626,4,7059,1764.8
2627,6,7317,1219.5
2628,4,6954,1738.5
2629,3,6811,2270.3
2630,5,7206,1441.2
2631,5,7209,1441.8
2632,4,7198,1799.5
2633,5,7186,1437.2
2634,4,7017,1754.2
2635,4,6985,1746.2
2636,4,6926,1731.5
2637,4,6985,1746.2
2638,4,6984,1746.0
2639,4,7059,1764.8
2640,5,7325,1465.0
2641,4,7035,1758.8
2642,4,7016,1754.0
2643,4,7043,1760.8
2644,5,7068,1413.6
2645,7,7326,1046.6
2646,6,7330,1221.7
2647,5,7319,1463.8
2648,5,7333,1466.6
2649,5,7301,1460.2
2650,5,7274,1454.8
2651,5,7272,1454.4
2652,5,7280,1456.0
2653,5,7293,1458.6
2654,5,7311,1462.2
2655,5,7316,1463.2
2656,5,7319,1463.8
2657,5,7334,1466.8
2658,5,7338,1467.6
2659,4,6145,1536.2
2660,5,7308,1461.6
2661,5,7324,1464.8
2662,5,7342,1468.4
2663,5,7348,1469.6
2664,5,7357,1471.4
2665,5,7336,1467.2
2666,5,7289,1457.8
2667,5,7300,1460.0
2668,5,7313,1462.6
2669,5,7276,1455.2
2670,5,7261,1452.2
2671,5,7290,1458.0
2672,5,7300,1460.0
2673,5,7290,1458.0
2674,4,6162,1540.5
2675,5,7246,1449.2
2676,5,7275,1455.0
2677,5,7261,1452.2
2678,5,7265,1453.0
2679,5,7263,1452.6
2680,5,7258,1451.6
2681,5,7266,1453.2
2682,5,7294,1458.8
2683,5,7303,1460.6
2684,5,7292,1458.4
2685,5,7293,1458.6
2686,4,6196,1549.0
2687,4,6201,1550.2
2688,5,6238,1247.6
2689,4,6112,1528.0
2690,5,7138,1427.6
2691,6,7308,1218.0
2692,5,7181,1436.2
2693,5,7141,1428.2
2694,5,7153,1430.6
2695,4,6017,1504.2
2696,5,6073,1214.6
2697,5,6146,1229.2
2698,4,6064,1516.0
2699,4,5972,1493.0
2700,4,6199,1549.8
2701,4,6191,1547.8
2702,5,7213,1442.6
2703,5,7184,1436.8
2704,5,7264,1452.8
2705,4,6160,1540.0
2706,5,7204,1440.8
2707,5,7168,1433.6
2708,4,6658,1664.5
2709,5,7211,1442.2
2710,5,7225,1445.0
2711,5,7258,1451.6
2712,5,7265,1453.0
2713,5,7272,1454.4
2714,5,7281,1456.2
2715,5,7266,1453.2
2716,5,7259,1451.8
2717,5,7286,1457.2
2718,5,7272,1454.4
2719,5,7271,1454.2
2720,5,7282,1456.4
2721,5,7269,1453.8
2722,5,6504,1300.8
2723,6,7320,1220.0
2724,4,6400,1600.0
2725,5,6434,1286.8
2726,5,6471,1294.2
2727,6,7316,1219.3
2728,5,7260,1452.0
2729,5,7228,1445.6
2730,5,7213,1442.6
2731,5,7231,1446.2
2732,5,7253,1450.6
2733,4,6430,1607.5
2734,6,7200,1200.0
2735,5,6385,1277.0
2736,6,7207,1201.2
2737,7,7293,1041.9
2738,5,6692,1338.4
2739,6,6658,1109.7
2740,5,6614,1322.8
2741,5,6592,1318.4
2742,5,6589,1317.8
2743,6,7330,1221.7
2744,6,7325,1220.8
2745,5,6564,1312.8
2746,5,6679,1335.8
2747,5,6733,1346.6
2748,4,6557,1639.2
2749,5,6701,1340.2
2750,4,6433,1608.2
2751,5,6434,1286.8
2752,5,7093,1418.6
2753,4,6289,1572.2
2754,5,7229,1445.8
2755,4,7087,1771.8
2756,5,7230,1446.0
2757,5,7203,1440.6
2758,5,7173,1434.6
2759,5,7188,1437.6
2760,6,7294,1215.7
2761,6,7288,1214.7
2762,4,6395,1598.8
2763,6,7174,1195.7
2764,5,7104,1420.8
2765,6,7173,1195.5
2766,4,6269,1567.2
2767,5,7117,1423.4
2768,5,7075,1415.0
2769,6,7073,1178.8
2770,6,7146,1191.0
2771,5,7085,1417.0
2772,5,7107,1421.4
2773,6,7114,1185.7
2774,6,7090,1181.7
2775,5,6910,1382.0
2776,4,4957,1239.2
2777,6,7044,1174.0
2778,6,6970,1161.7
2779,4,6688,1672.0
2780,5,6725,1345.0
2781,5,6978,1395.6
2782,5,6979,1395.8
2783,5,7027,1405.4
2784,6,7154,1192.3
2785,6,7167,1194.5
2786,8,7372,921.5
2787,6,7264,1210.7
2788,6,7294,1215.7
2789,6,7291,1215.2
2790,6,7292,1215.3
2791,6,7264,1210.7
2792,6,7249,1208.2
2793,6,7227,1204.5
2794,6,7204,1200.7
2795,6,7259,1209.8
2796,5,7171,1434.2
2797,5,7061,1412.2
2798,5,7092,1418.4
2799,5,7062,1412.4
2800,4,6737,1684.2
2801,5,6833,1366.6
2802,5,6842,1368.4
2803,4,6754,1688.5
2804,4,6690,1672.5
2805,5,7040,1408.0
2806,4,6753,1688.2
2807,4,6843,1710.8
2808,5,6959,1391.8
2809,6,7305,1217.5
2810,5,7188,1437.6
2811,6,7325,1220.8
2812,6,7304,1217.3
2813,6,7272,1212.0
2814,5,6486,1297.2
2815,6,7308,1218.0
2816,6,7322,1220.3
2817,5,7071,1414.2
2818,6,7281,1213.5
2819,5,7153,1430.6
2820,5,7198,1439.6
2821,4,7052,1763.0
2822,5,7252,1450.4
2823,4,7077,1769.2
2824,4,7101,1775.2
2825,4,7024,1756.0
2826,5,7046,1409.2
2827,5,7090,1418.0
2828,4,6994,1748.5
2829,4,6864,1716.0
2830,6,7345,1224.2
2831,6,7347,1224.5
2832,4,6845,1711.2
2833,5,7300,1460.0
2834,5,7337,1467.4
2835,5,7344,1468.8
2836,5,7309,1461.8
2837,5,7315,1463.0
2838,5,7358,1471.6
2839,6,7380,1230.0
2840,6,7378,1229.7
2841,6,7390,1231.7
2842,6,7370,1228.3
2843,6,7376,1229.3
2844,6,7363,1227.2
2845,6,7421,1236.8
2846,6,7387,1231.2
2847,6,7375,1229.2
2848,6,7384,1230.7
2849,6,7367,1227.8
2850,6,7370,1228.3
2851,6,7365,1227.5
2852,6,7390,1231.7
2853,6,7402,1233.7
2854,6,7393,1232.2
2855,6,7395,1232.5
2856,7,7450,1064.3
2857,6,7403,1233.8
2858,5,7355,1471.0
2859,6,7392,1232.0
2860,6,7371,1228.5
2861,6,7399,1233.2
2862,6,7402,1233.7
2863,6,7372,1228.7
2864,6,7386,1231.0
2865,5,6867,1373.4
2866,6,7429,1238.2
2867,6,7398,1233.0
2868,6,7380,1230.0
2869,6,7364,1227.3
2870,6,7400,1233.3
2871,5,7209,1441.8
2872,5,7233,1446.6
2873,5,7272,1454.4
2874,5,7252,1450.4
2875,5,7268,1453.6
2876,5,7291,1458.2
2877,4,6943,1735.8
2878,5,7300,1460.0
2879,5,7303,1460.6
2880,5,7387,1477.4
2881,4,6978,1744.5
2882,5,7345,1469.0
2883,4,6880,1720.0
2884,4,6908,1727.0
2885,5,6957,1391.4
2886,4,6814,1703.5
2887,4,6746,1686.5
2888,5,7236,1447.2
2889,4,6712,1678.0
2890,4,6753,1688.2
2891,5,7010,1402.0
2892,6,7428,1238.0
2893,5,6950,1390.0
2894,5,6964,1392.8
2895,5,6982,1396.4
2896,5,6974,1394.8
2897,5,6961,1392.2
2898,5,7007,1401.4
2899,5,6983,1396.6
2900,5,6992,1398.4
2901,6,7451,1241.8
2902,5,7061,1412.2
2903,5,7010,1402.0
2904,5,7028,1405.6
2905,4,6892,1723.0
2906,5,6974,1394.8
2907,5,7019,1403.8
2908,5,7029,1405.8
2909,5,6979,1395.8
2910,5,7050,1410.0
2911,6,7075,1179.2
2912,5,7045,1409.0
2913,5,7066,1413.2
2914,6,7419,1236.5
2915,5,7294,1458.8
2916,6,7354,1225.7
2917,4,6657,1664.2
2918,6,7323,1220.5
2919,5,6650,1330.0
2920,6,6816,1136.0
2921,6,7345,1224.2
2922,5,6855,1371.0
2923,5,6951,1390.2
2924,7,7407,1058.1
2925,5,6941,1388.2
2926,4,7027,1756.8
2927,4,7064,1766.0
2928,4,7209,1802.2
2929,5,7275,1455.0
2930,6,7404,1234.0
2931,5,7253,1450.6
2932,6,7395,1232.5
2933,6,7383,1230.5
2934,5,7266,1453.2
2935,5,7296,1459.2
2936,5,7286,1457.2
2937,4,7173,1793.2
2938,5,7271,1454.2
2939,5,7193,1438.6
2940,6,7111,1185.2
2941,5,7124,1424.8
2942,5,7020,1404.0
2943,6,7234,1205.7
2944,5,7130,1426.0
2945,6,7255,1209.2
2946,6,7282,1213.7
2947,6,7230,1205.0
2948,5,7245,1449.0
2949,6,7228,1204.7
2950,5,7143,1428.6
2951,6,7392,1232.0
2952,5,7180,1436.0
2953,5,7213,1442.6
2954,6,7245,1207.5
2955,5,7160,1432.0
2956,5,7108,1421.6
2957,5,7114,1422.8
2958,6,7114,1185.7
2959,6,7347,1224.5
2960,7,7338,1048.3
2961,6,7108,1184.7
2962,7,7373,1053.3
2963,6,7276,1212.7
2964,5,7283,1456.6
2965,7,7374,1053.4
2966,6,7362,1227.0
2967,5,7074,1414.8
2968,6,7349,1224.8
2969,6,7360,1226.7
2970,6,7370,1228.3
2971,6,7370,1228.3
2972,7,7417,1059.6
2973,7,7404,1057.7
2974,7,7363,1051.9
2975,6,7325,1220.8
2976,6,7367,1227.8
2977,5,7332,1466.4
2978,5,7322,1464.4
2979,5,7323,1464.6
2980,5,7275,1455.0
2981,5,7306,1461.2
2982,5,7315,1463.0
2983,5,7344,1468.8
2984,6,7306,1217.7
2985,5,7244,1448.8
2986,5,7302,1460.4
2987,5,7310,1462.0
2988,5,7262,1452.4
2989,5,7281,1456.2
2990,6,7294,1215.7
2991,5,7249,1449.8
2992,6,7253,1208.8
2993,5,7196,1439.2
2994,6,7284,1214.0
2995,6,7307,1217.8
2996,6,7168,1194.7
2997,5,7209,1441.8
2998,5,7197,1439.4
2999,7,7348,1049.7
3000,6,6660,1110.0
3001,6,7284,1214.0
3002,6,6621,1103.5
3003,6,6507,1084.5
3004,6,7287,1214.5
3005,6,7309,1218.2
3006,6,7274,1212.3
3007,5,7252,1450.4
3008,5,7210,1442.0
3009,6,7243,1207.2
3010,6,7246,1207.7
3011,5,6415,1283.0
3012,5,6438,1287.6
3013,6,7281,1213.5
3014,4,6543,1635.8
3015,5,6532,1306.4
3016,5,6550,1310.0
3017,5,6558,1311.6
3018,5,6668,1333.6
3019,5,6687,1337.4
3020,5,6613,1322.6
3021,5,6555,1311.0
3022,5,6596,1319.2
3023,5,6632,1326.4
3024,5,6598,1319.6
3025,5,6578,1315.6
3026,5,6578,1315.6
3027,5,6585,1317.0
3028,5,6526,1305.2
3029,5,6461,1292.2
3030,6,7252,1208.7
3031,6,7263,1210.5
3032,6,7281,1213.5
3033,6,7304,1217.3
3034,6,7323,1220.5
3035,6,7293,1215.5
3036,6,7280,1213.3
3037,6,7267,1211.2
3038,7,7320,1045.7
3039,6,7279,1213.2
3040,6,7246,1207.7
3041,5,7203,1440.6
3042,5,7282,1456.4
3043,5,7325,1465.0
3044,5,7303,1460.6
3045,5,7321,1464.2
3046,5,7287,1457.4
3047,5,7300,1460.0
3048,5,7287,1457.4
3049,5,7245,1449.0
3050,5,7308,1461.6
3051,4,6532,1633.0
3052,5,6654,1330.8
3053,6,7264,1210.7
3054,5,7236,1447.2
3055,6,7255,1209.2
3056,7,7269,1038.4
3057,5,6602,1320.4
3058,5,7121,1424.2
3059,5,7098,1419.6
3060,4,6528,1632.0
3061,6,7108,1184.7
3062,6,7164,1194.0
3063,5,6737,1347.4
3064,5,6687,1337.4
3065,4,6689,1672.2
3066,4,6662,1665.5
3067,5,7241,1448.2
3068,5,7172,1434.4
3069,4,6695,1673.8
3070,4,6761,1690.2
3071,4,6767,1691.8
3072,4,6849,1712.2
3073,4,6758,1689.5
3074,4,6786,1696.5
3075,4,6656,1664.0
3076,4,6670,1667.5
3077,4,6806,1701.5
3078,4,6757,1689.2
3079,4,6784,1696.0
3080,4,6695,1673.8
3081,4,6733,1683.2
3082,5,6794,1358.8
3083,4,6646,1661.5
3084,4,6597,1649.2
3085,4,6605,1651.2
3086,5,6452,1290.4
3087,4,6528,1632.0
3088,4,6393,1598.2
3089,4,6274,1568.5
3090,5,6859,1371.8
3091,5,6838,1367.6
3092,5,6805,1361.0
3093,4,6194,1548.5
3094,5,6745,1349.0
3095,4,6102,1525.5
3096,4,6337,1584.2
3097,4,6496,1624.0
3098,4,6482,1620.5
3099,5,6587,1317.4
3100,4,6448,1612.0
3101,4,6326,1581.5
3102,4,6425,1606.2
3103,4,6443,1610.8
3104,4,6461,1615.2
3105,4,6525,1631.2
3106,4,6554,1638.5
3107,5,6622,1324.4
3108,4,6526,1631.5
3109,4,6525,1631.2
3110,3,6174,2058.0
3111,4,6637,1659.2
3112,4,6616,1654.0
3113,4,6711,1677.8
3114,4,6705,1676.2
3115,4,6787,1696.8
3116,3,6505,2168.3
3117,3,6380,2126.7
3118,3,6332,2110.7
3119,3,6332,2110.7
3120,3,6259,2086.3
3121,3,6295,2098.3
3122,5,6972,1394.4
3123,4,6780,1695.0
3124,4,6371,1592.8
3125,5,6713,1342.6
3126,6,7331,1221.8
3127,6,7332,1222.0
3128,6,7349,1224.8
3129,6,7339,1223.2
3130,5,7321,1464.2
3131,5,7337,1467.4
3132,4,6752,1688.0
3133,4,6707,1676.8
3134,4,6646,1661.5
3135,4,6697,1674.2
3136,4,6727,1681.8
3137,4,6596,1649.0
3138,4,6627,1656.8
3139,5,7405,1481.0
3140,6,7438,1239.7
3141,5,7415,1483.0
3142,5,7425,1485.0
3143,5,7398,1479.6
3144,5,7367,1473.4
3145,5,7348,1469.6
3146,5,7365,1473.0
3147,7,7383,1054.7
3148,7,7395,1056.4
3149,6,7358,1226.3
3150,7,7363,1051.9
3151,6,7355,1225.8
3152,7,7336,1048.0
3153,8,7445,930.6
3154,7,7056,1008.0
3155,10,7518,751.8
3156,8,7436,929.5
3157,8,7440,930.0
3158,7,7420,1060.0
3159,7,7465,1066.4
3160,7,7440,1062.9
3161,7,7400,1057.1
3162,7,7388,1055.4
3163,7,7396,1056.6
3164,7,7393,1056.1
3165,7,7413,1059.0
3166,7,7430,1061.4
3167,9,7433,825.9
3168,8,7407,925.9
3169,8,7391,923.9
3170,7,7368,1052.6
3171,7,7376,1053.7
3172,7,7334,1047.7
3173,7,7340,1048.6
3174,7,7327,1046.7
3175,7,7354,1050.6
3176,7,7353,1050.4
3177,7,7353,1050.4
3178,7,7382,1054.6
3179,7,7349,1049.9
3180,7,7329,1047.0
3181,7,7321,1045.9
3182,8,7351,918.9
3183,8,7360,920.0
3184,7,7288,1041.1
3185,8,7353,919.1
3186,8,7348,918.5
3187,7,7280,1040.0
3188,8,7360,920.0
3189,7,7301,1043.0
3190,7,7264,1037.7
3191,7,7315,1045.0
3192,7,7270,1038.6
3193,7,7275,1039.3
3194,7,7256,1036.6
3195,7,7266,1038.0
3196,7,7249,1035.6
3197,7,7256,1036.6
3198,8,7259,907.4
3199,8,7284,910.5
3200,8,7258,907.2
3201,8,7253,906.6
3202,8,7270,908.8
3203,7,7172,1024.6
3204,8,7261,907.6
3205,7,7194,1027.7
3206,8,7277,909.6
3207,7,7200,1028.6
3208,9,7418,824.2
3209,8,7355,919.4
3210,8,7336,917.0
3211,8,7357,919.6
3212,9,7378,819.8
3213,7,7241,1034.4
3214,7,7252,1036.0
3215,7,7254,1036.3
3216,7,7308,1044.0
3217,7,7282,1040.3
3218,7,7269,1038.4
3219,8,7274,909.2
3220,7,7278,1039.7
3221,7,7296,1042.3
3222,7,7284,1040.6
3223,7,7335,1047.9
3224,7,7343,1049.0
3225,7,7297,1042.4
3226,6,7104,1184.0
3227,6,7053,1175.5
3228,7,7268,1038.3
3229,8,7362,920.2
3230,7,7286,1040.9
3231,7,7355,1050.7
3232,7,7315,1045.0
3233,7,7265,1037.9
3234,7,7264,1037.7
3235,6,7062,1177.0
3236,7,7191,1027.3
3237,6,7048,1174.7
3238,7,7126,1018.0
3239,8,7327,915.9
3240,7,7224,1032.0
3241,6,7025,1170.8
3242,6,6999,1166.5
3243,7,7282,1040.3
3244,5,7016,1403.2
3245,7,7273,1039.0
3246,5,7073,1414.6
3247,5,7028,1405.6
3248,6,7308,1218.0
3249,6,7151,1191.8
3250,6,7287,1214.5
3251,5,7088,1417.6
3252,6,7257,1209.5
3253,5,7203,1440.6
3254,5,7227,1445.4
3255,5,7163,1432.6
3256,5,7245,1449.0
3257,5,7232,1446.4
3258,7,7259,1037.0
3259,5,7118,1423.6
3260,5,7158,1431.6
3261,5,7153,1430.6
3262,6,7238,1206.3
3263,5,7141,1428.2
3264,6,7251,1208.5
3265,6,7292,1215.3
3266,6,7268,1211.3
3267,7,7290,1041.4
3268,6,7218,1203.0
3269,6,7167,1194.5
3270,6,7190,1198.3
3271,5,6996,1399.2
3272,6,7062,1177.0
3273,6,7042,1173.7
3274,5,6779,1355.8
3275,4,6704,1676.0
3276,6,6920,1153.3
3277,6,6977,1162.8
3278,5,6757,1351.4
3279,6,7026,1171.0
3280,5,6821,1364.2
3281,5,6815,1363.0
3282,5,6835,1367.0
3283,5,6812,1362.4
3284,5,6739,1347.8
3285,5,6703,1340.6
3286,6,7084,1180.7
3287,7,7093,1013.3
3288,6,7005,1167.5
3289,6,7035,1172.5
3290,6,7011,1168.5
3291,7,7180,1025.7
3292,6,7077,1179.5
3293,6,7024,1170.7
3294,8,7364,920.5
3295,7,7250,1035.7
3296,6,7099,1183.2
3297,6,7010,1168.3
3298,6,6974,1162.3
3299,5,6881,1376.2
3300,5,6864,1372.8
3301,8,7438,929.8
3302,8,7431,928.9
3303,8,7412,926.5
3304,8,7450,931.2
3305,7,7275,1039.3
3306,8,7415,926.9
3307,8,7400,925.0
3308,7,7169,1024.1
3309,8,7231,903.9
3310,7,7268,1038.3
3311,8,7370,921.2
3312,8,7388,923.5
3313,8,7427,928.4
3314,7,7333,1047.6
3315,7,7336,1048.0
3316,8,7426,928.2
3317,8,7414,926.8
3318,8,7375,921.9
3319,7,7383,1054.7
3320,8,7417,927.1
3321,8,7446,930.8
3322,9,7435,826.1
3323,9,7461,829.0
3324,8,7473,934.1
3325,8,7405,925.6
3326,8,7419,927.4
3327,9,7458,828.7
3328,7,7230,1032.9
3329,7,7367,1052.4
3330,7,7374,1053.4
3331,6,7285,1214.2
3332,6,7275,1212.5
3333,8,7424,928.0
3334,6,7103,1183.8
3335,6,7081,1180.2
3336,5,6918,1383.6
3337,4,6768,1692.0
3338,5,6984,1396.8
3339,5,6809,1361.8
3340,4,6698,1674.5
3341,3,6483,2161.0
3342,5,6740,1348.0
3343,5,6898,1379.6
3344,5,7005,1401.0
3345,5,6989,1397.8
3346,5,6975,1395.0
3347,6,6845,1140.8
3348,6,7370,1228.3
3349,7,7421,1060.1
3350,4,6827,1706.8
3351,5,7077,1415.4
3352,6,7370,1228.3
3353,6,7387,1231.2
3354,4,6978,1744.5
3355,5,7337,1467.4
3356,6,7399,1233.2
3357,6,7359,1226.5
3358,6,7349,1224.8
3359,4,7004,1751.0
3360,5,7059,1411.8
3361,5,7320,1464.0
3362,4,7005,1751.2
3363,4,7051,1762.8
3364,5,7239,1447.8
3365,6,7289,1214.8
3366,7,7444,1063.4
3367,5,7320,1464.0
3368,7,7452,1064.6
3369,6,7430,1238.3
3370,5,7311,1462.2
3371,5,7339,1467.8
3372,5,7339,1467.8
3373,5,7383,1476.6
3374,5,7386,1477.2
3375,5,7413,1482.6
3376,5,7378,1475.6
3377,5,7367,1473.4
3378,4,6966,1741.5
3379,6,7420,1236.7
3380,6,7419,1236.5
3381,6,7425,1237.5
3382,5,7351,1470.2
3383,5,7304,1460.8
3384,5,7343,1468.6
3385,5,7346,1469.2
3386,6,7433,1238.8
3387,6,7412,1235.3
3388,6,7373,1228.8
3389,7,7420,1060.0
3390,7,7453,1064.7
3391,7,7456,1065.1
3392,7,7448,1064.0
3393,6,6906,1151.0
3394,7,7431,1061.6
3395,7,7434,1062.0
3396,7,7455,1065.0
3397,7,7477,1068.1
3398,7,7432,1061.7
3399,7,7460,1065.7
3400,6,7437,1239.5
3401,6,7439,1239.8
3402,5,7354,1470.8
3403,5,7390,1478.0
3404,5,7374,1474.8
3405,4,6774,1693.5
3406,6,7465,1244.2
3407,5,6840,1368.0
3408,7,7485,1069.3
3409,5,6712,1342.4
3410,5,6792,1358.4
3411,6,6804,1134.0
3412,6,7435,1239.2
3413,6,7442,1240.3
3414,6,7428,1238.0
3415,6,7258,1209.7
3416,4,6679,1669.8
3417,7,7467,1066.7
3418,6,7409,1234.8
3419,7,7451,1064.4
3420,4,6726,1681.5
3421,5,6906,1381.2
3422,6,6978,1163.0
3423,5,6865,1373.0
3424,5,6804,1360.8
3425,5,6808,1361.6
3426,4,6649,1662.2
3427,5,6844,1368.8
3428,4,7103,1775.8
3429,4,7032,1758.0
3430,5,7286,1457.2
3431,5,6989,1397.8
3432,4,6775,1693.8
3433,4,6808,1702.0
3434,4,6875,1718.8
3435,4,6868,1717.0
3436,5,6895,1379.0
3437,4,6874,1718.5
3438,6,7377,1229.5
3439,6,7319,1219.8
3440,5,7005,1401.0
3441,4,6947,1736.8
3442,5,6960,1392.0
3443,4,6994,1748.5
3444,6,7412,1235.3
3445,6,7470,1245.0
3446,4,6986,1746.5
3447,5,7432,1486.4
3448,4,6962,1740.5
3449,4,6968,1742.0
3450,5,7451,1490.2
3451,6,7468,1244.7
3452,4,7044,1761.0
3453,6,7458,1243.0
3454,5,7072,1414.4
3455,5,7142,1428.4
3456,5,7163,1432.6
3457,5,7153,1430.6
3458,4,6991,1747.8
3459,5,7038,1407.6
3460,5,7012,1402.4
3461,4,6931,1732.8
3462,4,6926,1731.5
3463,4,6935,1733.8
3464,4,6960,1740.0
3465,4,6946,1736.5
3466,4,6808,1702.0
3467,4,6819,1704.8
3468,5,7062,1412.4
3469,5,7060,1412.0
3470,5,7042,1408.4
3471,5,7359,1471.8
3472,6,7489,1248.2
3473,6,7455,1242.5
3474,6,7424,1237.3
3475,6,7451,1241.8
3476,5,7339,1467.8
3477,5,7341,1468.2
3478,5,7299,1459.8
3479,5,7290,1458.0
3480,5,7325,1465.0
3481,6,7459,1243.2
3482,6,7459,1243.2
3483,6,7456,1242.7
3484,5,7398,1479.6
3485,5,7378,1475.6
3486,5,7353,1470.6
3487,5,7318,1463.6
3488,6,7459,1243.2
3489,5,7280,1456.0
3490,5,7344,1468.8
3491,6,7469,1244.8
3492,5,7331,1466.2
3493,6,7431,1238.5
3494,6,7423,1237.2
3495,6,7412,1235.3
3496,5,7383,1476.6
3497,5,7408,1481.6
3498,5,7443,1488.6
3499,5,7377,1475.4
3500,5,7393,1478.6
3501,7,7470,1067.1
3502,6,7388,1231.3
3503,5,7316,1463.2
3504,6,7442,1240.3
3505,6,7449,1241.5
3506,5,7438,1487.6
3507,5,7409,1481.8
3508,6,7419,1236.5
3509,6,6829,1138.2
3510,7,7435,1062.1
3511,7,7443,1063.3
3512,7,7429,1061.3
3513,7,7455,1065.0
3514,6,7449,1241.5
3515,7,7482,1068.9
3516,7,7487,1069.6
3517,7,7501,1071.6
3518,6,6855,1142.5
3519,7,7490,1070.0
3520,5,6829,1365.8
3521,5,6749,1349.8
3522,4,6565,1641.2
3523,7,7485,1069.3
3524,6,7298,1216.3
3525,5,7175,1435.0
3526,6,7308,1218.0
3527,6,7303,1217.2
3528,6,7291,1215.2
3529,5,7105,1421.0
3530,5,6570,1314.0
3531,4,6955,1738.8
3532,5,6648,1329.6
3533,7,7513,1073.3
3534,6,7276,1212.7
3535,5,6703,1340.6
3536,5,6689,1337.8
3537,6,6872,1145.3
3538,7,7524,1074.9
3539,7,7506,1072.3
3540,6,6947,1157.8
3541,6,6979,1163.2
3542,6,6971,1161.8
3543,6,6998,1166.3
3544,5,6814,1362.8
3545,6,7388,1231.3
3546,6,7357,1226.2
3547,6,7329,1221.5
3548,7,7366,1052.3
3549,5,7041,1408.2
3550,5,6701,1340.2
3551,6,7285,1214.2
3552,6,7295,1215.8
3553,5,6840,1368.0
3554,5,6824,1364.8
3555,5,6739,1347.8
3556,5,6798,1359.6
3557,6,7254,1209.0
3558,6,7238,1206.3
3559,4,6466,1616.5
3560,4,6431,1607.8
3561,4,6431,1607.8
3562,5,6515,1303.0
3563,6,6824,1137.3
3564,6,6804,1134.0
3565,6,6817,1136.2
3566,5,6507,1301.4
3567,5,6524,1304.8
3568,4,6524,1631.0
3569,4,6474,1618.5
3570,5,6757,1351.4
3571,5,6123,1224.6
3572,6,6208,1034.7
3573,6,6171,1028.5
3574,7,6623,946.1
3575,7,6564,937.7
3576,6,6373,1062.2
3577,5,6275,1255.0
3578,5,6256,1251.2
3579,6,6561,1093.5
3580,5,6185,1237.0
3581,4,6181,1545.2
3582,5,6214,1242.8
3583,6,6661,1110.2
3584,4,6263,1565.8
3585,4,5802,1450.5
3586,5,6387,1277.4
3587,5,6315,1263.0
3588,5,6244,1248.8
3589,4,6282,1570.5
3590,4,6364,1591.0
3591,5,6448,1289.6
3592,5,6361,1272.2
3593,7,6809,972.7
3594,6,6789,1131.5
3595,4,6362,1590.5
3596,5,6424,1284.8
3597,5,6327,1265.4
3598,5,6736,1347.2
3599,6,6754,1125.7
3600,6,6749,1124.8
3601,7,7239,1034.1
3602,5,6759,1351.8
3603,6,7196,1199.3
3604,6,7184,1197.3
3605,7,7235,1033.6
3606,5,6919,1383.8
3607,6,7180,1196.7
3608,4,6538,1634.5
3609,4,6653,1663.2
3610,5,7013,1402.6
3611,4,6726,1681.5
3612,5,6851,1370.2
3613,5,7068,1413.6
3614,5,7124,1424.8
3615,4,6822,1705.5
3616,4,6782,1695.5
3617,5,7111,1422.2
3618,5,7163,1432.6
3619,5,6924,1384.8
3620,5,7158,1431.6
3621,5,7194,1438.8
3622,5,7181,1436.2
3623,5,7177,1435.4
3624,5,7222,1444.4
3625,5,7214,1442.8
3626,6,7273,1212.2
3627,6,7317,1219.5
3628,6,7292,1215.3
3629,6,7295,1215.8
3630,5,7343,1468.6
3631,6,7409,1234.8
3632,5,7282,1456.4
3633,6,7320,1220.0
3634,6,7347,1224.5
3635,6,7365,1227.5
3636,6,7321,1220.2
3637,5,7289,1457.8
3638,4,7069,1767.2
3639,5,7244,1448.8
3640,5,7210,1442.0
3641,6,7217,1202.8
3642,6,7263,1210.5
3643,5,7127,1425.4
3644,5,7105,1421.0
3645,5,6990,1398.0
3646,7,7219,1031.3
3647,7,7184,1026.3
3648,5,7108,1421.6
3649,5,7087,1417.4
3650,4,6994,1748.5
3651,4,6961,1740.2
3652,5,7239,1447.8
3653,4,7076,1769.0
3654,5,7140,1428.0
3655,4,7130,1782.5
3656,4,7115,1778.8
3657,5,7347,1469.4
3658,5,7371,1474.2
3659,5,7354,1470.8
3660,5,7370,1474.0
3661,5,7371,1474.2
3662,5,7419,1483.8
3663,5,7404,1480.8
3664,6,7473,1245.5
3665,5,7326,1465.2
3666,6,7428,1238.0
3667,6,7434,1239.0
3668,6,7459,1243.2
3669,5,7402,1480.4
3670,5,7381,1476.2
3671,5,7371,1474.2
3672,5,7363,1472.6
3673,4,7261,1815.2
3674,5,7399,1479.8
3675,6,7423,1237.2
3676,6,7372,1228.7
3677,6,7411,1235.2
3678,7,7437,1062.4
3679,6,7398,1233.0
3680,6,7373,1228.8
3681,6,7377,1229.5
3682,6,7390,1231.7
3683,6,7386,1231.0
3684,7,7406,1058.0
3685,7,7378,1054.0
3686,7,7401,1057.3
3687,7,7419,1059.9
3688,6,7361,1226.8
3689,6,7365,1227.5
3690,5,7156,1431.2
3691,4,7165,1791.2
3692,5,7200,1440.0
3693,6,7320,1220.0
3694,6,7357,1226.2
3695,6,7370,1228.3
3696,6,7364,1227.3
3697,5,7304,1460.8
3698,5,7281,1456.2
3699,5,7314,1462.8
3700,5,7296,1459.2
3701,4,7204,1801.0
3702,5,7330,1466.0
3703,5,7321,1464.2
3704,5,7294,1458.8
3705,4,7170,1792.5
3706,5,7213,1442.6
3707,5,7322,1464.4
3708,5,7292,1458.4
3709,4,7135,1783.8
3710,5,7320,1464.0
3711,5,7308,1461.6
3712,5,7311,1462.2
3713,5,7308,1461.6
3714,5,7317,1463.4
3715,5,7334,1466.8
3716,4,7102,1775.5
3717,4,7156,1789.0
3718,5,7347,1469.4
3719,6,7343,1223.8
3720,6,7322,1220.3
3721,7,7368,1052.6
3722,7,7409,1058.4
3723,6,7343,1223.8
3724,6,7354,1225.7
3725,7,7383,1054.7
3726,7,7386,1055.1
3727,7,7349,1049.9
3728,7,7323,1046.1
3729,8,7346,918.2
3730,7,7313,1044.7
3731,7,7361,1051.6
3732,7,7337,1048.1
3733,7,7324,1046.3
3734,5,7278,1455.6
3735,7,7343,1049.0
3736,7,7318,1045.4
3737,7,7274,1039.1
3738,7,7291,1041.6
3739,7,7269,1038.4
3740,8,7273,909.1
3741,7,7192,1027.4
3742,7,7186,1026.6
3743,7,7233,1033.3
3744,7,7264,1037.7
3745,8,7327,915.9
3746,8,7271,908.9
3747,7,7259,1037.0
3748,8,7330,916.2
3749,7,7283,1040.4
3750,8,7346,918.2
3751,7,7303,1043.3
3752,7,7307,1043.9
3753,7,7289,1041.3
3754,6,7251,1208.5
3755,6,7240,1206.7
3756,8,7344,918.0
3757,5,7181,1436.2
3758,7,7326,1046.6
3759,7,7327,1046.7
3760,5,7251,1450.2
3761,5,7276,1455.2
3762,6,7339,1223.2
3763,6,7354,1225.7
3764,7,7392,1056.0
3765,7,7386,1055.1
3766,6,7352,1225.3
3767,7,7479,1068.4
3768,6,7390,1231.7
3769,9,7472,830.2
3770,8,7403,925.4
3771,7,7380,1054.3
3772,6,7360,1226.7
3773,5,7289,1457.8
3774,7,7430,1061.4
3775,8,7473,934.1
3776,5,7381,1476.2
3777,5,7395,1479.0
3778,5,7233,1446.6
3779,5,7390,1478.0
3780,6,7432,1238.7
3781,6,7424,1237.3
3782,5,7388,1477.6
3783,4,7157,1789.2
3784,5,7407,1481.4
3785,5,7399,1479.8
3786,5,7415,1483.0
3787,4,7204,1801.0
3788,4,7200,1800.0
3789,5,7408,1481.6
3790,5,7424,1484.8
3791,5,7434,1486.8
3792,5,7407,1481.4
3793,5,7417,1483.4
3794,5,7416,1483.2
3795,5,7440,1488.0
3796,5,7443,1488.6
3797,5,7425,1485.0
3798,5,7437,1487.4
3799,5,7439,1487.8
3800,5,7432,1486.4
3801,5,7413,1482.6
3802,5,7432,1486.4
3803,5,7432,1486.4
3804,5,7454,1490.8
3805,5,7461,1492.2
3806,5,7452,1490.4
3807,5,7443,1488.6
3808,5,7452,1490.4
3809,4,6956,1739.0
3810,4,7067,1766.8
3811,4,7115,1778.8
3812,4,7075,1768.8
3813,5,7426,1485.2
3814,4,7029,1757.2
3815,5,7430,1486.0
3816,5,7415,1483.0
3817,5,7429,1485.8
3818,5,7443,1488.6
3819,5,7426,1485.2
3820,5,7444,1488.8
3821,5,7460,1492.0
3822,5,7427,1485.4
3823,5,7429,1485.8
3824,5,7445,1489.0
3825,5,7470,1494.0
3826,5,7453,1490.6
3827,5,7439,1487.8
3828,5,7465,1493.0
3829,4,6984,1746.0
3830,5,7380,1476.0
3831,5,7368,1473.6
3832,5,7376,1475.2
3833,5,7353,1470.6
3834,5,7397,1479.4
3835,7,7387,1055.3
3836,6,7376,1229.3
3837,5,7342,1468.4
3838,6,7332,1222.0
3839,5,7363,1472.6
3840,5,7401,1480.2
3841,4,7306,1826.5
3842,5,7389,1477.8
3843,6,7466,1244.3
3844,5,7415,1483.0
3845,5,7425,1485.0
3846,5,7423,1484.6
3847,6,7452,1242.0
3848,5,7276,1455.2
3849,4,7195,1798.8
3850,4,7265,1816.2
3851,5,7286,1457.2
3852,6,7458,1243.0
3853,6,7453,1242.2
3854,5,7373,1474.6
3855,4,7343,1835.8
3856,4,7374,1843.5
3857,5,7398,1479.6
3858,6,7446,1241.0
3859,4,7100,1775.0
3860,4,7368,1842.0
3861,4,7073,1768.2
3862,4,7357,1839.2
3863,3,6947,2315.7
3864,3,6978,2326.0
3865,5,7387,1477.4
3866,4,7374,1843.5
3867,4,7417,1854.2
3868,4,7401,1850.2
3869,4,7437,1859.2
3870,4,7462,1865.5
3871,4,7447,1861.8
3872,4,7479,1869.8
3873,5,7469,1493.8
3874,4,7439,1859.8
3875,4,7429,1857.2
3876,4,7415,1853.8
3877,5,7496,1499.2
3878,4,7396,1849.0
3879,5,7521,1504.2
3880,4,7480,1870.0
3881,4,7484,1871.0
3882,4,7489,1872.2
3883,4,7434,1858.5
3884,5,7467,1493.4
3885,5,7488,1497.6
3886,5,7490,1498.0
3887,5,7463,1492.6
3888,6,7517,1252.8
3889,5,7459,1491.8
3890,5,7447,1489.4
3891,5,7460,1492.0
3892,5,7467,1493.4
3893,4,7417,1854.2
3894,5,7480,1496.0
3895,3,4696,1565.3
3896,4,7393,1848.2
3897,4,7456,1864.0
3898,4,7447,1861.8
3899,4,7430,1857.5
3900,4,7428,1857.0
3901,4,7427,1856.8
3902,5,7467,1493.4
3903,5,7471,1494.2
3904,4,7477,1869.2
3905,4,7482,1870.5
3906,4,7493,1873.2
3907,4,7465,1866.2
3908,4,7445,1861.2
3909,4,7434,1858.5
3910,5,7467,1493.4
3911,4,7414,1853.5
3912,4,7402,1850.5
3913,4,7428,1857.0
3914,4,7430,1857.5
3915,4,7444,1861.0
3916,4,7432,1858.0
3917,4,7458,1864.5
3918,4,7434,1858.5
3919,4,7454,1863.5
3920,4,7463,1865.8
3921,4,7423,1855.8
3922,4,7413,1853.2
3923,4,7386,1846.5
3924,4,7414,1853.5
3925,4,7408,1852.0
3926,4,7421,1855.2
3927,4,7396,1849.0
3928,5,7438,1487.6
3929,4,7422,1855.5
3930,4,7369,1842.2
3931,4,7414,1853.5
3932,4,7392,1848.0
3933,4,7368,1842.0
3934,5,7438,1487.6
3935,4,7413,1853.2
3936,4,7367,1841.8
3937,6,7495,1249.2
3938,6,7471,1245.2
3939,5,7396,1479.2
3940,5,7415,1483.0
3941,6,7476,1246.0
3942,5,7442,1488.4
3943,5,7457,1491.4
3944,5,7466,1493.2
3945,5,7402,1480.4
3946,5,7444,1488.8
3947,5,7376,1475.2
3948,5,7435,1487.0
3949,5,7468,1493.6
3950,4,7288,1822.0
3951,5,7325,1465.0
3952,5,7355,1471.0
3953,5,7334,1466.8
3954,8,7467,933.4
3955,5,7399,1479.8
3956,4,7368,1842.0
3957,4,7337,1834.2
3958,5,7447,1489.4
3959,5,7465,1493.0
3960,4,7422,1855.5
3961,4,7427,1856.8
3962,5,7467,1493.4
3963,3,6991,2330.3
3964,4,6990,1747.5
3965,4,6993,1748.2
3966,3,6908,2302.7
3967,3,6911,2303.7
3968,4,6935,1733.8
3969,3,6778,2259.3
3970,5,7439,1487.8
3971,5,7435,1487.0
3972,4,7235,1808.8
3973,4,7220,1805.0
3974,5,7448,1489.6
3975,4,7155,1788.8
3976,4,7164,1791.0
3977,5,7398,1479.6
3978,4,7161,1790.2
3979,4,7209,1802.2
3980,4,7216,1804.0
3981,4,7274,1818.5
3982,4,7252,1813.0
3983,4,7267,1816.8
3984,4,7217,1804.2
3985,4,7231,1807.8
3986,5,7244,1448.8
3987,5,7250,1450.0
3988,6,7467,1244.5
3989,5,7313,1462.6
3990,5,7343,1468.6
3991,5,7317,1463.4
3992,6,7493,1248.8
3993,6,7480,1246.7
3994,7,7516,1073.7
3995,6,7476,1246.0
3996,5,7286,1457.2
3997,5,7261,1452.2
3998,5,7205,1441.0
3999,5,7161,1432.2
4000,5,7107,1421.4
4001,6,7184,1197.3
4002,5,7027,1405.4
4003,5,7078,1415.6
4004,5,7028,1405.6
4005,4,6746,1686.5
4006,4,6722,1680.5
4007,4,6713,1678.2
4008,5,6852,1370.4
4009,5,6864,1372.8
4010,5,6899,1379.8
4011,6,7296,1216.0
4012,6,7297,1216.2
4013,5,7237,1447.4
4014,6,7285,1214.2
4015,6,7254,1209.0
4016,7,7335,1047.9
4017,7,7280,1040.0
4018,7,7266,1038.0
4019,7,7270,1038.6
4020,6,7245,1207.5
4021,6,7221,1203.5
4022,4,6078,1519.5
4023,6,7087,1181.2
4024,6,7131,1188.5
4025,5,6729,1345.8
4026,5,6730,1346.0
4027,5,6683,1336.6
4028,6,7030,1171.7
4029,6,7042,1173.7
4030,5,6778,1355.6
4031,6,7254,1209.0
4032,6,7289,1214.8
4033,7,7532,1076.0
4034,6,7431,1238.5
4035,6,7263,1210.5
4036,7,7513,1073.3
4037,6,7266,1211.0
4038,7,7518,1074.0
4039,7,7498,1071.1
4040,6,7353,1225.5
4041,6,7402,1233.7
4042,6,7401,1233.5
4043,5,7273,1454.6
4044,5,7319,1463.8
4045,6,7412,1235.3
4046,5,7259,1451.8
4047,6,7430,1238.3
4048,6,7402,1233.7
4049,6,7432,1238.7
4050,7,7530,1075.7
4051,6,7325,1220.8
4052,6,7364,1227.3
4053,6,7413,1235.5
4054,6,7432,1238.7
4055,6,7442,1240.3
4056,6,7448,1241.3
4057,7,7538,1076.9
4058,6,7460,1243.3
4059,5,7322,1464.4
4060,5,7356,1471.2
4061,6,7397,1232.8
4062,7,7526,1075.1
4063,7,7499,1071.3
4064,7,7552,1078.9
4065,7,7577,1082.4
4066,6,7323,1220.5
4067,7,7550,1078.6
4068,7,7518,1074.0
4069,7,7535,1076.4
4070,6,7054,1175.7
4071,6,7069,1178.2
4072,7,7516,1073.7
4073,6,7027,1171.2
4074,6,7021,1170.2
4075,6,7053,1175.5
4076,6,7055,1175.8
4077,6,7111,1185.2
4078,5,6872,1374.4
4079,6,7086,1181.0
4080,5,6974,1394.8
4081,6,7157,1192.8
4082,5,6929,1385.8
4083,5,6910,1382.0
4084,5,6976,1395.2
4085,5,6961,1392.2
4086,4,6569,1642.2
4087,5,7026,1405.2
4088,5,7016,1403.2
4089,5,7034,1406.8
4090,5,7042,1408.4
4091,5,7033,1406.6
4092,6,7266,1211.0
4093,5,7038,1407.6
4094,5,7101,1420.2
4095,6,7224,1204.0
4096,5,7037,1407.4
4097,5,7129,1425.8
4098,6,7241,1206.8
4099,6,7222,1203.7
4100,5,7119,1423.8
4101,6,7205,1200.8
4102,5,7192,1438.4
4103,5,7212,1442.4
4104,6,7321,1220.2
4105,5,7142,1428.4
4106,6,7298,1216.3
4107,5,7315,1463.0
4108,5,7392,1478.4
4109,5,7241,1448.2
4110,5,7118,1423.6
4111,5,7180,1436.0
4112,5,7201,1440.2
4113,5,7210,1442.0
4114,6,7216,1202.7
4115,6,7099,1183.2
4116,6,7200,1200.0
4117,5,7216,1443.2
4118,5,7188,1437.6
4119,5,7169,1433.8
4120,6,7463,1243.8
4121,5,7214,1442.8
4122,6,7480,1246.7
4123,5,7367,1473.4
4124,6,7452,1242.0
4125,6,7488,1248.0
4126,6,7428,1238.0
4127,6,7426,1237.7
4128,6,7400,1233.3
4129,6,7390,1231.7
4130,6,7392,1232.0
4131,6,7405,1234.2
4132,6,7416,1236.0
4133,6,7466,1244.3
4134,6,7470,1245.0
4135,6,7460,1243.3
4136,6,7486,1247.7
4137,6,7524,1254.0
4138,6,7528,1254.7
4139,6,7497,1249.5
4140,6,7519,1253.2
4141,6,7539,1256.5
4142,7,7537,1076.7
4143,6,7549,1258.2
4144,7,7566,1080.9
4145,6,7518,1253.0
4146,5,7215,1443.0
4147,6,7551,1258.5
4148,6,7528,1254.7
4149,7,7560,1080.0
4150,6,7544,1257.3
4151,4,1532,383.0
4152,3,1408,469.3
4153,3,1410,470.0
4154,5,1556,311.2
4155,5,1534,306.8
4156,6,7503,1250.5
4157,6,7512,1252.0
4158,4,1524,381.0
4159,5,1556,311.2
4160,5,7406,1481.2
4161,5,7409,1481.8
4162,6,7540,1256.7
4163,6,7560,1260.0
4164,4,1536,384.0
4165,6,7541,1256.8
4166,7,7546,1078.0
4167,7,7578,1082.6
4168,5,1546,309.2
4169,5,1540,308.0
4170,5,1550,310.0
4171,5,1524,304.8
4172,5,1534,306.8
4173,6,1553,258.8
4174,5,1524,304.8
4175,4,1528,382.0
4176,4,1533,383.2
4177,4,1561,390.2
4178,3,1459,486.3
4179,4,1546,386.5
4180,4,1556,389.0
4181,3,1442,480.7
4182,3,1473,491.0
4183,4,1563,390.8
4184,3,1458,486.0
4185,3,1438,479.3
4186,4,1557,389.2
4187,4,1543,385.8
4188,4,1510,377.5
4189,3,1481,493.7
4190,3,1499,499.7
4191,3,1505,501.7
4192,4,1545,386.2
4193,3,1497,499.0
4194,3,1502,500.7
4195,4,1545,386.2
4196,5,1570,314.0
4197,4,1540,385.0
4198,4,1531,382.8
4199,3,1426,475.3
4200,3,1431,477.0
4201,3,1439,479.7
4202,3,1403,467.7
4203,3,1405,468.3
4204,3,1440,480.0
4205,3,1411,470.3
4206,3,1400,466.7
4207,2,1058,529.0
4208,3,1374,458.0
4209,5,1499,299.8
4210,4,1472,368.0
4211,4,1481,370.2
4212,4,1463,365.8
4213,4,1477,369.2
4214,4,1489,372.2
4215,3,1096,365.3
4216,3,1007,335.7
4217,5,1521,304.2
4218,3,1078,359.3
4219,3,1012,337.3
4220,4,1507,376.8
4221,3,1310,436.7
4222,3,836,278.7
4223,3,1424,474.7
4224,3,1429,476.3
4225,3,1430,476.7
4226,2,959,479.5
4227,2,923,461.5
4228,2,897,448.5
4229,2,883,441.5
4230,3,1345,448.3
4231,6,1490,248.3
4232,6,1499,249.8
4233,5,1341,268.2
4234,5,1312,262.4
4235,8,1526,190.8
4236,8,1535,191.9
4237,8,1502,187.8
4238,9,1567,174.1
4239,8,1510,188.8
4240,7,1355,193.6
4241,6,1373,228.8
4242,6,1387,231.2
4243,8,1526,190.8
4244,5,1394,278.8
4245,5,1382,276.4
4246,5,1378,275.6
4247,3,914,304.7
4248,6,1473,245.5
4249,7,1556,222.3
4250,8,1559,194.9
4251,7,1513,216.1
4252,5,1497,299.4
4253,6,1513,252.2
4254,6,1226,204.3
4255,4,1184,296.0
4256,5,1202,240.4
4257,4,1166,291.5
4258,4,1201,300.2
4259,4,1182,295.5
4260,5,1163,232.6
4261,7,1218,174.0
4262,3,918,306.0
4263,3,1243,414.3
4264,5,1286,257.2
4265,5,1504,300.8
4266,5,1225,245.0
4267,7,1526,218.0
4268,4,1227,306.8
4269,5,1510,302.0
4270,5,1508,301.6
4271,5,1519,303.8
4272,5,1536,307.2
4273,5,1506,301.2
4274,4,1269,317.2
4275,4,1312,328.0
4276,4,1300,325.0
4277,3,1178,392.7
4278,4,1246,311.5
4279,3,1229,409.7
4280,5,7247,1449.4
4281,3,6774,2258.0
4282,4,6869,1717.2
4283,4,7284,1821.0
4284,6,7313,1218.8
4285,5,1397,279.4
4286,4,1361,340.2
4287,4,1288,322.0
4288,4,1278,319.5
4289,3,1261,420.3
4290,3,1298,432.7
4291,3,1271,423.7
4292,5,7184,1436.8
4293,4,985,246.2
4294,4,6868,1717.0
4295,3,951,317.0
4296,5,1066,213.2
4297,4,1047,261.8
4298,6,1208,201.3
4299,5,1179,235.8
4300,6,1480,246.7
4301,5,1432,286.4
4302,4,1414,353.5
4303,6,7379,1229.8
4304,6,7415,1235.8
4305,5,1455,291.0
4306,6,1470,245.0
4307,5,1460,292.0
4308,5,1497,299.4
4309,4,1421,355.2
4310,5,7377,1475.4
4311,4,1410,352.5
4312,6,1474,245.7
4313,5,1465,293.0
4314,5,7402,1480.4
4315,4,1397,349.2
4316,5,1468,293.6
4317,5,1471,294.2
4318,4,1445,361.2
4319,5,7368,1473.6
4320,4,1450,362.5
4321,5,1471,294.2
4322,5,1493,298.6
4323,5,1474,294.8
4324,6,1530,255.0
4325,4,1444,361.0
4326,4,1433,358.2
4327,4,1371,342.8
4328,5,1519,303.8
4329,5,7303,1460.6
4330,4,1458,364.5
4331,5,7389,1477.8
4332,4,7310,1827.5
4333,6,7418,1236.3
4334,4,7349,1837.2
4335,3,1432,477.3
4336,3,7301,2433.7
4337,2,1285,642.5
4338,3,7200,2400.0
4339,4,7238,1809.5
4340,3,7236,2412.0
4341,4,7193,1798.2
4342,3,7203,2401.0
4343,3,7186,2395.3
4344,3,7218,2406.0
4345,3,7139,2379.7
4346,3,7176,2392.0
4347,6,7461,1243.5
4348,5,7428,1485.6
4349,5,7386,1477.2
4350,4,7303,1825.8
4351,6,7399,1233.2
4352,6,7519,1253.2
4353,5,7460,1492.0
4354,4,7114,1778.5
4355,5,7481,1496.2
4356,5,7461,1492.2
4357,5,7482,1496.4
4358,5,7457,1491.4
4359,5,7446,1489.2
4360,5,7457,1491.4
4361,5,7450,1490.0
4362,5,7453,1490.6
4363,5,7451,1490.2
4364,4,7305,1826.2
4365,5,7422,1484.4
4366,5,7423,1484.6
4367,5,7470,1494.0
4368,5,7459,1491.8
4369,5,7464,1492.8
4370,5,7470,1494.0
4371,5,7474,1494.8
4372,5,7466,1493.2
4373,5,7430,1486.0
4374,5,7422,1484.4
4375,4,7212,1803.0
4376,5,7406,1481.2
4377,4,7188,1797.0
4378,5,7436,1487.2
4379,5,7454,1490.8
4380,5,7445,1489.0
4381,5,7455,1491.0
4382,5,7404,1480.8
4383,6,7417,1236.2
4384,6,7419,1236.5
4385,6,7428,1238.0
4386,6,7427,1237.8
4387,6,7433,1238.8
4388,5,7400,1480.0
4389,5,7363,1472.6
4390,6,7442,1240.3
4391,5,7439,1487.8
4392,5,7480,1496.0
4393,5,7447,1489.4
4394,5,7421,1484.2
4395,5,7451,1490.2
4396,4,7400,1850.0
4397,4,7415,1853.8
4398,4,7403,1850.8
4399,4,7425,1856.2
4400,4,7396,1849.0
4401,4,7398,1849.5
4402,4,7362,1840.5
4403,5,7472,1494.4
4404,4,7386,1846.5
4405,5,7411,1482.2
4406,5,7445,1489.0
4407,5,7416,1483.2
4408,5,7414,1482.8
4409,5,7492,1498.4
4410,4,7419,1854.8
4411,5,7501,1500.2
4412,4,7451,1862.8
4413,4,7441,1860.2
4414,5,7517,1503.4
4415,5,7499,1499.8
4416,5,7487,1497.4
4417,4,7385,1846.2
4418,5,7504,1500.8
4419,5,7427,1485.4
4420,5,7427,1485.4
4421,5,7374,1474.8
4422,5,1533,306.6
4423,6,7437,1239.5
4424,6,7460,1243.3
4425,6,7449,1241.5
4426,6,1527,254.5
4427,4,1420,355.0
4428,4,1418,354.5
4429,5,1482,296.4
4430,4,1433,358.2
4431,5,7401,1480.2
4432,6,7475,1245.8
4433,4,7230,1807.5
4434,3,7165,2388.3
4435,5,7345,1469.0
4436,5,7295,1459.0
4437,7,7496,1070.9
4438,7,7510,1072.9
4439,6,7373,1228.8
4440,4,6783,1695.8
4441,4,7219,1804.8
4442,4,7366,1841.5
4443,4,7366,1841.5
4444,4,7375,1843.8
4445,4,7376,1844.0
4446,4,7377,1844.2
4447,4,7279,1819.8
4448,4,7313,1828.2
4449,5,7382,1476.4
4450,7,7492,1070.3
4451,6,7462,1243.7
4452,6,7456,1242.7
4453,7,7482,1068.9
4454,6,7440,1240.0
4455,5,7419,1483.8
4456,6,7412,1235.3
4457,6,7428,1238.0
4458,5,7380,1476.0
4459,5,7356,1471.2
4460,5,7343,1468.6
4461,5,7382,1476.4
4462,5,7369,1473.8
4463,5,7399,1479.8
4464,5,7413,1482.6
4465,6,7467,1244.5
4466,4,7301,1825.2
4467,4,7324,1831.0
4468,4,7317,1829.2
4469,5,7407,1481.4
4470,5,7435,1487.0
4471,4,7329,1832.2
4472,4,7324,1831.0
4473,4,7281,1820.2
4474,4,7285,1821.2
4475,4,7308,1827.0
4476,5,7411,1482.2
4477,4,7301,1825.2
4478,4,7352,1838.0
4479,4,7272,1818.0
4480,5,7321,1464.2
4481,4,7252,1813.0
4482,4,7272,1818.0
4483,4,7241,1810.2
4484,4,7318,1829.5
4485,4,7347,1836.8
4486,4,7335,1833.8
4487,4,7301,1825.2
4488,5,7315,1463.0
4489,4,7234,1808.5
4490,5,7277,1455.4
4491,4,7265,1816.2
4492,4,7224,1806.0
4493,4,7228,1807.0
4494,3,7186,2395.3
4495,3,7165,2388.3
4496,3,7127,2375.7
4497,4,7208,1802.0
4498,3,7183,2394.3
4499,3,7159,2386.3
4500,4,7227,1806.8
4501,4,7202,1800.5
4502,3,7118,2372.7
4503,3,7107,2369.0
4504,4,7163,1790.8
4505,4,7340,1835.0
4506,4,7299,1824.8
4507,3,7121,2373.7
4508,4,7122,1780.5
4509,3,7084,2361.3
4510,4,7311,1827.8
4511,3,7039,2346.3
4512,3,7098,2366.0
4513,3,7014,2338.0
4514,5,7426,1485.2
4515,3,7074,2358.0
4516,3,7078,2359.3
4517,4,7187,1796.8
4518,4,7183,1795.8
4519,4,7145,1786.2
4520,4,7244,1811.0
4521,3,7158,2386.0
4522,4,7214,1803.5
4523,4,7189,1797.2
4524,3,7162,2387.3
4525,3,7232,2410.7
4526,3,7177,2392.3
4527,4,7359,1839.8
4528,4,7347,1836.8
4529,5,7373,1474.6
4530,4,7337,1834.2
4531,4,7363,1840.8
4532,3,7230,2410.0
4533,4,7287,1821.8
4534,4,7237,1809.2
4535,5,7421,1484.2
4536,3,7216,2405.3
4537,4,7194,1798.5
4538,3,7134,2378.0
4539,3,7176,2392.0
4540,3,7197,2399.0
4541,3,7199,2399.7
4542,3,7189,2396.3
4543,4,7233,1808.2
4544,3,7241,2413.7
4545,3,7219,2406.3
4546,3,7232,2410.7
4547,4,7372,1843.0
4548,4,7401,1850.2
4549,4,7293,1823.2
4550,3,7245,2415.0
4551,3,7280,2426.7
4552,3,7277,2425.7
4553,3,7284,2428.0
4554,3,7283,2427.7
4555,3,7290,2430.0
4556,3,7287,2429.0
4557,3,7310,2436.7
4558,3,7284,2428.0
4559,4,7332,1833.0
4560,3,7306,2435.3
4561,3,7291,2430.3
4562,3,7320,2440.0
4563,4,7289,1822.2
4564,3,7206,2402.0
4565,2,7204,3602.0
4566,3,7274,2424.7
4567,3,7257,2419.0
4568,3,7296,2432.0
4569,3,7300,2433.3
4570,2,7191,3595.5
4571,3,7245,2415.0
4572,4,7345,1836.2
4573,4,7341,1835.2
4574,3,7293,2431.0
4575,4,7365,1841.2
4576,4,7406,1851.5
4577,4,7442,1860.5
4578,4,7417,1854.2
4579,3,7397,2465.7
4580,2,7285,3642.5
4581,2,7294,3647.0
4582,3,7318,2439.3
4583,3,7309,2436.3
4584,2,7309,3654.5
4585,3,7310,2436.7
4586,2,7282,3641.0
4587,2,7168,3584.0
4588,2,7225,3612.5
4589,2,7190,3595.0
4590,2,7166,3583.0
4591,2,7252,3626.0
4592,2,7227,3613.5
4593,2,7211,3605.5
4594,2,7192,3596.0
4595,2,7226,3613.0
4596,2,7261,3630.5
4597,2,7242,3621.0
4598,2,7239,3619.5
4599,2,7251,3625.5
4600,3,7406,2468.7
4601,2,7324,3662.0
4602,3,7406,2468.7
4603,3,7404,2468.0
4604,3,7420,2473.3
4605,2,7298,3649.0
4606,3,7420,2473.3
4607,3,7425,2475.0
4608,2,7352,3676.0
4609,2,7329,3664.5
4610,3,7416,2472.0
4611,2,7376,3688.0
4612,2,7333,3666.5
4613,2,7352,3676.0
4614,2,7382,3691.0
4615,2,7332,3666.0
4616,2,7358,3679.0
4617,3,7387,2462.3
4618,2,7396,3698.0
4619,2,7395,3697.5
4620,2,7374,3687.0
4621,2,7382,3691.0
4622,2,7391,3695.5
4623,2,7413,3706.5
4624,2,7405,3702.5
4625,2,7407,3703.5
4626,2,7391,3695.5
4627,2,7398,3699.0
4628,2,7373,3686.5
4629,3,7424,2474.7
4630,2,7364,3682.0
4631,2,7366,3683.0
4632,2,7370,3685.0
4633,3,7395,2465.0
4634,2,7394,3697.0
4635,2,7419,3709.5
4636,2,7395,3697.5
4637,2,7390,3695.0
4638,2,7411,3705.5
4639,2,7418,3709.0
4640,2,7429,3714.5
4641,2,7401,3700.5
4642,2,7413,3706.5
4643,2,7430,3715.0
4644,2,7398,3699.0
4645,2,7397,3698.5
4646,2,7397,3698.5
4647,2,7406,3703.0
4648,2,7400,3700.0
4649,2,7410,3705.0
4650,2,7415,3707.5
4651,2,7401,3700.5
4652,2,7383,3691.5
4653,2,7383,3691.5
4654,2,7379,3689.5
4655,2,7396,3698.0
4656,2,7409,3704.5
4657,2,7393,3696.5
4658,2,7398,3699.0
4659,2,7372,3686.0
4660,2,7390,3695.0
4661,2,7389,3694.5
4662,2,7413,3706.5
4663,2,7400,3700.0
4664,2,7372,3686.0
4665,3,7416,2472.0
4666,2,7387,3693.5
4667,3,7424,2474.7
4668,3,7413,2471.0
4669,2,7372,3686.0
4670,2,7385,3692.5
4671,2,7369,3684.5
4672,2,7384,3692.0
4673,2,7378,3689.0
4674,2,7377,3688.5
4675,2,7364,3682.0
4676,2,7369,3684.5
4677,2,7409,3704.5
4678,2,7368,3684.0
4679,2,7380,3690.0
4680,2,7358,3679.0
4681,2,7394,3697.0
4682,2,7427,3713.5
4683,2,7388,3694.0
4684,2,7349,3674.5
4685,2,7366,3683.0
4686,2,7393,3696.5
4687,2,7372,3686.0
4688,2,7374,3687.0
4689,2,7352,3676.0
4690,2,7360,3680.0
4691,2,7370,3685.0
4692,2,7354,3677.0
4693,3,7386,2462.0
4694,2,7362,3681.0
4695,2,7373,3686.5
4696,2,7355,3677.5
4697,2,7320,3660.0
4698,2,7301,3650.5
4699,2,7306,3653.0
4700,3,7392,2464.0
4701,2,7327,3663.5
4702,3,7361,2453.7
4703,2,7316,3658.0
4704,2,7328,3664.0
4705,2,7346,3673.0
4706,3,7385,2461.7
4707,2,7343,3671.5
4708,2,7364,3682.0
4709,3,7410,2470.0
4710,3,7377,2459.0
4711,2,7347,3673.5
4712,2,7336,3668.0
4713,2,7327,3663.5
4714,2,7352,3676.0
4715,2,7338,3669.0
4716,2,7358,3679.0
4717,2,7362,3681.0
4718,2,7327,3663.5
4719,2,7332,3666.0
4720,2,7360,3680.0
4721,3,7392,2464.0
4722,3,7358,2452.7
4723,2,7300,3650.0
4724,2,7327,3663.5
4725,2,7335,3667.5
4726,2,7332,3666.0
4727,2,7379,3689.5
4728,2,7356,3678.0
4729,2,7351,3675.5
4730,3,7375,2458.3
4731,3,7351,2450.3
4732,4,7425,1856.2
4733,3,7404,2468.0
4734,3,7382,2460.7
4735,3,7375,2458.3
4736,3,7384,2461.3
4737,2,7265,3632.5
4738,3,7377,2459.0
4739,3,7377,2459.0
4740,3,7357,2452.3
4741,3,7396,2465.3
4742,3,7402,2467.3
4743,2,7297,3648.5
4744,2,7316,3658.0
4745,3,7383,2461.0
4746,3,7392,2464.0
4747,3,7390,2463.3
4748,3,7392,2464.0
4749,3,7370,2456.7
4750,3,7390,2463.3
4751,3,7413,2471.0
4752,2,7308,3654.0
4753,2,7307,3653.5
4754,3,7420,2473.3
4755,2,7357,3678.5
4756,3,7441,2480.3
4757,2,7331,3665.5
4758,2,7290,3645.0
4759,2,7286,3643.0
4760,3,7384,2461.3
4761,2,7263,3631.5
4762,2,7248,3624.0
4763,3,7364,2454.7
4764,3,7383,2461.0
4765,2,7289,3644.5
4766,3,7399,2466.3
4767,2,7249,3624.5
4768,3,7410,2470.0
4769,2,7197,3598.5
4770,3,7392,2464.0
4771,2,7158,3579.0
4772,2,7172,3586.0
4773,2,7167,3583.5
4774,2,7170,3585.0
4775,3,7386,2462.0
4776,3,7385,2461.7
4777,3,7409,2469.7
4778,3,7398,2466.0
4779,3,7397,2465.7
4780,3,7402,2467.3
4781,3,7406,2468.7
4782,3,7395,2465.0
4783,2,7219,3609.5
4784,2,7215,3607.5
4785,2,7234,3617.0
4786,2,7157,3578.5
4787,3,7399,2466.3
4788,3,7405,2468.3
4789,2,7139,3569.5
4790,3,7399,2466.3
4791,2,7171,3585.5
4792,2,7191,3595.5
4793,2,7244,3622.0
4794,2,7270,3635.0
4795,2,7266,3633.0
4796,3,7343,2447.7
4797,2,7289,3644.5
4798,2,7285,3642.5
4799,2,7300,3650.0
4800,2,7248,3624.0
4801,2,7274,3637.0
4802,3,7357,2452.3
4803,3,7374,2458.0
4804,2,7334,3667.0
4805,4,7413,1853.2
4806,3,7384,2461.3
4807,2,7369,3684.5
4808,2,7365,3682.5
4809,2,7377,3688.5
4810,2,7372,3686.0
4811,2,7373,3686.5
4812,2,7389,3694.5
4813,2,7385,3692.5
4814,2,7384,3692.0
4815,2,7382,3691.0
4816,2,7365,3682.5
4817,2,7375,3687.5
4818,2,7352,3676.0
4819,2,7331,3665.5
4820,2,7324,3662.0
4821,2,7304,3652.0
4822,2,7261,3630.5
4823,2,7280,3640.0
4824,2,7281,3640.5
4825,2,7294,3647.0
4826,3,7362,2454.0
4827,3,7378,2459.3
4828,2,7290,3645.0
4829,3,7313,2437.7
4830,3,7327,2442.3
4831,3,7330,2443.3
4832,3,7378,2459.3
4833,4,7421,1855.2
4834,3,7374,2458.0
4835,3,7405,2468.3
4836,3,7378,2459.3
4837,2,7359,3679.5
4838,2,7377,3688.5
4839,2,7374,3687.0
4840,2,7419,3709.5
4841,2,7375,3687.5
4842,2,7385,3692.5
4843,2,7403,3701.5
4844,2,7397,3698.5
4845,2,7378,3689.0
4846,2,7392,3696.0
4847,2,7378,3689.0
4848,2,7385,3692.5
4849,2,7377,3688.5
4850,2,7383,3691.5
4851,2,7434,3717.0
4852,2,7403,3701.5
4853,2,7406,3703.0
4854,2,7385,3692.5
4855,2,7385,3692.5
4856,2,7355,3677.5
4857,2,7371,3685.5
4858,2,7345,3672.5
4859,2,7330,3665.0
4860,3,7364,2454.7
4861,2,7293,3646.5
4862,2,7326,3663.0
4863,2,7371,3685.5
4864,2,7375,3687.5
4865,2,7372,3686.0
4866,2,7364,3682.0
4867,2,7352,3676.0
4868,2,7357,3678.5
4869,2,7357,3678.5
4870,2,7366,3683.0
4871,2,7395,3697.5
4872,3,7385,2461.7
4873,3,7362,2454.0
4874,3,7355,2451.7
4875,3,7374,2458.0
4876,2,7323,3661.5
4877,2,7322,3661.0
4878,2,7346,3673.0
4879,2,7323,3661.5
4880,2,7349,3674.5
4881,2,7349,3674.5
4882,2,7353,3676.5
4883,2,7350,3675.0
4884,2,7361,3680.5
4885,3,7392,2464.0
4886,2,7338,3669.0
4887,2,7363,3681.5
4888,2,7342,3671.0
4889,2,7357,3678.5
4890,2,7372,3686.0
4891,2,7363,3681.5
4892,2,7340,3670.0
4893,2,7338,3669.0
4894,2,7355,3677.5
4895,2,7406,3703.0
4896,2,7373,3686.5
4897,2,7376,3688.0
4898,2,7357,3678.5
4899,2,7368,3684.0
4900,2,7409,3704.5
4901,2,7400,3700.0
4902,2,7392,3696.0
4903,2,7389,3694.5
4904,2,7419,3709.5
4905,2,7409,3704.5
4906,2,7419,3709.5
4907,2,7402,3701.0
4908,2,7398,3699.0
4909,2,7414,3707.0
4910,2,7398,3699.0
4911,2,7397,3698.5
4912,2,7398,3699.0
4913,2,7399,3699.5
4914,2,7388,3694.0
4915,2,7406,3703.0
4916,2,7399,3699.5
4917,2,7392,3696.0
4918,2,7375,3687.5
4919,2,7390,3695.0
4920,2,7377,3688.5
4921,2,7383,3691.5
4922,2,7385,3692.5
4923,3,7406,2468.7
4924,3,7402,2467.3
4925,3,7393,2464.3
4926,2,7359,3679.5
4927,2,7341,3670.5
4928,3,7379,2459.7
4929,3,7377,2459.0
4930,3,7385,2461.7
4931,2,7354,3677.0
4932,2,7323,3661.5
4933,2,7332,3666.0
4934,2,7354,3677.0
4935,3,7356,2452.0
4936,2,7308,3654.0
4937,0,0,0.0
4938,2,7336,3668.0
4939,0,0,0.0
4940,2,7336,3668.0
4941,2,7339,3669.5
4942,2,7359,3679.5
4943,3,7359,2453.0
4944,2,7321,3660.5
4945,2,7374,3687.0
4946,2,7354,3677.0
4947,2,7366,3683.0
4948,2,7360,3680.0
4949,2,7349,3674.5
4950,2,7361,3680.5
4951,2,7376,3688.0
4952,2,7376,3688.0
4953,2,7364,3682.0
4954,2,7349,3674.5
4955,2,7389,3694.5
4956,2,7349,3674.5
4957,3,7413,2471.0
4958,2,7372,3686.0
4959,3,7414,2471.3
4960,2,7353,3676.5
4961,2,7336,3668.0
4962,2,7339,3669.5
4963,0,0,0.0
4964,0,0,0.0
4965,3,7426,2475.3
4966,3,7442,2480.7
4967,3,7414,2471.3
4968,2,7329,3664.5
4969,3,7406,2468.7
4970,2,7264,3632.0
4971,2,7237,3618.5
4972,2,7250,3625.0
4973,2,7239,3619.5
4974,3,7406,2468.7
4975,3,7413,2471.0
4976,3,7426,2475.3
4977,3,7426,2475.3
4978,3,7434,2478.0
4979,3,7406,2468.7
4980,3,7410,2470.0
4981,3,7418,2472.7
4982,3,7420,2473.3
4983,3,7411,2470.3
4984,3,7404,2468.0
4985,3,7412,2470.7
4986,3,7414,2471.3
4987,1,181,181.0
4988,1,214,214.0
4989,2,7177,3588.5
4990,2,7195,3597.5
4991,2,7173,3586.5
4992,0,0,0.0
4993,0,0,0.0
4994,2,7205,3602.5
4995,2,7256,3628.0
4996,3,7413,2471.0
4997,3,7292,2430.7
4998,2,7325,3662.5
4999,2,101,50.5
5000,1,46,46.0
5001,2,112,56.0
5002,1,44,44.0
5003,3,7328,2442.7
5004,4,7378,1844.5
5005,4,7392,1848.0
5006,3,7385,2461.7
5007,2,7314,3657.0
5008,2,7290,3645.0
5009,2,7295,3647.5
5010,2,7273,3636.5
5011,3,7297,2432.3
5012,2,7286,3643.0
5013,2,7233,3616.5
5014,2,7244,3622.0
5015,2,7244,3622.0
5016,2,7258,3629.0
5017,2,7293,3646.5
5018,2,7323,3661.5
5019,2,7316,3658.0
5020,3,7353,2451.0
5021,2,7275,3637.5
5022,2,7273,3636.5
5023,2,7298,3649.0
5024,4,7375,1843.8
5025,3,7350,2450.0
5026,2,7267,3633.5
5027,3,7337,2445.7
5028,3,7330,2443.3
5029,4,7377,1844.2
5030,3,7357,2452.3
5031,2,7271,3635.5
5032,2,7283,3641.5
5033,2,7287,3643.5
5034,2,7302,3651.0
5035,2,7318,3659.0
5036,3,7366,2455.3
5037,2,7342,3671.0
5038,2,7341,3670.5
5039,2,7314,3657.0
5040,2,7327,3663.5
5041,2,7307,3653.5
5042,2,7312,3656.0
5043,2,7311,3655.5
5044,2,7261,3630.5
5045,3,7280,2426.7
5046,2,7256,3628.0
5047,3,7319,2439.7
5048,2,7268,3634.0
5049,2,7258,3629.0
5050,2,7251,3625.5
5051,2,7210,3605.0
5052,2,7254,3627.0
5053,2,7226,3613.0
5054,2,7206,3603.0
5055,2,7178,3589.0
5056,2,7146,3573.0
5057,2,7156,3578.0
5058,2,7157,3578.5
5059,3,7388,2462.7
5060,2,7233,3616.5
5061,3,7406,2468.7
5062,2,7175,3587.5
5063,3,7357,2452.3
5064,3,7354,2451.3
5065,3,7378,2459.3
5066,4,7399,1849.8
5067,3,7245,2415.0
5068,2,7275,3637.5
5069,3,7381,2460.3
5070,3,7358,2452.7
5071,3,7378,2459.3
5072,3,7382,2460.7
5073,3,7377,2459.0
5074,4,7408,1852.0
5075,3,7378,2459.3
5076,3,7385,2461.7
5077,3,7434,2478.0
5078,3,7405,2468.3
5079,3,7386,2462.0
5080,3,7390,2463.3
5081,3,7376,2458.7
5082,2,7239,3619.5
5083,3,7399,2466.3
5084,3,7373,2457.7
5085,1,35,35.0
5086,2,7400,3700.0
5087,2,7407,3703.5
5088,2,7405,3702.5
5089,2,7401,3700.5
5090,2,7395,3697.5
5091,2,7401,3700.5
5092,2,7376,3688.0
5093,2,7349,3674.5
5094,2,7324,3662.0
5095,2,7354,3677.0
5096,2,7339,3669.5
5097,2,7361,3680.5
5098,3,7382,2460.7
5099,2,7372,3686.0
5100,2,7354,3677.0
5101,2,7363,3681.5
5102,2,7347,3673.5
5103,2,7341,3670.5
5104,2,7355,3677.5
5105,2,7354,3677.0
5106,2,7352,3676.0
5107,2,7357,3678.5
5108,2,7380,3690.0
5109,2,7362,3681.0
5110,2,7371,3685.5
5111,2,7373,3686.5
5112,2,7368,3684.0
5113,2,7364,3682.0
5114,2,7340,3670.0
5115,2,7380,3690.0
5116,2,7365,3682.5
5117,2,7368,3684.0
5118,2,7375,3687.5
5119,2,7359,3679.5
5120,2,7342,3671.0
5121,0,0,0.0
5122,2,7319,3659.5
5123,2,7320,3660.0
5124,2,7295,3647.5
5125,2,7299,3649.5
5126,2,7318,3659.0
5127,2,7301,3650.5
5128,2,7318,3659.0
5129,2,7296,3648.0
5130,2,7275,3637.5
5131,2,7273,3636.5
5132,3,7310,2436.7
5133,2,7200,3600.0
5134,2,7240,3620.0
5135,2,7231,3615.5
5136,3,7327,2442.3
5137,2,7218,3609.0
5138,3,7313,2437.7
5139,3,7314,2438.0
5140,3,7312,2437.3
5141,3,7318,2439.3
5142,3,7335,2445.0
5143,3,7343,2447.7
5144,2,7115,3557.5
5145,2,7116,3558.0
5146,2,7068,3534.0
5147,2,7047,3523.5
5148,3,7114,2371.3
5149,2,6990,3495.0
5150,4,7319,1829.8
5151,3,7283,2427.7
5152,3,7287,2429.0
5153,3,7341,2447.0
5154,3,7341,2447.0
5155,2,7101,3550.5
5156,3,7275,2425.0
5157,3,7303,2434.3
5158,3,7315,2438.3
5159,1,238,238.0
5160,3,7287,2429.0
5161,3,7271,2423.7
5162,3,7301,2433.7
5163,3,7280,2426.7
5164,3,7277,2425.7
5165,3,7273,2424.3
5166,3,7281,2427.0
5167,3,7307,2435.7
5168,3,7280,2426.7
5169,3,7279,2426.3
5170,3,7294,2431.3
5171,3,7324,2441.3
5172,3,7324,2441.3
5173,4,7365,1841.2
5174,4,7369,1842.2
5175,4,7362,1840.5
5176,3,7322,2440.7
5177,3,7326,2442.0
5178,3,7310,2436.7
5179,3,7329,2443.0
5180,3,7287,2429.0
5181,3,7287,2429.0
5182,3,7258,2419.3
5183,3,7266,2422.0
5184,3,7294,2431.3
5185,3,7308,2436.0
5186,3,7280,2426.7
5187,3,7322,2440.7
5188,3,7305,2435.0
5189,3,7295,2431.7
5190,3,7308,2436.0
5191,3,7300,2433.3
5192,4,7363,1840.8
5193,4,7329,1832.2
5194,3,7335,2445.0
5195,3,7308,2436.0
5196,3,7315,2438.3
5197,2,7328,3664.0
5198,3,7343,2447.7
5199,3,7337,2445.7
5200,3,7292,2430.7
5201,3,7325,2441.7
5202,3,7318,2439.3
5203,3,7330,2443.3
5204,3,7349,2449.7
5205,3,7342,2447.3
5206,3,7369,2456.3
5207,2,7342,3671.0
5208,3,7389,2463.0
5209,2,232,116.0
5210,2,251,125.5
5211,2,200,100.0
5212,2,209,104.5
5213,2,194,97.0
5214,3,7308,2436.0
5215,2,160,80.0
5216,2,189,94.5
5217,2,7300,3650.0
5218,3,7356,2452.0
5219,2,7318,3659.0
5220,2,7322,3661.0
5221,2,7329,3664.5
5222,2,7322,3661.0
5223,1,174,174.0
5224,2,7325,3662.5
5225,2,7329,3664.5
5226,2,7320,3660.0
5227,1,135,135.0
5228,1,110,110.0
5229,2,7322,3661.0
5230,2,7320,3660.0
5231,2,7314,3657.0
5232,2,7319,3659.5
5233,2,133,66.5
5234,2,7269,3634.5
5235,2,7335,3667.5
5236,1,7209,7209.0
5237,0,0,0.0
5238,1,7269,7269.0
5239,2,7322,3661.0
5240,2,7335,3667.5
5241,2,7306,3653.0
5242,1,7239,7239.0
5243,1,7243,7243.0
5244,2,7307,3653.5
5245,3,7322,2440.7
5246,1,7243,7243.0
5247,1,45,45.0
5248,2,7292,3646.0
5249,2,7316,3658.0
5250,1,55,55.0
5251,0,0,0.0
5252,1,7281,7281.0
5253,1,7302,7302.0
5254,1,7324,7324.0
5255,1,7290,7290.0
5256,1,7319,7319.0
5257,1,7315,7315.0
5258,1,7299,7299.0
5259,1,7298,7298.0
5260,1,7269,7269.0
5261,1,7240,7240.0
5262,2,7361,3680.5
5263,2,7364,3682.0
5264,2,7348,3674.0
5265,1,7250,7250.0
5266,2,7329,3664.5
5267,2,7341,3670.5
5268,1,7294,7294.0
5269,1,7262,7262.0
5270,1,7246,7246.0
5271,2,7330,3665.0
5272,2,7324,3662.0
5273,1,7224,7224.0
5274,1,7262,7262.0
5275,1,7245,7245.0
5276,2,7333,3666.5
5277,1,7257,7257.0
5278,1,7255,7255.0
5279,2,7377,3688.5
5280,1,7281,7281.0
5281,1,7215,7215.0
5282,1,7262,7262.0
5283,1,7294,7294.0
5284,0,0,0.0
5285,1,7370,7370.0
5286,1,7355,7355.0
5287,1,7415,7415.0
5288,1,7422,7422.0
5289,1,7378,7378.0
5290,0,0,0.0
5291,0,0,0.0
5292,1,7378,7378.0
5293,1,7455,7455.0
5294,1,7412,7412.0
5295,0,0,0.0
5296,0,0,0.0
5297,1,7381,7381.0
5298,1,7376,7376.0
5299,1,7409,7409.0
5300,1,7412,7412.0
5301,1,7413,7413.0
5302,1,7387,7387.0
5303,2,7429,3714.5
5304,2,7437,3718.5
5305,1,7332,7332.0
5306,1,7341,7341.0
5307,0,0,0.0
5308,1,7341,7341.0
5309,0,0,0.0
5310,2,7427,3713.5
5311,1,7347,7347.0
5312,1,7345,7345.0
5313,2,7434,3717.0
5314,2,7431,3715.5
5315,1,7338,7338.0
5316,2,7427,3713.5
5317,1,7339,7339.0
5318,2,7411,3705.5
5319,1,7335,7335.0
5320,2,7455,3727.5
5321,2,7449,3724.5
5322,1,7301,7301.0
5323,2,7466,3733.0
5324,2,7468,3734.0
5325,1,7357,7357.0
5326,1,7328,7328.0
5327,1,7349,7349.0
5328,1,7352,7352.0
5329,1,7369,7369.0
5330,2,7437,3718.5
5331,1,7382,7382.0
5332,1,7338,7338.0
5333,2,7460,3730.0
5334,1,7328,7328.0
5335,1,7331,7331.0
5336,2,7422,3711.0
5337,2,7426,3713.0
5338,2,7446,3723.0
5339,2,7433,3716.5
5340,2,7425,3712.5
5341,2,7435,3717.5
5342,2,7404,3702.0
5343,2,7421,3710.5
5344,1,7311,7311.0
5345,1,7333,7333.0
5346,2,7399,3699.5
5347,2,7401,3700.5
5348,2,7418,3709.0
5349,2,7432,3716.0
5350,2,7418,3709.0
5351,1,7375,7375.0
5352,1,7361,7361.0
5353,1,7355,7355.0
5354,1,7372,7372.0
5355,1,7332,7332.0
5356,1,7334,7334.0
5357,1,7303,7303.0
5358,1,7309,7309.0
5359,1,7434,7434.0
5360,1,7434,7434.0
5361,1,7434,7434.0
5362,0,0,0.0
5363,1,7418,7418.0
5364,2,7454,3727.0
5365,1,7425,7425.0
5366,2,7469,3734.5
5367,1,7427,7427.0
5368,0,0,0.0
5369,1,35,35.0
5370,1,35,35.0
5371,1,35,35.0
5372,1,35,35.0
5373,2,7476,3738.0
5374,2,70,35.0
5375,1,43,43.0
5376,2,7448,3724.0
5377,1,7420,7420.0
5378,3,112,37.3
5379,0,0,0.0
5380,1,35,35.0
5381,2,68,34.0
5382,2,82,41.0
5383,1,48,48.0
5384,2,7504,3752.0
5385,3,7532,2510.7
5386,1,35,35.0
5387,2,84,42.0
5388,2,83,41.5
5389,3,7537,2512.3
5390,4,7567,1891.8
5391,2,7504,3752.0
5392,3,7539,2513.0
5393,3,7546,2515.3
5394,3,7529,2509.7
5395,3,7525,2508.3
5396,2,7459,3729.5
5397,2,7453,3726.5
5398,2,7434,3717.0
5399,1,7399,7399.0
5400,2,7441,3720.5
5401,3,7490,2496.7
5402,3,7495,2498.3
5403,2,7451,3725.5
5404,1,35,35.0
5405,0,0,0.0
5406,1,7406,7406.0
5407,1,7413,7413.0
5408,2,7467,3733.5
5409,1,7434,7434.0
5410,1,7427,7427.0
5411,1,7420,7420.0
5412,1,7420,7420.0
5413,1,7427,7427.0
5414,1,7406,7406.0
5415,1,7427,7427.0
5416,1,7420,7420.0
5417,1,7406,7406.0
5418,1,7406,7406.0
5419,2,7446,3723.0
5420,2,7446,3723.0
5421,2,7453,3726.5
5422,2,7446,3723.0
5423,1,7413,7413.0
5424,1,7406,7406.0
5425,1,7399,7399.0
5426,1,7406,7406.0
5427,1,7399,7399.0
5428,1,7427,7427.0
5429,2,7455,3727.5
5430,1,7434,7434.0
5431,1,7434,7434.0
5432,2,7466,3733.0
5433,2,7468,3734.0
5434,2,7484,3742.0
5435,1,7448,7448.0
5436,1,7441,7441.0
5437,2,7480,3740.0
5438,1,7427,7427.0
5439,2,7455,3727.5
5440,1,7420,7420.0
5441,1,7420,7420.0
5442,2,7469,3734.5
5443,2,7490,3745.0
5444,2,7464,3732.0
5445,3,7532,2510.7
5446,3,7546,2515.3
5447,3,7530,2510.0
5448,2,7490,3745.0
5449,3,7525,2508.3
5450,2,7476,3738.0
5451,2,7455,3727.5
5452,1,7420,7420.0
5453,1,7420,7420.0
5454,1,7448,7448.0
5455,1,7462,7462.0
5456,1,7469,7469.0
5457,1,7462,7462.0
5458,1,7469,7469.0
5459,1,7469,7469.0
5460,1,7434,7434.0
5461,1,7427,7427.0
5462,1,7420,7420.0
5463,1,7427,7427.0
5464,1,7427,7427.0
5465,1,7462,7462.0
5466,1,7441,7441.0
5467,1,7462,7462.0
5468,1,7462,7462.0
5469,1,7462,7462.0
5470,1,7448,7448.0
5471,1,7455,7455.0
5472,1,7455,7455.0
5473,1,7455,7455.0
5474,1,7448,7448.0
5475,1,7441,7441.0
5476,1,7455,7455.0
5477,1,7441,7441.0
5478,1,7448,7448.0
5479,1,7441,7441.0
5480,1,7448,7448.0
5481,1,7427,7427.0
5482,1,7434,7434.0
5483,1,7406,7406.0
5484,2,7447,3723.5
5485,2,7448,3724.0
5486,2,7448,3724.0
5487,2,7448,3724.0
5488,2,7441,3720.5
5489,1,7434,7434.0
5490,2,7462,3731.0
5491,1,7441,7441.0
5492,1,7413,7413.0
5493,1,7399,7399.0
5494,1,7399,7399.0
5495,1,7399,7399.0
5496,1,7385,7385.0
5497,1,7399,7399.0
5498,1,7399,7399.0
5499,1,7413,7413.0
5500,1,7420,7420.0
5501,1,7420,7420.0
5502,1,7420,7420.0
5503,1,7427,7427.0
5504,1,7434,7434.0
5505,1,7455,7455.0
5506,1,7462,7462.0
5507,1,7441,7441.0
5508,1,7448,7448.0
5509,1,7448,7448.0
5510,1,7462,7462.0
5511,1,7455,7455.0
5512,1,7455,7455.0
5513,1,7462,7462.0
5514,1,7462,7462.0
5515,1,7476,7476.0
5516,1,7469,7469.0
5517,1,7483,7483.0
5518,1,7497,7497.0
5519,1,7497,7497.0
5520,1,7476,7476.0
5521,1,7483,7483.0
5522,1,7483,7483.0
5523,1,7476,7476.0
5524,1,7476,7476.0
5525,1,7483,7483.0
5526,1,7469,7469.0
5527,1,7483,7483.0
5528,1,7490,7490.0
5529,1,7476,7476.0
5530,1,7497,7497.0
5531,1,7490,7490.0
5532,1,7511,7511.0
5533,1,7511,7511.0
5534,1,7497,7497.0
5535,1,7511,7511.0
5536,1,7497,7497.0
5537,1,7497,7497.0
5538,1,7483,7483.0
5539,1,7483,7483.0
5540,1,7469,7469.0
5541,1,7455,7455.0
5542,1,7469,7469.0
5543,1,7455,7455.0
5544,1,7462,7462.0
5545,1,7469,7469.0
5546,1,7462,7462.0
5547,1,7462,7462.0
5548,1,7483,7483.0
5549,1,7476,7476.0
5550,1,7469,7469.0
5551,1,7490,7490.0
5552,1,7476,7476.0
5553,1,7455,7455.0
5554,1,7462,7462.0
5555,1,7462,7462.0
5556,1,7483,7483.0
5557,1,7469,7469.0
5558,1,7462,7462.0
5559,1,7476,7476.0
5560,1,7476,7476.0
5561,1,7483,7483.0
5562,1,7490,7490.0
5563,1,7490,7490.0
5564,1,7476,7476.0
5565,1,7483,7483.0
5566,1,7483,7483.0
5567,1,7490,7490.0
5568,1,7483,7483.0
5569,1,7490,7490.0
5570,1,7497,7497.0
5571,1,7504,7504.0
5572,1,7504,7504.0
5573,1,7483,7483.0
5574,1,7469,7469.0
5575,1,7497,7497.0
5576,1,7483,7483.0
5577,1,7504,7504.0
5578,1,7476,7476.0
5579,1,7490,7490.0
5580,1,7497,7497.0
5581,1,7511,7511.0
5582,1,7511,7511.0
5583,1,7511,7511.0
5584,1,7518,7518.0
5585,1,7525,7525.0
5586,1,7511,7511.0
5587,1,7511,7511.0
5588,1,7504,7504.0
5589,1,7504,7504.0
5590,1,7525,7525.0
5591,1,7504,7504.0
5592,1,7504,7504.0
5593,1,7504,7504.0
5594,1,7518,7518.0
5595,1,7511,7511.0
5596,1,7490,7490.0
5597,1,7483,7483.0
5598,1,7497,7497.0
5599,1,7511,7511.0
5600,1,7511,7511.0
5601,1,7525,7525.0
5602,1,7504,7504.0
5603,1,7518,7518.0
5604,1,7539,7539.0
5605,1,7539,7539.0
5606,1,7553,7553.0
5607,1,7560,7560.0
5608,1,7546,7546.0
5609,1,7532,7532.0
5610,1,7539,7539.0
5611,1,7539,7539.0
5612,1,7553,7553.0
5613,1,7525,7525.0
5614,1,7532,7532.0
5615,1,7525,7525.0
5616,1,7532,7532.0
5617,1,7539,7539.0
5618,1,7539,7539.0
5619,1,7532,7532.0
5620,1,7532,7532.0
5621,1,7532,7532.0
5622,1,7525,7525.0
5623,1,7546,7546.0
5624,1,7532,7532.0
5625,1,7539,7539.0
5626,1,7525,7525.0
5627,1,7532,7532.0
5628,1,7518,7518.0
5629,1,7539,7539.0
5630,1,7518,7518.0
5631,1,7518,7518.0
5632,1,7525,7525.0
5633,1,7532,7532.0
5634,1,7532,7532.0
5635,1,7525,7525.0
5636,1,7504,7504.0
5637,1,7504,7504.0
5638,1,7511,7511.0
5639,1,7476,7476.0
5640,1,7497,7497.0
5641,1,7497,7497.0
5642,1,7511,7511.0
5643,1,7539,7539.0
5644,1,7532,7532.0
5645,1,7532,7532.0
5646,1,7525,7525.0
5647,1,7518,7518.0
5648,1,7525,7525.0
5649,1,7525,7525.0
5650,1,7539,7539.0
5651,1,7525,7525.0
5652,1,7546,7546.0
5653,1,7532,7532.0
5654,1,7511,7511.0
5655,1,7511,7511.0
5656,1,7518,7518.0
5657,1,7546,7546.0
5658,1,7532,7532.0
5659,1,7546,7546.0
5660,1,7553,7553.0
5661,1,7546,7546.0
5662,1,7539,7539.0
5663,1,7546,7546.0
5664,1,7539,7539.0
5665,1,7560,7560.0
5666,1,7546,7546.0
5667,1,7553,7553.0
5668,1,7553,7553.0
5669,2,7588,3794.0
5670,2,7588,3794.0
5671,1,7546,7546.0
5672,1,7539,7539.0
5673,1,7532,7532.0
5674,1,7532,7532.0
5675,1,7518,7518.0
5676,1,7511,7511.0
5677,1,7518,7518.0
5678,1,7525,7525.0
5679,1,7525,7525.0
5680,1,7532,7532.0
5681,1,7532,7532.0
5682,1,7518,7518.0
5683,1,7525,7525.0
5684,1,7518,7518.0
5685,1,7511,7511.0
5686,1,7518,7518.0
5687,1,7525,7525.0
5688,1,7518,7518.0
5689,1,7511,7511.0
5690,1,7518,7518.0
5691,1,7539,7539.0
5692,1,7525,7525.0
5693,1,7525,7525.0
5694,1,7553,7553.0
5695,1,7532,7532.0
5696,1,7539,7539.0
5697,1,7560,7560.0
5698,1,7553,7553.0
5699,1,7539,7539.0
5700,1,7525,7525.0
5701,1,7532,7532.0
5702,1,7511,7511.0
5703,1,7497,7497.0
5704,1,7497,7497.0
5705,1,7511,7511.0
5706,1,7539,7539.0
5707,1,7539,7539.0
5708,1,7518,7518.0
5709,1,7546,7546.0
5710,1,7518,7518.0
5711,1,7504,7504.0
5712,1,7483,7483.0
5713,1,7504,7504.0
5714,1,7504,7504.0
5715,1,7511,7511.0
5716,1,7504,7504.0
5717,2,7560,3780.0
5718,2,7567,3783.5
5719,1,7504,7504.0
5720,2,7560,3780.0
5721,2,7560,3780.0
5722,3,7581,2527.0
5723,2,7546,3773.0
5724,3,7581,2527.0
5725,1,7518,7518.0
5726,1,7532,7532.0
5727,1,7525,7525.0
5728,1,7525,7525.0
5729,1,7511,7511.0
5730,1,7511,7511.0
5731,1,7525,7525.0
5732,1,7511,7511.0
5733,1,7539,7539.0
5734,1,7525,7525.0
5735,1,7525,7525.0
5736,1,7518,7518.0
5737,1,7518,7518.0
5738,1,7539,7539.0
5739,1,7525,7525.0
5740,1,7525,7525.0
5741,1,7539,7539.0
5742,1,7525,7525.0
5743,1,7532,7532.0
5744,1,7525,7525.0
5745,1,7518,7518.0
5746,1,7518,7518.0
5747,1,7525,7525.0
5748,1,7504,7504.0
5749,1,7525,7525.0
5750,1,7546,7546.0
5751,1,7539,7539.0
5752,1,7518,7518.0
5753,1,7518,7518.0
5754,1,7511,7511.0
5755,1,7525,7525.0
5756,1,7518,7518.0
5757,1,7497,7497.0
5758,1,7511,7511.0
5759,1,7511,7511.0
5760,1,7518,7518.0
5761,1,7497,7497.0
5762,1,7518,7518.0
5763,1,7532,7532.0
5764,1,7525,7525.0
5765,1,7518,7518.0
5766,1,7518,7518.0
5767,1,7511,7511.0
5768,1,7511,7511.0
5769,1,7504,7504.0
5770,1,7504,7504.0
5771,1,7511,7511.0
5772,1,7490,7490.0
5773,1,7490,7490.0
5774,1,7497,7497.0
5775,1,7511,7511.0
5776,1,7525,7525.0
5777,1,7525,7525.0
5778,1,7532,7532.0
5779,1,7525,7525.0
5780,1,7532,7532.0
5781,1,7532,7532.0
5782,1,7539,7539.0
5783,1,7546,7546.0
5784,1,7553,7553.0
5785,1,7546,7546.0
5786,1,7532,7532.0
5787,1,7539,7539.0
5788,1,7553,7553.0
5789,1,7553,7553.0
5790,1,7539,7539.0
5791,1,7560,7560.0
5792,1,7581,7581.0
5793,1,7574,7574.0
5794,1,7567,7567.0
5795,1,7567,7567.0
5796,1,7567,7567.0
5797,1,7574,7574.0
5798,1,7581,7581.0
5799,1,7595,7595.0
5800,1,7595,7595.0
5801,1,7567,7567.0
5802,1,7567,7567.0
5803,1,7574,7574.0
5804,1,7574,7574.0
5805,1,7581,7581.0
5806,1,7588,7588.0
5807,1,7567,7567.0
5808,1,7560,7560.0
5809,1,7553,7553.0
5810,1,7567,7567.0
5811,1,7581,7581.0
5812,1,7581,7581.0
5813,1,7581,7581.0
5814,1,7574,7574.0
5815,1,7567,7567.0
5816,1,7581,7581.0
5817,1,7574,7574.0
5818,1,7567,7567.0
5819,1,7581,7581.0
5820,1,7602,7602.0
5821,1,7588,7588.0
5822,1,7602,7602.0
5823,1,7595,7595.0
5824,1,7581,7581.0
5825,1,7588,7588.0
5826,1,7588,7588.0
5827,1,7588,7588.0
5828,1,7581,7581.0
5829,1,7581,7581.0
5830,1,7581,7581.0
5831,1,7581,7581.0
5832,1,7581,7581.0
5833,1,7574,7574.0
5834,1,7574,7574.0
5835,1,7581,7581.0
5836,1,7581,7581.0
5837,1,7574,7574.0
5838,1,7588,7588.0
5839,1,7560,7560.0
5840,1,7581,7581.0
5841,1,7574,7574.0
5842,1,7595,7595.0
5843,1,7595,7595.0
5844,1,7574,7574.0
5845,1,7574,7574.0
5846,1,7560,7560.0
5847,1,7567,7567.0
5848,1,7581,7581.0
5849,1,7560,7560.0
5850,1,7574,7574.0
5851,1,7560,7560.0
5852,1,7567,7567.0
5853,1,7553,7553.0
5854,1,7574,7574.0
5855,1,7574,7574.0
5856,1,7588,7588.0
5857,1,7567,7567.0
5858,1,7532,7532.0
5859,1,7539,7539.0
5860,1,7539,7539.0
5861,1,7525,7525.0
5862,1,7539,7539.0
5863,1,7539,7539.0
5864,1,7553,7553.0
5865,1,7560,7560.0
5866,1,7581,7581.0
5867,1,7560,7560.0
5868,1,7560,7560.0
5869,1,7560,7560.0
5870,1,7567,7567.0
5871,1,7581,7581.0
5872,1,7560,7560.0
5873,1,7567,7567.0
5874,1,7574,7574.0
5875,1,7574,7574.0
5876,1,7574,7574.0
5877,1,7567,7567.0
5878,1,7567,7567.0
5879,1,7560,7560.0
5880,1,7588,7588.0
5881,1,7581,7581.0
5882,1,7581,7581.0
5883,1,7609,7609.0
5884,1,7602,7602.0
5885,1,7616,7616.0
5886,1,7602,7602.0
5887,1,7602,7602.0
5888,1,7616,7616.0
5889,1,7616,7616.0
5890,1,7616,7616.0
5891,1,7616,7616.0
5892,1,7616,7616.0
5893,1,7581,7581.0
5894,1,7574,7574.0
5895,1,7567,7567.0
5896,1,7595,7595.0
5897,1,7609,7609.0
5898,1,7630,7630.0
5899,1,7595,7595.0
5900,1,7609,7609.0
5901,1,7595,7595.0
5902,1,7616,7616.0
5903,1,7588,7588.0
5904,1,7609,7609.0
5905,1,7609,7609.0
5906,1,7616,7616.0
5907,1,7616,7616.0
5908,1,7595,7595.0
5909,2,7581,3790.5
5910,1,7567,7567.0
5911,1,7553,7553.0
5912,2,7595,3797.5
5913,1,7574,7574.0
5914,1,7560,7560.0
5915,1,7581,7581.0
5916,2,7574,3787.0
5917,1,7581,7581.0
5918,1,7581,7581.0
5919,1,7602,7602.0
5920,1,7609,7609.0
5921,1,7602,7602.0
5922,1,7602,7602.0
5923,1,7595,7595.0
5924,1,7616,7616.0
5925,1,7623,7623.0
5926,1,7637,7637.0
5927,1,7637,7637.0
5928,1,7623,7623.0
5929,1,7644,7644.0
5930,1,7616,7616.0
5931,1,7602,7602.0
5932,1,7602,7602.0
5933,1,7595,7595.0
5934,1,7616,7616.0
5935,1,7630,7630.0
5936,1,7630,7630.0
5937,1,7630,7630.0
5938,1,7630,7630.0
5939,1,7637,7637.0
5940,1,7651,7651.0
5941,1,7644,7644.0
5942,1,7658,7658.0
5943,1,7644,7644.0
5944,1,7623,7623.0
5945,1,7637,7637.0
5946,1,7630,7630.0
5947,1,7644,7644.0
5948,1,7630,7630.0
5949,1,7630,7630.0
5950,1,7623,7623.0
5951,1,7602,7602.0
5952,1,7651,7651.0
5953,1,7637,7637.0
5954,1,7651,7651.0
5955,1,7658,7658.0
5956,1,7637,7637.0
5957,1,7644,7644.0
5958,1,7630,7630.0
5959,1,7623,7623.0
5960,1,7630,7630.0
5961,1,7637,7637.0
5962,1,7637,7637.0
5963,1,7637,7637.0
5964,1,7630,7630.0
5965,1,7651,7651.0
5966,1,7658,7658.0
5967,1,7637,7637.0
5968,1,7637,7637.0
5969,1,7637,7637.0
5970,1,7644,7644.0
5971,1,7644,7644.0
5972,1,7630,7630.0
5973,1,7637,7637.0
5974,1,7644,7644.0
5975,1,7616,7616.0
5976,1,7658,7658.0
5977,1,7651,7651.0
5978,1,7651,7651.0
5979,1,7665,7665.0
5980,1,7651,7651.0
5981,1,7651,7651.0
5982,1,7658,7658.0
5983,1,7665,7665.0
5984,1,7658,7658.0
5985,1,7658,7658.0
5986,1,7658,7658.0
5987,1,7658,7658.0
5988,1,7679,7679.0
5989,1,7651,7651.0
5990,1,7658,7658.0
5991,1,7658,7658.0
5992,1,7651,7651.0
5993,1,7644,7644.0
5994,2,7700,3850.0
5995,2,7700,3850.0
5996,1,7637,7637.0
5997,2,7693,3846.5
5998,2,7686,3843.0
5999,2,7686,3843.0
6000,1,7658,7658.0
6001,1,7672,7672.0
6002,1,7665,7665.0
6003,1,7665,7665.0
6004,2,7700,3850.0
6005,1,7665,7665.0
6006,1,7679,7679.0
6007,1,7679,7679.0
6008,1,7679,7679.0
6009,1,7672,7672.0
6010,1,7672,7672.0
6011,1,7665,7665.0
6012,1,7672,7672.0
6013,1,7658,7658.0
6014,1,7658,7658.0
6015,1,7665,7665.0
6016,1,7630,7630.0
6017,1,7644,7644.0
6018,1,7658,7658.0
6019,1,7658,7658.0
6020,1,7651,7651.0
6021,1,7658,7658.0
6022,1,7658,7658.0
6023,1,7658,7658.0
6024,1,7665,7665.0
6025,1,7665,7665.0
6026,1,7672,7672.0
6027,1,7672,7672.0
6028,1,7665,7665.0
6029,1,7672,7672.0
6030,1,7665,7665.0
6031,1,7672,7672.0
6032,1,7658,7658.0
6033,1,7686,7686.0
6034,1,7686,7686.0
6035,1,7672,7672.0
6036,1,7679,7679.0
6037,1,7679,7679.0
6038,1,7665,7665.0
6039,1,7658,7658.0
6040,1,7658,7658.0
6041,1,7658,7658.0
6042,1,7644,7644.0
6043,1,7651,7651.0
6044,1,7658,7658.0
6045,1,7644,7644.0
6046,1,7658,7658.0
6047,1,7672,7672.0
6048,1,7665,7665.0
6049,1,7658,7658.0
6050,1,7658,7658.0
6051,1,7672,7672.0
6052,1,7658,7658.0
6053,1,7665,7665.0
6054,1,7658,7658.0
6055,1,7679,7679.0
6056,1,7665,7665.0
6057,1,7658,7658.0
6058,1,7679,7679.0
6059,1,7679,7679.0
6060,1,7693,7693.0
6061,1,7679,7679.0
6062,1,7658,7658.0
6063,1,7672,7672.0
6064,1,7686,7686.0
6065,1,7679,7679.0
6066,1,7686,7686.0
6067,1,7686,7686.0
6068,1,7679,7679.0
6069,1,7686,7686.0
6070,1,7679,7679.0
6071,1,7672,7672.0
6072,1,7665,7665.0
6073,1,7679,7679.0
6074,1,7672,7672.0
6075,1,7665,7665.0
6076,1,7651,7651.0
6077,1,7672,7672.0
6078,1,7672,7672.0
6079,1,7672,7672.0
6080,1,7665,7665.0
6081,1,7672,7672.0
6082,1,7672,7672.0
6083,1,7679,7679.0
6084,1,7672,7672.0
6085,1,7665,7665.0
6086,1,7665,7665.0
6087,1,7672,7672.0
6088,1,7658,7658.0
6089,1,7665,7665.0
6090,1,7672,7672.0
6091,1,7672,7672.0
6092,1,7672,7672.0
6093,1,7658,7658.0
6094,1,7665,7665.0
6095,1,7644,7644.0
6096,1,7672,7672.0
6097,1,7672,7672.0
6098,1,7658,7658.0
6099,1,7658,7658.0
6100,1,7665,7665.0
6101,1,7672,7672.0
6102,1,7665,7665.0
6103,1,7679,7679.0
6104,1,7658,7658.0
6105,1,7679,7679.0
6106,1,7679,7679.0
6107,1,7686,7686.0
6108,1,7658,7658.0
6109,1,7672,7672.0
6110,1,7651,7651.0
6111,1,7651,7651.0
6112,1,7644,7644.0
6113,1,7665,7665.0
6114,1,7651,7651.0
6115,1,7651,7651.0
6116,1,7644,7644.0
6117,1,7658,7658.0
6118,1,7672,7672.0
6119,1,7644,7644.0
6120,2,7665,3832.5
6121,2,7658,3829.0
6122,1,7651,7651.0
6123,1,7679,7679.0
6124,1,7679,7679.0
6125,2,7693,3846.5
6126,2,7672,3836.0
6127,1,7686,7686.0
6128,1,7672,7672.0
6129,1,7658,7658.0
6130,1,7651,7651.0
6131,1,7665,7665.0
6132,1,7651,7651.0
6133,1,7665,7665.0
6134,1,7672,7672.0
6135,1,7672,7672.0
6136,1,7679,7679.0
6137,1,7679,7679.0
6138,1,7679,7679.0
6139,1,7672,7672.0
6140,1,7665,7665.0
6141,1,7665,7665.0
6142,1,7672,7672.0
6143,1,7672,7672.0
6144,1,7672,7672.0
6145,1,7658,7658.0
6146,1,7665,7665.0
6147,1,7665,7665.0
6148,1,7665,7665.0
6149,1,7658,7658.0
6150,1,7679,7679.0
6151,1,7672,7672.0
6152,1,7679,7679.0
6153,1,7644,7644.0
6154,1,7651,7651.0
6155,1,7644,7644.0
6156,1,7672,7672.0
6157,1,7665,7665.0
6158,1,7658,7658.0
6159,1,7679,7679.0
6160,1,7679,7679.0
6161,1,7672,7672.0
6162,1,7679,7679.0
6163,1,7693,7693.0
6164,1,7700,7700.0
6165,1,7693,7693.0
6166,1,7693,7693.0
6167,1,7686,7686.0
6168,1,7665,7665.0
6169,1,7665,7665.0
6170,1,7672,7672.0
6171,1,7672,7672.0
6172,1,7672,7672.0
6173,1,7672,7672.0
6174,1,7665,7665.0
6175,1,7679,7679.0
6176,1,7686,7686.0
6177,1,7686,7686.0
6178,2,7693,3846.5
6179,1,7637,7637.0
6180,2,7693,3846.5
6181,2,7672,3836.0
6182,2,7665,3832.5
6183,1,7672,7672.0
6184,2,7679,3839.5
6185,1,7644,7644.0
6186,2,7651,3825.5
6187,2,7658,3829.0
6188,1,7623,7623.0
6189,2,7651,3825.5
6190,2,7665,3832.5
6191,2,7679,3839.5
6192,2,7693,3846.5
6193,2,7658,3829.0
6194,2,7658,3829.0
6195,2,7651,3825.5
6196,2,7665,3832.5
6197,2,7658,3829.0
6198,1,7602,7602.0
6199,1,7609,7609.0
6200,1,7616,7616.0
6201,1,7609,7609.0
6202,1,7637,7637.0
6203,1,7651,7651.0
6204,1,7665,7665.0
6205,1,7658,7658.0
6206,1,7658,7658.0
6207,1,7644,7644.0
6208,1,7644,7644.0
6209,1,7644,7644.0
6210,1,7644,7644.0
6211,1,7637,7637.0
6212,1,7651,7651.0
6213,1,7665,7665.0
6214,1,7651,7651.0
6215,1,7665,7665.0
6216,1,7672,7672.0
6217,1,7672,7672.0
6218,1,7644,7644.0
6219,1,7637,7637.0
6220,1,7637,7637.0
6221,1,7630,7630.0
6222,1,7644,7644.0
6223,1,7637,7637.0
6224,1,7637,7637.0
6225,1,7651,7651.0
6226,1,7630,7630.0
6227,1,7630,7630.0
6228,1,7616,7616.0
6229,1,7658,7658.0
6230,1,7651,7651.0
6231,1,7644,7644.0
6232,1,7651,7651.0
6233,1,7651,7651.0
6234,1,7665,7665.0
6235,1,7644,7644.0
6236,1,7665,7665.0
6237,1,7679,7679.0
6238,1,7686,7686.0
6239,1,7693,7693.0
6240,1,7672,7672.0
6241,1,7665,7665.0
6242,1,7665,7665.0
6243,1,7679,7679.0
6244,1,7679,7679.0
6245,1,7686,7686.0
6246,1,7693,7693.0
6247,1,7707,7707.0
6248,1,7672,7672.0
6249,1,7672,7672.0
6250,1,7679,7679.0
6251,1,7686,7686.0
6252,1,7658,7658.0
6253,1,7679,7679.0
6254,1,7651,7651.0
6255,1,7658,7658.0
6256,1,7665,7665.0
6257,1,7679,7679.0
6258,1,7665,7665.0
6259,1,7644,7644.0
6260,1,7665,7665.0
6261,1,7672,7672.0
6262,1,7658,7658.0
6263,1,7665,7665.0
6264,1,7665,7665.0
6265,1,7651,7651.0
6266,1,7637,7637.0
6267,1,7672,7672.0
6268,1,7644,7644.0
6269,1,7658,7658.0
6270,1,7665,7665.0
6271,1,7665,7665.0
6272,1,7630,7630.0
6273,1,7623,7623.0
6274,1,7581,7581.0
6275,1,7609,7609.0
6276,1,7602,7602.0
6277,1,7609,7609.0
6278,1,7623,7623.0
6279,1,7616,7616.0
6280,1,7595,7595.0
6281,1,7616,7616.0
6282,1,7623,7623.0
6283,1,7623,7623.0
6284,1,7609,7609.0
6285,1,7595,7595.0
6286,1,7595,7595.0
6287,1,7595,7595.0
6288,1,7602,7602.0
6289,1,7595,7595.0
6290,1,7588,7588.0
6291,1,7595,7595.0
6292,1,7616,7616.0
6293,1,7616,7616.0
6294,1,7616,7616.0
6295,1,7609,7609.0
6296,1,7588,7588.0
6297,1,7602,7602.0
6298,1,7602,7602.0
6299,1,7623,7623.0
6300,1,7609,7609.0
6301,1,7616,7616.0
6302,1,7609,7609.0
6303,1,7616,7616.0
6304,1,7616,7616.0
6305,1,7623,7623.0
6306,1,7602,7602.0
6307,1,7602,7602.0
6308,1,7609,7609.0
6309,1,7623,7623.0
6310,1,7609,7609.0
6311,1,7616,7616.0
6312,1,7609,7609.0
6313,1,7609,7609.0
6314,1,7616,7616.0
6315,1,7609,7609.0
6316,1,7609,7609.0
6317,1,7609,7609.0
6318,1,7595,7595.0
6319,1,7588,7588.0
6320,1,7602,7602.0
6321,1,7595,7595.0
6322,1,7602,7602.0
6323,1,7595,7595.0
6324,1,7595,7595.0
6325,1,7602,7602.0
6326,1,7581,7581.0
6327,1,7581,7581.0
6328,1,7595,7595.0
6329,1,7595,7595.0
6330,1,7588,7588.0
6331,1,7581,7581.0
6332,1,7581,7581.0
6333,1,7567,7567.0
6334,1,7588,7588.0
6335,1,7588,7588.0
6336,1,7581,7581.0
6337,1,7581,7581.0
6338,1,7588,7588.0
6339,1,7581,7581.0
6340,1,7588,7588.0
6341,1,7581,7581.0
6342,1,7588,7588.0
6343,1,7567,7567.0
6344,1,7574,7574.0
6345,1,7574,7574.0
6346,1,7567,7567.0
6347,1,7553,7553.0
6348,1,7553,7553.0
6349,1,7553,7553.0
6350,1,7574,7574.0
6351,1,7581,7581.0
6352,1,7588,7588.0
6353,1,7581,7581.0
6354,1,7581,7581.0
6355,1,7567,7567.0
6356,1,7574,7574.0
6357,1,7560,7560.0
6358,1,7581,7581.0
6359,1,7567,7567.0
6360,1,7560,7560.0
6361,1,7553,7553.0
6362,1,7581,7581.0
6363,1,7574,7574.0
6364,1,7567,7567.0
6365,1,7574,7574.0
6366,1,7574,7574.0
6367,1,7574,7574.0
6368,1,7567,7567.0
6369,1,7553,7553.0
6370,1,7539,7539.0
6371,1,7553,7553.0
6372,1,7546,7546.0
6373,1,7546,7546.0
6374,1,7546,7546.0
6375,1,7532,7532.0
6376,1,7553,7553.0
6377,1,7539,7539.0
6378,1,7504,7504.0
6379,1,7546,7546.0
6380,1,7539,7539.0
6381,1,7560,7560.0
6382,1,7560,7560.0
6383,1,7567,7567.0
6384,1,7581,7581.0
6385,1,7574,7574.0
6386,1,7567,7567.0
6387,1,7574,7574.0
6388,1,7560,7560.0
6389,1,7581,7581.0
6390,1,7553,7553.0
6391,1,7560,7560.0
6392,1,7581,7581.0
6393,1,7588,7588.0
6394,1,7567,7567.0
6395,1,7588,7588.0
6396,1,7588,7588.0
6397,1,7581,7581.0
6398,1,7574,7574.0
6399,1,7588,7588.0
6400,1,7574,7574.0
6401,1,7574,7574.0
6402,1,7581,7581.0
6403,1,7581,7581.0
6404,1,7595,7595.0
6405,1,7602,7602.0
6406,1,7637,7637.0
6407,1,7630,7630.0
6408,1,7630,7630.0
6409,1,7651,7651.0
6410,1,7630,7630.0
6411,1,7644,7644.0
6412,1,7644,7644.0
6413,1,7630,7630.0
6414,1,7630,7630.0
6415,1,7602,7602.0
6416,1,7602,7602.0
6417,1,7588,7588.0
6418,1,7595,7595.0
6419,1,7602,7602.0
6420,1,7581,7581.0
6421,1,7588,7588.0
6422,1,7602,7602.0
6423,1,7602,7602.0
6424,1,7595,7595.0
6425,1,7581,7581.0
6426,1,7588,7588.0
6427,1,7574,7574.0
6428,1,7595,7595.0
6429,1,7560,7560.0
6430,1,7567,7567.0
6431,1,7588,7588.0
6432,1,7574,7574.0
6433,1,7560,7560.0
6434,1,7567,7567.0
6435,1,7567,7567.0
6436,1,7588,7588.0
6437,1,7588,7588.0
6438,1,7574,7574.0
6439,1,7567,7567.0
6440,1,7581,7581.0
6441,1,7581,7581.0
6442,1,7595,7595.0
6443,1,7595,7595.0
6444,1,7602,7602.0
6445,1,7595,7595.0
6446,1,7602,7602.0
6447,1,7616,7616.0
6448,1,7602,7602.0
6449,1,7602,7602.0
6450,1,7609,7609.0
6451,1,7602,7602.0
6452,1,7602,7602.0
6453,1,7567,7567.0
6454,1,7567,7567.0
6455,1,7560,7560.0
6456,1,7574,7574.0
6457,1,7553,7553.0
6458,1,7553,7553.0
6459,1,7553,7553.0
6460,1,7595,7595.0
6461,1,7567,7567.0
6462,1,7560,7560.0
6463,1,7560,7560.0
6464,1,7609,7609.0
6465,1,7595,7595.0
6466,1,7623,7623.0
6467,1,7595,7595.0
6468,1,7595,7595.0
6469,1,7616,7616.0
6470,1,7602,7602.0
6471,1,7602,7602.0
6472,1,7595,7595.0
6473,1,7609,7609.0
6474,1,7595,7595.0
6475,1,7595,7595.0
6476,1,7602,7602.0
6477,1,7581,7581.0
6478,1,7581,7581.0
6479,1,7588,7588.0
6480,1,7588,7588.0
6481,1,7581,7581.0
6482,1,7595,7595.0
6483,1,7595,7595.0
6484,1,7588,7588.0
6485,1,7595,7595.0
6486,1,7609,7609.0
6487,1,7609,7609.0
6488,1,7602,7602.0
6489,1,7588,7588.0
6490,1,7630,7630.0
6491,1,7609,7609.0
6492,1,7616,7616.0
6493,1,7588,7588.0
6494,1,7581,7581.0
6495,1,7588,7588.0
6496,1,7602,7602.0
6497,1,7588,7588.0
6498,1,7595,7595.0
6499,1,7602,7602.0
6500,1,7581,7581.0
6501,1,7602,7602.0
6502,1,7602,7602.0
6503,1,7595,7595.0
6504,1,7588,7588.0
6505,1,7602,7602.0
6506,1,7616,7616.0
6507,2,7644,3822.0
6508,2,7644,3822.0
6509,2,7665,3832.5
6510,2,7637,3818.5
6511,2,7630,3815.0
6512,2,7630,3815.0
6513,2,7637,3818.5
6514,2,7630,3815.0
6515,2,7630,3815.0
6516,2,7630,3815.0
6517,2,7651,3825.5
6518,2,7644,3822.0
6519,2,7644,3822.0
6520,2,7644,3822.0
6521,2,7644,3822.0
6522,2,7651,3825.5
6523,1,7595,7595.0
6524,1,7595,7595.0
6525,1,7560,7560.0
6526,1,7595,7595.0
6527,2,7637,3818.5
6528,2,7609,3804.5
6529,2,7581,3790.5
6530,2,7595,3797.5
6531,2,7616,3808.0
6532,1,7609,7609.0
6533,1,7609,7609.0
6534,1,7588,7588.0
6535,1,7616,7616.0
6536,1,7609,7609.0
6537,2,7658,3829.0
6538,1,7602,7602.0
6539,1,7609,7609.0
6540,2,7665,3832.5
6541,1,7588,7588.0
6542,2,7651,3825.5
6543,1,7637,7637.0
6544,2,7679,3839.5
6545,2,7623,3811.5
6546,2,7686,3843.0
6547,2,7665,3832.5
6548,2,7644,3822.0
6549,1,7630,7630.0
6550,2,7672,3836.0
6551,2,7651,3825.5
6552,2,7679,3839.5
6553,1,7609,7609.0
6554,1,7630,7630.0
6555,1,7623,7623.0
6556,1,7616,7616.0
6557,1,7616,7616.0
6558,1,7630,7630.0
6559,1,7609,7609.0
6560,1,7609,7609.0
6561,1,7602,7602.0
6562,1,7609,7609.0
6563,1,7623,7623.0
6564,1,7609,7609.0
6565,1,7623,7623.0
6566,1,7637,7637.0
6567,1,7637,7637.0
6568,1,7630,7630.0
6569,1,7616,7616.0
6570,1,7602,7602.0
6571,1,7609,7609.0
6572,1,7609,7609.0
6573,1,7595,7595.0
6574,1,7581,7581.0
6575,1,7595,7595.0
6576,1,7609,7609.0
6577,1,7602,7602.0
6578,1,7609,7609.0
6579,1,7595,7595.0
6580,1,7616,7616.0
6581,1,7630,7630.0
6582,1,7609,7609.0
6583,1,7609,7609.0
6584,1,7623,7623.0
6585,1,7602,7602.0
6586,1,7581,7581.0
6587,1,7588,7588.0
6588,1,7588,7588.0
6589,1,7574,7574.0
6590,1,7602,7602.0
6591,1,7595,7595.0
6592,1,7574,7574.0
6593,1,7581,7581.0
6594,1,7567,7567.0
6595,1,7581,7581.0
6596,1,7574,7574.0
6597,1,7574,7574.0
6598,1,7574,7574.0
6599,1,7588,7588.0
6600,1,7574,7574.0
6601,1,7581,7581.0
6602,1,7574,7574.0
6603,1,7574,7574.0
6604,1,7574,7574.0
6605,1,7581,7581.0
6606,1,7574,7574.0
6607,1,7581,7581.0
6608,1,7588,7588.0
6609,1,7595,7595.0
6610,1,7581,7581.0
6611,1,7595,7595.0
6612,1,7588,7588.0
6613,1,7595,7595.0
6614,1,7602,7602.0
6615,1,7588,7588.0
6616,1,7567,7567.0
6617,1,7560,7560.0
6618,1,7560,7560.0
6619,1,7567,7567.0
6620,1,7567,7567.0
6621,1,7567,7567.0
6622,1,7560,7560.0
6623,1,7560,7560.0
6624,1,7553,7553.0
6625,1,7595,7595.0
6626,1,7602,7602.0
6627,1,7574,7574.0
6628,1,7567,7567.0
6629,1,7581,7581.0
6630,2,7602,3801.0
6631,2,7588,3794.0
6632,1,7553,7553.0
6633,2,7588,3794.0
6634,2,7602,3801.0
6635,1,7567,7567.0
6636,1,7574,7574.0
6637,1,7574,7574.0
6638,2,7616,3808.0
6639,2,7623,3811.5
6640,1,7574,7574.0
6641,2,7616,3808.0
6642,1,7581,7581.0
6643,1,7581,7581.0
6644,1,7574,7574.0
6645,2,7595,3797.5
6646,2,7581,3790.5
6647,2,7602,3801.0
6648,2,7595,3797.5
6649,2,7602,3801.0
6650,2,7602,3801.0
6651,1,7574,7574.0
6652,1,7546,7546.0
6653,1,7574,7574.0
6654,1,7595,7595.0
6655,1,7567,7567.0
6656,1,7553,7553.0
6657,1,7560,7560.0
6658,1,7560,7560.0
6659,1,7553,7553.0
6660,1,7560,7560.0
6661,1,7560,7560.0
6662,1,7553,7553.0
6663,1,7560,7560.0
6664,1,7574,7574.0
6665,1,7553,7553.0
6666,1,7560,7560.0
6667,1,7553,7553.0
6668,1,7553,7553.0
6669,1,7574,7574.0
6670,1,7574,7574.0
6671,1,7567,7567.0
6672,1,7574,7574.0
6673,1,7574,7574.0
6674,1,7567,7567.0
6675,1,7567,7567.0
6676,1,7567,7567.0
6677,1,7567,7567.0
6678,1,7574,7574.0
6679,1,7574,7574.0
6680,1,7553,7553.0
6681,1,7567,7567.0
6682,1,7567,7567.0
6683,1,7567,7567.0
6684,1,7567,7567.0
6685,1,7581,7581.0
6686,2,7616,3808.0
6687,2,7609,3804.5
6688,1,7560,7560.0
6689,1,7567,7567.0
6690,1,7560,7560.0
6691,1,7560,7560.0
6692,1,7546,7546.0
6693,1,7560,7560.0
6694,1,7560,7560.0
6695,1,7553,7553.0
6696,1,7553,7553.0
6697,1,7553,7553.0
6698,1,7532,7532.0
6699,1,7525,7525.0
6700,1,7539,7539.0
6701,1,7553,7553.0
6702,1,7560,7560.0
6703,1,7546,7546.0
6704,1,7574,7574.0
6705,1,7567,7567.0
6706,1,7567,7567.0
6707,1,7581,7581.0
6708,1,7567,7567.0
6709,1,7560,7560.0
6710,1,7546,7546.0
6711,1,7560,7560.0
6712,1,7532,7532.0
6713,1,7539,7539.0
6714,1,7553,7553.0
6715,1,7567,7567.0
6716,1,7560,7560.0
6717,1,7553,7553.0
6718,1,7553,7553.0
6719,1,7560,7560.0
6720,1,7546,7546.0
6721,1,7553,7553.0
6722,1,7546,7546.0
6723,1,7546,7546.0
6724,1,7560,7560.0
6725,1,7560,7560.0
6726,1,7553,7553.0
6727,1,7560,7560.0
6728,1,7546,7546.0
6729,1,7546,7546.0
6730,1,7588,7588.0
6731,1,7595,7595.0
6732,1,7602,7602.0
6733,1,7581,7581.0
6734,1,7595,7595.0
6735,1,7588,7588.0
6736,1,7567,7567.0
6737,1,7581,7581.0
6738,1,7567,7567.0
6739,2,7623,3811.5
6740,1,7595,7595.0
6741,2,7623,3811.5
6742,1,7602,7602.0
6743,1,7602,7602.0
6744,2,7644,3822.0
6745,2,7616,3808.0
6746,2,7637,3818.5
6747,2,7637,3818.5
6748,2,7616,3808.0
6749,2,7630,3815.0
6750,2,7637,3818.5
6751,1,7623,7623.0
6752,2,7665,3832.5
6753,2,7665,3832.5
6754,2,7630,3815.0
6755,1,7553,7553.0
6756,2,7623,3811.5
6757,2,7623,3811.5
6758,2,7623,3811.5
6759,2,7644,3822.0
6760,2,7623,3811.5
6761,1,7581,7581.0
6762,1,7567,7567.0
6763,1,7574,7574.0
6764,1,7588,7588.0
6765,1,7595,7595.0
6766,1,7602,7602.0
6767,1,7588,7588.0
6768,1,7581,7581.0
6769,1,7609,7609.0
6770,1,7609,7609.0
6771,1,7616,7616.0
6772,1,7616,7616.0
6773,1,7616,7616.0
6774,1,7609,7609.0
6775,1,7602,7602.0
6776,1,7609,7609.0
6777,1,7588,7588.0
6778,1,7588,7588.0
6779,1,7609,7609.0
6780,1,7609,7609.0
6781,1,7609,7609.0
6782,1,7623,7623.0
6783,1,7595,7595.0
6784,1,7609,7609.0
6785,1,7602,7602.0
6786,1,7595,7595.0
6787,1,7602,7602.0
6788,1,7602,7602.0
6789,1,7602,7602.0
6790,1,7616,7616.0
6791,1,7609,7609.0
6792,1,7588,7588.0
6793,1,7574,7574.0
6794,1,7581,7581.0
6795,1,7574,7574.0
6796,1,7567,7567.0
6797,1,7567,7567.0
6798,1,7574,7574.0
6799,1,7567,7567.0
6800,1,7574,7574.0
6801,1,7567,7567.0
6802,1,7560,7560.0
6803,1,7581,7581.0
6804,1,7567,7567.0
6805,1,7553,7553.0
6806,1,7567,7567.0
6807,1,7588,7588.0
6808,1,7567,7567.0
6809,1,7553,7553.0
6810,1,7546,7546.0
6811,1,7532,7532.0
6812,1,7567,7567.0
6813,1,7567,7567.0
6814,1,7581,7581.0
6815,2,7616,3808.0
6816,1,7567,7567.0
6817,1,7609,7609.0
6818,1,7602,7602.0
6819,2,7609,3804.5
6820,1,7609,7609.0
6821,1,7595,7595.0
6822,1,7574,7574.0
6823,1,7546,7546.0
6824,1,7546,7546.0
6825,1,7609,7609.0
6826,1,7609,7609.0
6827,1,7588,7588.0
6828,1,7623,7623.0
6829,1,7630,7630.0
6830,1,7637,7637.0
6831,1,7623,7623.0
6832,1,7630,7630.0
6833,1,7637,7637.0
6834,1,7644,7644.0
6835,1,7658,7658.0
6836,1,7623,7623.0
6837,1,7602,7602.0
6838,1,7623,7623.0
6839,1,7623,7623.0
6840,1,7644,7644.0
6841,1,7623,7623.0
6842,1,7630,7630.0
6843,1,7630,7630.0
6844,1,7616,7616.0
6845,1,7623,7623.0
6846,1,7637,7637.0
6847,1,7616,7616.0
6848,1,7637,7637.0
6849,1,7623,7623.0
6850,1,7623,7623.0
6851,1,7623,7623.0
6852,1,7630,7630.0
6853,1,7630,7630.0
6854,1,7637,7637.0
6855,1,7623,7623.0
6856,1,7609,7609.0
6857,1,7609,7609.0
6858,1,7595,7595.0
6859,1,7602,7602.0
6860,1,7609,7609.0
6861,1,7595,7595.0
6862,1,7602,7602.0
6863,1,7609,7609.0
6864,1,7602,7602.0
6865,1,7609,7609.0
6866,1,7602,7602.0
6867,2,7637,3818.5
6868,1,7574,7574.0
6869,1,7574,7574.0
6870,1,7581,7581.0
6871,1,7574,7574.0
6872,1,7581,7581.0
6873,1,7588,7588.0
6874,1,7581,7581.0
6875,1,7588,7588.0
6876,1,7588,7588.0
6877,1,7588,7588.0
6878,1,7588,7588.0
6879,1,7588,7588.0
6880,1,7567,7567.0
6881,1,7581,7581.0
6882,1,7574,7574.0
6883,1,7588,7588.0
6884,1,7581,7581.0
6885,1,7581,7581.0
6886,1,7581,7581.0
6887,1,7581,7581.0
6888,1,7588,7588.0
6889,1,7602,7602.0
6890,1,7588,7588.0
6891,1,7588,7588.0
6892,1,7595,7595.0
6893,1,7588,7588.0
6894,1,7588,7588.0
6895,1,7588,7588.0
6896,1,7595,7595.0
6897,1,7588,7588.0
6898,1,7602,7602.0
6899,1,7581,7581.0
6900,1,7581,7581.0
6901,1,7574,7574.0
6902,1,7588,7588.0
6903,1,7574,7574.0
6904,1,7588,7588.0
6905,1,7595,7595.0
6906,1,7588,7588.0
6907,1,7588,7588.0
6908,1,7581,7581.0
6909,2,7637,3818.5
6910,2,7623,3811.5
6911,2,7637,3818.5
6912,2,7637,3818.5
6913,2,7630,3815.0
6914,2,7630,3815.0
6915,2,7630,3815.0
6916,3,7672,2557.3
6917,3,7665,2555.0
6918,2,7623,3811.5
6919,3,7686,2562.0
6920,3,7686,2562.0
6921,3,7679,2559.7
6922,2,7637,3818.5
6923,2,7616,3808.0
6924,2,7608,3804.0
6925,1,7581,7581.0
6926,2,7609,3804.5
6927,3,7655,2551.7
6928,1,7588,7588.0
6929,2,7616,3808.0
6930,1,7588,7588.0
6931,1,7581,7581.0
6932,1,7560,7560.0
6933,2,7602,3801.0
6934,1,7567,7567.0
6935,2,7602,3801.0
6936,2,7616,3808.0
6937,1,7574,7574.0
6938,1,7588,7588.0
6939,1,7588,7588.0
6940,1,7602,7602.0
6941,1,7609,7609.0
6942,1,7595,7595.0
6943,1,7588,7588.0
6944,1,7588,7588.0
6945,1,7602,7602.0
6946,1,7595,7595.0
6947,2,7637,3818.5
6948,2,7637,3818.5
6949,1,7588,7588.0
6950,1,7588,7588.0
6951,1,7595,7595.0
6952,1,7602,7602.0
6953,1,7595,7595.0
6954,1,7595,7595.0
6955,1,7602,7602.0
6956,1,7595,7595.0
6957,1,7602,7602.0
6958,1,7609,7609.0
6959,1,7609,7609.0
6960,1,7588,7588.0
6961,1,7581,7581.0
6962,1,7581,7581.0
6963,1,7609,7609.0
6964,1,7609,7609.0
6965,1,7602,7602.0
6966,1,7595,7595.0
6967,1,7588,7588.0
6968,1,7595,7595.0
6969,1,7574,7574.0
6970,1,7581,7581.0
6971,1,7595,7595.0
6972,1,7609,7609.0
6973,1,7623,7623.0
6974,1,7616,7616.0
6975,1,7630,7630.0
6976,1,7567,7567.0
6977,1,7581,7581.0
6978,1,7588,7588.0
6979,1,7588,7588.0
6980,1,7588,7588.0
6981,1,7560,7560.0
6982,1,7574,7574.0
6983,1,7560,7560.0
6984,1,7553,7553.0
6985,1,7567,7567.0
6986,1,7553,7553.0
6987,1,7546,7546.0
6988,1,7567,7567.0
6989,1,7574,7574.0
6990,1,7553,7553.0
6991,1,7567,7567.0
6992,1,7574,7574.0
6993,1,7588,7588.0
6994,1,7574,7574.0
6995,1,7567,7567.0
6996,1,7609,7609.0
6997,1,7567,7567.0
6998,1,7581,7581.0
6999,1,7560,7560.0
7000,1,7581,7581.0
7001,1,7595,7595.0
7002,1,7602,7602.0
7003,1,7616,7616.0
7004,1,7567,7567.0
7005,1,7588,7588.0
7006,1,7595,7595.0
7007,1,7595,7595.0
7008,1,7588,7588.0
7009,1,7609,7609.0
7010,1,7609,7609.0
7011,1,7602,7602.0
7012,1,7588,7588.0
7013,1,7595,7595.0
7014,1,7595,7595.0
7015,1,7595,7595.0
7016,1,7581,7581.0
7017,1,7581,7581.0
7018,1,7567,7567.0
7019,1,7553,7553.0
7020,1,7595,7595.0
7021,1,7588,7588.0
7022,1,7602,7602.0
7023,1,7560,7560.0
7024,1,7567,7567.0
7025,1,7581,7581.0
7026,1,7581,7581.0
7027,1,7574,7574.0
7028,1,7574,7574.0
7029,1,7567,7567.0
7030,1,7595,7595.0
7031,1,7581,7581.0
7032,1,7595,7595.0
7033,1,7595,7595.0
7034,1,7616,7616.0
7035,1,7616,7616.0
7036,1,7616,7616.0
7037,1,7616,7616.0
7038,1,7609,7609.0
7039,1,7609,7609.0
7040,1,7595,7595.0
7041,1,7595,7595.0
7042,1,7595,7595.0
7043,1,7595,7595.0
7044,1,7595,7595.0
7045,1,7595,7595.0
7046,1,7595,7595.0
7047,1,7623,7623.0
7048,1,7616,7616.0
7049,1,7616,7616.0
7050,2,7609,3804.5
7051,1,7581,7581.0
7052,1,7595,7595.0
7053,1,7567,7567.0
7054,1,7567,7567.0
7055,1,7553,7553.0
7056,2,7602,3801.0
7057,1,7581,7581.0
7058,1,7567,7567.0
7059,1,7595,7595.0
7060,1,7609,7609.0
7061,1,7581,7581.0
7062,1,7602,7602.0
7063,1,7588,7588.0
7064,1,7588,7588.0
7065,1,7574,7574.0
7066,1,7567,7567.0
7067,1,7567,7567.0
7068,1,7588,7588.0
7069,1,7595,7595.0
7070,1,7581,7581.0
7071,1,7616,7616.0
7072,1,7595,7595.0
7073,1,7567,7567.0
7074,1,7581,7581.0
7075,1,7567,7567.0
7076,1,7567,7567.0
7077,1,7567,7567.0
7078,1,7546,7546.0
7079,1,7553,7553.0
7080,1,7574,7574.0
7081,1,7539,7539.0
7082,1,7553,7553.0
7083,1,7553,7553.0
7084,1,7553,7553.0
7085,1,7525,7525.0
7086,1,7539,7539.0
7087,1,7525,7525.0
7088,1,7511,7511.0
7089,1,7497,7497.0
7090,1,7511,7511.0
7091,1,7497,7497.0
7092,1,7497,7497.0
7093,1,7511,7511.0
7094,1,7490,7490.0
7095,1,7497,7497.0
7096,1,7497,7497.0
7097,1,7511,7511.0
7098,1,7504,7504.0
7099,1,7497,7497.0
7100,1,7511,7511.0
7101,1,7525,7525.0
7102,1,7518,7518.0
7103,1,7511,7511.0
7104,1,7532,7532.0
7105,1,7525,7525.0
7106,1,7525,7525.0
7107,1,7511,7511.0
7108,1,7504,7504.0
7109,1,7511,7511.0
7110,1,7525,7525.0
7111,1,7518,7518.0
7112,1,7546,7546.0
7113,1,7497,7497.0
7114,1,7511,7511.0
7115,2,7560,3780.0
7116,2,7560,3780.0
7117,1,7511,7511.0
7118,1,7539,7539.0
7119,1,7532,7532.0
7120,1,7539,7539.0
7121,1,7560,7560.0
7122,1,7560,7560.0
7123,1,7567,7567.0
7124,2,7609,3804.5
7125,1,7574,7574.0
7126,1,7574,7574.0
7127,1,7574,7574.0
7128,1,7574,7574.0
7129,2,7602,3801.0
7130,2,7644,3822.0
7131,1,7581,7581.0
7132,2,7623,3811.5
7133,2,7595,3797.5
7134,1,7560,7560.0
7135,1,7574,7574.0
7136,1,7553,7553.0
7137,1,7609,7609.0
7138,1,7532,7532.0
7139,2,7602,3801.0
7140,2,7581,3790.5
7141,2,7602,3801.0
7142,2,7609,3804.5
7143,1,7567,7567.0
7144,1,7560,7560.0
7145,2,7609,3804.5
7146,1,7553,7553.0
7147,2,7609,3804.5
7148,2,7602,3801.0
7149,1,7532,7532.0
7150,2,7581,3790.5
7151,2,7595,3797.5
7152,2,7588,3794.0
7153,1,7532,7532.0
7154,1,7546,7546.0
7155,1,7539,7539.0
7156,1,7539,7539.0
7157,1,7539,7539.0
7158,1,7539,7539.0
7159,1,7546,7546.0
7160,2,7574,3787.0
7161,2,7588,3794.0
7162,2,7595,3797.5
7163,2,7574,3787.0
7164,2,7567,3783.5
7165,2,7581,3790.5
7166,2,7588,3794.0
7167,2,7574,3787.0
7168,2,7574,3787.0
7169,2,7581,3790.5
7170,2,7588,3794.0
7171,1,7518,7518.0
7172,1,7532,7532.0
7173,1,7511,7511.0
7174,2,7553,3776.5
7175,2,7574,3787.0
7176,2,7567,3783.5
7177,2,7595,3797.5
7178,1,7546,7546.0
7179,1,7553,7553.0
7180,2,7588,3794.0
7181,2,7581,3790.5
7182,1,7567,7567.0
7183,1,7567,7567.0
7184,1,7539,7539.0
7185,1,7567,7567.0
7186,1,7546,7546.0
7187,1,7567,7567.0
7188,1,7525,7525.0
7189,1,7574,7574.0
7190,1,7574,7574.0
7191,1,7560,7560.0
7192,1,7588,7588.0
7193,1,7567,7567.0
7194,1,7546,7546.0
7195,1,7553,7553.0
7196,1,7546,7546.0
7197,1,7581,7581.0
7198,1,7574,7574.0
7199,1,7553,7553.0
7200,1,7567,7567.0
7201,1,7588,7588.0
7202,1,7595,7595.0
7203,2,7595,3797.5
7204,2,7616,3808.0
7205,2,7609,3804.5
7206,2,7616,3808.0
7207,2,7616,3808.0
7208,2,7609,3804.5
7209,2,7616,3808.0
7210,2,7609,3804.5
7211,2,7616,3808.0
7212,2,7630,3815.0
7213,2,7637,3818.5
7214,2,7630,3815.0
7215,2,7623,3811.5
7216,2,7637,3818.5
7217,1,7623,7623.0
7218,1,7637,7637.0
7219,1,7644,7644.0
7220,1,7609,7609.0
7221,1,7616,7616.0
7222,1,7609,7609.0
7223,1,7602,7602.0
7224,1,7595,7595.0
7225,1,7588,7588.0
7226,1,7630,7630.0
7227,1,7595,7595.0
7228,1,7588,7588.0
7229,1,7602,7602.0
7230,1,7595,7595.0
7231,2,7637,3818.5
7232,1,7637,7637.0
7233,1,7637,7637.0
7234,1,7637,7637.0
7235,1,7630,7630.0
7236,1,7630,7630.0
7237,1,7623,7623.0
7238,1,7630,7630.0
7239,1,7623,7623.0
7240,1,7630,7630.0
7241,2,7637,3818.5
7242,2,7637,3818.5
7243,2,7630,3815.0
7244,1,7609,7609.0
7245,1,7602,7602.0
7246,1,7595,7595.0
7247,1,7616,7616.0
7248,1,7651,7651.0
7249,1,7623,7623.0
7250,1,7588,7588.0
7251,1,7595,7595.0
7252,1,7602,7602.0
7253,1,7581,7581.0
7254,1,7567,7567.0
7255,1,7581,7581.0
7256,1,7588,7588.0
7257,1,7602,7602.0
7258,1,7595,7595.0
7259,1,7595,7595.0
7260,1,7609,7609.0
7261,1,7595,7595.0
7262,1,7595,7595.0
7263,1,7588,7588.0
7264,1,7602,7602.0
7265,1,7602,7602.0
7266,1,7602,7602.0
7267,1,7595,7595.0
7268,1,7623,7623.0
7269,1,7595,7595.0
7270,1,7609,7609.0
7271,1,7602,7602.0
7272,1,7581,7581.0
7273,1,7581,7581.0
7274,1,7567,7567.0
7275,1,7588,7588.0
7276,1,7595,7595.0
7277,1,7588,7588.0
7278,1,7595,7595.0
7279,1,7588,7588.0
7280,1,7588,7588.0
7281,1,7588,7588.0
7282,1,7588,7588.0
7283,1,7602,7602.0
7284,1,7609,7609.0
7285,1,7616,7616.0
7286,1,7595,7595.0
7287,1,7588,7588.0
7288,1,7581,7581.0
7289,1,7588,7588.0
7290,1,7609,7609.0
7291,1,7637,7637.0
7292,1,7616,7616.0
7293,1,7602,7602.0
7294,1,7595,7595.0
7295,1,7595,7595.0
7296,1,7623,7623.0
7297,1,7616,7616.0
7298,1,7609,7609.0
7299,1,7602,7602.0
7300,1,7574,7574.0
7301,1,7581,7581.0
7302,1,7595,7595.0
7303,1,7602,7602.0
7304,1,7609,7609.0
7305,1,7623,7623.0
7306,1,7616,7616.0
7307,1,7616,7616.0
7308,1,7609,7609.0
7309,1,7623,7623.0
7310,1,7616,7616.0
7311,1,7616,7616.0
7312,1,7609,7609.0
7313,1,7616,7616.0
7314,1,7602,7602.0
7315,1,7616,7616.0
7316,1,7616,7616.0
7317,1,7609,7609.0
7318,1,7623,7623.0
7319,1,7616,7616.0
7320,1,7595,7595.0
7321,1,7602,7602.0
7322,1,7602,7602.0
7323,1,7609,7609.0
7324,1,7609,7609.0
7325,1,7616,7616.0
7326,1,7609,7609.0
7327,1,7609,7609.0
7328,1,7616,7616.0
7329,1,7616,7616.0
7330,1,7630,7630.0
7331,1,7623,7623.0
7332,1,7616,7616.0
7333,1,7595,7595.0
7334,1,7588,7588.0
7335,1,7616,7616.0
7336,1,7581,7581.0
7337,1,7595,7595.0
7338,1,7616,7616.0
7339,1,7602,7602.0
7340,1,7595,7595.0
7341,1,7595,7595.0
7342,1,7602,7602.0
7343,1,7595,7595.0
7344,1,7595,7595.0
7345,1,7588,7588.0
7346,1,7581,7581.0
7347,1,7588,7588.0
7348,1,7602,7602.0
7349,1,7588,7588.0
7350,1,7602,7602.0
7351,1,7588,7588.0
7352,1,7595,7595.0
7353,1,7602,7602.0
7354,1,7616,7616.0
7355,1,7602,7602.0
7356,1,7602,7602.0
7357,1,7609,7609.0
7358,1,7623,7623.0
7359,1,7630,7630.0
7360,1,7623,7623.0
7361,1,7630,7630.0
7362,1,7637,7637.0
7363,1,7623,7623.0
7364,1,7602,7602.0
7365,1,7616,7616.0
7366,1,7644,7644.0
7367,1,7637,7637.0
7368,1,7637,7637.0
7369,1,7644,7644.0
7370,1,7665,7665.0
7371,1,7672,7672.0
7372,1,7679,7679.0
7373,1,7672,7672.0
7374,1,7672,7672.0
7375,1,7672,7672.0
7376,1,7665,7665.0
7377,1,7672,7672.0
7378,1,7679,7679.0
7379,1,7665,7665.0
7380,1,7686,7686.0
7381,1,7686,7686.0
7382,1,7686,7686.0
7383,1,7686,7686.0
7384,1,7665,7665.0
7385,1,7672,7672.0
7386,1,7658,7658.0
7387,1,7672,7672.0
7388,1,7686,7686.0
7389,1,7686,7686.0
7390,1,7672,7672.0
7391,1,7672,7672.0
7392,1,7672,7672.0
7393,1,7679,7679.0
7394,1,7665,7665.0
7395,1,7658,7658.0
7396,1,7658,7658.0
7397,1,7651,7651.0
7398,1,7658,7658.0
7399,1,7651,7651.0
7400,1,7672,7672.0
7401,1,7672,7672.0
7402,1,7679,7679.0
7403,1,7686,7686.0
7404,1,7686,7686.0
7405,1,7672,7672.0
7406,1,7679,7679.0
7407,2,7728,3864.0
7408,2,7742,3871.0
7409,2,7724,3862.0
7410,2,7719,3859.5
7411,2,7723,3861.5
7412,1,7707,7707.0
7413,1,7714,7714.0
7414,1,7728,7728.0
7415,1,7714,7714.0
7416,1,7700,7700.0
7417,1,7707,7707.0
7418,1,7686,7686.0
7419,1,7693,7693.0
7420,1,7693,7693.0
7421,1,7700,7700.0
7422,1,7714,7714.0
7423,1,7714,7714.0
7424,1,7728,7728.0
7425,1,7700,7700.0
7426,1,7714,7714.0
7427,1,7728,7728.0
7428,1,7714,7714.0
7429,1,7735,7735.0
7430,1,7756,7756.0
7431,1,7756,7756.0
7432,1,7742,7742.0
7433,1,7763,7763.0
7434,1,7756,7756.0
7435,1,7749,7749.0
7436,1,7756,7756.0
7437,1,7742,7742.0
7438,1,7756,7756.0
7439,1,7756,7756.0
7440,1,7749,7749.0
7441,1,7735,7735.0
7442,1,7756,7756.0
7443,1,7756,7756.0
7444,1,7749,7749.0
7445,1,7749,7749.0
7446,1,7763,7763.0
7447,1,7749,7749.0
7448,1,7756,7756.0
7449,1,7763,7763.0
7450,1,7777,7777.0
7451,1,7784,7784.0
7452,1,7784,7784.0
7453,1,7749,7749.0
7454,1,7742,7742.0
7455,1,7749,7749.0
7456,1,7742,7742.0
7457,1,7735,7735.0
7458,1,7742,7742.0
7459,1,7735,7735.0
7460,1,7742,7742.0
7461,1,7756,7756.0
7462,1,7756,7756.0
7463,1,7777,7777.0
7464,1,7777,7777.0
7465,1,7770,7770.0
7466,1,7784,7784.0
7467,1,7784,7784.0
7468,1,7770,7770.0
7469,1,7749,7749.0
7470,1,7770,7770.0
7471,1,7756,7756.0
7472,1,7763,7763.0
7473,1,7742,7742.0
7474,1,7756,7756.0
7475,1,7749,7749.0
7476,1,7749,7749.0
7477,1,7742,7742.0
7478,1,7756,7756.0
7479,1,7763,7763.0
7480,1,7756,7756.0
7481,1,7763,7763.0
7482,1,7770,7770.0
7483,1,7756,7756.0
7484,1,7763,7763.0
7485,1,7742,7742.0
7486,1,7763,7763.0
7487,1,7735,7735.0
7488,1,7735,7735.0
7489,1,7742,7742.0
7490,1,7735,7735.0
7491,1,7749,7749.0
7492,1,7742,7742.0
7493,1,7742,7742.0
7494,1,7728,7728.0
7495,1,7721,7721.0
7496,1,7714,7714.0
7497,1,7707,7707.0
7498,1,7721,7721.0
7499,1,7714,7714.0
7500,1,7714,7714.0
7501,1,7721,7721.0
7502,1,7728,7728.0
7503,1,7721,7721.0
7504,1,7735,7735.0
7505,1,7742,7742.0
7506,1,7735,7735.0
7507,1,7742,7742.0
7508,1,7700,7700.0
7509,1,7714,7714.0
7510,1,7742,7742.0
7511,1,7714,7714.0
7512,1,7700,7700.0
7513,1,7707,7707.0
7514,1,7700,7700.0
7515,1,7693,7693.0
7516,1,7707,7707.0
7517,1,7707,7707.0
7518,1,7707,7707.0
7519,1,7707,7707.0
7520,1,7707,7707.0
7521,1,7714,7714.0
7522,1,7721,7721.0
7523,1,7728,7728.0
7524,1,7728,7728.0
7525,1,7735,7735.0
7526,1,7728,7728.0
7527,1,7728,7728.0
7528,1,7721,7721.0
7529,1,7714,7714.0
7530,1,7728,7728.0
7531,1,7728,7728.0
7532,1,7742,7742.0
7533,1,7728,7728.0
7534,1,7742,7742.0
7535,1,7756,7756.0
7536,1,7749,7749.0
7537,1,7749,7749.0
7538,1,7763,7763.0
7539,1,7728,7728.0
7540,1,7735,7735.0
7541,1,7742,7742.0
7542,1,7756,7756.0
7543,1,7749,7749.0
7544,1,7756,7756.0
7545,1,7742,7742.0
7546,1,7735,7735.0
7547,1,7735,7735.0
7548,1,7721,7721.0
7549,1,7728,7728.0
7550,1,7714,7714.0
7551,1,7714,7714.0
7552,1,7700,7700.0
7553,1,7714,7714.0
7554,1,7714,7714.0
7555,1,7735,7735.0
7556,1,7728,7728.0
7557,1,7721,7721.0
7558,1,7721,7721.0
7559,1,7728,7728.0
7560,1,7707,7707.0
7561,1,7693,7693.0
7562,1,7721,7721.0
7563,1,7714,7714.0
7564,1,7721,7721.0
7565,1,7721,7721.0
7566,1,7735,7735.0
7567,1,7721,7721.0
7568,1,7714,7714.0
7569,1,7714,7714.0
7570,1,7714,7714.0
7571,1,7728,7728.0
7572,1,7714,7714.0
7573,1,7728,7728.0
7574,1,7742,7742.0
7575,1,7721,7721.0
7576,1,7735,7735.0
7577,1,7707,7707.0
7578,1,7735,7735.0
7579,1,7714,7714.0
7580,1,7707,7707.0
7581,1,7707,7707.0
7582,1,7714,7714.0
7583,1,7700,7700.0
7584,1,7707,7707.0
7585,1,7728,7728.0
7586,1,7707,7707.0
7587,1,7700,7700.0
7588,1,7700,7700.0
7589,1,7707,7707.0
7590,1,7714,7714.0
7591,1,7700,7700.0
7592,1,7721,7721.0
7593,2,7721,3860.5
7594,1,7735,7735.0
7595,1,7707,7707.0
7596,1,7735,7735.0
7597,1,7714,7714.0
7598,1,7686,7686.0
7599,1,7700,7700.0
7600,1,7693,7693.0
7601,1,7686,7686.0
7602,1,7686,7686.0
7603,1,7700,7700.0
7604,1,7714,7714.0
7605,1,7693,7693.0
7606,1,7679,7679.0
7607,1,7686,7686.0
7608,1,7679,7679.0
7609,1,7665,7665.0
7610,1,7665,7665.0
7611,1,7665,7665.0
7612,1,7672,7672.0
7613,1,7665,7665.0
7614,1,7672,7672.0
7615,1,7665,7665.0
7616,1,7665,7665.0
7617,1,7686,7686.0
7618,1,7665,7665.0
7619,1,7672,7672.0
7620,1,7672,7672.0
7621,1,7665,7665.0
7622,1,7693,7693.0
7623,1,7700,7700.0
7624,1,7693,7693.0
7625,1,7707,7707.0
7626,1,7686,7686.0
7627,1,7714,7714.0
7628,1,7714,7714.0
7629,1,7707,7707.0
7630,1,7693,7693.0
7631,1,7665,7665.0
7632,1,7693,7693.0
7633,1,7693,7693.0
7634,1,7693,7693.0
7635,1,7693,7693.0
7636,1,7693,7693.0
7637,1,7686,7686.0
7638,1,7707,7707.0
7639,1,7700,7700.0
7640,1,7644,7644.0
7641,1,7658,7658.0
7642,1,7658,7658.0
7643,1,7679,7679.0
7644,1,7679,7679.0
7645,1,7686,7686.0
7646,1,7658,7658.0
7647,1,7637,7637.0
7648,1,7623,7623.0
7649,1,7637,7637.0
7650,1,7651,7651.0
7651,1,7651,7651.0
7652,1,7644,7644.0
7653,1,7658,7658.0
7654,1,7630,7630.0
7655,1,7623,7623.0
7656,1,7623,7623.0
7657,1,7630,7630.0
7658,1,7623,7623.0
7659,1,7616,7616.0
7660,1,7609,7609.0
7661,1,7630,7630.0
7662,1,7623,7623.0
7663,1,7637,7637.0
7664,1,7630,7630.0
7665,1,7644,7644.0
7666,1,7637,7637.0
7667,1,7637,7637.0
7668,1,7637,7637.0
7669,1,7637,7637.0
7670,1,7637,7637.0
7671,2,7679,3839.5
7672,1,7644,7644.0
7673,2,7665,3832.5
7674,1,7623,7623.0
7675,2,7665,3832.5
7676,2,7651,3825.5
7677,1,7616,7616.0
7678,1,7609,7609.0
7679,1,7616,7616.0
7680,1,7616,7616.0
7681,1,7616,7616.0
7682,1,7623,7623.0
7683,1,7644,7644.0
7684,1,7644,7644.0
7685,1,7644,7644.0
7686,1,7644,7644.0
7687,1,7651,7651.0
7688,1,7637,7637.0
7689,1,7637,7637.0
7690,1,7637,7637.0
7691,1,7644,7644.0
7692,1,7637,7637.0
7693,1,7630,7630.0
7694,1,7630,7630.0
7695,1,7616,7616.0
7696,1,7637,7637.0
7697,1,7623,7623.0
7698,1,7623,7623.0
7699,1,7623,7623.0
7700,1,7616,7616.0
7701,1,7630,7630.0
7702,1,7630,7630.0
7703,1,7616,7616.0
7704,1,7616,7616.0
7705,1,7595,7595.0
7706,1,7588,7588.0
7707,1,7602,7602.0
7708,1,7602,7602.0
7709,1,7623,7623.0
7710,1,7644,7644.0
7711,1,7644,7644.0
7712,1,7630,7630.0
7713,1,7637,7637.0
7714,1,7637,7637.0
7715,1,7623,7623.0
7716,1,7623,7623.0
7717,1,7637,7637.0
7718,1,7637,7637.0
7719,1,7623,7623.0
7720,1,7616,7616.0
7721,1,7637,7637.0
7722,1,7630,7630.0
7723,1,7623,7623.0
7724,1,7623,7623.0
7725,1,7616,7616.0
7726,1,7616,7616.0
7727,1,7630,7630.0
7728,1,7623,7623.0
7729,1,7630,7630.0
7730,1,7637,7637.0
7731,1,7644,7644.0
7732,1,7609,7609.0
7733,1,7623,7623.0
7734,1,7623,7623.0
7735,1,7630,7630.0
7736,1,7630,7630.0
7737,1,7623,7623.0
7738,1,7623,7623.0
7739,2,7658,3829.0
7740,2,7651,3825.5
7741,1,7637,7637.0
7742,1,7644,7644.0
7743,1,7630,7630.0
7744,1,7623,7623.0
7745,1,7609,7609.0
7746,1,7609,7609.0
7747,1,7609,7609.0
7748,1,7623,7623.0
7749,1,7616,7616.0
7750,1,7602,7602.0
7751,1,7609,7609.0
7752,1,7623,7623.0
7753,1,7616,7616.0
7754,1,7616,7616.0
7755,1,7616,7616.0
7756,1,7616,7616.0
7757,1,7623,7623.0
7758,1,7623,7623.0
7759,1,7616,7616.0
7760,1,7609,7609.0
7761,1,7616,7616.0
7762,1,7609,7609.0
7763,1,7616,7616.0
7764,1,7616,7616.0
7765,1,7602,7602.0
7766,1,7602,7602.0
7767,1,7602,7602.0
7768,1,7602,7602.0
7769,1,7609,7609.0
7770,1,7609,7609.0
7771,1,7609,7609.0
7772,1,7595,7595.0
7773,2,7622,3811.0
7774,1,7595,7595.0
7775,1,7581,7581.0
7776,1,7581,7581.0
7777,1,7595,7595.0
7778,1,7595,7595.0
7779,1,7581,7581.0
7780,1,7581,7581.0
7781,1,7588,7588.0
7782,1,7616,7616.0
7783,1,7623,7623.0
7784,1,7616,7616.0
7785,1,7588,7588.0
7786,1,7602,7602.0
7787,1,7602,7602.0
7788,1,7588,7588.0
7789,1,7595,7595.0
7790,1,7581,7581.0
7791,1,7581,7581.0
7792,1,7581,7581.0
7793,1,7581,7581.0
7794,1,7581,7581.0
7795,1,7588,7588.0
7796,1,7581,7581.0
7797,1,7588,7588.0
7798,1,7595,7595.0
7799,1,7581,7581.0
7800,1,7581,7581.0
7801,1,7574,7574.0
7802,1,7567,7567.0
7803,1,7574,7574.0
7804,1,7581,7581.0
7805,1,7581,7581.0
7806,1,7574,7574.0
7807,1,7588,7588.0
7808,1,7595,7595.0
7809,1,7588,7588.0
7810,1,7602,7602.0
7811,2,7627,3813.5
7812,1,7602,7602.0
7813,1,7602,7602.0
7814,1,7595,7595.0
7815,1,7595,7595.0
7816,1,7588,7588.0
7817,2,7651,3825.5
7818,1,7616,7616.0
7819,1,7616,7616.0
7820,1,7595,7595.0
7821,2,7658,3829.0
7822,2,7651,3825.5
7823,2,7651,3825.5
7824,2,7651,3825.5
7825,2,7644,3822.0
7826,2,7623,3811.5
7827,1,7588,7588.0
7828,1,7588,7588.0
7829,1,7595,7595.0
7830,1,7616,7616.0
7831,1,7588,7588.0
7832,1,7609,7609.0
7833,1,7574,7574.0
7834,1,7581,7581.0
7835,1,7588,7588.0
7836,1,7588,7588.0
7837,1,7616,7616.0
7838,1,7623,7623.0
7839,1,7602,7602.0
7840,1,7616,7616.0
7841,1,7609,7609.0
7842,1,7595,7595.0
7843,1,7595,7595.0
7844,1,7574,7574.0
7845,1,7588,7588.0
7846,1,7609,7609.0
7847,1,7609,7609.0
7848,1,7609,7609.0
7849,1,7609,7609.0
7850,1,7595,7595.0
7851,1,7588,7588.0
7852,1,7609,7609.0
7853,1,7623,7623.0
7854,1,7616,7616.0
7855,1,7581,7581.0
7856,1,7595,7595.0
7857,1,7595,7595.0
7858,1,7588,7588.0
7859,1,7602,7602.0
7860,1,7609,7609.0
7861,1,7609,7609.0
7862,1,7616,7616.0
7863,1,7609,7609.0
7864,1,7609,7609.0
7865,1,7609,7609.0
7866,1,7602,7602.0
7867,1,7616,7616.0
7868,1,7616,7616.0
7869,1,7616,7616.0
7870,1,7595,7595.0
7871,1,7609,7609.0
7872,1,7581,7581.0
7873,1,7595,7595.0
7874,1,7595,7595.0
7875,1,7595,7595.0
7876,1,7609,7609.0
7877,1,7616,7616.0
7878,1,7609,7609.0
7879,1,7616,7616.0
7880,1,7623,7623.0
7881,1,7623,7623.0
7882,1,7616,7616.0
7883,1,7609,7609.0
7884,1,7602,7602.0
7885,1,7588,7588.0
7886,1,7588,7588.0
7887,1,7595,7595.0
7888,1,7595,7595.0
7889,1,7581,7581.0
7890,1,7595,7595.0
7891,1,7574,7574.0
7892,1,7588,7588.0
7893,1,7567,7567.0
7894,1,7574,7574.0
7895,1,7567,7567.0
7896,1,7560,7560.0
7897,1,7574,7574.0
7898,1,7581,7581.0
7899,1,7581,7581.0
7900,1,7574,7574.0
7901,1,7588,7588.0
7902,1,7588,7588.0
7903,1,7588,7588.0
7904,1,7574,7574.0
7905,1,7581,7581.0
7906,1,7560,7560.0
7907,1,7567,7567.0
7908,1,7567,7567.0
7909,1,7595,7595.0
7910,1,7560,7560.0
7911,1,7567,7567.0
7912,1,7574,7574.0
7913,1,7567,7567.0
7914,1,7602,7602.0
7915,1,7616,7616.0
7916,1,7616,7616.0
7917,1,7588,7588.0
7918,1,7595,7595.0
7919,1,7574,7574.0
7920,1,7609,7609.0
7921,1,7616,7616.0
7922,1,7595,7595.0
7923,1,7588,7588.0
7924,1,7602,7602.0
7925,1,7616,7616.0
7926,1,7616,7616.0
7927,1,7630,7630.0
7928,1,7616,7616.0
7929,1,7616,7616.0
7930,1,7588,7588.0
7931,1,7588,7588.0
7932,1,7602,7602.0
7933,1,7595,7595.0
7934,1,7588,7588.0
7935,1,7609,7609.0
7936,1,7595,7595.0
7937,1,7602,7602.0
7938,1,7609,7609.0
7939,1,7602,7602.0
7940,1,7588,7588.0
7941,1,7567,7567.0
7942,1,7602,7602.0
7943,1,7616,7616.0
7944,1,7602,7602.0
7945,1,7616,7616.0
7946,1,7595,7595.0
7947,1,7616,7616.0
7948,1,7602,7602.0
7949,1,7609,7609.0
7950,1,7609,7609.0
7951,1,7588,7588.0
7952,1,7602,7602.0
7953,1,7595,7595.0
7954,1,7623,7623.0
7955,1,7616,7616.0
7956,1,7616,7616.0
7957,1,7609,7609.0
7958,1,7609,7609.0
7959,1,7623,7623.0
7960,1,7616,7616.0
7961,1,7637,7637.0
7962,1,7630,7630.0
7963,1,7630,7630.0
7964,1,7637,7637.0
7965,1,7651,7651.0
7966,1,7637,7637.0
7967,1,7637,7637.0
7968,1,7637,7637.0
7969,1,7644,7644.0
7970,1,7658,7658.0
7971,1,7644,7644.0
7972,1,7637,7637.0
7973,1,7623,7623.0
7974,1,7637,7637.0
7975,1,7623,7623.0
7976,1,7630,7630.0
7977,1,7637,7637.0
7978,1,7623,7623.0
7979,1,7623,7623.0
7980,1,7609,7609.0
7981,1,7616,7616.0
7982,1,7609,7609.0
7983,1,7602,7602.0
7984,1,7623,7623.0
7985,1,7644,7644.0
7986,1,7637,7637.0
7987,1,7637,7637.0
7988,1,7630,7630.0
7989,1,7637,7637.0
7990,1,7630,7630.0
7991,1,7637,7637.0
7992,1,7644,7644.0
7993,1,7623,7623.0
7994,1,7651,7651.0
7995,1,7651,7651.0
7996,1,7644,7644.0
7997,1,7651,7651.0
7998,1,7651,7651.0
7999,1,7651,7651.0
8000,1,7651,7651.0
8001,1,7644,7644.0
8002,1,7637,7637.0
8003,1,7616,7616.0
8004,1,7630,7630.0
8005,1,7644,7644.0
8006,1,7623,7623.0
8007,1,7623,7623.0
8008,1,7637,7637.0
8009,2,7683,3841.5
8010,2,7658,3829.0
8011,2,7665,3832.5
8012,1,7630,7630.0
8013,1,7623,7623.0
8014,1,7616,7616.0
8015,1,7630,7630.0
8016,1,7616,7616.0
8017,1,7623,7623.0
8018,1,7651,7651.0
8019,1,7644,7644.0
8020,1,7630,7630.0
8021,1,7602,7602.0
8022,1,7602,7602.0
8023,1,7630,7630.0
8024,1,7651,7651.0
8025,1,7630,7630.0
8026,1,7658,7658.0
8027,1,7651,7651.0
8028,1,7651,7651.0
8029,1,7637,7637.0
8030,1,7637,7637.0
8031,1,7630,7630.0
8032,1,7644,7644.0
8033,1,7665,7665.0
8034,1,7665,7665.0
8035,1,7665,7665.0
8036,1,7658,7658.0
8037,1,7665,7665.0
8038,1,7665,7665.0
8039,1,7658,7658.0
8040,1,7665,7665.0
8041,1,7693,7693.0
8042,1,7679,7679.0
8043,1,7672,7672.0
8044,1,7658,7658.0
8045,1,7679,7679.0
8046,1,7672,7672.0
8047,1,7672,7672.0
8048,1,7658,7658.0
8049,1,7658,7658.0
8050,1,7665,7665.0
8051,1,7658,7658.0
8052,1,7693,7693.0
8053,1,7672,7672.0
8054,1,7693,7693.0
8055,1,7665,7665.0
8056,1,7700,7700.0
8057,1,7686,7686.0
8058,1,7714,7714.0
8059,1,7686,7686.0
8060,1,7665,7665.0
8061,1,7665,7665.0
8062,1,7637,7637.0
8063,1,7665,7665.0
8064,1,7651,7651.0
8065,1,7665,7665.0
8066,1,7665,7665.0
8067,1,7665,7665.0
8068,1,7658,7658.0
8069,1,7665,7665.0
8070,1,7644,7644.0
8071,1,7658,7658.0
8072,1,7665,7665.0
8073,1,7672,7672.0
8074,1,7679,7679.0
8075,1,7679,7679.0
8076,1,7630,7630.0
8077,1,7637,7637.0
8078,1,7651,7651.0
8079,1,7644,7644.0
8080,1,7651,7651.0
8081,1,7637,7637.0
8082,1,7658,7658.0
8083,1,7637,7637.0
8084,1,7644,7644.0
8085,1,7637,7637.0
8086,1,7651,7651.0
8087,1,7651,7651.0
8088,1,7630,7630.0
8089,1,7644,7644.0
8090,1,7637,7637.0
8091,1,7623,7623.0
8092,1,7637,7637.0
8093,1,7630,7630.0
8094,1,7637,7637.0
8095,1,7644,7644.0
8096,1,7644,7644.0
8097,1,7644,7644.0
8098,1,7658,7658.0
8099,1,7651,7651.0
8100,1,7651,7651.0
8101,1,7637,7637.0
8102,1,7630,7630.0
8103,1,7644,7644.0
8104,1,7609,7609.0
8105,1,7616,7616.0
8106,2,7656,3828.0
8107,1,7637,7637.0
8108,1,7644,7644.0
8109,1,7637,7637.0
8110,1,7595,7595.0
8111,1,7630,7630.0
8112,1,7644,7644.0
8113,1,7637,7637.0
8114,1,7658,7658.0
8115,1,7651,7651.0
8116,1,7637,7637.0
8117,1,7630,7630.0
8118,1,7644,7644.0
8119,1,7644,7644.0
8120,1,7665,7665.0
8121,1,7672,7672.0
8122,1,7679,7679.0
8123,1,7679,7679.0
8124,1,7679,7679.0
8125,1,7679,7679.0
8126,1,7665,7665.0
8127,1,7658,7658.0
8128,1,7651,7651.0
8129,1,7658,7658.0
8130,1,7658,7658.0
8131,1,7679,7679.0
8132,1,7665,7665.0
8133,1,7658,7658.0
8134,1,7658,7658.0
8135,1,7658,7658.0
8136,1,7665,7665.0
8137,1,7658,7658.0
8138,1,7665,7665.0
8139,1,7644,7644.0
8140,1,7651,7651.0
8141,1,7658,7658.0
8142,1,7637,7637.0
8143,1,7644,7644.0
8144,1,7658,7658.0
8145,1,7658,7658.0
8146,1,7651,7651.0
8147,1,7651,7651.0
8148,1,7658,7658.0
8149,1,7658,7658.0
8150,1,7644,7644.0
8151,1,7644,7644.0
8152,1,7637,7637.0
8153,1,7651,7651.0
8154,1,7672,7672.0
8155,1,7679,7679.0
8156,1,7665,7665.0
8157,1,7665,7665.0
8158,1,7665,7665.0
8159,1,7672,7672.0
8160,1,7665,7665.0
8161,1,7658,7658.0
8162,1,7658,7658.0
8163,1,7658,7658.0
8164,1,7658,7658.0
8165,1,7651,7651.0
8166,1,7651,7651.0
8167,1,7658,7658.0
8168,1,7658,7658.0
8169,1,7651,7651.0
8170,1,7658,7658.0
8171,1,7665,7665.0
8172,1,7658,7658.0
8173,1,7651,7651.0
8174,1,7658,7658.0
8175,1,7651,7651.0
8176,1,7651,7651.0
8177,1,7644,7644.0
8178,1,7644,7644.0
8179,1,7637,7637.0
8180,1,7644,7644.0
8181,1,7658,7658.0
8182,1,7658,7658.0
8183,1,7658,7658.0
8184,1,7665,7665.0
8185,1,7651,7651.0
8186,1,7658,7658.0
8187,1,7644,7644.0
8188,1,7658,7658.0
8189,1,7658,7658.0
8190,1,7644,7644.0
8191,1,7644,7644.0
8192,1,7665,7665.0
8193,1,7644,7644.0
8194,1,7644,7644.0
8195,1,7644,7644.0
8196,1,7644,7644.0
8197,1,7658,7658.0
8198,1,7651,7651.0
8199,1,7651,7651.0
8200,1,7644,7644.0
8201,1,7665,7665.0
8202,1,7679,7679.0
8203,1,7665,7665.0
8204,1,7630,7630.0
8205,1,7616,7616.0
8206,1,7637,7637.0
8207,1,7623,7623.0
8208,1,7630,7630.0
8209,1,7623,7623.0
8210,1,7630,7630.0
8211,1,7623,7623.0
8212,1,7623,7623.0
8213,1,7644,7644.0
8214,1,7616,7616.0
8215,1,7630,7630.0
8216,1,7644,7644.0
8217,1,7637,7637.0
8218,1,7644,7644.0
8219,1,7630,7630.0
8220,1,7630,7630.0
8221,1,7630,7630.0
8222,1,7609,7609.0
8223,2,7649,3824.5
8224,2,7644,3822.0
8225,2,7665,3832.5
8226,1,7630,7630.0
8227,1,7623,7623.0
8228,1,7588,7588.0
8229,1,7581,7581.0
8230,1,7581,7581.0
8231,2,7651,3825.5
8232,2,7650,3825.0
8233,1,7630,7630.0
8234,1,7609,7609.0
8235,1,7658,7658.0
8236,1,7623,7623.0
8237,1,7630,7630.0
8238,1,7602,7602.0
8239,1,7623,7623.0
8240,1,7609,7609.0
8241,1,7602,7602.0
8242,1,7602,7602.0
8243,1,7602,7602.0
8244,1,7602,7602.0
8245,1,7595,7595.0
8246,1,7588,7588.0
8247,1,7581,7581.0
8248,1,7581,7581.0
8249,1,7581,7581.0
8250,1,7595,7595.0
8251,1,7588,7588.0
8252,1,7595,7595.0
8253,1,7609,7609.0
8254,1,7602,7602.0
8255,1,7581,7581.0
8256,1,7588,7588.0
8257,1,7588,7588.0
8258,1,7602,7602.0
8259,1,7609,7609.0
8260,1,7588,7588.0
8261,1,7588,7588.0
8262,1,7581,7581.0
8263,1,7595,7595.0
8264,1,7595,7595.0
8265,1,7602,7602.0
8266,1,7595,7595.0
8267,1,7602,7602.0
8268,1,7616,7616.0
8269,1,7616,7616.0
8270,1,7616,7616.0
8271,1,7616,7616.0
8272,1,7623,7623.0
8273,1,7616,7616.0
8274,1,7595,7595.0
8275,1,7602,7602.0
8276,1,7602,7602.0
8277,1,7595,7595.0
8278,1,7581,7581.0
8279,1,7567,7567.0
8280,1,7574,7574.0
8281,1,7574,7574.0
8282,1,7595,7595.0
8283,1,7595,7595.0
8284,1,7588,7588.0
8285,1,7595,7595.0
8286,1,7588,7588.0
8287,1,7595,7595.0
8288,1,7609,7609.0
8289,1,7602,7602.0
8290,1,7595,7595.0
8291,1,7602,7602.0
8292,1,7609,7609.0
8293,1,7602,7602.0
8294,1,7595,7595.0
8295,1,7609,7609.0
8296,1,7588,7588.0
8297,1,7581,7581.0
8298,1,7581,7581.0
8299,1,7567,7567.0
8300,1,7574,7574.0
8301,1,7574,7574.0
8302,1,7574,7574.0
8303,1,7595,7595.0
8304,1,7588,7588.0
8305,1,7588,7588.0
8306,1,7588,7588.0
8307,1,7581,7581.0
8308,1,7595,7595.0
8309,1,7595,7595.0
8310,1,7595,7595.0
8311,1,7581,7581.0
8312,1,7595,7595.0
8313,1,7581,7581.0
8314,1,7567,7567.0
8315,1,7560,7560.0
8316,1,7567,7567.0
8317,1,7567,7567.0
8318,1,7560,7560.0
8319,1,7553,7553.0
8320,1,7560,7560.0
8321,1,7560,7560.0
8322,1,7553,7553.0
8323,1,7574,7574.0
8324,1,7574,7574.0
8325,1,7574,7574.0
8326,1,7567,7567.0
8327,1,7574,7574.0
8328,1,7574,7574.0
8329,1,7588,7588.0
8330,1,7560,7560.0
8331,1,7560,7560.0
8332,1,7560,7560.0
8333,1,7539,7539.0
8334,2,7567,3783.5
8335,1,7553,7553.0
8336,2,7588,3794.0
8337,1,7567,7567.0
8338,1,7553,7553.0
8339,1,7574,7574.0
8340,1,7539,7539.0
8341,1,7574,7574.0
8342,1,7560,7560.0
8343,1,7567,7567.0
8344,1,7567,7567.0
8345,1,7574,7574.0
8346,1,7588,7588.0
8347,1,7567,7567.0
8348,1,7581,7581.0
8349,1,7588,7588.0
8350,1,7602,7602.0
8351,1,7581,7581.0
8352,1,7581,7581.0
8353,1,7581,7581.0
8354,1,7588,7588.0
8355,1,7560,7560.0
8356,1,7574,7574.0
8357,1,7574,7574.0
8358,1,7588,7588.0
8359,1,7588,7588.0
8360,1,7595,7595.0
8361,1,7588,7588.0
8362,1,7574,7574.0
8363,1,7553,7553.0
8364,1,7574,7574.0
8365,1,7560,7560.0
8366,1,7574,7574.0
8367,1,7574,7574.0
8368,1,7574,7574.0
8369,1,7574,7574.0
8370,1,7567,7567.0
8371,1,7588,7588.0
8372,1,7574,7574.0
8373,1,7581,7581.0
8374,1,7574,7574.0
8375,1,7588,7588.0
8376,1,7595,7595.0
8377,1,7588,7588.0
8378,1,7588,7588.0
8379,1,7595,7595.0
8380,1,7595,7595.0
8381,1,7609,7609.0
8382,1,7616,7616.0
8383,1,7616,7616.0
8384,1,7609,7609.0
8385,1,7623,7623.0
8386,1,7609,7609.0
8387,1,7616,7616.0
8388,1,7595,7595.0
8389,1,7609,7609.0
8390,1,7609,7609.0
8391,1,7595,7595.0
8392,1,7588,7588.0
8393,1,7567,7567.0
8394,1,7546,7546.0
8395,1,7553,7553.0
8396,1,7574,7574.0
8397,1,7581,7581.0
8398,1,7574,7574.0
8399,1,7602,7602.0
8400,1,7602,7602.0
8401,1,7595,7595.0
8402,1,7581,7581.0
8403,1,7588,7588.0
8404,1,7567,7567.0
8405,1,7567,7567.0
8406,1,7581,7581.0
8407,1,7574,7574.0
8408,1,7581,7581.0
8409,1,7574,7574.0
8410,1,7581,7581.0
8411,1,7595,7595.0
8412,1,7602,7602.0
8413,1,7574,7574.0
8414,1,7581,7581.0
8415,1,7581,7581.0
8416,1,7602,7602.0
8417,1,7602,7602.0
8418,1,7560,7560.0
8419,1,7560,7560.0
8420,1,7567,7567.0
8421,1,7560,7560.0
8422,1,7567,7567.0
8423,1,7595,7595.0
8424,1,7602,7602.0
8425,1,7616,7616.0
8426,1,7602,7602.0
8427,1,7609,7609.0
8428,1,7602,7602.0
8429,1,7595,7595.0
8430,1,7609,7609.0
8431,1,7602,7602.0
8432,1,7602,7602.0
8433,1,7602,7602.0
8434,1,7602,7602.0
8435,1,7588,7588.0
8436,1,7588,7588.0
8437,1,7602,7602.0
8438,1,7595,7595.0
8439,1,7595,7595.0
8440,1,7588,7588.0
8441,1,7595,7595.0
8442,1,7595,7595.0
8443,1,7588,7588.0
8444,1,7595,7595.0
8445,1,7588,7588.0
8446,1,7588,7588.0
8447,1,7602,7602.0
8448,1,7595,7595.0
8449,1,7588,7588.0
8450,1,7581,7581.0
8451,1,7581,7581.0
8452,1,7581,7581.0
8453,1,7581,7581.0
8454,1,7567,7567.0
8455,1,7581,7581.0
8456,1,7567,7567.0
8457,1,7567,7567.0
8458,1,7553,7553.0
8459,1,7553,7553.0
8460,1,7553,7553.0
8461,1,7567,7567.0
8462,1,7567,7567.0
8463,1,7588,7588.0
8464,1,7567,7567.0
8465,1,7567,7567.0
8466,1,7595,7595.0
8467,1,7595,7595.0
8468,1,7602,7602.0
8469,1,7574,7574.0
8470,1,7574,7574.0
8471,1,7595,7595.0
8472,1,7581,7581.0
8473,1,7581,7581.0
8474,1,7595,7595.0
8475,1,7602,7602.0
8476,1,7581,7581.0
8477,1,7602,7602.0
8478,1,7602,7602.0
8479,1,7588,7588.0
8480,1,7602,7602.0
8481,1,7623,7623.0
8482,1,7637,7637.0
8483,1,7651,7651.0
8484,1,7658,7658.0
8485,1,7623,7623.0
8486,1,7637,7637.0
8487,1,7623,7623.0
8488,1,7637,7637.0
8489,1,7637,7637.0
8490,1,7637,7637.0
8491,1,7623,7623.0
8492,1,7637,7637.0
8493,1,7630,7630.0
8494,1,7637,7637.0
8495,1,7630,7630.0
8496,1,7644,7644.0
8497,1,7637,7637.0
8498,1,7623,7623.0
8499,1,7637,7637.0
8500,1,7651,7651.0
8501,1,7644,7644.0
8502,1,7637,7637.0
8503,1,7658,7658.0
8504,1,7651,7651.0
8505,1,7644,7644.0
8506,1,7651,7651.0
8507,1,7609,7609.0
8508,1,7637,7637.0
8509,1,7630,7630.0
8510,1,7637,7637.0
8511,1,7623,7623.0
8512,1,7644,7644.0
8513,1,7630,7630.0
8514,1,7637,7637.0
8515,1,7609,7609.0
8516,1,7623,7623.0
8517,1,7616,7616.0
8518,1,7602,7602.0
8519,1,7616,7616.0
8520,1,7602,7602.0
8521,1,7602,7602.0
8522,1,7623,7623.0
8523,1,7644,7644.0
8524,1,7637,7637.0
8525,1,7630,7630.0
8526,2,7665,3832.5
8527,1,7630,7630.0
8528,2,7665,3832.5
8529,1,7637,7637.0
8530,1,7637,7637.0
8531,1,7630,7630.0
8532,1,7630,7630.0
8533,1,7630,7630.0
8534,1,7602,7602.0
8535,1,7609,7609.0
8536,1,7630,7630.0
8537,1,7630,7630.0
8538,1,7609,7609.0
8539,1,7609,7609.0
8540,1,7616,7616.0
8541,1,7623,7623.0
8542,1,7609,7609.0
8543,1,7609,7609.0
8544,1,7609,7609.0
8545,1,7595,7595.0
8546,1,7609,7609.0
8547,1,7595,7595.0
8548,2,7637,3818.5
8549,1,7616,7616.0
8550,1,7616,7616.0
8551,2,7651,3825.5
8552,2,7658,3829.0
8553,2,7651,3825.5
8554,2,7651,3825.5
8555,2,7651,3825.5
8556,2,7630,3815.0
8557,2,7637,3818.5
8558,1,7602,7602.0
8559,1,7609,7609.0
8560,1,7588,7588.0
8561,1,7588,7588.0
8562,1,7630,7630.0
8563,1,7609,7609.0
8564,1,7630,7630.0
8565,1,7616,7616.0
8566,1,7609,7609.0
8567,1,7616,7616.0
8568,1,7609,7609.0
8569,1,7602,7602.0
8570,1,7630,7630.0
8571,1,7637,7637.0
8572,1,7623,7623.0
8573,1,7651,7651.0
8574,1,7651,7651.0
8575,1,7630,7630.0
8576,1,7637,7637.0
8577,2,7657,3828.5
8578,2,7648,3824.0
8579,2,7635,3817.5
8580,2,7621,3810.5
8581,1,7581,7581.0
8582,1,7595,7595.0
8583,1,7581,7581.0
8584,1,7567,7567.0
8585,1,7574,7574.0
8586,2,7644,3822.0
8587,1,7595,7595.0
8588,2,7630,3815.0
8589,3,7658,2552.7
8590,2,7623,3811.5
8591,2,7630,3815.0
8592,2,7637,3818.5
8593,2,7630,3815.0
8594,2,7623,3811.5
8595,2,7637,3818.5
8596,2,7630,3815.0
8597,2,7644,3822.0
8598,3,7672,2557.3
8599,3,7665,2555.0
8600,2,7623,3811.5
8601,1,7616,7616.0
8602,2,7602,3801.0
8603,2,7602,3801.0
8604,2,7609,3804.5
8605,2,7602,3801.0
8606,2,7616,3808.0
8607,2,7602,3801.0
8608,1,7581,7581.0
8609,1,7595,7595.0
8610,1,7595,7595.0
8611,1,7588,7588.0
8612,1,7567,7567.0
8613,1,7581,7581.0
8614,1,7588,7588.0
8615,1,7581,7581.0
8616,1,7581,7581.0
8617,1,7581,7581.0
8618,1,7595,7595.0
8619,1,7588,7588.0
8620,1,7574,7574.0
8621,1,7588,7588.0
8622,1,7588,7588.0
8623,1,7588,7588.0
8624,1,7595,7595.0
8625,1,7581,7581.0
8626,1,7595,7595.0
8627,1,7602,7602.0
8628,1,7602,7602.0
8629,1,7588,7588.0
8630,1,7595,7595.0
8631,1,7595,7595.0
8632,1,7602,7602.0
8633,1,7609,7609.0
8634,1,7567,7567.0
8635,1,7567,7567.0
8636,1,7560,7560.0
8637,1,7567,7567.0
8638,1,7581,7581.0
8639,1,7581,7581.0
8640,1,7567,7567.0
8641,1,7574,7574.0
8642,1,7574,7574.0
8643,1,7595,7595.0
8644,1,7609,7609.0
8645,1,7595,7595.0
8646,1,7602,7602.0
8647,1,7588,7588.0
8648,1,7616,7616.0
8649,1,7623,7623.0
8650,1,7637,7637.0
8651,1,7630,7630.0
8652,1,7637,7637.0
8653,1,7623,7623.0
8654,1,7637,7637.0
8655,1,7637,7637.0
8656,1,7623,7623.0
8657,1,7616,7616.0
8658,1,7616,7616.0
8659,1,7623,7623.0
8660,1,7623,7623.0
8661,1,7630,7630.0
8662,1,7623,7623.0
8663,1,7630,7630.0
8664,1,7623,7623.0
8665,1,7616,7616.0
8666,1,7637,7637.0
8667,1,7644,7644.0
8668,1,7630,7630.0
8669,1,7616,7616.0
8670,1,7623,7623.0
8671,1,7616,7616.0
8672,1,7595,7595.0
8673,2,7630,3815.0
8674,2,7630,3815.0
8675,2,7651,3825.5
8676,2,7623,3811.5
8677,2,7616,3808.0
8678,2,7602,3801.0
8679,2,7602,3801.0
8680,1,7532,7532.0
8681,1,7560,7560.0
8682,2,7602,3801.0
8683,2,7616,3808.0
8684,1,7581,7581.0
8685,1,7623,7623.0
8686,1,7623,7623.0
8687,1,7602,7602.0
8688,1,7581,7581.0
8689,1,7602,7602.0
8690,1,7609,7609.0
8691,1,7623,7623.0
8692,1,7623,7623.0
8693,1,7630,7630.0
8694,1,7609,7609.0
8695,1,7623,7623.0
8696,1,7630,7630.0
8697,2,7644,3822.0
8698,1,7616,7616.0
8699,1,7644,7644.0
8700,1,7602,7602.0
8701,1,7616,7616.0
8702,1,7602,7602.0
8703,2,7616,3808.0
8704,2,7644,3822.0
8705,1,7595,7595.0
8706,1,7588,7588.0
8707,1,7609,7609.0
8708,1,7574,7574.0
8709,1,7609,7609.0
8710,1,7602,7602.0
8711,1,7588,7588.0
8712,1,7602,7602.0
8713,1,7595,7595.0
8714,1,7581,7581.0
8715,1,7588,7588.0
8716,1,7581,7581.0
8717,1,7588,7588.0
8718,1,7609,7609.0
8719,1,7581,7581.0
8720,1,7609,7609.0
8721,2,7651,3825.5
8722,1,7623,7623.0
8723,1,7609,7609.0
8724,2,7630,3815.0
8725,2,7644,3822.0
8726,2,7665,3832.5
8727,1,7623,7623.0
8728,2,7651,3825.5
8729,2,7637,3818.5
8730,1,7616,7616.0
8731,2,7644,3822.0
8732,2,7637,3818.5
8733,2,7644,3822.0
8734,1,7609,7609.0
8735,2,7644,3822.0
8736,2,7651,3825.5
8737,2,7651,3825.5
8738,2,7644,3822.0
8739,2,7637,3818.5
8740,1,7595,7595.0
8741,1,7567,7567.0
8742,1,7560,7560.0
8743,1,7595,7595.0
8744,1,7574,7574.0
8745,1,7574,7574.0
8746,1,7588,7588.0
8747,1,7560,7560.0
8748,1,7574,7574.0
8749,1,7595,7595.0
8750,1,7581,7581.0
8751,1,7588,7588.0
8752,1,7588,7588.0
8753,1,7595,7595.0
8754,1,7581,7581.0
8755,2,7609,3804.5
8756,1,7560,7560.0
8757,1,7574,7574.0
8758,2,7602,3801.0
8759,2,7602,3801.0
8760,1,7581,7581.0
8761,2,7609,3804.5
8762,2,7602,3801.0
8763,1,7560,7560.0
8764,1,7595,7595.0
8765,2,7644,3822.0
8766,1,7595,7595.0
8767,1,7588,7588.0
8768,2,7623,3811.5
8769,1,7588,7588.0
8770,1,7581,7581.0
8771,1,7588,7588.0
8772,1,7581,7581.0
8773,1,7602,7602.0
8774,1,7602,7602.0
8775,1,7602,7602.0
8776,1,7602,7602.0
8777,1,7602,7602.0
8778,1,7595,7595.0
8779,1,7588,7588.0
8780,1,7602,7602.0
8781,1,7588,7588.0
8782,1,7602,7602.0
8783,1,7609,7609.0
8784,1,7602,7602.0
8785,1,7602,7602.0
8786,1,7602,7602.0
8787,1,7581,7581.0
8788,1,7616,7616.0
8789,1,7609,7609.0
8790,1,7602,7602.0
8791,1,7581,7581.0
8792,1,7595,7595.0
8793,1,7595,7595.0
8794,1,7595,7595.0
8795,1,7602,7602.0
8796,1,7588,7588.0
8797,1,7595,7595.0
8798,1,7588,7588.0
8799,1,7595,7595.0
8800,1,7595,7595.0
8801,2,7616,3808.0
8802,2,7616,3808.0
8803,2,7623,3811.5
8804,1,7602,7602.0
8805,2,7651,3825.5
8806,2,7623,3811.5
8807,2,7609,3804.5
8808,1,7595,7595.0
8809,1,7609,7609.0
8810,1,7623,7623.0
8811,1,7609,7609.0
8812,1,7595,7595.0
8813,1,7581,7581.0
8814,1,7602,7602.0
8815,1,7574,7574.0
8816,1,7595,7595.0
8817,1,7616,7616.0
8818,1,7595,7595.0
8819,1,7588,7588.0
8820,1,7581,7581.0
8821,1,7560,7560.0
8822,1,7560,7560.0
8823,1,7602,7602.0
8824,1,7567,7567.0
8825,1,7567,7567.0
8826,1,7567,7567.0
8827,1,7574,7574.0
8828,1,7553,7553.0
8829,1,7581,7581.0
8830,1,7581,7581.0
8831,1,7581,7581.0
8832,1,7588,7588.0
8833,1,7581,7581.0
8834,1,7574,7574.0
8835,1,7581,7581.0
8836,1,7581,7581.0
8837,1,7574,7574.0
8838,1,7581,7581.0
8839,1,7567,7567.0
8840,1,7574,7574.0
8841,1,7574,7574.0
8842,1,7560,7560.0
8843,1,7581,7581.0
8844,1,7588,7588.0
8845,1,7560,7560.0
8846,1,7588,7588.0
8847,1,7574,7574.0
8848,1,7567,7567.0
8849,2,7630,3815.0
8850,2,7630,3815.0
8851,2,7630,3815.0
8852,1,7567,7567.0
8853,1,7595,7595.0
8854,1,7574,7574.0
8855,1,7581,7581.0
8856,1,7588,7588.0
8857,1,7595,7595.0
8858,2,7637,3818.5
8859,2,7644,3822.0
8860,1,7602,7602.0
8861,1,7595,7595.0
8862,1,7602,7602.0
8863,1,7609,7609.0
8864,1,7595,7595.0
8865,1,7595,7595.0
8866,1,7602,7602.0
8867,1,7609,7609.0
8868,1,7602,7602.0
8869,1,7602,7602.0
8870,1,7595,7595.0
8871,1,7602,7602.0
8872,1,7616,7616.0
8873,1,7623,7623.0
8874,1,7623,7623.0
8875,1,7623,7623.0
8876,1,7623,7623.0
8877,1,7609,7609.0
8878,1,7616,7616.0
8879,1,7588,7588.0
8880,1,7602,7602.0
8881,1,7595,7595.0
8882,1,7602,7602.0
8883,1,7602,7602.0
8884,1,7609,7609.0
8885,1,7616,7616.0
8886,1,7616,7616.0
8887,1,7616,7616.0
8888,1,7588,7588.0
8889,1,7602,7602.0
8890,1,7595,7595.0
8891,1,7602,7602.0
8892,1,7602,7602.0
8893,1,7595,7595.0
8894,1,7602,7602.0
8895,1,7616,7616.0
8896,1,7595,7595.0
8897,1,7602,7602.0
8898,1,7630,7630.0
8899,1,7616,7616.0
8900,1,7574,7574.0
8901,1,7595,7595.0
8902,1,7609,7609.0
8903,1,7602,7602.0
8904,1,7609,7609.0
8905,1,7609,7609.0
8906,1,7588,7588.0
8907,1,7609,7609.0
8908,1,7595,7595.0
8909,1,7574,7574.0
8910,1,7581,7581.0
8911,1,7595,7595.0
8912,1,7602,7602.0
8913,1,7588,7588.0
8914,1,7581,7581.0
8915,1,7595,7595.0
8916,1,7581,7581.0
8917,1,7602,7602.0
8918,1,7602,7602.0
8919,1,7588,7588.0
8920,1,7602,7602.0
8921,1,7588,7588.0
8922,1,7581,7581.0
8923,1,7581,7581.0
8924,1,7588,7588.0
8925,1,7588,7588.0
8926,1,7588,7588.0
8927,1,7574,7574.0
8928,1,7574,7574.0
8929,1,7581,7581.0
8930,1,7567,7567.0
8931,1,7574,7574.0
8932,1,7539,7539.0
8933,1,7574,7574.0
8934,1,7560,7560.0
8935,1,7588,7588.0
8936,1,7588,7588.0
8937,1,7567,7567.0
8938,1,7588,7588.0
8939,1,7581,7581.0
8940,1,7595,7595.0
8941,1,7581,7581.0
8942,2,7567,3783.5
8943,1,7539,7539.0
8944,1,7525,7525.0
8945,1,7525,7525.0
8946,1,7539,7539.0
8947,1,7504,7504.0
8948,1,7504,7504.0
8949,1,7497,7497.0
8950,1,7483,7483.0
8951,1,7476,7476.0
8952,1,7490,7490.0
8953,1,7490,7490.0
8954,1,7525,7525.0
8955,1,7490,7490.0
8956,1,7497,7497.0
8957,1,7518,7518.0
8958,1,7504,7504.0
8959,1,7483,7483.0
8960,1,7469,7469.0
8961,1,7462,7462.0
8962,1,7476,7476.0
8963,1,7497,7497.0
8964,1,7476,7476.0
8965,1,7497,7497.0
8966,1,7504,7504.0
8967,1,7511,7511.0
8968,1,7518,7518.0
8969,1,7525,7525.0
8970,1,7511,7511.0
8971,1,7525,7525.0
8972,1,7483,7483.0
8973,1,7483,7483.0
8974,1,7490,7490.0
8975,1,7483,7483.0
8976,1,7490,7490.0
8977,1,7497,7497.0
8978,1,7504,7504.0
8979,1,7490,7490.0
8980,1,7497,7497.0
8981,1,7497,7497.0
8982,1,7511,7511.0
8983,1,7511,7511.0
8984,1,7511,7511.0
8985,1,7518,7518.0
8986,1,7518,7518.0
8987,1,7504,7504.0
8988,1,7511,7511.0
8989,1,7518,7518.0
8990,1,7525,7525.0
8991,1,7525,7525.0
8992,1,7518,7518.0
8993,1,7497,7497.0
8994,1,7490,7490.0
8995,1,7490,7490.0
8996,1,7504,7504.0
8997,1,7525,7525.0
8998,1,7525,7525.0
8999,1,7525,7525.0
9000,1,7532,7532.0
9001,1,7546,7546.0
9002,1,7546,7546.0
9003,1,7539,7539.0
9004,1,7553,7553.0
9005,1,7532,7532.0
9006,1,7539,7539.0
9007,1,7525,7525.0
9008,1,7518,7518.0
9009,1,7525,7525.0
9010,1,7532,7532.0
9011,1,7532,7532.0
9012,1,7546,7546.0
9013,1,7525,7525.0
9014,1,7539,7539.0
9015,1,7504,7504.0
9016,1,7518,7518.0
9017,1,7518,7518.0
9018,1,7525,7525.0
9019,1,7518,7518.0
9020,1,7525,7525.0
9021,1,7532,7532.0
9022,1,7532,7532.0
9023,1,7518,7518.0
9024,1,7525,7525.0
9025,1,7539,7539.0
9026,1,7532,7532.0
9027,1,7525,7525.0
9028,1,7532,7532.0
9029,1,7546,7546.0
9030,1,7525,7525.0
9031,1,7546,7546.0
9032,1,7546,7546.0
9033,1,7532,7532.0
9034,1,7532,7532.0
9035,1,7532,7532.0
9036,1,7539,7539.0
9037,1,7532,7532.0
9038,1,7532,7532.0
9039,1,7525,7525.0
9040,1,7539,7539.0
9041,1,7532,7532.0
9042,1,7546,7546.0
9043,1,7567,7567.0
9044,1,7560,7560.0
9045,1,7553,7553.0
9046,1,7553,7553.0
9047,1,7567,7567.0
9048,1,7581,7581.0
9049,1,7574,7574.0
9050,1,7581,7581.0
9051,1,7546,7546.0
9052,1,7532,7532.0
9053,1,7532,7532.0
9054,1,7532,7532.0
9055,1,7525,7525.0
9056,2,7574,3787.0
9057,1,7532,7532.0
9058,1,7532,7532.0
9059,1,7539,7539.0
9060,1,7532,7532.0
9061,1,7539,7539.0
9062,1,7546,7546.0
9063,1,7539,7539.0
9064,1,7539,7539.0
9065,1,7546,7546.0
9066,1,7539,7539.0
9067,1,7525,7525.0
9068,1,7525,7525.0
9069,1,7525,7525.0
9070,1,7532,7532.0
9071,1,7532,7532.0
9072,1,7511,7511.0
9073,1,7518,7518.0
9074,1,7511,7511.0
9075,1,7525,7525.0
9076,1,7539,7539.0
9077,1,7539,7539.0
9078,1,7532,7532.0
9079,1,7525,7525.0
9080,1,7532,7532.0
9081,1,7525,7525.0
9082,1,7539,7539.0
9083,1,7518,7518.0
9084,1,7560,7560.0
9085,1,7560,7560.0
9086,1,7539,7539.0
9087,1,7532,7532.0
9088,1,7511,7511.0
9089,1,7511,7511.0
9090,1,7532,7532.0
9091,1,7546,7546.0
9092,1,7532,7532.0
9093,1,7525,7525.0
9094,1,7532,7532.0
9095,1,7532,7532.0
9096,1,7546,7546.0
9097,1,7532,7532.0
9098,1,7532,7532.0
9099,1,7525,7525.0
9100,1,7539,7539.0
9101,1,7532,7532.0
9102,1,7553,7553.0
9103,1,7553,7553.0
9104,1,7588,7588.0
9105,1,7581,7581.0
9106,1,7567,7567.0
9107,1,7553,7553.0
9108,1,7553,7553.0
9109,1,7553,7553.0
9110,1,7532,7532.0
9111,1,7518,7518.0
9112,1,7546,7546.0
9113,1,7560,7560.0
9114,1,7539,7539.0
9115,1,7532,7532.0
9116,1,7539,7539.0
9117,1,7560,7560.0
9118,1,7560,7560.0
9119,1,7588,7588.0
9120,1,7574,7574.0
9121,1,7567,7567.0
9122,1,7581,7581.0
9123,1,7567,7567.0
9124,1,7581,7581.0
9125,1,7595,7595.0
9126,1,7588,7588.0
9127,1,7595,7595.0
9128,1,7602,7602.0
9129,1,7602,7602.0
9130,1,7609,7609.0
9131,1,7616,7616.0
9132,1,7616,7616.0
9133,1,7616,7616.0
9134,1,7616,7616.0
9135,1,7623,7623.0
9136,1,7609,7609.0
9137,1,7602,7602.0
9138,1,7609,7609.0
9139,1,7609,7609.0
9140,1,7616,7616.0
9141,1,7616,7616.0
9142,1,7602,7602.0
9143,1,7609,7609.0
9144,1,7609,7609.0
9145,1,7609,7609.0
9146,1,7609,7609.0
9147,1,7588,7588.0
9148,1,7588,7588.0
9149,1,7602,7602.0
9150,1,7588,7588.0
9151,1,7602,7602.0
9152,1,7609,7609.0
9153,1,7609,7609.0
9154,1,7588,7588.0
9155,1,7602,7602.0
9156,1,7609,7609.0
9157,1,7609,7609.0
9158,1,7595,7595.0
9159,1,7602,7602.0
9160,1,7595,7595.0
9161,1,7588,7588.0
9162,1,7588,7588.0
9163,1,7588,7588.0
9164,1,7588,7588.0
9165,1,7588,7588.0
9166,1,7588,7588.0
9167,1,7595,7595.0
9168,1,7595,7595.0
9169,1,7588,7588.0
9170,1,7595,7595.0
9171,1,7602,7602.0
9172,1,7595,7595.0
9173,1,7609,7609.0
9174,1,7609,7609.0
9175,1,7588,7588.0
9176,1,7595,7595.0
9177,1,7588,7588.0
9178,1,7588,7588.0
9179,1,7574,7574.0
9180,1,7595,7595.0
9181,1,7595,7595.0
9182,1,7588,7588.0
9183,1,7588,7588.0
9184,1,7602,7602.0
9185,1,7588,7588.0
9186,1,7595,7595.0
9187,1,7609,7609.0
9188,1,7609,7609.0
9189,1,7609,7609.0
9190,1,7609,7609.0
9191,1,7609,7609.0
9192,1,7581,7581.0
9193,1,7567,7567.0
9194,1,7567,7567.0
9195,1,7574,7574.0
9196,1,7574,7574.0
9197,1,7581,7581.0
9198,1,7574,7574.0
9199,1,7581,7581.0
9200,1,7574,7574.0
9201,1,7581,7581.0
9202,1,7581,7581.0
9203,1,7588,7588.0
9204,1,7595,7595.0
9205,1,7602,7602.0
9206,1,7588,7588.0
9207,1,7595,7595.0
9208,1,7602,7602.0
9209,1,7588,7588.0
9210,1,7581,7581.0
9211,1,7581,7581.0
9212,1,7595,7595.0
9213,1,7595,7595.0
9214,1,7602,7602.0
9215,2,7616,3808.0
9216,2,7623,3811.5
9217,2,7630,3815.0
9218,2,7623,3811.5
9219,1,7595,7595.0
9220,1,7595,7595.0
9221,1,7595,7595.0
9222,1,7602,7602.0
9223,1,7602,7602.0
9224,1,7602,7602.0
9225,1,7602,7602.0
9226,1,7595,7595.0
9227,1,7595,7595.0
9228,1,7609,7609.0
9229,1,7602,7602.0
9230,1,7588,7588.0
9231,1,7602,7602.0
9232,1,7595,7595.0
9233,1,7567,7567.0
9234,1,7574,7574.0
9235,1,7609,7609.0
9236,1,7623,7623.0
9237,1,7630,7630.0
9238,1,7609,7609.0
9239,1,7602,7602.0
9240,1,7616,7616.0
9241,1,7616,7616.0
9242,1,7630,7630.0
9243,1,7602,7602.0
9244,1,7602,7602.0
9245,1,7602,7602.0
9246,1,7616,7616.0
9247,1,7623,7623.0
9248,1,7623,7623.0
9249,1,7637,7637.0
9250,1,7630,7630.0
9251,1,7623,7623.0
9252,1,7623,7623.0
9253,1,7623,7623.0
9254,1,7609,7609.0
9255,1,7637,7637.0
9256,1,7630,7630.0
9257,1,7616,7616.0
9258,1,7609,7609.0
9259,1,7595,7595.0
9260,1,7609,7609.0
9261,1,7609,7609.0
9262,1,7602,7602.0
9263,1,7602,7602.0
9264,1,7588,7588.0
9265,1,7581,7581.0
9266,1,7588,7588.0
9267,1,7602,7602.0
9268,1,7588,7588.0
9269,1,7595,7595.0
9270,1,7581,7581.0
9271,1,7588,7588.0
9272,1,7602,7602.0
9273,1,7602,7602.0
9274,1,7595,7595.0
9275,1,7616,7616.0
9276,1,7595,7595.0
9277,1,7602,7602.0
9278,1,7602,7602.0
9279,1,7609,7609.0
9280,1,7609,7609.0
9281,1,7616,7616.0
9282,1,7616,7616.0
9283,1,7616,7616.0
9284,1,7609,7609.0
9285,1,7616,7616.0
9286,1,7595,7595.0
9287,1,7609,7609.0
9288,1,7595,7595.0
9289,1,7595,7595.0
9290,1,7595,7595.0
9291,1,7588,7588.0
9292,1,7595,7595.0
9293,1,7595,7595.0
9294,1,7588,7588.0
9295,1,7595,7595.0
9296,1,7602,7602.0
9297,1,7609,7609.0
9298,1,7609,7609.0
9299,1,7602,7602.0
9300,1,7602,7602.0
9301,1,7602,7602.0
9302,1,7595,7595.0
9303,1,7588,7588.0
9304,1,7588,7588.0
9305,1,7588,7588.0
9306,1,7588,7588.0
9307,1,7602,7602.0
9308,1,7595,7595.0
9309,1,7595,7595.0
9310,1,7588,7588.0
9311,1,7581,7581.0
9312,1,7581,7581.0
9313,1,7588,7588.0
9314,1,7595,7595.0
9315,1,7588,7588.0
9316,1,7581,7581.0
9317,1,7581,7581.0
9318,1,7581,7581.0
9319,1,7588,7588.0
9320,1,7595,7595.0
9321,1,7595,7595.0
9322,1,7602,7602.0
9323,1,7602,7602.0
9324,1,7595,7595.0
9325,1,7574,7574.0
9326,1,7574,7574.0
9327,1,7553,7553.0
9328,1,7560,7560.0
9329,1,7567,7567.0
9330,1,7567,7567.0
9331,1,7567,7567.0
9332,1,7560,7560.0
9333,1,7567,7567.0
9334,1,7574,7574.0
9335,1,7560,7560.0
9336,1,7553,7553.0
9337,1,7567,7567.0
9338,1,7560,7560.0
9339,1,7567,7567.0
9340,1,7567,7567.0
9341,1,7560,7560.0
9342,1,7560,7560.0
9343,1,7574,7574.0
9344,1,7588,7588.0
9345,1,7574,7574.0
9346,1,7581,7581.0
9347,1,7595,7595.0
9348,1,7588,7588.0
9349,1,7560,7560.0
9350,1,7574,7574.0
9351,1,7574,7574.0
9352,1,7595,7595.0
9353,1,7588,7588.0
9354,1,7581,7581.0
9355,1,7567,7567.0
9356,1,7581,7581.0
9357,1,7581,7581.0
9358,1,7567,7567.0
9359,1,7574,7574.0
9360,1,7581,7581.0
9361,1,7567,7567.0
9362,1,7581,7581.0
9363,1,7574,7574.0
9364,1,7574,7574.0
9365,1,7574,7574.0
9366,1,7560,7560.0
9367,1,7567,7567.0
9368,1,7560,7560.0
9369,1,7581,7581.0
9370,2,7602,3801.0
9371,2,7609,3804.5
9372,2,7609,3804.5
9373,2,7615,3807.5
9374,2,7611,3805.5
9375,1,7588,7588.0
9376,2,7616,3808.0
9377,2,7618,3809.0
9378,2,7611,3805.5
9379,2,7607,3803.5
9380,1,7581,7581.0
9381,2,7618,3809.0
9382,2,7608,3804.0
9383,2,7629,3814.5
9384,2,7629,3814.5
9385,1,7602,7602.0
9386,1,7595,7595.0
9387,1,7588,7588.0
9388,1,7581,7581.0
9389,1,7588,7588.0
9390,1,7588,7588.0
9391,1,7581,7581.0
9392,1,7602,7602.0
9393,1,7595,7595.0
9394,1,7609,7609.0
9395,1,7609,7609.0
9396,1,7609,7609.0
9397,1,7616,7616.0
9398,1,7588,7588.0
9399,1,7588,7588.0
9400,1,7609,7609.0
9401,1,7623,7623.0
9402,1,7602,7602.0
9403,1,7609,7609.0
9404,1,7637,7637.0
9405,1,7602,7602.0
9406,1,7637,7637.0
9407,1,7616,7616.0
9408,1,7581,7581.0
9409,1,7602,7602.0
9410,1,7616,7616.0
9411,2,7644,3822.0
9412,2,7644,3822.0
9413,2,7630,3815.0
9414,2,7623,3811.5
9415,1,7581,7581.0
9416,2,7616,3808.0
9417,2,7609,3804.5
9418,2,7616,3808.0
9419,2,7616,3808.0
9420,2,7609,3804.5
9421,1,7574,7574.0
9422,2,7651,3825.5
9423,1,7588,7588.0
9424,1,7588,7588.0
9425,1,7602,7602.0
9426,1,7616,7616.0
9427,1,7616,7616.0
9428,1,7637,7637.0
9429,1,7616,7616.0
9430,1,7609,7609.0
9431,1,7595,7595.0
9432,1,7609,7609.0
9433,1,7616,7616.0
9434,1,7595,7595.0
9435,1,7623,7623.0
9436,1,7616,7616.0
9437,1,7595,7595.0
9438,1,7616,7616.0
9439,1,7595,7595.0
9440,1,7609,7609.0
9441,1,7595,7595.0
9442,1,7595,7595.0
9443,1,7574,7574.0
9444,1,7581,7581.0
9445,1,7560,7560.0
9446,1,7560,7560.0
9447,1,7567,7567.0
9448,1,7567,7567.0
9449,1,7560,7560.0
9450,1,7560,7560.0
9451,1,7560,7560.0
9452,1,7567,7567.0
9453,1,7553,7553.0
9454,1,7567,7567.0
9455,1,7574,7574.0
9456,1,7567,7567.0
9457,1,7560,7560.0
9458,1,7567,7567.0
9459,1,7574,7574.0
9460,1,7546,7546.0
9461,1,7553,7553.0
9462,1,7546,7546.0
9463,1,7553,7553.0
9464,1,7525,7525.0
9465,1,7539,7539.0
9466,1,7532,7532.0
9467,1,7546,7546.0
9468,1,7553,7553.0
9469,1,7532,7532.0
9470,1,7539,7539.0
9471,1,7539,7539.0
9472,1,7539,7539.0
9473,1,7539,7539.0
9474,1,7546,7546.0
9475,1,7560,7560.0
9476,1,7588,7588.0
9477,1,7581,7581.0
9478,1,7567,7567.0
9479,1,7560,7560.0
9480,1,7553,7553.0
9481,1,7560,7560.0
9482,1,7560,7560.0
9483,1,7546,7546.0
9484,1,7539,7539.0
9485,1,7546,7546.0
9486,1,7553,7553.0
9487,1,7567,7567.0
9488,1,7588,7588.0
9489,2,7581,3790.5
9490,1,7553,7553.0
9491,1,7560,7560.0
9492,1,7560,7560.0
9493,1,7553,7553.0
9494,1,7553,7553.0
9495,1,7602,7602.0
9496,1,7602,7602.0
9497,1,7602,7602.0
9498,1,7595,7595.0
9499,1,7581,7581.0
9500,1,7574,7574.0
9501,1,7560,7560.0
9502,1,7553,7553.0
9503,1,7546,7546.0
9504,1,7539,7539.0
9505,1,7553,7553.0
9506,1,7546,7546.0
9507,1,7553,7553.0
9508,1,7560,7560.0
9509,1,7560,7560.0
9510,1,7567,7567.0
9511,1,7546,7546.0
9512,1,7553,7553.0
9513,1,7532,7532.0
9514,1,7518,7518.0
9515,1,7532,7532.0
9516,1,7532,7532.0
9517,3,7623,2541.0
9518,2,7581,3790.5
9519,1,7518,7518.0
9520,2,7553,3776.5
9521,2,7553,3776.5
9522,1,7525,7525.0
9523,1,7511,7511.0
9524,1,7511,7511.0
9525,1,7518,7518.0
9526,1,7511,7511.0
9527,1,7525,7525.0
9528,1,7518,7518.0
9529,1,7532,7532.0
9530,1,7525,7525.0
9531,1,7525,7525.0
9532,1,7525,7525.0
9533,1,7532,7532.0
9534,1,7546,7546.0
9535,1,7525,7525.0
9536,1,7511,7511.0
9537,1,7525,7525.0
9538,1,7511,7511.0
9539,1,7511,7511.0
9540,1,7497,7497.0
9541,1,7532,7532.0
9542,1,7518,7518.0
9543,1,7525,7525.0
9544,1,7546,7546.0
9545,1,7532,7532.0
9546,1,7539,7539.0
9547,1,7539,7539.0
9548,1,7539,7539.0
9549,1,7539,7539.0
9550,1,7525,7525.0
9551,1,7497,7497.0
9552,1,7546,7546.0
9553,1,7553,7553.0
9554,1,7532,7532.0
9555,1,7539,7539.0
9556,1,7553,7553.0
9557,1,7553,7553.0
9558,1,7574,7574.0
9559,1,7553,7553.0
9560,2,7574,3787.0
9561,1,7546,7546.0
9562,1,7525,7525.0
9563,1,7511,7511.0
9564,1,7525,7525.0
9565,1,7532,7532.0
9566,2,7574,3787.0
9567,1,7525,7525.0
9568,1,7539,7539.0
9569,1,7525,7525.0
9570,1,7525,7525.0
9571,1,7518,7518.0
9572,1,7539,7539.0
9573,1,7539,7539.0
9574,2,7553,3776.5
9575,1,7546,7546.0
9576,1,7553,7553.0
9577,1,7546,7546.0
9578,1,7539,7539.0
9579,1,7539,7539.0
9580,1,7546,7546.0
9581,1,7553,7553.0
9582,1,7539,7539.0
9583,1,7532,7532.0
9584,1,7525,7525.0
9585,1,7525,7525.0
9586,1,7532,7532.0
9587,1,7525,7525.0
9588,1,7525,7525.0
9589,1,7539,7539.0
9590,1,7532,7532.0
9591,1,7553,7553.0
9592,1,7553,7553.0
9593,1,7553,7553.0
9594,1,7532,7532.0
9595,1,7525,7525.0
9596,1,7532,7532.0
9597,1,7546,7546.0
9598,1,7539,7539.0
9599,1,7539,7539.0
9600,1,7539,7539.0
9601,1,7560,7560.0
9602,1,7546,7546.0
9603,1,7553,7553.0
9604,1,7553,7553.0
9605,1,7532,7532.0
9606,1,7546,7546.0
9607,1,7532,7532.0
9608,1,7532,7532.0
9609,1,7525,7525.0
9610,1,7532,7532.0
9611,1,7539,7539.0
9612,1,7546,7546.0
9613,1,7567,7567.0
9614,1,7567,7567.0
9615,1,7546,7546.0
9616,1,7567,7567.0
9617,1,7539,7539.0
9618,1,7539,7539.0
9619,1,7532,7532.0
9620,1,7546,7546.0
9621,1,7546,7546.0
9622,1,7539,7539.0
9623,1,7532,7532.0
9624,1,7539,7539.0
9625,1,7539,7539.0
9626,1,7560,7560.0
9627,1,7539,7539.0
9628,1,7567,7567.0
9629,1,7546,7546.0
9630,1,7532,7532.0
9631,1,7532,7532.0
9632,1,7525,7525.0
9633,1,7539,7539.0
9634,1,7560,7560.0
9635,1,7539,7539.0
9636,1,7539,7539.0
9637,1,7574,7574.0
9638,1,7553,7553.0
9639,1,7567,7567.0
9640,1,7560,7560.0
9641,1,7567,7567.0
9642,1,7574,7574.0
9643,1,7595,7595.0
9644,1,7616,7616.0
9645,1,7616,7616.0
9646,1,7588,7588.0
9647,1,7602,7602.0
9648,1,7595,7595.0
9649,1,7609,7609.0
9650,1,7602,7602.0
9651,1,7588,7588.0
9652,1,7588,7588.0
9653,1,7595,7595.0
9654,1,7588,7588.0
9655,1,7595,7595.0
9656,1,7595,7595.0
9657,1,7581,7581.0
9658,1,7595,7595.0
9659,1,7602,7602.0
9660,1,7595,7595.0
9661,1,7581,7581.0
9662,1,7588,7588.0
9663,1,7595,7595.0
9664,1,7588,7588.0
9665,1,7588,7588.0
9666,1,7595,7595.0
9667,1,7588,7588.0
9668,1,7574,7574.0
9669,1,7581,7581.0
9670,2,7616,3808.0
9671,2,7602,3801.0
9672,2,7609,3804.5
9673,2,7609,3804.5
9674,2,7595,3797.5
9675,2,7609,3804.5
9676,2,7602,3801.0
9677,2,7623,3811.5
9678,1,7560,7560.0
9679,1,7588,7588.0
9680,2,7602,3801.0
9681,2,7616,3808.0
9682,2,7602,3801.0
9683,2,7588,3794.0
9684,1,7567,7567.0
9685,1,7567,7567.0
9686,1,7567,7567.0
9687,1,7560,7560.0
9688,1,7574,7574.0
9689,2,7595,3797.5
9690,2,7595,3797.5
9691,2,7567,3783.5
9692,1,7539,7539.0
9693,2,7581,3790.5
9694,2,7588,3794.0
9695,2,7602,3801.0
9696,1,7560,7560.0
9697,2,7574,3787.0
9698,1,7539,7539.0
9699,1,7532,7532.0
9700,1,7525,7525.0
9701,1,7525,7525.0
9702,1,7525,7525.0
9703,1,7525,7525.0
9704,1,7525,7525.0
9705,1,7532,7532.0
9706,1,7532,7532.0
9707,1,7539,7539.0
9708,1,7532,7532.0
9709,1,7546,7546.0
9710,1,7539,7539.0
9711,1,7539,7539.0
9712,1,7539,7539.0
9713,1,7546,7546.0
9714,1,7539,7539.0
9715,1,7553,7553.0
9716,1,7574,7574.0
9717,1,7560,7560.0
9718,1,7532,7532.0
9719,1,7553,7553.0
9720,1,7553,7553.0
9721,1,7553,7553.0
9722,1,7546,7546.0
9723,1,7553,7553.0
9724,1,7539,7539.0
9725,1,7525,7525.0
9726,1,7539,7539.0
9727,1,7546,7546.0
9728,1,7539,7539.0
9729,1,7553,7553.0
9730,1,7553,7553.0
9731,1,7560,7560.0
9732,1,7560,7560.0
9733,1,7560,7560.0
9734,1,7574,7574.0
9735,1,7567,7567.0
9736,1,7567,7567.0
9737,1,7567,7567.0
9738,1,7567,7567.0
9739,1,7567,7567.0
9740,1,7567,7567.0
9741,1,7574,7574.0
9742,1,7567,7567.0
9743,1,7581,7581.0
9744,1,7581,7581.0
9745,1,7574,7574.0
9746,1,7581,7581.0
9747,1,7588,7588.0
9748,1,7602,7602.0
9749,1,7588,7588.0
9750,1,7595,7595.0
9751,1,7581,7581.0
9752,1,7595,7595.0
9753,1,7588,7588.0
9754,1,7581,7581.0
9755,1,7567,7567.0
9756,1,7574,7574.0
9757,1,7609,7609.0
9758,1,7574,7574.0
9759,1,7567,7567.0
9760,1,7574,7574.0
9761,1,7546,7546.0
9762,1,7546,7546.0
9763,1,7546,7546.0
9764,1,7539,7539.0
9765,1,7539,7539.0
9766,1,7539,7539.0
9767,1,7539,7539.0
9768,1,7539,7539.0
9769,1,7525,7525.0
9770,1,7525,7525.0
9771,1,7539,7539.0
9772,1,7539,7539.0
9773,1,7539,7539.0
9774,1,7539,7539.0
9775,1,7553,7553.0
9776,1,7546,7546.0
9777,1,7539,7539.0
9778,1,7532,7532.0
9779,1,7532,7532.0
9780,1,7504,7504.0
9781,1,7504,7504.0
9782,1,7511,7511.0
9783,1,7532,7532.0
9784,1,7539,7539.0
9785,1,7532,7532.0
9786,1,7504,7504.0
9787,1,7511,7511.0
9788,1,7532,7532.0
9789,1,7532,7532.0
9790,1,7532,7532.0
9791,1,7525,7525.0
9792,1,7532,7532.0
9793,1,7539,7539.0
9794,1,7539,7539.0
9795,1,7560,7560.0
9796,1,7539,7539.0
9797,1,7546,7546.0
9798,1,7553,7553.0
9799,1,7553,7553.0
9800,1,7553,7553.0
9801,1,7553,7553.0
9802,1,7546,7546.0
9803,1,7553,7553.0
9804,1,7553,7553.0
9805,1,7546,7546.0
9806,2,7581,3790.5
9807,1,7525,7525.0
9808,1,7546,7546.0
9809,1,7546,7546.0
9810,1,7532,7532.0
9811,1,7567,7567.0
9812,1,7539,7539.0
9813,1,7553,7553.0
9814,1,7553,7553.0
9815,1,7518,7518.0
9816,1,7539,7539.0
9817,1,7539,7539.0
9818,1,7546,7546.0
9819,1,7511,7511.0
9820,1,7539,7539.0
9821,1,7539,7539.0
9822,1,7532,7532.0
9823,1,7525,7525.0
9824,1,7539,7539.0
9825,1,7553,7553.0
9826,1,7546,7546.0
9827,1,7560,7560.0
9828,1,7574,7574.0
9829,1,7560,7560.0
9830,1,7532,7532.0
9831,1,7525,7525.0
9832,1,7539,7539.0
9833,1,7539,7539.0
9834,1,7525,7525.0
9835,1,7546,7546.0
9836,1,7532,7532.0
9837,1,7518,7518.0
9838,1,7525,7525.0
9839,1,7539,7539.0
9840,1,7532,7532.0
9841,1,7525,7525.0
9842,1,7532,7532.0
9843,1,7525,7525.0
9844,1,7553,7553.0
9845,1,7553,7553.0
9846,1,7539,7539.0
9847,1,7553,7553.0
9848,1,7546,7546.0
9849,1,7546,7546.0
9850,1,7553,7553.0
9851,1,7553,7553.0
9852,1,7539,7539.0
9853,1,7560,7560.0
9854,1,7567,7567.0
9855,1,7553,7553.0
9856,1,7553,7553.0
9857,1,7553,7553.0
9858,1,7560,7560.0
9859,1,7567,7567.0
9860,1,7560,7560.0
9861,1,7567,7567.0
9862,1,7567,7567.0
9863,1,7574,7574.0
9864,1,7574,7574.0
9865,1,7560,7560.0
9866,1,7560,7560.0
9867,1,7560,7560.0
9868,1,7567,7567.0
9869,1,7560,7560.0
9870,1,7525,7525.0
9871,1,7518,7518.0
9872,1,7504,7504.0
9873,1,7518,7518.0
9874,1,7504,7504.0
9875,1,7483,7483.0
9876,1,7497,7497.0
9877,1,7497,7497.0
9878,1,7469,7469.0
9879,1,7483,7483.0
9880,1,7490,7490.0
9881,1,7490,7490.0
9882,1,7497,7497.0
9883,1,7497,7497.0
9884,1,7483,7483.0
9885,1,7497,7497.0
9886,1,7490,7490.0
9887,1,7483,7483.0
9888,1,7490,7490.0
9889,1,7483,7483.0
9890,1,7483,7483.0
9891,1,7497,7497.0
9892,1,7518,7518.0
9893,1,7518,7518.0
9894,1,7511,7511.0
9895,1,7511,7511.0
9896,2,7546,3773.0
9897,1,7511,7511.0
9898,1,7511,7511.0
9899,1,7490,7490.0
9900,1,7504,7504.0
9901,1,7476,7476.0
9902,1,7476,7476.0
9903,1,7469,7469.0
9904,1,7476,7476.0
9905,1,7483,7483.0
9906,1,7483,7483.0
9907,1,7476,7476.0
9908,1,7483,7483.0
9909,1,7504,7504.0
9910,1,7497,7497.0
9911,1,7476,7476.0
9912,1,7490,7490.0
9913,1,7483,7483.0
9914,1,7483,7483.0
9915,1,7476,7476.0
9916,1,7490,7490.0
9917,1,7483,7483.0
9918,1,7490,7490.0
9919,1,7504,7504.0
9920,1,7469,7469.0
9921,1,7497,7497.0
9922,1,7490,7490.0
9923,1,7511,7511.0
9924,1,7525,7525.0
9925,1,7532,7532.0
9926,1,7511,7511.0
9927,1,7518,7518.0
9928,1,7497,7497.0
9929,1,7518,7518.0
9930,1,7518,7518.0
9931,1,7525,7525.0
9932,1,7532,7532.0
9933,1,7532,7532.0
9934,1,7532,7532.0
9935,1,7525,7525.0
9936,1,7539,7539.0
9937,1,7539,7539.0
9938,1,7518,7518.0
9939,1,7525,7525.0
9940,1,7525,7525.0
9941,1,7532,7532.0
9942,1,7532,7532.0
9943,1,7539,7539.0
9944,1,7532,7532.0
9945,1,7525,7525.0
9946,1,7518,7518.0
9947,1,7504,7504.0
9948,1,7504,7504.0
9949,1,7504,7504.0
9950,1,7511,7511.0
9951,1,7511,7511.0
9952,1,7504,7504.0
9953,1,7511,7511.0
9954,1,7511,7511.0
9955,1,7504,7504.0
9956,2,7553,3776.5
9957,1,7511,7511.0
9958,1,7518,7518.0
9959,1,7511,7511.0
9960,1,7518,7518.0
9961,1,7518,7518.0
9962,1,7525,7525.0
9963,1,7518,7518.0
9964,1,7504,7504.0
9965,1,7546,7546.0
9966,1,7532,7532.0
9967,1,7518,7518.0
9968,1,7518,7518.0
9969,1,7532,7532.0
9970,1,7532,7532.0
9971,1,7518,7518.0
9972,1,7518,7518.0
9973,1,7525,7525.0
9974,1,7532,7532.0
9975,1,7525,7525.0
9976,1,7532,7532.0
9977,2,7588,3794.0
9978,1,7560,7560.0
9979,2,7595,3797.5
9980,1,7553,7553.0
9981,1,7511,7511.0
9982,1,7518,7518.0
9983,1,7525,7525.0
9984,1,7518,7518.0
9985,1,7511,7511.0
9986,1,7525,7525.0
9987,1,7532,7532.0
9988,1,7511,7511.0
9989,1,7511,7511.0
9990,1,7504,7504.0
9991,1,7497,7497.0
9992,1,7497,7497.0
9993,1,7511,7511.0
9994,1,7525,7525.0
9995,1,7525,7525.0
9996,1,7532,7532.0
9997,1,7532,7532.0
9998,1,7532,7532.0
9999,1,7539,7539.0
10000,1,7539,7539.0
10001,1,7539,7539.0
10002,1,7539,7539.0
10003,2,7553,3776.5
10004,2,7560,3780.0
10005,2,7553,3776.5
10006,2,7531,3765.5
10007,3,7562,2520.7
10008,1,7497,7497.0
10009,2,7532,3766.0
10010,2,7525,3762.5
10011,3,7567,2522.3
10012,3,7567,2522.3
10013,2,7525,3762.5
10014,1,7490,7490.0
10015,1,7483,7483.0
10016,2,7518,3759.0
10017,1,7504,7504.0
10018,1,7476,7476.0
10019,2,7522,3761.0
10020,1,7497,7497.0
10021,2,7517,3758.5
10022,1,7476,7476.0
10023,2,7511,3755.5
10024,3,7558,2519.3
10025,3,7599,2533.0
10026,2,7539,3769.5
10027,2,7532,3766.0
10028,3,7577,2525.7
10029,3,7581,2527.0
10030,3,7586,2528.7
10031,2,7553,3776.5
10032,2,7546,3773.0
10033,2,7539,3769.5
10034,2,7532,3766.0
10035,1,7497,7497.0
10036,2,7532,3766.0
10037,3,7532,2510.7
10038,2,7497,3748.5
10039,3,7532,2510.7
10040,2,7511,3755.5
10041,2,7504,3752.0
10042,2,7490,3745.0
10043,1,7462,7462.0
10044,1,7469,7469.0
10045,1,7483,7483.0
10046,2,7532,3766.0
10047,1,7483,7483.0
10048,1,7497,7497.0
10049,2,7539,3769.5
10050,2,7532,3766.0
10051,2,7511,3755.5
10052,2,7518,3759.0
10053,1,7476,7476.0
10054,1,7483,7483.0
10055,2,7518,3759.0
10056,2,7525,3762.5
10057,2,7532,3766.0
10058,2,7532,3766.0
10059,1,7490,7490.0
10060,1,7476,7476.0
10061,1,7483,7483.0
10062,1,7469,7469.0
10063,1,7483,7483.0
10064,1,7476,7476.0
10065,1,7469,7469.0
10066,1,7476,7476.0
10067,2,7518,3759.0
10068,1,7469,7469.0
10069,1,7469,7469.0
10070,1,7455,7455.0
10071,1,7469,7469.0
10072,2,7504,3752.0
10073,2,7490,3745.0
10074,2,7504,3752.0
10075,2,7525,3762.5
10076,2,7511,3755.5
10077,1,7462,7462.0
10078,2,7490,3745.0
10079,2,7518,3759.0
10080,2,7497,3748.5
10081,2,7504,3752.0
10082,1,7490,7490.0
10083,2,7497,3748.5
10084,1,7483,7483.0
10085,2,7518,3759.0
10086,1,7469,7469.0
10087,1,7469,7469.0
10088,1,7455,7455.0
10089,1,7441,7441.0
10090,1,7448,7448.0
10091,1,7462,7462.0
10092,1,7469,7469.0
10093,1,7462,7462.0
10094,1,7462,7462.0
10095,1,7469,7469.0
10096,1,7448,7448.0
10097,1,7455,7455.0
10098,1,7448,7448.0
10099,1,7448,7448.0
10100,1,7441,7441.0
10101,1,7448,7448.0
10102,1,7448,7448.0
10103,1,7434,7434.0
10104,1,7441,7441.0
10105,1,7441,7441.0
10106,1,7448,7448.0
10107,1,7469,7469.0
10108,1,7448,7448.0
10109,1,7448,7448.0
10110,1,7441,7441.0
10111,1,7455,7455.0
10112,1,7434,7434.0
10113,1,7455,7455.0
10114,1,7455,7455.0
10115,1,7462,7462.0
10116,1,7462,7462.0
10117,1,7455,7455.0
10118,1,7462,7462.0
10119,1,7469,7469.0
10120,1,7483,7483.0
10121,1,7462,7462.0
10122,1,7483,7483.0
10123,1,7476,7476.0
10124,1,7455,7455.0
10125,1,7455,7455.0
10126,1,7441,7441.0
10127,1,7476,7476.0
10128,1,7455,7455.0
10129,1,7441,7441.0
10130,1,7448,7448.0
10131,1,7448,7448.0
10132,1,7455,7455.0
10133,1,7469,7469.0
10134,1,7455,7455.0
10135,1,7448,7448.0
10136,1,7469,7469.0
10137,1,7455,7455.0
10138,1,7455,7455.0
10139,1,7448,7448.0
10140,1,7469,7469.0
10141,1,7483,7483.0
10142,1,7469,7469.0
10143,1,7448,7448.0
10144,1,7462,7462.0
10145,1,7455,7455.0
10146,1,7455,7455.0
10147,1,7483,7483.0
10148,1,7476,7476.0
10149,1,7483,7483.0
10150,1,7469,7469.0
10151,1,7476,7476.0
10152,1,7469,7469.0
10153,1,7483,7483.0
10154,1,7476,7476.0
10155,1,7483,7483.0
10156,1,7483,7483.0
10157,1,7497,7497.0
10158,1,7469,7469.0
10159,1,7497,7497.0
10160,1,7497,7497.0
10161,1,7497,7497.0
10162,1,7497,7497.0
10163,1,7504,7504.0
10164,1,7511,7511.0
10165,1,7511,7511.0
10166,1,7511,7511.0
10167,1,7518,7518.0
10168,1,7525,7525.0
10169,1,7518,7518.0
10170,1,7525,7525.0
10171,1,7518,7518.0
10172,1,7518,7518.0
10173,1,7518,7518.0
10174,1,7525,7525.0
10175,1,7525,7525.0
10176,1,7518,7518.0
10177,1,7539,7539.0
10178,1,7525,7525.0
10179,1,7525,7525.0
10180,1,7504,7504.0
10181,1,7504,7504.0
10182,1,7518,7518.0
10183,1,7511,7511.0
10184,2,7531,3765.5
10185,2,7531,3765.5
10186,1,7504,7504.0
10187,1,7497,7497.0
10188,1,7504,7504.0
10189,1,7518,7518.0
10190,1,7511,7511.0
10191,1,7504,7504.0
10192,1,7483,7483.0
10193,2,7522,3761.0
10194,2,7514,3757.0
10195,1,7490,7490.0
10196,1,7497,7497.0
10197,1,7497,7497.0
10198,1,7497,7497.0
10199,1,7483,7483.0
10200,1,7490,7490.0
10201,1,7469,7469.0
10202,1,7462,7462.0
10203,1,7469,7469.0
10204,1,7476,7476.0
10205,1,7448,7448.0
10206,1,7483,7483.0
10207,1,7483,7483.0
10208,1,7490,7490.0
10209,1,7497,7497.0
10210,1,7490,7490.0
10211,1,7490,7490.0
10212,2,7518,3759.0
10213,2,7518,3759.0
10214,2,7525,3762.5
10215,2,7546,3773.0
10216,2,7539,3769.5
10217,2,7539,3769.5
10218,1,7525,7525.0
10219,2,7546,3773.0
10220,2,7539,3769.5
10221,1,7504,7504.0
10222,2,7546,3773.0
10223,2,7539,3769.5
10224,2,7539,3769.5
10225,2,7546,3773.0
10226,1,7511,7511.0
10227,2,7539,3769.5
10228,1,7511,7511.0
10229,1,7525,7525.0
10230,1,7518,7518.0
10231,1,7504,7504.0
10232,1,7511,7511.0
10233,1,7532,7532.0
10234,1,7525,7525.0
10235,1,7553,7553.0
10236,1,7546,7546.0
10237,1,7546,7546.0
10238,1,7525,7525.0
10239,1,7518,7518.0
10240,1,7518,7518.0
10241,1,7539,7539.0
10242,1,7553,7553.0
10243,1,7560,7560.0
10244,1,7581,7581.0
10245,1,7546,7546.0
10246,1,7553,7553.0
10247,1,7567,7567.0
10248,1,7532,7532.0
10249,1,7553,7553.0
10250,1,7546,7546.0
10251,1,7504,7504.0
10252,1,7532,7532.0
10253,1,7525,7525.0
10254,1,7525,7525.0
10255,1,7525,7525.0
10256,1,7532,7532.0
10257,1,7553,7553.0
10258,1,7504,7504.0
10259,1,7567,7567.0
10260,2,7546,3773.0
10261,2,7539,3769.5
10262,1,7532,7532.0
10263,1,7490,7490.0
10264,1,7504,7504.0
10265,1,7511,7511.0
10266,1,7497,7497.0
10267,1,7497,7497.0
10268,1,7511,7511.0
10269,1,7511,7511.0
10270,1,7511,7511.0
10271,1,7504,7504.0
10272,1,7490,7490.0
10273,1,7497,7497.0
10274,1,7504,7504.0
10275,1,7504,7504.0
10276,1,7483,7483.0
10277,1,7490,7490.0
10278,1,7476,7476.0
10279,1,7497,7497.0
10280,1,7518,7518.0
10281,1,7497,7497.0
10282,1,7497,7497.0
10283,1,7497,7497.0
10284,1,7511,7511.0
10285,1,7497,7497.0
10286,1,7497,7497.0
10287,1,7490,7490.0
10288,1,7476,7476.0
10289,1,7476,7476.0
10290,1,7483,7483.0
10291,1,7483,7483.0
10292,1,7469,7469.0
10293,1,7462,7462.0
10294,1,7469,7469.0
10295,1,7462,7462.0
10296,1,7462,7462.0
10297,1,7462,7462.0
10298,1,7462,7462.0
10299,1,7462,7462.0
10300,1,7476,7476.0
10301,1,7497,7497.0
10302,1,7497,7497.0
10303,1,7483,7483.0
10304,1,7490,7490.0
10305,1,7497,7497.0
10306,1,7504,7504.0
10307,1,7490,7490.0
10308,1,7476,7476.0
10309,1,7483,7483.0
10310,1,7483,7483.0
10311,1,7490,7490.0
10312,1,7539,7539.0
10313,1,7532,7532.0
10314,1,7511,7511.0
10315,1,7518,7518.0
10316,1,7504,7504.0
10317,1,7504,7504.0
10318,1,7553,7553.0
10319,1,7567,7567.0
10320,1,7553,7553.0
10321,1,7539,7539.0
10322,1,7560,7560.0
10323,1,7553,7553.0
10324,1,7546,7546.0
10325,1,7546,7546.0
10326,1,7539,7539.0
10327,1,7525,7525.0
10328,1,7546,7546.0
10329,1,7546,7546.0
10330,1,7546,7546.0
10331,1,7546,7546.0
10332,1,7539,7539.0
10333,1,7539,7539.0
10334,1,7532,7532.0
10335,1,7532,7532.0
10336,1,7539,7539.0
10337,1,7532,7532.0
10338,1,7546,7546.0
10339,1,7525,7525.0
10340,1,7539,7539.0
10341,1,7518,7518.0
10342,1,7553,7553.0
10343,1,7546,7546.0
10344,1,7546,7546.0
10345,1,7567,7567.0
10346,1,7567,7567.0
10347,1,7560,7560.0
10348,1,7560,7560.0
10349,1,7553,7553.0
10350,1,7539,7539.0
10351,1,7567,7567.0
10352,1,7560,7560.0
10353,1,7553,7553.0
10354,1,7553,7553.0
10355,1,7581,7581.0
10356,1,7574,7574.0
10357,1,7560,7560.0
10358,1,7574,7574.0
10359,1,7553,7553.0
10360,2,7581,3790.5
10361,1,7539,7539.0
10362,1,7546,7546.0
10363,1,7567,7567.0
10364,1,7532,7532.0
10365,1,7525,7525.0
10366,1,7525,7525.0
10367,1,7518,7518.0
10368,1,7532,7532.0
10369,1,7546,7546.0
10370,1,7539,7539.0
10371,1,7532,7532.0
10372,1,7525,7525.0
10373,1,7518,7518.0
10374,1,7546,7546.0
10375,1,7546,7546.0
10376,1,7553,7553.0
10377,1,7546,7546.0
10378,1,7574,7574.0
10379,1,7567,7567.0
10380,1,7560,7560.0
10381,1,7595,7595.0
10382,1,7581,7581.0
10383,1,7574,7574.0
10384,1,7574,7574.0
10385,1,7581,7581.0
10386,1,7567,7567.0
10387,1,7574,7574.0
10388,1,7574,7574.0
10389,1,7581,7581.0
10390,1,7588,7588.0
10391,1,7588,7588.0
10392,1,7602,7602.0
10393,1,7595,7595.0
10394,1,7588,7588.0
10395,1,7574,7574.0
10396,1,7595,7595.0
10397,1,7595,7595.0
10398,1,7581,7581.0
10399,1,7595,7595.0
10400,1,7588,7588.0
10401,1,7595,7595.0
10402,1,7588,7588.0
10403,1,7595,7595.0
10404,1,7581,7581.0
10405,1,7581,7581.0
10406,1,7602,7602.0
10407,1,7595,7595.0
10408,1,7609,7609.0
10409,1,7609,7609.0
10410,1,7602,7602.0
10411,1,7602,7602.0
10412,1,7595,7595.0
10413,1,7602,7602.0
10414,1,7588,7588.0
10415,1,7588,7588.0
10416,1,7595,7595.0
10417,1,7595,7595.0
10418,1,7588,7588.0
10419,1,7595,7595.0
10420,1,7616,7616.0
10421,1,7609,7609.0
10422,1,7609,7609.0
10423,1,7588,7588.0
10424,1,7588,7588.0
10425,1,7602,7602.0
10426,1,7609,7609.0
10427,1,7595,7595.0
10428,1,7602,7602.0
10429,1,7588,7588.0
10430,1,7595,7595.0
10431,1,7588,7588.0
10432,1,7602,7602.0
10433,1,7602,7602.0
10434,1,7609,7609.0
10435,1,7616,7616.0
10436,1,7616,7616.0
10437,1,7609,7609.0
10438,1,7602,7602.0
10439,1,7595,7595.0
10440,1,7623,7623.0
10441,1,7609,7609.0
10442,1,7616,7616.0
10443,1,7616,7616.0
10444,1,7609,7609.0
10445,1,7609,7609.0
10446,1,7595,7595.0
10447,1,7602,7602.0
10448,1,7581,7581.0
10449,1,7588,7588.0
10450,1,7581,7581.0
10451,2,7630,3815.0
10452,2,7616,3808.0
10453,2,7609,3804.5
10454,2,7609,3804.5
10455,1,7553,7553.0
10456,2,7588,3794.0
10457,2,7581,3790.5
10458,2,7587,3793.5
10459,2,7579,3789.5
10460,2,7580,3790.0
10461,1,7553,7553.0
10462,1,7567,7567.0
10463,1,7553,7553.0
10464,1,7581,7581.0
10465,1,7553,7553.0
10466,1,7567,7567.0
10467,1,7560,7560.0
10468,1,7567,7567.0
10469,1,7560,7560.0
10470,1,7546,7546.0
10471,1,7553,7553.0
10472,1,7560,7560.0
10473,1,7553,7553.0
10474,1,7532,7532.0
10475,1,7546,7546.0
10476,1,7546,7546.0
10477,1,7539,7539.0
10478,1,7539,7539.0
10479,1,7560,7560.0
10480,1,7574,7574.0
10481,1,7567,7567.0
10482,1,7567,7567.0
10483,1,7560,7560.0
10484,1,7553,7553.0
10485,1,7560,7560.0
10486,1,7546,7546.0
10487,1,7546,7546.0
10488,1,7553,7553.0
10489,1,7546,7546.0
10490,1,7532,7532.0
10491,2,7588,3794.0
10492,2,7588,3794.0
10493,2,7553,3776.5
10494,1,7532,7532.0
10495,1,7532,7532.0
10496,1,7532,7532.0
10497,1,7511,7511.0
10498,1,7504,7504.0
10499,1,7490,7490.0
10500,1,7504,7504.0
10501,1,7490,7490.0
10502,1,7490,7490.0
10503,1,7497,7497.0
10504,1,7504,7504.0
10505,1,7511,7511.0
10506,1,7518,7518.0
10507,1,7483,7483.0
10508,1,7504,7504.0
10509,1,7511,7511.0
10510,1,7504,7504.0
10511,1,7539,7539.0
10512,1,7525,7525.0
10513,1,7532,7532.0
10514,2,7581,3790.5
10515,1,7525,7525.0
10516,1,7539,7539.0
10517,1,7539,7539.0
10518,1,7532,7532.0
10519,1,7532,7532.0
10520,1,7532,7532.0
10521,1,7525,7525.0
10522,1,7518,7518.0
10523,1,7553,7553.0
10524,1,7546,7546.0
10525,1,7539,7539.0
10526,1,7546,7546.0
10527,1,7546,7546.0
10528,1,7539,7539.0
10529,1,7560,7560.0
10530,1,7546,7546.0
10531,1,7567,7567.0
10532,1,7553,7553.0
10533,1,7560,7560.0
10534,1,7567,7567.0
10535,1,7553,7553.0
10536,1,7553,7553.0
10537,1,7546,7546.0
10538,1,7546,7546.0
10539,1,7539,7539.0
10540,1,7525,7525.0
10541,1,7546,7546.0
10542,1,7546,7546.0
10543,1,7546,7546.0
10544,1,7532,7532.0
10545,1,7553,7553.0
10546,1,7532,7532.0
10547,1,7532,7532.0
10548,1,7532,7532.0
10549,1,7525,7525.0
10550,1,7518,7518.0
10551,1,7511,7511.0
10552,1,7525,7525.0
10553,1,7518,7518.0
10554,1,7525,7525.0
10555,1,7539,7539.0
10556,1,7546,7546.0
10557,1,7546,7546.0
10558,1,7539,7539.0
10559,1,7553,7553.0
10560,1,7532,7532.0
10561,1,7539,7539.0
10562,1,7525,7525.0
10563,1,7546,7546.0
10564,1,7553,7553.0
10565,1,7532,7532.0
10566,1,7546,7546.0
10567,1,7511,7511.0
10568,1,7518,7518.0
10569,1,7518,7518.0
10570,1,7532,7532.0
10571,1,7511,7511.0
10572,1,7511,7511.0
10573,1,7518,7518.0
10574,1,7525,7525.0
10575,1,7539,7539.0
10576,1,7553,7553.0
10577,1,7546,7546.0
10578,1,7560,7560.0
10579,1,7525,7525.0
10580,1,7539,7539.0
10581,1,7553,7553.0
10582,1,7560,7560.0
10583,1,7553,7553.0
10584,1,7546,7546.0
10585,1,7546,7546.0
10586,1,7560,7560.0
10587,1,7574,7574.0
10588,1,7567,7567.0
10589,1,7553,7553.0
10590,1,7539,7539.0
10591,1,7553,7553.0
10592,1,7546,7546.0
10593,1,7546,7546.0
10594,1,7539,7539.0
10595,1,7539,7539.0
10596,2,7574,3787.0
10597,2,7573,3786.5
10598,2,7563,3781.5
10599,1,7525,7525.0
10600,2,7567,3783.5
10601,2,7560,3780.0
10602,2,7532,3766.0
10603,2,7560,3780.0
10604,2,7514,3757.0
10605,2,7530,3765.0
10606,2,7537,3768.5
10607,2,7546,3773.0
10608,2,7546,3773.0
10609,2,7549,3774.5
10610,2,7539,3769.5
10611,1,7518,7518.0
10612,1,7511,7511.0
10613,1,7511,7511.0
10614,2,7553,3776.5
10615,1,7518,7518.0
10616,1,7511,7511.0
10617,1,7511,7511.0
10618,1,7511,7511.0
10619,1,7518,7518.0
10620,1,7511,7511.0
10621,1,7490,7490.0
10622,1,7497,7497.0
10623,1,7497,7497.0
10624,1,7504,7504.0
10625,1,7497,7497.0
10626,1,7490,7490.0
10627,1,7497,7497.0
10628,1,7504,7504.0
10629,1,7497,7497.0
10630,1,7504,7504.0
10631,1,7504,7504.0
10632,1,7504,7504.0
10633,1,7504,7504.0
10634,1,7504,7504.0
10635,1,7518,7518.0
10636,2,7560,3780.0
10637,2,7532,3766.0
10638,2,7553,3776.5
10639,2,7546,3773.0
10640,2,7553,3776.5
10641,1,7504,7504.0
10642,1,7497,7497.0
10643,1,7497,7497.0
10644,1,7476,7476.0
10645,1,7490,7490.0
10646,1,7504,7504.0
10647,1,7504,7504.0
10648,1,7483,7483.0
10649,2,7532,3766.0
10650,1,7483,7483.0
10651,1,7497,7497.0
10652,1,7511,7511.0
10653,1,7497,7497.0
10654,1,7504,7504.0
10655,1,7511,7511.0
10656,1,7532,7532.0
10657,1,7525,7525.0
10658,1,7504,7504.0
10659,1,7525,7525.0
10660,1,7532,7532.0
10661,1,7525,7525.0
10662,1,7525,7525.0
10663,1,7539,7539.0
10664,1,7539,7539.0
10665,1,7539,7539.0
10666,1,7539,7539.0
10667,1,7532,7532.0
10668,1,7532,7532.0
10669,1,7539,7539.0
10670,1,7532,7532.0
10671,1,7525,7525.0
10672,1,7518,7518.0
10673,1,7518,7518.0
10674,1,7539,7539.0
10675,1,7525,7525.0
10676,1,7553,7553.0
10677,1,7546,7546.0
10678,1,7546,7546.0
10679,1,7539,7539.0
10680,1,7546,7546.0
10681,1,7525,7525.0
10682,1,7504,7504.0
10683,1,7504,7504.0
10684,2,7525,3762.5
10685,2,7560,3780.0
10686,2,7567,3783.5
10687,2,7553,3776.5
10688,2,7553,3776.5
10689,2,7532,3766.0
10690,1,7469,7469.0
10691,1,7511,7511.0
10692,1,7518,7518.0
10693,1,7490,7490.0
10694,1,7490,7490.0
10695,1,7518,7518.0
10696,1,7497,7497.0
10697,1,7483,7483.0
10698,1,7497,7497.0
10699,1,7518,7518.0
10700,1,7504,7504.0
10701,1,7504,7504.0
10702,1,7504,7504.0
10703,1,7525,7525.0
10704,1,7518,7518.0
10705,1,7504,7504.0
10706,2,7542,3771.0
10707,1,7511,7511.0
10708,1,7518,7518.0
10709,2,7569,3784.5
10710,1,7539,7539.0
10711,1,7539,7539.0
10712,1,7511,7511.0
10713,1,7504,7504.0
10714,1,7504,7504.0
10715,2,7553,3776.5
10716,1,7525,7525.0
10717,1,7518,7518.0
10718,2,7553,3776.5
10719,1,7525,7525.0
10720,1,7511,7511.0
10721,1,7518,7518.0
10722,1,7504,7504.0
10723,1,7525,7525.0
10724,1,7525,7525.0
10725,1,7539,7539.0
10726,1,7518,7518.0
10727,1,7504,7504.0
10728,1,7518,7518.0
10729,1,7504,7504.0
10730,1,7504,7504.0
10731,1,7490,7490.0
10732,1,7504,7504.0
10733,1,7525,7525.0
10734,1,7490,7490.0
10735,1,7511,7511.0
10736,1,7511,7511.0
10737,1,7504,7504.0
10738,1,7497,7497.0
10739,1,7511,7511.0
10740,1,7518,7518.0
10741,1,7511,7511.0
10742,1,7518,7518.0
10743,1,7511,7511.0
10744,1,7518,7518.0
10745,1,7511,7511.0
10746,1,7511,7511.0
10747,1,7525,7525.0
10748,1,7525,7525.0
10749,1,7518,7518.0
10750,1,7539,7539.0
10751,1,7539,7539.0
10752,1,7539,7539.0
10753,1,7539,7539.0
10754,1,7539,7539.0
10755,1,7539,7539.0
10756,1,7553,7553.0
10757,1,7532,7532.0
10758,1,7546,7546.0
10759,1,7539,7539.0
10760,1,7532,7532.0
10761,1,7511,7511.0
10762,1,7539,7539.0
10763,1,7532,7532.0
10764,1,7532,7532.0
10765,1,7546,7546.0
10766,1,7532,7532.0
10767,1,7546,7546.0
10768,1,7546,7546.0
10769,1,7553,7553.0
10770,1,7567,7567.0
10771,1,7567,7567.0
10772,1,7539,7539.0
10773,1,7539,7539.0
10774,1,7539,7539.0
10775,1,7532,7532.0
10776,1,7518,7518.0
10777,1,7525,7525.0
10778,1,7539,7539.0
10779,1,7567,7567.0
10780,1,7567,7567.0
10781,1,7560,7560.0
10782,1,7539,7539.0
10783,1,7546,7546.0
10784,1,7532,7532.0
10785,1,7546,7546.0
10786,1,7553,7553.0
10787,1,7539,7539.0
10788,1,7518,7518.0
10789,1,7511,7511.0
10790,1,7504,7504.0
10791,1,7511,7511.0
10792,1,7518,7518.0
10793,1,7518,7518.0
10794,1,7511,7511.0
10795,1,7518,7518.0
10796,1,7518,7518.0
10797,1,7511,7511.0
10798,1,7518,7518.0
10799,1,7504,7504.0
10800,1,7497,7497.0
10801,1,7476,7476.0
10802,1,7476,7476.0
10803,1,7511,7511.0
10804,1,7483,7483.0
10805,1,7497,7497.0
10806,1,7490,7490.0
10807,1,7504,7504.0
10808,1,7476,7476.0
10809,1,7483,7483.0
10810,1,7476,7476.0
10811,1,7476,7476.0
10812,1,7483,7483.0
10813,1,7476,7476.0
10814,1,7476,7476.0
10815,1,7469,7469.0
10816,1,7483,7483.0
10817,1,7476,7476.0
10818,1,7462,7462.0
10819,2,7511,3755.5
10820,2,7504,3752.0
10821,1,7483,7483.0
10822,1,7490,7490.0
10823,1,7483,7483.0
10824,1,7490,7490.0
10825,1,7511,7511.0
10826,1,7490,7490.0
10827,1,7518,7518.0
10828,1,7532,7532.0
10829,1,7497,7497.0
10830,1,7511,7511.0
10831,1,7511,7511.0
10832,1,7539,7539.0
10833,1,7525,7525.0
10834,1,7525,7525.0
10835,1,7518,7518.0
10836,1,7511,7511.0
10837,1,7504,7504.0
10838,1,7511,7511.0
10839,1,7525,7525.0
10840,2,7567,3783.5
10841,1,7525,7525.0
10842,1,7518,7518.0
10843,1,7532,7532.0
10844,2,7574,3787.0
10845,2,7567,3783.5
10846,2,7588,3794.0
10847,2,7588,3794.0
10848,2,7595,3797.5
10849,2,7595,3797.5
10850,2,7581,3790.5
10851,1,7546,7546.0
10852,2,7602,3801.0
10853,2,7595,3797.5
10854,2,7581,3790.5
10855,2,7588,3794.0
10856,2,7601,3800.5
10857,1,7553,7553.0
10858,1,7560,7560.0
10859,1,7567,7567.0
10860,2,7609,3804.5
10861,1,7567,7567.0
10862,1,7574,7574.0
10863,1,7560,7560.0
10864,1,7546,7546.0
10865,1,7546,7546.0
10866,1,7539,7539.0
10867,1,7539,7539.0
10868,1,7532,7532.0
10869,1,7539,7539.0
10870,1,7546,7546.0
10871,1,7532,7532.0
10872,1,7525,7525.0
10873,1,7525,7525.0
10874,1,7525,7525.0
10875,1,7518,7518.0
10876,1,7539,7539.0
10877,1,7553,7553.0
10878,1,7532,7532.0
10879,1,7546,7546.0
10880,1,7525,7525.0
10881,1,7525,7525.0
10882,1,7539,7539.0
10883,1,7546,7546.0
10884,1,7539,7539.0
10885,1,7546,7546.0
10886,1,7546,7546.0
10887,1,7546,7546.0
10888,1,7581,7581.0
10889,1,7574,7574.0
10890,1,7581,7581.0
10891,1,7574,7574.0
10892,1,7567,7567.0
10893,1,7574,7574.0
10894,1,7560,7560.0
10895,1,7567,7567.0
10896,1,7567,7567.0
10897,1,7567,7567.0
10898,1,7574,7574.0
10899,1,7581,7581.0
10900,1,7581,7581.0
10901,1,7553,7553.0
10902,1,7560,7560.0
10903,1,7567,7567.0
10904,1,7546,7546.0
10905,1,7546,7546.0
10906,1,7532,7532.0
10907,1,7497,7497.0
10908,1,7518,7518.0
10909,1,7546,7546.0
10910,1,7553,7553.0
10911,1,7518,7518.0
10912,1,7511,7511.0
10913,1,7511,7511.0
10914,1,7511,7511.0
10915,1,7532,7532.0
10916,1,7525,7525.0
10917,1,7518,7518.0
10918,1,7560,7560.0
10919,1,7560,7560.0
10920,1,7553,7553.0
10921,1,7539,7539.0
10922,1,7525,7525.0
10923,1,7539,7539.0
10924,1,7553,7553.0
10925,1,7504,7504.0
10926,1,7539,7539.0
10927,1,7490,7490.0
10928,1,7511,7511.0
10929,1,7518,7518.0
10930,1,7518,7518.0
10931,1,7532,7532.0
10932,1,7518,7518.0
10933,1,7525,7525.0
10934,1,7532,7532.0
10935,1,7511,7511.0
10936,1,7511,7511.0
10937,1,7518,7518.0
10938,1,7511,7511.0
10939,1,7518,7518.0
10940,1,7518,7518.0
10941,1,7511,7511.0
10942,1,7525,7525.0
10943,1,7525,7525.0
10944,1,7525,7525.0
10945,1,7525,7525.0
10946,1,7525,7525.0
10947,1,7525,7525.0
10948,1,7539,7539.0
10949,1,7532,7532.0
10950,1,7539,7539.0
10951,1,7525,7525.0
10952,1,7532,7532.0
10953,2,7581,3790.5
10954,2,7574,3787.0
10955,2,7595,3797.5
10956,2,7588,3794.0
10957,2,7574,3787.0
10958,1,7546,7546.0
10959,2,7574,3787.0
10960,2,7539,3769.5
10961,2,7574,3787.0
10962,2,7553,3776.5
10963,2,7574,3787.0
10964,2,7567,3783.5
10965,2,7567,3783.5
10966,1,7567,7567.0
10967,1,7553,7553.0
10968,1,7539,7539.0
10969,1,7525,7525.0
10970,1,7567,7567.0
10971,1,7581,7581.0
10972,1,7553,7553.0
10973,1,7567,7567.0
10974,1,7567,7567.0
10975,1,7553,7553.0
10976,1,7560,7560.0
10977,1,7546,7546.0
10978,1,7553,7553.0
10979,1,7567,7567.0
10980,1,7567,7567.0
10981,1,7560,7560.0
10982,1,7560,7560.0
10983,1,7574,7574.0
10984,1,7553,7553.0
10985,1,7560,7560.0
10986,1,7581,7581.0
10987,1,7574,7574.0
10988,1,7574,7574.0
10989,1,7574,7574.0
10990,1,7581,7581.0
10991,1,7588,7588.0
10992,1,7602,7602.0
10993,1,7595,7595.0
10994,1,7609,7609.0
10995,1,7595,7595.0
10996,1,7588,7588.0
10997,1,7595,7595.0
10998,1,7581,7581.0
10999,1,7581,7581.0
11000,1,7588,7588.0
11001,1,7567,7567.0
11002,1,7567,7567.0
11003,1,7574,7574.0
11004,1,7560,7560.0
11005,1,7574,7574.0
11006,1,7539,7539.0
11007,1,7553,7553.0
11008,1,7560,7560.0
11009,1,7567,7567.0
11010,1,7553,7553.0
11011,2,7623,3811.5
11012,2,7630,3815.0
11013,2,7623,3811.5
11014,2,7623,3811.5
11015,2,7623,3811.5
11016,2,7630,3815.0
11017,2,7609,3804.5
11018,2,7623,3811.5
11019,2,7623,3811.5
11020,2,7630,3815.0
11021,2,7637,3818.5
11022,2,7609,3804.5
11023,2,7623,3811.5
11024,2,7623,3811.5
11025,2,7623,3811.5
11026,2,7623,3811.5
11027,1,7581,7581.0
11028,2,7616,3808.0
11029,2,7588,3794.0
11030,1,7560,7560.0
11031,1,7553,7553.0
11032,1,7567,7567.0
11033,1,7588,7588.0
11034,1,7581,7581.0
11035,1,7588,7588.0
11036,1,7567,7567.0
11037,1,7560,7560.0
11038,1,7525,7525.0
11039,1,7574,7574.0
11040,2,7609,3804.5
11041,2,7602,3801.0
11042,2,7602,3801.0
11043,2,7574,3787.0
11044,2,7581,3790.5
11045,2,7581,3790.5
11046,2,7581,3790.5
11047,2,7581,3790.5
11048,1,7567,7567.0
11049,1,7560,7560.0
11050,2,7588,3794.0
11051,2,7588,3794.0
11052,1,7553,7553.0
11053,2,7574,3787.0
11054,2,7588,3794.0
11055,2,7602,3801.0
11056,2,7595,3797.5
11057,2,7588,3794.0
11058,2,7588,3794.0
11059,2,7588,3794.0
11060,2,7595,3797.5
11061,2,7609,3804.5
11062,2,7609,3804.5
11063,2,7595,3797.5
11064,2,7574,3787.0
11065,1,7539,7539.0
11066,1,7553,7553.0
11067,2,7595,3797.5
11068,1,7532,7532.0
11069,1,7560,7560.0
11070,1,7539,7539.0
11071,1,7539,7539.0
11072,1,7546,7546.0
11073,1,7546,7546.0
11074,1,7553,7553.0
11075,1,7560,7560.0
11076,2,7615,3807.5
11077,1,7553,7553.0
11078,1,7560,7560.0
11079,2,7630,3815.0
11080,1,7588,7588.0
11081,2,7602,3801.0
11082,2,7637,3818.5
11083,2,7602,3801.0
11084,2,7616,3808.0
11085,1,7539,7539.0
11086,1,7546,7546.0
11087,1,7553,7553.0
11088,1,7539,7539.0
11089,1,7532,7532.0
11090,1,7553,7553.0
11091,1,7553,7553.0
11092,1,7539,7539.0
11093,1,7539,7539.0
11094,1,7539,7539.0
11095,1,7553,7553.0
11096,1,7553,7553.0
11097,1,7532,7532.0
11098,1,7532,7532.0
11099,1,7532,7532.0
11100,2,7581,3790.5
11101,2,7581,3790.5
11102,2,7567,3783.5
11103,2,7567,3783.5
11104,1,7518,7518.0
11105,1,7525,7525.0
11106,1,7532,7532.0
11107,1,7525,7525.0
11108,1,7504,7504.0
11109,1,7511,7511.0
11110,1,7504,7504.0
11111,1,7504,7504.0
11112,1,7490,7490.0
11113,1,7497,7497.0
11114,1,7497,7497.0
11115,1,7504,7504.0
11116,1,7497,7497.0
11117,1,7504,7504.0
11118,1,7504,7504.0
11119,1,7511,7511.0
11120,1,7525,7525.0
11121,1,7518,7518.0
11122,1,7518,7518.0
11123,1,7525,7525.0
11124,1,7511,7511.0
11125,1,7511,7511.0
11126,1,7532,7532.0
11127,1,7511,7511.0
11128,1,7504,7504.0
11129,1,7518,7518.0
11130,1,7518,7518.0
11131,1,7511,7511.0
11132,1,7504,7504.0
11133,1,7504,7504.0
11134,1,7504,7504.0
11135,1,7504,7504.0
11136,1,7511,7511.0
11137,1,7511,7511.0
11138,1,7532,7532.0
11139,1,7539,7539.0
11140,1,7539,7539.0
11141,1,7539,7539.0
11142,1,7525,7525.0
11143,1,7518,7518.0
11144,1,7525,7525.0
11145,1,7525,7525.0
11146,1,7525,7525.0
11147,1,7518,7518.0
11148,1,7511,7511.0
11149,1,7525,7525.0
11150,1,7525,7525.0
11151,1,7532,7532.0
11152,1,7518,7518.0
11153,1,7518,7518.0
11154,1,7497,7497.0
11155,1,7504,7504.0
11156,1,7504,7504.0
11157,1,7504,7504.0
11158,1,7511,7511.0
11159,1,7525,7525.0
11160,1,7518,7518.0
11161,1,7511,7511.0
11162,1,7525,7525.0
11163,1,7525,7525.0
11164,1,7497,7497.0
11165,1,7511,7511.0
11166,1,7504,7504.0
11167,1,7518,7518.0
11168,1,7525,7525.0
11169,1,7525,7525.0
11170,1,7525,7525.0
11171,1,7539,7539.0
11172,1,7532,7532.0
11173,1,7532,7532.0
11174,1,7532,7532.0
11175,1,7518,7518.0
11176,1,7518,7518.0
11177,1,7518,7518.0
11178,1,7532,7532.0
11179,1,7525,7525.0
11180,1,7511,7511.0
11181,1,7518,7518.0
11182,1,7525,7525.0
11183,1,7511,7511.0
11184,1,7532,7532.0
11185,1,7504,7504.0
11186,1,7539,7539.0
11187,1,7525,7525.0
11188,2,7560,3780.0
11189,1,7504,7504.0
11190,1,7497,7497.0
11191,1,7525,7525.0
11192,1,7532,7532.0
11193,2,7574,3787.0
11194,2,7567,3783.5
11195,1,7490,7490.0
11196,1,7490,7490.0
11197,1,7511,7511.0
11198,1,7511,7511.0
11199,1,7511,7511.0
11200,1,7518,7518.0
11201,2,7546,3773.0
11202,1,7497,7497.0
11203,1,7504,7504.0
11204,1,7518,7518.0
11205,1,7511,7511.0
11206,1,7532,7532.0
11207,1,7546,7546.0
11208,1,7525,7525.0
11209,2,7546,3773.0
11210,2,7546,3773.0
11211,2,7525,3762.5
11212,2,7546,3773.0
11213,2,7546,3773.0
11214,2,7539,3769.5
11215,2,7532,3766.0
11216,1,7525,7525.0
11217,2,7560,3780.0
11218,1,7518,7518.0
11219,1,7504,7504.0
11220,1,7497,7497.0
11221,1,7497,7497.0
11222,1,7483,7483.0
11223,1,7504,7504.0
11224,1,7483,7483.0
11225,1,7490,7490.0
11226,2,7511,3755.5
11227,2,7504,3752.0
11228,2,7511,3755.5
11229,1,7483,7483.0
11230,1,7476,7476.0
11231,1,7469,7469.0
11232,1,7469,7469.0
11233,1,7469,7469.0
11234,1,7469,7469.0
11235,1,7525,7525.0
11236,1,7511,7511.0
11237,1,7511,7511.0
11238,1,7483,7483.0
11239,1,7476,7476.0
11240,1,7504,7504.0
11241,1,7504,7504.0
11242,1,7511,7511.0
11243,1,7476,7476.0
11244,1,7497,7497.0
11245,1,7504,7504.0
11246,1,7511,7511.0
11247,1,7504,7504.0
11248,1,7511,7511.0
11249,1,7504,7504.0
11250,1,7504,7504.0
11251,1,7504,7504.0
11252,1,7511,7511.0
11253,1,7504,7504.0
11254,1,7497,7497.0
11255,1,7511,7511.0
11256,1,7497,7497.0
11257,1,7504,7504.0
11258,1,7497,7497.0
11259,1,7490,7490.0
11260,1,7490,7490.0
11261,1,7483,7483.0
11262,1,7469,7469.0
11263,1,7497,7497.0
11264,1,7490,7490.0
11265,1,7490,7490.0
11266,1,7469,7469.0
11267,1,7455,7455.0
11268,1,7469,7469.0
11269,1,7462,7462.0
11270,1,7476,7476.0
11271,1,7490,7490.0
11272,1,7455,7455.0
11273,1,7476,7476.0
11274,1,7469,7469.0
11275,1,7469,7469.0
11276,1,7483,7483.0
11277,1,7483,7483.0
11278,1,7476,7476.0
11279,1,7476,7476.0
11280,1,7483,7483.0
11281,1,7476,7476.0
11282,1,7483,7483.0
11283,1,7462,7462.0
11284,1,7483,7483.0
11285,1,7448,7448.0
11286,2,7504,3752.0
11287,2,7504,3752.0
11288,1,7469,7469.0
11289,1,7476,7476.0
11290,1,7476,7476.0
11291,1,7476,7476.0
11292,1,7469,7469.0
11293,1,7469,7469.0
11294,1,7462,7462.0
11295,1,7476,7476.0
11296,1,7483,7483.0
11297,1,7476,7476.0
11298,1,7455,7455.0
11299,1,7448,7448.0
11300,1,7455,7455.0
11301,1,7455,7455.0
11302,1,7462,7462.0
11303,1,7469,7469.0
11304,1,7462,7462.0
11305,1,7462,7462.0
11306,1,7455,7455.0
11307,2,7504,3752.0
11308,1,7469,7469.0
11309,1,7455,7455.0
11310,1,7469,7469.0
11311,1,7469,7469.0
11312,1,7469,7469.0
11313,1,7476,7476.0
11314,1,7469,7469.0
11315,1,7476,7476.0
11316,1,7462,7462.0
11317,1,7469,7469.0
11318,1,7469,7469.0
11319,1,7462,7462.0
11320,1,7476,7476.0
11321,1,7483,7483.0
11322,1,7483,7483.0
11323,1,7483,7483.0
11324,1,7483,7483.0
11325,1,7448,7448.0
11326,1,7441,7441.0
11327,1,7441,7441.0
11328,1,7476,7476.0
11329,1,7476,7476.0
11330,1,7483,7483.0
11331,1,7483,7483.0
11332,2,7511,3755.5
11333,1,7483,7483.0
11334,1,7483,7483.0
11335,2,7504,3752.0
11336,2,7511,3755.5
11337,2,7518,3759.0
11338,2,7525,3762.5
11339,2,7518,3759.0
11340,1,7462,7462.0
11341,1,7469,7469.0
11342,1,7476,7476.0
11343,1,7483,7483.0
11344,1,7497,7497.0
11345,2,7511,3755.5
11346,2,7525,3762.5
11347,2,7497,3748.5
11348,2,7518,3759.0
11349,1,7490,7490.0
11350,1,7483,7483.0
11351,1,7497,7497.0
11352,2,7525,3762.5
11353,2,7532,3766.0
11354,2,7525,3762.5
11355,1,7497,7497.0
11356,1,7504,7504.0
11357,1,7504,7504.0
11358,1,7490,7490.0
11359,1,7490,7490.0
11360,1,7483,7483.0
11361,1,7497,7497.0
11362,1,7490,7490.0
11363,1,7483,7483.0
11364,1,7483,7483.0
11365,1,7476,7476.0
11366,1,7497,7497.0
11367,1,7476,7476.0
11368,1,7469,7469.0
11369,1,7476,7476.0
11370,1,7469,7469.0
11371,1,7469,7469.0
11372,1,7476,7476.0
11373,1,7476,7476.0
11374,1,7476,7476.0
11375,1,7476,7476.0
11376,1,7469,7469.0
11377,1,7490,7490.0
11378,1,7469,7469.0
11379,1,7476,7476.0
11380,1,7462,7462.0
11381,1,7469,7469.0
11382,1,7469,7469.0
11383,1,7455,7455.0
11384,1,7469,7469.0
11385,1,7476,7476.0
11386,1,7476,7476.0
11387,1,7476,7476.0
11388,1,7476,7476.0
11389,1,7462,7462.0
11390,1,7483,7483.0
11391,1,7483,7483.0
11392,1,7462,7462.0
11393,1,7455,7455.0
11394,1,7448,7448.0
11395,1,7448,7448.0
11396,1,7434,7434.0
11397,1,7455,7455.0
11398,1,7434,7434.0
11399,1,7448,7448.0
11400,1,7434,7434.0
11401,1,7448,7448.0
11402,1,7434,7434.0
11403,1,7434,7434.0
11404,1,7448,7448.0
11405,1,7469,7469.0
11406,1,7434,7434.0
11407,1,7434,7434.0
11408,1,7441,7441.0
11409,1,7448,7448.0
11410,1,7441,7441.0
11411,1,7455,7455.0
11412,1,7441,7441.0
11413,1,7413,7413.0
11414,1,7448,7448.0
11415,1,7427,7427.0
11416,1,7441,7441.0
11417,1,7434,7434.0
11418,1,7434,7434.0
11419,1,7427,7427.0
11420,1,7427,7427.0
11421,1,7420,7420.0
11422,1,7420,7420.0
11423,1,7427,7427.0
11424,1,7420,7420.0
11425,1,7434,7434.0
11426,2,7441,3720.5
11427,1,7434,7434.0
11428,1,7434,7434.0
11429,2,7462,3731.0
11430,2,7462,3731.0
11431,2,7469,3734.5
11432,1,7413,7413.0
11433,1,7413,7413.0
11434,1,7413,7413.0
11435,1,7413,7413.0
11436,1,7441,7441.0
11437,1,7434,7434.0
11438,1,7427,7427.0
11439,1,7434,7434.0
11440,1,7434,7434.0
11441,1,7434,7434.0
11442,1,7413,7413.0
11443,1,7413,7413.0
11444,1,7420,7420.0
11445,1,7413,7413.0
11446,1,7420,7420.0
11447,1,7420,7420.0
11448,1,7413,7413.0
11449,1,7413,7413.0
11450,1,7413,7413.0
11451,1,7441,7441.0
11452,1,7420,7420.0
11453,1,7441,7441.0
11454,1,7434,7434.0
11455,1,7420,7420.0
11456,1,7413,7413.0
11457,1,7441,7441.0
11458,1,7462,7462.0
11459,1,7448,7448.0
11460,1,7434,7434.0
11461,1,7462,7462.0
11462,1,7434,7434.0
11463,1,7434,7434.0
11464,1,7441,7441.0
11465,1,7455,7455.0
11466,1,7462,7462.0
11467,1,7462,7462.0
11468,1,7448,7448.0
11469,1,7441,7441.0
11470,1,7427,7427.0
11471,1,7441,7441.0
11472,1,7448,7448.0
11473,1,7427,7427.0
11474,1,7406,7406.0
11475,1,7448,7448.0
11476,2,7448,3724.0
11477,2,7448,3724.0
11478,1,7406,7406.0
11479,1,7385,7385.0
11480,1,7434,7434.0
11481,1,7399,7399.0
11482,1,7420,7420.0
11483,1,7427,7427.0
11484,2,7469,3734.5
11485,2,7455,3727.5
11486,2,7455,3727.5
11487,2,7469,3734.5
11488,2,7434,3717.0
11489,2,7455,3727.5
11490,1,7420,7420.0
11491,1,7427,7427.0
11492,1,7413,7413.0
11493,1,7406,7406.0
11494,1,7399,7399.0
11495,1,7371,7371.0
11496,1,7371,7371.0
11497,1,7378,7378.0
11498,1,7371,7371.0
11499,1,7385,7385.0
11500,1,7392,7392.0
11501,1,7385,7385.0
11502,1,7357,7357.0
11503,1,7406,7406.0
11504,1,7392,7392.0
11505,1,7406,7406.0
11506,1,7406,7406.0
11507,1,7420,7420.0
11508,1,7420,7420.0
11509,1,7420,7420.0
11510,1,7413,7413.0
11511,1,7406,7406.0
11512,1,7385,7385.0
11513,1,7392,7392.0
11514,2,7413,3706.5
11515,2,7434,3717.0
11516,1,7399,7399.0
11517,2,7441,3720.5
11518,2,7448,3724.0
11519,2,7427,3713.5
11520,2,7427,3713.5
11521,2,7448,3724.0
11522,2,7441,3720.5
11523,2,7441,3720.5
11524,2,7448,3724.0
11525,1,7427,7427.0
11526,1,7420,7420.0
11527,1,7420,7420.0
11528,2,7455,3727.5
11529,2,7448,3724.0
11530,2,7441,3720.5
11531,3,7504,2501.3
11532,2,7462,3731.0
11533,2,7490,3745.0
11534,2,7476,3738.0
11535,1,7413,7413.0
11536,2,7462,3731.0
11537,1,7413,7413.0
11538,1,7413,7413.0
11539,2,7483,3741.5
11540,2,7504,3752.0
11541,2,7497,3748.5
11542,2,7483,3741.5
11543,2,7469,3734.5
11544,2,7462,3731.0
11545,2,7490,3745.0
11546,2,7476,3738.0
11547,1,7483,7483.0
11548,1,7469,7469.0
11549,1,7490,7490.0
11550,1,7476,7476.0
11551,1,7462,7462.0
11552,1,7462,7462.0
11553,1,7483,7483.0
11554,1,7448,7448.0
11555,1,7448,7448.0
11556,1,7434,7434.0
11557,1,7441,7441.0
11558,1,7441,7441.0
11559,1,7434,7434.0
11560,1,7448,7448.0
11561,1,7441,7441.0
11562,1,7448,7448.0
11563,1,7441,7441.0
11564,1,7448,7448.0
11565,1,7441,7441.0
11566,1,7462,7462.0
11567,1,7448,7448.0
11568,1,7441,7441.0
11569,1,7434,7434.0
11570,1,7441,7441.0
11571,1,7441,7441.0
11572,1,7441,7441.0
11573,1,7441,7441.0
11574,1,7448,7448.0
11575,1,7455,7455.0
11576,1,7448,7448.0
11577,2,7483,3741.5
11578,1,7469,7469.0
11579,1,7469,7469.0
11580,1,7476,7476.0
11581,2,7511,3755.5
11582,1,7469,7469.0
11583,1,7455,7455.0
11584,1,7490,7490.0
11585,1,7476,7476.0
11586,1,7462,7462.0
11587,1,7483,7483.0
11588,2,7532,3766.0
11589,2,7532,3766.0
11590,1,7504,7504.0
11591,1,7483,7483.0
11592,2,7525,3762.5
11593,1,7469,7469.0
11594,1,7504,7504.0
11595,1,7532,7532.0
11596,1,7469,7469.0
11597,1,7469,7469.0
11598,1,7483,7483.0
11599,1,7462,7462.0
11600,1,7469,7469.0
11601,1,7490,7490.0
11602,1,7490,7490.0
11603,1,7483,7483.0
11604,1,7490,7490.0
11605,1,7476,7476.0
11606,1,7469,7469.0
11607,1,7490,7490.0
11608,1,7462,7462.0
11609,1,7497,7497.0
11610,1,7476,7476.0
11611,1,7504,7504.0
11612,1,7490,7490.0
11613,1,7490,7490.0
11614,1,7483,7483.0
11615,1,7490,7490.0
11616,1,7497,7497.0
11617,1,7483,7483.0
11618,1,7504,7504.0
11619,1,7483,7483.0
11620,1,7483,7483.0
11621,1,7490,7490.0
11622,1,7497,7497.0
11623,1,7476,7476.0
11624,1,7518,7518.0
11625,1,7511,7511.0
11626,1,7525,7525.0
11627,1,7497,7497.0
11628,1,7511,7511.0
11629,1,7497,7497.0
11630,1,7511,7511.0
11631,1,7497,7497.0
11632,1,7504,7504.0
11633,1,7511,7511.0
11634,1,7490,7490.0
11635,1,7497,7497.0
11636,1,7490,7490.0
11637,2,7546,3773.0
11638,1,7518,7518.0
11639,2,7553,3776.5
11640,1,7511,7511.0
11641,1,7518,7518.0
11642,1,7504,7504.0
11643,1,7497,7497.0
11644,1,7511,7511.0
11645,1,7504,7504.0
11646,3,7567,2522.3
11647,2,7518,3759.0
11648,3,7553,2517.7
11649,2,7546,3773.0
11650,3,7574,2524.7
11651,2,7539,3769.5
11652,3,7567,2522.3
11653,3,7553,2517.7
11654,3,7567,2522.3
11655,3,7567,2522.3
11656,3,7560,2520.0
11657,3,7560,2520.0
11658,3,7553,2517.7
11659,2,7525,3762.5
11660,3,7574,2524.7
11661,3,7588,2529.3
11662,2,7567,3783.5
11663,1,7539,7539.0
11664,2,7553,3776.5
11665,1,7518,7518.0
11666,2,7553,3776.5
11667,1,7518,7518.0
11668,2,7546,3773.0
11669,1,7532,7532.0
11670,1,7532,7532.0
11671,2,7560,3780.0
11672,1,7525,7525.0
11673,1,7497,7497.0
11674,1,7511,7511.0
11675,1,7518,7518.0
11676,1,7525,7525.0
11677,1,7525,7525.0
11678,1,7525,7525.0
11679,1,7525,7525.0
11680,1,7511,7511.0
11681,1,7511,7511.0
11682,1,7490,7490.0
11683,1,7497,7497.0
11684,1,7504,7504.0
11685,1,7490,7490.0
11686,1,7511,7511.0
11687,1,7511,7511.0
11688,1,7497,7497.0
11689,2,7546,3773.0
11690,2,7574,3787.0
11691,2,7567,3783.5
11692,2,7567,3783.5
11693,2,7567,3783.5
11694,2,7574,3787.0
11695,2,7553,3776.5
11696,2,7588,3794.0
11697,1,7553,7553.0
11698,1,7546,7546.0
11699,1,7546,7546.0
11700,1,7553,7553.0
11701,1,7553,7553.0
11702,1,7539,7539.0
11703,2,7588,3794.0
11704,1,7567,7567.0
11705,1,7567,7567.0
11706,1,7581,7581.0
11707,1,7546,7546.0
11708,1,7546,7546.0
11709,1,7532,7532.0
11710,1,7546,7546.0
11711,1,7560,7560.0
11712,1,7567,7567.0
11713,1,7567,7567.0
11714,1,7574,7574.0
11715,1,7588,7588.0
11716,1,7588,7588.0
11717,1,7595,7595.0
11718,1,7581,7581.0
11719,1,7581,7581.0
11720,1,7588,7588.0
11721,1,7588,7588.0
11722,1,7602,7602.0
11723,1,7616,7616.0
11724,1,7595,7595.0
11725,1,7595,7595.0
11726,1,7581,7581.0
11727,1,7602,7602.0
11728,1,7602,7602.0
11729,1,7595,7595.0
11730,1,7630,7630.0
11731,1,7616,7616.0
11732,1,7630,7630.0
11733,1,7630,7630.0
11734,1,7623,7623.0
11735,1,7616,7616.0
11736,1,7574,7574.0
11737,1,7574,7574.0
11738,1,7588,7588.0
11739,1,7595,7595.0
11740,1,7595,7595.0
11741,1,7602,7602.0
11742,1,7588,7588.0
11743,1,7588,7588.0
11744,1,7588,7588.0
11745,1,7588,7588.0
11746,1,7574,7574.0
11747,1,7588,7588.0
11748,1,7560,7560.0
11749,1,7567,7567.0
11750,1,7567,7567.0
11751,1,7560,7560.0
11752,1,7588,7588.0
11753,1,7553,7553.0
11754,1,7553,7553.0
11755,1,7553,7553.0
11756,1,7574,7574.0
11757,1,7574,7574.0
11758,1,7581,7581.0
11759,1,7581,7581.0
11760,1,7560,7560.0
11761,1,7525,7525.0
11762,1,7504,7504.0
11763,1,7511,7511.0
11764,1,7511,7511.0
11765,1,7511,7511.0
11766,1,7525,7525.0
11767,1,7525,7525.0
11768,1,7525,7525.0
11769,1,7525,7525.0
11770,1,7546,7546.0
11771,1,7532,7532.0
11772,1,7539,7539.0
11773,1,7539,7539.0
11774,1,7539,7539.0
11775,1,7532,7532.0
11776,1,7532,7532.0
11777,1,7525,7525.0
11778,1,7539,7539.0
11779,1,7539,7539.0
11780,1,7539,7539.0
11781,1,7539,7539.0
11782,1,7539,7539.0
11783,1,7525,7525.0
11784,1,7532,7532.0
11785,1,7532,7532.0
11786,1,7511,7511.0
11787,1,7539,7539.0
11788,1,7532,7532.0
11789,1,7539,7539.0
11790,1,7511,7511.0
11791,1,7525,7525.0
11792,1,7511,7511.0
11793,1,7518,7518.0
11794,1,7518,7518.0
11795,1,7546,7546.0
11796,1,7560,7560.0
11797,1,7546,7546.0
11798,1,7553,7553.0
11799,1,7567,7567.0
11800,1,7553,7553.0
11801,1,7539,7539.0
11802,1,7553,7553.0
11803,1,7539,7539.0
11804,1,7560,7560.0
11805,1,7553,7553.0
11806,1,7560,7560.0
11807,1,7560,7560.0
11808,1,7560,7560.0
11809,1,7567,7567.0
11810,1,7567,7567.0
11811,1,7560,7560.0
11812,1,7560,7560.0
11813,1,7567,7567.0
11814,1,7553,7553.0
11815,1,7567,7567.0
11816,1,7588,7588.0
11817,1,7588,7588.0
11818,1,7581,7581.0
11819,1,7609,7609.0
11820,1,7616,7616.0
11821,1,7581,7581.0
11822,1,7567,7567.0
11823,1,7595,7595.0
11824,1,7616,7616.0
11825,1,7616,7616.0
11826,1,7602,7602.0
11827,1,7602,7602.0
11828,1,7588,7588.0
11829,1,7595,7595.0
11830,1,7602,7602.0
11831,2,7637,3818.5
11832,1,7574,7574.0
11833,1,7581,7581.0
11834,1,7588,7588.0
11835,1,7595,7595.0
11836,1,7595,7595.0
11837,1,7574,7574.0
11838,1,7581,7581.0
11839,1,7567,7567.0
11840,1,7567,7567.0
11841,1,7553,7553.0
11842,1,7532,7532.0
11843,1,7560,7560.0
11844,1,7567,7567.0
11845,1,7567,7567.0
11846,1,7546,7546.0
11847,1,7546,7546.0
11848,1,7546,7546.0
11849,1,7560,7560.0
11850,1,7546,7546.0
11851,1,7539,7539.0
11852,1,7546,7546.0
11853,1,7546,7546.0
11854,1,7546,7546.0
11855,1,7553,7553.0
11856,1,7567,7567.0
11857,1,7546,7546.0
11858,1,7560,7560.0
11859,1,7567,7567.0
11860,1,7546,7546.0
11861,1,7532,7532.0
11862,1,7532,7532.0
11863,1,7539,7539.0
11864,1,7518,7518.0
11865,1,7504,7504.0
11866,1,7511,7511.0
11867,1,7518,7518.0
11868,1,7532,7532.0
11869,1,7525,7525.0
11870,1,7518,7518.0
11871,1,7539,7539.0
11872,1,7525,7525.0
11873,1,7539,7539.0
11874,1,7546,7546.0
11875,1,7525,7525.0
11876,1,7525,7525.0
11877,1,7539,7539.0
11878,1,7539,7539.0
11879,1,7546,7546.0
11880,1,7532,7532.0
11881,1,7518,7518.0
11882,1,7525,7525.0
11883,1,7539,7539.0
11884,1,7518,7518.0
11885,1,7497,7497.0
11886,1,7511,7511.0
11887,1,7525,7525.0
11888,1,7518,7518.0
11889,1,7525,7525.0
11890,1,7525,7525.0
11891,1,7525,7525.0
11892,1,7518,7518.0
11893,1,7518,7518.0
11894,1,7532,7532.0
11895,1,7518,7518.0
11896,1,7504,7504.0
11897,1,7518,7518.0
11898,1,7525,7525.0
11899,1,7525,7525.0
11900,1,7518,7518.0
11901,1,7539,7539.0
11902,1,7539,7539.0
11903,1,7511,7511.0
11904,1,7497,7497.0
11905,1,7518,7518.0
11906,1,7525,7525.0
11907,1,7518,7518.0
11908,1,7525,7525.0
11909,1,7539,7539.0
11910,1,7532,7532.0
11911,1,7518,7518.0
11912,1,7518,7518.0
11913,1,7518,7518.0
11914,1,7518,7518.0
11915,1,7511,7511.0
11916,1,7504,7504.0
11917,1,7497,7497.0
11918,1,7497,7497.0
11919,1,7518,7518.0
11920,1,7511,7511.0
11921,1,7546,7546.0
11922,1,7518,7518.0
11923,1,7504,7504.0
11924,1,7483,7483.0
11925,1,7497,7497.0
11926,1,7546,7546.0
11927,1,7532,7532.0
11928,1,7511,7511.0
11929,1,7518,7518.0
11930,1,7525,7525.0
11931,1,7511,7511.0
11932,1,7525,7525.0
11933,1,7518,7518.0
11934,1,7532,7532.0
11935,1,7532,7532.0
11936,1,7525,7525.0
11937,1,7532,7532.0
11938,1,7504,7504.0
11939,1,7511,7511.0
11940,1,7511,7511.0
11941,1,7497,7497.0
11942,1,7504,7504.0
11943,1,7518,7518.0
11944,1,7504,7504.0
11945,1,7511,7511.0
11946,1,7532,7532.0
11947,1,7525,7525.0
11948,1,7539,7539.0
11949,1,7546,7546.0
11950,1,7539,7539.0
11951,1,7539,7539.0
11952,1,7553,7553.0
11953,1,7553,7553.0
11954,1,7553,7553.0
11955,1,7553,7553.0
11956,1,7546,7546.0
11957,1,7546,7546.0
11958,1,7567,7567.0
11959,1,7574,7574.0
11960,1,7574,7574.0
11961,1,7574,7574.0
11962,1,7560,7560.0
11963,1,7560,7560.0
11964,1,7560,7560.0
11965,1,7581,7581.0
11966,1,7581,7581.0
11967,1,7588,7588.0
11968,1,7581,7581.0
11969,1,7588,7588.0
11970,1,7588,7588.0
11971,1,7595,7595.0
11972,1,7588,7588.0
11973,1,7567,7567.0
11974,1,7567,7567.0
11975,1,7567,7567.0
11976,1,7560,7560.0
11977,1,7553,7553.0
11978,1,7553,7553.0
11979,1,7560,7560.0
11980,1,7560,7560.0
11981,1,7546,7546.0
11982,1,7532,7532.0
11983,1,7525,7525.0
11984,1,7546,7546.0
11985,1,7532,7532.0
11986,1,7553,7553.0
11987,1,7546,7546.0
11988,1,7539,7539.0
11989,1,7539,7539.0
11990,1,7539,7539.0
11991,1,7539,7539.0
11992,1,7560,7560.0
11993,1,7567,7567.0
11994,1,7574,7574.0
11995,1,7574,7574.0
11996,1,7567,7567.0
11997,1,7560,7560.0
11998,1,7567,7567.0
11999,1,7574,7574.0
12000,1,7567,7567.0
